sym,P,t,opn,pos,tH,tL,first,closeAbovePH,closeBelowPL,closeUpper,after,after_mid
ETHUSDT,W,2020-01-06,верх. половина,0.7699757869249396,True,False,H,True,False,True,cont,cont
ETHUSDT,W,2020-01-13,верх. половина,0.8894776684330048,True,False,H,True,False,True,cont,cont
ETHUSDT,W,2020-01-20,верх. половина,0.6636241610738255,False,False,-,False,False,True,,
ETHUSDT,W,2020-01-27,верх. половина,0.7715544367526733,True,False,H,True,False,True,cont,cont
ETHUSDT,W,2020-02-03,верх. половина,0.8219563687543981,True,False,H,True,False,True,cont,cont
ETHUSDT,W,2020-02-10,верх. половина,0.952587140073609,True,False,H,True,False,True,opp,opp
ETHUSDT,W,2020-02-17,верх. половина,0.5796595982142858,False,False,-,False,False,True,,
ETHUSDT,W,2020-02-24,верх. половина,0.728706624605679,False,True,L,False,True,False,cont,cont
ETHUSDT,W,2020-03-02,нижн. половина,0.11895910780669144,False,True,L,False,True,False,cont,cont
ETHUSDT,W,2020-03-09,нижн. половина,0.07422497785651012,True,True,L,False,True,False,,
ETHUSDT,W,2020-03-16,нижн. половина,0.16601750638689955,False,False,-,False,False,False,,
ETHUSDT,W,2020-03-23,нижн. половина,0.42153319383678894,False,False,-,False,False,False,,
ETHUSDT,W,2020-03-30,нижн. половина,0.22176759410801972,True,False,H,False,False,True,cont,cont
ETHUSDT,W,2020-04-06,верх. половина,0.7165898617511521,True,False,H,True,False,True,cont,cont
ETHUSDT,W,2020-04-13,нижн. половина,0.4808320950965826,True,False,H,True,False,True,cont,cont
ETHUSDT,W,2020-04-20,верх. половина,0.7664023071377074,True,False,H,True,False,True,cont,cont
ETHUSDT,W,2020-04-27,верх. половина,0.9242288110212639,True,False,H,True,False,True,cont,opp
ETHUSDT,W,2020-05-04,верх. половина,0.5377730981837326,False,True,L,False,True,False,cont,cont
ETHUSDT,W,2020-05-11,нижн. половина,0.24551971326164881,False,True,L,False,False,True,opp,opp
ETHUSDT,W,2020-05-18,верх. половина,0.9059434506635894,True,False,H,False,False,True,cont,cont
ETHUSDT,W,2020-05-25,нижн. половина,0.31613911684251594,True,False,H,True,False,True,cont,cont
ETHUSDT,W,2020-06-01,верх. половина,0.6814539769396133,True,False,H,False,False,True,cont,opp
ETHUSDT,W,2020-06-08,верх. половина,0.7154872389791181,False,False,-,False,False,False,,
ETHUSDT,W,2020-06-15,нижн. половина,0.25671990650564774,False,True,L,False,False,False,cont,opp
ETHUSDT,W,2020-06-22,верх. половина,0.5159137577002048,True,True,H,False,False,False,,
ETHUSDT,W,2020-06-29,нижн. половина,0.31658291457286447,False,False,-,False,False,False,,
ETHUSDT,W,2020-07-06,верх. половина,0.556983718937447,True,False,H,True,False,True,cont,cont
ETHUSDT,W,2020-07-13,верх. половина,0.7204884667571233,False,False,-,False,False,True,,
ETHUSDT,W,2020-07-20,верх. половина,0.5941475826972012,True,False,H,True,False,True,cont,cont
ETHUSDT,W,2020-07-27,верх. половина,0.8791908171383113,True,False,H,True,False,True,cont,cont
ETHUSDT,W,2020-08-03,верх. половина,0.6082925573010559,False,False,-,False,False,True,,
ETHUSDT,W,2020-08-10,верх. половина,0.6279768290066515,True,False,H,True,False,True,cont,cont
ETHUSDT,W,2020-08-17,верх. половина,0.8559226227860818,True,False,H,False,False,False,cont,opp
ETHUSDT,W,2020-08-24,нижн. половина,0.15942028985507245,False,True,L,False,False,True,opp,opp
ETHUSDT,W,2020-08-31,верх. половина,0.9807116727635522,True,True,H,False,True,False,,
ETHUSDT,W,2020-09-07,нижн. половина,0.24873598593097382,False,False,-,False,False,False,,
ETHUSDT,W,2020-09-14,верх. половина,0.6409609965890557,True,False,H,False,False,True,opp,opp
ETHUSDT,W,2020-09-21,нижн. половина,0.4097151576805701,False,True,L,False,False,False,opp,opp
ETHUSDT,W,2020-09-28,верх. половина,0.6929364589759411,False,False,-,False,False,True,,
ETHUSDT,W,2020-10-05,нижн. половина,0.4979412572055993,True,True,L,True,False,True,,
ETHUSDT,W,2020-10-12,верх. половина,0.9072719449225473,True,False,H,False,False,True,cont,cont
ETHUSDT,W,2020-10-19,верх. половина,0.5085959885386815,True,False,H,True,False,True,cont,opp
ETHUSDT,W,2020-10-26,верх. половина,0.7235087719298248,False,False,-,False,False,True,,
ETHUSDT,W,2020-11-02,верх. половина,0.625688073394495,True,True,L,True,False,True,,
ETHUSDT,W,2020-11-09,верх. половина,0.8496089833567275,True,False,H,False,False,True,cont,cont
ETHUSDT,W,2020-11-16,нижн. половина,0.3183023872679052,True,False,H,True,False,True,cont,cont
ETHUSDT,W,2020-11-23,верх. половина,0.8360989810771471,True,False,H,False,False,True,cont,cont
ETHUSDT,W,2020-11-30,верх. половина,0.6660208953158514,True,False,H,False,False,True,cont,opp
ETHUSDT,W,2020-12-07,верх. половина,0.5437639474336726,False,True,L,False,False,False,opp,opp
ETHUSDT,W,2020-12-14,верх. половина,0.8250034421038134,True,False,H,True,False,True,cont,opp
ETHUSDT,W,2020-12-21,верх. половина,0.6107376010912984,True,True,L,True,False,True,,
ETHUSDT,W,2020-12-28,верх. половина,0.8093520995696175,True,False,H,True,False,True,cont,cont
ETHUSDT,W,2021-01-04,верх. половина,0.8758661186142103,True,False,H,True,False,True,cont,cont
ETHUSDT,W,2021-01-11,верх. половина,0.7918693238066543,False,False,-,False,False,True,,
ETHUSDT,W,2021-01-18,верх. половина,0.8344296234178042,True,False,H,True,False,True,cont,cont
ETHUSDT,W,2021-01-25,верх. половина,0.8763526258314307,True,False,H,False,False,True,cont,cont
ETHUSDT,W,2021-02-01,нижн. половина,0.3887678791839102,True,False,H,True,False,True,cont,cont
ETHUSDT,W,2021-02-08,верх. половина,0.6878658058287576,True,False,H,True,False,True,cont,cont
ETHUSDT,W,2021-02-15,верх. половина,0.7605066206102473,True,False,H,True,False,True,opp,opp
ETHUSDT,W,2021-02-22,верх. половина,0.7136111111111109,False,True,L,False,True,False,opp,opp
ETHUSDT,W,2021-03-01,нижн. половина,0.1969335604770018,False,False,-,False,False,True,,
ETHUSDT,W,2021-03-08,верх. половина,0.9718837287823442,True,False,H,True,False,True,cont,opp
ETHUSDT,W,2021-03-15,верх. половина,0.6502189469187227,False,False,-,False,False,False,,
ETHUSDT,W,2021-03-22,нижн. половина,0.39489962018448177,False,True,L,False,True,False,opp,opp
ETHUSDT,W,2021-03-29,верх. половина,0.5497642647659352,True,False,H,True,False,True,cont,cont
ETHUSDT,W,2021-04-05,верх. половина,0.8464762958549662,True,False,H,True,False,True,cont,cont
ETHUSDT,W,2021-04-12,верх. половина,0.7982188475730916,True,True,H,True,False,True,,
ETHUSDT,W,2021-04-19,верх. половина,0.5135068912710569,True,False,H,False,False,True,cont,cont
ETHUSDT,W,2021-04-26,нижн. половина,0.45226816810235826,True,False,H,True,False,True,cont,cont
ETHUSDT,W,2021-05-03,верх. половина,0.9472459951722625,True,False,H,True,False,True,cont,cont
ETHUSDT,W,2021-05-10,верх. половина,0.9442238005508042,True,False,H,False,False,True,opp,opp
ETHUSDT,W,2021-05-17,нижн. половина,0.22633293896312942,False,True,L,False,True,False,-,cont
ETHUSDT,W,2021-05-24,нижн. половина,0.31830011846661205,False,False,-,False,False,False,,
ETHUSDT,W,2021-05-31,нижн. половина,0.3682374100719426,False,False,-,False,False,True,,
ETHUSDT,W,2021-06-07,верх. половина,0.7085393946228075,False,True,L,False,False,False,cont,opp
ETHUSDT,W,2021-06-14,нижн. половина,0.4259966679568515,False,True,L,False,True,False,cont,cont
ETHUSDT,W,2021-06-21,нижн. половина,0.33900673820813554,False,True,L,False,True,False,opp,opp
ETHUSDT,W,2021-06-28,верх. половина,0.5036476820719546,True,False,H,True,False,True,cont,cont
ETHUSDT,W,2021-07-05,верх. половина,0.842048918988108,True,False,H,False,False,False,opp,opp
ETHUSDT,W,2021-07-12,нижн. половина,0.2609863013698636,False,True,L,False,True,False,cont,cont
ETHUSDT,W,2021-07-19,нижн. половина,0.1523168680226334,True,True,L,True,False,True,,
ETHUSDT,W,2021-07-26,верх. половина,0.9796066252587994,True,False,H,True,False,True,cont,cont
ETHUSDT,W,2021-08-02,верх. половина,0.7371948998178502,True,False,H,True,False,True,cont,cont
ETHUSDT,W,2021-08-09,верх. половина,0.7593517696476604,True,False,H,True,False,True,cont,cont
ETHUSDT,W,2021-08-16,верх. половина,0.9426734529868741,True,False,H,False,False,True,cont,cont
ETHUSDT,W,2021-08-23,верх. половина,0.7411959287531805,True,False,H,False,False,True,cont,opp
ETHUSDT,W,2021-08-30,верх. половина,0.524078549848942,True,False,H,True,False,True,opp,opp
ETHUSDT,W,2021-09-06,верх. половина,0.9061807932353532,False,True,L,False,False,False,cont,opp
ETHUSDT,W,2021-09-13,нижн. половина,0.4580960516324982,False,False,-,False,False,False,,
ETHUSDT,W,2021-09-20,нижн. половина,0.38875267084661425,False,True,L,False,True,False,opp,opp
ETHUSDT,W,2021-09-27,верх. половина,0.585298276182179,True,False,H,True,False,True,cont,cont
ETHUSDT,W,2021-10-04,верх. половина,0.8998759200248163,True,False,H,False,False,True,cont,cont
ETHUSDT,W,2021-10-11,нижн. половина,0.3595671421544523,True,False,H,True,False,True,cont,cont
ETHUSDT,W,2021-10-18,верх. половина,0.7894934640522877,True,False,H,True,False,True,cont,cont
ETHUSDT,W,2021-10-25,верх. половина,0.5728889511272927,True,False,H,False,False,True,cont,cont
ETHUSDT,W,2021-11-01,верх. половина,0.6914193125797216,True,False,H,True,False,True,cont,cont
ETHUSDT,W,2021-11-08,верх. половина,0.8879661016949156,True,False,H,False,False,True,opp,opp
ETHUSDT,W,2021-11-15,нижн. половина,0.4204284979183235,False,True,L,False,True,False,cont,cont
ETHUSDT,W,2021-11-22,нижн. половина,0.37023111799181657,False,True,L,False,False,False,opp,opp
ETHUSDT,W,2021-11-29,верх. половина,0.5963478502680409,True,True,H,False,False,False,,
ETHUSDT,W,2021-12-06,верх. половина,0.580176912489965,False,False,-,False,False,True,,
ETHUSDT,W,2021-12-13,нижн. половина,0.45176980423055885,False,True,L,False,False,False,cont,cont
ETHUSDT,W,2021-12-20,верх. половина,0.563299576212173,True,False,H,False,False,True,opp,opp
ETHUSDT,W,2021-12-27,верх. половина,0.7738227935894579,False,True,L,False,False,False,cont,cont
ETHUSDT,W,2022-01-03,нижн. половина,0.4507326007326006,False,True,L,False,True,False,cont,cont
ETHUSDT,W,2022-01-10,нижн. половина,0.1712201976046568,False,True,L,False,False,False,cont,cont
ETHUSDT,W,2022-01-17,верх. половина,0.8652873184977993,False,True,L,False,True,False,cont,cont
ETHUSDT,W,2022-01-24,нижн. половина,0.2306025957390699,False,True,L,False,False,False,-,opp
ETHUSDT,W,2022-01-31,верх. половина,0.7898112677046355,True,False,H,True,False,True,cont,cont
ETHUSDT,W,2022-02-07,верх. половина,0.9654143112044962,True,False,H,False,False,True,opp,opp
ETHUSDT,W,2022-02-14,нижн. половина,0.08841268087926649,False,True,L,False,True,False,cont,cont
ETHUSDT,W,2022-02-21,нижн. половина,0.07586405622168484,False,True,L,False,False,False,opp,opp
ETHUSDT,W,2022-02-28,верх. половина,0.543941160334659,True,False,H,False,False,False,cont,opp
ETHUSDT,W,2022-03-07,нижн. половина,0.039346036408611534,False,True,L,False,True,False,opp,opp
ETHUSDT,W,2022-03-14,нижн. половина,0.24052115356463197,True,False,H,True,False,True,cont,cont
ETHUSDT,W,2022-03-21,верх. половина,0.7344844996465723,True,False,H,True,False,True,cont,cont
ETHUSDT,W,2022-03-28,верх. половина,0.990785572595611,True,False,H,True,False,True,opp,opp
ETHUSDT,W,2022-04-04,верх. половина,0.8395685786884363,False,True,L,False,True,False,cont,cont
ETHUSDT,W,2022-04-11,нижн. половина,0.1444798147880188,False,True,L,False,True,False,cont,cont
ETHUSDT,W,2022-04-18,нижн. половина,0.1533792896748091,False,True,L,False,True,False,cont,cont
ETHUSDT,W,2022-04-25,нижн. половина,0.14174859435110024,False,True,L,False,True,False,cont,cont
ETHUSDT,W,2022-05-02,нижн. половина,0.33719631809265144,False,True,L,False,True,False,cont,cont
ETHUSDT,W,2022-05-09,нижн. половина,0.08047422680412412,False,True,L,False,True,False,cont,cont
ETHUSDT,W,2022-05-16,нижн. половина,0.48796081805546343,False,False,-,False,False,False,,
ETHUSDT,W,2022-05-23,верх. половина,0.5814663530965053,False,True,L,False,True,False,cont,cont
ETHUSDT,W,2022-05-30,нижн. половина,0.29847826639229746,False,False,-,False,False,False,,
ETHUSDT,W,2022-06-06,нижн. половина,0.255109952072174,False,True,L,False,True,False,cont,cont
ETHUSDT,W,2022-06-13,нижн. половина,0.0267894768526878,False,True,L,False,True,False,opp,opp
ETHUSDT,W,2022-06-20,нижн. половина,0.43334374024352196,False,False,-,False,False,True,,
ETHUSDT,W,2022-06-27,верх. половина,0.6521008403361347,False,True,L,False,False,False,opp,opp
ETHUSDT,W,2022-07-04,нижн. половина,0.3225292242295433,True,False,H,False,False,True,cont,opp
ETHUSDT,W,2022-07-11,верх. половина,0.5307087291013022,True,True,L,True,False,True,,
ETHUSDT,W,2022-07-18,верх. половина,0.7651582983217394,True,False,H,True,False,True,cont,cont
ETHUSDT,W,2022-07-25,верх. половина,0.7962114082754012,True,False,H,True,False,True,cont,cont
ETHUSDT,W,2022-08-01,верх. половина,0.7511757857974392,False,False,-,False,False,True,,
ETHUSDT,W,2022-08-08,верх. половина,0.7321428571428572,True,False,H,True,False,True,opp,opp
ETHUSDT,W,2022-08-15,верх. половина,0.7454933333333332,False,True,L,False,True,False,cont,cont
ETHUSDT,W,2022-08-22,нижн. половина,0.19607962624416003,False,True,L,False,True,False,cont,cont
ETHUSDT,W,2022-08-29,нижн. половина,0.010672465707594692,False,True,L,False,False,True,opp,opp
ETHUSDT,W,2022-09-05,верх. половина,0.687841082733028,True,False,H,True,False,True,opp,opp
ETHUSDT,W,2022-09-12,верх. половина,0.9208110428637474,False,True,L,False,True,False,cont,cont
ETHUSDT,W,2022-09-19,нижн. половина,0.029519021211402072,False,True,L,False,True,False,cont,cont
ETHUSDT,W,2022-09-26,нижн. половина,0.37613861386138625,False,False,-,False,False,False,,
ETHUSDT,W,2022-10-03,нижн. половина,0.1730000000000003,False,False,-,False,False,False,,
ETHUSDT,W,2022-10-10,верх. половина,0.505822001465678,False,True,L,False,False,False,opp,opp
ETHUSDT,W,2022-10-17,верх. половина,0.7739005736137671,True,False,H,True,False,True,cont,cont
ETHUSDT,W,2022-10-24,верх. половина,0.938455284552846,True,False,H,True,False,True,cont,cont
ETHUSDT,W,2022-10-31,верх. половина,0.7808315098468275,True,False,H,False,False,True,opp,opp
ETHUSDT,W,2022-11-07,нижн. половина,0.37230941704035897,False,True,L,False,True,False,-,cont
ETHUSDT,W,2022-11-14,нижн. половина,0.27873188540774113,False,False,-,False,False,False,,
ETHUSDT,W,2022-11-21,нижн. половина,0.06190773067331707,False,True,L,False,False,False,opp,opp
ETHUSDT,W,2022-11-28,верх. половина,0.7311989428159539,True,False,H,True,False,True,cont,cont
ETHUSDT,W,2022-12-05,верх. половина,0.7900331817623198,False,False,-,False,False,True,,
ETHUSDT,W,2022-12-12,верх. половина,0.5162573897226019,True,True,H,False,True,False,,
ETHUSDT,W,2022-12-19,нижн. половина,0.1389584376564847,False,True,L,False,False,False,opp,opp
ETHUSDT,W,2022-12-26,верх. половина,0.7606261550168498,False,False,-,False,False,True,,
ETHUSDT,W,2023-01-02,нижн. половина,0.39773330972197674,True,False,H,True,False,True,cont,cont
ETHUSDT,W,2023-01-09,верх. половина,0.9391387559808622,True,False,H,True,False,True,cont,cont
ETHUSDT,W,2023-01-16,верх. половина,0.7460775874038488,True,False,H,False,False,True,cont,cont
ETHUSDT,W,2023-01-23,верх. половина,0.7003255531644874,False,False,-,False,False,True,,
ETHUSDT,W,2023-01-30,верх. половина,0.8810278768661648,True,False,H,False,False,True,opp,opp
ETHUSDT,W,2023-02-06,верх. половина,0.5317088742285595,False,True,L,False,True,False,cont,cont
ETHUSDT,W,2023-02-13,нижн. половина,0.13256863482512243,True,True,L,False,False,True,,
ETHUSDT,W,2023-02-20,верх. половина,0.7749033391915643,False,False,-,False,False,True,,
ETHUSDT,W,2023-02-27,верх. половина,0.5138457793195786,False,True,L,False,False,False,cont,cont
ETHUSDT,W,2023-03-06,нижн. половина,0.2044229827139759,False,True,L,False,False,False,opp,opp
ETHUSDT,W,2023-03-13,верх. половина,0.9215336408738795,True,False,H,True,False,True,cont,cont
ETHUSDT,W,2023-03-20,верх. половина,0.7653296449976945,True,False,H,False,False,True,cont,opp
ETHUSDT,W,2023-03-27,нижн. половина,0.4213907284768219,False,True,L,False,False,True,opp,opp
ETHUSDT,W,2023-04-03,верх. половина,0.6679878048780485,True,False,H,True,False,True,cont,cont
ETHUSDT,W,2023-04-10,верх. половина,0.5256598639455777,True,False,H,True,False,True,opp,opp
ETHUSDT,W,2023-04-17,верх. половина,0.9069620673619884,False,True,L,False,False,False,cont,cont
ETHUSDT,W,2023-04-24,нижн. половина,0.12898036898430815,False,True,L,False,False,False,cont,opp
ETHUSDT,W,2023-05-01,нижн. половина,0.47287458258061027,True,False,H,False,False,False,opp,opp
ETHUSDT,W,2023-05-08,нижн. половина,0.2941203406905394,False,True,L,False,True,False,cont,opp
ETHUSDT,W,2023-05-15,нижн. половина,0.4147596122139422,False,False,-,False,False,False,,
ETHUSDT,W,2023-05-22,нижн. половина,0.4346153846153858,True,True,H,True,False,True,,
ETHUSDT,W,2023-05-29,верх. половина,0.8741860465116273,False,False,-,False,False,True,,
ETHUSDT,W,2023-06-05,верх. половина,0.5606027033015722,False,True,L,False,True,False,cont,cont
ETHUSDT,W,2023-06-12,нижн. половина,0.2136402753872634,False,True,L,False,False,False,opp,opp
ETHUSDT,W,2023-06-19,верх. половина,0.6320401337792643,True,False,H,True,False,True,cont,cont
ETHUSDT,W,2023-06-26,верх. половина,0.8385970544564388,True,False,H,False,False,True,cont,cont
ETHUSDT,W,2023-07-03,верх. половина,0.8270330681743477,True,False,H,False,False,False,cont,opp
ETHUSDT,W,2023-07-10,нижн. половина,0.24679113185530882,True,False,H,False,False,True,opp,opp
ETHUSDT,W,2023-07-17,нижн. половина,0.40754068424727474,False,True,L,False,False,False,cont,cont
ETHUSDT,W,2023-07-24,верх. половина,0.5242854287427527,False,True,L,False,False,False,cont,cont
ETHUSDT,W,2023-07-31,верх. половина,0.5191176470588228,False,True,L,False,False,False,cont,cont
ETHUSDT,W,2023-08-07,нижн. половина,0.2954802259887018,False,True,L,False,False,False,cont,opp
ETHUSDT,W,2023-08-14,верх. половина,0.513974358974358,False,True,L,False,True,False,-,cont
ETHUSDT,W,2023-08-21,верх. половина,0.5272301762114541,False,False,-,False,False,False,,
ETHUSDT,W,2023-08-28,верх. половина,0.6409778812572757,True,False,H,False,False,False,opp,opp
ETHUSDT,W,2023-09-04,нижн. половина,0.23168642499828637,False,True,L,False,False,False,cont,cont
ETHUSDT,W,2023-09-11,нижн. половина,0.2940000000000004,False,True,L,False,False,False,opp,opp
ETHUSDT,W,2023-09-18,верх. половина,0.7423782920989631,True,False,H,False,False,False,cont,opp
ETHUSDT,W,2023-09-25,нижн. половина,0.14048865619546244,True,True,L,True,False,True,,
ETHUSDT,W,2023-10-02,верх. половина,0.7862385321100922,False,False,-,False,False,False,,
ETHUSDT,W,2023-10-09,нижн. половина,0.21547193609417695,False,True,L,False,True,False,opp,opp
ETHUSDT,W,2023-10-16,нижн. половина,0.3524029346302862,True,False,H,True,False,True,cont,cont
ETHUSDT,W,2023-10-23,верх. половина,0.9635797665369645,True,False,H,True,False,True,cont,cont
ETHUSDT,W,2023-10-30,верх. половина,0.643421599889089,True,False,H,True,False,True,cont,cont
ETHUSDT,W,2023-11-06,верх. половина,0.8390401146131805,True,False,H,True,False,True,cont,cont
ETHUSDT,W,2023-11-13,верх. половина,0.6769257340241797,False,False,-,False,False,True,,
ETHUSDT,W,2023-11-20,верх. половина,0.5025209306628432,True,False,H,False,False,True,cont,opp
ETHUSDT,W,2023-11-27,верх. половина,0.6459323184330447,True,False,H,True,False,True,cont,cont
ETHUSDT,W,2023-12-04,верх. половина,0.8893111841824313,True,False,H,True,False,True,cont,cont
ETHUSDT,W,2023-12-11,верх. половина,0.757975003384017,False,True,L,False,False,False,opp,opp
ETHUSDT,W,2023-12-18,нижн. половина,0.3440726972325475,False,False,-,False,False,True,,
ETHUSDT,W,2023-12-25,верх. половина,0.6489384890361403,True,False,H,False,False,True,opp,opp
ETHUSDT,W,2024-01-01,нижн. половина,0.3794997831429813,False,True,L,False,False,False,opp,opp
ETHUSDT,W,2024-01-08,нижн. половина,0.41845207306781385,True,False,H,True,False,True,cont,opp
ETHUSDT,W,2024-01-15,верх. половина,0.5570645312556367,False,False,-,False,False,True,,
ETHUSDT,W,2024-01-22,нижн. половина,0.20918032786885146,False,True,L,False,True,False,opp,opp
ETHUSDT,W,2024-01-29,нижн. половина,0.296026224244046,False,False,-,False,False,False,,
ETHUSDT,W,2024-02-05,нижн. половина,0.3522755533449378,True,False,H,True,False,True,cont,cont
ETHUSDT,W,2024-02-12,верх. половина,0.8781574490021368,True,False,H,True,False,True,cont,cont
ETHUSDT,W,2024-02-19,верх. половина,0.9640051288028907,True,False,H,True,False,True,cont,cont
ETHUSDT,W,2024-02-26,верх. половина,0.9426074289876175,True,False,H,True,False,True,cont,cont
ETHUSDT,W,2024-03-04,верх. половина,0.9205670886075954,True,False,H,True,False,True,cont,cont
ETHUSDT,W,2024-03-11,верх. половина,0.847168464168953,True,False,H,False,False,True,opp,opp
ETHUSDT,W,2024-03-18,нижн. половина,0.3396157445315239,False,True,L,False,False,False,cont,cont
ETHUSDT,W,2024-03-25,верх. половина,0.6772878844016298,True,False,H,True,False,True,cont,opp
ETHUSDT,W,2024-04-01,верх. половина,0.8640713768254104,False,True,L,False,False,False,opp,opp
ETHUSDT,W,2024-04-08,верх. половина,0.5662971671705296,True,True,H,False,True,False,,
ETHUSDT,W,2024-04-15,нижн. половина,0.3831196354773761,False,False,-,False,False,False,,
ETHUSDT,W,2024-04-22,верх. половина,0.6826770517813353,True,False,H,False,False,True,opp,opp
ETHUSDT,W,2024-04-29,верх. половина,0.6586219419591266,False,True,L,False,False,False,opp,opp
ETHUSDT,W,2024-05-06,верх. половина,0.6798770795803747,False,False,-,False,False,False,,
ETHUSDT,W,2024-05-13,нижн. половина,0.14706479199884054,False,True,L,False,False,True,opp,opp
ETHUSDT,W,2024-05-20,верх. половина,0.7349941017278466,True,False,H,True,False,True,cont,cont
ETHUSDT,W,2024-05-27,верх. половина,0.8619234878776865,True,False,H,False,False,True,opp,opp
ETHUSDT,W,2024-06-03,нижн. половина,0.28797675263349126,False,True,L,False,False,False,cont,cont
ETHUSDT,W,2024-06-10,нижн. половина,0.45291360075955406,False,True,L,False,False,False,cont,cont
ETHUSDT,W,2024-06-17,верх. половина,0.7389403001918523,False,True,L,False,False,False,cont,cont
ETHUSDT,W,2024-06-24,нижн. половина,0.2622623638454781,False,True,L,False,False,False,cont,opp
ETHUSDT,W,2024-07-01,верх. половина,0.8135864426503738,True,True,H,False,True,False,,
ETHUSDT,W,2024-07-08,нижн. половина,0.17983594785682727,False,False,-,False,False,True,,
ETHUSDT,W,2024-07-15,верх. половина,0.9438086723290123,True,False,H,True,False,True,cont,cont
ETHUSDT,W,2024-07-22,верх. половина,0.95726145008049,True,True,H,False,False,False,,
ETHUSDT,W,2024-07-29,нижн. половина,0.3827082808960486,False,True,L,False,True,False,cont,cont
ETHUSDT,W,2024-08-05,нижн. половина,0.09491932496135484,False,True,L,False,True,False,-,cont
ETHUSDT,W,2024-08-12,верх. половина,0.7235725844680189,True,False,H,False,False,True,cont,cont
ETHUSDT,W,2024-08-19,нижн. половина,0.3697259062776303,True,False,H,False,False,True,opp,opp
ETHUSDT,W,2024-08-26,верх. половина,0.7380702490904003,False,True,L,False,True,False,cont,cont
ETHUSDT,W,2024-09-02,нижн. половина,0.097997157948361,False,True,L,False,True,False,opp,opp
ETHUSDT,W,2024-09-09,нижн. половина,0.35199884195034903,False,False,-,False,False,False,,
ETHUSDT,W,2024-09-16,нижн. половина,0.22659049597507178,True,True,L,True,False,True,,
ETHUSDT,W,2024-09-23,верх. половина,0.8604280033486806,True,False,H,True,False,True,cont,opp
ETHUSDT,W,2024-09-30,верх. половина,0.6232710379051861,False,True,L,False,True,False,opp,opp
ETHUSDT,W,2024-10-07,нижн. половина,0.3683750563824993,False,False,-,False,False,False,,
ETHUSDT,W,2024-10-14,верх. половина,0.7250668203972536,True,False,H,True,False,True,cont,cont
ETHUSDT,W,2024-10-21,верх. половина,0.9602040173792586,True,True,H,False,False,False,,
ETHUSDT,W,2024-10-28,нижн. половина,0.32508924673190015,False,False,-,False,False,False,,
ETHUSDT,W,2024-11-04,нижн. половина,0.1493795736557437,True,True,L,True,False,True,,
ETHUSDT,W,2024-11-11,верх. половина,0.925146159682242,True,False,H,False,False,True,cont,cont
ETHUSDT,W,2024-11-18,нижн. половина,0.14317725057173886,True,False,H,False,False,True,cont,cont
ETHUSDT,W,2024-11-25,верх. половина,0.7097600546494748,True,False,H,True,False,True,cont,cont
ETHUSDT,W,2024-12-02,верх. половина,0.9205406058652911,True,False,H,True,False,True,cont,opp
ETHUSDT,W,2024-12-09,верх. половина,0.85525202261264,False,True,L,False,False,True,opp,opp
ETHUSDT,W,2024-12-16,верх. половина,0.9026079489237776,True,True,H,False,True,False,,
ETHUSDT,W,2024-12-23,нижн. половина,0.17902157447103434,False,False,-,False,False,False,,
ETHUSDT,W,2024-12-30,нижн. половина,0.4233895243829018,True,False,H,True,False,True,cont,cont
ETHUSDT,W,2025-01-06,верх. половина,0.8932914552629461,True,True,H,False,True,False,,
ETHUSDT,W,2025-01-13,нижн. половина,0.186475827837084,False,True,L,False,False,False,cont,opp
ETHUSDT,W,2025-01-20,верх. половина,0.5027766663999358,False,False,-,False,False,True,,
ETHUSDT,W,2025-01-27,нижн. половина,0.28377476073892705,False,True,L,False,True,False,cont,cont
ETHUSDT,W,2025-02-03,нижн. половина,0.18854050658214083,False,True,L,False,True,False,cont,cont
ETHUSDT,W,2025-02-10,верх. половина,0.6505154024906156,False,False,-,False,False,True,,
ETHUSDT,W,2025-02-17,нижн. половина,0.46601788116148546,True,False,H,True,False,True,opp,opp
ETHUSDT,W,2025-02-24,верх. половина,0.8349953256466186,False,True,L,False,True,False,cont,cont
ETHUSDT,W,2025-03-03,верх. половина,0.5814304291287384,False,True,L,False,True,False,cont,cont
ETHUSDT,W,2025-03-10,нижн. половина,0.07248779589205102,False,True,L,False,True,False,cont,cont
ETHUSDT,W,2025-03-17,нижн. половина,0.33324177882094463,False,False,-,False,False,True,,
ETHUSDT,W,2025-03-24,верх. половина,0.674187861999496,True,True,H,False,True,False,,
ETHUSDT,W,2025-03-31,нижн. половина,0.12108219988172698,False,True,L,False,True,False,cont,cont
ETHUSDT,W,2025-04-07,нижн. половина,0.10577241542465113,False,True,L,False,False,False,opp,opp
ETHUSDT,W,2025-04-14,верх. половина,0.7004276315789476,True,False,H,False,False,True,cont,opp
ETHUSDT,W,2025-04-21,нижн. половина,0.318226089214986,True,True,L,True,False,True,,
ETHUSDT,W,2025-04-28,верх. половина,0.792608695652174,True,False,H,False,False,True,cont,cont
ETHUSDT,W,2025-05-05,верх. половина,0.5437337273942714,True,False,H,True,False,True,cont,cont
ETHUSDT,W,2025-05-12,верх. половина,0.8898368298368299,True,False,H,False,False,True,cont,cont
ETHUSDT,W,2025-05-19,нижн. половина,0.4327699530516435,False,False,-,False,False,True,,
ETHUSDT,W,2025-05-26,верх. половина,0.5242312359608587,True,False,H,False,False,False,cont,opp
ETHUSDT,W,2025-06-02,нижн. половина,0.22505248857601534,False,True,L,False,False,False,opp,opp
ETHUSDT,W,2025-06-09,нижн. половина,0.4289380707952805,True,False,H,False,False,True,opp,opp
ETHUSDT,W,2025-06-16,нижн. половина,0.2527403414195868,False,True,L,False,True,False,opp,opp
ETHUSDT,W,2025-06-23,нижн. половина,0.20268892794376087,False,False,-,False,False,True,,
ETHUSDT,W,2025-06-30,верх. половина,0.925429756965027,True,False,H,True,False,True,cont,cont
ETHUSDT,W,2025-07-07,верх. половина,0.753766777582532,True,False,H,True,False,True,cont,cont
ETHUSDT,W,2025-07-14,верх. половина,0.8682176332200606,True,False,H,True,False,True,cont,cont
ETHUSDT,W,2025-07-21,верх. половина,0.921431045463179,True,False,H,True,False,True,cont,cont
ETHUSDT,W,2025-07-28,верх. половина,0.9811260139747807,True,True,H,False,True,False,,
ETHUSDT,W,2025-08-04,нижн. половина,0.24093308360292875,True,False,H,True,False,True,cont,cont
ETHUSDT,W,2025-08-11,верх. половина,0.9012471668782862,True,False,H,True,False,True,cont,cont
ETHUSDT,W,2025-08-18,нижн. половина,0.48657446369309443,True,True,L,False,False,True,,
ETHUSDT,W,2025-08-25,верх. половина,0.8002161150534159,False,False,-,False,False,False,,
ETHUSDT,W,2025-09-01,нижн. половина,0.24843585626487955,False,True,L,False,False,False,cont,opp
ETHUSDT,W,2025-09-08,нижн. половина,0.3403239202657812,True,False,H,True,False,True,opp,opp
ETHUSDT,W,2025-09-15,верх. половина,0.6632860040567952,False,False,-,False,False,False,,
ETHUSDT,W,2025-09-22,нижн. половина,0.1474689299787817,False,True,L,False,True,False,opp,opp
ETHUSDT,W,2025-09-29,верх. половина,0.5024287590386226,True,False,H,True,False,True,cont,cont
ETHUSDT,W,2025-10-06,верх. половина,0.8029678329990355,True,True,H,False,False,False,,
ETHUSDT,W,2025-10-13,верх. половина,0.5539143279172821,False,False,-,False,False,False,,
ETHUSDT,W,2025-10-20,нижн. половина,0.4977251901033713,False,False,-,False,False,True,,
ETHUSDT,W,2025-10-27,верх. половина,0.9515603856562908,True,True,H,False,False,False,,
ETHUSDT,W,2025-11-03,нижн. половина,0.39473318268729374,False,True,L,False,True,False,cont,cont
ETHUSDT,W,2025-11-10,верх. половина,0.6131719365286481,False,True,L,False,False,False,cont,cont
ETHUSDT,W,2025-11-17,нижн. половина,0.14160032877212708,False,True,L,False,True,False,-,opp
ETHUSDT,W,2025-11-24,нижн. половина,0.2996253439872681,False,False,-,False,False,True,,
ETHUSDT,W,2025-12-01,верх. половина,0.6772110656951601,True,True,L,False,False,True,,
ETHUSDT,W,2025-12-08,верх. половина,0.6524750575594778,True,False,H,False,False,True,opp,opp
ETHUSDT,W,2025-12-15,нижн. половина,0.09324614621939999,False,True,L,False,True,False,cont,opp
ETHUSDT,W,2025-12-22,верх. половина,0.5634235081553355,False,False,-,False,False,False,,
ETHUSDT,W,2025-12-29,нижн. половина,0.32864463501359537,True,False,H,True,False,True,cont,cont
ETHUSDT,W,2026-01-05,верх. половина,0.9119692319645707,True,False,H,False,False,True,cont,cont
ETHUSDT,W,2026-01-12,нижн. половина,0.2722150487146383,True,False,H,False,False,True,opp,opp
ETHUSDT,W,2026-01-19,верх. половина,0.6466327901407629,False,True,L,False,True,False,cont,cont
ETHUSDT,W,2026-01-26,нижн. половина,0.06279931870553994,False,True,L,False,True,False,cont,cont
ETHUSDT,W,2026-02-02,нижн. половина,0.07907666745786864,False,True,L,False,True,False,-,cont
ETHUSDT,W,2026-02-09,верх. половина,0.5346992629439778,False,False,-,False,False,False,,
ETHUSDT,W,2026-02-16,нижн. половина,0.2820674192660191,False,False,-,False,False,False,,
ETHUSDT,W,2026-02-23,нижн. половина,0.38788883030805155,True,True,L,False,False,False,,
ETHUSDT,W,2026-03-02,нижн. половина,0.4028252578047747,True,False,H,False,False,False,cont,opp
ETHUSDT,W,2026-03-09,нижн. половина,0.10022537904657813,True,False,H,False,False,True,cont,cont
ETHUSDT,W,2026-03-16,верх. половина,0.8870916136371724,True,False,H,False,False,False,cont,opp
ETHUSDT,W,2026-03-23,нижн. половина,0.0794923549091719,False,True,L,False,True,False,opp,opp
ETHUSDT,W,2026-03-30,нижн. половина,0.17797928444056627,False,False,-,False,False,True,,
ETHUSDT,W,2026-04-06,верх. половина,0.6931564986737413,True,False,H,True,False,True,cont,cont
ETHUSDT,W,2026-04-13,нижн. половина,0.4875358482241346,True,False,H,False,False,True,opp,opp
ETHUSDT,W,2026-04-20,нижн. половина,0.30316538807104837,False,False,-,False,False,True,,
ETHUSDT,W,2026-04-27,верх. половина,0.668002428658167,False,True,L,False,False,False,cont,opp
ETHUSDT,W,2026-05-04,верх. половина,0.555411535968893,True,False,H,False,False,True,opp,opp
ETHUSDT,W,2026-05-11,верх. половина,0.6711924068137539,False,True,L,False,True,False,cont,cont
ETHUSDT,W,2026-05-18,нижн. половина,0.15534249420234722,False,True,L,False,False,False,cont,cont
ETHUSDT,W,2026-05-25,верх. половина,0.6132666666666652,False,True,L,False,True,False,cont,cont
ETHUSDT,W,2026-06-01,нижн. половина,0.23177379059731978,False,True,L,False,True,False,-,cont
ETHUSDT,W,2026-06-08,нижн. половина,0.3596752368064955,False,False,-,False,False,False,,
ETHUSDT,W,2026-06-15,верх. половина,0.9441323585994614,True,False,H,False,False,True,opp,opp
ETHUSDT,W,2026-06-22,нижн. половина,0.20053866008304344,False,True,L,False,True,False,opp,opp
ETHUSDT,W,2026-06-29,нижн. половина,0.22466713907432956,True,False,H,True,False,True,cont,cont
ETHUSDT,W,2026-07-06,верх. половина,0.9114398269735824,True,False,H,False,False,True,cont,cont
ETHUSDT,W,2026-07-13,верх. половина,0.7753629199502287,True,False,H,True,False,True,cont,cont
ETHUSDT,W,2026-07-20,верх. половина,0.6213333333333334,True,False,H,True,False,True,cont,cont
ETHUSDT,W,2026-07-27,верх. половина,0.894749460561016,True,True,H,False,False,False,,
ETHUSDT,W,2026-08-03,нижн. половина,0.3951298097775585,False,False,-,False,False,True,,
ETHUSDT,W,2026-08-10,верх. половина,0.7112761181143147,False,False,-,False,False,False,,
ETHUSDT,W,2026-08-17,нижн. половина,0.28998486377396593,True,False,H,True,False,True,cont,cont
ETHUSDT,W,2026-08-24,верх. половина,0.8719219817347558,True,False,H,False,False,True,cont,cont
ETHUSDT,W,2026-08-31,нижн. половина,0.17217343578485345,False,True,L,False,False,True,opp,opp
ETHUSDT,W,2026-09-07,верх. половина,0.8252553679382938,True,False,H,False,False,True,cont,opp
ETHUSDT,W,2026-09-14,нижн. половина,0.2747173259222592,True,True,L,False,False,True,,
ETHUSDT,W,2026-09-21,верх. половина,0.9189423076923078,True,False,H,True,False,True,-,cont
ETHUSDT,W,2026-09-28,нижн. половина,0.339419087136929,False,False,-,False,False,True,,
ETHUSDT,M,2020-02-01,верх. половина,0.882181110029211,True,False,H,True,False,True,opp,opp
ETHUSDT,M,2020-03-01,нижн. половина,0.34881818181818186,True,True,L,False,True,False,,
ETHUSDT,M,2020-04-01,нижн. половина,0.2025798885957197,False,False,-,False,False,True,,
ETHUSDT,M,2020-05-01,верх. половина,0.7854479492089087,True,False,H,True,False,True,cont,cont
ETHUSDT,M,2020-06-01,верх. половина,0.7747062888735317,True,False,H,False,False,True,cont,cont
ETHUSDT,M,2020-07-01,нижн. половина,0.2927366104181952,True,False,H,True,False,True,cont,cont
ETHUSDT,M,2020-08-01,верх. половина,0.9731643975761394,True,False,H,True,False,True,cont,cont
ETHUSDT,M,2020-09-01,верх. половина,0.8981632653061222,True,False,H,False,False,False,cont,opp
ETHUSDT,M,2020-10-01,нижн. половина,0.28770059353704097,False,False,-,False,False,False,,
ETHUSDT,M,2020-11-01,верх. половина,0.6028099910793931,True,False,H,True,False,True,cont,cont
ETHUSDT,M,2020-12-01,верх. половина,0.9719222462203024,True,False,H,True,False,True,cont,cont
ETHUSDT,M,2021-01-01,верх. половина,0.8973711699164344,True,False,H,True,False,True,cont,cont
ETHUSDT,M,2021-02-01,верх. половина,0.7804566376758679,True,False,H,False,False,True,cont,cont
ETHUSDT,M,2021-03-01,нижн. половина,0.1927506426735219,False,False,-,False,False,True,,
ETHUSDT,M,2021-04-01,верх. половина,0.9448032774784083,True,False,H,True,False,True,cont,cont
ETHUSDT,M,2021-05-01,верх. половина,0.9670193716425196,True,True,H,False,False,True,,
ETHUSDT,M,2021-06-01,нижн. половина,0.43839245245009983,False,False,-,False,False,False,,
ETHUSDT,M,2021-07-01,нижн. половина,0.4828710026055846,False,False,-,False,False,True,,
ETHUSDT,M,2021-08-01,верх. половина,0.9720672389127322,True,False,H,True,False,True,cont,cont
ETHUSDT,M,2021-09-01,верх. половина,0.9541851494696237,True,False,H,False,False,True,cont,cont
ETHUSDT,M,2021-10-01,нижн. половина,0.25323337942159213,True,False,H,True,False,True,cont,cont
ETHUSDT,M,2021-11-01,верх. половина,0.8807161561577567,True,False,H,True,False,True,opp,opp
ETHUSDT,M,2021-12-01,верх. половина,0.7453700829763903,False,True,L,False,True,False,cont,cont
ETHUSDT,M,2022-01-01,нижн. половина,0.20634533776809283,False,True,L,False,True,False,-,cont
ETHUSDT,M,2022-02-01,нижн. половина,0.30670592759687526,False,False,-,False,False,False,,
ETHUSDT,M,2022-03-01,верх. половина,0.6312789563521095,True,False,H,False,False,True,cont,cont
ETHUSDT,M,2022-04-01,верх. половина,0.8105934870943741,True,False,H,False,False,False,opp,opp
ETHUSDT,M,2022-05-01,нижн. половина,0.015489146081648896,False,True,L,False,True,False,cont,cont
ETHUSDT,M,2022-06-01,нижн. половина,0.1942552538129021,False,True,L,False,True,False,-,cont
ETHUSDT,M,2022-07-01,нижн. половина,0.17617129337827603,False,False,-,False,False,True,,
ETHUSDT,M,2022-08-01,верх. половина,0.8628992944194999,True,False,H,False,False,True,-,opp
ETHUSDT,M,2022-09-01,нижн. половина,0.21734136295761478,False,True,L,False,True,False,cont,cont
ETHUSDT,M,2022-10-01,нижн. половина,0.1922659287540719,False,True,L,False,False,True,cont,opp
ETHUSDT,M,2022-11-01,верх. половина,0.8098159509202454,True,True,H,False,False,False,,
ETHUSDT,M,2022-12-01,нижн. половина,0.366537336007628,False,False,-,False,False,False,,
ETHUSDT,M,2023-01-01,нижн. половина,0.2330426356589142,True,False,H,True,False,True,cont,cont
ETHUSDT,M,2023-02-01,верх. половина,0.8018468798307704,True,False,H,False,False,True,cont,opp
ETHUSDT,M,2023-03-01,верх. половина,0.5087170474516697,True,True,L,True,False,True,,
ETHUSDT,M,2023-04-01,верх. половина,0.9204247801985826,True,False,H,True,False,True,-,cont
ETHUSDT,M,2023-05-01,нижн. половина,0.2784461478498119,False,True,L,False,False,False,cont,cont
ETHUSDT,M,2023-06-01,нижн. половина,0.47688091851954606,False,True,L,False,False,True,opp,opp
ETHUSDT,M,2023-07-01,верх. половина,0.9568378857089591,True,False,H,False,False,True,opp,opp
ETHUSDT,M,2023-08-01,нижн. половина,0.15254890623494308,False,True,L,False,True,False,opp,opp
ETHUSDT,M,2023-09-01,нижн. половина,0.39471301828716265,False,False,-,False,False,False,,
ETHUSDT,M,2023-10-01,верх. половина,0.8553474320241702,True,True,H,True,False,True,,
ETHUSDT,M,2023-11-01,верх. половина,0.8409002066231083,True,False,H,True,False,True,cont,cont
ETHUSDT,M,2023-12-01,верх. половина,0.7588677794860533,True,False,H,True,False,True,cont,cont
ETHUSDT,M,2024-01-01,верх. половина,0.5824598098110275,True,False,H,False,False,True,cont,opp
ETHUSDT,M,2024-02-01,нижн. половина,0.32912536577145207,True,False,H,True,False,True,cont,cont
ETHUSDT,M,2024-03-01,верх. половина,0.8548377125193198,True,False,H,True,False,True,-,opp
ETHUSDT,M,2024-04-01,верх. половина,0.5689701429611743,False,True,L,False,True,False,-,opp
ETHUSDT,M,2024-05-01,нижн. половина,0.23414220620960058,True,False,H,True,False,True,opp,opp
ETHUSDT,M,2024-06-01,верх. половина,0.8149816397268265,False,False,-,False,False,True,,
ETHUSDT,M,2024-07-01,нижн. половина,0.3294554236739019,False,True,L,False,False,False,cont,cont
ETHUSDT,M,2024-08-01,верх. половина,0.5660147180354962,False,True,L,False,True,False,opp,opp
ETHUSDT,M,2024-09-01,нижн. половина,0.35395590487064416,False,False,-,False,False,False,,
ETHUSDT,M,2024-10-01,верх. половина,0.7815843229581413,True,False,H,False,False,True,cont,opp
ETHUSDT,M,2024-11-01,нижн. половина,0.4552401983070291,True,False,H,True,False,True,cont,cont
ETHUSDT,M,2024-12-01,верх. половина,0.9737119277438716,True,False,H,False,False,True,opp,opp
ETHUSDT,M,2025-01-01,нижн. половина,0.23423994296973236,False,True,L,False,False,False,cont,cont
ETHUSDT,M,2025-02-01,нижн. половина,0.47318425167006195,False,True,L,False,True,False,cont,cont
ETHUSDT,M,2025-03-01,нижн. половина,0.1321282974572105,False,True,L,False,True,False,cont,cont
ETHUSDT,M,2025-04-01,нижн. половина,0.0866332288401253,False,True,L,False,False,False,opp,opp
ETHUSDT,M,2025-05-01,верх. половина,0.71207554401798,True,False,H,True,False,True,cont,cont
ETHUSDT,M,2025-06-01,верх. половина,0.7479978438318188,True,False,H,False,False,True,cont,cont
ETHUSDT,M,2025-07-01,нижн. половина,0.48606770833333357,True,False,H,True,False,True,cont,cont
ETHUSDT,M,2025-08-01,верх. половина,0.8447574494050647,True,False,H,True,False,True,-,opp
ETHUSDT,M,2025-09-01,верх. половина,0.6458645022940354,False,False,-,False,False,False,,
ETHUSDT,M,2025-10-01,нижн. половина,0.33905919661733613,False,True,L,False,False,False,cont,cont
ETHUSDT,M,2025-11-01,нижн. половина,0.32970457902511086,False,True,L,False,True,False,cont,cont
ETHUSDT,M,2025-12-01,нижн. половина,0.28528912875867385,False,False,-,False,False,False,,
ETHUSDT,M,2026-01-01,нижн. половина,0.3465833390563835,False,True,L,False,True,False,cont,cont
ETHUSDT,M,2026-02-01,нижн. половина,0.20641434362436223,False,True,L,False,True,False,-,cont
ETHUSDT,M,2026-03-01,нижн. половина,0.3078109775901267,False,False,-,False,False,False,,
ETHUSDT,M,2026-04-01,нижн. половина,0.41379957071706897,True,False,H,False,False,True,opp,opp
ETHUSDT,M,2026-05-01,верх. половина,0.5374629162856058,False,True,L,False,True,False,cont,cont
ETHUSDT,M,2026-06-01,нижн. половина,0.0893138456152633,False,True,L,False,True,False,opp,opp
ETHUSDT,M,2026-07-01,нижн. половина,0.13121979508988998,False,False,-,False,False,True,,
ETHUSDT,M,2026-08-01,верх. половина,0.720166523245808,True,False,H,True,False,True,cont,cont
ETHUSDT,M,2026-09-01,верх. половина,0.8660749004411429,True,False,H,True,False,True,-,cont
BTCUSDT,W,2020-01-06,верх. половина,0.7773133193995816,True,False,H,True,False,True,cont,cont
BTCUSDT,W,2020-01-13,верх. половина,0.7488027629915794,True,False,H,True,False,True,cont,cont
BTCUSDT,W,2020-01-20,верх. половина,0.5663818257607337,False,False,-,False,False,False,,
BTCUSDT,W,2020-01-27,верх. половина,0.635619546247817,True,False,H,True,False,True,cont,cont
BTCUSDT,W,2020-02-03,верх. половина,0.7499903288201158,True,False,H,True,False,True,cont,cont
BTCUSDT,W,2020-02-10,верх. половина,0.9842774287990815,True,False,H,False,False,True,opp,opp
BTCUSDT,W,2020-02-17,нижн. половина,0.32323508802662826,False,True,L,False,False,False,cont,cont
BTCUSDT,W,2020-02-24,верх. половина,0.6546785775432316,False,True,L,False,True,False,cont,cont
BTCUSDT,W,2020-03-02,нижн. половина,0.08098051539912014,False,True,L,False,True,False,cont,cont
BTCUSDT,W,2020-03-09,нижн. половина,0.03422863301003064,False,True,L,False,True,False,opp,opp
BTCUSDT,W,2020-03-16,нижн. половина,0.380002192742024,False,False,-,False,False,False,,
BTCUSDT,W,2020-03-23,верх. половина,0.5592581024914111,True,False,H,False,False,True,cont,cont
BTCUSDT,W,2020-03-30,нижн. половина,0.1598112666671835,True,False,H,False,False,True,cont,cont
BTCUSDT,W,2020-04-06,верх. половина,0.6381249999999997,True,False,H,False,False,True,cont,opp
BTCUSDT,W,2020-04-13,нижн. половина,0.22233240223463632,False,True,L,False,False,True,opp,opp
BTCUSDT,W,2020-04-20,верх. половина,0.7914802284550183,True,False,H,True,False,True,cont,cont
BTCUSDT,W,2020-04-27,верх. половина,0.8980242491302758,True,False,H,True,False,True,cont,cont
BTCUSDT,W,2020-05-04,верх. половина,0.6875831855975081,True,False,H,False,False,True,cont,opp
BTCUSDT,W,2020-05-11,нижн. половина,0.3659953271028035,False,False,-,False,False,True,,
BTCUSDT,W,2020-05-18,верх. половина,0.8484112336564971,True,False,H,False,False,False,cont,opp
BTCUSDT,W,2020-05-25,нижн. половина,0.029089182435956935,False,True,L,False,False,True,opp,opp
BTCUSDT,W,2020-06-01,верх. половина,0.7286609656344611,True,False,H,False,False,True,cont,opp
BTCUSDT,W,2020-06-08,нижн. половина,0.38907631173465274,False,True,L,False,False,False,cont,cont
BTCUSDT,W,2020-06-15,нижн. половина,0.29620571951879554,False,True,L,False,False,False,cont,opp
BTCUSDT,W,2020-06-22,верх. половина,0.5731350043166272,True,True,H,False,False,False,,
BTCUSDT,W,2020-06-29,нижн. половина,0.3041181279378709,False,False,-,False,False,False,,
BTCUSDT,W,2020-07-06,нижн. половина,0.4373282442748112,True,False,H,True,False,True,cont,opp
BTCUSDT,W,2020-07-13,верх. половина,0.5889779072590449,False,True,L,False,False,False,opp,opp
BTCUSDT,W,2020-07-20,верх. половина,0.5537244999667755,True,False,H,True,False,True,cont,cont
BTCUSDT,W,2020-07-27,верх. половина,0.6917681075116128,True,False,H,True,False,True,cont,cont
BTCUSDT,W,2020-08-03,верх. половина,0.5176443629697527,False,False,-,False,False,True,,
BTCUSDT,W,2020-08-10,верх. половина,0.7652858575727179,True,False,H,True,False,True,cont,cont
BTCUSDT,W,2020-08-17,верх. половина,0.8163617677286739,True,False,H,False,False,True,opp,opp
BTCUSDT,W,2020-08-24,нижн. половина,0.2413403209016838,False,True,L,False,False,False,cont,opp
BTCUSDT,W,2020-08-31,верх. половина,0.8321414325602597,True,True,H,False,True,False,,
BTCUSDT,W,2020-09-07,нижн. половина,0.19957913242678071,False,False,-,False,False,False,,
BTCUSDT,W,2020-09-14,верх. половина,0.6581525494925395,True,False,H,True,False,True,cont,opp
BTCUSDT,W,2020-09-21,верх. половина,0.7204707995253525,False,True,L,False,False,True,opp,opp
BTCUSDT,W,2020-09-28,верх. половина,0.7493282104469167,True,False,H,False,False,True,cont,opp
BTCUSDT,W,2020-10-05,нижн. половина,0.4427921650305519,True,False,H,True,False,True,cont,cont
BTCUSDT,W,2020-10-12,верх. половина,0.8734822136799074,True,False,H,True,False,True,cont,cont
BTCUSDT,W,2020-10-19,верх. половина,0.5991304347826087,True,False,H,True,False,True,cont,cont
BTCUSDT,W,2020-10-26,верх. половина,0.8245334581855374,True,False,H,True,False,True,cont,cont
BTCUSDT,W,2020-11-02,верх. половина,0.7256343019135371,True,False,H,True,False,True,cont,cont
BTCUSDT,W,2020-11-09,верх. половина,0.8167933457622257,True,False,H,False,False,True,cont,cont
BTCUSDT,W,2020-11-16,верх. половина,0.681505919818575,True,False,H,True,False,True,cont,cont
BTCUSDT,W,2020-11-23,верх. половина,0.8233578745198458,True,False,H,False,False,True,cont,cont
BTCUSDT,W,2020-11-30,верх. половина,0.5927415888224503,True,False,H,False,False,True,cont,opp
BTCUSDT,W,2020-12-07,верх. половина,0.6951731374606506,False,True,L,False,False,True,opp,opp
BTCUSDT,W,2020-12-14,верх. половина,0.8565582438034012,True,False,H,True,False,True,cont,cont
BTCUSDT,W,2020-12-21,верх. половина,0.8318762008310866,True,False,H,True,False,True,cont,cont
BTCUSDT,W,2020-12-28,верх. половина,0.6700102754807454,True,False,H,True,False,True,cont,cont
BTCUSDT,W,2021-01-04,верх. половина,0.8006197837483912,True,False,H,True,False,True,cont,opp
BTCUSDT,W,2021-01-11,верх. половина,0.725978342132322,False,False,-,False,False,True,,
BTCUSDT,W,2021-01-18,верх. половина,0.557181264686046,False,True,L,False,False,False,opp,opp
BTCUSDT,W,2021-01-25,нижн. половина,0.37384429027640137,True,False,H,False,False,False,cont,opp
BTCUSDT,W,2021-02-01,нижн. половина,0.4132612141132422,True,False,H,True,False,True,cont,cont
BTCUSDT,W,2021-02-08,верх. половина,0.752805385971974,True,False,H,True,False,True,cont,cont
BTCUSDT,W,2021-02-15,верх. половина,0.8969476675429287,True,False,H,True,False,True,cont,opp
BTCUSDT,W,2021-02-22,верх. половина,0.9240535459687738,False,True,L,False,True,False,opp,opp
BTCUSDT,W,2021-03-01,нижн. половина,0.14808887292646494,False,False,-,False,False,True,,
BTCUSDT,W,2021-03-08,верх. половина,0.7807555305343608,True,False,H,True,False,True,cont,cont
BTCUSDT,W,2021-03-15,верх. половина,0.7695498417721519,False,False,-,False,False,True,,
BTCUSDT,W,2021-03-22,верх. половина,0.5510047265361245,False,True,L,False,False,False,opp,opp
BTCUSDT,W,2021-03-29,верх. половина,0.6650264913170114,True,False,H,False,False,True,cont,cont
BTCUSDT,W,2021-04-05,верх. половина,0.6042877787330566,True,False,H,False,False,True,cont,cont
BTCUSDT,W,2021-04-12,верх. половина,0.7275288836241788,True,True,H,False,False,False,,
BTCUSDT,W,2021-04-19,нижн. половина,0.4077400340517044,False,True,L,False,True,False,cont,opp
BTCUSDT,W,2021-04-26,нижн. половина,0.20123143440036922,True,False,H,False,False,True,cont,cont
BTCUSDT,W,2021-05-03,верх. половина,0.808966835541178,True,False,H,False,False,True,cont,cont
BTCUSDT,W,2021-05-10,верх. половина,0.8065100185080872,True,True,H,False,True,False,,
BTCUSDT,W,2021-05-17,нижн. половина,0.16235621991385854,False,True,L,False,True,False,-,cont
BTCUSDT,W,2021-05-24,нижн. половина,0.3321940223743529,False,False,-,False,False,False,,
BTCUSDT,W,2021-05-31,нижн. половина,0.3043213149522803,False,False,-,False,False,False,,
BTCUSDT,W,2021-06-07,нижн. половина,0.31047180451127804,False,True,L,False,False,True,opp,opp
BTCUSDT,W,2021-06-14,верх. половина,0.9547279177840335,True,False,H,False,False,True,opp,opp
BTCUSDT,W,2021-06-21,нижн. половина,0.28103073694605574,False,True,L,False,False,False,opp,opp
BTCUSDT,W,2021-06-28,верх. половина,0.8480435010414469,True,False,H,False,False,True,cont,opp
BTCUSDT,W,2021-07-05,верх. половина,0.6601256403506991,False,True,L,False,False,False,cont,opp
BTCUSDT,W,2021-07-12,верх. половина,0.6804061513582421,False,True,L,False,True,False,cont,cont
BTCUSDT,W,2021-07-19,нижн. половина,0.20488784733846635,True,True,L,True,False,True,,
BTCUSDT,W,2021-07-26,верх. половина,0.9952369043288466,True,False,H,True,False,True,cont,cont
BTCUSDT,W,2021-08-02,нижн. половина,0.35902722845296703,False,False,-,False,False,True,,
BTCUSDT,W,2021-08-09,верх. половина,0.8061434421144061,True,False,H,True,False,True,cont,cont
BTCUSDT,W,2021-08-16,верх. половина,0.7653708068902986,True,False,H,True,False,True,cont,cont
BTCUSDT,W,2021-08-23,верх. половина,0.9050456178684969,True,False,H,False,False,True,cont,opp
BTCUSDT,W,2021-08-30,верх. половина,0.5822731481481478,True,False,H,True,False,True,cont,cont
BTCUSDT,W,2021-09-06,верх. половина,0.9721356322733238,True,True,H,False,True,False,,
BTCUSDT,W,2021-09-13,нижн. половина,0.3645755846068861,False,False,-,False,False,False,,
BTCUSDT,W,2021-09-20,верх. половина,0.7117155591586785,False,True,L,False,True,False,opp,opp
BTCUSDT,W,2021-09-27,нижн. половина,0.465021641488404,True,False,H,True,False,True,cont,cont
BTCUSDT,W,2021-10-04,верх. половина,0.8701478350604214,True,False,H,True,False,True,cont,cont
BTCUSDT,W,2021-10-11,верх. половина,0.7890689448701547,True,False,H,True,False,True,cont,cont
BTCUSDT,W,2021-10-18,верх. половина,0.7632462593716971,True,False,H,False,False,True,cont,opp
BTCUSDT,W,2021-10-25,нижн. половина,0.18289878805159615,False,True,L,False,False,False,opp,opp
BTCUSDT,W,2021-11-01,верх. половина,0.6079334227775302,True,False,H,False,False,True,cont,cont
BTCUSDT,W,2021-11-08,верх. половина,0.7912638522693981,True,False,H,True,False,True,opp,opp
BTCUSDT,W,2021-11-15,нижн. половина,0.47277400990458573,False,True,L,False,True,False,cont,cont
BTCUSDT,W,2021-11-22,нижн. половина,0.28216623961523685,False,True,L,False,False,False,cont,cont
BTCUSDT,W,2021-11-29,верх. половина,0.6380878932089364,False,True,L,False,True,False,cont,cont
BTCUSDT,W,2021-12-06,нижн. половина,0.46274507665206904,False,False,-,False,False,True,,
BTCUSDT,W,2021-12-13,верх. половина,0.6403254781781671,False,True,L,False,True,False,opp,opp
BTCUSDT,W,2021-12-20,нижн. половина,0.2695172970465313,True,False,H,True,False,True,cont,cont
BTCUSDT,W,2021-12-27,верх. половина,0.8343615971745196,True,False,H,False,False,False,opp,opp
BTCUSDT,W,2022-01-03,нижн. половина,0.25138957433682946,False,True,L,False,True,False,cont,cont
BTCUSDT,W,2022-01-10,нижн. половина,0.19591608533066657,False,True,L,False,False,False,cont,cont
BTCUSDT,W,2022-01-17,верх. половина,0.7208879641003793,False,True,L,False,True,False,cont,cont
BTCUSDT,W,2022-01-24,нижн. половина,0.2388685175484547,False,True,L,False,False,False,opp,opp
BTCUSDT,W,2022-01-31,верх. половина,0.8314897849239564,True,False,H,True,False,True,cont,cont
BTCUSDT,W,2022-02-07,верх. половина,0.9542099961255317,True,False,H,False,False,True,opp,opp
BTCUSDT,W,2022-02-14,нижн. половина,0.11633662217063323,False,True,L,False,True,False,cont,cont
BTCUSDT,W,2022-02-21,нижн. половина,0.06736030267753222,False,True,L,False,True,False,opp,opp
BTCUSDT,W,2022-02-28,верх. половина,0.5488317528595171,True,False,H,False,False,True,cont,opp
BTCUSDT,W,2022-03-07,нижн. половина,0.12433842431574138,False,True,L,False,False,False,opp,opp
BTCUSDT,W,2022-03-14,нижн. половина,0.11045615307880656,False,False,-,False,False,True,,
BTCUSDT,W,2022-03-21,верх. половина,0.7592445933597323,True,False,H,True,False,True,cont,cont
BTCUSDT,W,2022-03-28,верх. половина,0.9658304367538162,True,False,H,False,False,True,opp,opp
BTCUSDT,W,2022-04-04,верх. половина,0.5473734288146638,False,True,L,False,True,False,cont,cont
BTCUSDT,W,2022-04-11,нижн. половина,0.05650467289719681,False,True,L,False,True,False,cont,cont
BTCUSDT,W,2022-04-18,нижн. половина,0.15702378033831846,True,True,L,False,False,False,,
BTCUSDT,W,2022-04-25,нижн. половина,0.21503010910383835,False,True,L,False,True,False,cont,cont
BTCUSDT,W,2022-05-02,нижн. половина,0.31599999999999917,False,True,L,False,True,False,cont,cont
BTCUSDT,W,2022-05-09,нижн. половина,0.05729938970140614,False,True,L,False,True,False,cont,cont
BTCUSDT,W,2022-05-16,верх. половина,0.6165416496985139,False,False,-,False,False,False,,
BTCUSDT,W,2022-05-23,верх. половина,0.6132404181184667,False,True,L,False,False,False,opp,opp
BTCUSDT,W,2022-05-30,верх. половина,0.5545289922022245,True,False,H,False,False,True,opp,opp
BTCUSDT,W,2022-06-06,нижн. половина,0.2151208106001559,False,True,L,False,True,False,cont,cont
BTCUSDT,W,2022-06-13,нижн. половина,0.004960601377520845,False,True,L,False,True,False,-,cont
BTCUSDT,W,2022-06-20,нижн. половина,0.3200305909218207,False,False,-,False,False,False,,
BTCUSDT,W,2022-06-27,верх. половина,0.6196191319751987,False,True,L,False,True,False,opp,opp
BTCUSDT,W,2022-07-04,нижн. половина,0.24791458124791457,True,False,H,False,False,True,cont,opp
BTCUSDT,W,2022-07-11,верх. половина,0.5115179986416116,False,True,L,False,False,False,opp,opp
BTCUSDT,W,2022-07-18,верх. половина,0.6827737910641529,True,False,H,True,False,True,cont,cont
BTCUSDT,W,2022-07-25,верх. половина,0.5142060012526327,True,True,L,False,False,True,,
BTCUSDT,W,2022-08-01,верх. половина,0.6484390584480348,False,False,-,False,False,True,,
BTCUSDT,W,2022-08-08,верх. половина,0.6233593750000012,True,False,H,True,False,True,cont,cont
BTCUSDT,W,2022-08-15,верх. половина,0.6862433862433857,True,True,H,False,True,False,,
BTCUSDT,W,2022-08-22,нижн. половина,0.1711202351304654,False,True,L,False,True,False,cont,cont
BTCUSDT,W,2022-08-29,нижн. половина,0.01633851753805428,False,False,-,False,False,False,,
BTCUSDT,W,2022-09-05,нижн. половина,0.44616996951219506,True,True,L,True,False,True,,
BTCUSDT,W,2022-09-12,верх. половина,0.9813501211798776,True,False,H,False,False,False,opp,opp
BTCUSDT,W,2022-09-19,нижн. половина,0.02943661971830986,False,True,L,False,True,False,cont,cont
BTCUSDT,W,2022-09-26,нижн. половина,0.34563725963861325,True,False,H,False,False,False,cont,opp
BTCUSDT,W,2022-10-03,нижн. половина,0.30772845953002576,True,False,H,False,False,True,opp,opp
BTCUSDT,W,2022-10-10,нижн. половина,0.3093209398399177,False,True,L,False,False,False,opp,opp
BTCUSDT,W,2022-10-17,верх. половина,0.657110487168119,False,False,-,False,False,True,,
BTCUSDT,W,2022-10-24,верх. половина,0.8682212581344878,True,False,H,True,False,True,cont,cont
BTCUSDT,W,2022-10-31,верх. половина,0.7566941297631308,True,False,H,False,False,True,opp,opp
BTCUSDT,W,2022-11-07,верх. половина,0.6037162395523932,False,True,L,False,True,False,cont,cont
BTCUSDT,W,2022-11-14,нижн. половина,0.15333928571428557,False,False,-,False,False,False,,
BTCUSDT,W,2022-11-21,нижн. половина,0.337938517179024,False,True,L,False,False,False,opp,opp
BTCUSDT,W,2022-11-28,верх. половина,0.7217718160377357,True,False,H,True,False,True,cont,cont
BTCUSDT,W,2022-12-05,верх. половина,0.8175021987686895,True,False,H,False,False,True,cont,cont
BTCUSDT,W,2022-12-12,верх. половина,0.5449032258064507,True,True,H,False,False,False,,
BTCUSDT,W,2022-12-19,нижн. половина,0.11139496513917864,False,True,L,False,False,False,opp,opp
BTCUSDT,W,2022-12-26,верх. половина,0.7318961410195344,False,False,-,False,False,False,,
BTCUSDT,W,2023-01-02,нижн. половина,0.4481481481481504,True,False,H,True,False,True,cont,cont
BTCUSDT,W,2023-01-09,верх. половина,0.9117049538990464,True,False,H,True,False,True,cont,cont
BTCUSDT,W,2023-01-16,верх. половина,0.8512528678752982,True,False,H,True,False,True,cont,cont
BTCUSDT,W,2023-01-23,верх. половина,0.7718708388814915,True,False,H,True,False,True,cont,cont
BTCUSDT,W,2023-01-30,верх. половина,0.8653310737198887,True,False,H,False,False,False,opp,opp
BTCUSDT,W,2023-02-06,нижн. половина,0.2476630313821491,False,True,L,False,True,False,cont,cont
BTCUSDT,W,2023-02-13,нижн. половина,0.17897310513447431,True,True,L,True,False,True,,
BTCUSDT,W,2023-02-20,верх. половина,0.740865384615385,True,False,H,False,False,True,opp,opp
BTCUSDT,W,2023-02-27,нижн. половина,0.3192325124641189,False,True,L,False,True,False,cont,cont
BTCUSDT,W,2023-03-06,нижн. половина,0.2505725636831028,False,True,L,False,False,False,opp,opp
BTCUSDT,W,2023-03-13,верх. половина,0.8020436721012727,True,False,H,True,False,True,cont,cont
BTCUSDT,W,2023-03-20,верх. половина,0.9330805399666312,True,False,H,False,False,True,cont,cont
BTCUSDT,W,2023-03-27,верх. половина,0.5955041466608465,True,True,L,False,False,True,,
BTCUSDT,W,2023-04-03,верх. половина,0.6215986394557822,False,False,-,False,False,True,,
BTCUSDT,W,2023-04-10,верх. половина,0.6997552019583853,True,False,H,True,False,True,opp,opp
BTCUSDT,W,2023-04-17,верх. половина,0.7341502030701449,False,True,L,False,True,False,cont,cont
BTCUSDT,W,2023-04-24,нижн. половина,0.14079881656804777,False,True,L,False,False,True,cont,opp
BTCUSDT,W,2023-05-01,верх. половина,0.7362651411039022,False,False,-,False,False,False,,
BTCUSDT,W,2023-05-08,нижн. половина,0.35136986301369866,False,True,L,False,True,False,cont,cont
BTCUSDT,W,2023-05-15,нижн. половина,0.40050807349665996,False,False,-,False,False,False,,
BTCUSDT,W,2023-05-22,нижн. половина,0.30235034608655953,True,True,L,True,False,True,,
BTCUSDT,W,2023-05-29,верх. половина,0.9180123189612119,True,False,H,False,False,True,opp,opp
BTCUSDT,W,2023-06-05,нижн. половина,0.31806149460395156,False,True,L,False,True,False,cont,cont
BTCUSDT,W,2023-06-12,нижн. половина,0.29125286478227636,False,True,L,False,False,False,opp,opp
BTCUSDT,W,2023-06-19,верх. половина,0.731323598681111,True,False,H,True,False,True,cont,cont
BTCUSDT,W,2023-06-26,верх. половина,0.8018559367156005,False,False,-,False,False,True,,
BTCUSDT,W,2023-07-03,верх. половина,0.6181666666666671,True,False,H,False,False,False,cont,opp
BTCUSDT,W,2023-07-10,нижн. половина,0.24777542372881317,True,False,H,False,False,False,opp,opp
BTCUSDT,W,2023-07-17,нижн. половина,0.1724434985304564,False,True,L,False,False,False,cont,cont
BTCUSDT,W,2023-07-24,верх. половина,0.6577450980392171,False,True,L,False,True,False,cont,cont
BTCUSDT,W,2023-07-31,нижн. половина,0.34968693033209197,False,True,L,False,False,False,opp,opp
BTCUSDT,W,2023-08-07,нижн. половина,0.3483012120007954,True,False,H,False,False,False,opp,opp
BTCUSDT,W,2023-08-14,нижн. половина,0.38974293551062045,False,True,L,False,True,False,-,cont
BTCUSDT,W,2023-08-21,нижн. половина,0.3123763636719747,False,False,-,False,False,False,,
BTCUSDT,W,2023-08-28,верх. половина,0.5292267365661851,True,False,H,False,False,False,opp,opp
BTCUSDT,W,2023-09-04,нижн. половина,0.22762605042016756,False,False,-,False,False,False,,
BTCUSDT,W,2023-09-11,нижн. половина,0.4465777777777791,True,True,L,True,False,True,,
BTCUSDT,W,2023-09-18,верх. половина,0.8122877122877127,True,False,H,False,False,True,cont,cont
BTCUSDT,W,2023-09-25,нижн. половина,0.10822015725518332,True,True,L,True,False,True,,
BTCUSDT,W,2023-10-02,верх. половина,0.8400966586117827,True,False,H,False,False,True,cont,opp
BTCUSDT,W,2023-10-09,верх. половина,0.5222818791946313,False,True,L,False,False,False,opp,opp
BTCUSDT,W,2023-10-16,нижн. половина,0.423415977961432,True,False,H,True,False,True,cont,cont
BTCUSDT,W,2023-10-23,верх. половина,0.796225790432048,True,False,H,True,False,True,cont,cont
BTCUSDT,W,2023-10-30,верх. половина,0.7622413087934555,True,False,H,False,False,True,cont,cont
BTCUSDT,W,2023-11-06,верх. половина,0.5086480762442629,True,False,H,True,False,True,cont,opp
BTCUSDT,W,2023-11-13,верх. половина,0.6446125238717451,False,True,L,False,False,True,opp,opp
BTCUSDT,W,2023-11-20,верх. половина,0.8243520837437044,True,False,H,False,False,True,cont,cont
BTCUSDT,W,2023-11-27,верх. половина,0.6492555875350895,True,False,H,True,False,True,cont,cont
BTCUSDT,W,2023-12-04,верх. половина,0.884019298671196,True,False,H,True,False,True,cont,cont
BTCUSDT,W,2023-12-11,верх. половина,0.7984570275946674,False,False,-,False,False,False,,
BTCUSDT,W,2023-12-18,нижн. половина,0.3240686804804294,True,False,H,False,False,True,cont,opp
BTCUSDT,W,2023-12-25,верх. половина,0.6245483690397436,False,False,-,False,False,False,,
BTCUSDT,W,2024-01-01,нижн. половина,0.40158952781673746,True,True,H,True,False,True,,
BTCUSDT,W,2024-01-08,верх. половина,0.6380452198682574,True,False,H,False,False,False,opp,opp
BTCUSDT,W,2024-01-15,нижн. половина,0.0476526281423443,False,True,L,False,False,False,cont,cont
BTCUSDT,W,2024-01-22,нижн. половина,0.3891456369717244,False,True,L,False,False,True,opp,opp
BTCUSDT,W,2024-01-29,верх. половина,0.810114192495921,True,False,H,False,False,True,cont,cont
BTCUSDT,W,2024-02-05,нижн. половина,0.37835542765485736,True,False,H,True,False,True,cont,cont
BTCUSDT,W,2024-02-12,верх. половина,0.9534006818646014,True,False,H,True,False,True,cont,cont
BTCUSDT,W,2024-02-19,верх. половина,0.867539267015707,True,False,H,False,False,True,cont,cont
BTCUSDT,W,2024-02-26,нижн. половина,0.48568768908540927,True,False,H,True,False,True,cont,cont
BTCUSDT,W,2024-03-04,верх. половина,0.9161652027658381,True,False,H,True,False,True,cont,cont
BTCUSDT,W,2024-03-11,верх. половина,0.8815381324205798,True,False,H,False,False,True,opp,opp
BTCUSDT,W,2024-03-18,нижн. половина,0.4171065053209744,False,True,L,False,False,False,cont,opp
BTCUSDT,W,2024-03-25,верх. половина,0.78367134054631,True,False,H,True,False,True,cont,opp
BTCUSDT,W,2024-04-01,верх. половина,0.9038531975679437,False,True,L,False,False,True,opp,opp
BTCUSDT,W,2024-04-08,верх. половина,0.7059668989547034,True,True,H,False,False,False,,
BTCUSDT,W,2024-04-15,нижн. половина,0.45047930563004684,False,True,L,False,False,False,cont,opp
BTCUSDT,W,2024-04-22,верх. половина,0.7324479472040799,True,False,H,False,False,False,opp,opp
BTCUSDT,W,2024-04-29,нижн. половина,0.15454471079113127,False,True,L,False,False,False,opp,opp
BTCUSDT,W,2024-05-06,верх. половина,0.9127574335665195,True,False,H,False,False,True,cont,cont
BTCUSDT,W,2024-05-13,нижн. половина,0.2486344889087051,True,False,H,True,False,True,cont,cont
BTCUSDT,W,2024-05-20,верх. половина,0.7841999999999991,True,False,H,True,False,True,cont,cont
BTCUSDT,W,2024-05-27,нижн. половина,0.410661788724112,False,False,-,False,False,False,,
BTCUSDT,W,2024-06-03,нижн. половина,0.2729719718483749,True,False,H,False,False,True,opp,opp
BTCUSDT,W,2024-06-10,нижн. половина,0.4497489669880487,False,True,L,False,True,False,cont,cont
BTCUSDT,W,2024-06-17,нижн. половина,0.30967255284993134,False,True,L,False,True,False,cont,cont
BTCUSDT,W,2024-06-24,нижн. половина,0.013759142588167123,False,True,L,False,True,False,cont,cont
BTCUSDT,W,2024-07-01,верх. половина,0.8850165401829146,True,True,H,False,True,False,,
BTCUSDT,W,2024-07-08,нижн. половина,0.23779647321640762,False,False,-,False,False,True,,
BTCUSDT,W,2024-07-15,верх. половина,0.9098377805364539,True,False,H,True,False,True,cont,cont
BTCUSDT,W,2024-07-22,верх. половина,0.9724141500401111,True,False,H,False,False,True,cont,cont
BTCUSDT,W,2024-07-29,верх. половина,0.8031729957805912,True,True,H,False,True,False,,
BTCUSDT,W,2024-08-05,нижн. половина,0.08469442527413541,False,True,L,False,False,False,-,opp
BTCUSDT,W,2024-08-12,верх. половина,0.7079903532333998,False,False,-,False,False,True,,
BTCUSDT,W,2024-08-19,нижн. половина,0.412403972269065,True,False,H,True,False,True,opp,opp
BTCUSDT,W,2024-08-26,верх. половина,0.8673068117542486,False,True,L,False,True,False,cont,cont
BTCUSDT,W,2024-09-02,нижн. половина,0.01978780274929065,False,True,L,False,True,False,opp,opp
BTCUSDT,W,2024-09-09,нижн. половина,0.3199252665128031,True,False,H,False,False,True,cont,cont
BTCUSDT,W,2024-09-16,верх. половина,0.7522350993377483,True,False,H,True,False,True,cont,cont
BTCUSDT,W,2024-09-23,верх. половина,0.9149452128615057,True,False,H,True,False,True,cont,opp
BTCUSDT,W,2024-09-30,верх. половина,0.7747982429257322,False,True,L,False,False,False,cont,cont
BTCUSDT,W,2024-10-07,верх. половина,0.5151200249402466,False,True,L,False,False,True,opp,opp
BTCUSDT,W,2024-10-14,верх. половина,0.7100861540679858,True,False,H,True,False,True,cont,cont
BTCUSDT,W,2024-10-21,верх. половина,0.9421051129064482,True,False,H,False,False,True,cont,cont
BTCUSDT,W,2024-10-28,верх. половина,0.6377972696088579,True,False,H,False,False,True,cont,opp
BTCUSDT,W,2024-11-04,нижн. половина,0.2117842083239443,True,True,L,True,False,True,,
BTCUSDT,W,2024-11-11,верх. половина,0.9133702265980733,True,False,H,True,False,True,cont,cont
BTCUSDT,W,2024-11-18,верх. половина,0.7324371765742899,True,False,H,True,False,True,cont,cont
BTCUSDT,W,2024-11-25,верх. половина,0.833999159983981,False,False,-,False,False,True,,
BTCUSDT,W,2024-12-02,верх. половина,0.786784054299978,True,True,H,True,False,True,,
BTCUSDT,W,2024-12-09,верх. половина,0.762286561703072,True,False,H,False,False,True,cont,cont
BTCUSDT,W,2024-12-16,верх. половина,0.9193552655956378,True,True,H,False,False,False,,
BTCUSDT,W,2024-12-23,нижн. половина,0.17899616010736719,False,False,-,False,False,False,,
BTCUSDT,W,2024-12-30,нижн. половина,0.16505022977450023,False,True,L,False,False,True,opp,opp
BTCUSDT,W,2025-01-06,верх. половина,0.9181610431509608,True,True,H,False,False,False,,
BTCUSDT,W,2025-01-13,нижн. половина,0.2942091010823224,True,True,L,False,False,True,,
BTCUSDT,W,2025-01-20,верх. половина,0.7070577504133174,True,False,H,False,False,True,opp,opp
BTCUSDT,W,2025-01-27,нижн. половина,0.29136108200781025,False,True,L,False,True,False,cont,cont
BTCUSDT,W,2025-02-03,нижн. половина,0.1568941691297834,False,True,L,False,False,False,cont,cont
BTCUSDT,W,2025-02-10,нижн. половина,0.4673706702455481,False,False,-,False,False,False,,
BTCUSDT,W,2025-02-17,нижн. половина,0.4308087452233294,True,True,L,False,False,False,,
BTCUSDT,W,2025-02-24,нижн. половина,0.47411577930898885,False,True,L,False,False,False,cont,cont
BTCUSDT,W,2025-03-03,верх. половина,0.8769554127576656,False,False,-,False,False,False,,
BTCUSDT,W,2025-03-10,нижн. половина,0.05244459833795034,False,True,L,False,False,False,cont,opp
BTCUSDT,W,2025-03-17,верх. половина,0.6867350921907658,True,False,H,True,False,True,cont,cont
BTCUSDT,W,2025-03-24,верх. половина,0.7720347608236132,True,False,H,False,False,False,opp,opp
BTCUSDT,W,2025-03-31,нижн. половина,0.11746614073318222,False,True,L,False,True,False,cont,cont
BTCUSDT,W,2025-04-07,нижн. половина,0.11231012380367073,False,True,L,False,False,True,opp,opp
BTCUSDT,W,2025-04-14,верх. половина,0.795052821437774,True,False,H,False,False,True,cont,cont
BTCUSDT,W,2025-04-21,верх. половина,0.6140688348968649,True,False,H,True,False,True,cont,cont
BTCUSDT,W,2025-04-28,верх. половина,0.8057471695283792,True,False,H,False,False,True,cont,cont
BTCUSDT,W,2025-05-05,нижн. половина,0.29624036860649683,True,False,H,True,False,True,cont,cont
BTCUSDT,W,2025-05-12,верх. половина,0.9205523811155556,True,False,H,True,False,True,cont,cont
BTCUSDT,W,2025-05-19,верх. половина,0.962649954635572,True,False,H,True,False,True,opp,opp
BTCUSDT,W,2025-05-26,верх. половина,0.6972491860453395,False,False,-,False,False,False,,
BTCUSDT,W,2025-06-02,нижн. половина,0.3327116942057146,False,True,L,False,False,False,cont,opp
BTCUSDT,W,2025-06-09,верх. половина,0.8302137590998314,True,False,H,False,False,True,opp,opp
BTCUSDT,W,2025-06-16,нижн. половина,0.36328921836907246,False,True,L,False,True,False,opp,opp
BTCUSDT,W,2025-06-23,нижн. половина,0.25863731617306174,False,False,-,False,False,True,,
BTCUSDT,W,2025-06-30,верх. половина,0.9788636414415626,True,False,H,True,False,True,cont,cont
BTCUSDT,W,2025-07-07,верх. половина,0.7555352575812939,True,False,H,True,False,True,cont,cont
BTCUSDT,W,2025-07-14,верх. половина,0.9496776825785396,True,False,H,False,False,True,cont,opp
BTCUSDT,W,2025-07-21,нижн. половина,0.20178695600834454,False,True,L,False,False,False,cont,opp
BTCUSDT,W,2025-07-28,верх. половина,0.8443757988922018,False,True,L,False,True,False,opp,opp
BTCUSDT,W,2025-08-04,нижн. половина,0.28898517960311404,False,False,-,False,False,True,,
BTCUSDT,W,2025-08-11,верх. половина,0.9945450480661762,True,False,H,False,False,True,opp,opp
BTCUSDT,W,2025-08-18,нижн. половина,0.07908519329517255,False,True,L,False,True,False,cont,cont
BTCUSDT,W,2025-08-25,нижн. половина,0.42224249508224754,False,True,L,False,True,False,cont,cont
BTCUSDT,W,2025-09-01,нижн. половина,0.1462706811980496,False,True,L,False,False,True,opp,opp
BTCUSDT,W,2025-09-08,верх. половина,0.6300547873728147,True,False,H,True,False,True,cont,cont
BTCUSDT,W,2025-09-15,верх. половина,0.7688932308915092,True,False,H,False,False,True,opp,opp
BTCUSDT,W,2025-09-22,нижн. половина,0.23903638985494807,False,True,L,False,True,False,opp,opp
BTCUSDT,W,2025-09-29,верх. половина,0.5242527955625047,True,False,H,True,False,True,cont,cont
BTCUSDT,W,2025-10-06,верх. половина,0.829538893873945,True,True,H,False,False,False,,
BTCUSDT,W,2025-10-13,верх. половина,0.5417949133322534,False,False,-,False,False,False,,
BTCUSDT,W,2025-10-20,нижн. половина,0.41120398649734746,False,False,-,False,False,True,,
BTCUSDT,W,2025-10-27,верх. половина,0.8882485209684106,True,True,H,False,False,False,,
BTCUSDT,W,2025-11-03,нижн. половина,0.4218875857055849,False,True,L,False,True,False,cont,cont
BTCUSDT,W,2025-11-10,нижн. половина,0.4890714080289621,False,True,L,False,True,False,cont,cont
BTCUSDT,W,2025-11-17,нижн. половина,0.08926595605770053,False,True,L,False,True,False,-,cont
BTCUSDT,W,2025-11-24,нижн. половина,0.4027718301086157,False,False,-,False,False,True,,
BTCUSDT,W,2025-12-01,верх. половина,0.6486324742793117,True,True,L,False,False,True,,
BTCUSDT,W,2025-12-08,верх. половина,0.630772189633618,True,False,H,False,False,False,cont,opp
BTCUSDT,W,2025-12-15,нижн. половина,0.08715446693236137,False,True,L,False,False,False,opp,opp
BTCUSDT,W,2025-12-22,верх. половина,0.7074698552379678,True,False,H,False,False,True,cont,opp
BTCUSDT,W,2025-12-29,нижн. половина,0.3688501413760589,True,False,H,True,False,True,cont,cont
BTCUSDT,W,2026-01-05,верх. половина,0.9437217363587465,True,False,H,False,False,True,cont,cont
BTCUSDT,W,2026-01-12,нижн. половина,0.31212511099432677,True,False,H,False,False,True,opp,opp
BTCUSDT,W,2026-01-19,нижн. половина,0.45104944000203373,False,True,L,False,True,False,cont,cont
BTCUSDT,W,2026-01-26,нижн. половина,0.07997471155365844,False,True,L,False,True,False,cont,cont
BTCUSDT,W,2026-02-02,нижн. половина,0.09485380349440499,False,True,L,False,True,False,-,cont
BTCUSDT,W,2026-02-09,верх. половина,0.5375531751319766,False,False,-,False,False,False,,
BTCUSDT,W,2026-02-16,верх. половина,0.5848219203953473,False,False,-,False,False,False,,
BTCUSDT,W,2026-02-23,нижн. половина,0.44691265060241187,False,True,L,False,False,False,opp,opp
BTCUSDT,W,2026-03-02,нижн. половина,0.44070919932081076,True,False,H,False,False,False,cont,opp
BTCUSDT,W,2026-03-09,нижн. половина,0.07942488169675804,False,False,-,False,False,True,,
BTCUSDT,W,2026-03-16,верх. половина,0.8652756342984138,True,False,H,False,False,False,opp,opp
BTCUSDT,W,2026-03-23,нижн. половина,0.061007713618963025,False,True,L,False,True,False,opp,opp
BTCUSDT,W,2026-03-30,нижн. половина,0.14965333182710414,False,False,-,False,False,True,,
BTCUSDT,W,2026-04-06,верх. половина,0.9196821617431251,True,False,H,True,False,True,cont,cont
BTCUSDT,W,2026-04-13,нижн. половина,0.4948865135919768,True,False,H,False,False,True,cont,cont
BTCUSDT,W,2026-04-20,нижн. половина,0.4164493042260388,True,False,H,True,False,True,cont,cont
BTCUSDT,W,2026-04-27,верх. половина,0.8563463203463193,True,False,H,False,False,True,cont,cont
BTCUSDT,W,2026-05-04,верх. половина,0.7981251362546327,True,False,H,True,False,True,opp,opp
BTCUSDT,W,2026-05-11,верх. половина,0.8615011488383966,False,True,L,False,True,False,cont,cont
BTCUSDT,W,2026-05-18,нижн. половина,0.13448275862068862,False,True,L,False,False,False,cont,cont
BTCUSDT,W,2026-05-25,верх. половина,0.7108691278543409,False,True,L,False,True,False,cont,cont
BTCUSDT,W,2026-06-01,нижн. половина,0.2157735193490624,False,True,L,False,True,False,cont,cont
BTCUSDT,W,2026-06-08,нижн. половина,0.2814449151129048,False,False,-,False,False,False,,
BTCUSDT,W,2026-06-15,верх. половина,0.9856583580885692,True,False,H,False,False,True,opp,opp
BTCUSDT,W,2026-06-22,нижн. половина,0.2100412079708557,False,True,L,False,True,False,cont,cont
BTCUSDT,W,2026-06-29,нижн. половина,0.2008933291045562,False,True,L,False,False,True,opp,opp
BTCUSDT,W,2026-07-06,верх. половина,0.940068355770928,True,False,H,False,False,True,cont,cont
BTCUSDT,W,2026-07-13,верх. половина,0.722524963916463,True,False,H,True,False,True,cont,cont
BTCUSDT,W,2026-07-20,верх. половина,0.7634854771784246,True,False,H,False,False,True,cont,opp
BTCUSDT,W,2026-07-27,верх. половина,0.5246002271262374,False,True,L,False,True,False,opp,opp
BTCUSDT,W,2026-08-03,нижн. половина,0.37816641383060884,False,False,-,False,False,True,,
BTCUSDT,W,2026-08-10,верх. половина,0.8087105304090857,False,False,-,False,False,False,,
BTCUSDT,W,2026-08-17,нижн. половина,0.13559908631549897,True,False,H,True,False,True,cont,cont
BTCUSDT,W,2026-08-24,верх. половина,0.8908897549846717,True,False,H,False,False,True,cont,cont
BTCUSDT,W,2026-08-31,нижн. половина,0.20317460317460437,True,True,L,False,False,True,,
BTCUSDT,W,2026-09-07,верх. половина,0.6767521897274462,False,True,L,False,False,False,cont,opp
BTCUSDT,W,2026-09-14,нижн. половина,0.182450969277859,True,True,L,True,False,True,,
BTCUSDT,W,2026-09-21,верх. половина,0.8875507153534068,True,False,H,True,False,True,-,cont
BTCUSDT,W,2026-09-28,верх. половина,0.550375435977885,False,False,-,False,False,True,,
BTCUSDT,M,2020-02-01,верх. половина,0.9142771498340376,True,False,H,False,False,True,opp,opp
BTCUSDT,M,2020-03-01,нижн. половина,0.039473684210526314,False,True,L,False,True,False,-,opp
BTCUSDT,M,2020-04-01,нижн. половина,0.49896008555781873,True,False,H,False,False,True,cont,cont
BTCUSDT,M,2020-05-01,верх. половина,0.7436470176089971,True,False,H,False,False,True,cont,cont
BTCUSDT,M,2020-06-01,верх. половина,0.7039672897196261,True,False,H,False,False,True,cont,opp
BTCUSDT,M,2020-07-01,нижн. половина,0.19185531130082964,True,False,H,True,False,True,cont,cont
BTCUSDT,M,2020-08-01,верх. половина,0.9442310664605874,True,False,H,True,False,True,cont,opp
BTCUSDT,M,2020-09-01,верх. половина,0.5813169969443922,False,True,L,False,False,False,opp,opp
BTCUSDT,M,2020-10-01,нижн. половина,0.4281572837171309,True,False,H,True,False,True,cont,cont
BTCUSDT,M,2020-11-01,верх. половина,0.9054728480194852,True,False,H,True,False,True,cont,cont
BTCUSDT,M,2020-12-01,верх. половина,0.9671195732701141,True,False,H,True,False,True,cont,cont
BTCUSDT,M,2021-01-01,верх. половина,0.9637522522141484,True,False,H,True,False,True,cont,cont
BTCUSDT,M,2021-02-01,нижн. половина,0.37172219348560714,True,False,H,True,False,True,cont,cont
BTCUSDT,M,2021-03-01,нижн. половина,0.49102608178229395,True,False,H,True,False,True,cont,cont
BTCUSDT,M,2021-04-01,верх. половина,0.8151077513722564,True,False,H,False,False,True,opp,opp
BTCUSDT,M,2021-05-01,верх. половина,0.595815831915497,False,True,L,False,True,False,-,cont
BTCUSDT,M,2021-06-01,нижн. половина,0.27631466770005814,False,False,-,False,False,False,,
BTCUSDT,M,2021-07-01,нижн. половина,0.4948456382851566,True,False,H,True,False,True,cont,cont
BTCUSDT,M,2021-08-01,верх. половина,0.6449132321270439,True,False,H,False,False,True,cont,cont
BTCUSDT,M,2021-09-01,верх. половина,0.7408009617552033,True,False,H,False,False,False,cont,opp
BTCUSDT,M,2021-10-01,нижн. половина,0.31948355026839836,True,False,H,True,False,True,cont,cont
BTCUSDT,M,2021-11-01,верх. половина,0.757100777354867,True,False,H,False,False,True,opp,opp
BTCUSDT,M,2021-12-01,нижн. половина,0.23399336830954565,False,True,L,False,True,False,cont,cont
BTCUSDT,M,2022-01-01,нижн. половина,0.29222161636495525,False,True,L,False,True,False,-,cont
BTCUSDT,M,2022-02-01,нижн. половина,0.3687539490181346,False,False,-,False,False,True,,
BTCUSDT,M,2022-03-01,верх. половина,0.766757913338762,True,False,H,False,False,True,opp,opp
BTCUSDT,M,2022-04-01,верх. половина,0.7565425628049884,False,False,-,False,False,False,,
BTCUSDT,M,2022-05-01,нижн. половина,0.006506364922206654,False,True,L,False,True,False,cont,cont
BTCUSDT,M,2022-06-01,нижн. половина,0.3844219423095525,False,True,L,False,True,False,-,cont
BTCUSDT,M,2022-07-01,нижн. половина,0.1618923219087188,False,False,-,False,False,False,,
BTCUSDT,M,2022-08-01,верх. половина,0.7618371931958309,True,False,H,False,False,False,opp,opp
BTCUSDT,M,2022-09-01,нижн. половина,0.09371047083626168,False,True,L,False,True,False,cont,cont
BTCUSDT,M,2022-10-01,нижн. половина,0.2785110267117106,False,True,L,False,False,True,cont,opp
BTCUSDT,M,2022-11-01,верх. половина,0.808876411582865,True,True,H,False,True,False,,
BTCUSDT,M,2022-12-01,нижн. половина,0.2835917419782772,False,False,-,False,False,False,,
BTCUSDT,M,2023-01-01,нижн. половина,0.1495433789954338,True,False,H,True,False,True,cont,cont
BTCUSDT,M,2023-02-01,верх. половина,0.8871927970353324,True,False,H,False,False,True,cont,opp
BTCUSDT,M,2023-03-01,нижн. половина,0.44685255387071066,True,True,L,True,False,True,,
BTCUSDT,M,2023-04-01,верх. половина,0.9244556668598394,True,False,H,True,False,True,cont,cont
BTCUSDT,M,2023-05-01,верх. половина,0.5564896006957026,False,True,L,False,False,False,cont,cont
BTCUSDT,M,2023-06-01,нижн. половина,0.3546343849351916,True,True,L,True,False,True,,
BTCUSDT,M,2023-07-01,верх. половина,0.8453369031682286,True,False,H,False,False,True,opp,opp
BTCUSDT,M,2023-08-01,нижн. половина,0.12940397350993355,False,True,L,False,True,False,opp,opp
BTCUSDT,M,2023-09-01,нижн. половина,0.23760804374669253,False,False,-,False,False,False,,
BTCUSDT,M,2023-10-01,верх. половина,0.7959104938271605,True,False,H,True,False,True,cont,cont
BTCUSDT,M,2023-11-01,верх. половина,0.8593090759128256,True,False,H,True,False,True,cont,cont
BTCUSDT,M,2023-12-01,верх. половина,0.8229882459312843,True,False,H,True,False,True,cont,cont
BTCUSDT,M,2024-01-01,верх. половина,0.6566099759029429,True,False,H,False,False,True,cont,cont
BTCUSDT,M,2024-02-01,нижн. половина,0.3830670164559981,True,False,H,True,False,True,cont,cont
BTCUSDT,M,2024-03-01,верх. половина,0.8619590606779239,True,False,H,True,False,True,-,cont
BTCUSDT,M,2024-04-01,верх. половина,0.8294852871477517,False,False,-,False,False,False,,
BTCUSDT,M,2024-05-01,нижн. половина,0.1092544612966142,False,True,L,False,False,True,cont,opp
BTCUSDT,M,2024-06-01,верх. половина,0.7079274900449496,True,False,H,False,False,False,opp,opp
BTCUSDT,M,2024-07-01,нижн. половина,0.3265905500502656,False,True,L,False,False,False,cont,opp
BTCUSDT,M,2024-08-01,верх. половина,0.6729128734740174,False,True,L,False,False,False,opp,opp
BTCUSDT,M,2024-09-01,верх. половина,0.5998031261186016,True,False,H,False,False,True,cont,cont
BTCUSDT,M,2024-10-01,верх. половина,0.7746642561983471,True,False,H,True,False,True,cont,cont
BTCUSDT,M,2024-11-01,верх. половина,0.7738414634146338,True,False,H,True,False,True,cont,cont
BTCUSDT,M,2024-12-01,верх. половина,0.9030502283105022,True,False,H,False,False,True,cont,cont
BTCUSDT,M,2025-01-01,нижн. половина,0.18433626175220746,True,True,L,False,False,True,,
BTCUSDT,M,2025-02-01,верх. половина,0.6386989711251246,False,True,L,False,True,False,cont,cont
BTCUSDT,M,2025-03-01,нижн. половина,0.24860299901771815,False,True,L,False,False,False,cont,cont
BTCUSDT,M,2025-04-01,нижн. половина,0.3235837271196567,True,True,L,False,False,True,,
BTCUSDT,M,2025-05-01,верх. половина,0.9228437637829261,True,False,H,True,False,True,cont,cont
BTCUSDT,M,2025-06-01,верх. половина,0.6020448141687914,False,False,-,False,False,True,,
BTCUSDT,M,2025-07-01,верх. половина,0.7155652326490246,True,False,H,True,False,True,cont,cont
BTCUSDT,M,2025-08-01,верх. половина,0.5843247676325862,True,False,H,False,False,False,cont,opp
BTCUSDT,M,2025-09-01,нижн. половина,0.053716854140842756,False,True,L,False,False,False,opp,opp
BTCUSDT,M,2025-10-01,верх. половина,0.6355392593565085,True,True,H,False,False,False,,
BTCUSDT,M,2025-11-01,нижн. половина,0.32563988336303246,False,True,L,False,True,False,cont,cont
BTCUSDT,M,2025-12-01,нижн. половина,0.31749738698719626,False,False,-,False,False,False,,
BTCUSDT,M,2026-01-01,нижн. половина,0.3549354629027768,True,True,H,False,True,False,,
BTCUSDT,M,2026-02-01,нижн. половина,0.14295139554477718,False,True,L,False,True,False,-,cont
BTCUSDT,M,2026-03-01,нижн. половина,0.36419211299804044,False,False,-,False,False,False,,
BTCUSDT,M,2026-04-01,нижн. половина,0.29990885052388366,True,False,H,True,False,True,cont,cont
BTCUSDT,M,2026-05-01,верх. половина,0.7714186183222168,True,False,H,False,False,True,opp,opp
BTCUSDT,M,2026-06-01,нижн. половина,0.11712067124038965,False,True,L,False,True,False,cont,cont
BTCUSDT,M,2026-07-01,нижн. половина,0.03587169975998263,False,True,L,False,False,False,opp,opp
BTCUSDT,M,2026-08-01,верх. половина,0.5565762915280126,True,False,H,True,False,True,cont,cont
BTCUSDT,M,2026-09-01,верх. половина,0.8469010751795428,True,False,H,True,False,True,-,cont
SOLUSDT,W,2020-09-21,нижн. половина,0.19576201480553052,False,False,-,False,False,False,,
SOLUSDT,W,2020-09-28,верх. половина,0.8643191332184194,False,True,L,False,False,False,cont,cont
SOLUSDT,W,2020-10-05,нижн. половина,0.12924480486568665,False,True,L,False,False,False,cont,cont
SOLUSDT,W,2020-10-12,верх. половина,0.6240793626935215,True,False,H,False,False,False,opp,opp
SOLUSDT,W,2020-10-19,нижн. половина,0.18743818001978194,False,True,L,False,True,False,cont,cont
SOLUSDT,W,2020-10-26,нижн. половина,0.0694626474442989,False,True,L,False,True,False,cont,cont
SOLUSDT,W,2020-11-02,верх. половина,0.5020583832335329,True,True,L,True,False,True,,
SOLUSDT,W,2020-11-09,верх. половина,0.7203783739704801,False,False,-,False,False,True,,
SOLUSDT,W,2020-11-16,нижн. половина,0.4276929180718112,True,False,H,False,False,True,opp,opp
SOLUSDT,W,2020-11-23,нижн. половина,0.30477081384471477,False,True,L,False,True,False,cont,cont
SOLUSDT,W,2020-11-30,нижн. половина,0.25607549120992756,False,False,-,False,False,False,,
SOLUSDT,W,2020-12-07,нижн. половина,0.10179350460494378,False,True,L,False,True,False,cont,cont
SOLUSDT,W,2020-12-14,нижн. половина,0.2823027718550108,False,False,-,False,False,False,,
SOLUSDT,W,2020-12-21,нижн. половина,0.15791234526597497,False,True,L,False,True,False,opp,opp
SOLUSDT,W,2020-12-28,нижн. половина,0.4242919389978214,True,False,H,True,False,True,cont,cont
SOLUSDT,W,2021-01-04,верх. половина,0.8317182258665672,True,False,H,True,False,True,cont,cont
SOLUSDT,W,2021-01-11,верх. половина,0.8148165179803183,True,False,H,False,False,True,cont,cont
SOLUSDT,W,2021-01-18,верх. половина,0.8708150622955386,True,True,H,False,False,True,,
SOLUSDT,W,2021-01-25,верх. половина,0.6755488721804512,True,False,H,True,False,True,cont,cont
SOLUSDT,W,2021-02-01,верх. половина,0.5951487149870057,True,False,H,True,False,True,cont,cont
SOLUSDT,W,2021-02-08,верх. половина,0.845135328097618,True,False,H,True,False,True,cont,cont
SOLUSDT,W,2021-02-15,верх. половина,0.6510216467732147,True,False,H,True,False,True,cont,cont
SOLUSDT,W,2021-02-22,верх. половина,0.8259960020454652,True,False,H,True,False,True,cont,cont
SOLUSDT,W,2021-03-01,нижн. половина,0.4535023764974084,False,False,-,False,False,True,,
SOLUSDT,W,2021-03-08,верх. половина,0.5345930868518923,True,False,H,False,False,True,cont,opp
SOLUSDT,W,2021-03-15,нижн. половина,0.3989734017732151,False,True,L,False,False,False,opp,opp
SOLUSDT,W,2021-03-22,верх. половина,0.6723367079500484,True,True,H,True,False,True,,
SOLUSDT,W,2021-03-29,верх. половина,0.8144131388928217,True,False,H,True,False,True,cont,cont
SOLUSDT,W,2021-04-05,верх. половина,0.7740411936302676,True,False,H,True,False,True,cont,cont
SOLUSDT,W,2021-04-12,верх. половина,0.8458338365742049,True,True,H,True,False,True,,
SOLUSDT,W,2021-04-19,верх. половина,0.9559285273834246,True,False,H,True,False,True,cont,cont
SOLUSDT,W,2021-04-26,верх. половина,0.9399797570850202,True,False,H,False,False,True,cont,opp
SOLUSDT,W,2021-05-03,верх. половина,0.6632541402748254,False,False,-,False,False,False,,
SOLUSDT,W,2021-05-10,нижн. половина,0.3780969057077143,True,True,L,False,False,True,,
SOLUSDT,W,2021-05-17,верх. половина,0.622954065469905,True,True,H,False,True,False,,
SOLUSDT,W,2021-05-24,нижн. половина,0.1361770072992701,False,False,-,False,False,False,,
SOLUSDT,W,2021-05-31,нижн. половина,0.31920881870064904,True,False,H,True,False,True,cont,cont
SOLUSDT,W,2021-06-07,верх. половина,0.9204737732656515,True,False,H,False,False,True,opp,opp
SOLUSDT,W,2021-06-14,нижн. половина,0.4844498731560655,False,True,L,False,False,False,cont,cont
SOLUSDT,W,2021-06-21,нижн. половина,0.3803219354224213,False,True,L,False,False,False,opp,opp
SOLUSDT,W,2021-06-28,верх. половина,0.7628879366316063,True,False,H,False,False,True,cont,cont
SOLUSDT,W,2021-07-05,верх. половина,0.6605904497721418,True,False,H,False,False,False,opp,opp
SOLUSDT,W,2021-07-12,нижн. половина,0.16439511029928372,False,True,L,False,True,False,cont,cont
SOLUSDT,W,2021-07-19,нижн. половина,0.10808005930318741,False,True,L,False,False,False,opp,opp
SOLUSDT,W,2021-07-26,верх. половина,0.8304902619207526,True,False,H,True,False,True,cont,cont
SOLUSDT,W,2021-08-02,верх. половина,0.7210978378912032,True,False,H,True,False,True,cont,cont
SOLUSDT,W,2021-08-09,верх. половина,0.6505409019083507,True,False,H,True,False,True,cont,cont
SOLUSDT,W,2021-08-16,верх. половина,0.9343152650674175,True,False,H,True,False,True,cont,cont
SOLUSDT,W,2021-08-23,верх. половина,0.6877373391134862,True,False,H,True,False,True,cont,cont
SOLUSDT,W,2021-08-30,верх. половина,0.8849004459518877,True,False,H,True,False,True,cont,cont
SOLUSDT,W,2021-09-06,верх. половина,0.842909015097552,True,False,H,True,False,True,cont,opp
SOLUSDT,W,2021-09-13,верх. половина,0.51518694293321,False,False,-,False,False,False,,
SOLUSDT,W,2021-09-20,нижн. половина,0.4625609756097562,False,True,L,False,False,False,opp,opp
SOLUSDT,W,2021-09-27,верх. половина,0.5277492697560592,True,False,H,True,False,True,cont,cont
SOLUSDT,W,2021-10-04,верх. половина,0.9008009611533839,False,False,-,False,False,False,,
SOLUSDT,W,2021-10-11,нижн. половина,0.08289000718907202,False,True,L,False,False,True,opp,opp
SOLUSDT,W,2021-10-18,верх. половина,0.752631578947368,True,False,H,True,False,True,cont,cont
SOLUSDT,W,2021-10-25,верх. половина,0.785851318944844,True,False,H,False,False,True,cont,cont
SOLUSDT,W,2021-11-01,верх. половина,0.6351536894321907,True,False,H,True,False,True,opp,opp
SOLUSDT,W,2021-11-08,верх. половина,0.8348371408459715,False,False,-,False,False,True,,
SOLUSDT,W,2021-11-15,верх. половина,0.6145027302606039,False,True,L,False,False,False,cont,cont
SOLUSDT,W,2021-11-22,верх. половина,0.7377510106975892,False,True,L,False,False,False,cont,opp
SOLUSDT,W,2021-11-29,нижн. половина,0.38813354630098545,True,True,H,False,False,False,,
SOLUSDT,W,2021-12-06,нижн. половина,0.39291870245331206,False,True,L,False,False,False,cont,cont
SOLUSDT,W,2021-12-13,нижн. половина,0.27105097104395964,False,True,L,False,False,False,opp,opp
SOLUSDT,W,2021-12-20,верх. половина,0.770120481927711,True,False,H,True,False,True,cont,cont
SOLUSDT,W,2021-12-27,верх. половина,0.9122208436724563,True,True,H,False,False,False,,
SOLUSDT,W,2022-01-03,нижн. половина,0.23361976369495208,False,True,L,False,True,False,cont,cont
SOLUSDT,W,2022-01-10,нижн. половина,0.18025258323765833,False,True,L,False,False,False,cont,cont
SOLUSDT,W,2022-01-17,верх. половина,0.653003533568905,False,True,L,False,True,False,cont,cont
SOLUSDT,W,2022-01-24,нижн. половина,0.20065843621399174,False,True,L,False,False,False,cont,opp
SOLUSDT,W,2022-01-31,верх. половина,0.5246315789473681,True,False,H,True,False,True,cont,cont
SOLUSDT,W,2022-02-07,верх. половина,0.8863559033684926,True,False,H,False,False,False,opp,opp
SOLUSDT,W,2022-02-14,нижн. половина,0.05058746736292465,False,True,L,False,True,False,cont,cont
SOLUSDT,W,2022-03-07,нижн. половина,0.022757697456492854,False,True,L,False,True,False,opp,opp
SOLUSDT,W,2022-03-14,нижн. половина,0.09208400646203561,True,False,H,False,False,True,cont,cont
SOLUSDT,W,2022-03-21,верх. половина,0.639255702280912,True,False,H,True,False,True,cont,cont
SOLUSDT,W,2022-04-04,верх. половина,0.8796784031050734,False,False,-,False,False,False,,
SOLUSDT,W,2022-04-11,нижн. половина,0.09940750493745878,False,True,L,False,True,False,cont,cont
SOLUSDT,W,2022-04-18,нижн. половина,0.15201729106628242,False,True,L,False,False,False,cont,cont
SOLUSDT,W,2022-04-25,нижн. половина,0.2787990196078437,False,True,L,False,True,False,cont,cont
SOLUSDT,W,2022-05-02,нижн. половина,0.3905558288243974,False,True,L,False,True,False,cont,cont
SOLUSDT,W,2022-05-09,нижн. половина,0.08133086876155292,False,True,L,False,True,False,cont,cont
SOLUSDT,W,2022-05-16,верх. половина,0.5412821152407084,False,False,-,False,False,False,,
SOLUSDT,W,2022-05-23,нижн. половина,0.42391304347826086,False,True,L,False,True,False,cont,cont
SOLUSDT,W,2022-05-30,нижн. половина,0.34169491525423773,False,True,L,False,True,False,cont,cont
SOLUSDT,W,2022-06-06,нижн. половина,0.22041763341067297,False,True,L,False,True,False,cont,cont
SOLUSDT,W,2022-06-13,нижн. половина,0.0020746887966803305,False,True,L,False,False,False,opp,opp
SOLUSDT,W,2022-06-20,верх. половина,0.8000000000000004,True,False,H,True,False,True,cont,opp
SOLUSDT,W,2022-06-27,верх. половина,0.6833184656556648,False,True,L,False,False,False,opp,opp
SOLUSDT,W,2022-07-04,нижн. половина,0.24594852240228768,False,False,-,False,False,True,,
SOLUSDT,W,2022-07-11,верх. половина,0.5871056241426609,True,True,L,False,False,True,,
SOLUSDT,W,2022-07-18,верх. половина,0.7326943556975501,True,False,H,False,False,True,cont,opp
SOLUSDT,W,2022-07-25,нижн. половина,0.2683201803833141,False,True,L,False,False,False,opp,opp
SOLUSDT,W,2022-08-01,верх. половина,0.6391666666666668,False,False,-,False,False,False,,
SOLUSDT,W,2022-08-08,верх. половина,0.5496575342465758,True,False,H,True,False,True,opp,opp
SOLUSDT,W,2022-08-15,верх. половина,0.6192017259978425,False,True,L,False,True,False,cont,cont
SOLUSDT,W,2022-08-22,нижн. половина,0.17570664629488186,False,True,L,False,True,False,cont,cont
SOLUSDT,W,2022-08-29,нижн. половина,0.03749999999999976,False,True,L,False,False,False,opp,opp
SOLUSDT,W,2022-09-05,верх. половина,0.6850152905198776,True,False,H,True,False,True,cont,cont
SOLUSDT,W,2022-09-12,верх. половина,0.8173913043478255,True,False,H,False,False,False,opp,opp
SOLUSDT,W,2022-09-19,нижн. половина,0.03558282208588947,False,True,L,False,False,False,cont,opp
SOLUSDT,W,2022-09-26,нижн. половина,0.485416666666667,True,False,H,False,False,False,opp,opp
SOLUSDT,W,2022-10-03,нижн. половина,0.11111111111111069,False,False,-,False,False,False,,
SOLUSDT,W,2022-10-10,нижн. половина,0.43369175627240114,False,True,L,False,True,False,cont,cont
SOLUSDT,W,2022-10-17,нижн. половина,0.47559055118110244,False,True,L,False,False,False,opp,opp
SOLUSDT,W,2022-10-24,верх. половина,0.5247311827956994,True,False,H,True,False,True,cont,cont
SOLUSDT,W,2022-10-31,верх. половина,0.8402061855670103,True,False,H,False,False,True,opp,opp
SOLUSDT,W,2022-11-07,нижн. половина,0.280558789289872,False,True,L,False,True,False,cont,cont
SOLUSDT,W,2022-11-14,нижн. половина,0.15628825938278382,False,False,-,False,False,False,,
SOLUSDT,W,2022-11-21,нижн. половина,0.0750000000000002,False,True,L,False,False,True,cont,opp
SOLUSDT,W,2022-11-28,верх. половина,0.7866108786610877,False,False,-,False,False,True,,
SOLUSDT,W,2022-12-05,верх. половина,0.6146435452793826,True,False,H,False,False,False,cont,opp
SOLUSDT,W,2022-12-12,нижн. половина,0.1336322869955165,True,True,L,False,True,False,,
SOLUSDT,W,2022-12-19,нижн. половина,0.15497553017944518,False,True,L,False,True,False,cont,cont
SOLUSDT,W,2022-12-26,нижн. половина,0.22164614387556728,False,True,L,False,True,False,opp,opp
SOLUSDT,W,2023-01-02,верх. половина,0.5928321207221775,True,False,H,True,False,True,cont,cont
SOLUSDT,W,2023-01-09,верх. половина,0.8199543298787985,True,False,H,True,False,True,cont,cont
SOLUSDT,W,2023-01-16,верх. половина,0.7901133040935672,True,False,H,False,False,True,cont,cont
SOLUSDT,W,2023-01-23,верх. половина,0.6093774502116985,True,False,H,False,False,True,opp,opp
SOLUSDT,W,2023-01-30,верх. половина,0.8363101491910065,False,False,-,False,False,False,,
SOLUSDT,W,2023-02-06,нижн. половина,0.26132852729145223,False,True,L,False,True,False,opp,opp
SOLUSDT,W,2023-02-13,нижн. половина,0.3982532751091708,True,False,H,True,False,True,cont,cont
SOLUSDT,W,2023-02-20,верх. половина,0.8609060402684563,True,False,H,False,False,True,opp,opp
SOLUSDT,W,2023-02-27,нижн. половина,0.3196521739130436,False,True,L,False,True,False,cont,cont
SOLUSDT,W,2023-03-06,нижн. половина,0.2434108527131785,False,True,L,False,False,False,opp,opp
SOLUSDT,W,2023-03-13,верх. половина,0.8097165991902837,True,False,H,True,False,True,cont,cont
SOLUSDT,W,2023-03-20,верх. половина,0.7398671857110146,True,False,H,False,False,True,cont,opp
SOLUSDT,W,2023-03-27,нижн. половина,0.22288842544316925,False,True,L,False,False,False,opp,opp
SOLUSDT,W,2023-04-03,верх. половина,0.512690355329949,False,False,-,False,False,False,,
SOLUSDT,W,2023-04-10,нижн. половина,0.3001974983541804,True,False,H,True,False,True,cont,cont
SOLUSDT,W,2023-04-17,верх. половина,0.966027397260274,True,False,H,False,False,False,opp,opp
SOLUSDT,W,2023-04-24,нижн. половина,0.12400152149106078,False,True,L,False,False,False,cont,cont
SOLUSDT,W,2023-05-01,верх. половина,0.6570504179023999,False,False,-,False,False,False,,
SOLUSDT,W,2023-05-08,нижн. половина,0.21808246398410316,False,True,L,False,True,False,cont,cont
SOLUSDT,W,2023-05-15,верх. половина,0.5885844748858444,False,True,L,False,True,False,cont,cont
SOLUSDT,W,2023-05-22,нижн. половина,0.13706041478809672,False,True,L,False,False,True,opp,opp
SOLUSDT,W,2023-05-29,верх. половина,0.8535942792623249,True,False,H,True,False,True,opp,opp
SOLUSDT,W,2023-06-05,верх. половина,0.762303149606299,False,True,L,False,True,False,opp,opp
SOLUSDT,W,2023-06-12,нижн. половина,0.31068063935640944,False,False,-,False,False,False,,
SOLUSDT,W,2023-06-19,верх. половина,0.6510486390004466,True,False,H,True,False,True,cont,cont
SOLUSDT,W,2023-06-26,верх. половина,0.6739760033098894,True,False,H,True,False,True,cont,cont
SOLUSDT,W,2023-07-03,верх. половина,0.8720700985761227,True,False,H,True,False,True,cont,cont
SOLUSDT,W,2023-07-10,верх. половина,0.7329163771137367,True,False,H,True,False,True,opp,opp
SOLUSDT,W,2023-07-17,верх. половина,0.5301635602890832,False,False,-,False,False,False,,
SOLUSDT,W,2023-07-24,нижн. половина,0.17672983693256933,False,True,L,False,False,False,cont,cont
SOLUSDT,W,2023-07-31,верх. половина,0.5082726671078757,False,True,L,False,False,False,cont,opp
SOLUSDT,W,2023-08-07,нижн. половина,0.3897652943439782,True,False,H,False,False,True,cont,cont
SOLUSDT,W,2023-08-14,верх. половина,0.6449180327868846,True,True,H,False,True,False,,
SOLUSDT,W,2023-08-21,нижн. половина,0.3632027257240206,False,True,L,False,False,False,cont,cont
SOLUSDT,W,2023-08-28,верх. половина,0.5637727759914254,True,True,H,False,False,False,,
SOLUSDT,W,2023-09-04,нижн. половина,0.17845448592010427,False,True,L,False,True,False,cont,cont
SOLUSDT,W,2023-09-11,нижн. половина,0.16986396930589404,False,True,L,False,False,False,opp,opp
SOLUSDT,W,2023-09-18,верх. половина,0.6799999999999994,True,False,H,False,False,True,cont,cont
SOLUSDT,W,2023-09-25,нижн. половина,0.3975842979365888,True,False,H,True,False,True,cont,cont
SOLUSDT,W,2023-10-02,верх. половина,0.8906735751295338,True,False,H,False,False,True,cont,opp
SOLUSDT,W,2023-10-09,нижн. половина,0.30720068172134674,False,True,L,False,True,False,opp,opp
SOLUSDT,W,2023-10-16,нижн. половина,0.4316037735849052,True,False,H,True,False,True,cont,cont
SOLUSDT,W,2023-10-23,верх. половина,0.8424399434762132,True,False,H,True,False,True,cont,cont
SOLUSDT,W,2023-10-30,верх. половина,0.7839694656488554,True,False,H,True,False,True,cont,cont
SOLUSDT,W,2023-11-06,верх. половина,0.6126925192519254,True,False,H,True,False,True,cont,cont
SOLUSDT,W,2023-11-13,верх. половина,0.6833059885151762,True,False,H,False,False,True,cont,opp
SOLUSDT,W,2023-11-20,верх. половина,0.5778359511343805,False,False,-,False,False,False,,
SOLUSDT,W,2023-11-27,верх. половина,0.6293561724748971,True,False,H,True,False,True,cont,cont
SOLUSDT,W,2023-12-04,верх. половина,0.7868959868959872,True,False,H,True,False,True,cont,cont
SOLUSDT,W,2023-12-11,верх. половина,0.8424175009269554,True,False,H,False,False,True,cont,opp
SOLUSDT,W,2023-12-18,нижн. половина,0.457473111633082,True,False,H,True,False,True,cont,cont
SOLUSDT,W,2023-12-25,верх. половина,0.8818106424424772,True,False,H,False,False,True,-,opp
SOLUSDT,W,2024-01-01,нижн. половина,0.15041528800054058,False,True,L,False,True,False,cont,cont
SOLUSDT,W,2024-01-08,нижн. половина,0.17576659720154802,False,False,-,False,False,False,,
SOLUSDT,W,2024-01-15,нижн. половина,0.3811790393013099,False,False,-,False,False,False,,
SOLUSDT,W,2024-01-22,нижн. половина,0.24690318701142552,False,True,L,False,False,True,opp,opp
SOLUSDT,W,2024-01-29,верх. половина,0.8299785030291185,True,False,H,False,False,True,cont,cont
SOLUSDT,W,2024-02-05,нижн. половина,0.17552238805970172,True,False,H,True,False,True,cont,cont
SOLUSDT,W,2024-02-12,верх. половина,0.8099644529707163,True,False,H,True,False,True,cont,opp
SOLUSDT,W,2024-02-19,верх. половина,0.5798770624393393,False,True,L,False,False,False,opp,opp
SOLUSDT,W,2024-02-26,нижн. половина,0.3068635758382757,True,False,H,True,False,True,cont,cont
SOLUSDT,W,2024-03-04,верх. половина,0.7956755033735323,True,False,H,True,False,True,cont,cont
SOLUSDT,W,2024-03-11,верх. половина,0.8282764260887344,True,False,H,True,False,True,cont,cont
SOLUSDT,W,2024-03-18,верх. половина,0.9557038569700856,True,False,H,False,False,True,opp,opp
SOLUSDT,W,2024-03-25,нижн. половина,0.449533060952222,False,False,-,False,False,True,,
SOLUSDT,W,2024-04-01,верх. половина,0.9665932927618801,True,True,H,False,True,False,,
SOLUSDT,W,2024-04-08,нижн. половина,0.3141454099031514,False,True,L,False,True,False,-,opp
SOLUSDT,W,2024-04-15,верх. половина,0.5323864110625748,False,False,-,False,False,False,,
SOLUSDT,W,2024-04-22,верх. половина,0.7533382789317509,True,False,H,False,False,False,opp,opp
SOLUSDT,W,2024-04-29,нижн. половина,0.20060140569523968,False,True,L,False,False,False,opp,opp
SOLUSDT,W,2024-05-06,верх. половина,0.8894369625182538,True,False,H,False,False,True,cont,cont
SOLUSDT,W,2024-05-13,нижн. половина,0.17987773287742254,True,True,L,True,False,True,,
SOLUSDT,W,2024-05-20,верх. половина,0.8413431269674712,True,False,H,False,False,True,opp,opp
SOLUSDT,W,2024-05-27,нижн. половина,0.08957893607126213,False,False,-,False,False,False,,
SOLUSDT,W,2024-06-03,нижн. половина,0.1491773596788168,True,True,H,False,False,False,,
SOLUSDT,W,2024-06-10,нижн. половина,0.4200050925140042,False,True,L,False,True,False,cont,cont
SOLUSDT,W,2024-06-17,нижн. половина,0.4955274261603378,False,True,L,False,True,False,cont,cont
SOLUSDT,W,2024-06-24,нижн. половина,0.06707883783892979,False,True,L,False,False,True,opp,opp
SOLUSDT,W,2024-07-01,верх. половина,0.8436180904522611,True,True,H,False,False,False,,
SOLUSDT,W,2024-07-08,нижн. половина,0.33091316076450655,False,False,-,False,False,True,,
SOLUSDT,W,2024-07-15,верх. половина,0.9554510105131776,True,False,H,True,False,True,cont,cont
SOLUSDT,W,2024-07-22,верх. половина,0.9779461542467328,True,False,H,False,False,True,cont,cont
SOLUSDT,W,2024-07-29,верх. половина,0.8466747699253339,True,True,H,False,True,False,,
SOLUSDT,W,2024-08-05,нижн. половина,0.11592705070516586,False,True,L,False,False,False,-,cont
SOLUSDT,W,2024-08-12,верх. половина,0.5926856095325389,False,False,-,False,False,True,,
SOLUSDT,W,2024-08-19,нижн. половина,0.39166666666666716,True,False,H,True,False,True,opp,opp
SOLUSDT,W,2024-08-26,верх. половина,0.8542900660010159,False,True,L,False,True,False,cont,cont
SOLUSDT,W,2024-09-02,нижн. половина,0.02357558139534904,False,True,L,False,False,False,opp,opp
SOLUSDT,W,2024-09-09,верх. половина,0.5637154103754194,True,False,H,False,False,True,cont,opp
SOLUSDT,W,2024-09-16,нижн. половина,0.34458054079038564,True,False,H,True,False,True,cont,cont
SOLUSDT,W,2024-09-23,верх. половина,0.6902114330462019,True,False,H,True,False,True,cont,opp
SOLUSDT,W,2024-09-30,верх. половина,0.829001367989056,False,True,L,False,False,False,opp,opp
SOLUSDT,W,2024-10-07,верх. половина,0.5009722533841895,False,False,-,False,False,True,,
SOLUSDT,W,2024-10-14,верх. половина,0.7250341185545593,True,False,H,True,False,True,cont,cont
SOLUSDT,W,2024-10-21,верх. половина,0.9750529536361496,True,False,H,True,False,True,cont,cont
SOLUSDT,W,2024-10-28,верх. половина,0.8652130822596631,True,True,H,False,False,False,,
SOLUSDT,W,2024-11-04,нижн. половина,0.18302698474775048,True,True,L,True,False,True,,
SOLUSDT,W,2024-11-11,верх. половина,0.9117307375020625,True,False,H,True,False,True,cont,cont
SOLUSDT,W,2024-11-18,верх. половина,0.883045148895293,True,False,H,True,False,True,opp,opp
SOLUSDT,W,2024-11-25,верх. половина,0.668744686880136,False,True,L,False,False,False,cont,cont
SOLUSDT,W,2024-12-02,нижн. половина,0.4344749504670249,False,True,L,False,False,False,cont,cont
SOLUSDT,W,2024-12-09,верх. половина,0.6867432474386833,False,True,L,False,False,False,cont,cont
SOLUSDT,W,2024-12-16,верх. половина,0.6456000000000002,False,True,L,False,True,False,cont,opp
SOLUSDT,W,2024-12-23,нижн. половина,0.0973929236499072,False,False,-,False,False,False,,
SOLUSDT,W,2024-12-30,верх. половина,0.5308933490751666,True,False,H,True,False,True,cont,cont
SOLUSDT,W,2025-01-06,верх. половина,0.8116883116883118,True,True,H,False,False,False,,
SOLUSDT,W,2025-01-13,нижн. половина,0.15936062000484413,True,True,L,True,False,True,,
SOLUSDT,W,2025-01-20,верх. половина,0.6629134412385643,False,False,-,False,False,True,,
SOLUSDT,W,2025-01-27,нижн. половина,0.25268694260233215,False,True,L,False,True,False,cont,cont
SOLUSDT,W,2025-02-03,нижн. половина,0.219378081152825,False,True,L,False,False,False,cont,cont
SOLUSDT,W,2025-02-10,верх. половина,0.5794673539518901,False,False,-,False,False,False,,
SOLUSDT,W,2025-02-17,нижн. половина,0.09388646288209629,False,True,L,False,True,False,cont,cont
SOLUSDT,W,2025-02-24,нижн. половина,0.2451456310679609,False,True,L,False,False,True,cont,opp
SOLUSDT,W,2025-03-03,верх. половина,0.9750367107195299,False,True,L,False,False,False,cont,cont
SOLUSDT,W,2025-03-10,нижн. половина,0.019419271314962037,False,True,L,False,False,False,cont,cont
SOLUSDT,W,2025-03-17,верх. половина,0.5722334004024142,False,False,-,False,False,True,,
SOLUSDT,W,2025-03-24,верх. половина,0.7704576976421638,True,False,H,False,False,False,opp,opp
SOLUSDT,W,2025-03-31,нижн. половина,0.08919244676576933,False,True,L,False,True,False,cont,cont
SOLUSDT,W,2025-04-07,нижн. половина,0.06411837237977804,False,True,L,False,False,True,opp,opp
SOLUSDT,W,2025-04-14,верх. половина,0.8531306364339091,True,False,H,True,False,True,cont,cont
SOLUSDT,W,2025-04-21,верх. половина,0.7778981581798488,True,False,H,True,False,True,cont,cont
SOLUSDT,W,2025-04-28,верх. половина,0.6023839931885909,False,False,-,False,False,False,,
SOLUSDT,W,2025-05-05,нижн. половина,0.264856933235511,True,False,H,True,False,True,cont,cont
SOLUSDT,W,2025-05-12,верх. половина,0.8155937419851244,True,False,H,False,False,True,cont,opp
SOLUSDT,W,2025-05-19,нижн. половина,0.44561068702290074,True,True,L,False,False,True,,
SOLUSDT,W,2025-05-26,верх. половина,0.5762592462134551,False,True,L,False,True,False,cont,cont
SOLUSDT,W,2025-06-02,нижн. половина,0.2467982000692288,False,True,L,False,False,False,cont,opp
SOLUSDT,W,2025-06-09,нижн. половина,0.4941282746160797,True,True,H,False,False,True,,
SOLUSDT,W,2025-06-16,нижн. половина,0.44069640914036984,False,True,L,False,True,False,opp,opp
SOLUSDT,W,2025-06-23,нижн. половина,0.17686453576864494,False,False,-,False,False,True,,
SOLUSDT,W,2025-06-30,верх. половина,0.93587091435664,True,False,H,False,False,True,cont,cont
SOLUSDT,W,2025-07-07,нижн. половина,0.46510110893672657,True,False,H,True,False,True,cont,cont
SOLUSDT,W,2025-07-14,верх. половина,0.6535471331389703,True,False,H,True,False,True,cont,cont
SOLUSDT,W,2025-07-21,верх. половина,0.8716385801362491,True,False,H,True,False,True,opp,opp
SOLUSDT,W,2025-07-28,нижн. половина,0.42210730446024575,False,True,L,False,True,False,opp,opp
SOLUSDT,W,2025-08-04,нижн. половина,0.1547979797979797,False,False,-,False,False,True,,
SOLUSDT,W,2025-08-11,верх. половина,0.8585093662813877,True,False,H,True,False,True,cont,cont
SOLUSDT,W,2025-08-18,нижн. половина,0.4782372143634382,True,False,H,False,False,True,cont,cont
SOLUSDT,W,2025-08-25,верх. половина,0.8327421555252389,True,False,H,False,False,True,cont,cont
SOLUSDT,W,2025-09-01,нижн. половина,0.47060615290892466,False,False,-,False,False,True,,
SOLUSDT,W,2025-09-08,верх. половина,0.646903123345686,True,False,H,True,False,True,cont,cont
SOLUSDT,W,2025-09-15,верх. половина,0.7744207178555201,True,False,H,False,False,True,opp,opp
SOLUSDT,W,2025-09-22,нижн. половина,0.256497656582871,False,True,L,False,True,False,cont,cont
SOLUSDT,W,2025-09-29,нижн. половина,0.43293607800650025,True,False,H,False,False,True,cont,cont
SOLUSDT,W,2025-10-06,верх. половина,0.7342001814333228,True,True,H,False,True,False,,
SOLUSDT,W,2025-10-13,верх. половина,0.5764047273481234,False,False,-,False,False,False,,
SOLUSDT,W,2025-10-20,нижн. половина,0.369536068651113,False,False,-,False,False,True,,
SOLUSDT,W,2025-10-27,верх. половина,0.8976653696498046,True,False,H,False,False,False,opp,opp
SOLUSDT,W,2025-11-03,нижн. половина,0.3410447761194023,False,True,L,False,True,False,cont,cont
SOLUSDT,W,2025-11-10,нижн. половина,0.4326502417683633,False,True,L,False,True,False,cont,cont
SOLUSDT,W,2025-11-17,нижн. половина,0.07505988820867697,False,True,L,False,True,False,cont,cont
SOLUSDT,W,2025-11-24,нижн. половина,0.39983164983165037,False,False,-,False,False,True,,
SOLUSDT,W,2025-12-01,нижн. половина,0.3074572127139368,True,True,L,False,False,False,,
SOLUSDT,W,2025-12-08,нижн. половина,0.38287153652392897,False,False,-,False,False,False,,
SOLUSDT,W,2025-12-15,нижн. половина,0.0920209668025625,False,True,L,False,True,False,opp,opp
SOLUSDT,W,2025-12-22,нижн. половина,0.49545211342964146,False,False,-,False,False,False,,
SOLUSDT,W,2025-12-29,верх. половина,0.6329509906152233,True,False,H,True,False,True,cont,cont
SOLUSDT,W,2026-01-05,верх. половина,0.891385767790263,True,False,H,True,False,True,cont,cont
SOLUSDT,W,2026-01-12,верх. половина,0.6529680365296816,True,False,H,False,False,False,opp,opp
SOLUSDT,W,2026-01-19,нижн. половина,0.012556053811657962,False,True,L,False,True,False,cont,cont
SOLUSDT,W,2026-01-26,нижн. половина,0.08513708513708498,False,True,L,False,True,False,cont,cont
SOLUSDT,W,2026-02-02,нижн. половина,0.15945121951219518,False,True,L,False,True,False,-,cont
SOLUSDT,W,2026-02-09,верх. половина,0.5060613876708794,False,False,-,False,False,False,,
SOLUSDT,W,2026-02-16,верх. половина,0.6518771331058022,False,False,-,False,False,False,,
SOLUSDT,W,2026-02-23,нижн. половина,0.3930778739184185,True,True,L,False,False,False,,
SOLUSDT,W,2026-03-02,нижн. половина,0.48305084745762705,True,False,H,False,False,False,cont,opp
SOLUSDT,W,2026-03-09,нижн. половина,0.09949892627057884,False,False,-,False,False,True,,
SOLUSDT,W,2026-03-16,верх. половина,0.9074074074074079,True,False,H,False,False,False,opp,opp
SOLUSDT,W,2026-03-23,нижн. половина,0.08802537668517046,False,True,L,False,True,False,cont,cont
SOLUSDT,W,2026-03-30,нижн. половина,0.17494894486044982,False,True,L,False,False,False,opp,opp
SOLUSDT,W,2026-04-06,верх. половина,0.5251004016064257,True,False,H,False,False,False,cont,opp
SOLUSDT,W,2026-04-13,нижн. половина,0.3577052868391459,True,False,H,False,False,True,cont,opp
SOLUSDT,W,2026-04-20,нижн. половина,0.22115384615384695,False,False,-,False,False,True,,
SOLUSDT,W,2026-04-27,верх. половина,0.5996677740863776,False,True,L,False,False,False,opp,opp
SOLUSDT,W,2026-05-04,нижн. половина,0.37666174298375166,True,False,H,True,False,True,cont,cont
SOLUSDT,W,2026-05-11,верх. половина,0.966423357664234,True,False,H,False,False,False,opp,opp
SOLUSDT,W,2026-05-18,нижн. половина,0.12425249169435248,False,True,L,False,False,False,cont,cont
SOLUSDT,W,2026-05-25,верх. половина,0.5795795795795798,False,True,L,False,False,False,cont,cont
SOLUSDT,W,2026-06-01,нижн. половина,0.3784194528875395,False,True,L,False,True,False,-,opp
SOLUSDT,W,2026-06-08,нижн. половина,0.27895878524945744,False,False,-,False,False,False,,
SOLUSDT,W,2026-06-15,верх. половина,0.998883928571428,True,False,H,True,False,True,cont,opp
SOLUSDT,W,2026-06-22,верх. половина,0.5560975609756098,False,True,L,False,False,False,opp,opp
SOLUSDT,W,2026-06-29,верх. половина,0.6709206927985415,True,False,H,True,False,True,cont,cont
SOLUSDT,W,2026-07-06,верх. половина,0.8227106227106236,False,False,-,False,False,False,,
SOLUSDT,W,2026-07-13,нижн. половина,0.15460122699386555,False,True,L,False,False,False,cont,cont
SOLUSDT,W,2026-07-20,верх. половина,0.5307557117750447,False,False,-,False,False,True,,
SOLUSDT,W,2026-07-27,верх. половина,0.6152450090744097,False,True,L,False,False,False,opp,opp
SOLUSDT,W,2026-08-03,нижн. половина,0.44476327116212266,True,False,H,False,False,True,cont,cont
SOLUSDT,W,2026-08-10,верх. половина,0.7254575707154752,False,False,-,False,False,False,,
SOLUSDT,W,2026-08-17,нижн. половина,0.17417417417417375,True,False,H,True,False,True,cont,cont
SOLUSDT,W,2026-08-24,верх. половина,0.7403373155305693,True,False,H,False,False,True,cont,cont
SOLUSDT,W,2026-08-31,нижн. половина,0.4879171461449946,False,False,-,False,False,True,,
SOLUSDT,W,2026-09-07,верх. половина,0.9131736526946103,False,False,-,False,False,False,,
SOLUSDT,W,2026-09-14,нижн. половина,0.19338159255429205,True,True,L,True,False,True,,
SOLUSDT,W,2026-09-21,верх. половина,0.8268817204301075,True,False,H,True,False,True,-,cont
SOLUSDT,W,2026-09-28,верх. половина,0.7888888888888893,False,False,-,False,False,True,,
SOLUSDT,M,2020-10-01,нижн. половина,0.2130351337589596,False,True,L,False,True,False,cont,cont
SOLUSDT,M,2020-11-01,нижн. половина,0.12628850443064685,False,True,L,False,False,False,cont,opp
SOLUSDT,M,2020-12-01,верх. половина,0.5500120317638566,False,True,L,False,False,False,opp,opp
SOLUSDT,M,2021-01-01,нижн. половина,0.3774386542963669,True,False,H,True,False,True,cont,cont
SOLUSDT,M,2021-02-01,верх. половина,0.8319045620766142,True,False,H,True,False,True,cont,cont
SOLUSDT,M,2021-03-01,верх. половина,0.6390759047781376,True,False,H,True,False,True,cont,cont
SOLUSDT,M,2021-04-01,верх. половина,0.8322049486409522,True,False,H,True,False,True,cont,cont
SOLUSDT,M,2021-05-01,верх. половина,0.8105971477421569,True,False,H,False,False,False,cont,opp
SOLUSDT,M,2021-06-01,нижн. половина,0.34524533657745343,False,False,-,False,False,False,,
SOLUSDT,M,2021-07-01,верх. половина,0.63892923843121,False,False,-,False,False,True,,
SOLUSDT,M,2021-08-01,верх. половина,0.9147267521473922,True,False,H,True,False,True,cont,cont
SOLUSDT,M,2021-09-01,верх. половина,0.7748343695851596,True,False,H,True,False,True,cont,cont
SOLUSDT,M,2021-10-01,нижн. половина,0.31983860730800623,True,False,H,False,False,True,cont,cont
SOLUSDT,M,2021-11-01,верх. половина,0.7977534986496441,True,False,H,False,False,True,opp,opp
SOLUSDT,M,2021-12-01,нижн. половина,0.3510885194621727,False,True,L,False,True,False,cont,cont
SOLUSDT,M,2022-01-01,нижн. половина,0.23209918014717446,False,True,L,False,True,False,cont,cont
SOLUSDT,M,2022-03-01,верх. половина,0.5226249195796699,True,False,H,True,False,True,cont,cont
SOLUSDT,M,2022-04-01,выше PH,1.0539140445126631,True,False,H,False,False,False,opp,opp
SOLUSDT,M,2022-05-01,нижн. половина,0.04769902586496478,False,True,L,False,True,False,cont,cont
SOLUSDT,M,2022-06-01,нижн. половина,0.14883000688231243,False,True,L,False,True,False,-,cont
SOLUSDT,M,2022-07-01,нижн. половина,0.3899556868537665,True,False,H,False,False,True,cont,cont
SOLUSDT,M,2022-08-01,верх. половина,0.6757961783439492,True,True,H,False,True,False,,
SOLUSDT,M,2022-09-01,нижн. половина,0.08495670995670995,False,False,-,False,False,False,,
SOLUSDT,M,2022-10-01,нижн. половина,0.3620111731843574,False,True,L,False,False,False,cont,opp
SOLUSDT,M,2022-11-01,верх. половина,0.7454308093994783,True,True,H,False,True,False,,
SOLUSDT,M,2022-12-01,нижн. половина,0.16140565941362756,False,True,L,False,False,False,-,opp
SOLUSDT,M,2023-01-01,нижн. половина,0.3050257552554642,True,False,H,True,False,True,cont,cont
SOLUSDT,M,2023-02-01,верх. половина,0.8279913908440463,True,False,H,False,False,True,-,opp
SOLUSDT,M,2023-03-01,нижн. половина,0.2959946595460613,False,True,L,False,False,False,cont,opp
SOLUSDT,M,2023-04-01,верх. половина,0.6526462043703423,True,False,H,False,False,True,opp,opp
SOLUSDT,M,2023-05-01,нижн. половина,0.4654178674351586,False,True,L,False,False,False,cont,cont
SOLUSDT,M,2023-06-01,нижн. половина,0.48479693812460084,False,True,L,False,False,False,opp,opp
SOLUSDT,M,2023-07-01,верх. половина,0.6453542332680211,True,False,H,True,False,True,cont,opp
SOLUSDT,M,2023-08-01,нижн. половина,0.3710058039415779,False,False,-,False,False,False,,
SOLUSDT,M,2023-09-01,нижн. половина,0.08269841269841281,False,True,L,False,False,False,opp,opp
SOLUSDT,M,2023-10-01,верх. половина,0.8994862631226269,True,False,H,True,False,True,cont,cont
SOLUSDT,M,2023-11-01,верх. половина,0.9861789988201584,True,False,H,True,False,True,cont,cont
SOLUSDT,M,2023-12-01,верх. половина,0.7043174167402033,True,False,H,True,False,True,cont,cont
SOLUSDT,M,2024-01-01,верх. половина,0.6318669261041944,False,False,-,False,False,True,,
SOLUSDT,M,2024-02-01,нижн. половина,0.4706345044572628,True,False,H,True,False,True,cont,cont
SOLUSDT,M,2024-03-01,верх. половина,0.7827962142086975,True,False,H,True,False,True,-,opp
SOLUSDT,M,2024-04-01,верх. половина,0.9272795602950157,False,False,-,False,False,False,,
SOLUSDT,M,2024-05-01,нижн. половина,0.14991615671072978,False,False,-,False,False,True,,
SOLUSDT,M,2024-06-01,верх. половина,0.6718913566275284,False,False,-,False,False,False,,
SOLUSDT,M,2024-07-01,нижн. половина,0.4630406001765224,True,True,L,False,False,True,,
SOLUSDT,M,2024-08-01,верх. половина,0.698458495882098,False,True,L,False,False,False,opp,opp
SOLUSDT,M,2024-09-01,нижн. половина,0.40981521892710776,False,False,-,False,False,True,,
SOLUSDT,M,2024-10-01,верх. половина,0.7739208371687418,True,False,H,True,False,True,cont,cont
SOLUSDT,M,2024-11-01,верх. половина,0.7075767809607056,True,False,H,True,False,True,cont,cont
SOLUSDT,M,2024-12-01,верх. половина,0.7544932031748928,False,False,-,False,False,False,,
SOLUSDT,M,2025-01-01,нижн. половина,0.19439822518025526,True,True,L,False,False,True,,
SOLUSDT,M,2025-02-01,нижн. половина,0.4995699429196965,False,True,L,False,True,False,cont,cont
SOLUSDT,M,2025-03-01,нижн. половина,0.20811059907834098,False,True,L,False,True,False,cont,cont
SOLUSDT,M,2025-04-01,нижн. половина,0.18541880592636056,False,True,L,False,False,True,opp,opp
SOLUSDT,M,2025-05-01,верх. половина,0.8425463336019338,True,False,H,False,False,True,cont,opp
SOLUSDT,M,2025-06-01,нижн. половина,0.32477895190856176,False,True,L,False,False,False,opp,opp
SOLUSDT,M,2025-07-01,верх. половина,0.6807157993878032,True,False,H,True,False,True,cont,cont
SOLUSDT,M,2025-08-01,нижн. половина,0.4448761534725597,True,False,H,False,False,True,cont,cont
SOLUSDT,M,2025-09-01,верх. половина,0.720713482243291,True,False,H,False,False,True,opp,opp
SOLUSDT,M,2025-10-01,нижн. половина,0.2850087621475229,False,True,L,False,True,False,cont,cont
SOLUSDT,M,2025-11-01,нижн. половина,0.4752228903172299,False,True,L,False,True,False,cont,cont
SOLUSDT,M,2025-12-01,нижн. половина,0.18140423031727393,False,True,L,False,False,False,cont,cont
SOLUSDT,M,2026-01-01,нижн. половина,0.26094164456233426,True,True,H,False,True,False,,
SOLUSDT,M,2026-02-01,нижн. половина,0.18649155722326446,False,True,L,False,True,False,-,cont
SOLUSDT,M,2026-03-01,нижн. половина,0.4316912138141189,False,False,-,False,False,False,,
SOLUSDT,M,2026-04-01,нижн. половина,0.23252118644067787,False,True,L,False,False,False,opp,opp
SOLUSDT,M,2026-05-01,нижн. половина,0.45525568181818266,True,False,H,False,False,False,opp,opp
SOLUSDT,M,2026-06-01,нижн. половина,0.1349593495934964,False,True,L,False,True,False,opp,opp
SOLUSDT,M,2026-07-01,верх. половина,0.5895878524945772,True,False,H,False,False,True,cont,opp
SOLUSDT,M,2026-08-01,нижн. половина,0.05195911413969333,True,True,L,True,False,True,,
SOLUSDT,M,2026-09-01,верх. половина,0.8101771015215764,True,False,H,True,False,True,-,cont
BNBUSDT,W,2020-02-17,нижн. половина,0.28039878938935375,False,True,L,False,False,False,cont,cont
BNBUSDT,W,2020-02-24,верх. половина,0.5316851378232451,False,True,L,False,True,False,cont,cont
BNBUSDT,W,2020-03-02,нижн. половина,0.21621621621621595,False,True,L,False,True,False,cont,cont
BNBUSDT,W,2020-03-09,нижн. половина,0.033827893175074064,False,True,L,False,True,False,-,cont
BNBUSDT,W,2020-03-16,нижн. половина,0.36975687950841574,False,False,-,False,False,False,,
BNBUSDT,W,2020-03-23,верх. половина,0.5226631559149898,False,False,-,False,False,True,,
BNBUSDT,W,2020-03-30,нижн. половина,0.19381915299503982,True,False,H,True,False,True,cont,cont
BNBUSDT,W,2020-04-06,верх. половина,0.8743807501769284,True,False,H,True,False,True,cont,cont
BNBUSDT,W,2020-04-13,нижн. половина,0.4020418084589207,True,False,H,True,False,True,cont,cont
BNBUSDT,W,2020-04-20,верх. половина,0.7613602166716824,False,False,-,False,False,True,,
BNBUSDT,W,2020-04-27,верх. половина,0.9360044518642171,True,False,H,True,False,True,opp,opp
BNBUSDT,W,2020-05-04,нижн. половина,0.49570200573065887,False,True,L,False,True,False,opp,opp
BNBUSDT,W,2020-05-11,нижн. половина,0.4336351875808534,False,False,-,False,False,True,,
BNBUSDT,W,2020-05-18,верх. половина,0.8510638297872338,True,False,H,False,False,True,cont,cont
BNBUSDT,W,2020-05-25,нижн. половина,0.13056930693069327,True,False,H,False,False,True,cont,cont
BNBUSDT,W,2020-06-01,верх. половина,0.5422535211267603,True,False,H,False,False,True,opp,opp
BNBUSDT,W,2020-06-08,верх. половина,0.5143540669856455,False,True,L,False,False,False,cont,cont
BNBUSDT,W,2020-06-15,нижн. половина,0.40775014459224906,False,True,L,False,False,False,cont,cont
BNBUSDT,W,2020-06-22,нижн. половина,0.4601910828025472,True,True,H,False,True,False,,
BNBUSDT,W,2020-06-29,нижн. половина,0.35267175572519066,False,False,-,False,False,False,,
BNBUSDT,W,2020-07-06,нижн. половина,0.4797371303395405,True,False,H,True,False,True,cont,cont
BNBUSDT,W,2020-07-13,верх. половина,0.9030418250950567,True,False,H,False,False,True,cont,cont
BNBUSDT,W,2020-07-20,верх. половина,0.6110480514566786,True,False,H,True,False,True,cont,cont
BNBUSDT,W,2020-07-27,верх. половина,0.7541248786800384,True,False,H,True,False,True,cont,cont
BNBUSDT,W,2020-08-03,верх. половина,0.6710895636641997,True,False,H,True,False,True,cont,cont
BNBUSDT,W,2020-08-10,верх. половина,0.6170357751277679,True,True,L,False,False,True,,
BNBUSDT,W,2020-08-17,верх. половина,0.9118531889290014,True,False,H,False,False,False,cont,opp
BNBUSDT,W,2020-08-24,нижн. половина,0.20007183908045933,False,True,L,False,False,True,opp,opp
BNBUSDT,W,2020-08-31,верх. половина,0.9106896551724136,True,True,H,False,False,True,,
BNBUSDT,W,2020-09-07,верх. половина,0.6522823646794712,True,False,H,True,False,True,cont,cont
BNBUSDT,W,2020-09-14,верх. половина,0.9019198329183067,True,False,H,False,False,True,-,opp
BNBUSDT,W,2020-09-21,нижн. половина,0.1486997924551337,False,True,L,False,False,False,-,opp
BNBUSDT,W,2020-09-28,верх. половина,0.8647311827956987,True,False,H,True,False,True,cont,cont
BNBUSDT,W,2020-10-05,верх. половина,0.8552400100527769,False,False,-,False,False,True,,
BNBUSDT,W,2020-10-12,верх. половина,0.7320837927232625,True,False,H,True,False,True,cont,cont
BNBUSDT,W,2020-10-19,верх. половина,0.627201848108577,False,False,-,False,False,False,,
BNBUSDT,W,2020-10-26,верх. половина,0.5769784172661865,True,True,H,False,False,False,,
BNBUSDT,W,2020-11-02,нижн. половина,0.22273364018411038,False,True,L,False,False,False,opp,opp
BNBUSDT,W,2020-11-09,верх. половина,0.6434201098638639,False,False,-,False,False,False,,
BNBUSDT,W,2020-11-16,нижн. половина,0.32058669460450556,True,False,H,True,False,True,cont,cont
BNBUSDT,W,2020-11-23,верх. половина,0.6823755710507338,True,True,H,False,False,True,,
BNBUSDT,W,2020-11-30,нижн. половина,0.4136898158420237,False,False,-,False,False,False,,
BNBUSDT,W,2020-12-07,нижн. половина,0.24894514767932494,False,True,L,False,False,False,opp,opp
BNBUSDT,W,2020-12-14,верх. половина,0.8346456692913383,True,False,H,True,False,True,cont,cont
BNBUSDT,W,2020-12-21,верх. половина,0.7998573466476454,False,False,-,False,False,True,,
BNBUSDT,W,2020-12-28,верх. половина,0.6581849024597115,True,False,H,True,False,True,cont,cont
BNBUSDT,W,2021-01-04,верх. половина,0.9292728548047701,True,False,H,True,False,True,cont,opp
BNBUSDT,W,2021-01-11,верх. половина,0.609681457782723,True,True,L,True,False,True,,
BNBUSDT,W,2021-01-18,верх. половина,0.920799725416166,True,False,H,False,False,True,cont,opp
BNBUSDT,W,2021-01-25,нижн. половина,0.4759206798866856,False,False,-,False,False,True,,
BNBUSDT,W,2021-02-01,верх. половина,0.7728864432216105,True,False,H,True,False,True,cont,cont
BNBUSDT,W,2021-02-08,верх. половина,0.7733810709838108,True,False,H,True,False,True,cont,cont
BNBUSDT,W,2021-02-15,верх. половина,0.840368098159509,True,False,H,True,False,True,cont,cont
BNBUSDT,W,2021-02-22,верх. половина,0.763520624025497,False,False,-,False,False,False,,
BNBUSDT,W,2021-03-01,нижн. половина,0.23732731184325162,False,False,-,False,False,True,,
BNBUSDT,W,2021-03-08,верх. половина,0.5524481709474278,True,False,H,False,False,True,cont,opp
BNBUSDT,W,2021-03-15,нижн. половина,0.3935376210124469,False,False,-,False,False,False,,
BNBUSDT,W,2021-03-22,верх. половина,0.649912393106514,True,True,L,False,False,True,,
BNBUSDT,W,2021-03-29,верх. половина,0.7807990743261639,True,False,H,True,False,True,cont,cont
BNBUSDT,W,2021-04-05,верх. половина,0.9026496836993332,True,False,H,True,False,True,cont,cont
BNBUSDT,W,2021-04-12,верх. половина,0.9808567886118214,True,False,H,False,False,True,cont,cont
BNBUSDT,W,2021-04-19,нижн. половина,0.2934022200806653,False,False,-,False,False,False,,
BNBUSDT,W,2021-04-26,нижн. половина,0.346560767450345,True,False,H,True,False,True,cont,cont
BNBUSDT,W,2021-05-03,верх. половина,0.8367272980695519,True,False,H,True,False,True,cont,cont
BNBUSDT,W,2021-05-10,верх. половина,0.7492556414542413,True,True,H,False,True,False,,
BNBUSDT,W,2021-05-17,нижн. половина,0.2254972875226038,False,True,L,False,True,False,-,cont
BNBUSDT,W,2021-05-24,нижн. половина,0.1402892971381663,False,False,-,False,False,False,,
BNBUSDT,W,2021-05-31,верх. половина,0.5192953020134226,True,False,H,True,False,True,opp,opp
BNBUSDT,W,2021-06-07,верх. половина,0.6912563938618926,False,False,-,False,False,False,,
BNBUSDT,W,2021-06-14,верх. половина,0.5304199772985245,False,True,L,False,False,False,cont,cont
BNBUSDT,W,2021-06-21,нижн. половина,0.41566265060240976,False,True,L,False,True,False,opp,opp
BNBUSDT,W,2021-06-28,верх. половина,0.5598159509202453,False,False,-,False,False,True,,
BNBUSDT,W,2021-07-05,верх. половина,0.7972802820448246,True,False,H,True,False,True,opp,opp
BNBUSDT,W,2021-07-12,верх. половина,0.6275089795055989,False,True,L,False,False,False,cont,cont
BNBUSDT,W,2021-07-19,нижн. половина,0.2677272727272721,False,True,L,False,False,False,opp,opp
BNBUSDT,W,2021-07-26,верх. половина,0.8940677966101696,True,False,H,True,False,True,cont,cont
BNBUSDT,W,2021-08-02,верх. половина,0.6936848317922487,True,False,H,False,False,True,cont,cont
BNBUSDT,W,2021-08-09,верх. половина,0.5806150978564774,True,False,H,True,False,True,cont,cont
BNBUSDT,W,2021-08-16,верх. половина,0.9403643114050348,True,False,H,True,False,True,cont,cont
BNBUSDT,W,2021-08-23,верх. половина,0.8462551006976436,True,False,H,True,False,True,opp,opp
BNBUSDT,W,2021-08-30,нижн. половина,0.451990632318501,False,False,-,False,False,True,,
BNBUSDT,W,2021-09-06,верх. половина,0.9097972972972969,False,True,L,False,True,False,cont,cont
BNBUSDT,W,2021-09-13,нижн. половина,0.47066441441441453,False,False,-,False,False,False,,
BNBUSDT,W,2021-09-20,нижн. половина,0.49539128863184484,False,True,L,False,True,False,opp,opp
BNBUSDT,W,2021-09-27,нижн. половина,0.2733670552012317,True,False,H,True,False,True,cont,cont
BNBUSDT,W,2021-10-04,верх. половина,0.9260929590427982,True,False,H,False,False,True,cont,cont
BNBUSDT,W,2021-10-11,нижн. половина,0.05634373733279343,True,True,L,True,False,True,,
BNBUSDT,W,2021-10-18,верх. половина,0.8464354942924834,True,False,H,False,False,True,cont,opp
BNBUSDT,W,2021-10-25,нижн. половина,0.27759276879162725,True,True,L,True,False,True,,
BNBUSDT,W,2021-11-01,верх. половина,0.8462984513472388,True,False,H,True,False,True,-,opp
BNBUSDT,W,2021-11-08,верх. половина,0.872818897637795,False,False,-,False,False,True,,
BNBUSDT,W,2021-11-15,верх. половина,0.8650862068965518,False,True,L,False,False,False,cont,opp
BNBUSDT,W,2021-11-22,нижн. половина,0.47502099076406384,False,False,-,False,False,True,,
BNBUSDT,W,2021-11-29,верх. половина,0.5465482669722143,False,True,L,False,False,False,cont,opp
BNBUSDT,W,2021-12-06,нижн. половина,0.4410157891577114,False,False,-,False,False,True,,
BNBUSDT,W,2021-12-13,нижн. половина,0.43577761802060916,False,True,L,False,True,False,cont,cont
BNBUSDT,W,2021-12-20,нижн. половина,0.40228082679971544,False,False,-,False,False,True,,
BNBUSDT,W,2021-12-27,верх. половина,0.8357408171687983,True,False,H,False,False,True,opp,opp
BNBUSDT,W,2022-01-03,нижн. половина,0.37753864807517373,False,True,L,False,True,False,cont,cont
BNBUSDT,W,2022-01-10,нижн. половина,0.1944019057342183,False,True,L,False,False,True,cont,opp
BNBUSDT,W,2022-01-17,верх. половина,0.92958032720252,False,True,L,False,True,False,cont,cont
BNBUSDT,W,2022-01-24,нижн. половина,0.29645582082205274,False,False,-,False,False,False,,
BNBUSDT,W,2022-01-31,верх. половина,0.6148750376392648,True,False,H,True,False,True,cont,cont
BNBUSDT,W,2022-02-07,верх. половина,0.8497613030047741,True,False,H,False,False,True,opp,opp
BNBUSDT,W,2022-02-14,нижн. половина,0.10060400151000344,False,True,L,False,True,False,cont,cont
BNBUSDT,W,2022-02-21,нижн. половина,0.08298151113699212,False,True,L,False,True,False,opp,opp
BNBUSDT,W,2022-02-28,верх. половина,0.5249325188236968,True,False,H,False,False,True,cont,cont
BNBUSDT,W,2022-03-07,нижн. половина,0.25947995666305546,False,False,-,False,False,False,,
BNBUSDT,W,2022-03-14,нижн. половина,0.03564771668220012,True,True,L,False,False,True,,
BNBUSDT,W,2022-03-21,верх. половина,0.6694127587663712,True,False,H,True,False,True,cont,cont
BNBUSDT,W,2022-03-28,верх. половина,0.9733791326749677,True,False,H,True,False,True,cont,cont
BNBUSDT,W,2022-04-04,верх. половина,0.8736302168337617,True,False,H,False,False,False,opp,opp
BNBUSDT,W,2022-04-11,нижн. половина,0.03932711979995494,False,True,L,False,True,False,cont,cont
BNBUSDT,W,2022-04-18,нижн. половина,0.4284917758572624,True,False,H,False,False,False,opp,opp
BNBUSDT,W,2022-04-25,нижн. половина,0.08041468198374908,False,True,L,False,True,False,cont,opp
BNBUSDT,W,2022-05-02,нижн. половина,0.41209563994374204,True,True,H,False,True,False,,
BNBUSDT,W,2022-05-09,нижн. половина,0.10370826280966315,False,True,L,False,True,False,cont,cont
BNBUSDT,W,2022-05-16,верх. половина,0.6699579831932774,False,False,-,False,False,True,,
BNBUSDT,W,2022-05-23,верх. половина,0.8784145688269948,True,False,H,False,False,True,opp,opp
BNBUSDT,W,2022-05-30,нижн. половина,0.3244546979865777,False,False,-,False,False,False,,
BNBUSDT,W,2022-06-06,нижн. половина,0.18573224387177958,False,True,L,False,True,False,cont,cont
BNBUSDT,W,2022-06-13,нижн. половина,0.06319522811542781,False,True,L,False,True,False,opp,opp
BNBUSDT,W,2022-06-20,нижн. половина,0.4263939029281992,False,False,-,False,False,True,,
BNBUSDT,W,2022-06-27,верх. половина,0.7152625152625155,False,False,-,False,False,False,,
BNBUSDT,W,2022-07-04,нижн. половина,0.36400322841000793,True,False,H,False,False,True,cont,opp
BNBUSDT,W,2022-07-11,верх. половина,0.5817391304347824,True,False,H,False,False,True,cont,cont
BNBUSDT,W,2022-07-18,верх. половина,0.797519615287269,True,False,H,True,False,True,cont,cont
BNBUSDT,W,2022-07-25,верх. половина,0.5023835716905023,True,True,L,True,False,True,,
BNBUSDT,W,2022-08-01,верх. половина,0.6952667405413961,True,False,H,True,False,True,cont,cont
BNBUSDT,W,2022-08-08,верх. половина,0.9377769215950681,True,False,H,False,False,True,opp,opp
BNBUSDT,W,2022-08-15,нижн. половина,0.22262479871175436,False,True,L,False,True,False,cont,cont
BNBUSDT,W,2022-08-22,верх. половина,0.5257237691314772,False,True,L,False,False,False,cont,cont
BNBUSDT,W,2022-08-29,нижн. половина,0.09783228750713083,False,True,L,False,False,False,cont,cont
BNBUSDT,W,2022-09-05,нижн. половина,0.4009237875288691,True,True,L,True,False,True,,
BNBUSDT,W,2022-09-12,верх. половина,0.9162984781541477,True,False,H,False,False,False,opp,opp
BNBUSDT,W,2022-09-19,нижн. половина,0.10694481119619781,False,True,L,False,False,False,cont,opp
BNBUSDT,W,2022-09-26,верх. половина,0.6104791451223711,True,False,H,False,False,True,cont,cont
BNBUSDT,W,2022-10-03,верх. половина,0.7822580645161292,True,False,H,False,False,True,opp,opp
BNBUSDT,W,2022-10-10,нижн. половина,0.1358765537933995,False,True,L,False,True,False,opp,opp
BNBUSDT,W,2022-10-17,верх. половина,0.7182572614107878,False,False,-,False,False,True,,
BNBUSDT,W,2022-10-24,верх. половина,0.9335793357933597,True,False,H,True,False,True,cont,cont
BNBUSDT,W,2022-10-31,верх. половина,0.8772954924874793,True,False,H,True,False,True,cont,cont
BNBUSDT,W,2022-11-07,верх. половина,0.5729987177138668,True,True,H,False,True,False,,
BNBUSDT,W,2022-11-14,нижн. половина,0.11721821170752608,False,False,-,False,False,False,,
BNBUSDT,W,2022-11-21,нижн. половина,0.08928571428571425,True,True,L,True,False,True,,
BNBUSDT,W,2022-11-28,верх. половина,0.8452380952380949,False,False,-,False,False,True,,
BNBUSDT,W,2022-12-05,нижн. половина,0.30471584038694083,False,True,L,False,False,False,cont,cont
BNBUSDT,W,2022-12-12,нижн. половина,0.25449275362318763,False,True,L,False,True,False,opp,opp
BNBUSDT,W,2022-12-19,нижн. половина,0.47657536296961533,False,False,-,False,False,False,,
BNBUSDT,W,2022-12-26,нижн. половина,0.38617886178861827,False,False,-,False,False,False,,
BNBUSDT,W,2023-01-02,нижн. половина,0.3520642201834855,True,True,L,True,False,True,,
BNBUSDT,W,2023-01-09,верх. половина,0.9371584699453549,True,False,H,True,False,True,cont,cont
BNBUSDT,W,2023-01-16,верх. половина,0.7103692239663936,False,False,-,False,False,True,,
BNBUSDT,W,2023-01-23,верх. половина,0.7148867313915854,True,False,H,True,False,True,cont,cont
BNBUSDT,W,2023-01-30,верх. половина,0.7778132992327368,True,False,H,True,False,True,opp,opp
BNBUSDT,W,2023-02-06,верх. половина,0.725201072386059,False,False,-,False,False,False,,
BNBUSDT,W,2023-02-13,нижн. половина,0.31358381502890104,False,True,L,False,False,False,cont,opp
BNBUSDT,W,2023-02-20,верх. половина,0.6318897637795269,False,False,-,False,False,True,,
BNBUSDT,W,2023-02-27,верх. половина,0.5444535073409476,False,True,L,False,True,False,cont,cont
BNBUSDT,W,2023-03-06,нижн. половина,0.14761513157894637,False,True,L,False,False,False,opp,opp
BNBUSDT,W,2023-03-13,верх. половина,0.7933243425488877,True,False,H,True,False,True,cont,cont
BNBUSDT,W,2023-03-20,верх. половина,0.8332218133154905,False,False,-,False,False,True,,
BNBUSDT,W,2023-03-27,верх. половина,0.5225531914893605,False,True,L,False,True,False,cont,cont
BNBUSDT,W,2023-04-03,нижн. половина,0.3352625051674252,False,True,L,False,False,False,opp,opp
BNBUSDT,W,2023-04-10,верх. половина,0.7793740379681884,True,False,H,True,False,True,opp,opp
BNBUSDT,W,2023-04-17,верх. половина,0.9065934065934064,False,False,-,False,False,False,,
BNBUSDT,W,2023-04-24,нижн. половина,0.4297800338409474,False,False,-,False,False,True,,
BNBUSDT,W,2023-05-01,верх. половина,0.7019579405366216,False,False,-,False,False,False,,
BNBUSDT,W,2023-05-08,нижн. половина,0.10371517027864026,False,True,L,False,True,False,cont,cont
BNBUSDT,W,2023-05-15,верх. половина,0.5205152671755742,False,False,-,False,False,False,,
BNBUSDT,W,2023-05-22,нижн. половина,0.0737327188940105,False,True,L,False,False,True,opp,opp
BNBUSDT,W,2023-05-29,верх. половина,0.9110493398193208,True,False,H,False,False,False,opp,opp
BNBUSDT,W,2023-06-05,нижн. половина,0.13980716253443692,False,True,L,False,True,False,cont,cont
BNBUSDT,W,2023-06-12,нижн. половина,0.12700984669076398,False,True,L,False,False,False,-,cont
BNBUSDT,W,2023-06-19,верх. половина,0.7282377919320592,True,False,H,False,False,True,cont,opp
BNBUSDT,W,2023-06-26,нижн. половина,0.3533167789996456,False,True,L,False,False,True,opp,opp
BNBUSDT,W,2023-07-03,верх. половина,0.9026111503175727,True,False,H,False,False,False,cont,opp
BNBUSDT,W,2023-07-10,нижн. половина,0.12513801987486212,True,False,H,False,False,False,opp,opp
BNBUSDT,W,2023-07-17,нижн. половина,0.3587886767610272,False,False,-,False,False,False,,
BNBUSDT,W,2023-07-24,верх. половина,0.5831578947368413,False,True,L,False,False,True,opp,opp
BNBUSDT,W,2023-07-31,верх. половина,0.7799586776859511,True,True,H,False,False,True,,
BNBUSDT,W,2023-08-07,верх. половина,0.6029935851746243,False,False,-,False,False,False,,
BNBUSDT,W,2023-08-14,нижн. половина,0.18438381937911605,False,True,L,False,True,False,cont,cont
BNBUSDT,W,2023-08-21,нижн. половина,0.3240465242088177,False,True,L,False,False,False,cont,opp
BNBUSDT,W,2023-08-28,верх. половина,0.8459051724137939,True,False,H,False,False,True,opp,opp
BNBUSDT,W,2023-09-04,нижн. половина,0.11617067049121485,False,True,L,False,False,False,cont,cont
BNBUSDT,W,2023-09-11,нижн. половина,0.16333333333333322,False,True,L,False,False,True,opp,opp
BNBUSDT,W,2023-09-18,верх. половина,0.953647416413375,True,False,H,False,False,False,cont,opp
BNBUSDT,W,2023-09-25,нижн. половина,0.1513583441138423,False,False,-,False,False,True,,
BNBUSDT,W,2023-10-02,верх. половина,0.8777032065622659,True,False,H,False,False,False,opp,opp
BNBUSDT,W,2023-10-09,нижн. половина,0.207692307692309,False,True,L,False,False,False,opp,opp
BNBUSDT,W,2023-10-16,верх. половина,0.6219602063375094,True,False,H,True,False,True,cont,cont
BNBUSDT,W,2023-10-23,верх. половина,0.8181063122923589,True,False,H,True,False,True,cont,cont
BNBUSDT,W,2023-10-30,нижн. половина,0.47407753386268,True,False,H,True,False,True,cont,cont
BNBUSDT,W,2023-11-06,верх. половина,0.9293712316968137,True,False,H,True,False,True,cont,opp
BNBUSDT,W,2023-11-13,нижн. половина,0.45285935085007695,False,True,L,False,False,False,opp,opp
BNBUSDT,W,2023-11-20,верх. половина,0.5860726643598619,True,True,H,False,True,False,,
BNBUSDT,W,2023-11-27,нижн. половина,0.16336224700536955,False,True,L,False,False,False,opp,opp
BNBUSDT,W,2023-12-04,верх. половина,0.5415094339622653,True,False,H,True,False,True,cont,opp
BNBUSDT,W,2023-12-11,верх. половина,0.7396242900830065,True,False,H,False,False,True,cont,opp
BNBUSDT,W,2023-12-18,нижн. половина,0.42440570522979376,True,False,H,True,False,True,cont,cont
BNBUSDT,W,2023-12-25,верх. половина,0.7267151294865976,True,False,H,True,False,True,cont,cont
BNBUSDT,W,2024-01-01,верх. половина,0.6554424432263113,False,False,-,False,False,True,,
BNBUSDT,W,2024-01-08,нижн. половина,0.34096484055600984,False,False,-,False,False,False,,
BNBUSDT,W,2024-01-15,нижн. половина,0.39235624123422175,True,False,H,True,False,True,opp,opp
BNBUSDT,W,2024-01-22,верх. половина,0.8313465783664464,False,True,L,False,False,False,opp,opp
BNBUSDT,W,2024-01-29,верх. половина,0.5467117393976647,False,False,-,False,False,True,,
BNBUSDT,W,2024-02-05,нижн. половина,0.4976105137395482,True,False,H,True,False,True,cont,cont
BNBUSDT,W,2024-02-12,верх. половина,0.7964501510574025,True,False,H,True,False,True,cont,cont
BNBUSDT,W,2024-02-19,верх. половина,0.6677587203700133,True,False,H,True,False,True,cont,cont
BNBUSDT,W,2024-02-26,верх. половина,0.940347071583514,True,False,H,True,False,True,cont,cont
BNBUSDT,W,2024-03-04,верх. половина,0.7310238305383937,True,True,H,True,False,True,,
BNBUSDT,W,2024-03-11,верх. половина,0.949236129723935,True,False,H,True,False,True,-,cont
BNBUSDT,W,2024-03-18,нижн. половина,0.47293668739400785,False,True,L,False,False,False,cont,opp
BNBUSDT,W,2024-03-25,верх. половина,0.7829957711996439,True,False,H,True,False,True,cont,opp
BNBUSDT,W,2024-04-01,верх. половина,0.7426319396847154,False,True,L,False,False,False,opp,opp
BNBUSDT,W,2024-04-08,верх. половина,0.6517949475550309,True,True,H,False,False,False,,
BNBUSDT,W,2024-04-15,верх. половина,0.5385314685314685,False,False,-,False,False,True,,
BNBUSDT,W,2024-04-22,верх. половина,0.9217976910390316,True,False,H,True,False,True,cont,opp
BNBUSDT,W,2024-04-29,верх. половина,0.5222544750846642,False,True,L,False,False,False,opp,opp
BNBUSDT,W,2024-05-06,верх. половина,0.8140997513529337,True,False,H,False,False,True,cont,opp
BNBUSDT,W,2024-05-13,верх. половина,0.5832626519649419,False,True,L,False,False,False,opp,opp
BNBUSDT,W,2024-05-20,нижн. половина,0.37975013014055303,True,False,H,True,False,True,cont,cont
BNBUSDT,W,2024-05-27,верх. половина,0.5031591924795806,False,False,-,False,False,True,,
BNBUSDT,W,2024-06-03,верх. половина,0.5870093782563389,True,False,H,True,False,True,opp,opp
BNBUSDT,W,2024-06-10,верх. половина,0.5882643403835068,False,True,L,False,False,False,cont,cont
BNBUSDT,W,2024-06-17,нижн. половина,0.24325915459790393,False,True,L,False,True,False,cont,cont
BNBUSDT,W,2024-06-24,нижн. половина,0.08850246561121128,False,True,L,False,False,False,cont,cont
BNBUSDT,W,2024-07-01,верх. половина,0.9226566992524425,True,True,H,False,True,False,,
BNBUSDT,W,2024-07-08,нижн. половина,0.27975270479134456,False,False,-,False,False,True,,
BNBUSDT,W,2024-07-15,верх. половина,0.962385675640861,True,False,H,True,False,True,cont,cont
BNBUSDT,W,2024-07-22,верх. половина,0.9750871948181365,True,False,H,False,False,True,opp,opp
BNBUSDT,W,2024-07-29,верх. половина,0.5880241783150743,False,True,L,False,True,False,cont,cont
BNBUSDT,W,2024-08-05,нижн. половина,0.09668161434977605,False,True,L,False,False,False,opp,opp
BNBUSDT,W,2024-08-12,верх. половина,0.7630729502905098,True,False,H,False,False,True,cont,cont
BNBUSDT,W,2024-08-19,верх. половина,0.6570426892142708,True,False,H,True,False,True,opp,opp
BNBUSDT,W,2024-08-26,верх. половина,0.6459997095977931,False,True,L,False,True,False,cont,cont
BNBUSDT,W,2024-09-02,нижн. половина,0.0741826711625853,False,True,L,False,True,False,opp,opp
BNBUSDT,W,2024-09-09,нижн. половина,0.4740894284868226,True,False,H,True,False,True,cont,cont
BNBUSDT,W,2024-09-16,верх. половина,0.8536301711247724,True,False,H,True,False,True,cont,cont
BNBUSDT,W,2024-09-23,верх. половина,0.9062408865558463,True,False,H,True,False,True,cont,opp
BNBUSDT,W,2024-09-30,нижн. половина,0.3856502242152471,False,True,L,False,True,False,opp,opp
BNBUSDT,W,2024-10-07,верх. половина,0.5892885691446839,False,False,-,False,False,True,,
BNBUSDT,W,2024-10-14,верх. половина,0.5893611032929938,True,False,H,True,False,True,cont,cont
BNBUSDT,W,2024-10-21,верх. половина,0.9644165358451069,True,True,H,False,False,True,,
BNBUSDT,W,2024-10-28,верх. половина,0.5150880134115681,True,True,H,False,True,False,,
BNBUSDT,W,2024-11-04,нижн. половина,0.1679527916477519,True,True,L,True,False,True,,
BNBUSDT,W,2024-11-11,верх. половина,0.8314827552323869,True,False,H,False,False,True,cont,opp
BNBUSDT,W,2024-11-18,нижн. половина,0.28956808724350763,True,True,L,False,False,True,,
BNBUSDT,W,2024-11-25,верх. половина,0.7042490534286917,False,False,-,False,False,True,,
BNBUSDT,W,2024-12-02,верх. половина,0.7268180069257414,True,False,H,True,False,True,opp,opp
BNBUSDT,W,2024-12-09,верх. половина,0.6997667638483964,False,False,-,False,False,True,,
BNBUSDT,W,2024-12-16,верх. половина,0.7863504180298073,False,True,L,False,False,False,opp,opp
BNBUSDT,W,2024-12-23,нижн. половина,0.2676629306766293,False,False,-,False,False,True,,
BNBUSDT,W,2024-12-30,верх. половина,0.6055567474790821,False,False,-,False,False,True,,
BNBUSDT,W,2025-01-06,верх. половина,0.6371175293108365,True,True,H,False,False,False,,
BNBUSDT,W,2025-01-13,нижн. половина,0.266390041493776,False,True,L,False,False,False,cont,opp
BNBUSDT,W,2025-01-20,нижн. половина,0.3599023993493285,False,False,-,False,False,False,,
BNBUSDT,W,2025-01-27,нижн. половина,0.054525627044710985,False,True,L,False,True,False,cont,cont
BNBUSDT,W,2025-02-03,нижн. половина,0.20898480510900716,False,True,L,False,False,False,opp,opp
BNBUSDT,W,2025-02-10,верх. половина,0.7868497598592978,True,False,H,True,False,True,-,opp
BNBUSDT,W,2025-02-17,верх. половина,0.5679881437569466,False,False,-,False,False,False,,
BNBUSDT,W,2025-02-24,верх. половина,0.5355977739397421,False,True,L,False,True,False,cont,cont
BNBUSDT,W,2025-03-03,верх. половина,0.6447646880983574,False,True,L,False,True,False,cont,cont
BNBUSDT,W,2025-03-10,нижн. половина,0.11354937484052026,False,True,L,False,False,True,opp,opp
BNBUSDT,W,2025-03-17,верх. половина,0.8214837712519322,True,False,H,True,False,True,cont,cont
BNBUSDT,W,2025-03-24,верх. половина,0.5108225108225105,True,True,H,False,True,False,,
BNBUSDT,W,2025-03-31,нижн. половина,0.17324816105304008,False,True,L,False,True,False,cont,cont
BNBUSDT,W,2025-04-07,нижн. половина,0.15327481431465267,False,True,L,False,False,True,opp,opp
BNBUSDT,W,2025-04-14,верх. половина,0.8237831858407073,False,False,-,False,False,True,,
BNBUSDT,W,2025-04-21,верх. половина,0.8455734406438606,True,False,H,True,False,True,cont,opp
BNBUSDT,W,2025-04-28,нижн. половина,0.4052894924946399,False,True,L,False,True,False,cont,cont
BNBUSDT,W,2025-05-05,нижн. половина,0.0559309309309313,True,True,L,True,False,True,,
BNBUSDT,W,2025-05-12,верх. половина,0.7099823413316717,True,False,H,False,False,True,cont,cont
BNBUSDT,W,2025-05-19,нижн. половина,0.29298509961493435,False,True,L,False,False,True,opp,opp
BNBUSDT,W,2025-05-26,верх. половина,0.6147008547008553,True,False,H,False,False,False,opp,opp
BNBUSDT,W,2025-06-02,нижн. половина,0.29381735677821835,False,True,L,False,False,False,cont,opp
BNBUSDT,W,2025-06-09,верх. половина,0.5724231289885903,True,False,H,False,False,True,opp,opp
BNBUSDT,W,2025-06-16,нижн. половина,0.2802375809935198,False,True,L,False,True,False,opp,opp
BNBUSDT,W,2025-06-23,нижн. половина,0.25225685573156276,False,False,-,False,False,True,,
BNBUSDT,W,2025-06-30,верх. половина,0.9733009708737885,True,False,H,True,False,True,cont,cont
BNBUSDT,W,2025-07-07,верх. половина,0.912558139534884,True,False,H,True,False,True,cont,cont
BNBUSDT,W,2025-07-14,верх. половина,0.867974806201552,True,False,H,True,False,True,cont,cont
BNBUSDT,W,2025-07-21,верх. половина,0.9020381328073642,True,False,H,True,False,True,cont,cont
BNBUSDT,W,2025-07-28,верх. половина,0.9687826169465797,True,True,H,False,False,False,,
BNBUSDT,W,2025-08-04,нижн. половина,0.15967410340363986,False,False,-,False,False,True,,
BNBUSDT,W,2025-08-11,верх. половина,0.8359973136333105,True,False,H,True,False,True,cont,cont
BNBUSDT,W,2025-08-18,верх. половина,0.8203668564199881,True,False,H,True,False,True,cont,opp
BNBUSDT,W,2025-08-25,верх. половина,0.7013938956981494,False,False,-,False,False,False,,
BNBUSDT,W,2025-09-01,верх. половина,0.5373105697295222,True,False,H,False,False,True,cont,cont
BNBUSDT,W,2025-09-08,верх. половина,0.9045818505338062,True,False,H,True,False,True,cont,cont
BNBUSDT,W,2025-09-15,верх. половина,0.7477951823088066,True,False,H,True,False,True,cont,cont
BNBUSDT,W,2025-09-22,верх. половина,0.7920706371191137,False,False,-,False,False,False,,
BNBUSDT,W,2025-09-29,верх. половина,0.5104316242925929,True,False,H,True,False,True,cont,cont
BNBUSDT,W,2025-10-06,верх. половина,0.8742449747499749,True,True,H,True,False,True,,
BNBUSDT,W,2025-10-13,верх. половина,0.8887652741465947,True,False,H,False,False,True,opp,opp
BNBUSDT,W,2025-10-20,нижн. половина,0.24905969853793716,False,False,-,False,False,False,,
BNBUSDT,W,2025-10-27,верх. половина,0.7981255168611592,True,True,H,False,False,False,,
BNBUSDT,W,2025-11-03,нижн. половина,0.2992485427347433,False,True,L,False,True,False,cont,cont
BNBUSDT,W,2025-11-10,верх. половина,0.5623289972639564,False,False,-,False,False,False,,
BNBUSDT,W,2025-11-17,нижн. половина,0.29813854134879425,False,True,L,False,True,False,-,opp
BNBUSDT,W,2025-11-24,нижн. половина,0.3520174915523751,False,False,-,False,False,True,,
BNBUSDT,W,2025-12-01,верх. половина,0.5872191193661519,True,True,L,False,False,True,,
BNBUSDT,W,2025-12-08,верх. половина,0.732742390963288,False,False,-,False,False,True,,
BNBUSDT,W,2025-12-15,нижн. половина,0.26532083633741893,False,True,L,False,True,False,opp,opp
BNBUSDT,W,2025-12-22,верх. половина,0.5253278477757782,False,False,-,False,False,True,,
BNBUSDT,W,2025-12-29,верх. половина,0.7676070230814742,True,False,H,True,False,True,cont,cont
BNBUSDT,W,2026-01-05,верх. половина,0.864639443961773,True,False,H,True,False,True,cont,cont
BNBUSDT,W,2026-01-12,верх. половина,0.5969101123595502,True,False,H,True,False,True,opp,opp
BNBUSDT,W,2026-01-19,верх. половина,0.5820288982540645,False,True,L,False,True,False,cont,cont
BNBUSDT,W,2026-01-26,нижн. половина,0.1367796828670879,False,True,L,False,True,False,cont,cont
BNBUSDT,W,2026-02-02,нижн. половина,0.11194599354270647,False,True,L,False,True,False,cont,cont
BNBUSDT,W,2026-02-09,нижн. половина,0.32037963924827667,False,False,-,False,False,False,,
BNBUSDT,W,2026-02-16,нижн. половина,0.47469635627530365,False,False,-,False,False,False,,
BNBUSDT,W,2026-02-23,нижн. половина,0.49448068238836,True,True,L,False,False,True,,
BNBUSDT,W,2026-03-02,верх. половина,0.6447062470934745,True,False,H,False,False,True,cont,cont
BNBUSDT,W,2026-03-09,нижн. половина,0.07049430949550009,True,False,H,True,False,True,cont,cont
BNBUSDT,W,2026-03-16,верх. половина,0.9205288391689667,True,False,H,False,False,False,opp,opp
BNBUSDT,W,2026-03-23,нижн. половина,0.06817496229261072,False,True,L,False,True,False,cont,cont
BNBUSDT,W,2026-03-30,нижн. половина,0.17264299457757584,False,True,L,False,False,False,opp,opp
BNBUSDT,W,2026-04-06,верх. половина,0.5988450433108768,True,False,H,False,False,False,cont,opp
BNBUSDT,W,2026-04-13,нижн. половина,0.08947804473902253,True,False,H,False,False,True,cont,cont
BNBUSDT,W,2026-04-20,нижн. половина,0.4289693593314757,True,False,H,False,False,True,cont,opp
BNBUSDT,W,2026-04-27,верх. половина,0.5159120310478642,False,True,L,False,False,False,opp,opp
BNBUSDT,W,2026-05-04,нижн. половина,0.2426055167829864,True,False,H,True,False,True,cont,cont
BNBUSDT,W,2026-05-11,верх. половина,0.9391642371234209,True,False,H,False,False,True,cont,opp
BNBUSDT,W,2026-05-18,нижн. половина,0.1930761622156281,False,True,L,False,False,False,cont,opp
BNBUSDT,W,2026-05-25,верх. половина,0.7355832241153334,True,True,H,True,False,True,,
BNBUSDT,W,2026-06-01,верх. половина,0.6980621139036977,False,True,L,False,True,False,cont,cont
BNBUSDT,W,2026-06-08,нижн. половина,0.2746963098785243,False,False,-,False,False,False,,
BNBUSDT,W,2026-06-15,верх. половина,0.9877484345221877,True,True,H,False,False,False,,
BNBUSDT,W,2026-06-22,нижн. половина,0.22170641908115782,False,True,L,False,True,False,cont,cont
BNBUSDT,W,2026-06-29,нижн. половина,0.175309038368919,False,True,L,False,False,True,opp,opp
BNBUSDT,W,2026-07-06,верх. половина,0.9377211606510953,False,False,-,False,False,True,,
BNBUSDT,W,2026-07-13,нижн. половина,0.41060606060605925,False,True,L,False,False,False,opp,opp
BNBUSDT,W,2026-07-20,верх. половина,0.5135399673735696,False,False,-,False,False,True,,
BNBUSDT,W,2026-07-27,верх. половина,0.8098006644518259,True,False,H,True,False,True,cont,cont
BNBUSDT,W,2026-08-03,верх. половина,0.7730870712401053,True,False,H,True,False,True,cont,cont
BNBUSDT,W,2026-08-10,верх. половина,0.6793425717048013,True,False,H,False,False,True,cont,cont
BNBUSDT,W,2026-08-17,нижн. половина,0.24495058014610813,True,False,H,True,False,True,cont,cont
BNBUSDT,W,2026-08-24,верх. половина,0.8092462786484995,False,False,-,False,False,True,,
BNBUSDT,W,2026-08-31,нижн. половина,0.14123456790123523,True,True,L,True,False,True,,
BNBUSDT,W,2026-09-07,верх. половина,0.7373167981961667,False,False,-,False,False,False,,
BNBUSDT,W,2026-09-14,нижн. половина,0.23323714140213914,True,False,H,True,False,True,cont,cont
BNBUSDT,W,2026-09-21,верх. половина,0.9271942834029934,True,False,H,True,False,True,cont,cont
BNBUSDT,W,2026-09-28,нижн. половина,0.4370860927152326,False,True,L,False,False,True,opp,opp
BNBUSDT,M,2020-03-01,нижн. половина,0.159756600660066,False,True,L,False,True,False,-,cont
BNBUSDT,M,2020-04-01,нижн. половина,0.4057551178061028,False,False,-,False,False,True,,
BNBUSDT,M,2020-05-01,верх. половина,0.8023312287518213,True,False,H,False,False,True,cont,cont
BNBUSDT,M,2020-06-01,верх. половина,0.7583643122676579,True,False,H,False,False,False,cont,opp
BNBUSDT,M,2020-07-01,нижн. половина,0.20130422455344454,True,False,H,True,False,True,cont,cont
BNBUSDT,M,2020-08-01,верх. половина,0.9661220980223562,True,False,H,True,False,True,cont,cont
BNBUSDT,M,2020-09-01,верх. половина,0.8348690153568206,True,True,H,True,False,True,,
BNBUSDT,M,2020-10-01,верх. половина,0.7338437581105631,False,False,-,False,False,True,,
BNBUSDT,M,2020-11-01,нижн. половина,0.4273044489677232,True,False,H,False,False,True,cont,opp
BNBUSDT,M,2020-12-01,верх. половина,0.5995255775577556,True,False,H,True,False,True,cont,cont
BNBUSDT,M,2021-01-01,верх. половина,0.8353328628557986,True,False,H,True,False,True,cont,cont
BNBUSDT,M,2021-02-01,верх. половина,0.7510187449062754,True,False,H,True,False,True,cont,cont
BNBUSDT,M,2021-03-01,верх. половина,0.543991493303586,False,False,-,False,False,True,,
BNBUSDT,M,2021-04-01,верх. половина,0.8604531505540345,True,False,H,True,False,True,cont,cont
BNBUSDT,M,2021-05-01,верх. половина,0.9501767304860089,True,True,H,False,False,False,,
BNBUSDT,M,2021-06-01,нижн. половина,0.29475257389571574,False,False,-,False,False,False,,
BNBUSDT,M,2021-07-01,нижн. половина,0.3788975769861956,False,False,-,False,False,True,,
BNBUSDT,M,2021-08-01,верх. половина,0.9191142191142192,True,False,H,True,False,True,cont,cont
BNBUSDT,M,2021-09-01,верх. половина,0.7270395580546513,False,False,-,False,False,False,,
BNBUSDT,M,2021-10-01,нижн. половина,0.3534038231157871,True,False,H,True,False,True,cont,cont
BNBUSDT,M,2021-11-01,верх. половина,0.8931748895663538,True,False,H,True,False,True,opp,opp
BNBUSDT,M,2021-12-01,верх. половина,0.7033070866141731,False,True,L,False,False,False,cont,cont
BNBUSDT,M,2022-01-01,нижн. половина,0.16431530287566792,False,True,L,False,True,False,cont,cont
BNBUSDT,M,2022-02-01,нижн. половина,0.19533851276359587,False,True,L,False,False,False,cont,opp
BNBUSDT,M,2022-03-01,верх. половина,0.5916217540421363,True,False,H,False,False,True,cont,cont
BNBUSDT,M,2022-04-01,верх. половина,0.7438334223171381,True,False,H,False,False,False,opp,opp
BNBUSDT,M,2022-05-01,нижн. половина,0.009374629168149564,False,True,L,False,True,False,cont,cont
BNBUSDT,M,2022-06-01,верх. половина,0.528616972825262,False,True,L,False,False,False,-,opp
BNBUSDT,M,2022-07-01,нижн. половина,0.2574313351691026,False,False,-,False,False,True,,
BNBUSDT,M,2022-08-01,верх. половина,0.7843378893121219,True,False,H,False,False,True,cont,opp
BNBUSDT,M,2022-09-01,нижн. половина,0.10852832512315291,False,True,L,False,False,False,cont,cont
BNBUSDT,M,2022-10-01,верх. половина,0.6487414187643015,True,True,L,True,False,True,,
BNBUSDT,M,2022-11-01,верх. половина,0.8518339768339771,True,True,H,False,False,True,,
BNBUSDT,M,2022-12-01,нижн. половина,0.3380860799787785,False,True,L,False,True,False,-,opp
BNBUSDT,M,2023-01-01,нижн. половина,0.32905569007263946,True,False,H,True,False,True,cont,cont
BNBUSDT,M,2023-02-01,верх. половина,0.8574330783938814,True,False,H,False,False,True,cont,opp
BNBUSDT,M,2023-03-01,нижн. половина,0.33691756272401446,True,True,L,False,False,True,,
BNBUSDT,M,2023-04-01,верх. половина,0.642628599556978,True,False,H,False,False,True,opp,opp
BNBUSDT,M,2023-05-01,верх. половина,0.7277090640575965,False,False,-,False,False,False,,
BNBUSDT,M,2023-06-01,нижн. половина,0.15773968934118882,False,True,L,False,True,False,cont,cont
BNBUSDT,M,2023-07-01,нижн. половина,0.23073451427281946,False,False,-,False,False,False,,
BNBUSDT,M,2023-08-01,нижн. половина,0.3411078717201166,False,True,L,False,True,False,cont,cont
BNBUSDT,M,2023-09-01,нижн. половина,0.3017969257415029,False,False,-,False,False,False,,
BNBUSDT,M,2023-10-01,верх. половина,0.6171654432523999,True,True,H,True,False,True,,
BNBUSDT,M,2023-11-01,верх. половина,0.6729678638941395,True,False,H,False,False,True,cont,cont
BNBUSDT,M,2023-12-01,нижн. половина,0.10480000000000013,True,False,H,True,False,True,cont,cont
BNBUSDT,M,2024-01-01,верх. половина,0.7698343504795115,False,False,-,False,False,True,,
BNBUSDT,M,2024-02-01,нижн. половина,0.30968928863450473,True,False,H,True,False,True,cont,cont
BNBUSDT,M,2024-03-01,верх. половина,0.7908526775453918,True,False,H,True,False,True,cont,cont
BNBUSDT,M,2024-04-01,верх. половина,0.8638125680087049,False,False,-,False,False,True,,
BNBUSDT,M,2024-05-01,верх. половина,0.6204195804195806,True,False,H,False,False,True,cont,cont
BNBUSDT,M,2024-06-01,верх. половина,0.5992988244998968,True,False,H,False,False,False,opp,opp
BNBUSDT,M,2024-07-01,нижн. половина,0.18586736171445128,False,True,L,False,False,False,cont,cont
BNBUSDT,M,2024-08-01,верх. половина,0.8094399895690721,False,True,L,False,False,True,opp,opp
BNBUSDT,M,2024-09-01,верх. половина,0.6757902083956527,True,False,H,False,False,True,cont,cont
BNBUSDT,M,2024-10-01,верх. половина,0.6527759016614887,False,False,-,False,False,True,,
BNBUSDT,M,2024-11-01,верх. половина,0.5454774502393559,True,False,H,True,False,True,cont,cont
BNBUSDT,M,2024-12-01,верх. половина,0.7624724366041895,True,False,H,True,False,True,opp,opp
BNBUSDT,M,2025-01-01,нижн. половина,0.47937209565907296,False,False,-,False,False,False,,
BNBUSDT,M,2025-02-01,нижн. половина,0.3800218142155967,False,True,L,False,True,False,-,opp
BNBUSDT,M,2025-03-01,нижн. половина,0.38286404208529173,False,False,-,False,False,False,,
BNBUSDT,M,2025-04-01,верх. половина,0.7102026049204054,False,False,-,False,False,True,,
BNBUSDT,M,2025-05-01,верх. половина,0.8097948856962144,True,False,H,True,False,True,cont,cont
BNBUSDT,M,2025-06-01,верх. половина,0.6514176378500606,False,False,-,False,False,True,,
BNBUSDT,M,2025-07-01,верх. половина,0.7611292073832789,True,False,H,True,False,True,cont,cont
BNBUSDT,M,2025-08-01,верх. половина,0.6422157060386693,True,False,H,False,False,True,cont,cont
BNBUSDT,M,2025-09-01,верх. половина,0.7451117726025801,True,False,H,True,False,True,cont,cont
BNBUSDT,M,2025-10-01,верх. половина,0.6908748515986408,True,True,H,True,False,True,,
BNBUSDT,M,2025-11-01,нижн. половина,0.48006388268815436,False,True,L,False,False,False,cont,cont
BNBUSDT,M,2025-12-01,нижн. половина,0.27561063335840197,False,False,-,False,False,False,,
BNBUSDT,M,2026-01-01,нижн. половина,0.49662692187009766,True,True,H,False,True,False,,
BNBUSDT,M,2026-02-01,нижн. половина,0.1520185527000805,False,True,L,False,True,False,cont,cont
BNBUSDT,M,2026-03-01,нижн. половина,0.2073322001194469,False,False,-,False,False,False,,
BNBUSDT,M,2026-04-01,нижн. половина,0.23549265106151324,False,True,L,False,False,False,opp,opp
BNBUSDT,M,2026-05-01,верх. половина,0.5333808505583274,True,False,H,True,False,True,opp,opp
BNBUSDT,M,2026-06-01,верх. половина,0.7308997661965453,False,True,L,False,True,False,cont,cont
BNBUSDT,M,2026-07-01,нижн. половина,0.0332111052907283,False,True,L,False,False,False,opp,opp
BNBUSDT,M,2026-08-01,верх. половина,0.8434811941305455,True,False,H,True,False,True,cont,cont
BNBUSDT,M,2026-09-01,верх. половина,0.7687846203975234,True,False,H,True,False,True,cont,cont
XRPUSDT,W,2020-01-13,верх. половина,0.5657492354740061,True,False,H,True,False,True,cont,cont
XRPUSDT,W,2020-01-20,верх. половина,0.5714285714285713,False,False,-,False,False,False,,
XRPUSDT,W,2020-01-27,верх. половина,0.6228373702422149,True,False,H,True,False,True,cont,cont
XRPUSDT,W,2020-02-03,верх. половина,0.695530726256984,True,False,H,True,False,True,cont,cont
XRPUSDT,W,2020-02-10,верх. половина,0.8500000000000006,True,False,H,True,False,True,opp,opp
XRPUSDT,W,2020-02-17,нижн. половина,0.3176178660049629,False,True,L,False,False,False,cont,cont
XRPUSDT,W,2020-02-24,нижн. половина,0.4697286012526089,False,True,L,False,True,False,cont,cont
XRPUSDT,W,2020-03-02,нижн. половина,0.08025682182985558,False,True,L,False,True,False,cont,cont
XRPUSDT,W,2020-03-09,нижн. половина,0.11273486430062606,False,True,L,False,True,False,-,opp
XRPUSDT,W,2020-03-16,нижн. половина,0.4488188976377953,False,False,-,False,False,False,,
XRPUSDT,W,2020-03-23,нижн. половина,0.4189473684210525,True,False,H,False,False,True,cont,cont
XRPUSDT,W,2020-03-30,нижн. половина,0.42424242424242414,False,False,-,False,False,True,,
XRPUSDT,W,2020-04-06,верх. половина,0.6772908366533867,True,False,H,True,False,True,cont,opp
XRPUSDT,W,2020-04-13,нижн. половина,0.38805970149253716,False,True,L,False,False,False,opp,opp
XRPUSDT,W,2020-04-20,верх. половина,0.64406779661017,True,False,H,False,False,True,cont,cont
XRPUSDT,W,2020-04-27,верх. половина,0.8418604651162785,True,False,H,True,False,True,opp,opp
XRPUSDT,W,2020-05-04,верх. половина,0.6023529411764708,False,True,L,False,False,False,cont,opp
XRPUSDT,W,2020-05-11,нижн. половина,0.42460317460317465,False,False,-,False,False,True,,
XRPUSDT,W,2020-05-18,верх. половина,0.7612612612612613,True,False,H,False,False,False,cont,opp
XRPUSDT,W,2020-05-25,нижн. половина,0.1928934010152281,True,False,H,False,False,True,cont,cont
XRPUSDT,W,2020-06-01,верх. половина,0.5365853658536585,True,True,H,False,False,True,,
XRPUSDT,W,2020-06-08,верх. половина,0.8076923076923079,False,False,-,False,False,True,,
XRPUSDT,W,2020-06-15,нижн. половина,0.28124999999999994,False,True,L,False,False,False,cont,cont
XRPUSDT,W,2020-06-22,нижн. половина,0.2601156069364163,False,True,L,False,True,False,opp,opp
XRPUSDT,W,2020-06-29,нижн. половина,0.4,False,False,-,False,False,False,,
XRPUSDT,W,2020-07-06,верх. половина,0.6233766233766258,True,False,H,True,False,True,cont,cont
XRPUSDT,W,2020-07-13,верх. половина,0.6991643454038995,False,False,-,False,False,True,,
XRPUSDT,W,2020-07-20,верх. половина,0.631578947368421,True,False,H,True,False,True,cont,cont
XRPUSDT,W,2020-07-27,верх. половина,0.703488372093023,True,False,H,True,False,True,-,cont
XRPUSDT,W,2020-08-03,верх. половина,0.6598023064250411,False,False,-,False,False,True,,
XRPUSDT,W,2020-08-10,нижн. половина,0.2523148148148142,False,True,L,False,False,True,opp,opp
XRPUSDT,W,2020-08-17,верх. половина,0.9354066985645938,True,False,H,False,False,False,opp,opp
XRPUSDT,W,2020-08-24,нижн. половина,0.21480144404332066,False,True,L,False,False,False,cont,opp
XRPUSDT,W,2020-08-31,верх. половина,0.7692307692307689,True,True,H,False,True,False,,
XRPUSDT,W,2020-09-07,нижн. половина,0.1392572944297083,False,False,-,False,False,False,,
XRPUSDT,W,2020-09-14,верх. половина,0.5208333333333328,True,False,H,False,False,True,opp,opp
XRPUSDT,W,2020-09-21,верх. половина,0.5183673469387757,False,True,L,False,False,False,opp,opp
XRPUSDT,W,2020-09-28,верх. половина,0.8408304498269897,True,False,H,False,False,True,cont,cont
XRPUSDT,W,2020-10-05,верх. половина,0.8963963963963955,True,False,H,True,False,True,cont,opp
XRPUSDT,W,2020-10-12,верх. половина,0.7536231884057973,False,True,L,False,False,False,opp,opp
XRPUSDT,W,2020-10-19,нижн. половина,0.2121212121212115,True,True,H,False,False,True,,
XRPUSDT,W,2020-10-26,верх. половина,0.8330733229329175,False,False,-,False,False,True,,
XRPUSDT,W,2020-11-02,нижн. половина,0.35526315789473684,True,True,L,False,False,True,,
XRPUSDT,W,2020-11-09,верх. половина,0.6495098039215692,True,False,H,True,False,True,cont,cont
XRPUSDT,W,2020-11-16,верх. половина,0.7554179566563461,True,False,H,True,False,True,cont,cont
XRPUSDT,W,2020-11-23,верх. половина,0.7765726681127982,True,False,H,True,False,True,opp,opp
XRPUSDT,W,2020-11-30,нижн. половина,0.4938868353710548,False,False,-,False,False,True,,
XRPUSDT,W,2020-12-07,верх. половина,0.5621468926553674,False,True,L,False,True,False,cont,cont
XRPUSDT,W,2020-12-14,нижн. половина,0.20258620689655207,True,True,L,False,False,True,,
XRPUSDT,W,2020-12-21,верх. половина,0.5365853658536583,False,True,L,False,True,False,cont,cont
XRPUSDT,W,2020-12-28,нижн. половина,0.2040133779264214,False,True,L,False,False,False,opp,opp
XRPUSDT,W,2021-01-04,нижн. половина,0.39544807965860596,True,False,H,True,False,True,cont,opp
XRPUSDT,W,2021-01-11,верх. половина,0.6369426751592356,False,False,-,False,False,False,,
XRPUSDT,W,2021-01-18,нижн. половина,0.4119402985074629,True,True,H,False,False,False,,
XRPUSDT,W,2021-01-25,нижн. половина,0.38638858397365516,True,False,H,True,False,True,cont,cont
XRPUSDT,W,2021-02-01,верх. половина,0.9126811594202898,True,False,H,False,False,True,-,opp
XRPUSDT,W,2021-02-08,нижн. половина,0.18865214268613834,False,False,-,False,False,True,,
XRPUSDT,W,2021-02-15,верх. половина,0.7745813653928725,False,False,-,False,False,True,,
XRPUSDT,W,2021-02-22,верх. половина,0.5655976676384842,True,True,H,False,True,False,,
XRPUSDT,W,2021-03-01,нижн. половина,0.21115537848605576,False,False,-,False,False,False,,
XRPUSDT,W,2021-03-08,верх. половина,0.6509661835748793,False,False,-,False,False,False,,
XRPUSDT,W,2021-03-15,нижн. половина,0.2575976845151957,True,False,H,True,False,True,cont,cont
XRPUSDT,W,2021-03-22,верх. половина,0.7441130298273151,True,False,H,False,False,True,cont,cont
XRPUSDT,W,2021-03-29,верх. половина,0.6396337475474164,True,False,H,True,False,True,cont,cont
XRPUSDT,W,2021-04-05,верх. половина,0.9346349745331066,True,False,H,True,False,True,cont,cont
XRPUSDT,W,2021-04-12,верх. половина,0.8311864406779661,True,False,H,False,False,True,-,opp
XRPUSDT,W,2021-04-19,нижн. половина,0.3540478905359179,False,True,L,False,True,False,cont,opp
XRPUSDT,W,2021-04-26,нижн. половина,0.2501513317191285,True,False,H,True,False,True,cont,cont
XRPUSDT,W,2021-05-03,верх. половина,0.837372351775644,True,False,H,False,False,True,opp,opp
XRPUSDT,W,2021-05-10,нижн. половина,0.4800352967129936,False,True,L,False,False,False,cont,opp
XRPUSDT,W,2021-05-17,верх. половина,0.5950450450450451,True,True,H,False,True,False,,
XRPUSDT,W,2021-05-24,нижн. половина,0.13236824675939068,False,False,-,False,False,False,,
XRPUSDT,W,2021-05-31,нижн. половина,0.4774519079154843,True,False,H,False,False,True,opp,opp
XRPUSDT,W,2021-06-07,нижн. половина,0.30094893809308637,False,True,L,False,False,False,cont,cont
XRPUSDT,W,2021-06-14,верх. половина,0.5229974160206722,False,True,L,False,True,False,cont,cont
XRPUSDT,W,2021-06-21,нижн. половина,0.3356076759061833,False,True,L,False,True,False,opp,opp
XRPUSDT,W,2021-06-28,верх. половина,0.5128676470588237,False,False,-,False,False,True,,
XRPUSDT,W,2021-07-05,верх. половина,0.6515837104072398,False,True,L,False,False,False,cont,cont
XRPUSDT,W,2021-07-12,нижн. половина,0.428842504743833,False,True,L,False,True,False,cont,cont
XRPUSDT,W,2021-07-19,нижн. половина,0.29751243781094555,False,True,L,False,False,False,opp,opp
XRPUSDT,W,2021-07-26,верх. половина,0.866096866096866,True,False,H,True,False,True,cont,cont
XRPUSDT,W,2021-08-02,верх. половина,0.6885057471264368,True,False,H,True,False,True,cont,cont
XRPUSDT,W,2021-08-09,верх. половина,0.5739365293720456,True,False,H,True,False,True,cont,cont
XRPUSDT,W,2021-08-16,верх. половина,0.8898118325139851,False,False,-,False,False,True,,
XRPUSDT,W,2021-08-23,верх. половина,0.6254429482636423,False,True,L,False,False,False,opp,opp
XRPUSDT,W,2021-08-30,нижн. половина,0.3603112840466928,True,False,H,True,False,True,cont,cont
XRPUSDT,W,2021-09-06,верх. половина,0.9252018699532509,True,True,H,False,False,False,,
XRPUSDT,W,2021-09-13,нижн. половина,0.42698138553060827,False,False,-,False,False,False,,
XRPUSDT,W,2021-09-20,нижн. половина,0.22718808193668522,False,True,L,False,True,False,opp,opp
XRPUSDT,W,2021-09-27,нижн. половина,0.4455445544554455,True,False,H,True,False,True,cont,cont
XRPUSDT,W,2021-10-04,верх. половина,0.8376783079193315,True,False,H,True,False,True,cont,opp
XRPUSDT,W,2021-10-11,верх. половина,0.5759717314487628,False,False,-,False,False,False,,
XRPUSDT,W,2021-10-18,нижн. половина,0.4588370754173864,False,False,-,False,False,False,,
XRPUSDT,W,2021-10-25,нижн. половина,0.2833763996554691,False,True,L,False,False,True,opp,opp
XRPUSDT,W,2021-11-01,верх. половина,0.7895419187554011,True,False,H,True,False,True,cont,cont
XRPUSDT,W,2021-11-08,верх. половина,0.7964229352972122,True,False,H,False,False,True,opp,opp
XRPUSDT,W,2021-11-15,нижн. половина,0.3676869430453312,False,True,L,False,True,False,cont,cont
XRPUSDT,W,2021-11-22,нижн. половина,0.21121314644755948,False,True,L,False,True,False,cont,cont
XRPUSDT,W,2021-11-29,нижн. половина,0.4622833843017328,False,True,L,False,True,False,cont,opp
XRPUSDT,W,2021-12-06,верх. половина,0.5018734846815076,False,False,-,False,False,True,,
XRPUSDT,W,2021-12-13,нижн. половина,0.49222520107238604,False,False,-,False,False,False,,
XRPUSDT,W,2021-12-20,верх. половина,0.8402699662542183,True,False,H,True,False,True,opp,opp
XRPUSDT,W,2021-12-27,нижн. половина,0.49461262185736304,False,True,L,False,False,False,cont,cont
XRPUSDT,W,2022-01-03,нижн. половина,0.3677042801556418,False,True,L,False,True,False,cont,cont
XRPUSDT,W,2022-01-10,нижн. половина,0.2998678996036988,False,True,L,False,False,False,cont,cont
XRPUSDT,W,2022-01-17,верх. половина,0.7465156794425086,False,True,L,False,True,False,opp,opp
XRPUSDT,W,2022-01-24,нижн. половина,0.34862778730703264,False,False,-,False,False,False,,
XRPUSDT,W,2022-01-31,нижн. половина,0.46001881467544653,True,False,H,True,False,True,cont,cont
XRPUSDT,W,2022-02-07,верх. половина,0.9518072289156628,True,False,H,True,False,True,-,opp
XRPUSDT,W,2022-02-14,верх. половина,0.5448275862068968,False,False,-,False,False,False,,
XRPUSDT,W,2022-03-07,нижн. половина,0.2948028673835128,True,False,H,False,False,True,cont,opp
XRPUSDT,W,2022-03-14,нижн. половина,0.394539249146758,False,False,-,False,False,True,,
XRPUSDT,W,2022-03-21,верх. половина,0.749132947976879,True,False,H,True,False,True,cont,cont
XRPUSDT,W,2022-04-04,верх. половина,0.5035868005738877,False,True,L,False,True,False,cont,cont
XRPUSDT,W,2022-04-11,нижн. половина,0.08469387755102016,False,True,L,False,False,False,cont,cont
XRPUSDT,W,2022-04-18,верх. половина,0.5996691480562448,False,False,-,False,False,False,,
XRPUSDT,W,2022-04-25,нижн. половина,0.047511312217194346,False,True,L,False,True,False,cont,cont
XRPUSDT,W,2022-05-02,нижн. половина,0.31408934707903813,False,True,L,False,False,False,cont,cont
XRPUSDT,W,2022-05-09,нижн. половина,0.10686274509803835,False,True,L,False,True,False,cont,cont
XRPUSDT,W,2022-05-16,нижн. половина,0.4619810933004522,False,False,-,False,False,False,,
XRPUSDT,W,2022-05-23,верх. половина,0.5463917525773192,False,True,L,False,True,False,cont,opp
XRPUSDT,W,2022-05-30,нижн. половина,0.27767695099818485,True,False,H,False,False,False,opp,opp
XRPUSDT,W,2022-06-06,нижн. половина,0.22727272727272732,False,True,L,False,True,False,cont,cont
XRPUSDT,W,2022-06-13,нижн. половина,0.04749679075738171,False,True,L,False,True,False,-,opp
XRPUSDT,W,2022-06-20,верх. половина,0.6179245283018869,True,False,H,True,False,True,cont,opp
XRPUSDT,W,2022-06-27,верх. половина,0.6200814111261869,False,True,L,False,False,False,cont,opp
XRPUSDT,W,2022-07-04,нижн. половина,0.25853658536585317,False,False,-,False,False,False,,
XRPUSDT,W,2022-07-11,нижн. половина,0.2768240343347634,True,True,L,False,False,True,,
XRPUSDT,W,2022-07-18,верх. половина,0.702791461412151,True,False,H,False,False,True,cont,opp
XRPUSDT,W,2022-07-25,нижн. половина,0.4035989717223649,True,True,L,False,False,True,,
XRPUSDT,W,2022-08-01,верх. половина,0.6336866902237931,False,False,-,False,False,True,,
XRPUSDT,W,2022-08-08,нижн. половина,0.28797468354430406,False,True,L,False,False,False,cont,opp
XRPUSDT,W,2022-08-15,верх. половина,0.513119533527697,True,True,H,False,True,False,,
XRPUSDT,W,2022-08-22,нижн. половина,0.31420373027259657,False,True,L,False,True,False,cont,cont
XRPUSDT,W,2022-08-29,нижн. половина,0.022044088176352502,False,True,L,False,False,False,cont,cont
XRPUSDT,W,2022-09-05,верх. половина,0.7701149425287358,True,True,H,True,False,True,,
XRPUSDT,W,2022-09-12,верх. половина,0.8577154308617235,True,False,H,False,False,True,cont,cont
XRPUSDT,W,2022-09-19,нижн. половина,0.4752604166666665,True,False,H,True,False,True,opp,opp
XRPUSDT,W,2022-09-26,верх. половина,0.6916058394160586,False,False,-,False,False,False,,
XRPUSDT,W,2022-10-03,нижн. половина,0.3394396551724137,True,False,H,True,False,True,opp,opp
XRPUSDT,W,2022-10-10,верх. половина,0.8482697426796805,False,False,-,False,False,False,,
XRPUSDT,W,2022-10-17,нижн. половина,0.37180796731358545,False,True,L,False,False,False,cont,opp
XRPUSDT,W,2022-10-24,верх. половина,0.7574334898278565,False,False,-,False,False,True,,
XRPUSDT,W,2022-10-31,нижн. половина,0.3613861386138615,True,False,H,False,False,True,opp,opp
XRPUSDT,W,2022-11-07,нижн. половина,0.4,False,True,L,False,True,False,cont,cont
XRPUSDT,W,2022-11-14,нижн. половина,0.1747630331753556,False,False,-,False,False,False,,
XRPUSDT,W,2022-11-21,верх. половина,0.5181818181818187,True,False,H,False,False,True,opp,opp
XRPUSDT,W,2022-11-28,верх. половина,0.6836461126005368,False,False,-,False,False,True,,
XRPUSDT,W,2022-12-05,нижн. половина,0.427109974424552,False,True,L,False,False,False,cont,cont
XRPUSDT,W,2022-12-12,нижн. половина,0.3669354838709678,True,True,L,False,True,False,,
XRPUSDT,W,2022-12-19,нижн. половина,0.11408199643493695,False,True,L,False,False,False,cont,opp
XRPUSDT,W,2022-12-26,верх. половина,0.6101694915254244,True,False,H,False,False,False,opp,opp
XRPUSDT,W,2023-01-02,нижн. половина,0.12690355329949235,False,True,L,False,False,False,opp,opp
XRPUSDT,W,2023-01-09,верх. половина,0.8225255972696242,True,False,H,True,False,True,cont,cont
XRPUSDT,W,2023-01-16,верх. половина,0.6322008862629249,True,False,H,False,False,True,cont,cont
XRPUSDT,W,2023-01-23,верх. половина,0.6943396226415095,True,False,H,False,False,True,opp,opp
XRPUSDT,W,2023-01-30,нижн. половина,0.4562841530054647,False,True,L,False,False,False,cont,cont
XRPUSDT,W,2023-02-06,нижн. половина,0.3881748071979436,False,True,L,False,True,False,cont,cont
XRPUSDT,W,2023-02-13,нижн. половина,0.08905852417302806,False,True,L,False,False,False,cont,opp
XRPUSDT,W,2023-02-20,верх. половина,0.5746606334841634,True,False,H,False,False,False,opp,opp
XRPUSDT,W,2023-02-27,нижн. половина,0.22926829268292606,False,True,L,False,True,False,cont,opp
XRPUSDT,W,2023-03-06,верх. половина,0.5027472527472524,True,True,H,False,False,True,,
XRPUSDT,W,2023-03-13,нижн. половина,0.43897996357012764,False,False,-,False,False,True,,
XRPUSDT,W,2023-03-20,верх. половина,0.6840958605664484,True,False,H,True,False,True,cont,cont
XRPUSDT,W,2023-03-27,верх. половина,0.6326530612244896,True,False,H,True,False,True,-,opp
XRPUSDT,W,2023-04-03,верх. половина,0.5258019525801949,False,False,-,False,False,False,,
XRPUSDT,W,2023-04-10,верх. половина,0.5199115044247796,True,False,H,False,False,True,opp,opp
XRPUSDT,W,2023-04-17,нижн. половина,0.46666666666666756,False,True,L,False,True,False,cont,cont
XRPUSDT,W,2023-04-24,нижн. половина,0.24899999999999983,False,True,L,False,False,False,cont,cont
XRPUSDT,W,2023-05-01,верх. половина,0.7053571428571426,False,False,-,False,False,False,,
XRPUSDT,W,2023-05-08,нижн. половина,0.12915129151291518,False,True,L,False,True,False,opp,opp
XRPUSDT,W,2023-05-15,нижн. половина,0.41402714932126644,True,False,H,True,False,True,cont,cont
XRPUSDT,W,2023-05-22,верх. половина,0.6842105263157894,True,False,H,True,False,True,cont,cont
XRPUSDT,W,2023-05-29,верх. половина,0.9039301310043665,True,False,H,True,False,True,cont,cont
XRPUSDT,W,2023-06-05,верх. половина,0.8387096774193554,False,True,L,False,False,True,opp,opp
XRPUSDT,W,2023-06-12,верх. половина,0.695473251028807,True,True,H,False,False,False,,
XRPUSDT,W,2023-06-19,нижн. половина,0.29296527159394475,False,False,-,False,False,False,,
XRPUSDT,W,2023-06-26,нижн. половина,0.33689839572192476,False,True,L,False,False,False,opp,opp
XRPUSDT,W,2023-07-03,верх. половина,0.7916666666666666,False,False,-,False,False,False,,
XRPUSDT,W,2023-07-10,нижн. половина,0.3074866310160427,True,False,H,True,False,True,opp,opp
XRPUSDT,W,2023-07-17,верх. половина,0.5653815580286168,False,False,-,False,False,True,,
XRPUSDT,W,2023-07-24,нижн. половина,0.18282548476454283,False,True,L,False,True,False,cont,cont
XRPUSDT,W,2023-07-31,нижн. половина,0.448476052249638,False,True,L,False,True,False,cont,cont
XRPUSDT,W,2023-08-07,нижн. половина,0.12465878070973654,False,True,L,False,False,False,cont,cont
XRPUSDT,W,2023-08-14,нижн. половина,0.42535211267605605,False,True,L,False,True,False,-,cont
XRPUSDT,W,2023-08-21,верх. половина,0.5691768826619964,False,False,-,False,False,True,,
XRPUSDT,W,2023-08-28,верх. половина,0.6,True,True,H,False,False,False,,
XRPUSDT,W,2023-09-04,нижн. половина,0.28325508607198663,False,False,-,False,False,False,,
XRPUSDT,W,2023-09-11,нижн. половина,0.2772727272727268,False,True,L,False,False,False,opp,opp
XRPUSDT,W,2023-09-18,верх. половина,0.6853281853281865,True,False,H,False,False,True,cont,cont
XRPUSDT,W,2023-09-25,нижн. половина,0.39487179487179574,True,False,H,False,False,True,opp,opp
XRPUSDT,W,2023-10-02,верх. половина,0.5638841567291317,False,False,-,False,False,False,,
XRPUSDT,W,2023-10-09,нижн. половина,0.4145873320537431,False,True,L,False,True,False,opp,opp
XRPUSDT,W,2023-10-16,нижн. половина,0.32438016528925684,True,False,H,True,False,True,cont,cont
XRPUSDT,W,2023-10-23,верх. половина,0.7913188647746233,True,False,H,True,False,True,cont,cont
XRPUSDT,W,2023-10-30,верх. половина,0.5469448584202681,True,False,H,True,False,True,cont,cont
XRPUSDT,W,2023-11-06,верх. половина,0.9780893952673099,True,False,H,False,False,True,cont,cont
XRPUSDT,W,2023-11-13,нижн. половина,0.4619442351168052,True,True,H,False,False,False,,
XRPUSDT,W,2023-11-20,нижн. половина,0.24287410926365824,False,True,L,False,False,False,cont,cont
XRPUSDT,W,2023-11-27,верх. половина,0.6671732522796352,False,False,-,False,False,True,,
XRPUSDT,W,2023-12-04,верх. половина,0.7283653846153857,True,True,H,True,False,True,,
XRPUSDT,W,2023-12-11,верх. половина,0.7237026647966341,False,False,-,False,False,False,,
XRPUSDT,W,2023-12-18,нижн. половина,0.3290816326530617,False,True,L,False,False,False,cont,opp
XRPUSDT,W,2023-12-25,верх. половина,0.6305147058823528,True,False,H,False,False,True,opp,opp
XRPUSDT,W,2024-01-01,нижн. половина,0.34090909090909177,False,True,L,False,True,False,-,opp
XRPUSDT,W,2024-01-08,нижн. половина,0.4357855361596013,False,False,-,False,False,True,,
XRPUSDT,W,2024-01-15,нижн. половина,0.4083640836408363,False,True,L,False,False,False,cont,cont
XRPUSDT,W,2024-01-22,нижн. половина,0.3660322108345536,False,True,L,False,False,False,cont,cont
XRPUSDT,W,2024-01-29,верх. половина,0.5212569316081328,False,True,L,False,False,False,opp,opp
XRPUSDT,W,2024-02-05,нижн. половина,0.3398926654740608,False,False,-,False,False,True,,
XRPUSDT,W,2024-02-12,верх. половина,0.7437185929648245,True,False,H,True,False,True,cont,cont
XRPUSDT,W,2024-02-19,верх. половина,0.6691729323308268,False,False,-,False,False,False,,
XRPUSDT,W,2024-02-26,нижн. половина,0.35236220472441027,True,True,H,True,False,True,,
XRPUSDT,W,2024-03-04,верх. половина,0.8156748911465893,True,False,H,False,False,True,cont,opp
XRPUSDT,W,2024-03-11,верх. половина,0.5819672131147541,True,False,H,False,False,True,opp,opp
XRPUSDT,W,2024-03-18,нижн. половина,0.2358662613981765,False,True,L,False,False,False,cont,opp
XRPUSDT,W,2024-03-25,верх. половина,0.6462450592885373,False,False,-,False,False,True,,
XRPUSDT,W,2024-04-01,нижн. половина,0.4350000000000006,False,True,L,False,True,False,cont,opp
XRPUSDT,W,2024-04-08,нижн. половина,0.44784422809457614,True,True,H,False,True,False,,
XRPUSDT,W,2024-04-15,нижн. половина,0.39786324786324784,False,False,-,False,False,False,,
XRPUSDT,W,2024-04-22,верх. половина,0.8257790368271957,True,False,H,False,False,True,opp,opp
XRPUSDT,W,2024-04-29,нижн. половина,0.055384615384616066,False,True,L,False,False,False,cont,opp
XRPUSDT,W,2024-05-06,верх. половина,0.8191823899371075,True,False,H,False,False,False,opp,opp
XRPUSDT,W,2024-05-13,нижн. половина,0.05200000000000023,False,True,L,False,False,False,cont,opp
XRPUSDT,W,2024-05-20,верх. половина,0.5372093023255812,True,False,H,False,False,True,opp,opp
XRPUSDT,W,2024-05-27,верх. половина,0.5245901639344258,False,False,-,False,False,False,,
XRPUSDT,W,2024-06-03,нижн. половина,0.16867469879518218,False,True,L,False,True,False,cont,cont
XRPUSDT,W,2024-06-10,верх. половина,0.5948777648428404,False,False,-,False,False,False,,
XRPUSDT,W,2024-06-17,верх. половина,0.6415094339622642,True,False,H,False,False,False,opp,opp
XRPUSDT,W,2024-06-24,нижн. половина,0.27240773286467507,False,True,L,False,False,False,cont,cont
XRPUSDT,W,2024-07-01,верх. половина,0.7090909090909085,True,True,H,False,True,False,,
XRPUSDT,W,2024-07-08,нижн. половина,0.3546889507892294,True,False,H,True,False,True,cont,cont
XRPUSDT,W,2024-07-15,верх. половина,0.7208588957055215,True,False,H,True,False,True,cont,cont
XRPUSDT,W,2024-07-22,верх. половина,0.6655319148936177,False,False,-,False,False,True,,
XRPUSDT,W,2024-07-29,нижн. половина,0.4022556390977437,True,True,H,False,True,False,,
XRPUSDT,W,2024-08-05,нижн. половина,0.06804123711340222,False,True,L,False,False,False,opp,opp
XRPUSDT,W,2024-08-12,верх. половина,0.5691439322671683,False,False,-,False,False,True,,
XRPUSDT,W,2024-08-19,нижн. половина,0.37861271676300495,True,False,H,True,False,True,opp,opp
XRPUSDT,W,2024-08-26,верх. половина,0.5538243626062327,False,True,L,False,True,False,cont,cont
XRPUSDT,W,2024-09-02,нижн. половина,0.07419898819561481,False,True,L,False,True,False,opp,opp
XRPUSDT,W,2024-09-09,нижн. половина,0.386039886039886,True,False,H,False,False,True,cont,cont
XRPUSDT,W,2024-09-16,верх. половина,0.6165803108808292,True,False,H,False,False,True,cont,cont
XRPUSDT,W,2024-09-23,верх. половина,0.515887850467289,True,False,H,True,False,True,opp,opp
XRPUSDT,W,2024-09-30,верх. половина,0.7311015118790494,False,True,L,False,True,False,cont,cont
XRPUSDT,W,2024-10-07,нижн. половина,0.18059299191374623,False,False,-,False,False,False,,
XRPUSDT,W,2024-10-14,нижн. половина,0.4404761904761904,True,False,H,True,False,True,opp,opp
XRPUSDT,W,2024-10-21,верх. половина,0.5310880829015538,False,True,L,False,True,False,opp,opp
XRPUSDT,W,2024-10-28,нижн. половина,0.40957446808510534,False,False,-,False,False,False,,
XRPUSDT,W,2024-11-04,нижн. половина,0.2904040404040405,True,False,H,True,False,True,cont,cont
XRPUSDT,W,2024-11-11,верх. половина,0.7536348949919226,True,False,H,True,False,True,cont,cont
XRPUSDT,W,2024-11-18,верх. половина,0.6927366313983413,True,False,H,True,False,True,cont,cont
XRPUSDT,W,2024-11-25,верх. половина,0.6525262976375238,True,False,H,True,False,True,cont,cont
XRPUSDT,W,2024-12-02,верх. половина,0.9432763293150171,True,False,H,True,False,True,cont,cont
XRPUSDT,W,2024-12-09,верх. половина,0.5747282608695654,False,True,L,False,False,False,opp,opp
XRPUSDT,W,2024-12-16,верх. половина,0.7719001269572575,True,False,H,False,False,False,cont,opp
XRPUSDT,W,2024-12-23,нижн. половина,0.31520749317028773,False,False,-,False,False,False,,
XRPUSDT,W,2024-12-30,нижн. половина,0.08235294117647024,True,True,L,True,False,True,,
XRPUSDT,W,2025-01-06,верх. половина,0.783820398683956,True,False,H,False,False,True,cont,cont
XRPUSDT,W,2025-01-13,верх. половина,0.7518500246669956,True,False,H,True,False,True,opp,opp
XRPUSDT,W,2025-01-20,верх. половина,0.581687779433681,False,False,-,False,False,True,,
XRPUSDT,W,2025-01-27,нижн. половина,0.24619670023569729,False,True,L,False,True,False,cont,cont
XRPUSDT,W,2025-02-03,нижн. половина,0.16795392067024462,False,True,L,False,True,False,-,opp
XRPUSDT,W,2025-02-10,верх. половина,0.6135563380281688,True,False,H,False,False,True,cont,opp
XRPUSDT,W,2025-02-17,верх. половина,0.7894839337877315,False,False,-,False,False,False,,
XRPUSDT,W,2025-02-24,нижн. половина,0.3590524534686963,True,True,L,True,False,True,,
XRPUSDT,W,2025-03-03,верх. половина,0.9353799507295811,False,False,-,False,False,False,,
XRPUSDT,W,2025-03-10,нижн. половина,0.06352967727375336,False,True,L,False,False,False,cont,opp
XRPUSDT,W,2025-03-17,верх. половина,0.6864640883977902,True,False,H,False,False,True,opp,opp
XRPUSDT,W,2025-03-24,верх. половина,0.5912309368191717,False,True,L,False,True,False,cont,cont
XRPUSDT,W,2025-03-31,нижн. половина,0.170390431053938,False,True,L,False,True,False,cont,cont
XRPUSDT,W,2025-04-07,нижн. половина,0.15868746637977446,True,True,L,False,False,True,,
XRPUSDT,W,2025-04-14,верх. половина,0.7968774641223781,False,False,-,False,False,True,,
XRPUSDT,W,2025-04-21,нижн. половина,0.28770764119601244,True,False,H,True,False,True,cont,cont
XRPUSDT,W,2025-04-28,верх. половина,0.7945656648826677,True,False,H,False,False,False,cont,opp
XRPUSDT,W,2025-05-05,нижн. половина,0.13798836242726464,True,True,L,True,False,True,,
XRPUSDT,W,2025-05-12,верх. половина,0.7103718199608613,True,False,H,False,False,True,opp,opp
XRPUSDT,W,2025-05-19,нижн. половина,0.3637632607481847,False,True,L,False,False,False,cont,cont
XRPUSDT,W,2025-05-26,нижн. половина,0.3537604456824497,False,True,L,False,True,False,cont,cont
XRPUSDT,W,2025-06-02,нижн. половина,0.3579849946409434,False,True,L,False,False,True,cont,opp
XRPUSDT,W,2025-06-09,верх. половина,0.8799661876584955,True,False,H,False,False,False,opp,opp
XRPUSDT,W,2025-06-16,нижн. половина,0.32514619883040996,False,True,L,False,True,False,opp,opp
XRPUSDT,W,2025-06-23,нижн. половина,0.2537243947858474,False,False,-,False,False,True,,
XRPUSDT,W,2025-06-30,верх. половина,0.910813823857302,True,False,H,True,False,True,cont,cont
XRPUSDT,W,2025-07-07,верх. половина,0.6871907641561291,True,False,H,True,False,True,cont,cont
XRPUSDT,W,2025-07-14,верх. половина,0.8053654530522859,True,False,H,True,False,True,-,cont
XRPUSDT,W,2025-07-21,верх. половина,0.7556329849012777,False,False,-,False,False,True,,
XRPUSDT,W,2025-07-28,нижн. половина,0.40617407460340116,False,True,L,False,True,False,cont,opp
XRPUSDT,W,2025-08-04,нижн. половина,0.3641791044776122,True,False,H,False,False,True,opp,opp
XRPUSDT,W,2025-08-11,верх. половина,0.5926773455377581,False,False,-,False,False,False,,
XRPUSDT,W,2025-08-18,нижн. половина,0.27856191744340875,False,True,L,False,False,False,cont,cont
XRPUSDT,W,2025-08-25,верх. половина,0.7037250938492641,False,True,L,False,True,False,cont,cont
XRPUSDT,W,2025-09-01,нижн. половина,0.04604853764779135,False,True,L,False,False,False,opp,opp
XRPUSDT,W,2025-09-08,верх. половина,0.777012483857081,True,False,H,True,False,True,opp,opp
XRPUSDT,W,2025-09-15,верх. половина,0.5100154083204923,False,False,-,False,False,False,,
XRPUSDT,W,2025-09-22,нижн. половина,0.09564293304994592,False,True,L,False,True,False,cont,opp
XRPUSDT,W,2025-09-29,верх. половина,0.6035758323057955,True,False,H,False,False,True,opp,opp
XRPUSDT,W,2025-10-06,верх. половина,0.543016370602577,False,True,L,False,True,False,-,cont
XRPUSDT,W,2025-10-13,верх. половина,0.7204939063502245,False,False,-,False,False,True,,
XRPUSDT,W,2025-10-20,нижн. половина,0.44057780695994797,True,False,H,False,False,True,cont,cont
XRPUSDT,W,2025-10-27,верх. половина,0.9472443265546713,True,False,H,False,False,True,opp,opp
XRPUSDT,W,2025-11-03,нижн. половина,0.46639701306782777,False,True,L,False,True,False,cont,opp
XRPUSDT,W,2025-11-10,верх. половина,0.6425504508372688,True,False,H,False,False,False,opp,opp
XRPUSDT,W,2025-11-17,нижн. половина,0.13976979093258138,False,True,L,False,True,False,cont,cont
XRPUSDT,W,2025-11-24,нижн. половина,0.4677353062063291,False,False,-,False,False,True,,
XRPUSDT,W,2025-12-01,нижн. половина,0.49961890243902446,False,True,L,False,False,False,cont,opp
XRPUSDT,W,2025-12-08,нижн. половина,0.25497670478610773,False,True,L,False,True,False,cont,cont
XRPUSDT,W,2025-12-15,нижн. половина,0.13439930855661245,False,True,L,False,True,False,opp,opp
XRPUSDT,W,2025-12-22,верх. половина,0.6209876543209876,False,False,-,False,False,False,,
XRPUSDT,W,2025-12-29,нижн. половина,0.32854864433811853,True,True,L,True,False,True,,
XRPUSDT,W,2026-01-05,верх. половина,0.9020368574199806,True,False,H,False,False,True,opp,opp
XRPUSDT,W,2026-01-12,нижн. половина,0.07963655799038018,False,True,L,False,True,False,cont,cont
XRPUSDT,W,2026-01-19,нижн. половина,0.02941176470588232,False,True,L,False,True,False,cont,cont
XRPUSDT,W,2026-01-26,нижн. половина,0.11349134001823116,False,True,L,False,True,False,cont,cont
XRPUSDT,W,2026-02-02,нижн. половина,0.20049504950495084,False,True,L,False,True,False,-,cont
XRPUSDT,W,2026-02-09,верх. половина,0.5793768545994065,True,False,H,False,False,True,-,opp
XRPUSDT,W,2026-02-16,нижн. половина,0.4051172707889126,False,False,-,False,False,False,,
XRPUSDT,W,2026-02-23,нижн. половина,0.11311239193083605,False,True,L,False,True,False,opp,opp
XRPUSDT,W,2026-03-02,нижн. половина,0.36813922356090945,False,False,-,False,False,False,,
XRPUSDT,W,2026-03-09,нижн. половина,0.1221928665785995,False,False,-,False,False,True,,
XRPUSDT,W,2026-03-16,верх. половина,0.8757530120481929,True,False,H,False,False,False,opp,opp
XRPUSDT,W,2026-03-23,нижн. половина,0.05685193042002579,False,True,L,False,True,False,cont,cont
XRPUSDT,W,2026-03-30,нижн. половина,0.19418604651162724,False,True,L,False,False,False,opp,opp
XRPUSDT,W,2026-04-06,верх. половина,0.5379537953795399,True,False,H,False,False,True,cont,opp
XRPUSDT,W,2026-04-13,нижн. половина,0.2944062806673215,True,False,H,False,False,True,cont,opp
XRPUSDT,W,2026-04-20,нижн. половина,0.3934942287513112,False,False,-,False,False,True,,
XRPUSDT,W,2026-04-27,верх. половина,0.54022988505747,False,True,L,False,True,False,opp,opp
XRPUSDT,W,2026-05-04,нижн. половина,0.4191968658178257,True,False,H,True,False,True,cont,cont
XRPUSDT,W,2026-05-11,верх. половина,0.7318563789152015,True,True,H,False,False,False,,
XRPUSDT,W,2026-05-18,нижн. половина,0.21557203389830504,False,True,L,False,True,False,cont,cont
XRPUSDT,W,2026-05-25,верх. половина,0.5126050420168085,False,True,L,False,False,False,cont,cont
XRPUSDT,W,2026-06-01,верх. половина,0.6673427991886417,False,True,L,False,True,False,cont,cont
XRPUSDT,W,2026-06-08,нижн. половина,0.36282578875171495,False,False,-,False,False,False,,
XRPUSDT,W,2026-06-15,верх. половина,0.97997997997998,True,False,H,False,False,False,opp,opp
XRPUSDT,W,2026-06-22,нижн. половина,0.033791523482245255,False,True,L,False,True,False,cont,cont
XRPUSDT,W,2026-06-29,нижн. половина,0.2569220862846107,True,False,H,False,False,True,opp,opp
XRPUSDT,W,2026-07-06,верх. половина,0.8327183271832723,False,False,-,False,False,False,,
XRPUSDT,W,2026-07-13,нижн. половина,0.18200620475697865,False,True,L,False,False,False,cont,opp
XRPUSDT,W,2026-07-20,верх. половина,0.5797665369649805,True,False,H,False,False,True,opp,opp
XRPUSDT,W,2026-07-27,нижн. половина,0.3704156479217609,False,True,L,False,False,False,cont,cont
XRPUSDT,W,2026-08-03,верх. половина,0.5988620199146516,False,True,L,False,True,False,cont,cont
XRPUSDT,W,2026-08-10,нижн. половина,0.22781456953642257,False,True,L,False,True,False,opp,opp
XRPUSDT,W,2026-08-17,нижн. половина,0.15097690941385375,True,False,H,True,False,True,-,cont
XRPUSDT,W,2026-08-24,верх. половина,0.7464611072179397,False,False,-,False,False,True,,
XRPUSDT,W,2026-08-31,нижн. половина,0.10620689655172467,False,True,L,False,False,False,cont,opp
XRPUSDT,W,2026-09-07,верх. половина,0.6531660011409015,False,False,-,False,False,False,,
XRPUSDT,W,2026-09-14,нижн. половина,0.18383988139362603,True,True,H,False,False,True,,
XRPUSDT,W,2026-09-21,верх. половина,0.6673444489629927,True,False,H,True,False,True,-,cont
XRPUSDT,W,2026-09-28,нижн. половина,0.4434884630426282,False,False,-,False,False,False,,
XRPUSDT,M,2020-02-01,верх. половина,0.7319587628865982,True,False,H,False,False,True,opp,opp
XRPUSDT,M,2020-03-01,нижн. половина,0.054269752593774936,False,True,L,False,True,False,-,cont
XRPUSDT,M,2020-04-01,нижн. половина,0.49689440993788825,False,False,-,False,False,True,,
XRPUSDT,M,2020-05-01,верх. половина,0.6400580551523949,False,False,-,False,False,True,,
XRPUSDT,M,2020-06-01,верх. половина,0.5233463035019457,False,True,L,False,True,False,opp,opp
XRPUSDT,M,2020-07-01,нижн. половина,0.35897435897435914,True,False,H,True,False,True,cont,cont
XRPUSDT,M,2020-08-01,верх. половина,0.987598647125141,True,False,H,True,False,True,cont,opp
XRPUSDT,M,2020-09-01,верх. половина,0.5873827791986359,False,False,-,False,False,False,,
XRPUSDT,M,2020-10-01,нижн. половина,0.2628504672897195,False,True,L,False,False,False,opp,opp
XRPUSDT,M,2020-11-01,верх. половина,0.6162246489859592,True,False,H,True,False,True,opp,opp
XRPUSDT,M,2020-12-01,верх. половина,0.7860222781171396,False,True,L,False,True,False,-,opp
XRPUSDT,M,2021-01-01,нижн. половина,0.09514525248586471,False,False,-,False,False,True,,
XRPUSDT,M,2021-02-01,верх. половина,0.922258064516129,True,False,H,False,False,True,cont,cont
XRPUSDT,M,2021-03-01,нижн. половина,0.1817093607852525,False,False,-,False,False,True,,
XRPUSDT,M,2021-04-01,верх. половина,0.8387949260042279,True,False,H,True,False,True,-,cont
XRPUSDT,M,2021-05-01,верх. половина,0.7376854184158969,False,False,-,False,False,False,,
XRPUSDT,M,2021-06-01,нижн. половина,0.3484227410443771,False,True,L,False,False,False,-,opp
XRPUSDT,M,2021-07-01,нижн. половина,0.33265856950067485,False,False,-,False,False,False,,
XRPUSDT,M,2021-08-01,верх. половина,0.9088766692851532,True,False,H,True,False,True,cont,cont
XRPUSDT,M,2021-09-01,верх. половина,0.7516020750686603,True,False,H,False,False,False,opp,opp
XRPUSDT,M,2021-10-01,нижн. половина,0.17014818782360305,False,False,-,False,False,False,,
XRPUSDT,M,2021-11-01,верх. половина,0.6071784646061811,True,True,H,False,False,False,,
XRPUSDT,M,2021-12-01,нижн. половина,0.2549515381373788,False,True,L,False,True,False,cont,cont
XRPUSDT,M,2022-01-01,верх. половина,0.5722687174847321,False,True,L,False,False,False,cont,opp
XRPUSDT,M,2022-03-01,верх. половина,0.5856102003642989,False,False,-,False,False,True,,
XRPUSDT,M,2022-04-01,верх. половина,0.5981859410430839,False,True,L,False,True,False,cont,cont
XRPUSDT,M,2022-05-01,нижн. половина,0.07906497078033695,False,True,L,False,True,False,cont,cont
XRPUSDT,M,2022-06-01,нижн. половина,0.2665629860031104,False,True,L,False,True,False,-,opp
XRPUSDT,M,2022-07-01,нижн. половина,0.322349570200573,False,False,-,False,False,True,,
XRPUSDT,M,2022-08-01,верх. половина,0.716240875912409,False,False,-,False,False,False,,
XRPUSDT,M,2022-09-01,нижн. половина,0.11942257217847767,True,True,L,True,False,True,,
XRPUSDT,M,2022-10-01,верх. половина,0.6794975688816858,False,False,-,False,False,True,,
XRPUSDT,M,2022-11-01,нижн. половина,0.3400309119010819,False,True,L,False,True,False,cont,cont
XRPUSDT,M,2022-12-01,нижн. половина,0.4849246231155777,False,False,-,False,False,False,,
XRPUSDT,M,2023-01-01,нижн. половина,0.09897172236503839,True,True,L,False,False,True,,
XRPUSDT,M,2023-02-01,верх. половина,0.7976539589442818,False,False,-,False,False,True,,
XRPUSDT,M,2023-03-01,нижн. половина,0.25913621262458464,True,True,L,True,False,True,,
XRPUSDT,M,2023-04-01,верх. половина,0.797569153394803,False,False,-,False,False,True,,
XRPUSDT,M,2023-05-01,нижн. половина,0.3393470790378005,False,True,L,False,False,True,opp,opp
XRPUSDT,M,2023-06-01,верх. половина,0.8971428571428567,True,False,H,False,False,True,cont,opp
XRPUSDT,M,2023-07-01,нижн. половина,0.25837320574162675,True,False,H,True,False,True,opp,opp
XRPUSDT,M,2023-08-01,нижн. половина,0.47375663455867917,False,True,L,False,False,False,-,opp
XRPUSDT,M,2023-09-01,нижн. половина,0.34189459639759856,False,False,-,False,False,False,,
XRPUSDT,M,2023-10-01,верх. половина,0.6250000000000006,True,False,H,True,False,True,cont,cont
XRPUSDT,M,2023-11-01,верх. половина,0.8260309278350515,True,False,H,False,False,True,-,opp
XRPUSDT,M,2023-12-01,нижн. половина,0.19063360881542743,False,True,L,False,False,False,cont,cont
XRPUSDT,M,2024-01-01,нижн. половина,0.3983169705469849,False,True,L,False,True,False,opp,opp
XRPUSDT,M,2024-02-01,нижн. половина,0.13591022443890272,False,False,-,False,False,True,,
XRPUSDT,M,2024-03-01,верх. половина,0.7104303428154635,True,False,H,True,False,True,opp,opp
XRPUSDT,M,2024-04-01,нижн. половина,0.47837837837837854,False,True,L,False,True,False,cont,cont
XRPUSDT,M,2024-05-01,нижн. половина,0.3863247863247862,False,False,-,False,False,False,,
XRPUSDT,M,2024-06-01,нижн. половина,0.438577586206897,False,True,L,False,True,False,cont,cont
XRPUSDT,M,2024-07-01,нижн. половина,0.33178114086146654,True,True,L,True,False,True,,
XRPUSDT,M,2024-08-01,верх. половина,0.8722482858173944,False,False,-,False,False,True,,
XRPUSDT,M,2024-09-01,верх. половина,0.6331138287864536,True,False,H,False,False,True,cont,opp
XRPUSDT,M,2024-10-01,верх. половина,0.665853658536585,False,True,L,False,False,False,opp,opp
XRPUSDT,M,2024-11-01,нижн. половина,0.15970350404312633,True,False,H,True,False,True,cont,cont
XRPUSDT,M,2024-12-01,верх. половина,0.995640029974794,True,False,H,True,False,True,cont,cont
XRPUSDT,M,2025-01-01,нижн. половина,0.2210890718562874,True,False,H,True,False,True,opp,opp
XRPUSDT,M,2025-02-01,верх. половина,0.720740460899131,False,True,L,False,False,False,cont,opp
XRPUSDT,M,2025-03-01,нижн. половина,0.29119828706889966,False,False,-,False,False,False,,
XRPUSDT,M,2025-04-01,нижн. половина,0.1742103842346801,False,True,L,False,False,False,opp,opp
XRPUSDT,M,2025-05-01,верх. половина,0.7697851327906048,True,False,H,False,False,True,cont,opp
XRPUSDT,M,2025-06-01,нижн. половина,0.16816298342541433,False,True,L,False,False,False,opp,opp
XRPUSDT,M,2025-07-01,верх. половина,0.7637630662020902,True,False,H,True,False,True,opp,opp
XRPUSDT,M,2025-08-01,верх. половина,0.576072650697552,False,False,-,False,False,False,,
XRPUSDT,M,2025-09-01,нижн. половина,0.07301053917824968,False,True,L,False,False,False,cont,opp
XRPUSDT,M,2025-10-01,нижн. половина,0.33954571927781,False,True,L,False,True,False,-,cont
XRPUSDT,M,2025-11-01,верх. половина,0.6922596103760807,False,False,-,False,False,True,,
XRPUSDT,M,2025-12-01,нижн. половина,0.4390629112924456,False,True,L,False,False,False,cont,opp
XRPUSDT,M,2026-01-01,нижн. половина,0.1579299576176667,True,True,H,False,True,False,,
XRPUSDT,M,2026-02-01,нижн. половина,0.15810147299509003,False,True,L,False,True,False,-,cont
XRPUSDT,M,2026-03-01,нижн. половина,0.45847412413302513,False,False,-,False,False,False,,
XRPUSDT,M,2026-04-01,нижн. половина,0.14934441957147415,False,True,L,False,False,False,cont,opp
XRPUSDT,M,2026-05-01,нижн. половина,0.3884582256675279,True,True,H,False,False,False,,
XRPUSDT,M,2026-06-01,нижн. половина,0.2333333333333336,False,True,L,False,True,False,cont,cont
XRPUSDT,M,2026-07-01,нижн. половина,0.09473684210526341,False,False,-,False,False,False,,
XRPUSDT,M,2026-08-01,нижн. половина,0.24661746617466074,True,True,L,True,False,True,,
XRPUSDT,M,2026-09-01,верх. половина,0.5507954228300306,False,False,-,False,False,True,,
ADAUSDT,W,2020-02-03,нижн. половина,0.4900133155792279,True,False,H,True,False,True,cont,cont
ADAUSDT,W,2020-02-10,верх. половина,0.8755555555555553,True,False,H,False,False,True,opp,opp
ADAUSDT,W,2020-02-17,нижн. половина,0.3214065391733497,False,True,L,False,False,False,cont,cont
ADAUSDT,W,2020-02-24,верх. половина,0.727163461538462,False,True,L,False,True,False,cont,cont
ADAUSDT,W,2020-03-02,верх. половина,0.5833546734955186,False,False,-,False,False,True,,
ADAUSDT,W,2020-03-09,нижн. половина,0.07338551859099811,False,True,L,False,True,False,opp,opp
ADAUSDT,W,2020-03-16,нижн. половина,0.3537414965986395,False,False,-,False,False,False,,
ADAUSDT,W,2020-03-23,нижн. половина,0.4434643143544508,False,False,-,False,False,True,,
ADAUSDT,W,2020-03-30,нижн. половина,0.32405566600397606,True,False,H,True,False,True,cont,cont
ADAUSDT,W,2020-04-06,верх. половина,0.6976744186046505,True,False,H,False,False,True,cont,cont
ADAUSDT,W,2020-04-13,нижн. половина,0.30451866404715155,True,True,L,False,False,True,,
ADAUSDT,W,2020-04-20,верх. половина,0.7454844006568151,True,False,H,True,False,True,cont,cont
ADAUSDT,W,2020-04-27,верх. половина,0.9855072463768116,True,False,H,True,False,True,cont,cont
ADAUSDT,W,2020-05-04,нижн. половина,0.46319921491658517,False,True,L,False,False,False,opp,opp
ADAUSDT,W,2020-05-11,нижн. половина,0.48188711036225806,False,False,-,False,False,True,,
ADAUSDT,W,2020-05-18,верх. половина,0.8697368421052634,True,False,H,False,False,True,cont,cont
ADAUSDT,W,2020-05-25,нижн. половина,0.11968085106382954,True,False,H,True,False,True,cont,cont
ADAUSDT,W,2020-06-01,верх. половина,0.6424474187380499,True,False,H,False,False,True,cont,cont
ADAUSDT,W,2020-06-08,верх. половина,0.8085957021489255,False,False,-,False,False,False,,
ADAUSDT,W,2020-06-15,нижн. половина,0.19312977099236675,False,True,L,False,False,False,opp,opp
ADAUSDT,W,2020-06-22,верх. половина,0.5902503293807648,True,False,H,False,False,True,cont,cont
ADAUSDT,W,2020-06-29,нижн. половина,0.46969696969696934,True,False,H,True,False,True,cont,cont
ADAUSDT,W,2020-07-06,верх. половина,0.8146297137664696,True,False,H,True,False,True,cont,cont
ADAUSDT,W,2020-07-13,верх. половина,0.7000943841434639,False,False,-,False,False,True,,
ADAUSDT,W,2020-07-20,нижн. половина,0.31781701444622823,True,True,L,True,False,True,,
ADAUSDT,W,2020-07-27,верх. половина,0.8339547601292563,False,False,-,False,False,False,,
ADAUSDT,W,2020-08-03,нижн. половина,0.31790123456790115,True,False,H,False,False,True,opp,opp
ADAUSDT,W,2020-08-10,верх. половина,0.6339031339031332,False,True,L,False,False,False,cont,opp
ADAUSDT,W,2020-08-17,верх. половина,0.673213539490179,False,True,L,False,True,False,cont,cont
ADAUSDT,W,2020-08-24,нижн. половина,0.12259259259259236,False,True,L,False,True,False,cont,cont
ADAUSDT,W,2020-08-31,верх. половина,0.6088516746411482,True,True,H,False,True,False,,
ADAUSDT,W,2020-09-07,нижн. половина,0.17365130817318805,False,False,-,False,False,False,,
ADAUSDT,W,2020-09-14,верх. половина,0.6584659913169322,False,False,-,False,False,False,,
ADAUSDT,W,2020-09-21,нижн. половина,0.18138651471984762,True,True,L,True,False,True,,
ADAUSDT,W,2020-09-28,верх. половина,0.9469058952764553,True,False,H,False,False,True,cont,cont
ADAUSDT,W,2020-10-05,нижн. половина,0.4235020360674809,True,True,L,False,False,True,,
ADAUSDT,W,2020-10-12,верх. половина,0.7792915531335148,True,False,H,False,False,True,opp,opp
ADAUSDT,W,2020-10-19,нижн. половина,0.4302134646962237,False,True,L,False,False,False,cont,cont
ADAUSDT,W,2020-10-26,нижн. половина,0.48374306106264897,False,True,L,False,True,False,cont,cont
ADAUSDT,W,2020-11-02,нижн. половина,0.49110512129380063,True,True,L,False,False,True,,
ADAUSDT,W,2020-11-09,верх. половина,0.7136882129277567,False,False,-,False,False,False,,
ADAUSDT,W,2020-11-16,нижн. половина,0.18317757009345695,True,False,H,True,False,True,cont,cont
ADAUSDT,W,2020-11-23,верх. половина,0.8578251285819251,True,False,H,True,False,True,cont,opp
ADAUSDT,W,2020-11-30,верх. половина,0.7413895486935869,False,False,-,False,False,True,,
ADAUSDT,W,2020-12-07,верх. половина,0.5228681026851583,False,True,L,False,False,False,opp,opp
ADAUSDT,W,2020-12-14,верх. половина,0.8279753761969902,True,False,H,True,False,True,opp,opp
ADAUSDT,W,2020-12-21,нижн. половина,0.4610735869178813,False,True,L,False,False,False,opp,opp
ADAUSDT,W,2020-12-28,верх. половина,0.697428502763759,True,False,H,True,False,True,cont,cont
ADAUSDT,W,2021-01-04,верх. половина,0.9333217873224802,True,False,H,True,False,True,cont,cont
ADAUSDT,W,2021-01-11,верх. половина,0.6712802768166091,True,False,H,True,False,True,cont,cont
ADAUSDT,W,2021-01-18,верх. половина,0.895511797055171,False,False,-,False,False,True,,
ADAUSDT,W,2021-01-25,верх. половина,0.6286074884307951,False,False,-,False,False,True,,
ADAUSDT,W,2021-02-01,верх. половина,0.5531943692474285,True,False,H,True,False,True,cont,cont
ADAUSDT,W,2021-02-08,верх. половина,0.8693163835847664,True,False,H,True,False,True,cont,cont
ADAUSDT,W,2021-02-15,верх. половина,0.5890044412567931,True,False,H,True,False,True,cont,opp
ADAUSDT,W,2021-02-22,верх. половина,0.804432228799877,True,False,H,True,False,True,cont,cont
ADAUSDT,W,2021-03-01,верх. половина,0.7474500263790373,False,False,-,False,False,False,,
ADAUSDT,W,2021-03-08,нижн. половина,0.31086484274155474,False,True,L,False,False,False,opp,opp
ADAUSDT,W,2021-03-15,нижн. половина,0.2915492365288352,True,False,H,False,False,True,cont,opp
ADAUSDT,W,2021-03-22,нижн. половина,0.39057757079296423,False,False,-,False,False,False,,
ADAUSDT,W,2021-03-29,верх. половина,0.6236945793963502,False,False,-,False,False,True,,
ADAUSDT,W,2021-04-05,нижн. половина,0.3799332417042994,True,False,H,True,False,True,cont,cont
ADAUSDT,W,2021-04-12,верх. половина,0.5812180034129696,True,True,H,False,False,True,,
ADAUSDT,W,2021-04-19,нижн. половина,0.44994679233809665,False,True,L,False,False,False,opp,opp
ADAUSDT,W,2021-04-26,нижн. половина,0.4421928885717682,True,False,H,True,False,True,cont,cont
ADAUSDT,W,2021-05-03,верх. половина,0.7438164655275421,True,False,H,True,False,True,cont,cont
ADAUSDT,W,2021-05-10,верх. половина,0.8827678755763538,True,False,H,True,False,True,opp,opp
ADAUSDT,W,2021-05-17,верх. половина,0.8264742014742017,False,True,L,False,True,False,-,cont
ADAUSDT,W,2021-05-24,нижн. половина,0.23578947368421058,False,False,-,False,False,False,,
ADAUSDT,W,2021-05-31,верх. половина,0.5542986425339367,True,False,H,False,False,True,opp,opp
ADAUSDT,W,2021-06-07,нижн. половина,0.4142739950779331,False,True,L,False,False,False,cont,cont
ADAUSDT,W,2021-06-14,верх. половина,0.5201351000259808,False,True,L,False,False,False,cont,cont
ADAUSDT,W,2021-06-21,нижн. половина,0.3969865705863083,False,True,L,False,False,False,opp,opp
ADAUSDT,W,2021-06-28,верх. половина,0.7716769617936396,True,False,H,True,False,True,cont,opp
ADAUSDT,W,2021-07-05,верх. половина,0.8417633410672853,False,False,-,False,False,False,,
ADAUSDT,W,2021-07-12,нижн. половина,0.3553155201819212,False,True,L,False,True,False,cont,cont
ADAUSDT,W,2021-07-19,нижн. половина,0.1431747443308138,False,True,L,False,False,False,opp,opp
ADAUSDT,W,2021-07-26,верх. половина,0.9056356487549154,True,False,H,True,False,True,cont,cont
ADAUSDT,W,2021-08-02,верх. половина,0.5438034188034193,True,False,H,True,False,True,cont,cont
ADAUSDT,W,2021-08-09,верх. половина,0.701561840439003,True,False,H,True,False,True,cont,cont
ADAUSDT,W,2021-08-16,верх. половина,0.898252112513022,True,False,H,True,False,True,cont,cont
ADAUSDT,W,2021-08-23,верх. половина,0.9814100315678711,True,False,H,True,False,True,cont,cont
ADAUSDT,W,2021-08-30,верх. половина,0.7515246901436157,True,False,H,False,False,True,opp,opp
ADAUSDT,W,2021-09-06,верх. половина,0.5256601893373193,False,True,L,False,True,False,cont,cont
ADAUSDT,W,2021-09-13,верх. половина,0.6807755324959037,False,False,-,False,False,False,,
ADAUSDT,W,2021-09-20,нижн. половина,0.07274895646988665,False,True,L,False,True,False,cont,cont
ADAUSDT,W,2021-09-27,верх. половина,0.539883973894126,False,False,-,False,False,True,,
ADAUSDT,W,2021-10-04,верх. половина,0.7703364913426982,True,False,H,False,False,True,opp,opp
ADAUSDT,W,2021-10-11,нижн. половина,0.28910667169242293,False,True,L,False,False,False,cont,opp
ADAUSDT,W,2021-10-18,нижн. половина,0.4964616222101262,True,False,H,False,False,False,opp,opp
ADAUSDT,W,2021-10-25,нижн. половина,0.14489311163895463,False,True,L,False,True,False,opp,opp
ADAUSDT,W,2021-11-01,нижн. половина,0.43524416135881133,False,False,-,False,False,True,,
ADAUSDT,W,2021-11-08,нижн. половина,0.47111681643132297,True,False,H,False,False,True,opp,opp
ADAUSDT,W,2021-11-15,нижн. половина,0.26801215277777807,False,True,L,False,True,False,cont,cont
ADAUSDT,W,2021-11-22,нижн. половина,0.34327603640040466,False,True,L,False,True,False,cont,cont
ADAUSDT,W,2021-11-29,нижн. половина,0.4214973011030273,False,True,L,False,True,False,cont,cont
ADAUSDT,W,2021-12-06,нижн. половина,0.3456260720411664,False,False,-,False,False,False,,
ADAUSDT,W,2021-12-13,верх. половина,0.5380869565217388,False,True,L,False,False,False,opp,opp
ADAUSDT,W,2021-12-20,нижн. половина,0.35730593607305927,True,False,H,True,False,True,cont,cont
ADAUSDT,W,2021-12-27,верх. половина,0.8791436464088401,True,False,H,False,False,True,opp,opp
ADAUSDT,W,2022-01-03,нижн. половина,0.3098139833226427,False,True,L,False,True,False,cont,cont
ADAUSDT,W,2022-01-10,нижн. половина,0.18713220870929725,True,True,L,True,False,True,,
ADAUSDT,W,2022-01-17,верх. половина,0.9659598214285715,True,True,H,False,False,False,,
ADAUSDT,W,2022-01-24,нижн. половина,0.2910499377507261,False,False,-,False,False,False,,
ADAUSDT,W,2022-01-31,нижн. половина,0.4094680331869204,True,False,H,False,False,True,cont,cont
ADAUSDT,W,2022-02-07,верх. половина,0.7812320092112849,True,False,H,False,False,False,opp,opp
ADAUSDT,W,2022-02-14,нижн. половина,0.057593856655290404,False,True,L,False,True,False,cont,cont
ADAUSDT,W,2022-02-21,нижн. половина,0.07005076142131939,False,True,L,False,True,False,opp,opp
ADAUSDT,W,2022-02-28,нижн. половина,0.4488220958570266,True,False,H,False,False,False,cont,opp
ADAUSDT,W,2022-03-07,нижн. половина,0.026970954356846946,False,True,L,False,True,False,cont,cont
ADAUSDT,W,2022-03-14,нижн. половина,0.11791907514450849,True,True,L,True,False,True,,
ADAUSDT,W,2022-03-21,верх. половина,0.7305773342836782,True,False,H,True,False,True,cont,cont
ADAUSDT,W,2022-03-28,верх. половина,0.9813284358738904,True,False,H,False,False,True,cont,cont
ADAUSDT,W,2022-04-04,верх. половина,0.5857445306986592,True,True,H,False,True,False,,
ADAUSDT,W,2022-04-11,нижн. половина,0.03328953131844088,False,True,L,False,True,False,cont,cont
ADAUSDT,W,2022-04-18,нижн. половина,0.019950124688278937,False,True,L,False,True,False,cont,cont
ADAUSDT,W,2022-04-25,нижн. половина,0.11921182266009848,False,True,L,False,True,False,cont,cont
ADAUSDT,W,2022-05-02,нижн. половина,0.3241013553329402,True,True,H,False,False,False,,
ADAUSDT,W,2022-05-09,нижн. половина,0.08508287292817665,False,True,L,False,True,False,-,cont
ADAUSDT,W,2022-05-16,верх. половина,0.5573491928632116,False,False,-,False,False,False,,
ADAUSDT,W,2022-05-23,нижн. половина,0.4081300813008132,False,True,L,False,True,False,opp,opp
ADAUSDT,W,2022-05-30,нижн. половина,0.3208041958041959,True,False,H,True,False,True,opp,opp
ADAUSDT,W,2022-06-06,нижн. половина,0.4246704331450091,False,False,-,False,False,False,,
ADAUSDT,W,2022-06-13,нижн. половина,0.005530973451327438,False,True,L,False,True,False,cont,cont
ADAUSDT,W,2022-06-20,верх. половина,0.5110410094637227,False,False,-,False,False,True,,
ADAUSDT,W,2022-06-27,нижн. половина,0.484463276836158,False,True,L,False,False,False,cont,opp
ADAUSDT,W,2022-07-04,нижн. половина,0.3029100529100531,False,False,-,False,False,False,,
ADAUSDT,W,2022-07-11,нижн. половина,0.3696969696969694,False,True,L,False,False,False,opp,opp
ADAUSDT,W,2022-07-18,верх. половина,0.7178294573643412,True,False,H,True,False,True,cont,cont
ADAUSDT,W,2022-07-25,верх. половина,0.6453488372093027,True,False,H,False,False,True,cont,opp
ADAUSDT,W,2022-08-01,верх. половина,0.6148775894538611,False,False,-,False,False,True,,
ADAUSDT,W,2022-08-08,верх. половина,0.7835671342685366,True,False,H,True,False,True,opp,opp
ADAUSDT,W,2022-08-15,верх. половина,0.7266881028938912,False,True,L,False,True,False,cont,cont
ADAUSDT,W,2022-08-22,нижн. половина,0.18931710615280614,False,True,L,False,True,False,cont,cont
ADAUSDT,W,2022-08-29,нижн. половина,0.06842105263157922,True,True,L,True,False,True,,
ADAUSDT,W,2022-09-05,верх. половина,0.9240506329113919,True,False,H,False,False,True,opp,opp
ADAUSDT,W,2022-09-12,верх. половина,0.7917847025495744,False,True,L,False,True,False,cont,cont
ADAUSDT,W,2022-09-19,нижн. половина,0.12545676004872086,False,True,L,False,False,False,cont,cont
ADAUSDT,W,2022-09-26,нижн. половина,0.4701601164483261,False,False,-,False,False,False,,
ADAUSDT,W,2022-10-03,нижн. половина,0.05806451612903185,False,True,L,False,False,False,cont,cont
ADAUSDT,W,2022-10-10,нижн. половина,0.34375000000000133,False,True,L,False,True,False,cont,cont
ADAUSDT,W,2022-10-17,нижн. половина,0.28894472361809,False,True,L,False,False,False,opp,opp
ADAUSDT,W,2022-10-24,верх. половина,0.7019438444924411,True,False,H,True,False,True,opp,opp
ADAUSDT,W,2022-10-31,верх. половина,0.6034482758620687,False,False,-,False,False,True,,
ADAUSDT,W,2022-11-07,нижн. половина,0.37889273356401365,False,True,L,False,True,False,cont,cont
ADAUSDT,W,2022-11-14,нижн. половина,0.1907894736842104,False,False,-,False,False,False,,
ADAUSDT,W,2022-11-21,нижн. половина,0.07062146892655376,False,True,L,False,False,False,cont,opp
ADAUSDT,W,2022-11-28,верх. половина,0.6175438596491236,True,False,H,False,False,True,cont,cont
ADAUSDT,W,2022-12-05,верх. половина,0.8394160583941602,True,False,H,False,False,False,opp,opp
ADAUSDT,W,2022-12-12,нижн. половина,0.14173228346456643,False,True,L,False,True,False,cont,cont
ADAUSDT,W,2022-12-19,нижн. половина,0.1801242236024846,False,True,L,False,False,False,cont,cont
ADAUSDT,W,2022-12-26,верх. половина,0.5521739130434792,False,True,L,False,False,False,opp,opp
ADAUSDT,W,2023-01-02,нижн. половина,0.39636363636363575,True,False,H,True,False,True,cont,cont
ADAUSDT,W,2023-01-09,верх. половина,0.8228663446054748,True,False,H,True,False,True,cont,cont
ADAUSDT,W,2023-01-16,верх. половина,0.7393617021276595,True,False,H,True,False,True,cont,cont
ADAUSDT,W,2023-01-23,верх. половина,0.8325722983257229,True,False,H,True,False,True,cont,cont
ADAUSDT,W,2023-01-30,верх. половина,0.9714285714285714,True,False,H,False,False,True,opp,opp
ADAUSDT,W,2023-02-06,верх. половина,0.5589430894308941,False,True,L,False,True,False,cont,cont
ADAUSDT,W,2023-02-13,нижн. половина,0.20958083832335248,True,True,L,False,False,True,,
ADAUSDT,W,2023-02-20,верх. половина,0.7083870967741935,False,False,-,False,False,False,,
ADAUSDT,W,2023-02-27,нижн. половина,0.30677966101694926,False,True,L,False,True,False,cont,cont
ADAUSDT,W,2023-03-06,нижн. половина,0.37310606060606044,False,True,L,False,False,False,opp,opp
ADAUSDT,W,2023-03-13,верх. половина,0.793269230769231,True,False,H,True,False,True,cont,cont
ADAUSDT,W,2023-03-20,верх. половина,0.554493307839388,True,False,H,False,False,True,cont,opp
ADAUSDT,W,2023-03-27,нижн. половина,0.4589041095890409,True,False,H,False,False,True,cont,cont
ADAUSDT,W,2023-04-03,верх. половина,0.6193724420190992,False,False,-,False,False,True,,
ADAUSDT,W,2023-04-10,верх. половина,0.5462427745664745,True,False,H,True,False,True,opp,opp
ADAUSDT,W,2023-04-17,верх. половина,0.8578745198463509,False,True,L,False,False,False,cont,cont
ADAUSDT,W,2023-04-24,нижн. половина,0.14382632293080055,False,True,L,False,False,False,cont,cont
ADAUSDT,W,2023-05-01,нижн. половина,0.46189376443417923,False,True,L,False,False,False,cont,cont
ADAUSDT,W,2023-05-08,нижн. половина,0.12096774193548403,False,True,L,False,True,False,cont,opp
ADAUSDT,W,2023-05-15,верх. половина,0.7246835443037963,True,False,H,False,False,False,cont,opp
ADAUSDT,W,2023-05-22,нижн. половина,0.16460905349794033,True,True,L,True,False,True,,
ADAUSDT,W,2023-05-29,верх. половина,0.9102167182662534,True,False,H,False,False,True,opp,opp
ADAUSDT,W,2023-06-05,верх. половина,0.6511627906976761,False,True,L,False,True,False,-,opp
ADAUSDT,W,2023-06-12,нижн. половина,0.33866995073891626,False,False,-,False,False,False,,
ADAUSDT,W,2023-06-19,нижн. половина,0.22933333333333303,True,True,L,True,False,True,,
ADAUSDT,W,2023-06-26,верх. половина,0.7514124293785311,False,False,-,False,False,True,,
ADAUSDT,W,2023-07-03,верх. половина,0.8052884615384615,True,False,H,False,False,True,cont,opp
ADAUSDT,W,2023-07-10,нижн. половина,0.335849056603774,True,False,H,True,False,True,opp,opp
ADAUSDT,W,2023-07-17,нижн. половина,0.3581943081452402,False,False,-,False,False,False,,
ADAUSDT,W,2023-07-24,верх. половина,0.5492537313432839,False,False,-,False,False,True,,
ADAUSDT,W,2023-07-31,верх. половина,0.8324607329842938,True,True,H,False,True,False,,
ADAUSDT,W,2023-08-07,нижн. половина,0.11475409836065574,False,True,L,False,False,False,cont,cont
ADAUSDT,W,2023-08-14,нижн. половина,0.38139534883720927,False,True,L,False,True,False,-,cont
ADAUSDT,W,2023-08-21,верх. половина,0.6309719934102138,False,False,-,False,False,True,,
ADAUSDT,W,2023-08-28,верх. половина,0.5948275862068961,True,True,H,False,False,False,,
ADAUSDT,W,2023-09-04,нижн. половина,0.22570532915360464,False,True,L,False,False,False,cont,cont
ADAUSDT,W,2023-09-11,нижн. половина,0.3823529411764701,False,True,L,False,False,False,opp,opp
ADAUSDT,W,2023-09-18,верх. половина,0.5537634408602151,True,False,H,False,False,False,cont,opp
ADAUSDT,W,2023-09-25,нижн. половина,0.07228915662650628,True,True,L,True,False,True,,
ADAUSDT,W,2023-10-02,верх. половина,0.9211469534050167,True,False,H,False,False,True,opp,opp
ADAUSDT,W,2023-10-09,нижн. половина,0.24431818181818085,False,True,L,False,True,False,cont,cont
ADAUSDT,W,2023-10-16,нижн. половина,0.3273809523809525,True,True,H,True,False,True,,
ADAUSDT,W,2023-10-23,верх. половина,0.9846743295019174,True,False,H,True,False,True,cont,cont
ADAUSDT,W,2023-10-30,верх. половина,0.9093333333333329,True,False,H,True,False,True,cont,cont
ADAUSDT,W,2023-11-06,верх. половина,0.8736842105263164,True,False,H,True,False,True,cont,cont
ADAUSDT,W,2023-11-13,верх. половина,0.8070739549839235,True,False,H,False,False,True,cont,opp
ADAUSDT,W,2023-11-20,верх. половина,0.6452054794520549,False,False,-,False,False,True,,
ADAUSDT,W,2023-11-27,верх. половина,0.722347629796839,True,False,H,False,False,True,cont,cont
ADAUSDT,W,2023-12-04,верх. половина,0.7565982404692074,True,False,H,True,False,True,cont,cont
ADAUSDT,W,2023-12-11,верх. половина,0.7926499032882012,True,False,H,False,False,True,-,opp
ADAUSDT,W,2023-12-18,нижн. половина,0.4211737629459146,False,False,-,False,False,False,,
ADAUSDT,W,2023-12-25,нижн. половина,0.4459833795013843,True,False,H,False,False,False,opp,opp
ADAUSDT,W,2024-01-01,нижн. половина,0.30360065466448377,False,True,L,False,True,False,cont,cont
ADAUSDT,W,2024-01-08,нижн. половина,0.07593307593307612,False,True,L,False,False,False,cont,cont
ADAUSDT,W,2024-01-15,нижн. половина,0.39843750000000006,False,False,-,False,False,False,,
ADAUSDT,W,2024-01-22,нижн. половина,0.41677419354838696,False,True,L,False,False,False,opp,opp
ADAUSDT,W,2024-01-29,верх. половина,0.7241962774957709,True,False,H,False,False,True,cont,opp
ADAUSDT,W,2024-02-05,нижн. половина,0.18386491557223297,True,True,L,True,False,True,,
ADAUSDT,W,2024-02-12,верх. половина,0.7371864776444929,True,False,H,True,False,True,cont,cont
ADAUSDT,W,2024-02-19,верх. половина,0.8174311926605503,True,False,H,False,False,True,cont,opp
ADAUSDT,W,2024-02-26,нижн. половина,0.3234501347708886,True,False,H,True,False,True,cont,cont
ADAUSDT,W,2024-03-04,верх. половина,0.8110647181628392,True,True,H,False,False,True,,
ADAUSDT,W,2024-03-11,верх. половина,0.6686674669867944,True,False,H,False,False,True,opp,opp
ADAUSDT,W,2024-03-18,нижн. половина,0.2876712328767123,False,True,L,False,False,False,cont,cont
ADAUSDT,W,2024-03-25,верх. половина,0.5992337164750955,False,False,-,False,False,True,,
ADAUSDT,W,2024-04-01,нижн. половина,0.3738317757009329,False,True,L,False,True,False,cont,cont
ADAUSDT,W,2024-04-08,нижн. половина,0.3283100107642624,False,True,L,False,True,False,-,cont
ADAUSDT,W,2024-04-15,нижн. половина,0.3129904097646034,False,False,-,False,False,False,,
ADAUSDT,W,2024-04-22,верх. половина,0.8523862375138737,True,False,H,False,False,False,opp,opp
ADAUSDT,W,2024-04-29,нижн. половина,0.2173366834170859,False,True,L,False,False,False,cont,opp
ADAUSDT,W,2024-05-06,верх. половина,0.6880415944540724,True,False,H,False,False,False,cont,opp
ADAUSDT,W,2024-05-13,нижн. половина,0.11441647597254011,True,True,L,False,False,True,,
ADAUSDT,W,2024-05-20,верх. половина,0.6439393939393945,True,False,H,False,False,True,opp,opp
ADAUSDT,W,2024-05-27,нижн. половина,0.2384393063583816,False,True,L,False,False,False,cont,opp
ADAUSDT,W,2024-06-03,нижн. половина,0.17241379310344845,True,True,H,False,False,False,,
ADAUSDT,W,2024-06-10,нижн. половина,0.325581395348837,False,True,L,False,True,False,cont,cont
ADAUSDT,W,2024-06-17,нижн. половина,0.3663003663003667,False,True,L,False,True,False,cont,cont
ADAUSDT,W,2024-06-24,нижн. половина,0.39912280701754393,False,False,-,False,False,True,,
ADAUSDT,W,2024-07-01,верх. половина,0.7461024498886409,True,True,H,False,True,False,,
ADAUSDT,W,2024-07-08,нижн. половина,0.2859795728876509,True,False,H,True,False,True,cont,cont
ADAUSDT,W,2024-07-15,верх. половина,0.8724315068493149,True,False,H,True,False,True,opp,opp
ADAUSDT,W,2024-07-22,верх. половина,0.7683215130023644,False,True,L,False,True,False,cont,cont
ADAUSDT,W,2024-07-29,нижн. половина,0.372463768115942,False,True,L,False,True,False,cont,cont
ADAUSDT,W,2024-08-05,нижн. половина,0.11419423692636059,False,True,L,False,True,False,-,opp
ADAUSDT,W,2024-08-12,верх. половина,0.6445264452644528,False,False,-,False,False,True,,
ADAUSDT,W,2024-08-19,верх. половина,0.5472440944881903,True,False,H,True,False,True,opp,opp
ADAUSDT,W,2024-08-26,верх. половина,0.7737127371273713,False,True,L,False,False,False,cont,cont
ADAUSDT,W,2024-09-02,нижн. половина,0.06851549755301768,False,True,L,False,False,False,opp,opp
ADAUSDT,W,2024-09-09,верх. половина,0.9469496021220158,True,False,H,False,False,True,cont,cont
ADAUSDT,W,2024-09-16,нижн. половина,0.24147727272727287,False,True,L,False,False,True,opp,opp
ADAUSDT,W,2024-09-23,верх. половина,0.7257142857142856,True,False,H,True,False,True,opp,opp
ADAUSDT,W,2024-09-30,верх. половина,0.7407932011331442,False,True,L,False,False,False,cont,cont
ADAUSDT,W,2024-10-07,нижн. половина,0.39183055975794273,False,True,L,False,False,False,cont,opp
ADAUSDT,W,2024-10-14,нижн. половина,0.46236559139784916,True,False,H,False,False,True,cont,cont
ADAUSDT,W,2024-10-21,верх. половина,0.80373831775701,True,True,H,False,False,False,,
ADAUSDT,W,2024-10-28,нижн. половина,0.4524590163934428,False,False,-,False,False,False,,
ADAUSDT,W,2024-11-04,нижн. половина,0.18108108108108076,True,True,L,True,False,True,,
ADAUSDT,W,2024-11-11,верх. половина,0.7961764705882353,True,False,H,True,False,True,cont,cont
ADAUSDT,W,2024-11-18,верх. половина,0.6113696808510638,True,False,H,True,False,True,cont,cont
ADAUSDT,W,2024-11-25,верх. половина,0.7065003282994093,True,False,H,False,False,True,cont,cont
ADAUSDT,W,2024-12-02,верх. половина,0.9520193303417328,True,False,H,True,False,True,opp,opp
ADAUSDT,W,2024-12-09,верх. половина,0.5051546391752584,False,True,L,False,False,False,cont,cont
ADAUSDT,W,2024-12-16,верх. половина,0.6825767690253667,False,True,L,False,True,False,cont,opp
ADAUSDT,W,2024-12-23,нижн. половина,0.3373159210891914,False,False,-,False,False,False,,
ADAUSDT,W,2024-12-30,нижн. половина,0.0803212851405623,True,True,L,True,False,True,,
ADAUSDT,W,2025-01-06,верх. половина,0.9021701687909061,True,False,H,False,False,False,cont,opp
ADAUSDT,W,2025-01-13,нижн. половина,0.3222140762463343,True,True,L,False,False,False,,
ADAUSDT,W,2025-01-20,нижн. половина,0.4061433447098977,False,False,-,False,False,False,,
ADAUSDT,W,2025-01-27,нижн. половина,0.011936339522546581,False,True,L,False,True,False,cont,cont
ADAUSDT,W,2025-02-03,нижн. половина,0.22721545569088636,False,True,L,False,True,False,opp,opp
ADAUSDT,W,2025-02-10,верх. половина,0.5459167461074041,True,False,H,False,False,True,cont,opp
ADAUSDT,W,2025-02-17,верх. половина,0.6442593694229628,False,False,-,False,False,True,,
ADAUSDT,W,2025-02-24,нижн. половина,0.3840579710144929,True,True,L,True,False,True,,
ADAUSDT,W,2025-03-03,верх. половина,0.9698826825424617,True,False,H,False,False,False,opp,opp
ADAUSDT,W,2025-03-10,нижн. половина,0.026552462526766525,False,True,L,False,True,False,cont,cont
ADAUSDT,W,2025-03-17,нижн. половина,0.44090909090909114,False,False,-,False,False,False,,
ADAUSDT,W,2025-03-24,нижн. половина,0.39892183288409777,True,True,H,False,True,False,,
ADAUSDT,W,2025-03-31,нижн. половина,0.08252427184466006,False,True,L,False,True,False,cont,cont
ADAUSDT,W,2025-04-07,нижн. половина,0.09229747675962834,False,True,L,False,False,True,opp,opp
ADAUSDT,W,2025-04-14,верх. половина,0.8076190476190477,False,False,-,False,False,True,,
ADAUSDT,W,2025-04-21,нижн. половина,0.41352201257861626,True,False,H,True,False,True,cont,cont
ADAUSDT,W,2025-04-28,верх. половина,0.6730328495034373,False,False,-,False,False,False,,
ADAUSDT,W,2025-05-05,нижн. половина,0.17584097859327144,True,True,L,True,False,True,,
ADAUSDT,W,2025-05-12,верх. половина,0.7956989247311825,True,False,H,False,False,True,opp,opp
ADAUSDT,W,2025-05-19,нижн. половина,0.29657027572293165,False,True,L,False,False,False,cont,cont
ADAUSDT,W,2025-05-26,нижн. половина,0.38019652305366575,False,True,L,False,True,False,cont,cont
ADAUSDT,W,2025-06-02,нижн. половина,0.25850891410048643,False,True,L,False,False,False,cont,opp
ADAUSDT,W,2025-06-09,верх. половина,0.5839909808342736,True,True,H,False,False,False,,
ADAUSDT,W,2025-06-16,нижн. половина,0.17116357504215848,False,True,L,False,True,False,opp,opp
ADAUSDT,W,2025-06-23,нижн. половина,0.2175675675675676,False,False,-,False,False,False,,
ADAUSDT,W,2025-06-30,верх. половина,0.751543209876543,True,False,H,False,False,True,cont,cont
ADAUSDT,W,2025-07-07,верх. половина,0.6560000000000007,True,False,H,True,False,True,cont,cont
ADAUSDT,W,2025-07-14,верх. половина,0.8015564202334633,True,False,H,True,False,True,cont,cont
ADAUSDT,W,2025-07-21,верх. половина,0.7966558791801507,True,False,H,False,False,True,opp,opp
ADAUSDT,W,2025-07-28,нижн. половина,0.40738603577611077,False,True,L,False,True,False,opp,opp
ADAUSDT,W,2025-08-04,нижн. половина,0.24912891986062743,False,False,-,False,False,True,,
ADAUSDT,W,2025-08-11,верх. половина,0.7332796132151489,True,False,H,True,False,True,opp,opp
ADAUSDT,W,2025-08-18,верх. половина,0.7673597489211454,False,False,-,False,False,True,,
ADAUSDT,W,2025-08-25,верх. половина,0.5918367346938772,False,True,L,False,True,False,cont,cont
ADAUSDT,W,2025-09-01,нижн. половина,0.04707792207792227,False,True,L,False,False,False,opp,opp
ADAUSDT,W,2025-09-08,верх. половина,0.785714285714285,True,False,H,True,False,True,opp,opp
ADAUSDT,W,2025-09-15,нижн. половина,0.4622792937399676,False,False,-,False,False,False,,
ADAUSDT,W,2025-09-22,нижн. половина,0.36605080831408715,False,True,L,False,True,False,cont,cont
ADAUSDT,W,2025-09-29,нижн. половина,0.40868263473053895,True,False,H,False,False,True,opp,opp
ADAUSDT,W,2025-10-06,верх. половина,0.5148342059336827,False,True,L,False,True,False,-,cont
ADAUSDT,W,2025-10-13,верх. половина,0.7008406131531235,False,False,-,False,False,True,,
ADAUSDT,W,2025-10-20,нижн. половина,0.42182070882557304,False,False,-,False,False,True,,
ADAUSDT,W,2025-10-27,верх. половина,0.911589008363201,True,True,H,False,False,False,,
ADAUSDT,W,2025-11-03,нижн. половина,0.22718808193668497,False,True,L,False,True,False,cont,cont
ADAUSDT,W,2025-11-10,верх. половина,0.7275693311582383,False,True,L,False,True,False,cont,cont
ADAUSDT,W,2025-11-17,нижн. половина,0.08582089552238813,False,True,L,False,True,False,cont,cont
ADAUSDT,W,2025-11-24,нижн. половина,0.18521816562778257,False,False,-,False,False,False,,
ADAUSDT,W,2025-12-01,нижн. половина,0.3279569892473114,True,True,L,False,False,False,,
ADAUSDT,W,2025-12-08,верх. половина,0.5469483568075121,True,False,H,False,False,False,opp,opp
ADAUSDT,W,2025-12-15,нижн. половина,0.052915766738661066,False,True,L,False,True,False,cont,cont
ADAUSDT,W,2025-12-22,нижн. половина,0.320261437908497,False,True,L,False,False,False,cont,opp
ADAUSDT,W,2025-12-29,верх. половина,0.6812933025404162,True,True,H,True,False,True,,
ADAUSDT,W,2026-01-05,верх. половина,0.93573264781491,True,False,H,False,False,True,opp,opp
ADAUSDT,W,2026-01-12,нижн. половина,0.1356877323420069,False,True,L,False,True,False,cont,cont
ADAUSDT,W,2026-01-19,нижн. половина,0.01893939393939397,False,True,L,False,True,False,cont,cont
ADAUSDT,W,2026-01-26,нижн. половина,0.1495327102803729,False,True,L,False,True,False,cont,cont
ADAUSDT,W,2026-02-02,нижн. половина,0.17377731529656595,False,True,L,False,False,False,-,cont
ADAUSDT,W,2026-02-09,верх. половина,0.5857988165680469,False,False,-,False,False,True,,
ADAUSDT,W,2026-02-16,верх. половина,0.6097087378640779,False,False,-,False,False,False,,
ADAUSDT,W,2026-02-23,нижн. половина,0.1753731343283576,True,True,L,False,False,False,,
ADAUSDT,W,2026-03-02,нижн. половина,0.3333333333333327,False,True,L,False,True,False,cont,opp
ADAUSDT,W,2026-03-09,нижн. половина,0.079254079254079,False,False,-,False,False,True,,
ADAUSDT,W,2026-03-16,верх. половина,0.6544342507645264,True,True,H,False,False,False,,
ADAUSDT,W,2026-03-23,нижн. половина,0.056485355648535754,False,True,L,False,True,False,-,opp
ADAUSDT,W,2026-03-30,нижн. половина,0.16441441441441446,False,False,-,False,False,False,,
ADAUSDT,W,2026-04-06,верх. половина,0.8097560975609776,True,False,H,False,False,False,cont,opp
ADAUSDT,W,2026-04-13,нижн. половина,0.025641025641025505,True,False,H,False,False,False,cont,opp
ADAUSDT,W,2026-04-20,нижн. половина,0.2049689440993785,False,False,-,False,False,True,,
ADAUSDT,W,2026-04-27,верх. половина,0.6455696202531651,False,True,L,False,False,False,opp,opp
ADAUSDT,W,2026-05-04,верх. половина,0.6222222222222219,True,False,H,True,False,True,opp,opp
ADAUSDT,W,2026-05-11,верх. половина,0.8496420047732691,False,True,L,False,False,False,cont,cont
ADAUSDT,W,2026-05-18,нижн. половина,0.18181818181818207,False,True,L,False,True,False,cont,cont
ADAUSDT,W,2026-05-25,нижн. половина,0.34042553191489433,False,True,L,False,True,False,cont,cont
ADAUSDT,W,2026-06-01,нижн. половина,0.3869346733668334,False,True,L,False,True,False,cont,cont
ADAUSDT,W,2026-06-08,нижн. половина,0.18651685393258433,False,False,-,False,False,False,,
ADAUSDT,W,2026-06-15,верх. половина,0.9688715953307395,True,True,H,False,True,False,,
ADAUSDT,W,2026-06-22,нижн. половина,0.01183431952662755,False,True,L,False,True,False,opp,opp
ADAUSDT,W,2026-06-29,нижн. половина,0.2239999999999998,True,False,H,True,False,True,cont,cont
ADAUSDT,W,2026-07-06,верх. половина,0.8195876288659797,False,False,-,False,False,False,,
ADAUSDT,W,2026-07-13,нижн. половина,0.03691275167785202,False,True,L,False,False,False,cont,opp
ADAUSDT,W,2026-07-20,верх. половина,0.7642857142857147,True,False,H,False,False,True,opp,opp
ADAUSDT,W,2026-07-27,нижн. половина,0.2610837438423647,True,True,L,True,False,True,,
ADAUSDT,W,2026-08-03,верх. половина,0.9331619537275067,True,False,H,True,False,True,cont,opp
ADAUSDT,W,2026-08-10,нижн. половина,0.42192691029900314,False,True,L,False,True,False,cont,cont
ADAUSDT,W,2026-08-17,нижн. половина,0.012048192771084123,True,True,L,True,False,True,,
ADAUSDT,W,2026-08-24,верх. половина,0.6374002280501713,False,False,-,False,False,False,,
ADAUSDT,W,2026-08-31,нижн. половина,0.08291457286432154,False,False,-,False,False,True,,
ADAUSDT,W,2026-09-07,верх. половина,0.893854748603352,True,False,H,False,False,False,opp,opp
ADAUSDT,W,2026-09-14,нижн. половина,0.10312499999999991,True,True,L,False,False,True,,
ADAUSDT,W,2026-09-21,верх. половина,0.8381374722838137,True,False,H,True,False,True,cont,cont
ADAUSDT,W,2026-09-28,верх. половина,0.7326478149100253,True,False,H,False,False,True,cont,cont
ADAUSDT,M,2020-02-01,нижн. половина,0.4971428571428583,True,True,H,False,True,False,,
ADAUSDT,M,2020-03-01,нижн. половина,0.48752515090543264,False,True,L,False,False,False,opp,opp
ADAUSDT,M,2020-04-01,нижн. половина,0.36905444126074494,True,False,H,False,False,True,cont,cont
ADAUSDT,M,2020-05-01,верх. половина,0.7304000000000002,True,False,H,True,False,True,cont,cont
ADAUSDT,M,2020-06-01,верх. половина,0.7097560975609758,True,False,H,False,False,True,cont,cont
ADAUSDT,M,2020-07-01,верх. половина,0.6436018957345974,True,False,H,True,False,True,-,opp
ADAUSDT,M,2020-08-01,верх. половина,0.7780821917808217,False,False,-,False,False,True,,
ADAUSDT,M,2020-09-01,нижн. половина,0.4015732546705996,False,True,L,False,True,False,opp,opp
ADAUSDT,M,2020-10-01,нижн. половина,0.4898770104068116,False,False,-,False,False,False,,
ADAUSDT,M,2020-11-01,нижн. половина,0.15031645569620294,True,True,L,True,False,True,,
ADAUSDT,M,2020-12-01,верх. половина,0.8756739941932807,True,False,H,False,False,True,cont,cont
ADAUSDT,M,2021-01-01,верх. половина,0.7756294338572819,True,False,H,True,False,True,cont,cont
ADAUSDT,M,2021-02-01,верх. половина,0.7684722644541939,True,False,H,True,False,True,cont,cont
ADAUSDT,M,2021-03-01,верх. половина,0.8507616499095025,False,False,-,False,False,True,,
ADAUSDT,M,2021-04-01,нижн. половина,0.4215336916913292,True,True,H,False,False,True,,
ADAUSDT,M,2021-05-01,верх. половина,0.67921022418273,True,False,H,True,False,True,cont,opp
ADAUSDT,M,2021-06-01,верх. половина,0.5011220673240395,False,False,-,False,False,False,,
ADAUSDT,M,2021-07-01,нижн. половина,0.4324688447288649,False,False,-,False,False,False,,
ADAUSDT,M,2021-08-01,верх. половина,0.6288421052631578,True,False,H,True,False,True,cont,cont
ADAUSDT,M,2021-09-01,верх. половина,0.8783241198719814,True,False,H,False,False,False,opp,opp
ADAUSDT,M,2021-10-01,нижн. половина,0.22147967607516336,False,True,L,False,False,False,cont,cont
ADAUSDT,M,2021-11-01,нижн. половина,0.31071067699562155,True,True,H,False,True,False,,
ADAUSDT,M,2021-12-01,нижн. половина,0.14584845029542867,False,True,L,False,True,False,cont,cont
ADAUSDT,M,2022-01-01,нижн. половина,0.2248713550600343,False,True,L,False,True,False,cont,cont
ADAUSDT,M,2022-02-01,нижн. половина,0.1904827777009267,False,True,L,False,False,False,cont,cont
ADAUSDT,M,2022-03-01,нижн. половина,0.4181501547987616,False,False,-,False,False,True,,
ADAUSDT,M,2022-04-01,верх. половина,0.7795057520238604,True,True,H,False,True,False,,
ADAUSDT,M,2022-05-01,нижн. половина,0.04093567251461993,False,True,L,False,True,False,-,cont
ADAUSDT,M,2022-06-01,нижн. половина,0.44660194174757284,False,False,-,False,False,False,,
ADAUSDT,M,2022-07-01,нижн. половина,0.15804251905334932,False,True,L,False,False,False,cont,opp
ADAUSDT,M,2022-08-01,верх. половина,0.7368082368082371,True,False,H,False,False,False,opp,opp
ADAUSDT,M,2022-09-01,нижн. половина,0.13213038416763676,False,True,L,False,False,False,cont,cont
ADAUSDT,M,2022-10-01,нижн. половина,0.1893115942028983,False,True,L,False,True,False,cont,cont
ADAUSDT,M,2022-11-01,верх. половина,0.6871609403254972,False,True,L,False,True,False,cont,cont
ADAUSDT,M,2022-12-01,нижн. половина,0.1665500349895031,False,True,L,False,True,False,-,opp
ADAUSDT,M,2023-01-01,нижн. половина,0.07555555555555554,True,False,H,True,False,True,cont,cont
ADAUSDT,M,2023-02-01,верх. половина,0.9381377551020409,True,False,H,False,False,True,cont,opp
ADAUSDT,M,2023-03-01,нижн. половина,0.09032258064516135,False,True,L,False,False,True,opp,opp
ADAUSDT,M,2023-04-01,верх. половина,0.909009812667261,True,False,H,False,False,True,opp,opp
ADAUSDT,M,2023-05-01,нижн. половина,0.2722342733188721,False,True,L,False,False,False,cont,cont
ADAUSDT,M,2023-06-01,верх. половина,0.5310621242484974,False,True,L,False,True,False,-,opp
ADAUSDT,M,2023-07-01,нижн. половина,0.424682395644283,False,False,-,False,False,True,,
ADAUSDT,M,2023-08-01,нижн. половина,0.3032629558541268,False,True,L,False,True,False,opp,opp
ADAUSDT,M,2023-09-01,нижн. половина,0.29213483146067454,False,False,-,False,False,False,,
ADAUSDT,M,2023-10-01,верх. половина,0.6987951807228917,True,False,H,True,False,True,cont,cont
ADAUSDT,M,2023-11-01,верх. половина,0.8176382660687594,True,False,H,True,False,True,cont,cont
ADAUSDT,M,2023-12-01,верх. половина,0.728503184713376,True,False,H,True,False,True,cont,cont
ADAUSDT,M,2024-01-01,верх. половина,0.7162337662337661,False,False,-,False,False,False,,
ADAUSDT,M,2024-02-01,нижн. половина,0.2628541448058761,True,False,H,True,False,True,cont,cont
ADAUSDT,M,2024-03-01,верх. половина,0.7669902912621358,True,False,H,False,False,True,opp,opp
ADAUSDT,M,2024-04-01,нижн. половина,0.38455657492354717,False,True,L,False,True,False,cont,cont
ADAUSDT,M,2024-05-01,нижн. половина,0.17789022966134688,False,False,-,False,False,False,,
ADAUSDT,M,2024-06-01,нижн. половина,0.3160733549083063,False,True,L,False,True,False,cont,cont
ADAUSDT,M,2024-07-01,нижн. половина,0.28768115942028966,False,True,L,False,False,False,cont,cont
ADAUSDT,M,2024-08-01,верх. половина,0.5128022759601709,False,True,L,False,False,False,opp,opp
ADAUSDT,M,2024-09-01,верх. половина,0.5530903328050712,True,False,H,False,False,True,cont,opp
ADAUSDT,M,2024-10-01,верх. половина,0.622222222222222,False,False,-,False,False,False,,
ADAUSDT,M,2024-11-01,нижн. половина,0.40054127198917466,True,False,H,True,False,True,cont,cont
ADAUSDT,M,2024-12-01,верх. половина,0.9072238805970151,True,False,H,False,False,True,-,opp
ADAUSDT,M,2025-01-01,нижн. половина,0.14663376806485717,False,False,-,False,False,False,,
ADAUSDT,M,2025-02-01,нижн. половина,0.3180158247108949,False,True,L,False,True,False,opp,opp
ADAUSDT,M,2025-03-01,нижн. половина,0.2757927646270658,True,False,H,False,False,False,-,opp
ADAUSDT,M,2025-04-01,нижн. половина,0.06614573868798834,False,True,L,False,False,False,cont,cont
ADAUSDT,M,2025-05-01,верх. половина,0.7249893571732653,True,False,H,False,False,True,opp,opp
ADAUSDT,M,2025-06-01,нижн. половина,0.1959459459459459,False,True,L,False,True,False,opp,opp
ADAUSDT,M,2025-07-01,нижн. половина,0.28153153153153154,True,False,H,True,False,True,cont,cont
ADAUSDT,M,2025-08-01,верх. половина,0.5084107456690937,True,False,H,False,False,True,opp,opp
ADAUSDT,M,2025-09-01,нижн. половина,0.377268670038679,False,False,-,False,False,False,,
ADAUSDT,M,2025-10-01,нижн. половина,0.26633416458852865,False,True,L,False,True,False,cont,cont
ADAUSDT,M,2025-11-01,верх. половина,0.5412754936872775,False,False,-,False,False,False,,
ADAUSDT,M,2025-12-01,нижн. половина,0.11423626135871906,False,True,L,False,True,False,cont,cont
ADAUSDT,M,2026-01-01,нижн. половина,0.03651505445227407,False,True,L,False,True,False,cont,cont
ADAUSDT,M,2026-02-01,нижн. половина,0.1454005934718102,False,True,L,False,False,False,-,cont
ADAUSDT,M,2026-03-01,верх. половина,0.6494623655913977,False,False,-,False,False,False,,
ADAUSDT,M,2026-04-01,нижн. половина,0.14421553090332803,False,False,-,False,False,False,,
ADAUSDT,M,2026-05-01,нижн. половина,0.3453453453453454,True,True,H,False,False,False,,
ADAUSDT,M,2026-06-01,нижн. половина,0.12664473684210498,False,True,L,False,True,False,-,opp
ADAUSDT,M,2026-07-01,нижн. половина,0.06136820925553315,False,False,-,False,False,False,,
ADAUSDT,M,2026-08-01,нижн. половина,0.4543889845094662,True,False,H,False,False,True,cont,cont
ADAUSDT,M,2026-09-01,нижн. половина,0.32635060639470775,True,False,H,False,False,True,cont,cont
DOGEUSDT,W,2020-07-13,нижн. половина,0.4730354391371338,False,True,L,False,False,False,cont,opp
DOGEUSDT,W,2020-07-20,верх. половина,0.5676567656765679,False,False,-,False,False,False,,
DOGEUSDT,W,2020-07-27,нижн. половина,0.3745928338762204,True,True,L,False,False,True,,
DOGEUSDT,W,2020-08-03,нижн. половина,0.3906071019473083,False,False,-,False,False,True,,
DOGEUSDT,W,2020-08-10,нижн. половина,0.4637681159420292,False,False,-,False,False,True,,
DOGEUSDT,W,2020-08-17,верх. половина,0.6840490797546004,True,False,H,False,False,False,opp,opp
DOGEUSDT,W,2020-08-24,нижн. половина,0.18764845605700733,False,True,L,False,True,False,cont,cont
DOGEUSDT,W,2020-08-31,нижн. половина,0.48717948717948734,False,True,L,False,True,False,cont,cont
DOGEUSDT,W,2020-09-07,нижн. половина,0.17138364779874174,False,True,L,False,False,False,cont,cont
DOGEUSDT,W,2020-09-14,верх. половина,0.6885245901639357,True,False,H,False,False,True,opp,opp
DOGEUSDT,W,2020-09-21,нижн. половина,0.368421052631577,False,True,L,False,True,False,opp,opp
DOGEUSDT,W,2020-09-28,верх. половина,0.6285714285714287,False,False,-,False,False,False,,
DOGEUSDT,W,2020-10-05,верх. половина,0.5188679245283033,False,False,-,False,False,True,,
DOGEUSDT,W,2020-10-12,верх. половина,0.7362637362637351,False,False,-,False,False,False,,
DOGEUSDT,W,2020-10-19,нижн. половина,0.23602484472049637,False,False,-,False,False,True,,
DOGEUSDT,W,2020-10-26,верх. половина,0.648437500000001,True,True,H,False,False,False,,
DOGEUSDT,W,2020-11-02,нижн. половина,0.17359413202933954,False,True,L,False,False,False,opp,opp
DOGEUSDT,W,2020-11-09,верх. половина,0.6613756613756611,True,False,H,False,False,True,cont,cont
DOGEUSDT,W,2020-11-16,верх. половина,0.5000000000000009,True,False,H,True,False,True,cont,cont
DOGEUSDT,W,2020-11-23,верх. половина,0.613138686131387,True,False,H,False,False,True,cont,opp
DOGEUSDT,W,2020-11-30,нижн. половина,0.3640988372093024,False,False,-,False,False,False,,
DOGEUSDT,W,2020-12-07,нижн. половина,0.4112676056338026,False,True,L,False,False,False,opp,opp
DOGEUSDT,W,2020-12-14,верх. половина,0.6403940886699501,True,False,H,True,False,True,cont,cont
DOGEUSDT,W,2020-12-21,верх. половина,0.927672955974843,True,False,H,False,False,True,cont,cont
DOGEUSDT,W,2020-12-28,верх. половина,0.5203862660944207,True,False,H,True,False,True,cont,cont
DOGEUSDT,W,2021-01-04,верх. половина,0.5732004880032533,False,False,-,False,False,True,,
DOGEUSDT,W,2021-01-11,верх. половина,0.5557861961598339,False,True,L,False,False,False,opp,opp
DOGEUSDT,W,2021-01-18,верх. половина,0.7120904610031896,False,False,-,False,False,True,,
DOGEUSDT,W,2021-01-25,верх. половина,0.5529847292919946,True,True,L,True,False,True,,
DOGEUSDT,W,2021-02-01,нижн. половина,0.36375130424108515,False,False,-,False,False,True,,
DOGEUSDT,W,2021-02-08,верх. половина,0.8343552047694862,False,False,-,False,False,True,,
DOGEUSDT,W,2021-02-15,нижн. половина,0.2328879282111746,False,True,L,False,False,False,cont,cont
DOGEUSDT,W,2021-02-22,верх. половина,0.53844100373732,False,True,L,False,False,False,opp,opp
DOGEUSDT,W,2021-03-01,нижн. половина,0.3424213246845387,False,False,-,False,False,True,,
DOGEUSDT,W,2021-03-08,верх. половина,0.8385435821993386,True,False,H,True,False,True,cont,opp
DOGEUSDT,W,2021-03-15,верх. половина,0.5277732793522264,False,False,-,False,False,False,,
DOGEUSDT,W,2021-03-22,нижн. половина,0.45272853667014223,False,True,L,False,True,False,opp,opp
DOGEUSDT,W,2021-03-29,нижн. половина,0.4869770182675314,True,False,H,False,False,True,cont,cont
DOGEUSDT,W,2021-04-05,нижн. половина,0.3153785280928517,True,False,H,True,False,True,cont,cont
DOGEUSDT,W,2021-04-12,верх. половина,0.7628805620608902,True,False,H,True,False,True,cont,cont
DOGEUSDT,W,2021-04-19,верх. половина,0.6503859857482185,False,False,-,False,False,False,,
DOGEUSDT,W,2021-04-26,нижн. половина,0.32644705678470326,False,False,-,False,False,True,,
DOGEUSDT,W,2021-05-03,верх. половина,0.8280013737598902,True,False,H,True,False,True,opp,opp
DOGEUSDT,W,2021-05-10,верх. половина,0.5314076669749032,False,True,L,False,False,False,cont,cont
DOGEUSDT,W,2021-05-17,верх. половина,0.6801544764757577,False,True,L,False,True,False,cont,cont
DOGEUSDT,W,2021-05-24,нижн. половина,0.3443349139006738,False,False,-,False,False,False,,
DOGEUSDT,W,2021-05-31,нижн. половина,0.22609126984126962,True,False,H,False,False,True,opp,opp
DOGEUSDT,W,2021-06-07,верх. половина,0.5072407045009785,False,False,-,False,False,False,,
DOGEUSDT,W,2021-06-14,нижн. половина,0.3407058823529416,False,True,L,False,True,False,cont,cont
DOGEUSDT,W,2021-06-21,нижн. половина,0.30500722195474284,False,True,L,False,False,False,cont,cont
DOGEUSDT,W,2021-06-28,верх. половина,0.8043581241117952,False,False,-,False,False,True,,
DOGEUSDT,W,2021-07-05,нижн. половина,0.23311603650586712,False,True,L,False,True,False,cont,cont
DOGEUSDT,W,2021-07-12,нижн. половина,0.40876338851022354,False,True,L,False,True,False,cont,cont
DOGEUSDT,W,2021-07-19,нижн. половина,0.25402184707050635,False,True,L,False,False,True,opp,opp
DOGEUSDT,W,2021-07-26,верх. половина,0.7005813953488373,True,False,H,False,False,True,cont,cont
DOGEUSDT,W,2021-08-02,нижн. половина,0.23818229302689975,True,True,L,True,False,True,,
DOGEUSDT,W,2021-08-09,верх. половина,0.5114404009588148,True,False,H,True,False,True,cont,cont
DOGEUSDT,W,2021-08-16,верх. половина,0.9209598925994296,True,False,H,False,False,True,opp,opp
DOGEUSDT,W,2021-08-23,верх. половина,0.5104959328260302,False,True,L,False,False,False,cont,opp
DOGEUSDT,W,2021-08-30,нижн. половина,0.2658404337722697,False,False,-,False,False,True,,
DOGEUSDT,W,2021-09-06,верх. половина,0.9727331746375247,True,True,H,False,True,False,,
DOGEUSDT,W,2021-09-13,нижн. половина,0.40614995787700087,False,False,-,False,False,False,,
DOGEUSDT,W,2021-09-20,нижн. половина,0.15736989716422556,False,True,L,False,True,False,opp,opp
DOGEUSDT,W,2021-09-27,нижн. половина,0.2739691373640274,False,False,-,False,False,True,,
DOGEUSDT,W,2021-10-04,верх. половина,0.8451573103022827,True,False,H,True,False,True,cont,cont
DOGEUSDT,W,2021-10-11,нижн. половина,0.2787706697845333,False,False,-,False,False,False,,
DOGEUSDT,W,2021-10-18,верх. половина,0.7388870595982872,True,False,H,True,False,True,opp,opp
DOGEUSDT,W,2021-10-25,верх. половина,0.8489551003517479,True,True,L,False,False,True,,
DOGEUSDT,W,2021-11-01,верх. половина,0.5361068702290074,False,False,-,False,False,False,,
DOGEUSDT,W,2021-11-08,нижн. половина,0.4599201065246348,True,True,H,False,False,False,,
DOGEUSDT,W,2021-11-15,нижн. половина,0.4893396505774354,False,True,L,False,True,False,cont,cont
DOGEUSDT,W,2021-11-22,нижн. половина,0.2150366990676457,False,True,L,False,True,False,cont,cont
DOGEUSDT,W,2021-11-29,нижн. половина,0.4550571999273653,False,True,L,False,True,False,cont,opp
DOGEUSDT,W,2021-12-06,нижн. половина,0.4467667549798841,False,False,-,False,False,False,,
DOGEUSDT,W,2021-12-13,нижн. половина,0.4298107255520503,True,True,L,False,False,False,,
DOGEUSDT,W,2021-12-20,нижн. половина,0.2646629705281586,False,False,-,False,False,True,,
DOGEUSDT,W,2021-12-27,верх. половина,0.8109859154929572,False,False,-,False,False,False,,
DOGEUSDT,W,2022-01-03,нижн. половина,0.3431721194879086,False,True,L,False,True,False,cont,cont
DOGEUSDT,W,2022-01-10,нижн. половина,0.1839510370622237,True,True,L,True,False,True,,
DOGEUSDT,W,2022-01-17,верх. половина,0.5145999241562382,False,True,L,False,False,False,cont,cont
DOGEUSDT,W,2022-01-24,нижн. половина,0.37718850926398095,False,False,-,False,False,False,,
DOGEUSDT,W,2022-01-31,нижн. половина,0.4900568181818181,True,False,H,True,False,True,cont,cont
DOGEUSDT,W,2022-02-07,верх. половина,0.9153263954588452,True,False,H,False,False,True,opp,opp
DOGEUSDT,W,2022-02-14,нижн. половина,0.24182808716707024,False,True,L,False,True,False,cont,cont
DOGEUSDT,W,2022-02-21,нижн. половина,0.11460674157303287,False,True,L,False,True,False,opp,opp
DOGEUSDT,W,2022-02-28,нижн. половина,0.46457574908989074,False,False,-,False,False,False,,
DOGEUSDT,W,2022-03-07,нижн. половина,0.07785032646911144,False,True,L,False,True,False,opp,opp
DOGEUSDT,W,2022-03-14,нижн. половина,0.10633946830265802,True,False,H,False,False,True,cont,cont
DOGEUSDT,W,2022-03-21,верх. половина,0.6094793057409882,True,False,H,True,False,True,cont,cont
DOGEUSDT,W,2022-03-28,верх. половина,0.9661921708185051,True,False,H,True,False,True,cont,cont
DOGEUSDT,W,2022-04-04,верх. половина,0.6677330895795245,True,False,H,False,False,True,opp,opp
DOGEUSDT,W,2022-04-11,нижн. половина,0.20759493670886048,False,True,L,False,True,False,cont,cont
DOGEUSDT,W,2022-04-18,нижн. половина,0.3403113258185717,False,True,L,False,True,False,cont,cont
DOGEUSDT,W,2022-04-25,нижн. половина,0.060738885410143995,True,True,L,False,False,False,,
DOGEUSDT,W,2022-05-02,нижн. половина,0.21158174749335004,False,True,L,False,False,False,cont,cont
DOGEUSDT,W,2022-05-09,нижн. половина,0.13129381771829224,False,True,L,False,True,False,cont,cont
DOGEUSDT,W,2022-05-16,нижн. половина,0.4341480569720416,False,False,-,False,False,False,,
DOGEUSDT,W,2022-05-23,нижн. половина,0.38584667228306574,False,True,L,False,False,False,cont,opp
DOGEUSDT,W,2022-05-30,верх. половина,0.5091623036649211,False,False,-,False,False,False,,
DOGEUSDT,W,2022-06-06,нижн. половина,0.2175115207373273,False,True,L,False,True,False,cont,cont
DOGEUSDT,W,2022-06-13,нижн. половина,0.006071929005137377,False,True,L,False,True,False,-,opp
DOGEUSDT,W,2022-06-20,верх. половина,0.6633720930232557,True,False,H,True,False,True,cont,cont
DOGEUSDT,W,2022-06-27,верх. половина,0.7696879643387815,True,False,H,False,False,False,opp,opp
DOGEUSDT,W,2022-07-04,нижн. половина,0.3019207683073226,False,False,-,False,False,False,,
DOGEUSDT,W,2022-07-11,нижн. половина,0.2190594059405932,False,True,L,False,True,False,opp,opp
DOGEUSDT,W,2022-07-18,верх. половина,0.5735887096774198,True,False,H,True,False,True,cont,opp
DOGEUSDT,W,2022-07-25,нижн. половина,0.3254985754985756,False,True,L,False,False,False,opp,opp
DOGEUSDT,W,2022-08-01,верх. половина,0.552577319587629,False,False,-,False,False,True,,
DOGEUSDT,W,2022-08-08,верх. половина,0.614285714285714,True,False,H,True,False,True,cont,cont
DOGEUSDT,W,2022-08-15,верх. половина,0.8323221180364038,True,False,H,False,False,False,opp,opp
DOGEUSDT,W,2022-08-22,нижн. половина,0.1026094648385671,False,True,L,False,True,False,cont,cont
DOGEUSDT,W,2022-08-29,нижн. половина,0.04631379962192792,False,True,L,False,False,False,cont,cont
DOGEUSDT,W,2022-09-05,верх. половина,0.726881720430106,True,True,H,False,False,True,,
DOGEUSDT,W,2022-09-12,верх. половина,0.7709090909090905,False,True,L,False,False,False,cont,cont
DOGEUSDT,W,2022-09-19,нижн. половина,0.15706806282722532,True,True,L,False,False,True,,
DOGEUSDT,W,2022-09-26,нижн. половина,0.4281150159744413,False,False,-,False,False,False,,
DOGEUSDT,W,2022-10-03,нижн. половина,0.15725806451612848,True,False,H,False,False,True,opp,opp
DOGEUSDT,W,2022-10-10,нижн. половина,0.41082410824108284,False,True,L,False,False,False,opp,opp
DOGEUSDT,W,2022-10-17,верх. половина,0.5204755614266842,False,False,-,False,False,True,,
DOGEUSDT,W,2022-10-24,верх. половина,0.8033573141486807,True,False,H,True,False,True,cont,cont
DOGEUSDT,W,2022-10-31,верх. половина,0.633429827382867,True,False,H,False,False,True,-,opp
DOGEUSDT,W,2022-11-07,нижн. половина,0.06429780033840951,False,True,L,False,True,False,cont,cont
DOGEUSDT,W,2022-11-14,нижн. половина,0.30051177072671437,False,False,-,False,False,False,,
DOGEUSDT,W,2022-11-21,нижн. половина,0.05801825293350727,True,True,L,True,False,True,,
DOGEUSDT,W,2022-11-28,верх. половина,0.7456521739130436,True,False,H,False,False,True,cont,cont
DOGEUSDT,W,2022-12-05,верх. половина,0.6755265797392177,True,False,H,False,False,False,opp,opp
DOGEUSDT,W,2022-12-12,нижн. половина,0.06253053248656586,False,True,L,False,True,False,cont,cont
DOGEUSDT,W,2022-12-19,нижн. половина,0.21376811594202905,False,True,L,False,False,False,cont,cont
DOGEUSDT,W,2022-12-26,верх. половина,0.6449348044132398,False,True,L,False,False,False,opp,opp
DOGEUSDT,W,2023-01-02,нижн. половина,0.421621621621622,False,False,-,False,False,True,,
DOGEUSDT,W,2023-01-09,верх. половина,0.731319554848965,True,False,H,True,False,True,cont,cont
DOGEUSDT,W,2023-01-16,верх. половина,0.6619929894842268,True,False,H,False,False,True,cont,opp
DOGEUSDT,W,2023-01-23,верх. половина,0.6945261918775749,True,False,H,False,False,True,cont,opp
DOGEUSDT,W,2023-01-30,верх. половина,0.6953376205787781,True,False,H,False,False,True,opp,opp
DOGEUSDT,W,2023-02-06,нижн. половина,0.49903784477228985,False,True,L,False,True,False,cont,cont
DOGEUSDT,W,2023-02-13,нижн. половина,0.23537323470074004,False,False,-,False,False,True,,
DOGEUSDT,W,2023-02-20,верх. половина,0.6088992974238876,False,True,L,False,False,False,cont,cont
DOGEUSDT,W,2023-02-27,нижн. половина,0.3118022328548643,False,True,L,False,True,False,cont,cont
DOGEUSDT,W,2023-03-06,нижн. половина,0.254432624113475,False,True,L,False,True,False,opp,opp
DOGEUSDT,W,2023-03-13,верх. половина,0.5965951147298291,True,False,H,False,False,True,cont,cont
DOGEUSDT,W,2023-03-20,верх. половина,0.6188841201716742,True,False,H,False,False,True,cont,opp
DOGEUSDT,W,2023-03-27,нижн. половина,0.4372990353697754,True,False,H,False,False,True,cont,cont
DOGEUSDT,W,2023-04-03,верх. половина,0.5426195426195429,True,False,H,False,False,True,opp,opp
DOGEUSDT,W,2023-04-10,нижн. половина,0.25647929989902396,False,False,-,False,False,True,,
DOGEUSDT,W,2023-04-17,верх. половина,0.8739565943238734,True,True,H,False,True,False,,
DOGEUSDT,W,2023-04-24,нижн. половина,0.14571575166752151,False,True,L,False,False,False,cont,cont
DOGEUSDT,W,2023-05-01,верх. половина,0.54585635359116,False,False,-,False,False,False,,
DOGEUSDT,W,2023-05-08,нижн. половина,0.17081260364842524,False,True,L,False,True,False,cont,cont
DOGEUSDT,W,2023-05-15,нижн. половина,0.372289156626506,False,False,-,False,False,False,,
DOGEUSDT,W,2023-05-22,нижн. половина,0.2709677419354832,False,True,L,False,False,True,cont,opp
DOGEUSDT,W,2023-05-29,верх. половина,0.9125874125874126,True,False,H,False,False,True,opp,opp
DOGEUSDT,W,2023-06-05,верх. половина,0.570637119113571,False,True,L,False,True,False,opp,opp
DOGEUSDT,W,2023-06-12,нижн. половина,0.44184890656063597,False,False,-,False,False,False,,
DOGEUSDT,W,2023-06-19,верх. половина,0.6790540540540535,True,False,H,True,False,True,cont,opp
DOGEUSDT,W,2023-06-26,верх. половина,0.6367476240760297,True,True,L,False,False,True,,
DOGEUSDT,W,2023-07-03,верх. половина,0.7117194183062449,True,False,H,False,False,False,cont,opp
DOGEUSDT,W,2023-07-10,нижн. половина,0.16624365482233577,True,True,L,False,False,True,,
DOGEUSDT,W,2023-07-17,верх. половина,0.5289795918367348,True,False,H,False,False,True,cont,cont
DOGEUSDT,W,2023-07-24,нижн. половина,0.49403578528827063,True,False,H,True,False,True,opp,opp
DOGEUSDT,W,2023-07-31,верх. половина,0.5712209302325578,False,False,-,False,False,False,,
DOGEUSDT,W,2023-08-07,нижн. половина,0.26133333333333353,False,True,L,False,False,False,cont,opp
DOGEUSDT,W,2023-08-14,верх. половина,0.5553745928338772,False,True,L,False,True,False,-,cont
DOGEUSDT,W,2023-08-21,нижн. половина,0.39765024853140507,False,False,-,False,False,False,,
DOGEUSDT,W,2023-08-28,верх. половина,0.5050000000000003,True,False,H,False,False,True,opp,opp
DOGEUSDT,W,2023-09-04,нижн. половина,0.19321533923303932,False,True,L,False,True,False,cont,cont
DOGEUSDT,W,2023-09-11,нижн. половина,0.38262476894639486,False,True,L,False,False,False,cont,opp
DOGEUSDT,W,2023-09-18,верх. половина,0.6010362694300522,True,False,H,False,False,False,opp,opp
DOGEUSDT,W,2023-09-25,нижн. половина,0.1402439024390248,True,True,L,False,False,True,,
DOGEUSDT,W,2023-10-02,верх. половина,0.9177489177489166,True,False,H,False,False,False,opp,opp
DOGEUSDT,W,2023-10-09,нижн. половина,0.2264150943396232,False,True,L,False,True,False,opp,opp
DOGEUSDT,W,2023-10-16,верх. половина,0.634782608695652,True,False,H,True,False,True,cont,cont
DOGEUSDT,W,2023-10-23,верх. половина,0.969498910675381,True,False,H,True,False,True,cont,cont
DOGEUSDT,W,2023-10-30,верх. половина,0.5823782234957021,False,False,-,False,False,True,,
DOGEUSDT,W,2023-11-06,верх. половина,0.893650793650793,True,True,H,True,False,True,,
DOGEUSDT,W,2023-11-13,верх. половина,0.7780269058295969,True,False,H,False,False,True,cont,opp
DOGEUSDT,W,2023-11-20,верх. половина,0.6301867219917014,False,False,-,False,False,True,,
DOGEUSDT,W,2023-11-27,верх. половина,0.690677966101695,True,False,H,True,False,True,cont,cont
DOGEUSDT,W,2023-12-04,верх. половина,0.8384118190212383,True,False,H,True,False,True,cont,cont
DOGEUSDT,W,2023-12-11,верх. половина,0.7897132453345472,True,False,H,False,False,False,opp,opp
DOGEUSDT,W,2023-12-18,нижн. половина,0.21443965517241373,False,True,L,False,False,False,cont,cont
DOGEUSDT,W,2023-12-25,нижн. половина,0.45950554134697275,False,True,L,False,False,False,cont,opp
DOGEUSDT,W,2024-01-01,нижн. половина,0.4023668639053256,False,True,L,False,True,False,opp,opp
DOGEUSDT,W,2024-01-08,нижн. половина,0.2208413001912046,False,False,-,False,False,False,,
DOGEUSDT,W,2024-01-15,нижн. половина,0.4282624369142031,True,False,H,False,False,True,cont,opp
DOGEUSDT,W,2024-01-22,верх. половина,0.6778693722257452,False,False,-,False,False,False,,
DOGEUSDT,W,2024-01-29,нижн. половина,0.30020491803278593,False,False,-,False,False,False,,
DOGEUSDT,W,2024-02-05,нижн. половина,0.18290598290598334,True,False,H,False,False,True,cont,opp
DOGEUSDT,W,2024-02-12,верх. половина,0.6055045871559637,True,False,H,True,False,True,cont,cont
DOGEUSDT,W,2024-02-19,верх. половина,0.6543209876543211,True,False,H,False,False,True,cont,cont
DOGEUSDT,W,2024-02-26,нижн. половина,0.44242424242424305,True,False,H,True,False,True,cont,cont
DOGEUSDT,W,2024-03-04,верх. половина,0.9600497649986176,True,False,H,True,False,True,cont,cont
DOGEUSDT,W,2024-03-11,верх. половина,0.57319041032734,False,False,-,False,False,False,,
DOGEUSDT,W,2024-03-18,нижн. половина,0.3086872924313932,False,True,L,False,False,True,opp,opp
DOGEUSDT,W,2024-03-25,верх. половина,0.934993084370678,True,False,H,True,False,True,opp,opp
DOGEUSDT,W,2024-04-01,верх. половина,0.8467646561919244,False,True,L,False,False,False,cont,opp
DOGEUSDT,W,2024-04-08,верх. половина,0.5968199886428167,False,True,L,False,True,False,cont,cont
DOGEUSDT,W,2024-04-15,нижн. половина,0.4452914272311481,False,False,-,False,False,False,,
DOGEUSDT,W,2024-04-22,верх. половина,0.6425968863862207,False,False,-,False,False,False,,
DOGEUSDT,W,2024-04-29,нижн. половина,0.22299349240780922,True,True,L,False,False,True,,
DOGEUSDT,W,2024-05-06,верх. половина,0.8138562611984865,False,False,-,False,False,False,,
DOGEUSDT,W,2024-05-13,нижн. половина,0.07317880794702043,False,True,L,False,False,False,opp,opp
DOGEUSDT,W,2024-05-20,верх. половина,0.5621552821383118,True,False,H,True,False,True,opp,opp
DOGEUSDT,W,2024-05-27,верх. половина,0.6819839533187463,False,False,-,False,False,False,,
DOGEUSDT,W,2024-06-03,нижн. половина,0.14809081527347712,False,True,L,False,True,False,cont,cont
DOGEUSDT,W,2024-06-10,нижн. половина,0.3532187394674755,False,True,L,False,False,False,cont,cont
DOGEUSDT,W,2024-06-17,нижн. половина,0.3050505050505048,False,True,L,False,True,False,cont,cont
DOGEUSDT,W,2024-06-24,нижн. половина,0.36055776892430275,False,False,-,False,False,False,,
DOGEUSDT,W,2024-07-01,верх. половина,0.7228116710875337,False,True,L,False,True,False,opp,opp
DOGEUSDT,W,2024-07-08,нижн. половина,0.3590024664291586,False,False,-,False,False,True,,
DOGEUSDT,W,2024-07-15,верх. половина,0.9075997813012577,True,False,H,True,False,True,opp,opp
DOGEUSDT,W,2024-07-22,верх. половина,0.8812050667579605,False,False,-,False,False,True,,
DOGEUSDT,W,2024-07-29,нижн. половина,0.43929359823399616,False,True,L,False,True,False,cont,cont
DOGEUSDT,W,2024-08-05,нижн. половина,0.13278008298755184,False,True,L,False,False,False,-,opp
DOGEUSDT,W,2024-08-12,верх. половина,0.6593514575827057,False,False,-,False,False,True,,
DOGEUSDT,W,2024-08-19,нижн. половина,0.22613929492691257,True,False,H,True,False,True,opp,opp
DOGEUSDT,W,2024-08-26,верх. половина,0.652637818612922,False,True,L,False,True,False,cont,cont
DOGEUSDT,W,2024-09-02,нижн. половина,0.07294832826747673,False,True,L,False,False,False,opp,opp
DOGEUSDT,W,2024-09-09,верх. половина,0.6085858585858586,True,False,H,True,False,True,cont,cont
DOGEUSDT,W,2024-09-16,верх. половина,0.5563380281690135,True,False,H,False,False,True,cont,cont
DOGEUSDT,W,2024-09-23,верх. половина,0.654634946677605,True,False,H,True,False,True,cont,opp
DOGEUSDT,W,2024-09-30,верх. половина,0.7214336408800566,False,True,L,False,False,False,opp,opp
DOGEUSDT,W,2024-10-07,нижн. половина,0.4464210080474374,False,False,-,False,False,False,,
DOGEUSDT,W,2024-10-14,верх. половина,0.6688206785137325,True,False,H,True,False,True,cont,cont
DOGEUSDT,W,2024-10-21,верх. половина,0.8708565367276588,True,False,H,False,False,True,cont,cont
DOGEUSDT,W,2024-10-28,верх. половина,0.7486413043478263,True,False,H,True,False,True,cont,cont
DOGEUSDT,W,2024-11-04,нижн. половина,0.26428756141711934,True,False,H,True,False,True,cont,cont
DOGEUSDT,W,2024-11-11,верх. половина,0.866132799466133,True,False,H,True,False,True,cont,cont
DOGEUSDT,W,2024-11-18,верх. половина,0.5656493117893475,True,False,H,False,False,True,cont,cont
DOGEUSDT,W,2024-11-25,верх. половина,0.5911186605192914,False,False,-,False,False,True,,
DOGEUSDT,W,2024-12-02,верх. половина,0.8911923167018041,True,False,H,True,False,True,opp,opp
DOGEUSDT,W,2024-12-09,верх. половина,0.811771982269869,False,True,L,False,False,False,cont,cont
DOGEUSDT,W,2024-12-16,нижн. половина,0.4034079844206428,False,True,L,False,True,False,cont,opp
DOGEUSDT,W,2024-12-23,нижн. половина,0.3287249377538988,False,False,-,False,False,False,,
DOGEUSDT,W,2024-12-30,нижн. половина,0.2906829144452912,True,False,H,True,False,True,cont,opp
DOGEUSDT,W,2025-01-06,верх. половина,0.8214983713355049,False,False,-,False,False,False,,
DOGEUSDT,W,2025-01-13,нижн. половина,0.25735992402659047,True,True,L,False,False,True,,
DOGEUSDT,W,2025-01-20,нижн. половина,0.39702371478593024,False,False,-,False,False,False,,
DOGEUSDT,W,2025-01-27,нижн. половина,0.017915795759928025,False,True,L,False,True,False,cont,cont
DOGEUSDT,W,2025-02-03,нижн. половина,0.20010828370330289,False,True,L,False,True,False,cont,cont
DOGEUSDT,W,2025-02-10,верх. половина,0.5149311294765839,False,False,-,False,False,True,,
DOGEUSDT,W,2025-02-17,верх. половина,0.5318584070796456,False,True,L,False,False,False,cont,cont
DOGEUSDT,W,2025-02-24,нижн. половина,0.24529394729221,False,True,L,False,False,False,cont,cont
DOGEUSDT,W,2025-03-03,верх. половина,0.9255165785679963,False,True,L,False,True,False,cont,cont
DOGEUSDT,W,2025-03-10,нижн. половина,0.036692369050784525,False,True,L,False,False,False,cont,opp
DOGEUSDT,W,2025-03-17,верх. половина,0.6650091599057836,False,False,-,False,False,True,,
DOGEUSDT,W,2025-03-24,верх. половина,0.6032707450030284,True,False,H,False,False,False,opp,opp
DOGEUSDT,W,2025-03-31,нижн. половина,0.05120772946859863,False,True,L,False,True,False,cont,cont
DOGEUSDT,W,2025-04-07,нижн. половина,0.09909647333138993,False,True,L,False,False,False,opp,opp
DOGEUSDT,W,2025-04-14,верх. половина,0.8261309072529694,True,False,H,False,False,True,cont,cont
DOGEUSDT,W,2025-04-21,нижн. половина,0.26142783769902345,True,False,H,True,False,True,cont,cont
DOGEUSDT,W,2025-04-28,верх. половина,0.638633377135348,False,False,-,False,False,False,,
DOGEUSDT,W,2025-05-05,нижн. половина,0.215565509518478,True,True,L,True,False,True,,
DOGEUSDT,W,2025-05-12,верх. половина,0.7070210317045096,False,False,-,False,False,True,,
DOGEUSDT,W,2025-05-19,верх. половина,0.5225414622751692,True,False,H,False,False,False,opp,opp
DOGEUSDT,W,2025-05-26,нижн. половина,0.27241464013755806,False,True,L,False,True,False,cont,cont
DOGEUSDT,W,2025-06-02,нижн. половина,0.1742018427255196,False,True,L,False,True,False,cont,cont
DOGEUSDT,W,2025-06-09,верх. половина,0.5,True,False,H,False,False,False,opp,opp
DOGEUSDT,W,2025-06-16,нижн. половина,0.15691561067673213,False,True,L,False,True,False,opp,opp
DOGEUSDT,W,2025-06-23,нижн. половина,0.22340425531914843,False,False,-,False,False,True,,
DOGEUSDT,W,2025-06-30,верх. половина,0.9710955710955707,True,False,H,True,False,True,cont,cont
DOGEUSDT,W,2025-07-07,верх. половина,0.8151082937136819,True,False,H,True,False,True,cont,cont
DOGEUSDT,W,2025-07-14,верх. половина,0.6824506749740394,True,False,H,True,False,True,cont,cont
DOGEUSDT,W,2025-07-21,верх. половина,0.9489659773182123,True,False,H,False,False,True,cont,opp
DOGEUSDT,W,2025-07-28,нижн. половина,0.2957367240089755,False,True,L,False,True,False,opp,opp
DOGEUSDT,W,2025-08-04,нижн. половина,0.1691948658109684,False,False,-,False,False,True,,
DOGEUSDT,W,2025-08-11,верх. половина,0.7471690745802418,True,False,H,False,False,True,cont,opp
DOGEUSDT,W,2025-08-18,нижн. половина,0.445945945945946,False,True,L,False,False,False,cont,cont
DOGEUSDT,W,2025-08-25,верх. половина,0.6483457844183564,False,True,L,False,False,False,cont,cont
DOGEUSDT,W,2025-09-01,нижн. половина,0.2733588051406736,False,True,L,False,False,True,opp,opp
DOGEUSDT,W,2025-09-08,верх. половина,0.9792598617324123,True,False,H,True,False,True,opp,opp
DOGEUSDT,W,2025-09-15,верх. половина,0.6398805821619601,False,False,-,False,False,False,,
DOGEUSDT,W,2025-09-22,нижн. половина,0.12620453838980428,False,True,L,False,True,False,cont,cont
DOGEUSDT,W,2025-09-29,нижн. половина,0.40220253770648773,True,False,H,False,False,True,cont,cont
DOGEUSDT,W,2025-10-06,верх. половина,0.6771633384536611,True,True,H,False,True,False,,
DOGEUSDT,W,2025-10-13,верх. половина,0.6603945534469818,False,False,-,False,False,True,,
DOGEUSDT,W,2025-10-20,нижн. половина,0.46394399066511044,False,False,-,False,False,True,,
DOGEUSDT,W,2025-10-27,верх. половина,0.9238468233246301,True,True,H,False,False,False,,
DOGEUSDT,W,2025-11-03,нижн. половина,0.30114665057332574,False,True,L,False,False,False,cont,cont
DOGEUSDT,W,2025-11-10,верх. половина,0.7902077996014798,False,False,-,False,False,False,,
DOGEUSDT,W,2025-11-17,нижн. половина,0.15344879975691278,False,True,L,False,True,False,cont,cont
DOGEUSDT,W,2025-11-24,нижн. половина,0.36959247648902793,False,False,-,False,False,False,,
DOGEUSDT,W,2025-12-01,нижн. половина,0.22918149466192164,False,True,L,False,True,False,cont,opp
DOGEUSDT,W,2025-12-08,нижн. половина,0.320441988950277,False,False,-,False,False,False,,
DOGEUSDT,W,2025-12-15,нижн. половина,0.07222491517207914,False,True,L,False,True,False,cont,cont
DOGEUSDT,W,2025-12-22,верх. половина,0.6046386192017261,False,False,-,False,False,False,,
DOGEUSDT,W,2025-12-29,нижн. половина,0.227395411605938,True,True,L,True,False,True,,
DOGEUSDT,W,2026-01-05,верх. половина,0.8781869688385266,True,False,H,False,False,True,opp,opp
DOGEUSDT,W,2026-01-12,нижн. половина,0.10399614829080377,False,True,L,False,True,False,cont,cont
DOGEUSDT,W,2026-01-19,нижн. половина,0.017937219730941686,False,True,L,False,True,False,cont,cont
DOGEUSDT,W,2026-01-26,нижн. половина,0.13124108416547745,False,True,L,False,True,False,cont,cont
DOGEUSDT,W,2026-02-02,нижн. половина,0.29072227258990646,False,True,L,False,False,False,-,opp
DOGEUSDT,W,2026-02-09,верх. половина,0.5435847208619005,True,False,H,False,False,True,-,opp
DOGEUSDT,W,2026-02-16,нижн. половина,0.4966397849462367,False,False,-,False,False,False,,
DOGEUSDT,W,2026-02-23,нижн. половина,0.11074197120708609,True,True,L,False,True,False,,
DOGEUSDT,W,2026-03-02,нижн. половина,0.22981700753498366,False,True,L,False,False,False,opp,opp
DOGEUSDT,W,2026-03-09,нижн. половина,0.1437429537767762,False,False,-,False,False,True,,
DOGEUSDT,W,2026-03-16,верх. половина,0.6436781609195399,True,False,H,False,False,False,opp,opp
DOGEUSDT,W,2026-03-23,нижн. половина,0.06566970091027287,False,True,L,False,False,False,opp,opp
DOGEUSDT,W,2026-03-30,нижн. половина,0.25272547076313284,False,False,-,False,False,False,,
DOGEUSDT,W,2026-04-06,верх. половина,0.6135957066189631,True,False,H,False,False,False,cont,opp
DOGEUSDT,W,2026-04-13,нижн. половина,0.15372168284789545,True,False,H,False,False,True,cont,opp
DOGEUSDT,W,2026-04-20,нижн. половина,0.20260869565217388,False,False,-,False,False,True,,
DOGEUSDT,W,2026-04-27,верх. половина,0.896306818181817,True,False,H,True,False,True,cont,cont
DOGEUSDT,W,2026-05-04,верх. половина,0.7509907529722593,True,False,H,True,False,True,cont,cont
DOGEUSDT,W,2026-05-11,верх. половина,0.5900939368061486,True,True,H,False,False,False,,
DOGEUSDT,W,2026-05-18,нижн. половина,0.2871870397643595,False,True,L,False,True,False,cont,cont
DOGEUSDT,W,2026-05-25,нижн. половина,0.427127211457456,False,True,L,False,False,False,cont,cont
DOGEUSDT,W,2026-06-01,верх. половина,0.5377358490566032,False,True,L,False,True,False,cont,cont
DOGEUSDT,W,2026-06-08,нижн. половина,0.36021730045967404,False,False,-,False,False,False,,
DOGEUSDT,W,2026-06-15,верх. половина,0.6632366697848453,False,False,-,False,False,False,,
DOGEUSDT,W,2026-06-22,нижн. половина,0.04725274725274725,False,True,L,False,True,False,cont,cont
DOGEUSDT,W,2026-06-29,нижн. половина,0.12903225806451596,False,True,L,False,False,False,cont,opp
DOGEUSDT,W,2026-07-06,верх. половина,0.8474747474747478,False,False,-,False,False,False,,
DOGEUSDT,W,2026-07-13,нижн. половина,0.23577235772357805,False,True,L,False,False,False,cont,cont
DOGEUSDT,W,2026-07-20,нижн. половина,0.3355555555555557,False,True,L,False,False,True,cont,opp
DOGEUSDT,W,2026-07-27,верх. половина,0.8835274542429274,False,True,L,False,False,False,opp,opp
DOGEUSDT,W,2026-08-03,верх. половина,0.5388513513513526,False,False,-,False,False,False,,
DOGEUSDT,W,2026-08-10,нижн. половина,0.32844574780058844,True,False,H,False,False,False,cont,opp
DOGEUSDT,W,2026-08-17,нижн. половина,0.17391304347826017,True,False,H,True,False,True,cont,cont
DOGEUSDT,W,2026-08-24,верх. половина,0.7593295382669194,False,False,-,False,False,False,,
DOGEUSDT,W,2026-08-31,нижн. половина,0.09534883720930197,True,True,L,False,False,True,,
DOGEUSDT,W,2026-09-07,верх. половина,0.7150430748840294,False,False,-,False,False,False,,
DOGEUSDT,W,2026-09-14,нижн. половина,0.03271983640081809,False,True,L,False,False,True,opp,opp
DOGEUSDT,W,2026-09-21,верх. половина,0.6876438986953182,True,False,H,True,False,True,-,cont
DOGEUSDT,W,2026-09-28,верх. половина,0.5170212765957447,False,False,-,False,False,False,,
DOGEUSDT,M,2020-08-01,нижн. половина,0.3217158176943696,False,False,-,False,False,False,,
DOGEUSDT,M,2020-09-01,нижн. половина,0.18372379778051817,False,True,L,False,True,False,cont,cont
DOGEUSDT,M,2020-10-01,нижн. половина,0.14868421052631559,False,True,L,False,False,False,cont,cont
DOGEUSDT,M,2020-11-01,нижн. половина,0.15892420537897295,True,True,L,True,False,True,,
DOGEUSDT,M,2020-12-01,верх. половина,0.596030042918455,True,False,H,True,False,True,cont,cont
DOGEUSDT,M,2021-01-01,верх. половина,0.6867075664621676,True,False,H,True,False,True,cont,cont
DOGEUSDT,M,2021-02-01,нижн. половина,0.3835614809176647,False,False,-,False,False,True,,
DOGEUSDT,M,2021-03-01,нижн. половина,0.32822397615256943,False,False,-,False,False,False,,
DOGEUSDT,M,2021-04-01,нижн. половина,0.38276699029126215,True,False,H,True,False,True,cont,cont
DOGEUSDT,M,2021-05-01,верх. половина,0.7000411513507253,True,False,H,False,False,True,-,opp
DOGEUSDT,M,2021-06-01,нижн. половина,0.23664333726006517,False,True,L,False,False,False,cont,cont
DOGEUSDT,M,2021-07-01,нижн. половина,0.3201759014951626,False,True,L,False,False,False,-,opp
DOGEUSDT,M,2021-08-01,нижн. половина,0.4186207493294109,True,False,H,True,False,True,-,opp
DOGEUSDT,M,2021-09-01,верх. половина,0.5365470429262775,False,False,-,False,False,False,,
DOGEUSDT,M,2021-10-01,нижн. половина,0.08103000236239068,True,False,H,False,False,True,opp,opp
DOGEUSDT,M,2021-11-01,верх. половина,0.563715988226003,False,True,L,False,False,False,cont,cont
DOGEUSDT,M,2021-12-01,нижн. половина,0.2817133443163096,False,True,L,False,True,False,cont,cont
DOGEUSDT,M,2022-01-01,нижн. половина,0.45601472995090003,False,True,L,False,False,False,cont,cont
DOGEUSDT,M,2022-02-01,нижн. половина,0.22999581064097188,False,True,L,False,False,False,cont,opp
DOGEUSDT,M,2022-03-01,нижн. половина,0.40688622754491033,False,False,-,False,False,False,,
DOGEUSDT,M,2022-04-01,верх. половина,0.6431648152346411,True,False,H,False,False,False,opp,opp
DOGEUSDT,M,2022-05-01,нижн. половина,0.08746508379888293,False,True,L,False,True,False,cont,cont
DOGEUSDT,M,2022-06-01,нижн. половина,0.2521287343050945,False,True,L,False,True,False,-,cont
DOGEUSDT,M,2022-07-01,нижн. половина,0.42825388984934576,False,False,-,False,False,False,,
DOGEUSDT,M,2022-08-01,верх. половина,0.5450381679389313,True,False,H,False,False,False,opp,opp
DOGEUSDT,M,2022-09-01,нижн. половина,0.04365482233502535,False,True,L,False,False,False,cont,cont
DOGEUSDT,M,2022-10-01,нижн. половина,0.47044728434504857,True,True,L,True,False,True,,
DOGEUSDT,M,2022-11-01,верх. половина,0.7411303630363035,True,False,H,False,False,True,-,opp
DOGEUSDT,M,2022-12-01,нижн. половина,0.4113267148014441,False,True,L,False,True,False,cont,cont
DOGEUSDT,M,2023-01-01,нижн. половина,0.10155574762316356,False,False,-,False,False,True,,
DOGEUSDT,M,2023-02-01,верх. половина,0.9397923875432529,True,False,H,False,False,False,opp,opp
DOGEUSDT,M,2023-03-01,нижн. половина,0.1206657420249654,False,True,L,False,True,False,opp,opp
DOGEUSDT,M,2023-04-01,верх. половина,0.7089661930426266,True,False,H,False,False,True,opp,opp
DOGEUSDT,M,2023-05-01,нижн. половина,0.16085965483555845,False,True,L,False,True,False,cont,cont
DOGEUSDT,M,2023-06-01,нижн. половина,0.2515151515151517,False,True,L,False,True,False,opp,opp
DOGEUSDT,M,2023-07-01,верх. половина,0.6663456909003374,True,False,H,True,False,True,-,opp
DOGEUSDT,M,2023-08-01,верх. половина,0.7086727359846668,False,True,L,False,False,False,opp,opp
DOGEUSDT,M,2023-09-01,нижн. половина,0.36008230452674905,False,False,-,False,False,False,,
DOGEUSDT,M,2023-10-01,верх. половина,0.5107438016528923,True,True,L,True,False,True,,
DOGEUSDT,M,2023-11-01,верх. половина,0.6307692307692304,True,False,H,True,False,True,cont,cont
DOGEUSDT,M,2023-12-01,верх. половина,0.8229033631332483,True,False,H,True,False,True,cont,opp
DOGEUSDT,M,2024-01-01,нижн. половина,0.28797468354430417,False,True,L,False,True,False,opp,opp
DOGEUSDT,M,2024-02-01,нижн. половина,0.24474187380497137,True,False,H,True,False,True,cont,cont
DOGEUSDT,M,2024-03-01,верх. половина,0.6932621058073413,True,False,H,True,False,True,-,cont
DOGEUSDT,M,2024-04-01,верх. половина,0.9192198076237977,False,False,-,False,False,False,,
DOGEUSDT,M,2024-05-01,нижн. половина,0.0964493355481727,False,True,L,False,False,False,cont,cont
DOGEUSDT,M,2024-06-01,верх. половина,0.7110100090991814,False,True,L,False,False,False,cont,cont
DOGEUSDT,M,2024-07-01,нижн. половина,0.21490730230798355,False,True,L,False,False,False,cont,cont
DOGEUSDT,M,2024-08-01,верх. половина,0.5854352361084773,False,True,L,False,False,False,opp,opp
DOGEUSDT,M,2024-09-01,нижн. половина,0.48816498711038203,True,False,H,False,False,True,cont,opp
DOGEUSDT,M,2024-10-01,верх. половина,0.5835256114443931,True,False,H,True,False,True,cont,cont
DOGEUSDT,M,2024-11-01,верх. половина,0.7700025400050798,True,False,H,True,False,True,cont,cont
DOGEUSDT,M,2024-12-01,верх. половина,0.8252516010978957,True,False,H,False,False,True,-,opp
DOGEUSDT,M,2025-01-01,нижн. половина,0.24032330489447692,False,False,-,False,False,False,,
DOGEUSDT,M,2025-02-01,нижн. половина,0.18766880160506222,False,True,L,False,True,False,cont,cont
DOGEUSDT,M,2025-03-01,нижн. половина,0.13504012734628895,False,True,L,False,True,False,cont,cont
DOGEUSDT,M,2025-04-01,нижн. половина,0.24038655123817182,False,True,L,False,False,False,opp,opp
DOGEUSDT,M,2025-05-01,верх. половина,0.6704671417260488,True,False,H,False,False,True,cont,opp
DOGEUSDT,M,2025-06-01,нижн. половина,0.2956994872868055,False,True,L,False,False,False,opp,opp
DOGEUSDT,M,2025-07-01,нижн. половина,0.3510605115408606,True,False,H,True,False,True,cont,cont
DOGEUSDT,M,2025-08-01,нижн. половина,0.40557841792409693,False,False,-,False,False,False,,
DOGEUSDT,M,2025-09-01,нижн. половина,0.37267727070016327,True,False,H,False,False,True,opp,opp
DOGEUSDT,M,2025-10-01,нижн. половина,0.2762230919765166,False,True,L,False,True,False,-,cont
DOGEUSDT,M,2025-11-01,верх. половина,0.5494800042886243,False,False,-,False,False,False,,
DOGEUSDT,M,2025-12-01,нижн. половина,0.2290954864233052,False,True,L,False,True,False,cont,cont
DOGEUSDT,M,2026-01-01,нижн. половина,0.054430712595319536,True,True,H,False,True,False,,
DOGEUSDT,M,2026-02-01,нижн. половина,0.15459093109569153,False,True,L,False,True,False,-,cont
DOGEUSDT,M,2026-03-01,нижн. половина,0.37367303609341845,False,False,-,False,False,False,,
DOGEUSDT,M,2026-04-01,нижн. половина,0.3203125000000004,True,False,H,True,False,True,cont,cont
DOGEUSDT,M,2026-05-01,верх. половина,0.7600692940666954,True,False,H,False,False,False,opp,opp
DOGEUSDT,M,2026-06-01,нижн. половина,0.17981072555205016,False,True,L,False,True,False,cont,cont
DOGEUSDT,M,2026-07-01,нижн. половина,0.08042394014962631,False,True,L,False,False,False,cont,cont
DOGEUSDT,M,2026-08-01,нижн. половина,0.13439434129089367,True,True,L,True,False,True,,
DOGEUSDT,M,2026-09-01,нижн. половина,0.45470852017937213,True,False,H,False,False,True,-,cont
LTCUSDT,W,2020-01-13,верх. половина,0.919413919413919,True,False,H,True,False,True,cont,cont
LTCUSDT,W,2020-01-20,верх. половина,0.6024844720496896,False,False,-,False,False,True,,
LTCUSDT,W,2020-01-27,верх. половина,0.6401816118047672,True,False,H,True,False,True,cont,cont
LTCUSDT,W,2020-02-03,верх. половина,0.7953646127755791,True,False,H,True,False,True,cont,cont
LTCUSDT,W,2020-02-10,верх. половина,0.8794567062818335,True,False,H,False,False,True,opp,opp
LTCUSDT,W,2020-02-17,нижн. половина,0.42431192660550415,False,True,L,False,False,True,cont,opp
LTCUSDT,W,2020-02-24,верх. половина,0.9708306911857962,False,True,L,False,True,False,cont,cont
LTCUSDT,W,2020-03-02,нижн. половина,0.06483050847457632,False,True,L,False,True,False,cont,cont
LTCUSDT,W,2020-03-09,нижн. половина,0.05822416302765629,False,True,L,False,True,False,-,cont
LTCUSDT,W,2020-03-16,нижн. половина,0.44459979028311775,False,False,-,False,False,False,,
LTCUSDT,W,2020-03-23,нижн. половина,0.4247422680412368,False,False,-,False,False,True,,
LTCUSDT,W,2020-03-30,нижн. половина,0.3814432989690727,True,False,H,False,False,True,cont,cont
LTCUSDT,W,2020-04-06,верх. половина,0.5354200988467881,True,False,H,False,False,True,cont,opp
LTCUSDT,W,2020-04-13,нижн. половина,0.22327469553450588,False,True,L,False,False,False,opp,opp
LTCUSDT,W,2020-04-20,верх. половина,0.657056145675266,True,False,H,True,False,True,cont,cont
LTCUSDT,W,2020-04-27,верх. половина,0.8221859706362149,True,False,H,True,False,True,opp,opp
LTCUSDT,W,2020-05-04,верх. половина,0.6397919375812738,False,True,L,False,True,False,cont,opp
LTCUSDT,W,2020-05-11,нижн. половина,0.29774730656219384,False,False,-,False,False,False,,
LTCUSDT,W,2020-05-18,верх. половина,0.8409090909090903,True,False,H,False,False,True,cont,opp
LTCUSDT,W,2020-05-25,нижн. половина,0.09163346613545699,True,False,H,False,False,True,cont,cont
LTCUSDT,W,2020-06-01,верх. половина,0.603915662650602,True,False,H,False,False,True,opp,opp
LTCUSDT,W,2020-06-08,нижн. половина,0.4606918238993711,False,True,L,False,False,False,cont,cont
LTCUSDT,W,2020-06-15,нижн. половина,0.4063079777365487,False,True,L,False,False,False,cont,opp
LTCUSDT,W,2020-06-22,нижн. половина,0.3988095238095228,False,True,L,False,True,False,opp,opp
LTCUSDT,W,2020-06-29,нижн. половина,0.4189655172413789,False,False,-,False,False,False,,
LTCUSDT,W,2020-07-06,верх. половина,0.6407766990291278,True,False,H,True,False,True,cont,opp
LTCUSDT,W,2020-07-13,верх. половина,0.7331838565022423,False,True,L,False,False,False,opp,opp
LTCUSDT,W,2020-07-20,нижн. половина,0.387295081967213,True,False,H,True,False,True,cont,cont
LTCUSDT,W,2020-07-27,верх. половина,0.7112970711297072,True,False,H,True,False,True,cont,cont
LTCUSDT,W,2020-08-03,верх. половина,0.5413774693005872,False,False,-,False,False,True,,
LTCUSDT,W,2020-08-10,нижн. половина,0.3708206686930089,True,True,L,True,False,True,,
LTCUSDT,W,2020-08-17,верх. половина,0.939189189189189,True,False,H,False,False,True,opp,opp
LTCUSDT,W,2020-08-24,нижн. половина,0.25,False,True,L,False,False,False,cont,opp
LTCUSDT,W,2020-08-31,верх. половина,0.9902597402597398,True,True,H,False,True,False,,
LTCUSDT,W,2020-09-07,нижн. половина,0.1460905349794237,False,False,-,False,False,False,,
LTCUSDT,W,2020-09-14,нижн. половина,0.4846526655896609,False,False,-,False,False,False,,
LTCUSDT,W,2020-09-21,нижн. половина,0.2227488151658763,False,True,L,False,True,False,opp,opp
LTCUSDT,W,2020-09-28,верх. половина,0.7346278317152103,True,False,H,False,False,True,cont,cont
LTCUSDT,W,2020-10-05,верх. половина,0.660412757973733,True,False,H,True,False,True,cont,cont
LTCUSDT,W,2020-10-12,верх. половина,0.8746031746031747,True,False,H,False,False,False,cont,opp
LTCUSDT,W,2020-10-19,нижн. половина,0.3322368421052638,True,False,H,True,False,True,cont,cont
LTCUSDT,W,2020-10-26,верх. половина,0.9116788321167882,True,False,H,False,False,True,cont,opp
LTCUSDT,W,2020-11-02,нижн. половина,0.40989399293286205,True,True,L,True,False,True,,
LTCUSDT,W,2020-11-09,верх. половина,0.7202295552367289,True,False,H,False,False,True,cont,cont
LTCUSDT,W,2020-11-16,верх. половина,0.5493827160493832,True,False,H,True,False,True,cont,cont
LTCUSDT,W,2020-11-23,верх. половина,0.7825760420578293,True,False,H,False,False,True,cont,opp
LTCUSDT,W,2020-11-30,нижн. половина,0.48252911813643934,False,False,-,False,False,True,,
LTCUSDT,W,2020-12-07,нижн. половина,0.42044767090139157,False,True,L,False,False,False,opp,opp
LTCUSDT,W,2020-12-14,верх. половина,0.725159790819291,True,False,H,True,False,True,cont,cont
LTCUSDT,W,2020-12-21,верх. половина,0.7884573660229985,True,False,H,True,False,True,cont,cont
LTCUSDT,W,2020-12-28,верх. половина,0.7390915193555606,True,False,H,True,False,True,cont,cont
LTCUSDT,W,2021-01-04,верх. половина,0.9102200915232076,True,False,H,True,False,True,opp,opp
LTCUSDT,W,2021-01-11,верх. половина,0.6540012736149436,False,True,L,False,False,False,opp,opp
LTCUSDT,W,2021-01-18,верх. половина,0.5190565715262346,False,False,-,False,False,False,,
LTCUSDT,W,2021-01-25,нижн. половина,0.4221816522136007,False,True,L,False,False,False,opp,opp
LTCUSDT,W,2021-02-01,нижн. половина,0.3838111298482291,True,False,H,True,False,True,cont,cont
LTCUSDT,W,2021-02-08,верх. половина,0.642635658914729,True,False,H,True,False,True,cont,cont
LTCUSDT,W,2021-02-15,верх. половина,0.7900671785028791,True,False,H,False,False,True,cont,opp
LTCUSDT,W,2021-02-22,верх. половина,0.6786499215070644,False,True,L,False,True,False,opp,opp
LTCUSDT,W,2021-03-01,нижн. половина,0.16517199839378935,False,False,-,False,False,True,,
LTCUSDT,W,2021-03-08,верх. половина,0.8234412470023977,True,False,H,True,False,True,cont,opp
LTCUSDT,W,2021-03-15,верх. половина,0.6756597085466719,False,False,-,False,False,False,,
LTCUSDT,W,2021-03-22,нижн. половина,0.14009360374414923,False,True,L,False,True,False,opp,opp
LTCUSDT,W,2021-03-29,верх. половина,0.5246794871794875,True,False,H,True,False,True,cont,cont
LTCUSDT,W,2021-04-05,верх. половина,0.5538333794630499,True,False,H,True,False,True,cont,cont
LTCUSDT,W,2021-04-12,верх. половина,0.8300593878483326,True,False,H,True,False,True,cont,opp
LTCUSDT,W,2021-04-19,нижн. половина,0.4340067035057526,False,True,L,False,True,False,opp,opp
LTCUSDT,W,2021-04-26,нижн. половина,0.2225882352941175,False,False,-,False,False,True,,
LTCUSDT,W,2021-05-03,верх. половина,0.8290155440414512,True,False,H,True,False,True,cont,cont
LTCUSDT,W,2021-05-10,верх. половина,0.9871414441147378,True,False,H,False,False,False,opp,opp
LTCUSDT,W,2021-05-17,нижн. половина,0.11842007018591812,False,True,L,False,True,False,cont,cont
LTCUSDT,W,2021-05-24,нижн. половина,0.12184769038701626,False,False,-,False,False,False,,
LTCUSDT,W,2021-05-31,нижн. половина,0.44731524249422644,False,False,-,False,False,True,,
LTCUSDT,W,2021-06-07,нижн. половина,0.37474482356372113,False,True,L,False,False,False,cont,opp
LTCUSDT,W,2021-06-14,верх. половина,0.6953961456102784,False,True,L,False,False,False,cont,cont
LTCUSDT,W,2021-06-21,нижн. половина,0.2997608291256976,False,True,L,False,True,False,cont,cont
LTCUSDT,W,2021-06-28,верх. половина,0.5465323058684056,False,False,-,False,False,True,,
LTCUSDT,W,2021-07-05,верх. половина,0.7840497151734844,False,True,L,False,False,False,cont,opp
LTCUSDT,W,2021-07-12,нижн. половина,0.4337160751565764,False,True,L,False,True,False,cont,cont
LTCUSDT,W,2021-07-19,нижн. половина,0.13085690164626454,False,True,L,False,False,False,opp,opp
LTCUSDT,W,2021-07-26,верх. половина,0.9851485148514851,True,False,H,True,False,True,cont,cont
LTCUSDT,W,2021-08-02,верх. половина,0.5852173913043481,True,False,H,False,False,True,cont,cont
LTCUSDT,W,2021-08-09,верх. половина,0.640898876404494,True,False,H,True,False,True,cont,cont
LTCUSDT,W,2021-08-16,верх. половина,0.9516012521069109,True,False,H,False,False,True,cont,cont
LTCUSDT,W,2021-08-23,верх. половина,0.8602427363001101,True,False,H,False,False,False,cont,opp
LTCUSDT,W,2021-08-30,нижн. половина,0.3516200294550804,True,False,H,True,False,True,opp,opp
LTCUSDT,W,2021-09-06,верх. половина,0.9952402201398186,False,True,L,False,False,False,opp,opp
LTCUSDT,W,2021-09-13,нижн. половина,0.3576528625210958,True,False,H,False,False,False,opp,opp
LTCUSDT,W,2021-09-20,нижн. половина,0.07549467275494687,False,True,L,False,True,False,cont,cont
LTCUSDT,W,2021-09-27,нижн. половина,0.2608064984044099,False,True,L,False,False,True,opp,opp
LTCUSDT,W,2021-10-04,верх. половина,0.873553485746542,True,False,H,False,False,True,cont,cont
LTCUSDT,W,2021-10-11,верх. половина,0.5202156334231802,True,False,H,False,False,True,cont,cont
LTCUSDT,W,2021-10-18,верх. половина,0.6522222222222217,True,False,H,False,False,True,cont,opp
LTCUSDT,W,2021-10-25,нижн. половина,0.32591371255839485,False,True,L,False,False,False,opp,opp
LTCUSDT,W,2021-11-01,верх. половина,0.6273504273504278,True,False,H,False,False,True,cont,cont
LTCUSDT,W,2021-11-08,верх. половина,0.6635902168897094,True,False,H,True,False,True,opp,opp
LTCUSDT,W,2021-11-15,верх. половина,0.8254374733247971,False,True,L,False,False,False,cont,cont
LTCUSDT,W,2021-11-22,нижн. половина,0.26935659760087227,False,True,L,False,False,False,cont,cont
LTCUSDT,W,2021-11-29,нижн. половина,0.3653566229985442,False,True,L,False,True,False,cont,cont
LTCUSDT,W,2021-12-06,нижн. половина,0.3028477546549836,False,False,-,False,False,False,,
LTCUSDT,W,2021-12-13,верх. половина,0.6097476667818876,False,True,L,False,False,False,cont,opp
LTCUSDT,W,2021-12-20,верх. половина,0.6096709870388842,True,False,H,False,False,True,opp,opp
LTCUSDT,W,2021-12-27,нижн. половина,0.4946635730858471,False,True,L,False,False,False,cont,cont
LTCUSDT,W,2022-01-03,нижн. половина,0.4598190526876001,False,True,L,False,True,False,cont,cont
LTCUSDT,W,2022-01-10,нижн. половина,0.22945332837486102,False,True,L,False,False,True,opp,opp
LTCUSDT,W,2022-01-17,верх. половина,0.8488830486202367,True,True,H,False,True,False,,
LTCUSDT,W,2022-01-24,нижн. половина,0.2782789729354614,False,False,-,False,False,False,,
LTCUSDT,W,2022-01-31,верх. половина,0.575378195096505,True,False,H,True,False,True,cont,cont
LTCUSDT,W,2022-02-07,верх. половина,0.9794721407624636,True,False,H,False,False,True,opp,opp
LTCUSDT,W,2022-02-14,нижн. половина,0.21084598698481563,False,True,L,False,True,False,cont,cont
LTCUSDT,W,2022-03-07,нижн. половина,0.125,False,True,L,False,False,False,opp,opp
LTCUSDT,W,2022-03-14,нижн. половина,0.4164133738601828,True,False,H,True,False,True,cont,cont
LTCUSDT,W,2022-03-21,верх. половина,0.7941176470588236,True,False,H,True,False,True,cont,cont
LTCUSDT,W,2022-04-04,верх. половина,0.6025073746312695,False,True,L,False,True,False,cont,cont
LTCUSDT,W,2022-04-11,нижн. половина,0.03960905349794289,False,True,L,False,True,False,cont,cont
LTCUSDT,W,2022-04-18,верх. половина,0.5251851851851854,False,False,-,False,False,False,,
LTCUSDT,W,2022-04-25,нижн. половина,0.09033423667570015,False,True,L,False,True,False,cont,cont
LTCUSDT,W,2022-05-02,нижн. половина,0.4699828473413384,True,True,H,False,False,False,,
LTCUSDT,W,2022-05-09,нижн. половина,0.1586599241466493,False,True,L,False,True,False,cont,cont
LTCUSDT,W,2022-05-16,нижн. половина,0.42368291482028536,False,False,-,False,False,False,,
LTCUSDT,W,2022-05-23,верх. половина,0.7251282051282044,False,True,L,False,True,False,cont,opp
LTCUSDT,W,2022-05-30,нижн. половина,0.24193548387096753,False,False,-,False,False,False,,
LTCUSDT,W,2022-06-06,нижн. половина,0.20338983050847464,False,True,L,False,True,False,cont,cont
LTCUSDT,W,2022-06-13,нижн. половина,0.03421461897356162,False,True,L,False,False,False,-,opp
LTCUSDT,W,2022-06-20,верх. половина,0.8672456575682386,True,False,H,True,False,True,cont,opp
LTCUSDT,W,2022-06-27,верх. половина,0.6106719367588934,False,True,L,False,False,False,cont,cont
LTCUSDT,W,2022-07-04,нижн. половина,0.1934805467928493,False,True,L,False,False,False,cont,cont
LTCUSDT,W,2022-07-11,верх. половина,0.5885634588563455,True,True,L,True,False,True,,
LTCUSDT,W,2022-07-18,верх. половина,0.8824074074074071,True,False,H,True,False,True,cont,cont
LTCUSDT,W,2022-07-25,верх. половина,0.5349794238683137,True,True,L,False,False,True,,
LTCUSDT,W,2022-08-01,верх. половина,0.6146572104018914,False,False,-,False,False,True,,
LTCUSDT,W,2022-08-08,верх. половина,0.7475083056478401,True,False,H,True,False,True,opp,opp
LTCUSDT,W,2022-08-15,верх. половина,0.678147268408551,False,True,L,False,True,False,cont,cont
LTCUSDT,W,2022-08-22,нижн. половина,0.2385826771653538,False,True,L,False,False,False,opp,opp
LTCUSDT,W,2022-08-29,нижн. половина,0.2630792227204781,True,False,H,True,False,True,cont,cont
LTCUSDT,W,2022-09-05,верх. половина,0.8512628624883066,True,False,H,False,False,True,cont,cont
LTCUSDT,W,2022-09-12,верх. половина,0.7825719120135364,True,True,H,False,True,False,,
LTCUSDT,W,2022-09-19,нижн. половина,0.04064516129032273,False,True,L,False,False,False,cont,cont
LTCUSDT,W,2022-09-26,нижн. половина,0.42140468227424704,False,False,-,False,False,False,,
LTCUSDT,W,2022-10-03,нижн. половина,0.18644067796610228,True,False,H,False,False,True,opp,opp
LTCUSDT,W,2022-10-10,верх. половина,0.5697674418604645,False,True,L,False,True,False,opp,opp
LTCUSDT,W,2022-10-17,верх. половина,0.5040387722132476,False,False,-,False,False,True,,
LTCUSDT,W,2022-10-24,верх. половина,1.0,True,False,H,True,False,True,cont,cont
LTCUSDT,W,2022-10-31,верх. половина,0.58918918918919,True,False,H,True,False,True,cont,cont
LTCUSDT,W,2022-11-07,верх. половина,0.7899113082039908,True,True,H,False,False,False,,
LTCUSDT,W,2022-11-14,нижн. половина,0.38372541457770903,False,False,-,False,False,True,,
LTCUSDT,W,2022-11-21,верх. половина,0.7530434782608694,True,False,H,True,False,True,cont,cont
LTCUSDT,W,2022-11-28,верх. половина,0.6105713175281768,False,False,-,False,False,True,,
LTCUSDT,W,2022-12-05,верх. половина,0.6282420749279538,True,False,H,False,False,True,opp,opp
LTCUSDT,W,2022-12-12,нижн. половина,0.21651376146788975,False,True,L,False,True,False,cont,cont
LTCUSDT,W,2022-12-19,нижн. половина,0.1182857142857147,False,True,L,False,False,False,opp,opp
LTCUSDT,W,2022-12-26,верх. половина,0.9327251995438992,True,False,H,True,False,True,cont,cont
LTCUSDT,W,2023-01-02,верх. половина,0.8287037037037039,True,False,H,True,False,True,cont,cont
LTCUSDT,W,2023-01-09,верх. половина,0.7442060085836917,True,False,H,True,False,True,cont,cont
LTCUSDT,W,2023-01-16,верх. половина,0.6731321839080462,True,False,H,False,False,True,cont,cont
LTCUSDT,W,2023-01-23,верх. половина,0.5585754451733826,True,False,H,True,False,True,cont,cont
LTCUSDT,W,2023-01-30,верх. половина,0.7612903225806447,True,False,H,False,False,True,cont,opp
LTCUSDT,W,2023-02-06,верх. половина,0.5862771739130432,False,False,-,False,False,False,,
LTCUSDT,W,2023-02-13,нижн. половина,0.20286396181384328,True,True,L,False,False,True,,
LTCUSDT,W,2023-02-20,верх. половина,0.5256338028169013,False,False,-,False,False,False,,
LTCUSDT,W,2023-02-27,верх. половина,0.6072607260726082,False,True,L,False,False,False,cont,cont
LTCUSDT,W,2023-03-06,нижн. половина,0.3527161438408571,False,True,L,False,True,False,opp,opp
LTCUSDT,W,2023-03-13,нижн. половина,0.4423152131403991,False,False,-,False,False,True,,
LTCUSDT,W,2023-03-20,верх. половина,0.6996563573883158,True,False,H,True,False,True,cont,cont
LTCUSDT,W,2023-03-27,верх. половина,0.8594232749742532,False,False,-,False,False,True,,
LTCUSDT,W,2023-04-03,верх. половина,0.7984581497797358,True,False,H,False,False,True,cont,opp
LTCUSDT,W,2023-04-10,нижн. половина,0.2186588921282799,True,False,H,True,False,True,cont,cont
LTCUSDT,W,2023-04-17,верх. половина,0.8248000000000002,True,True,H,False,True,False,,
LTCUSDT,W,2023-04-24,нижн. половина,0.16035856573705176,False,False,-,False,False,False,,
LTCUSDT,W,2023-05-01,нижн. половина,0.42222222222222267,False,True,L,False,True,False,cont,cont
LTCUSDT,W,2023-05-08,нижн. половина,0.3109691160809373,False,True,L,False,False,False,opp,opp
LTCUSDT,W,2023-05-15,верх. половина,0.8254901960784313,True,False,H,True,False,True,cont,cont
LTCUSDT,W,2023-05-22,верх. половина,0.7782071097372496,False,False,-,False,False,True,,
LTCUSDT,W,2023-05-29,верх. половина,0.8436911487758949,True,False,H,True,False,True,opp,opp
LTCUSDT,W,2023-06-05,верх. половина,0.660019940179462,False,True,L,False,True,False,cont,cont
LTCUSDT,W,2023-06-12,нижн. половина,0.2316076294277927,False,True,L,False,False,False,opp,opp
LTCUSDT,W,2023-06-19,верх. половина,0.7229166666666673,True,False,H,True,False,True,cont,cont
LTCUSDT,W,2023-06-26,верх. половина,0.6875687568756879,True,False,H,True,False,True,cont,cont
LTCUSDT,W,2023-07-03,верх. половина,0.9622317596566522,True,False,H,False,False,False,opp,opp
LTCUSDT,W,2023-07-10,нижн. половина,0.059294117647059066,False,True,L,False,True,False,cont,cont
LTCUSDT,W,2023-07-17,нижн. половина,0.12329803328290435,False,True,L,False,False,False,cont,cont
LTCUSDT,W,2023-07-24,верх. половина,0.5414965986394548,False,True,L,False,False,True,cont,opp
LTCUSDT,W,2023-07-31,верх. половина,0.7606837606837596,False,True,L,False,True,False,cont,cont
LTCUSDT,W,2023-08-07,нижн. половина,0.16029510395707586,False,True,L,False,False,False,cont,cont
LTCUSDT,W,2023-08-14,нижн. половина,0.46060606060606096,False,True,L,False,True,False,-,cont
LTCUSDT,W,2023-08-21,нижн. половина,0.36289173789173784,False,False,-,False,False,False,,
LTCUSDT,W,2023-08-28,верх. половина,0.6340579710144932,True,True,H,False,False,False,,
LTCUSDT,W,2023-09-04,нижн. половина,0.24889867841409694,False,True,L,False,True,False,cont,cont
LTCUSDT,W,2023-09-11,нижн. половина,0.2622641509433965,True,True,L,False,False,True,,
LTCUSDT,W,2023-09-18,верх. половина,0.627388535031847,True,False,H,False,False,True,cont,cont
LTCUSDT,W,2023-09-25,нижн. половина,0.12589928057553892,True,True,L,False,False,True,,
LTCUSDT,W,2023-10-02,верх. половина,0.8941548183254341,False,False,-,False,False,False,,
LTCUSDT,W,2023-10-09,нижн. половина,0.45212765957446754,False,True,L,False,True,False,cont,opp
LTCUSDT,W,2023-10-16,нижн. половина,0.28842504743832964,True,True,H,False,False,True,,
LTCUSDT,W,2023-10-23,верх. половина,0.8328445747800588,True,False,H,True,False,True,cont,cont
LTCUSDT,W,2023-10-30,верх. половина,0.5137395459976098,False,False,-,False,False,True,,
LTCUSDT,W,2023-11-06,верх. половина,0.8769230769230772,True,False,H,True,False,True,opp,opp
LTCUSDT,W,2023-11-13,верх. половина,0.7993795243019651,False,False,-,False,False,False,,
LTCUSDT,W,2023-11-20,нижн. половина,0.3659090909090909,False,True,L,False,False,False,opp,opp
LTCUSDT,W,2023-11-27,верх. половина,0.6869918699186986,True,False,H,False,False,True,cont,cont
LTCUSDT,W,2023-12-04,верх. половина,0.9098196392785565,True,False,H,True,False,True,opp,opp
LTCUSDT,W,2023-12-11,верх. половина,0.7154566744730674,False,True,L,False,False,False,cont,cont
LTCUSDT,W,2023-12-18,нижн. половина,0.2187886279357243,False,True,L,False,False,False,opp,opp
LTCUSDT,W,2023-12-25,верх. половина,0.5098039215686279,True,False,H,False,False,True,opp,opp
LTCUSDT,W,2024-01-01,нижн. половина,0.31420765027322395,False,True,L,False,True,False,opp,opp
LTCUSDT,W,2024-01-08,нижн. половина,0.40624999999999983,True,False,H,False,False,True,cont,opp
LTCUSDT,W,2024-01-15,верх. половина,0.5439459127228025,False,False,-,False,False,True,,
LTCUSDT,W,2024-01-22,верх. половина,0.8445440956651709,False,True,L,False,False,False,opp,opp
LTCUSDT,W,2024-01-29,верх. половина,0.5398322851153039,False,False,-,False,False,False,,
LTCUSDT,W,2024-02-05,нижн. половина,0.29213483146067654,True,False,H,True,False,True,cont,cont
LTCUSDT,W,2024-02-12,верх. половина,0.7621951219512193,True,False,H,False,False,True,cont,opp
LTCUSDT,W,2024-02-19,верх. половина,0.518248175182482,False,True,L,False,False,False,opp,opp
LTCUSDT,W,2024-02-26,верх. половина,0.6715481171548102,True,False,H,True,False,True,cont,cont
LTCUSDT,W,2024-03-04,верх. половина,0.8432516530532866,False,False,-,False,False,True,,
LTCUSDT,W,2024-03-11,верх. половина,0.7617765814266487,True,False,H,False,False,True,cont,opp
LTCUSDT,W,2024-03-18,нижн. половина,0.20931157978511705,False,True,L,False,False,False,opp,opp
LTCUSDT,W,2024-03-25,верх. половина,0.8994334277620395,True,False,H,True,False,True,cont,cont
LTCUSDT,W,2024-04-01,верх. половина,0.763249348392702,True,False,H,False,False,True,opp,opp
LTCUSDT,W,2024-04-08,нижн. половина,0.41587618572141777,False,True,L,False,True,False,-,cont
LTCUSDT,W,2024-04-15,нижн. половина,0.25680606230704484,False,False,-,False,False,False,,
LTCUSDT,W,2024-04-22,верх. половина,0.8300469483568071,True,False,H,False,False,True,opp,opp
LTCUSDT,W,2024-04-29,нижн. половина,0.3196480938416429,False,True,L,False,True,False,opp,opp
LTCUSDT,W,2024-05-06,верх. половина,0.6109613656783474,False,False,-,False,False,True,,
LTCUSDT,W,2024-05-13,нижн. половина,0.4317718940936863,True,True,L,False,False,True,,
LTCUSDT,W,2024-05-20,верх. половина,0.635811836115327,True,False,H,False,False,True,opp,opp
LTCUSDT,W,2024-05-27,нижн. половина,0.427281845536609,False,False,-,False,False,False,,
LTCUSDT,W,2024-06-03,нижн. половина,0.28632478632478664,False,True,L,False,True,False,cont,cont
LTCUSDT,W,2024-06-10,верх. половина,0.5203900709219862,False,False,-,False,False,False,,
LTCUSDT,W,2024-06-17,верх. половина,0.6867469879518061,False,True,L,False,True,False,cont,cont
LTCUSDT,W,2024-06-24,нижн. половина,0.3197674418604648,False,True,L,False,False,True,cont,opp
LTCUSDT,W,2024-07-01,верх. половина,0.8245614035087716,False,True,L,False,True,False,cont,opp
LTCUSDT,W,2024-07-08,нижн. половина,0.2827516439049063,False,False,-,False,False,True,,
LTCUSDT,W,2024-07-15,верх. половина,0.9328683522231913,True,False,H,True,False,True,cont,cont
LTCUSDT,W,2024-07-22,верх. половина,0.9419354838709685,True,True,H,False,False,False,,
LTCUSDT,W,2024-07-29,верх. половина,0.5177111716621267,True,True,H,False,True,False,,
LTCUSDT,W,2024-08-05,нижн. половина,0.13562386980108496,False,True,L,False,True,False,-,opp
LTCUSDT,W,2024-08-12,верх. половина,0.7854463615903977,True,False,H,True,False,True,cont,cont
LTCUSDT,W,2024-08-19,верх. половина,0.7984409799554564,False,False,-,False,False,True,,
LTCUSDT,W,2024-08-26,нижн. половина,0.4597315436241607,False,True,L,False,False,False,opp,opp
LTCUSDT,W,2024-09-02,верх. половина,0.613119143239625,True,False,H,False,False,False,cont,opp
LTCUSDT,W,2024-09-09,нижн. половина,0.12226066897347199,False,True,L,False,False,False,opp,opp
LTCUSDT,W,2024-09-16,верх. половина,0.5034965034965033,True,False,H,True,False,True,cont,cont
LTCUSDT,W,2024-09-23,верх. половина,0.9811594202898537,True,False,H,True,False,True,opp,opp
LTCUSDT,W,2024-09-30,верх. половина,0.6159052453468702,False,True,L,False,False,False,opp,opp
LTCUSDT,W,2024-10-07,верх. половина,0.6858288770053482,False,False,-,False,False,False,,
LTCUSDT,W,2024-10-14,нижн. половина,0.32558139534883823,True,False,H,True,False,True,cont,opp
LTCUSDT,W,2024-10-21,верх. половина,0.8441879637262983,False,False,-,False,False,True,,
LTCUSDT,W,2024-10-28,верх. половина,0.5481012658227842,False,True,L,False,False,False,cont,cont
LTCUSDT,W,2024-11-04,нижн. половина,0.17177242888402705,True,True,L,True,False,True,,
LTCUSDT,W,2024-11-11,верх. половина,0.8832011535688533,True,False,H,True,False,True,cont,cont
LTCUSDT,W,2024-11-18,верх. половина,0.5742056074766355,True,False,H,False,False,True,cont,cont
LTCUSDT,W,2024-11-25,верх. половина,0.6188573711546143,True,False,H,True,False,True,cont,cont
LTCUSDT,W,2024-12-02,верх. половина,0.925320886814469,True,False,H,True,False,True,opp,opp
LTCUSDT,W,2024-12-09,верх. половина,0.6253048780487807,False,True,L,False,False,False,cont,opp
LTCUSDT,W,2024-12-16,верх. половина,0.6142896249657814,False,True,L,False,False,False,opp,opp
LTCUSDT,W,2024-12-23,нижн. половина,0.29431363838294095,False,False,-,False,False,False,,
LTCUSDT,W,2024-12-30,нижн. половина,0.12162162162162217,True,False,H,True,False,True,cont,cont
LTCUSDT,W,2025-01-06,верх. половина,0.9782146652497338,True,True,H,False,False,False,,
LTCUSDT,W,2025-01-13,нижн. половина,0.255182625863771,True,True,L,False,False,True,,
LTCUSDT,W,2025-01-20,нижн. половина,0.47710156727050684,False,False,-,False,False,True,,
LTCUSDT,W,2025-01-27,нижн. половина,0.32247377139701844,True,True,L,False,True,False,,
LTCUSDT,W,2025-02-03,нижн. половина,0.16960907944514533,False,True,L,False,False,False,opp,opp
LTCUSDT,W,2025-02-10,верх. половина,0.9165275459098498,True,False,H,True,False,True,cont,cont
LTCUSDT,W,2025-02-17,верх. половина,0.6109282422646477,True,False,H,False,False,True,opp,opp
LTCUSDT,W,2025-02-24,нижн. половина,0.49386954389406607,False,True,L,False,False,False,cont,opp
LTCUSDT,W,2025-03-03,верх. половина,0.8376199616122835,False,True,L,False,True,False,cont,cont
LTCUSDT,W,2025-03-10,нижн. половина,0.027740005439216647,False,True,L,False,True,False,cont,cont
LTCUSDT,W,2025-03-17,нижн. половина,0.4393939393939398,False,False,-,False,False,True,,
LTCUSDT,W,2025-03-24,верх. половина,0.5864361702127658,True,True,H,False,True,False,,
LTCUSDT,W,2025-03-31,нижн. половина,0.15993537964458843,False,True,L,False,True,False,cont,cont
LTCUSDT,W,2025-04-07,нижн. половина,0.10818858560794076,False,True,L,False,False,False,opp,opp
LTCUSDT,W,2025-04-14,верх. половина,0.867370892018779,True,False,H,False,False,True,cont,cont
LTCUSDT,W,2025-04-21,верх. половина,0.6102150537634419,True,False,H,True,False,True,cont,cont
LTCUSDT,W,2025-04-28,верх. половина,0.7514018691588785,True,False,H,False,False,True,cont,opp
LTCUSDT,W,2025-05-05,нижн. половина,0.3762993762993766,True,True,L,True,False,True,,
LTCUSDT,W,2025-05-12,верх. половина,0.7316513761467891,False,False,-,False,False,True,,
LTCUSDT,W,2025-05-19,верх. половина,0.5148325358851682,False,True,L,False,False,False,cont,cont
LTCUSDT,W,2025-05-26,нижн. половина,0.31284916201117285,False,True,L,False,True,False,cont,cont
LTCUSDT,W,2025-06-02,нижн. половина,0.3306249999999995,False,True,L,False,False,False,cont,opp
LTCUSDT,W,2025-06-09,верх. половина,0.5804661487236406,True,True,H,False,False,False,,
LTCUSDT,W,2025-06-16,нижн. половина,0.3891891891891896,False,True,L,False,True,False,opp,opp
LTCUSDT,W,2025-06-23,нижн. половина,0.31587177482408163,False,False,-,False,False,True,,
LTCUSDT,W,2025-06-30,верх. половина,0.941306755260245,True,False,H,False,False,True,cont,cont
LTCUSDT,W,2025-07-07,верх. половина,0.501507537688443,True,False,H,True,False,True,cont,cont
LTCUSDT,W,2025-07-14,верх. половина,0.7156862745098044,True,False,H,True,False,True,cont,cont
LTCUSDT,W,2025-07-21,верх. половина,0.8386565689825484,True,False,H,False,False,True,cont,opp
LTCUSDT,W,2025-07-28,верх. половина,0.5205047318611985,False,True,L,False,False,False,opp,opp
LTCUSDT,W,2025-08-04,верх. половина,0.5450450450450451,True,False,H,True,False,True,cont,cont
LTCUSDT,W,2025-08-11,верх. половина,0.71144798745426,True,False,H,False,False,True,opp,opp
LTCUSDT,W,2025-08-18,нижн. половина,0.2374506486181617,False,True,L,False,False,False,cont,cont
LTCUSDT,W,2025-08-25,нижн. половина,0.4851097178683382,False,True,L,False,True,False,cont,cont
LTCUSDT,W,2025-09-01,нижн. половина,0.18143812709030005,False,True,L,False,False,True,opp,opp
LTCUSDT,W,2025-09-08,верх. половина,0.9427312775330401,True,False,H,False,False,True,opp,opp
LTCUSDT,W,2025-09-15,нижн. половина,0.429423459244532,False,False,-,False,False,False,,
LTCUSDT,W,2025-09-22,нижн. половина,0.2740447957839259,False,True,L,False,True,False,opp,opp
LTCUSDT,W,2025-09-29,нижн. половина,0.4646110721793971,True,False,H,True,False,True,cont,cont
LTCUSDT,W,2025-10-06,верх. половина,0.7112375533428164,True,True,H,False,True,False,,
LTCUSDT,W,2025-10-13,верх. половина,0.5599905246950135,False,False,-,False,False,False,,
LTCUSDT,W,2025-10-20,верх. половина,0.5313048566413106,False,False,-,False,False,True,,
LTCUSDT,W,2025-10-27,верх. половина,0.9059982094897049,True,False,H,False,False,True,opp,opp
LTCUSDT,W,2025-11-03,верх. половина,0.5435435435435441,True,True,L,True,False,True,,
LTCUSDT,W,2025-11-10,верх. половина,0.8979172777940744,False,False,-,False,False,False,,
LTCUSDT,W,2025-11-17,нижн. половина,0.13724463069669943,False,True,L,False,True,False,cont,cont
LTCUSDT,W,2025-11-24,нижн. половина,0.17160424818334305,False,False,-,False,False,False,,
LTCUSDT,W,2025-12-01,нижн. половина,0.035523978685610795,False,True,L,False,True,False,cont,opp
LTCUSDT,W,2025-12-08,верх. половина,0.5561936013125515,True,False,H,False,False,False,opp,opp
LTCUSDT,W,2025-12-15,нижн. половина,0.10602910602910572,False,True,L,False,True,False,cont,opp
LTCUSDT,W,2025-12-22,нижн. половина,0.4709897610921499,False,False,-,False,False,True,,
LTCUSDT,W,2025-12-29,верх. половина,0.6481481481481491,True,False,H,True,False,True,cont,cont
LTCUSDT,W,2026-01-05,верх. половина,0.867977528089886,True,False,H,False,False,False,opp,opp
LTCUSDT,W,2026-01-12,нижн. половина,0.04694835680751351,False,True,L,False,True,False,cont,cont
LTCUSDT,W,2026-01-19,нижн. половина,0.252151462994837,False,True,L,False,True,False,cont,cont
LTCUSDT,W,2026-01-26,нижн. половина,0.29577464788732477,False,True,L,False,True,False,cont,cont
LTCUSDT,W,2026-02-02,нижн. половина,0.24065864471184312,False,True,L,False,True,False,-,cont
LTCUSDT,W,2026-02-09,верх. половина,0.5793650793650794,False,False,-,False,False,True,,
LTCUSDT,W,2026-02-16,верх. половина,0.7178130511463843,False,False,-,False,False,False,,
LTCUSDT,W,2026-02-23,нижн. половина,0.4529540481400438,True,True,L,False,False,False,,
LTCUSDT,W,2026-03-02,нижн. половина,0.34870641169853783,False,False,-,False,False,False,,
LTCUSDT,W,2026-03-09,нижн. половина,0.12435233160621743,False,False,-,False,False,True,,
LTCUSDT,W,2026-03-16,верх. половина,0.8976190476190478,True,False,H,False,False,False,opp,opp
LTCUSDT,W,2026-03-23,нижн. половина,0.07568438003220593,False,True,L,False,False,False,cont,cont
LTCUSDT,W,2026-03-30,нижн. половина,0.24400871459694914,False,True,L,False,False,False,opp,opp
LTCUSDT,W,2026-04-06,верх. половина,0.8047337278106499,True,False,H,False,False,True,cont,opp
LTCUSDT,W,2026-04-13,нижн. половина,0.2042253521126777,True,True,L,False,False,False,,
LTCUSDT,W,2026-04-20,нижн. половина,0.29140461215932906,False,False,-,False,False,True,,
LTCUSDT,W,2026-04-27,верх. половина,0.8249999999999995,True,False,H,False,False,False,cont,opp
LTCUSDT,W,2026-05-04,нижн. половина,0.2840236686390539,True,False,H,True,False,True,cont,cont
LTCUSDT,W,2026-05-11,верх. половина,0.970890410958905,True,True,H,False,True,False,,
LTCUSDT,W,2026-05-18,нижн. половина,0.12481857764876624,False,True,L,False,True,False,cont,cont
LTCUSDT,W,2026-05-25,нижн. половина,0.4079754601226991,False,True,L,False,False,False,cont,cont
LTCUSDT,W,2026-06-01,верх. половина,0.6161971830985908,False,True,L,False,True,False,cont,cont
LTCUSDT,W,2026-06-08,нижн. половина,0.1977928692699489,False,False,-,False,False,False,,
LTCUSDT,W,2026-06-15,верх. половина,0.9857142857142852,True,False,H,False,False,True,opp,opp
LTCUSDT,W,2026-06-22,нижн. половина,0.4395280235988185,False,True,L,False,True,False,opp,opp
LTCUSDT,W,2026-06-29,нижн. половина,0.49237804878048713,True,False,H,False,False,True,cont,cont
LTCUSDT,W,2026-07-06,верх. половина,0.9305555555555552,False,False,-,False,False,True,,
LTCUSDT,W,2026-07-13,нижн. половина,0.2951388888888874,True,True,L,True,False,True,,
LTCUSDT,W,2026-07-20,верх. половина,0.8336673346693388,True,False,H,False,False,True,cont,opp
LTCUSDT,W,2026-07-27,верх. половина,0.8273092369477915,False,True,L,False,True,False,cont,cont
LTCUSDT,W,2026-08-03,нижн. половина,0.25117370892018753,False,False,-,False,False,False,,
LTCUSDT,W,2026-08-10,верх. половина,0.5806451612903224,False,True,L,False,False,False,opp,opp
LTCUSDT,W,2026-08-17,нижн. половина,0.3151260504201677,True,False,H,True,False,True,cont,cont
LTCUSDT,W,2026-08-24,верх. половина,0.7254063301967494,False,False,-,False,False,False,,
LTCUSDT,W,2026-08-31,нижн. половина,0.07875185735512642,True,False,H,True,False,True,cont,cont
LTCUSDT,W,2026-09-07,верх. половина,0.9478487614080827,True,False,H,False,False,True,cont,opp
LTCUSDT,W,2026-09-14,нижн. половина,0.27330779054917,False,True,L,False,False,True,opp,opp
LTCUSDT,W,2026-09-21,верх. половина,0.9307359307359306,True,False,H,True,False,True,-,cont
LTCUSDT,W,2026-09-28,верх. половина,0.7768545994065287,False,False,-,False,False,True,,
LTCUSDT,M,2020-02-01,верх. половина,0.9162264150943397,True,False,H,False,False,True,opp,opp
LTCUSDT,M,2020-03-01,нижн. половина,0.05492558469170791,False,True,L,False,True,False,-,cont
LTCUSDT,M,2020-04-01,нижн. половина,0.382250867625186,False,False,-,False,False,True,,
LTCUSDT,M,2020-05-01,верх. половина,0.6724637681159418,False,False,-,False,False,True,,
LTCUSDT,M,2020-06-01,верх. половина,0.5987376014427411,False,True,L,False,False,False,opp,opp
LTCUSDT,M,2020-07-01,нижн. половина,0.20233812949640279,True,False,H,True,False,True,cont,cont
LTCUSDT,M,2020-08-01,верх. половина,0.9397905759162304,True,False,H,True,False,True,cont,opp
LTCUSDT,M,2020-09-01,верх. половина,0.5530973451327434,False,True,L,False,True,False,opp,opp
LTCUSDT,M,2020-10-01,нижн. половина,0.20748151370160953,False,False,-,False,False,True,,
LTCUSDT,M,2020-11-01,верх. половина,0.718624641833811,True,False,H,True,False,True,cont,cont
LTCUSDT,M,2020-12-01,верх. половина,0.8452873563218389,True,False,H,True,False,True,cont,cont
LTCUSDT,M,2021-01-01,верх. половина,0.7814692825433196,True,False,H,False,False,True,cont,cont
LTCUSDT,M,2021-02-01,нижн. половина,0.2292735619767756,True,False,H,False,False,True,cont,cont
LTCUSDT,M,2021-03-01,нижн. половина,0.3222076431031654,False,False,-,False,False,True,,
LTCUSDT,M,2021-04-01,верх. половина,0.5,True,False,H,True,False,True,cont,cont
LTCUSDT,M,2021-05-01,верх. половина,0.5512526892914152,True,True,H,False,True,False,,
LTCUSDT,M,2021-06-01,нижн. половина,0.236466851388795,False,True,L,False,False,False,cont,cont
LTCUSDT,M,2021-07-01,нижн. половина,0.4229776247848538,False,True,L,False,False,False,opp,opp
LTCUSDT,M,2021-08-01,верх. половина,0.9159720657805809,True,False,H,True,False,True,cont,cont
LTCUSDT,M,2021-09-01,верх. половина,0.6396746817538898,True,False,H,False,False,False,cont,opp
LTCUSDT,M,2021-10-01,нижн. половина,0.1404523391510895,False,False,-,False,False,True,,
LTCUSDT,M,2021-11-01,верх. половина,0.6407691105205566,True,False,H,False,False,True,opp,opp
LTCUSDT,M,2021-12-01,нижн. половина,0.22859146288018242,False,True,L,False,True,False,cont,cont
LTCUSDT,M,2022-01-01,нижн. половина,0.19652855543113112,False,True,L,False,True,False,cont,cont
LTCUSDT,M,2022-03-01,нижн. половина,0.42513827961090983,False,False,-,False,False,True,,
LTCUSDT,M,2022-04-01,верх. половина,0.7553918990005261,False,True,L,False,True,False,cont,cont
LTCUSDT,M,2022-05-01,нижн. половина,0.05636160714285705,False,True,L,False,True,False,cont,cont
LTCUSDT,M,2022-06-01,нижн. половина,0.26664145234493186,False,True,L,False,True,False,-,cont
LTCUSDT,M,2022-07-01,нижн. половина,0.445433564127926,False,False,-,False,False,True,,
LTCUSDT,M,2022-08-01,верх. половина,0.734094616639478,True,False,H,False,False,False,cont,opp
LTCUSDT,M,2022-09-01,нижн. половина,0.15492957746478891,True,True,H,False,False,False,,
LTCUSDT,M,2022-10-01,нижн. половина,0.1992009132420092,False,True,L,False,False,False,opp,opp
LTCUSDT,M,2022-11-01,верх. половина,0.7179487179487178,True,True,H,True,False,True,,
LTCUSDT,M,2022-12-01,верх. половина,0.8454157782515989,True,False,H,False,False,True,cont,cont
LTCUSDT,M,2023-01-01,нижн. половина,0.38289036544850497,True,False,H,True,False,True,cont,cont
LTCUSDT,M,2023-02-01,верх. половина,0.8698795180722891,True,False,H,False,False,True,opp,opp
LTCUSDT,M,2023-03-01,нижн. половина,0.3183098591549299,False,True,L,False,False,False,opp,opp
LTCUSDT,M,2023-04-01,верх. половина,0.7356115107913671,True,False,H,False,False,True,cont,opp
LTCUSDT,M,2023-05-01,нижн. половина,0.2330677290836657,False,True,L,False,False,False,cont,opp
LTCUSDT,M,2023-06-01,верх. половина,0.769384692346173,True,True,H,True,False,True,,
LTCUSDT,M,2023-07-01,верх. половина,0.9235944257568478,True,False,H,False,False,True,opp,opp
LTCUSDT,M,2023-08-01,нижн. половина,0.19071251329315833,False,True,L,False,True,False,-,cont
LTCUSDT,M,2023-09-01,нижн. половина,0.22325933400605452,False,False,-,False,False,False,,
LTCUSDT,M,2023-10-01,верх. половина,0.7710843373493976,True,False,H,True,False,True,cont,cont
LTCUSDT,M,2023-11-01,верх. половина,0.7046476761619193,True,False,H,False,False,True,cont,cont
LTCUSDT,M,2023-12-01,нижн. половина,0.3770903010033439,True,False,H,False,False,True,opp,opp
LTCUSDT,M,2024-01-01,нижн. половина,0.41724137931034483,False,True,L,False,True,False,opp,opp
LTCUSDT,M,2024-02-01,верх. половина,0.5004748338081673,True,False,H,True,False,True,cont,cont
LTCUSDT,M,2024-03-01,верх. половина,0.7376796714579056,True,False,H,True,False,True,cont,cont
LTCUSDT,M,2024-04-01,верх. половина,0.8639880209633142,True,False,H,False,False,False,opp,opp
LTCUSDT,M,2024-05-01,нижн. половина,0.20932422886743585,False,False,-,False,False,False,,
LTCUSDT,M,2024-06-01,верх. половина,0.5770750988142294,False,True,L,False,False,False,cont,cont
LTCUSDT,M,2024-07-01,нижн. половина,0.4293390650188068,False,True,L,False,False,False,cont,cont
LTCUSDT,M,2024-08-01,верх. половина,0.6725663716814154,False,True,L,False,False,False,opp,opp
LTCUSDT,M,2024-09-01,верх. половина,0.7081641858367165,True,False,H,False,False,True,cont,cont
LTCUSDT,M,2024-10-01,верх. половина,0.6036943744752309,True,False,H,False,False,True,cont,opp
LTCUSDT,M,2024-11-01,верх. половина,0.5195530726256986,True,False,H,True,False,True,cont,cont
LTCUSDT,M,2024-12-01,верх. половина,0.9119810201660734,True,False,H,False,False,True,-,opp
LTCUSDT,M,2025-01-01,нижн. половина,0.27523840841828356,False,False,-,False,False,True,,
LTCUSDT,M,2025-02-01,верх. половина,0.7303073478526358,False,True,L,False,False,True,cont,opp
LTCUSDT,M,2025-03-01,верх. половина,0.7992054295646415,False,False,-,False,False,False,,
LTCUSDT,M,2025-04-01,нижн. половина,0.04396260194947301,False,True,L,False,False,False,-,opp
LTCUSDT,M,2025-05-01,верх. половина,0.8020384163073305,True,False,H,False,False,True,cont,cont
LTCUSDT,M,2025-06-01,нижн. половина,0.23126911314984702,False,True,L,False,False,False,opp,opp
LTCUSDT,M,2025-07-01,верх. половина,0.5457063711911355,True,False,H,True,False,True,cont,cont
LTCUSDT,M,2025-08-01,верх. половина,0.5915106117353309,True,False,H,False,False,True,cont,opp
LTCUSDT,M,2025-09-01,нижн. половина,0.18450658952105417,False,True,L,False,False,False,opp,opp
LTCUSDT,M,2025-10-01,нижн. половина,0.3228001944579484,True,True,H,False,True,False,,
LTCUSDT,M,2025-11-01,верх. половина,0.5179438588179556,False,False,-,False,False,False,,
LTCUSDT,M,2025-12-01,нижн. половина,0.07949545321208547,False,True,L,False,True,False,cont,cont
LTCUSDT,M,2026-01-01,нижн. половина,0.2828418230563002,False,True,L,False,True,False,cont,cont
LTCUSDT,M,2026-02-01,нижн. половина,0.15998675057966233,False,True,L,False,True,False,-,cont
LTCUSDT,M,2026-03-01,верх. половина,0.5726495726495727,False,False,-,False,False,True,,
LTCUSDT,M,2026-04-01,нижн. половина,0.28146143437077104,False,True,L,False,False,False,opp,opp
LTCUSDT,M,2026-05-01,верх. половина,0.5987361769352291,True,True,H,False,False,False,,
LTCUSDT,M,2026-06-01,нижн. половина,0.17056530214424942,False,True,L,False,True,False,opp,opp
LTCUSDT,M,2026-07-01,нижн. половина,0.20461538461538437,False,False,-,False,False,False,,
LTCUSDT,M,2026-08-01,нижн. половина,0.4453781512605041,True,False,H,True,False,True,cont,cont
LTCUSDT,M,2026-09-01,нижн. половина,0.4249174917491752,True,False,H,True,False,True,-,cont
LINKUSDT,W,2020-01-20,нижн. половина,0.2758620689655176,False,True,L,False,False,False,opp,opp
LINKUSDT,W,2020-01-27,верх. половина,0.5797468354430382,True,False,H,True,False,True,cont,cont
LINKUSDT,W,2020-02-03,верх. половина,0.6966580976863747,True,False,H,True,False,True,cont,cont
LINKUSDT,W,2020-02-10,верх. половина,0.9740871613663136,True,False,H,True,False,True,cont,cont
LINKUSDT,W,2020-02-17,верх. половина,0.7307692307692307,False,False,-,False,False,True,,
LINKUSDT,W,2020-02-24,нижн. половина,0.37931034482758613,False,True,L,False,False,False,opp,opp
LINKUSDT,W,2020-03-02,верх. половина,0.5314009661835748,True,False,H,False,False,True,opp,opp
LINKUSDT,W,2020-03-09,нижн. половина,0.2137203166226915,False,True,L,False,True,False,-,cont
LINKUSDT,W,2020-03-16,нижн. половина,0.24010641835716648,False,False,-,False,False,False,,
LINKUSDT,W,2020-03-23,нижн. половина,0.4131028207461328,False,False,-,False,False,False,,
LINKUSDT,W,2020-03-30,нижн. половина,0.17897091722595032,True,False,H,False,False,True,cont,cont
LINKUSDT,W,2020-04-06,верх. половина,0.5770925110132157,True,False,H,True,False,True,cont,cont
LINKUSDT,W,2020-04-13,верх. половина,0.8347889374090248,True,False,H,False,False,True,cont,cont
LINKUSDT,W,2020-04-20,верх. половина,0.7160775370581527,True,False,H,False,False,True,cont,cont
LINKUSDT,W,2020-04-27,верх. половина,0.6239015817223199,True,False,H,False,False,True,cont,opp
LINKUSDT,W,2020-05-04,нижн. половина,0.45519713261648725,True,True,H,False,False,True,,
LINKUSDT,W,2020-05-11,нижн. половина,0.4325980392156866,False,True,L,False,False,False,opp,opp
LINKUSDT,W,2020-05-18,верх. половина,0.854419410745234,True,False,H,False,False,True,cont,cont
LINKUSDT,W,2020-05-25,нижн. половина,0.12413793103448247,True,False,H,False,False,True,cont,cont
LINKUSDT,W,2020-06-01,верх. половина,0.6974951830443158,True,False,H,True,False,True,opp,opp
LINKUSDT,W,2020-06-08,нижн. половина,0.4819047619047618,False,True,L,False,True,False,cont,cont
LINKUSDT,W,2020-06-15,нижн. половина,0.13089802130898007,False,True,L,False,False,False,opp,opp
LINKUSDT,W,2020-06-22,верх. половина,0.8945578231292513,True,False,H,True,False,True,cont,cont
LINKUSDT,W,2020-06-29,верх. половина,0.5111402359108778,False,False,-,False,False,True,,
LINKUSDT,W,2020-07-06,верх. половина,0.6539235412474854,True,False,H,True,False,True,cont,cont
LINKUSDT,W,2020-07-13,верх. половина,0.9758763663776856,True,False,H,True,False,True,cont,cont
LINKUSDT,W,2020-07-20,верх. половина,0.5783018867924534,False,False,-,False,False,False,,
LINKUSDT,W,2020-07-27,нижн. половина,0.4818986323411095,True,True,L,True,False,True,,
LINKUSDT,W,2020-08-03,верх. половина,0.7780135823429536,True,False,H,True,False,True,cont,cont
LINKUSDT,W,2020-08-10,верх. половина,0.8643422655298416,True,False,H,True,False,True,opp,opp
LINKUSDT,W,2020-08-17,верх. половина,0.8233788395904439,False,False,-,False,False,False,,
LINKUSDT,W,2020-08-24,нижн. половина,0.3298565840938721,False,False,-,False,False,True,,
LINKUSDT,W,2020-08-31,верх. половина,0.70112825236012,False,True,L,False,True,False,cont,cont
LINKUSDT,W,2020-09-07,нижн. половина,0.4800948458754523,False,False,-,False,False,False,,
LINKUSDT,W,2020-09-14,нижн. половина,0.46208425720620816,False,True,L,False,True,False,cont,cont
LINKUSDT,W,2020-09-21,нижн. половина,0.0957880434782609,False,True,L,False,False,False,opp,opp
LINKUSDT,W,2020-09-28,верх. половина,0.8980645161290324,False,False,-,False,False,True,,
LINKUSDT,W,2020-10-05,нижн. половина,0.2570298769771525,False,True,L,False,False,True,opp,opp
LINKUSDT,W,2020-10-12,верх. половина,0.9271423178557947,True,False,H,False,False,True,cont,cont
LINKUSDT,W,2020-10-19,нижн. половина,0.439947780678852,True,True,L,True,False,True,,
LINKUSDT,W,2020-10-26,верх. половина,0.748278021289919,False,False,-,False,False,True,,
LINKUSDT,W,2020-11-02,нижн. половина,0.4775510204081638,True,True,L,True,False,True,,
LINKUSDT,W,2020-11-09,верх. половина,0.7422500000000003,False,False,-,False,False,True,,
LINKUSDT,W,2020-11-16,нижн. половина,0.18977202711028934,True,False,H,True,False,True,cont,cont
LINKUSDT,W,2020-11-23,верх. половина,0.6743814844373504,True,True,H,False,False,False,,
LINKUSDT,W,2020-11-30,нижн. половина,0.42783993931348385,False,False,-,False,False,False,,
LINKUSDT,W,2020-12-07,нижн. половина,0.4276729559748426,False,True,L,False,False,False,cont,opp
LINKUSDT,W,2020-12-14,верх. половина,0.7061831706183171,True,False,H,False,False,True,opp,opp
LINKUSDT,W,2020-12-21,нижн. половина,0.3361683079677706,False,True,L,False,True,False,opp,opp
LINKUSDT,W,2020-12-28,верх. половина,0.7882241215574549,True,False,H,True,False,True,cont,cont
LINKUSDT,W,2021-01-04,верх. половина,0.8942690775360097,True,False,H,True,False,True,cont,cont
LINKUSDT,W,2021-01-11,верх. половина,0.6306569343065692,True,False,H,True,False,True,cont,cont
LINKUSDT,W,2021-01-18,верх. половина,0.9555851063829787,True,False,H,True,False,True,cont,cont
LINKUSDT,W,2021-01-25,верх. половина,0.914191028524086,True,False,H,False,False,True,cont,cont
LINKUSDT,W,2021-02-01,нижн. половина,0.41686140571634,True,False,H,False,False,True,cont,cont
LINKUSDT,W,2021-02-08,верх. половина,0.5697610797008941,True,False,H,True,False,True,cont,cont
LINKUSDT,W,2021-02-15,верх. половина,0.7808950669605023,True,False,H,False,False,True,opp,opp
LINKUSDT,W,2021-02-22,верх. половина,0.7059470264867567,False,True,L,False,True,False,opp,opp
LINKUSDT,W,2021-03-01,нижн. половина,0.2978003384094755,False,False,-,False,False,True,,
LINKUSDT,W,2021-03-08,верх. половина,0.5801914153132252,True,False,H,False,False,True,opp,opp
LINKUSDT,W,2021-03-15,нижн. половина,0.3202247191011234,False,True,L,False,False,False,cont,cont
LINKUSDT,W,2021-03-22,верх. половина,0.5603515624999998,False,True,L,False,False,False,opp,opp
LINKUSDT,W,2021-03-29,верх. половина,0.5350498338870432,True,False,H,True,False,True,cont,cont
LINKUSDT,W,2021-04-05,верх. половина,0.6471249824265433,True,False,H,True,False,True,cont,cont
LINKUSDT,W,2021-04-12,верх. половина,0.770758768790265,True,True,H,True,False,True,,
LINKUSDT,W,2021-04-19,верх. половина,0.6413238519306175,False,False,-,False,False,False,,
LINKUSDT,W,2021-04-26,нижн. половина,0.15324824087710667,False,False,-,False,False,True,,
LINKUSDT,W,2021-05-03,верх. половина,0.8024313105356787,True,False,H,True,False,True,cont,cont
LINKUSDT,W,2021-05-10,верх. половина,0.9865009642168416,True,True,H,False,False,False,,
LINKUSDT,W,2021-05-17,нижн. половина,0.17929845500961475,False,True,L,False,True,False,cont,cont
LINKUSDT,W,2021-05-24,нижн. половина,0.16350360051147447,False,False,-,False,False,False,,
LINKUSDT,W,2021-05-31,нижн. половина,0.45595359510453837,False,False,-,False,False,True,,
LINKUSDT,W,2021-06-07,нижн. половина,0.27039627039627023,False,True,L,False,True,False,cont,cont
LINKUSDT,W,2021-06-14,нижн. половина,0.38236642971795465,False,True,L,False,False,False,cont,cont
LINKUSDT,W,2021-06-21,нижн. половина,0.3487144790257106,False,True,L,False,True,False,cont,cont
LINKUSDT,W,2021-06-28,нижн. половина,0.4958761394877728,False,False,-,False,False,True,,
LINKUSDT,W,2021-07-05,верх. половина,0.6023693803159179,True,False,H,False,False,False,opp,opp
LINKUSDT,W,2021-07-12,нижн. половина,0.20821917808219131,False,True,L,False,True,False,cont,cont
LINKUSDT,W,2021-07-19,нижн. половина,0.12841225626740949,False,True,L,False,False,False,opp,opp
LINKUSDT,W,2021-07-26,верх. половина,0.8929899097185338,True,False,H,True,False,True,cont,cont
LINKUSDT,W,2021-08-02,верх. половина,0.7440010969422732,True,False,H,False,False,True,cont,cont
LINKUSDT,W,2021-08-09,нижн. половина,0.43159006867406224,True,False,H,True,False,True,cont,cont
LINKUSDT,W,2021-08-16,верх. половина,0.9865319865319868,True,False,H,False,False,True,cont,opp
LINKUSDT,W,2021-08-23,верх. половина,0.5772532188841202,False,True,L,False,False,False,opp,opp
LINKUSDT,W,2021-08-30,нижн. половина,0.3472475391906673,True,False,H,True,False,True,cont,cont
LINKUSDT,W,2021-09-06,верх. половина,0.9935037273695421,True,True,H,False,False,True,,
LINKUSDT,W,2021-09-13,верх. половина,0.5160390516039052,False,False,-,False,False,False,,
LINKUSDT,W,2021-09-20,нижн. половина,0.3261516654854716,False,True,L,False,True,False,opp,opp
LINKUSDT,W,2021-09-27,верх. половина,0.5704607046070463,True,False,H,True,False,True,cont,cont
LINKUSDT,W,2021-10-04,верх. половина,0.9032050249637624,True,False,H,False,False,True,cont,opp
LINKUSDT,W,2021-10-11,нижн. половина,0.11320754716981088,True,True,L,False,False,False,,
LINKUSDT,W,2021-10-18,верх. половина,0.5823945006683219,True,False,H,True,False,True,cont,cont
LINKUSDT,W,2021-10-25,верх. половина,0.7080280344058619,True,False,H,False,False,True,cont,cont
LINKUSDT,W,2021-11-01,нижн. половина,0.40484114977307145,False,False,-,False,False,True,,
LINKUSDT,W,2021-11-08,верх. половина,0.6972818939061816,True,False,H,True,False,True,opp,opp
LINKUSDT,W,2021-11-15,нижн. половина,0.3301337987201867,False,True,L,False,True,False,cont,cont
LINKUSDT,W,2021-11-22,нижн. половина,0.3667887388418402,False,True,L,False,True,False,cont,cont
LINKUSDT,W,2021-11-29,нижн. половина,0.3341035120147871,False,True,L,False,True,False,cont,opp
LINKUSDT,W,2021-12-06,нижн. половина,0.3746528654380207,False,False,-,False,False,False,,
LINKUSDT,W,2021-12-13,верх. половина,0.5328320802005013,False,False,-,False,False,False,,
LINKUSDT,W,2021-12-20,нижн. половина,0.4882032667876589,True,False,H,True,False,True,cont,cont
LINKUSDT,W,2021-12-27,верх. половина,0.891882183908046,True,False,H,False,False,True,cont,cont
LINKUSDT,W,2022-01-03,верх. половина,0.5173611111111113,True,False,H,True,False,True,opp,opp
LINKUSDT,W,2022-01-10,верх. половина,0.8450496377783744,False,False,-,False,False,True,,
LINKUSDT,W,2022-01-17,нижн. половина,0.33416875522138706,False,True,L,False,True,False,cont,cont
LINKUSDT,W,2022-01-24,нижн. половина,0.20990255464840651,False,True,L,False,False,False,cont,cont
LINKUSDT,W,2022-01-31,верх. половина,0.9204741379310345,True,False,H,False,False,True,cont,cont
LINKUSDT,W,2022-02-07,верх. половина,0.9176432291666666,True,False,H,False,False,False,opp,opp
LINKUSDT,W,2022-02-14,нижн. половина,0.022619935371613484,False,True,L,False,True,False,cont,cont
LINKUSDT,W,2022-02-21,нижн. половина,0.06988896146309613,False,True,L,False,True,False,opp,opp
LINKUSDT,W,2022-02-28,верх. половина,0.5662468513853902,True,False,H,False,False,False,cont,opp
LINKUSDT,W,2022-03-07,нижн. половина,0.03078677309007963,False,True,L,False,True,False,opp,opp
LINKUSDT,W,2022-03-14,нижн. половина,0.13864306784660776,True,False,H,True,False,True,cont,cont
LINKUSDT,W,2022-03-21,верх. половина,0.6958066808813078,True,False,H,True,False,True,cont,cont
LINKUSDT,W,2022-03-28,верх. половина,0.9824427480916033,True,False,H,True,False,True,opp,opp
LINKUSDT,W,2022-04-04,верх. половина,0.888173032673722,False,True,L,False,True,False,cont,cont
LINKUSDT,W,2022-04-11,нижн. половина,0.07142857142857167,False,True,L,False,True,False,cont,cont
LINKUSDT,W,2022-04-18,нижн. половина,0.20266803488968682,False,True,L,False,True,False,cont,cont
LINKUSDT,W,2022-04-25,нижн. половина,0.09016999260901692,False,True,L,False,True,False,cont,cont
LINKUSDT,W,2022-05-02,нижн. половина,0.2295367467781263,False,True,L,False,True,False,cont,cont
LINKUSDT,W,2022-05-09,нижн. половина,0.0650935720097641,False,True,L,False,True,False,cont,cont
LINKUSDT,W,2022-05-16,верх. половина,0.5257487610428786,False,False,-,False,False,False,,
LINKUSDT,W,2022-05-23,верх. половина,0.5105105105105107,False,True,L,False,False,False,opp,opp
LINKUSDT,W,2022-05-30,нижн. половина,0.3430706521739131,True,False,H,False,False,True,cont,cont
LINKUSDT,W,2022-06-06,верх. половина,0.7990392313851079,True,True,H,False,True,False,,
LINKUSDT,W,2022-06-13,нижн. половина,0.0032144944476914434,False,True,L,False,False,False,-,opp
LINKUSDT,W,2022-06-20,верх. половина,0.5916892502258355,True,False,H,False,False,True,cont,opp
LINKUSDT,W,2022-06-27,нижн. половина,0.30683624801271797,False,True,L,False,True,False,cont,cont
LINKUSDT,W,2022-07-04,нижн. половина,0.2496402877697839,False,False,-,False,False,False,,
LINKUSDT,W,2022-07-11,нижн. половина,0.21765417170495735,False,True,L,False,False,False,opp,opp
LINKUSDT,W,2022-07-18,верх. половина,0.646034816247582,True,False,H,True,False,True,cont,opp
LINKUSDT,W,2022-07-25,верх. половина,0.6103585657370518,True,True,L,True,False,True,,
LINKUSDT,W,2022-08-01,верх. половина,0.7380729653882134,True,False,H,True,False,True,cont,cont
LINKUSDT,W,2022-08-08,верх. половина,0.9721815519765737,True,False,H,True,False,True,opp,opp
LINKUSDT,W,2022-08-15,нижн. половина,0.42400623538581367,False,True,L,False,True,False,cont,cont
LINKUSDT,W,2022-08-22,нижн. половина,0.17404006677796321,False,True,L,False,True,False,cont,cont
LINKUSDT,W,2022-08-29,нижн. половина,0.027633851468048375,False,True,L,False,False,True,opp,opp
LINKUSDT,W,2022-09-05,верх. половина,0.8794520547945202,True,False,H,True,False,True,cont,cont
LINKUSDT,W,2022-09-12,верх. половина,0.9066002490660022,True,False,H,False,False,True,opp,opp
LINKUSDT,W,2022-09-19,нижн. половина,0.4104868913857681,False,True,L,False,False,True,opp,opp
LINKUSDT,W,2022-09-26,верх. половина,0.8625319693094625,True,False,H,False,False,False,opp,opp
LINKUSDT,W,2022-10-03,нижн. половина,0.01784488675360315,False,True,L,False,False,False,cont,cont
LINKUSDT,W,2022-10-10,верх. половина,0.6620021528525293,False,True,L,False,False,False,opp,opp
LINKUSDT,W,2022-10-17,верх. половина,0.606648199445983,False,False,-,False,False,True,,
LINKUSDT,W,2022-10-24,верх. половина,0.6720085470085468,True,False,H,True,False,True,cont,cont
LINKUSDT,W,2022-10-31,верх. половина,0.8694127957931639,True,False,H,True,False,True,cont,cont
LINKUSDT,W,2022-11-07,нижн. половина,0.4580335731414869,True,True,H,False,True,False,,
LINKUSDT,W,2022-11-14,нижн. половина,0.08612825328682579,False,True,L,False,False,False,cont,cont
LINKUSDT,W,2022-11-21,нижн. половина,0.07833163784333663,True,True,L,True,False,True,,
LINKUSDT,W,2022-11-28,верх. половина,0.7775268210050817,True,False,H,True,False,True,opp,opp
LINKUSDT,W,2022-12-05,верх. половина,0.7105058365758756,False,False,-,False,False,False,,
LINKUSDT,W,2022-12-12,нижн. половина,0.06935817805383039,False,True,L,False,True,False,cont,cont
LINKUSDT,W,2022-12-19,нижн. половина,0.13904163393558566,False,True,L,False,False,False,cont,cont
LINKUSDT,W,2022-12-26,верх. половина,0.7093275488069423,False,True,L,False,True,False,opp,opp
LINKUSDT,W,2023-01-02,нижн. половина,0.35953420669577846,False,False,-,False,False,True,,
LINKUSDT,W,2023-01-09,верх. половина,0.9604989604989602,True,False,H,True,False,True,cont,cont
LINKUSDT,W,2023-01-16,верх. половина,0.6481947942905117,True,False,H,False,False,True,cont,opp
LINKUSDT,W,2023-01-23,верх. половина,0.7195467422096312,True,False,H,True,False,True,cont,opp
LINKUSDT,W,2023-01-30,верх. половина,0.8430232558139535,False,False,-,False,False,False,,
LINKUSDT,W,2023-02-06,нижн. половина,0.3865546218487395,True,False,H,False,False,False,opp,opp
LINKUSDT,W,2023-02-13,нижн. половина,0.11324041811846675,True,True,L,True,False,True,,
LINKUSDT,W,2023-02-20,верх. половина,0.8519893899204244,True,False,H,False,False,True,opp,opp
LINKUSDT,W,2023-02-27,нижн. половина,0.29663608562691196,False,True,L,False,True,False,cont,cont
LINKUSDT,W,2023-03-06,нижн. половина,0.3512145748987857,False,True,L,False,True,False,opp,opp
LINKUSDT,W,2023-03-13,верх. половина,0.609532538955087,True,False,H,True,False,True,cont,cont
LINKUSDT,W,2023-03-20,верх. половина,0.765405405405405,True,False,H,False,False,True,cont,opp
LINKUSDT,W,2023-03-27,нижн. половина,0.4790486976217441,False,True,L,False,False,False,opp,opp
LINKUSDT,W,2023-04-03,верх. половина,0.5493107104984088,False,False,-,False,False,False,,
LINKUSDT,W,2023-04-10,нижн. половина,0.31069609507640167,True,False,H,True,False,True,cont,cont
LINKUSDT,W,2023-04-17,верх. половина,0.9487410071942443,True,True,H,False,True,False,,
LINKUSDT,W,2023-04-24,нижн. половина,0.11770726714431952,False,True,L,False,False,False,cont,cont
LINKUSDT,W,2023-05-01,нижн. половина,0.40543881334981485,False,False,-,False,False,False,,
LINKUSDT,W,2023-05-08,нижн. половина,0.24696356275303633,False,True,L,False,True,False,cont,cont
LINKUSDT,W,2023-05-15,нижн. половина,0.47943262411347526,False,False,-,False,False,False,,
LINKUSDT,W,2023-05-22,нижн. половина,0.1786492374727667,False,True,L,False,False,True,cont,opp
LINKUSDT,W,2023-05-29,верх. половина,0.9452054794520556,True,False,H,False,False,True,opp,opp
LINKUSDT,W,2023-06-05,нижн. половина,0.38786279683377184,False,True,L,False,True,False,opp,opp
LINKUSDT,W,2023-06-12,нижн. половина,0.26748057713651513,False,False,-,False,False,False,,
LINKUSDT,W,2023-06-19,нижн. половина,0.31115459882583124,True,True,L,True,False,True,,
LINKUSDT,W,2023-06-26,верх. половина,0.8413940256045515,True,False,H,True,False,True,cont,cont
LINKUSDT,W,2023-07-03,верх. половина,0.9758897818599312,True,False,H,False,False,True,cont,opp
LINKUSDT,W,2023-07-10,нижн. половина,0.2046783625731002,True,False,H,False,False,True,cont,cont
LINKUSDT,W,2023-07-17,нижн. половина,0.4416167664670663,True,False,H,True,False,True,opp,opp
LINKUSDT,W,2023-07-24,верх. половина,0.7092682926829269,False,False,-,False,False,True,,
LINKUSDT,W,2023-07-31,нижн. половина,0.32598607888631154,False,True,L,False,True,False,cont,cont
LINKUSDT,W,2023-08-07,нижн. половина,0.1358543417366952,True,True,L,False,False,True,,
LINKUSDT,W,2023-08-14,нижн. половина,0.4414141414141416,False,True,L,False,True,False,opp,opp
LINKUSDT,W,2023-08-21,нижн. половина,0.31955790485343594,False,False,-,False,False,False,,
LINKUSDT,W,2023-08-28,нижн. половина,0.3128119800332789,False,True,L,False,False,False,opp,opp
LINKUSDT,W,2023-09-04,верх. половина,0.5124378109452741,True,False,H,False,False,False,cont,opp
LINKUSDT,W,2023-09-11,нижн. половина,0.1940035273368612,False,True,L,False,False,False,opp,opp
LINKUSDT,W,2023-09-18,верх. половина,0.5979680696661827,True,False,H,True,False,True,cont,cont
LINKUSDT,W,2023-09-25,верх. половина,0.7573402417962005,True,False,H,True,False,True,cont,cont
LINKUSDT,W,2023-10-02,верх. половина,0.8401759530791789,False,False,-,False,False,True,,
LINKUSDT,W,2023-10-09,верх. половина,0.5419766206163654,False,True,L,False,False,False,opp,opp
LINKUSDT,W,2023-10-16,верх. половина,0.5370370370370366,True,False,H,True,False,True,cont,cont
LINKUSDT,W,2023-10-23,верх. половина,0.9825082508250822,True,False,H,True,False,True,cont,cont
LINKUSDT,W,2023-10-30,верх. половина,0.6763085399449037,True,False,H,True,False,True,cont,cont
LINKUSDT,W,2023-11-06,верх. половина,0.8347742555235353,True,False,H,True,False,True,cont,cont
LINKUSDT,W,2023-11-13,верх. половина,0.8575192096597144,False,False,-,False,False,True,,
LINKUSDT,W,2023-11-20,верх. половина,0.5933812949640291,False,False,-,False,False,True,,
LINKUSDT,W,2023-11-27,верх. половина,0.7076076993583866,True,False,H,True,False,True,cont,cont
LINKUSDT,W,2023-12-04,верх. половина,0.7700471698113205,True,False,H,True,False,True,opp,opp
LINKUSDT,W,2023-12-11,верх. половина,0.6370370370370367,False,True,L,False,True,False,cont,cont
LINKUSDT,W,2023-12-18,нижн. половина,0.12949128424048345,False,True,L,False,False,True,opp,opp
LINKUSDT,W,2023-12-25,верх. половина,0.6977437207322261,True,False,H,False,False,True,opp,opp
LINKUSDT,W,2024-01-01,нижн. половина,0.21311475409836053,False,True,L,False,True,False,opp,opp
LINKUSDT,W,2024-01-08,нижн. половина,0.2693359860731158,False,False,-,False,False,True,,
LINKUSDT,W,2024-01-15,верх. половина,0.7071406102547974,True,False,H,False,False,True,cont,opp
LINKUSDT,W,2024-01-22,верх. половина,0.5092281879194632,False,True,L,False,False,False,opp,opp
LINKUSDT,W,2024-01-29,нижн. половина,0.39370713997579715,True,False,H,True,False,True,cont,cont
LINKUSDT,W,2024-02-05,верх. половина,0.8410367170626348,True,False,H,True,False,True,cont,cont
LINKUSDT,W,2024-02-12,верх. половина,0.8141868512110718,True,False,H,False,False,True,opp,opp
LINKUSDT,W,2024-02-19,верх. половина,0.584527220630374,False,True,L,False,True,False,opp,opp
LINKUSDT,W,2024-02-26,нижн. половина,0.4281437125748502,True,False,H,True,False,True,opp,opp
LINKUSDT,W,2024-03-04,верх. половина,0.6868607395751378,True,True,L,False,False,True,,
LINKUSDT,W,2024-03-11,верх. половина,0.9494411921234699,True,False,H,False,False,False,opp,opp
LINKUSDT,W,2024-03-18,нижн. половина,0.23523015585356993,False,True,L,False,False,False,cont,opp
LINKUSDT,W,2024-03-25,верх. половина,0.7004935225169648,True,False,H,False,False,True,opp,opp
LINKUSDT,W,2024-04-01,нижн. половина,0.33838383838383906,False,True,L,False,True,False,cont,cont
LINKUSDT,W,2024-04-08,нижн. половина,0.43379934210526266,False,True,L,False,True,False,-,opp
LINKUSDT,W,2024-04-15,нижн. половина,0.3400171870524205,False,False,-,False,False,False,,
LINKUSDT,W,2024-04-22,верх. половина,0.9711147274206666,True,False,H,False,False,False,opp,opp
LINKUSDT,W,2024-04-29,нижн. половина,0.03460207612456749,False,True,L,False,False,False,opp,opp
LINKUSDT,W,2024-05-06,верх. половина,0.8704686118479225,True,False,H,False,False,True,cont,opp
LINKUSDT,W,2024-05-13,нижн. половина,0.1485200845665964,True,True,L,True,False,True,,
LINKUSDT,W,2024-05-20,верх. половина,0.8688639551192145,True,False,H,False,False,True,cont,cont
LINKUSDT,W,2024-05-27,верх. половина,0.6516231195566113,True,False,H,True,False,True,opp,opp
LINKUSDT,W,2024-06-03,верх. половина,0.539763113367174,False,True,L,False,True,False,cont,cont
LINKUSDT,W,2024-06-10,нижн. половина,0.36862003780718283,False,True,L,False,True,False,cont,cont
LINKUSDT,W,2024-06-17,нижн. половина,0.3496103896103886,False,True,L,False,True,False,cont,cont
LINKUSDT,W,2024-06-24,нижн. половина,0.1341045415595547,False,True,L,False,False,True,cont,opp
LINKUSDT,W,2024-07-01,верх. половина,0.8415056958890539,True,True,H,False,True,False,,
LINKUSDT,W,2024-07-08,нижн. половина,0.35826876836761984,False,False,-,False,False,True,,
LINKUSDT,W,2024-07-15,верх. половина,0.9532497149372868,True,False,H,True,False,True,opp,opp
LINKUSDT,W,2024-07-22,верх. половина,0.8827751196172251,False,True,L,False,True,False,cont,cont
LINKUSDT,W,2024-07-29,нижн. половина,0.3471588552467855,False,True,L,False,True,False,cont,cont
LINKUSDT,W,2024-08-05,нижн. половина,0.11797423887587835,False,True,L,False,True,False,-,opp
LINKUSDT,W,2024-08-12,верх. половина,0.6854293985204242,False,False,-,False,False,True,,
LINKUSDT,W,2024-08-19,нижн. половина,0.20734597156398202,True,False,H,True,False,True,cont,cont
LINKUSDT,W,2024-08-26,верх. половина,0.8251240931653303,True,False,H,False,False,False,opp,opp
LINKUSDT,W,2024-09-02,нижн. половина,0.05521721477872552,False,True,L,False,False,False,opp,opp
LINKUSDT,W,2024-09-09,верх. половина,0.66916823014384,True,False,H,False,False,True,cont,cont
LINKUSDT,W,2024-09-16,нижн. половина,0.45911047345767486,True,False,H,False,False,True,cont,cont
LINKUSDT,W,2024-09-23,верх. половина,0.5786941580756018,True,False,H,True,False,True,opp,opp
LINKUSDT,W,2024-09-30,верх. половина,0.7508433734939755,False,True,L,False,False,False,cont,cont
LINKUSDT,W,2024-10-07,нижн. половина,0.4393090569561154,False,True,L,False,False,False,cont,opp
LINKUSDT,W,2024-10-14,нижн. половина,0.33179419525065973,True,False,H,True,False,True,cont,cont
LINKUSDT,W,2024-10-21,верх. половина,0.9542302357836345,True,False,H,False,False,False,cont,opp
LINKUSDT,W,2024-10-28,нижн. половина,0.11821705426356692,True,True,L,False,True,False,,
LINKUSDT,W,2024-11-04,нижн. половина,0.12716174974567654,True,True,L,True,False,True,,
LINKUSDT,W,2024-11-11,верх. половина,0.874195557400872,True,False,H,False,False,True,cont,cont
LINKUSDT,W,2024-11-18,нижн. половина,0.4077560240963851,True,False,H,True,False,True,cont,cont
LINKUSDT,W,2024-11-25,верх. половина,0.8949516648764768,True,False,H,True,False,True,cont,cont
LINKUSDT,W,2024-12-02,верх. половина,0.8377967133292754,True,False,H,True,False,True,cont,cont
LINKUSDT,W,2024-12-09,верх. половина,0.8523884989812087,True,False,H,True,False,True,opp,opp
LINKUSDT,W,2024-12-16,верх. половина,0.8551594103531027,False,False,-,False,False,False,,
LINKUSDT,W,2024-12-23,нижн. половина,0.19124976924496948,False,False,-,False,False,False,,
LINKUSDT,W,2024-12-30,нижн. половина,0.03415195702225649,False,True,L,False,False,True,cont,opp
LINKUSDT,W,2025-01-06,верх. половина,0.8921523634694809,True,True,H,False,False,False,,
LINKUSDT,W,2025-01-13,нижн. половина,0.12506614923266882,True,True,L,False,False,True,,
LINKUSDT,W,2025-01-20,верх. половина,0.7368009822524836,True,False,H,False,False,True,opp,opp
LINKUSDT,W,2025-01-27,нижн. половина,0.3875032817012345,False,True,L,False,True,False,cont,cont
LINKUSDT,W,2025-02-03,нижн. половина,0.1661324041811847,False,True,L,False,True,False,cont,cont
LINKUSDT,W,2025-02-10,нижн. половина,0.4288750569303176,False,False,-,False,False,False,,
LINKUSDT,W,2025-02-17,нижн. половина,0.4798733604703757,False,True,L,False,True,False,cont,cont
LINKUSDT,W,2025-02-24,нижн. половина,0.18198874296435366,False,True,L,False,False,False,cont,cont
LINKUSDT,W,2025-03-03,верх. половина,0.9232563564264052,False,True,L,False,False,False,cont,cont
LINKUSDT,W,2025-03-10,нижн. половина,0.15923428322819216,False,True,L,False,False,False,cont,opp
LINKUSDT,W,2025-03-17,верх. половина,0.5342947590573338,True,False,H,False,False,True,cont,cont
LINKUSDT,W,2025-03-24,верх. половина,0.6168937329700274,True,True,H,False,False,False,,
LINKUSDT,W,2025-03-31,нижн. половина,0.08039843472074026,False,True,L,False,True,False,cont,cont
LINKUSDT,W,2025-04-07,нижн. половина,0.08264705882352957,False,True,L,False,False,False,opp,opp
LINKUSDT,W,2025-04-14,верх. половина,0.7917584145957851,True,False,H,False,False,True,cont,cont
LINKUSDT,W,2025-04-21,верх. половина,0.8138578978273635,True,False,H,True,False,True,cont,cont
LINKUSDT,W,2025-04-28,верх. половина,0.6793434747798237,False,False,-,False,False,False,,
LINKUSDT,W,2025-05-05,нижн. половина,0.03419399860432623,True,True,L,True,False,True,,
LINKUSDT,W,2025-05-12,верх. половина,0.9153972345910474,True,False,H,False,False,True,opp,opp
LINKUSDT,W,2025-05-19,нижн. половина,0.32133676092545005,False,True,L,False,False,False,cont,cont
LINKUSDT,W,2025-05-26,нижн. половина,0.29801894918173927,False,True,L,False,True,False,cont,cont
LINKUSDT,W,2025-06-02,нижн. половина,0.23829939264022862,False,True,L,False,False,False,cont,opp
LINKUSDT,W,2025-06-09,верх. половина,0.588235294117647,True,False,H,False,False,False,opp,opp
LINKUSDT,W,2025-06-16,нижн. половина,0.18467380048325857,False,True,L,False,True,False,opp,opp
LINKUSDT,W,2025-06-23,нижн. половина,0.22424992267244032,False,False,-,False,False,True,,
LINKUSDT,W,2025-06-30,верх. половина,0.9321212121212125,True,False,H,False,False,True,cont,cont
LINKUSDT,W,2025-07-07,верх. половина,0.561532792925571,True,False,H,True,False,True,cont,cont
LINKUSDT,W,2025-07-14,верх. половина,0.8909025009061253,True,False,H,True,False,True,cont,cont
LINKUSDT,W,2025-07-21,верх. половина,0.8572610674389737,True,False,H,False,False,True,cont,opp
LINKUSDT,W,2025-07-28,верх. половина,0.6628425748884639,False,True,L,False,True,False,opp,opp
LINKUSDT,W,2025-08-04,нижн. половина,0.20838381390840796,True,False,H,True,False,True,cont,cont
LINKUSDT,W,2025-08-11,верх. половина,0.9042840023966443,True,False,H,True,False,True,cont,cont
LINKUSDT,W,2025-08-18,верх. половина,0.8727966563692533,True,False,H,False,False,True,opp,opp
LINKUSDT,W,2025-08-25,верх. половина,0.5454343479226841,False,True,L,False,True,False,cont,cont
LINKUSDT,W,2025-09-01,нижн. половина,0.1039103089964449,False,True,L,False,True,False,cont,opp
LINKUSDT,W,2025-09-08,нижн. половина,0.2842857142857152,True,False,H,True,False,True,opp,opp
LINKUSDT,W,2025-09-15,верх. половина,0.5445225541886343,False,False,-,False,False,False,,
LINKUSDT,W,2025-09-22,нижн. половина,0.09851988899167487,False,True,L,False,True,False,cont,cont
LINKUSDT,W,2025-09-29,верх. половина,0.5742697327532625,True,False,H,False,False,True,cont,cont
LINKUSDT,W,2025-10-06,нижн. половина,0.49145683453237565,True,True,H,False,True,False,,
LINKUSDT,W,2025-10-13,верх. половина,0.6948172885492262,False,False,-,False,False,True,,
LINKUSDT,W,2025-10-20,нижн. половина,0.35308477585441655,False,False,-,False,False,True,,
LINKUSDT,W,2025-10-27,верх. половина,0.7408597830454,False,True,L,False,False,False,cont,cont
LINKUSDT,W,2025-11-03,нижн. половина,0.4626593806921673,False,True,L,False,True,False,cont,cont
LINKUSDT,W,2025-11-10,верх. половина,0.5622954945884723,False,True,L,False,False,False,cont,cont
LINKUSDT,W,2025-11-17,нижн. половина,0.10047003525264406,False,True,L,False,True,False,-,cont
LINKUSDT,W,2025-11-24,нижн. половина,0.33980582524271863,False,False,-,False,False,True,,
LINKUSDT,W,2025-12-01,верх. половина,0.5098193244304801,True,True,L,True,False,True,,
LINKUSDT,W,2025-12-08,верх. половина,0.5980515399120049,True,False,H,False,False,False,opp,opp
LINKUSDT,W,2025-12-15,нижн. половина,0.09521331945889687,False,True,L,False,True,False,cont,opp
LINKUSDT,W,2025-12-22,нижн. половина,0.35047428856714924,False,False,-,False,False,False,,
LINKUSDT,W,2025-12-29,верх. половина,0.5250255362614911,True,False,H,True,False,True,cont,cont
LINKUSDT,W,2026-01-05,верх. половина,0.8890439637124921,True,False,H,False,False,True,cont,cont
LINKUSDT,W,2026-01-12,нижн. половина,0.15004122011541526,True,True,L,False,False,False,,
LINKUSDT,W,2026-01-19,нижн. половина,0.26662234042553185,False,True,L,False,True,False,cont,cont
LINKUSDT,W,2026-01-26,нижн. половина,0.08324768756423384,False,True,L,False,True,False,cont,cont
LINKUSDT,W,2026-02-02,нижн. половина,0.1375464684014867,False,True,L,False,True,False,-,cont
LINKUSDT,W,2026-02-09,верх. половина,0.585139318885449,False,False,-,False,False,True,,
LINKUSDT,W,2026-02-16,верх. половина,0.5881826320501339,False,False,-,False,False,False,,
LINKUSDT,W,2026-02-23,нижн. половина,0.47148817802503457,True,True,L,False,False,False,,
LINKUSDT,W,2026-03-02,нижн. половина,0.4022092267706302,True,False,H,False,False,False,cont,opp
LINKUSDT,W,2026-03-09,нижн. половина,0.09822866344605459,False,False,-,False,False,True,,
LINKUSDT,W,2026-03-16,верх. половина,0.9049360146252292,True,False,H,False,False,False,opp,opp
LINKUSDT,W,2026-03-23,нижн. половина,0.07625994694960113,False,True,L,False,True,False,opp,opp
LINKUSDT,W,2026-03-30,нижн. половина,0.172650878533232,False,False,-,False,False,False,,
LINKUSDT,W,2026-04-06,верх. половина,0.5331664580725912,True,False,H,False,False,False,cont,opp
LINKUSDT,W,2026-04-13,нижн. половина,0.19271445358401865,True,False,H,False,False,True,cont,opp
LINKUSDT,W,2026-04-20,нижн. половина,0.3209772535804538,False,False,-,False,False,True,,
LINKUSDT,W,2026-04-27,верх. половина,0.8512720156555795,True,True,H,False,False,False,,
LINKUSDT,W,2026-05-04,нижн. половина,0.31871345029239795,True,False,H,True,False,True,opp,opp
LINKUSDT,W,2026-05-11,верх. половина,0.9138220481253497,False,False,-,False,False,False,,
LINKUSDT,W,2026-05-18,нижн. половина,0.16250842886041797,False,True,L,False,False,False,cont,cont
LINKUSDT,W,2026-05-25,нижн. половина,0.39418254764292776,False,True,L,False,False,False,cont,cont
LINKUSDT,W,2026-06-01,нижн. половина,0.4236926360725718,False,True,L,False,True,False,-,cont
LINKUSDT,W,2026-06-08,нижн. половина,0.416179775280899,False,False,-,False,False,True,,
LINKUSDT,W,2026-06-15,верх. половина,0.9943262411347524,True,False,H,False,False,False,opp,opp
LINKUSDT,W,2026-06-22,нижн. половина,0.018669778296382743,False,True,L,False,True,False,opp,opp
LINKUSDT,W,2026-06-29,нижн. половина,0.22916666666666607,True,False,H,False,False,True,cont,opp
LINKUSDT,W,2026-07-06,верх. половина,0.8967391304347835,False,False,-,False,False,True,,
LINKUSDT,W,2026-07-13,верх. половина,0.7236641221374033,True,False,H,True,False,True,cont,cont
LINKUSDT,W,2026-07-20,верх. половина,0.7026066350710904,True,False,H,True,False,True,cont,cont
LINKUSDT,W,2026-07-27,верх. половина,0.9689119170984474,True,True,H,False,False,False,,
LINKUSDT,W,2026-08-03,нижн. половина,0.47976878612716856,False,False,-,False,False,False,,
LINKUSDT,W,2026-08-10,нижн. половина,0.35820895522388263,True,False,H,True,False,True,cont,cont
LINKUSDT,W,2026-08-17,верх. половина,0.7661038148843023,True,False,H,True,False,True,cont,cont
LINKUSDT,W,2026-08-24,верх. половина,0.6728152403991531,False,False,-,False,False,True,,
LINKUSDT,W,2026-08-31,нижн. половина,0.15134633240482848,True,True,L,True,False,True,,
LINKUSDT,W,2026-09-07,верх. половина,0.9510803098247047,True,False,H,False,False,False,opp,opp
LINKUSDT,W,2026-09-14,нижн. половина,0.017821782178217793,False,True,L,False,False,True,opp,opp
LINKUSDT,W,2026-09-21,верх. половина,0.9150264042246753,True,False,H,True,False,True,cont,cont
LINKUSDT,W,2026-09-28,верх. половина,0.8088642659279777,True,False,H,False,False,True,-,cont
LINKUSDT,M,2020-02-01,верх. половина,0.7999999999999998,True,False,H,True,False,True,cont,cont
LINKUSDT,M,2020-03-01,верх. половина,0.6249999999999999,True,True,H,False,True,False,,
LINKUSDT,M,2020-04-01,нижн. половина,0.24993034271384784,False,False,-,False,False,True,,
LINKUSDT,M,2020-05-01,верх. половина,0.8343100692594566,True,False,H,True,False,True,cont,cont
LINKUSDT,M,2020-06-01,верх. половина,0.8431568431568431,True,False,H,True,False,True,cont,cont
LINKUSDT,M,2020-07-01,верх. половина,0.7063862928348911,True,False,H,True,False,True,cont,cont
LINKUSDT,M,2020-08-01,верх. половина,0.7340210809598566,True,False,H,True,False,True,-,cont
LINKUSDT,M,2020-09-01,верх. половина,0.6558047782567401,False,False,-,False,False,False,,
LINKUSDT,M,2020-10-01,нижн. половина,0.27669270833333337,False,False,-,False,False,False,,
LINKUSDT,M,2020-11-01,верх. половина,0.622129892849333,True,False,H,True,False,True,opp,opp
LINKUSDT,M,2020-12-01,верх. половина,0.6813549160671464,False,True,L,False,False,False,opp,opp
LINKUSDT,M,2021-01-01,нижн. половина,0.4694739909660498,True,False,H,True,False,True,cont,cont
LINKUSDT,M,2021-02-01,верх. половина,0.7804250710708001,True,False,H,False,False,True,cont,cont
LINKUSDT,M,2021-03-01,нижн. половина,0.24676908071202153,False,False,-,False,False,True,,
LINKUSDT,M,2021-04-01,верх. половина,0.6984311446833238,True,False,H,True,False,True,cont,cont
LINKUSDT,M,2021-05-01,верх. половина,0.597594936708861,True,True,H,False,False,False,,
LINKUSDT,M,2021-06-01,нижн. половина,0.4493830401680231,False,True,L,False,False,False,cont,cont
LINKUSDT,M,2021-07-01,нижн. половина,0.2546531775753172,False,True,L,False,False,False,opp,opp
LINKUSDT,M,2021-08-01,верх. половина,0.9340187662208024,True,False,H,True,False,True,cont,cont
LINKUSDT,M,2021-09-01,верх. половина,0.5802792321116927,True,True,H,False,False,False,,
LINKUSDT,M,2021-10-01,нижн. половина,0.20444045174537984,False,False,-,False,False,True,,
LINKUSDT,M,2021-11-01,верх. половина,0.6231800766283526,True,True,H,False,False,False,,
LINKUSDT,M,2021-12-01,нижн. половина,0.1737145755404805,False,True,L,False,True,False,cont,cont
LINKUSDT,M,2022-01-01,нижн. половина,0.3770933266010266,True,True,H,False,False,False,,
LINKUSDT,M,2022-02-01,нижн. половина,0.24089414858645627,False,True,L,False,False,False,cont,cont
LINKUSDT,M,2022-03-01,нижн. половина,0.4578268876611418,False,False,-,False,False,True,,
LINKUSDT,M,2022-04-01,верх. половина,0.7987599645704164,True,True,H,False,True,False,,
LINKUSDT,M,2022-05-01,нижн. половина,0.04134702899492931,False,True,L,False,True,False,cont,cont
LINKUSDT,M,2022-06-01,нижн. половина,0.30565814743684444,False,True,L,False,False,False,-,opp
LINKUSDT,M,2022-07-01,нижн. половина,0.22399635036496332,False,False,-,False,False,True,,
LINKUSDT,M,2022-08-01,верх. половина,0.7788309636650871,True,False,H,False,False,False,opp,opp
LINKUSDT,M,2022-09-01,нижн. половина,0.13110307414104896,False,False,-,False,False,False,,
LINKUSDT,M,2022-10-01,верх. половина,0.5438931297709924,False,True,L,False,False,True,opp,opp
LINKUSDT,M,2022-11-01,верх. половина,0.7658321060382918,True,True,H,False,False,True,,
LINKUSDT,M,2022-12-01,верх. половина,0.5416877210712481,False,True,L,False,False,False,-,opp
LINKUSDT,M,2023-01-01,нижн. половина,0.0798682585426101,False,False,-,False,False,True,,
LINKUSDT,M,2023-02-01,верх. половина,0.7109911678115798,True,False,H,False,False,True,cont,opp
LINKUSDT,M,2023-03-01,нижн. половина,0.39158738107160745,False,True,L,False,False,True,opp,opp
LINKUSDT,M,2023-04-01,верх. половина,0.9283761618370694,True,False,H,False,False,True,opp,opp
LINKUSDT,M,2023-05-01,нижн. половина,0.1552295314718411,False,True,L,False,True,False,cont,cont
LINKUSDT,M,2023-06-01,нижн. половина,0.2881205673758861,False,True,L,False,False,False,opp,opp
LINKUSDT,M,2023-07-01,верх. половина,0.8804997284084733,True,False,H,True,False,True,cont,opp
LINKUSDT,M,2023-08-01,верх. половина,0.6219167003639303,False,True,L,False,True,False,opp,opp
LINKUSDT,M,2023-09-01,нижн. половина,0.13657505285412241,True,False,H,True,False,True,cont,cont
LINKUSDT,M,2023-10-01,верх. половина,0.9672712933753942,True,False,H,True,False,True,cont,cont
LINKUSDT,M,2023-11-01,верх. половина,0.8631664301642005,True,False,H,True,False,True,cont,cont
LINKUSDT,M,2023-12-01,верх. половина,0.632319637657716,True,False,H,False,False,True,cont,opp
LINKUSDT,M,2024-01-01,нижн. половина,0.32394366197183094,False,True,L,False,False,False,opp,opp
LINKUSDT,M,2024-02-01,верх. половина,0.7458342590535436,True,False,H,True,False,True,cont,cont
LINKUSDT,M,2024-03-01,верх. половина,0.7173725151253239,True,False,H,False,False,True,opp,opp
LINKUSDT,M,2024-04-01,нижн. половина,0.44112769485903847,False,True,L,False,True,False,cont,cont
LINKUSDT,M,2024-05-01,нижн. половина,0.1860587692713136,False,False,-,False,False,True,,
LINKUSDT,M,2024-06-01,верх. половина,0.8802570093457943,False,False,-,False,False,False,,
LINKUSDT,M,2024-07-01,нижн. половина,0.27770513239620787,False,True,L,False,False,False,cont,cont
LINKUSDT,M,2024-08-01,нижн. половина,0.4538634658664664,False,True,L,False,False,False,opp,opp
LINKUSDT,M,2024-09-01,верх. половина,0.6014534327787341,False,False,-,False,False,True,,
LINKUSDT,M,2024-10-01,верх. половина,0.6937837837837836,False,False,-,False,False,True,,
LINKUSDT,M,2024-11-01,верх. половина,0.5285393258426968,True,True,L,True,False,True,,
LINKUSDT,M,2024-12-01,верх. половина,0.9517585803846562,True,False,H,True,False,True,-,opp
LINKUSDT,M,2025-01-01,нижн. половина,0.12468010236724231,False,True,L,False,False,True,cont,opp
LINKUSDT,M,2025-02-01,верх. половина,0.7833667969988375,False,True,L,False,True,False,cont,cont
LINKUSDT,M,2025-03-01,нижн. половина,0.10885387506998324,False,True,L,False,False,False,cont,cont
LINKUSDT,M,2025-04-01,нижн. половина,0.2855179522418827,False,True,L,False,False,False,opp,opp
LINKUSDT,M,2025-05-01,верх. половина,0.7971042103257765,True,False,H,False,False,True,cont,opp
LINKUSDT,M,2025-06-01,нижн. половина,0.15948095437421528,False,True,L,False,False,False,opp,opp
LINKUSDT,M,2025-07-01,верх. половина,0.5169204737732659,True,False,H,True,False,True,cont,cont
LINKUSDT,M,2025-08-01,верх. половина,0.5555408796724345,True,False,H,True,False,True,opp,opp
LINKUSDT,M,2025-09-01,верх. половина,0.6245275432247687,False,False,-,False,False,False,,
LINKUSDT,M,2025-10-01,нижн. половина,0.2550704709522169,False,True,L,False,True,False,-,cont
LINKUSDT,M,2025-11-01,верх. половина,0.582428874189198,False,False,-,False,False,False,,
LINKUSDT,M,2025-12-01,нижн. половина,0.22156182928842674,False,False,-,False,False,False,,
LINKUSDT,M,2026-01-01,нижн. половина,0.14429530201342303,False,True,L,False,True,False,cont,cont
LINKUSDT,M,2026-02-01,нижн. половина,0.18817697815311157,False,True,L,False,True,False,-,cont
LINKUSDT,M,2026-03-01,верх. половина,0.5821501014198786,True,False,H,False,False,True,cont,opp
LINKUSDT,M,2026-04-01,нижн. половина,0.31378763866878023,False,False,-,False,False,False,,
LINKUSDT,M,2026-05-01,нижн. половина,0.4727398205659079,True,False,H,False,False,True,opp,opp
LINKUSDT,M,2026-06-01,нижн. половина,0.18682352941176483,False,True,L,False,True,False,opp,opp
LINKUSDT,M,2026-07-01,нижн. половина,0.09438202247191012,False,False,-,False,False,True,,
LINKUSDT,M,2026-08-01,верх. половина,0.5929729729729728,True,False,H,True,False,True,cont,cont
LINKUSDT,M,2026-09-01,верх. половина,0.7238034998945814,True,False,H,True,False,True,-,cont
