sym,P,side,t,accept,eq,d_opp,d_next,p_rw,opp_first
ETHUSDT,W,H,2020-05-25,True,0,1.038168948865516,1.693854600780578,0.6199999999999999,0.0
ETHUSDT,W,H,2020-07-20,True,0,3.196582792586715,0.3787404883058673,0.1059318161045606,0.0
ETHUSDT,W,L,2022-06-13,True,0,6.074899089906867,2.0203749024521023,0.24957461654282606,
ETHUSDT,W,L,2022-06-13,True,0,6.074899089906867,2.0203749024521023,0.24957461654282606,
ETHUSDT,W,L,2022-05-23,False,0,3.9907527464375327,0.929576374508931,0.18892564941471227,0.0
ETHUSDT,W,H,2021-07-26,True,0,1.1585981953485855,2.4692229017108813,0.6806352451371739,0.0
ETHUSDT,W,L,2022-05-23,False,1,3.9907527464375327,0.929576374508931,0.18892564941471227,0.0
ETHUSDT,W,L,2022-01-17,True,0,3.4099576616009597,1.250809985004698,0.26836995101346395,0.0
ETHUSDT,W,H,2025-08-11,False,0,4.621340969530287,0.7968653169026402,0.14707179364838394,0.0
ETHUSDT,W,L,2022-01-03,True,0,2.5549732486467875,0.7856450048496602,0.2351795222418387,0.0
ETHUSDT,W,L,2022-05-09,True,0,3.2137784840278414,0.9603086042786394,0.230064343163539,0.0
ETHUSDT,W,H,2022-03-21,True,0,1.7261360978453097,2.5783669595112175,0.5989929441691788,1.0
ETHUSDT,W,L,2022-05-09,True,0,3.2137784840278414,0.9603086042786394,0.230064343163539,0.0
ETHUSDT,W,H,2024-03-04,True,0,5.971947167557476,2.9693158918237628,0.33209132446990636,
ETHUSDT,W,H,2023-04-10,True,0,3.752765972643834,7.309288953965928,0.6607532689413286,
ETHUSDT,W,H,2023-03-13,False,0,3.6032824272042343,1.4254286296070042,0.2834580498866213,0.0
ETHUSDT,W,L,2022-10-10,False,0,1.5901152546832493,1.4059332904201884,0.4692625200342503,1.0
ETHUSDT,W,L,2022-11-07,False,0,2.1847723989431533,1.3178614783769382,0.37624871012360855,1.0
ETHUSDT,W,H,2023-01-16,False,0,2.454416661798213,0.82219430975054,0.25092826609254565,0.0
ETHUSDT,W,H,2023-01-09,True,0,2.2693430131685206,0.7048076692438698,0.236977794505081,0.0
ETHUSDT,W,H,2023-03-13,True,0,3.6032824272042343,1.4254286296070042,0.2834580498866213,0.0
ETHUSDT,W,L,2023-03-06,False,0,0.968557145608467,2.527838021151703,0.7229840737636212,1.0
ETHUSDT,W,H,2023-11-27,True,1,4.182965910691645,8.546379771798845,0.6713919147906078,0.0
ETHUSDT,W,L,2023-06-05,False,0,0.9407204346891604,2.0286725917323083,0.6831943678998736,1.0
ETHUSDT,W,H,2023-06-19,False,0,2.8418057489023845,1.3269363153788487,0.3183061688436789,0.0
ETHUSDT,W,L,2023-08-14,False,0,2.5861467069692186,2.359136191408745,0.47704777257182474,1.0
ETHUSDT,W,H,2023-11-06,True,0,3.5922248555555005,0.6758988864379042,0.15835972134262188,0.0
ETHUSDT,W,L,2025-04-07,False,0,4.540579401507635,0.4850860221387503,0.09652175010623663,1.0
ETHUSDT,W,L,2023-10-09,False,0,1.5848935780935536,0.45956577422699213,0.22478596784297325,1.0
ETHUSDT,W,H,2023-10-23,True,0,2.0958231220031966,1.7586893979754923,0.4562676574170826,0.0
ETHUSDT,W,L,2025-04-07,False,1,4.540579401507635,0.4850860221387503,0.09652175010623663,1.0
ETHUSDT,W,H,2023-11-27,True,1,4.182965910691645,8.546379771798845,0.6713919147906078,0.0
ETHUSDT,W,H,2023-12-25,False,0,3.9761304445732377,6.69872161660311,0.627523602033406,0.0
ETHUSDT,W,L,2025-03-03,True,0,3.1433100708806325,0.9196261001075053,0.22634519997488542,0.0
ETHUSDT,W,H,2024-02-12,True,0,3.0339390657599266,2.5880010829922444,0.46033949393194257,0.0
ETHUSDT,W,H,2024-12-16,False,0,2.2510566606567557,3.6569690921324627,0.6189832687181472,1.0
ETHUSDT,W,L,2024-04-08,False,0,2.2690599409966805,2.6062942589186378,0.5345856223049205,
ETHUSDT,W,H,2024-05-20,True,0,2.1013046428455024,0.5623238821050888,0.2111119763276749,1.0
ETHUSDT,W,L,2024-07-29,True,1,3.1098010570188634,1.4929162548876382,0.32435540871165386,1.0
ETHUSDT,W,L,2024-07-01,False,1,2.4818613825270797,0.3277515274536352,0.11665362381036501,0.0
ETHUSDT,W,H,2024-12-02,True,0,4.271197839108153,0.2362570160625805,0.05241472708075111,0.0
ETHUSDT,W,L,2024-07-29,True,1,3.1098010570188634,1.4929162548876382,0.32435540871165386,1.0
ETHUSDT,W,H,2024-11-25,True,0,3.647362330207576,0.7233147633382937,0.16549261083743855,0.0
ETHUSDT,W,L,2025-02-03,False,1,2.039040846097739,1.019164843180161,0.33325581950009553,0.0
ETHUSDT,W,H,2024-11-04,True,0,2.8519763382543366,1.0390308602374831,0.26703390850580244,0.0
ETHUSDT,W,L,2025-02-03,False,1,2.039040846097739,1.019164843180161,0.33325581950009553,0.0
ETHUSDT,W,H,2024-10-14,True,0,1.5765416030030375,0.19111915945145508,0.10811981773362202,0.0
ETHUSDT,W,L,2025-02-03,False,0,2.039040846097739,1.019164843180161,0.33325581950009553,0.0
ETHUSDT,W,H,2025-08-04,True,0,4.641696948266156,1.1603753832696664,0.19999326395203906,0.0
ETHUSDT,W,L,2025-01-13,False,0,1.8083008682663215,1.7322215910237817,0.4892559250622867,0.0
ETHUSDT,W,H,2025-07-14,True,0,4.286199874161856,0.9233988212912179,0.17724951100305641,0.0
ETHUSDT,W,L,2025-02-24,False,1,2.3270692069924883,0.8532612376367709,0.2682932646441518,0.0
ETHUSDT,W,L,2025-03-31,True,0,4.639819186061647,0.14037580756055848,0.029366125806133347,0.0
ETHUSDT,W,H,2025-07-07,True,0,2.2876880074537462,2.0601890057234136,0.47383792123824475,0.0
ETHUSDT,W,L,2026-02-02,True,0,2.7202641609786373,1.4573767101025323,0.3488516019150695,
ETHUSDT,W,L,2025-11-03,False,0,1.8784722937333382,2.3552145905559563,0.556303443057132,0.0
ETHUSDT,W,L,2026-01-26,True,0,2.482625301611512,0.3457686874117043,0.12224912397410208,0.0
ETHUSDT,W,L,2026-06-01,True,0,3.162618611328331,1.248625684240013,0.2830552108606672,1.0
ETHUSDT,W,L,2026-06-01,True,0,3.162618611328331,1.248625684240013,0.2830552108606672,1.0
ETHUSDT,W,H,2026-04-13,False,0,1.3054069946518072,3.1965110743986793,0.7100331515079895,1.0
ETHUSDT,W,H,2026-08-17,False,0,4.812744945764266,4.759545886356002,0.49722119499181155,
ETHUSDT,W,H,2026-08-17,True,0,4.812744945764266,4.759545886356002,0.49722119499181155,
ETHUSDT,D,L,2020-01-23,False,0,1.6175958794459528,2.704113593652121,0.6257046223224352,1.0
ETHUSDT,D,H,2020-01-27,False,0,1.3670732529146183,0.8830783745535403,0.3924528301886787,0.0
ETHUSDT,D,L,2020-02-26,True,0,2.1619172113289755,2.780885984023238,0.5626131314793483,0.0
ETHUSDT,D,L,2020-02-25,False,0,1.615603909704444,0.37345822666976897,0.1877559377559376,0.0
ETHUSDT,D,L,2020-03-08,True,0,4.280240745840055,2.4132803587585068,0.36053974000329103,0.0
ETHUSDT,D,L,2020-03-08,True,1,4.280240745840055,2.4132803587585068,0.36053974000329103,0.0
ETHUSDT,D,H,2020-03-06,True,0,1.8523146833285993,1.8358420903152513,0.49776682581241344,1.0
ETHUSDT,D,H,2020-04-06,True,0,4.869699192956715,15.597212032281734,0.7620696577336143,
ETHUSDT,D,H,2020-04-02,False,0,1.2803499817717838,0.8297484506015308,0.3932273669661365,0.0
ETHUSDT,D,H,2020-04-06,True,0,4.869699192956715,15.597212032281734,0.7620696577336143,
ETHUSDT,D,H,2020-04-18,True,0,3.24133474327341,11.146046293032544,0.7747098839535815,
ETHUSDT,D,L,2020-04-13,False,0,1.7329246935201394,2.8572679509632235,0.6224723388019842,1.0
ETHUSDT,D,L,2020-04-16,False,0,0.3387447906947801,4.2260371959942775,0.9257916825639072,1.0
ETHUSDT,D,H,2020-04-23,False,0,1.5093114642063903,10.960646961672076,0.8789641943734015,
ETHUSDT,D,H,2020-04-29,True,0,3.9735329966916253,8.735271925242325,0.6873401534526854,
ETHUSDT,D,H,2020-05-30,True,0,4.46852957135106,7.5260444926749885,0.6274540848638378,
ETHUSDT,D,H,2020-05-28,True,0,2.2611190817790527,0.6867527498804409,0.23296560674886466,0.0
ETHUSDT,D,L,2020-05-10,True,1,2.3099175870381767,1.6419801536132768,0.4154915590863956,1.0
ETHUSDT,D,L,2020-05-10,True,1,2.3099175870381767,1.6419801536132768,0.4154915590863956,1.0
ETHUSDT,D,H,2020-05-18,False,0,2.8925194368564826,0.3684597604538761,0.11299052774018922,0.0
ETHUSDT,D,H,2020-05-17,True,0,2.2618484630410194,0.7210856379150802,0.2417370325693603,0.0
ETHUSDT,D,H,2020-05-28,True,0,2.2611190817790527,0.6867527498804409,0.23296560674886466,0.0
ETHUSDT,D,H,2020-07-22,True,0,4.822611305652824,8.226313156578293,0.6304207814512669,0.0
ETHUSDT,D,L,2020-06-15,False,0,1.5155065842515447,2.5719967750604686,0.6292341678939619,1.0
ETHUSDT,D,H,2020-06-09,False,0,0.655668655668656,0.7371007371007371,0.5292338709677419,1.0
ETHUSDT,D,L,2020-06-11,True,0,1.6305139030426556,0.7119910709952922,0.30394431554524337,0.0
ETHUSDT,D,H,2020-07-22,True,0,4.822611305652824,8.226313156578293,0.6304207814512669,0.0
ETHUSDT,D,L,2020-06-15,False,0,1.5155065842515447,2.5719967750604686,0.6292341678939619,1.0
ETHUSDT,D,L,2020-06-27,False,0,3.191959638023544,2.7199487466965633,0.46007965105253174,1.0
ETHUSDT,D,H,2020-06-22,True,0,1.8779600623561727,0.8168658599955477,0.30312379483224106,1.0
ETHUSDT,D,L,2020-06-27,True,0,3.191959638023544,2.7199487466965633,0.46007965105253174,1.0
ETHUSDT,D,H,2020-07-22,True,1,4.822611305652824,8.226313156578293,0.6304207814512669,0.0
ETHUSDT,D,H,2020-07-06,True,0,1.9737019051176692,0.8137467314157639,0.2919324577861163,0.0
ETHUSDT,D,H,2020-07-22,True,1,4.822611305652824,8.226313156578293,0.6304207814512669,0.0
ETHUSDT,D,L,2020-07-16,True,0,1.5068293571298481,1.3360043707885656,0.46995515695067325,1.0
ETHUSDT,D,H,2020-07-21,False,0,2.244340199877626,0.49112788088925113,0.17954070981210848,0.0
ETHUSDT,D,L,2020-09-04,False,1,3.1750125242316654,2.5370826163664475,0.44415972667093745,
ETHUSDT,D,L,2020-09-04,False,1,3.1750125242316654,2.5370826163664475,0.44415972667093745,
ETHUSDT,D,L,2020-08-19,True,0,1.613343737807258,1.623097932110806,0.5015069318866783,1.0
ETHUSDT,D,L,2020-08-25,False,0,2.5087981723734667,0.6495689303489355,0.20566606389391207,1.0
ETHUSDT,D,H,2020-08-30,True,0,2.533464264890908,0.8545125356737341,0.25221912249556155,0.0
ETHUSDT,D,L,2020-09-04,False,1,3.1750125242316654,2.5370826163664475,0.44415972667093745,
ETHUSDT,D,H,2020-09-17,False,0,0.9591623831110943,2.6576127159955227,0.7348017621145374,1.0
ETHUSDT,D,L,2020-09-21,True,0,2.1419200954084676,1.3051083283641418,0.37861838311613416,1.0
ETHUSDT,D,L,2020-09-21,True,1,2.1419200954084676,1.3051083283641418,0.37861838311613416,1.0
ETHUSDT,D,H,2020-10-12,False,0,3.764131399822432,7.084245832100225,0.6530235518777848,0.0
ETHUSDT,D,H,2020-10-01,False,0,1.9237847637943406,1.989395546129376,0.5083833068167914,0.0
ETHUSDT,D,H,2020-10-10,True,0,2.6141671117152976,1.5898431810457827,0.37817299919159253,0.0
ETHUSDT,D,L,2020-10-07,False,0,0.8662514341911144,1.6665300770365523,0.657984144960363,1.0
ETHUSDT,D,H,2020-10-09,True,0,2.2379815888169112,0.36822366177974625,0.1412872841444265,0.0
ETHUSDT,D,H,2020-10-21,False,0,2.0031974420463627,6.475008228711148,0.7637238916064911,0.0
ETHUSDT,D,H,2020-11-05,False,0,2.2300466310738654,3.414611069811448,0.6049279249078111,0.0
ETHUSDT,D,L,2020-11-03,False,0,1.6114044350580758,1.10685696767381,0.40719298245614094,1.0
ETHUSDT,D,H,2020-11-11,False,0,3.6149143916134205,1.0056703454761693,0.2176500167616491,0.0
ETHUSDT,D,L,2020-12-08,True,0,1.8076179577192522,1.6248859471413315,0.4733821117699002,1.0
ETHUSDT,D,L,2022-06-18,False,0,6.505303334672557,1.965427882683809,0.23202576403990777,
ETHUSDT,D,L,2022-06-15,False,0,5.094408799266727,2.397022147379191,0.31996852997121883,0.0
ETHUSDT,D,L,2022-06-13,False,0,5.867221288019588,1.3869899991149648,0.19119790480528343,0.0
ETHUSDT,D,L,2022-06-13,True,0,5.867221288019588,1.3869899991149648,0.19119790480528343,0.0
ETHUSDT,D,L,2021-02-23,False,0,3.1530924884684026,2.085788357294368,0.39813624678663245,1.0
ETHUSDT,D,L,2021-02-22,False,0,1.9778423823367646,2.110725229826353,0.5162505380972879,0.0
ETHUSDT,D,L,2021-02-28,False,0,3.442490899839525,0.8206896551724139,0.19250642673521848,1.0
ETHUSDT,D,L,2022-06-13,True,0,5.867221288019588,1.3869899991149648,0.19119790480528343,0.0
ETHUSDT,D,H,2021-03-06,False,0,1.8108310690527498,1.999214408752495,0.5247219279661016,0.0
ETHUSDT,D,L,2021-05-19,False,0,4.4746790099408695,2.6581377459218,0.37266311990098433,
ETHUSDT,D,H,2021-03-13,True,0,3.565915246556431,0.9078377438426757,0.20292531701927666,0.0
ETHUSDT,D,L,2021-03-16,False,0,1.0208761704517932,2.638261470041073,0.72100634883079,1.0
ETHUSDT,D,H,2021-03-31,False,0,3.7252830503409107,1.2156186795849298,0.24603174603174616,0.0
ETHUSDT,D,L,2021-03-22,True,0,1.613069575280777,2.015770317025348,0.5554861544867794,1.0
ETHUSDT,D,L,2021-03-22,True,0,1.613069575280777,2.015770317025348,0.5554861544867794,1.0
ETHUSDT,D,H,2021-03-31,True,0,3.7252830503409107,1.2156186795849298,0.24603174603174616,0.0
ETHUSDT,D,L,2021-05-19,False,0,4.4746790099408695,2.6581377459218,0.37266311990098433,
ETHUSDT,D,L,2021-04-18,False,0,2.2105849139130767,4.836872241441012,0.6863287189715438,1.0
ETHUSDT,D,L,2021-05-19,False,0,4.4746790099408695,2.6581377459218,0.37266311990098433,
ETHUSDT,D,L,2021-05-19,False,0,4.4746790099408695,2.6581377459218,0.37266311990098433,
ETHUSDT,D,L,2021-05-16,False,0,1.945880118818437,3.5888498828366586,0.6484236596479784,0.0
ETHUSDT,D,L,2022-06-13,True,0,5.867221288019588,1.3869899991149648,0.19119790480528343,0.0
ETHUSDT,D,L,2021-06-22,False,0,3.5583019881783975,2.2322267130808586,0.38549618320610696,1.0
ETHUSDT,D,H,2021-08-06,False,0,2.5614082028953793,8.438968820565213,0.7671526896366695,
ETHUSDT,D,L,2021-06-18,False,0,1.9053450482640928,2.346414857874247,0.5518690870777269,0.0
ETHUSDT,D,H,2021-08-06,True,1,2.5614082028953793,8.438968820565213,0.7671526896366695,
ETHUSDT,D,L,2021-06-08,True,0,1.3010214030028235,1.1022486272565108,0.45864535128312994,0.0
ETHUSDT,D,H,2021-08-06,True,0,2.5614082028953793,8.438968820565213,0.7671526896366695,
ETHUSDT,D,L,2021-06-12,False,0,1.795697398894229,0.7176642257593813,0.2855395812205453,0.0
ETHUSDT,D,L,2021-06-18,True,0,1.9053450482640928,2.346414857874247,0.5518690870777269,0.0
ETHUSDT,D,H,2021-08-01,False,0,5.767125841329645,2.025647063440671,0.2599391882959503,0.0
ETHUSDT,D,L,2022-05-27,False,0,2.577851239669422,2.3198881118881123,0.473665082064925,0.0
ETHUSDT,D,L,2022-05-27,False,1,2.577851239669422,2.3198881118881123,0.473665082064925,0.0
ETHUSDT,D,H,2021-07-04,True,0,1.4763546747020382,1.5368546764278495,0.5100391301558793,1.0
ETHUSDT,D,L,2021-07-12,False,0,2.3142892022218167,1.9279130806323632,0.45446043165467614,1.0
ETHUSDT,D,H,2021-07-07,False,0,1.6734324146666033,1.825613646930562,0.5217461030213609,1.0
ETHUSDT,D,H,2021-07-26,False,0,3.8099421105741142,3.067672207764619,0.44603725445680503,0.0
ETHUSDT,D,L,2021-07-12,True,0,2.3142892022218167,1.9279130806323632,0.45446043165467614,1.0
ETHUSDT,D,H,2021-07-21,True,0,2.068216172373294,3.0564237071213025,0.5964172661870504,0.0
ETHUSDT,D,L,2022-05-27,False,1,2.577851239669422,2.3198881118881123,0.473665082064925,0.0
ETHUSDT,D,H,2021-07-30,True,0,5.371285882371073,1.2823268885931693,0.1927264078530579,0.0
ETHUSDT,D,H,2021-08-04,True,0,6.3802617982952885,0.7874253793638696,0.10985766535936198,0.0
ETHUSDT,D,L,2022-01-22,True,0,3.9859838417496385,3.2208867203511975,0.4469189078112559,1.0
ETHUSDT,D,L,2021-08-18,False,0,1.3215359391734545,2.304396888611963,0.6355321507760532,1.0
ETHUSDT,D,H,2021-08-23,False,0,1.8259422301632537,5.1701171690612115,0.7390041842175231,1.0
ETHUSDT,D,L,2021-09-07,False,0,2.9552197946828116,4.884092304992542,0.623025623025623,
ETHUSDT,D,L,2021-08-25,False,0,0.7924123434443692,1.4198026450237937,0.6418013856812935,1.0
ETHUSDT,D,H,2021-08-31,True,0,2.129304732895592,5.337129401174988,0.7148163775825437,1.0
ETHUSDT,D,L,2021-09-07,False,0,2.9552197946828116,4.884092304992542,0.623025623025623,
ETHUSDT,D,L,2021-09-07,False,0,2.9552197946828116,4.884092304992542,0.623025623025623,
ETHUSDT,D,H,2021-10-20,True,0,2.6295474365610008,1.0672641288703284,0.2886985473780307,0.0
ETHUSDT,D,L,2021-09-20,False,0,2.4517459657940384,1.8829448264296502,0.43438965238480204,1.0
ETHUSDT,D,L,2021-09-13,False,0,2.5415250473137396,1.2214041558842839,0.32458866216410387,0.0
ETHUSDT,D,L,2021-09-20,True,0,2.4517459657940384,1.8829448264296502,0.43438965238480204,1.0
ETHUSDT,D,H,2021-10-14,True,1,2.0928599489294832,1.1895992928697698,0.362410986775178,0.0
ETHUSDT,D,L,2022-01-21,True,0,4.097922030158147,0.6233697343480346,0.13203372412491338,0.0
ETHUSDT,D,H,2021-10-01,True,0,1.952409471670734,1.3645221291471543,0.41138084632516714,0.0
ETHUSDT,D,L,2022-01-21,True,0,4.097922030158147,0.6233697343480346,0.13203372412491338,0.0
ETHUSDT,D,H,2021-10-01,True,1,1.952409471670734,1.3645221291471543,0.41138084632516714,0.0
ETHUSDT,D,L,2022-01-21,True,0,4.097922030158147,0.6233697343480346,0.13203372412491338,0.0
ETHUSDT,D,H,2021-10-14,True,1,2.0928599489294832,1.1895992928697698,0.362410986775178,0.0
ETHUSDT,D,L,2022-01-06,False,0,2.5936798519686954,3.315688891585269,0.5610902002353596,0.0
ETHUSDT,D,H,2021-10-20,True,0,2.6295474365610008,1.0672641288703284,0.2886985473780307,0.0
ETHUSDT,D,L,2021-12-04,False,0,2.1189992379984752,2.3742379984759974,0.5284025466545129,0.0
ETHUSDT,D,L,2021-12-04,False,1,2.1189992379984752,2.3742379984759974,0.5284025466545129,0.0
ETHUSDT,D,L,2021-11-16,False,0,3.095348875688733,1.4902725151810978,0.324988128794997,0.0
ETHUSDT,D,L,2021-11-16,True,0,3.095348875688733,1.4902725151810978,0.324988128794997,0.0
ETHUSDT,D,L,2021-11-16,True,0,3.095348875688733,1.4902725151810978,0.324988128794997,0.0
ETHUSDT,D,H,2021-12-01,False,0,2.2210419542982724,0.9561860753430451,0.300949779626296,1.0
ETHUSDT,D,L,2021-11-26,False,0,2.653493013972056,0.5549265106151329,0.17295946068229107,1.0
ETHUSDT,D,H,2021-11-25,True,0,1.8974405445672529,0.9103430997582611,0.32422124176057865,1.0
ETHUSDT,D,L,2021-11-26,False,0,2.653493013972056,0.5549265106151329,0.17295946068229107,1.0
ETHUSDT,D,H,2021-11-30,True,0,2.324713246325844,0.45274009066417076,0.16300547146358713,0.0
ETHUSDT,D,L,2021-12-04,False,1,2.1189992379984752,2.3742379984759974,0.5284025466545129,0.0
ETHUSDT,D,H,2025-08-13,False,0,6.212354696477084,0.5752906070458295,0.0847555494314417,0.0
ETHUSDT,D,L,2022-01-06,False,1,2.5936798519686954,3.315688891585269,0.5610902002353596,0.0
ETHUSDT,D,H,2025-08-12,True,0,5.9799116555256795,0.9381657806872583,0.13561076604554814,0.0
ETHUSDT,D,L,2021-12-29,True,0,2.599590556637896,1.1900022275416076,0.3140184962641728,0.0
ETHUSDT,D,H,2021-12-23,False,0,1.356373065609071,1.425336733517287,0.5123959134647825,1.0
ETHUSDT,D,L,2021-12-29,True,0,2.599590556637896,1.1900022275416076,0.3140184962641728,0.0
ETHUSDT,D,H,2025-08-09,True,0,4.809968776438544,1.2315589396888265,0.20384892655565895,0.0
ETHUSDT,D,L,2021-12-28,True,0,1.8453353545218028,0.21421439659507366,0.10401030442644418,0.0
ETHUSDT,D,L,2022-01-05,True,0,3.6764674536285082,0.8926176499426615,0.1953602591566957,0.0
ETHUSDT,D,H,2024-03-06,False,0,5.760295465895452,1.728855628684937,0.23084801025526688,
ETHUSDT,D,L,2022-01-21,True,0,4.097922030158147,0.6233697343480346,0.13203372412491338,0.0
ETHUSDT,D,H,2022-03-28,False,0,6.0518916037498895,4.015387059902922,0.3988552610945587,
ETHUSDT,D,L,2022-01-17,False,0,0.9191458165056064,1.2890022090952438,0.5837480975690018,0.0
ETHUSDT,D,H,2022-03-28,False,1,6.0518916037498895,4.015387059902922,0.3988552610945587,
ETHUSDT,D,H,2022-02-10,False,0,2.7263077259794293,1.771284745020792,0.3938295335652933,1.0
ETHUSDT,D,L,2022-05-11,True,0,5.2569738350658675,2.2016732942074007,0.295184,0.0
ETHUSDT,D,H,2022-02-01,True,0,1.9387970639488845,1.9955173000533926,0.5072084016243694,0.0
ETHUSDT,D,L,2022-02-24,False,0,3.130606791612545,2.3093635182779724,0.424517669531996,1.0
ETHUSDT,D,L,2022-02-24,False,0,3.130606791612545,2.3093635182779724,0.424517669531996,1.0
ETHUSDT,D,H,2022-02-04,True,0,2.186575866692783,1.1752549982673668,0.3495877828111076,0.0
ETHUSDT,D,L,2022-02-21,True,0,3.186026553586754,0.4621636629814741,0.1266829950046358,0.0
ETHUSDT,D,H,2022-03-27,True,0,5.958662999788449,0.7375396657499445,0.11014297245596347,0.0
ETHUSDT,D,L,2022-02-18,True,0,2.0928192465428843,1.0267055759247197,0.3291224254829221,0.0
ETHUSDT,D,H,2022-03-27,True,0,5.958662999788449,0.7375396657499445,0.11014297245596347,0.0
ETHUSDT,D,L,2022-05-09,True,0,4.49746493597003,0.46638208903214556,0.09395577395577398,0.0
ETHUSDT,D,L,2022-03-06,True,0,2.178103971706676,1.0982754843353888,0.3352100997672988,1.0
ETHUSDT,D,H,2022-03-22,False,0,3.2873892805939042,1.5776361529548093,0.32428117273048424,0.0
ETHUSDT,D,L,2022-05-09,True,0,4.49746493597003,0.46638208903214556,0.09395577395577398,0.0
ETHUSDT,D,H,2022-03-16,False,0,1.7979835630386565,1.741663333212115,0.49204437173010157,0.0
ETHUSDT,D,L,2022-05-08,False,0,2.84800948515664,0.5572164713393234,0.16363568187783603,0.0
ETHUSDT,D,H,2022-03-22,False,0,3.2873892805939042,1.5776361529548093,0.32428117273048424,0.0
ETHUSDT,D,H,2022-04-01,False,0,6.756566531339642,3.075664662625214,0.3128145180834534,1.0
ETHUSDT,D,L,2022-04-06,True,0,2.7804997620867167,4.552276037085639,0.6208121128699244,0.0
ETHUSDT,D,H,2024-03-04,True,0,5.988004449054104,1.731085653677745,0.2242603248101871,0.0
ETHUSDT,D,L,2022-04-11,True,0,3.8489822418112993,3.1265019477313056,0.4482128928653361,0.0
ETHUSDT,D,L,2022-04-18,False,0,0.6552455701750017,3.9307064811402497,0.8571189661725579,1.0
ETHUSDT,D,H,2022-04-20,False,0,1.3937116271591807,3.559120552267449,0.7186030988595852,1.0
ETHUSDT,D,L,2022-04-25,False,0,1.2884694774057637,3.822358183992972,0.7478941645523742,0.0
ETHUSDT,D,H,2024-02-26,False,0,3.4767148861778523,3.0321637269131783,0.4658504032960019,0.0
ETHUSDT,D,H,2024-02-22,False,0,2.177644649570562,1.7732677201454887,0.4488248673237296,0.0
ETHUSDT,D,L,2022-04-30,True,0,2.176726351467014,1.60806600705262,0.4248756218905471,0.0
ETHUSDT,D,L,2022-05-05,False,0,1.98018300678527,1.7097544809959981,0.46335594753505177,0.0
ETHUSDT,D,H,2024-02-19,False,0,2.2090233362143494,0.9336560069144318,0.2970891729554899,0.0
ETHUSDT,D,L,2022-05-26,False,0,1.9429354922956388,0.4963436928702012,0.2034796573875803,0.0
ETHUSDT,D,H,2023-12-02,False,0,2.4433386900036815,10.838622238571896,0.8160408163265304,
ETHUSDT,D,L,2022-05-26,True,0,1.9429354922956388,0.4963436928702012,0.2034796573875803,0.0
ETHUSDT,D,H,2023-04-14,True,0,4.145983235665012,1.1060010384986307,0.21058727154600188,1.0
ETHUSDT,D,L,2022-06-10,True,0,2.370854826823875,2.406226971260133,0.5037022753567297,0.0
ETHUSDT,D,H,2022-08-13,False,0,3.02316849032615,0.9757511478844008,0.2440036900369003,1.0
ETHUSDT,D,L,2022-06-07,False,0,1.7358857253911197,1.0002429307161589,0.3655686761963949,0.0
ETHUSDT,D,H,2022-08-11,False,0,2.79235803120057,1.193362900474522,0.29940954746497606,0.0
ETHUSDT,D,L,2022-06-10,True,0,2.370854826823875,2.406226971260133,0.5037022753567297,0.0
ETHUSDT,D,L,2022-06-18,True,0,6.505303334672557,1.965427882683809,0.23202576403990777,
ETHUSDT,D,H,2022-06-24,True,0,1.1035072785644229,4.203696102111625,0.792073678091482,1.0
ETHUSDT,D,L,2022-06-30,False,0,1.7787781037949622,1.6398097355615893,0.47967459448701344,1.0
ETHUSDT,D,H,2022-07-15,False,1,2.6712341512514044,8.155920390435346,0.7532838253147114,0.0
ETHUSDT,D,H,2022-07-15,False,1,2.6712341512514044,8.155920390435346,0.7532838253147114,0.0
ETHUSDT,D,H,2022-07-22,False,0,4.2991301322199025,3.124101136627232,0.42085461485459297,0.0
ETHUSDT,D,L,2022-07-25,True,0,3.525302712450773,3.2048875639468553,0.4761956842715432,1.0
ETHUSDT,D,H,2022-07-28,True,0,2.410385681875472,1.277735764501582,0.34644622827069266,0.0
ETHUSDT,D,L,2022-09-18,True,0,4.2116551040634285,3.040224644862901,0.4192326334855482,
ETHUSDT,D,H,2022-08-08,False,0,1.874515432553118,1.2300407282005987,0.3962050175642409,0.0
ETHUSDT,D,L,2022-08-20,False,0,3.8168550836643345,1.8446413486942612,0.32582222222222235,0.0
ETHUSDT,D,L,2022-08-19,True,0,3.780287750437003,0.45260185558693017,0.10692503176620077,0.0
ETHUSDT,D,H,2023-04-14,True,0,4.145983235665012,1.1060010384986307,0.21058727154600188,1.0
ETHUSDT,D,L,2022-08-26,True,0,4.669078149920256,1.3596299840510369,0.22552592592592594,0.0
ETHUSDT,D,H,2022-09-09,False,0,2.1576345490159494,2.9150265833411058,0.5746543100912033,1.0
ETHUSDT,D,L,2022-09-16,False,0,3.2714624796996534,0.723330111577936,0.18106825199317925,0.0
ETHUSDT,D,H,2022-09-06,False,0,1.3777679267272513,1.639327618135148,0.5433462725191598,0.0
ETHUSDT,D,H,2022-09-09,True,0,2.1576345490159494,2.9150265833411058,0.5746543100912033,1.0
ETHUSDT,D,L,2022-09-15,True,0,3.14331036533981,0.508997174441086,0.1393631748961702,0.0
ETHUSDT,D,H,2023-03-17,True,0,4.998052860601752,2.8538798868965984,0.36346208999381113,0.0
ETHUSDT,D,H,2022-10-25,True,0,4.139321312576996,6.463377757867621,0.6095973973159821,1.0
ETHUSDT,D,L,2022-10-13,False,0,1.1204086068246022,6.1156270376005235,0.8451626468026313,1.0
ETHUSDT,D,H,2022-10-25,True,0,4.139321312576996,6.463377757867621,0.6095973973159821,1.0
ETHUSDT,D,L,2022-10-13,False,0,1.1204086068246022,6.1156270376005235,0.8451626468026313,1.0
ETHUSDT,D,H,2022-10-06,False,0,1.3083359857079782,0.6971467293653807,0.3476204128440367,1.0
ETHUSDT,D,L,2022-10-13,False,0,1.1204086068246022,6.1156270376005235,0.8451626468026313,1.0
ETHUSDT,D,H,2022-10-25,True,0,4.139321312576996,6.463377757867621,0.6095973973159821,1.0
ETHUSDT,D,H,2022-10-14,False,0,5.770317268791254,1.7476896869898513,0.2324671548283065,0.0
ETHUSDT,D,L,2022-11-09,True,0,5.253147379834694,0.8770849971107086,0.1430753262158956,
ETHUSDT,D,H,2022-10-23,True,1,2.414882330967502,0.4152409413522581,0.1467218567521614,0.0
ETHUSDT,D,H,2022-10-23,True,1,2.414882330967502,0.4152409413522581,0.1467218567521614,0.0
ETHUSDT,D,L,2022-11-08,False,0,3.5765706564675828,1.6270295414103984,0.3126738180373462,0.0
ETHUSDT,D,H,2022-10-29,True,0,5.249646078550336,2.4089309549811926,0.31454027875337365,1.0
ETHUSDT,D,H,2022-11-04,False,0,1.639235068367605,1.6598558184064753,0.5031252170289606,1.0
ETHUSDT,D,L,2022-11-08,True,0,3.5765706564675828,1.6270295414103984,0.3126738180373462,0.0
ETHUSDT,D,H,2023-01-20,False,0,2.227914481645824,1.8349939491730538,0.4516454112659417,1.0
ETHUSDT,D,L,2022-11-20,True,1,1.254539172703012,0.5873641822340816,0.3188897944399161,1.0
ETHUSDT,D,H,2022-11-30,True,0,2.5821092737745484,6.921424997754996,0.7283001039402817,1.0
ETHUSDT,D,L,2022-11-20,True,1,1.254539172703012,0.5873641822340816,0.3188897944399161,1.0
ETHUSDT,D,H,2022-11-30,True,0,2.5821092737745484,6.921424997754996,0.7283001039402817,1.0
ETHUSDT,D,L,2022-12-19,False,1,3.4887244069330903,1.7834074389626984,0.33827064479638014,1.0
ETHUSDT,D,H,2022-12-13,True,1,1.9741935483870958,6.799620493358635,0.7749902677451448,1.0
ETHUSDT,D,H,2022-12-13,True,1,1.9741935483870958,6.799620493358635,0.7749902677451448,1.0
ETHUSDT,D,L,2022-12-07,True,0,1.5565356746613348,1.5452216910707175,0.4981761978361665,1.0
ETHUSDT,D,L,2022-12-16,True,0,3.6053146508668465,0.3055513745022654,0.07812882684300777,0.0
ETHUSDT,D,H,2022-12-13,True,0,1.9741935483870958,6.799620493358635,0.7749902677451448,1.0
ETHUSDT,D,L,2022-12-16,True,0,3.6053146508668465,0.3055513745022654,0.07812882684300777,0.0
ETHUSDT,D,H,2023-01-11,True,0,6.851490640166393,9.38747400046221,0.5780832835226142,0.0
ETHUSDT,D,L,2022-12-19,False,1,3.4887244069330903,1.7834074389626984,0.33827064479638014,1.0
ETHUSDT,D,H,2023-01-04,True,0,2.8980844922592506,3.6004723169771675,0.5540418315432444,0.0
ETHUSDT,D,L,2022-12-28,False,0,1.1285850013687804,0.9452970257170014,0.4558104141754545,1.0
ETHUSDT,D,H,2023-01-04,True,0,2.8980844922592506,3.6004723169771675,0.5540418315432444,0.0
ETHUSDT,D,H,2023-01-20,True,0,2.227914481645824,1.8349939491730538,0.4516454112659417,1.0
ETHUSDT,D,L,2023-02-10,False,0,2.444903722961535,4.382863715854147,0.6419175455417065,1.0
ETHUSDT,D,H,2023-02-02,False,0,1.3801936143346751,1.7457759605555887,0.558475032699854,1.0
ETHUSDT,D,L,2023-02-10,True,1,2.444903722961535,4.382863715854147,0.6419175455417065,1.0
ETHUSDT,D,H,2023-02-02,False,0,1.3801936143346751,1.7457759605555887,0.558475032699854,1.0
ETHUSDT,D,L,2023-02-09,False,0,2.4308327875459703,0.4567686029522912,0.1581827063996097,0.0
ETHUSDT,D,H,2023-02-16,False,0,2.3571683879827683,1.9750174012829924,0.45589397531764847,1.0
ETHUSDT,D,L,2023-02-09,True,0,2.4308327875459703,0.4567686029522912,0.1581827063996097,0.0
ETHUSDT,D,H,2023-02-16,False,0,2.3571683879827683,1.9750174012829924,0.45589397531764847,1.0
ETHUSDT,D,L,2023-02-13,False,0,2.6805719921104543,4.519625246548321,0.6277085330776604,1.0
ETHUSDT,D,L,2023-03-09,True,0,4.0795508060134,4.377081446597838,0.5175915560530946,1.0
ETHUSDT,D,H,2023-03-14,False,0,4.315821687238601,1.1561395862120123,0.21128431442332773,0.0
ETHUSDT,D,H,2023-03-14,False,0,4.315821687238601,1.1561395862120123,0.21128431442332773,0.0
ETHUSDT,D,L,2023-03-03,False,0,2.4223059532780713,1.6406932931424252,0.40381333926849156,0.0
ETHUSDT,D,H,2023-03-13,False,0,4.286159657064061,0.7789202314218028,0.15378241776452023,0.0
ETHUSDT,D,L,2023-03-07,False,0,1.8598204405708487,1.6177004072599497,0.4651878387067142,0.0
ETHUSDT,D,H,2023-03-17,True,1,4.998052860601752,2.8538798868965984,0.36346208999381113,0.0
ETHUSDT,D,H,2023-03-23,False,0,4.163174361745419,2.0241492718527563,0.3271445606726139,0.0
ETHUSDT,D,L,2023-03-27,False,0,1.448975676309451,3.450482139177271,0.7042579544762329,1.0
ETHUSDT,D,H,2023-04-04,True,1,2.286316718129685,1.9871724746360837,0.46500000000000036,0.0
ETHUSDT,D,L,2023-06-14,True,0,4.32474437627812,4.624458077709615,0.5167452743958175,1.0
ETHUSDT,D,H,2023-04-04,True,1,2.286316718129685,1.9871724746360837,0.46500000000000036,0.0
ETHUSDT,D,L,2023-05-12,False,0,1.0382938720588375,1.5809885440955547,0.6035960591133004,1.0
ETHUSDT,D,H,2023-04-13,True,0,3.0267578918845692,0.2876755633834628,0.08679479231246144,0.0
ETHUSDT,D,L,2023-04-24,False,1,3.494069787429095,0.9160602761702868,0.20771729245160472,0.0
ETHUSDT,D,H,2023-12-02,True,1,2.4433386900036815,10.838622238571896,0.8160408163265304,
ETHUSDT,D,L,2023-04-24,False,1,3.494069787429095,0.9160602761702868,0.20771729245160472,0.0
ETHUSDT,D,H,2023-05-05,True,0,2.40036619976197,1.9679209008514142,0.4505017311190657,1.0
ETHUSDT,D,L,2023-05-11,False,0,2.9520480251839385,0.4098429664336177,0.12190846385427383,0.0
ETHUSDT,D,H,2023-05-05,True,0,2.40036619976197,1.9679209008514142,0.4505017311190657,1.0
ETHUSDT,D,L,2023-05-10,False,0,2.1915054889837093,0.6895253668548836,0.2393328642966515,0.0
ETHUSDT,D,H,2023-07-14,False,0,1.7945256757829777,3.324795535238266,0.6494602307978656,1.0
ETHUSDT,D,H,2023-05-28,True,0,3.224138459182108,2.4723541124215074,0.43401340058721727,1.0
ETHUSDT,D,L,2023-06-10,False,0,2.791042234332424,1.1348773841961874,0.289073005682558,0.0
ETHUSDT,D,H,2023-05-23,True,0,1.6444594746928172,0.6636230413707606,0.28752136752136837,1.0
ETHUSDT,D,L,2023-05-25,False,0,1.3644092723580068,1.3585265074585093,0.4989197753132662,1.0
ETHUSDT,D,H,2023-05-28,True,0,3.224138459182108,2.4723541124215074,0.43401340058721727,1.0
ETHUSDT,D,L,2023-06-10,True,0,2.791042234332424,1.1348773841961874,0.289073005682558,0.0
ETHUSDT,D,H,2023-06-22,False,0,2.6897053857842304,2.2499155833192668,0.45548344648144307,0.0
ETHUSDT,D,L,2023-06-05,True,0,2.2584410170904556,0.9794672511395874,0.3024999999999998,0.0
ETHUSDT,D,H,2023-06-22,False,0,2.6897053857842304,2.2499155833192668,0.45548344648144307,0.0
ETHUSDT,D,L,2023-06-10,True,0,2.791042234332424,1.1348773841961874,0.289073005682558,0.0
ETHUSDT,D,L,2023-06-14,True,0,4.32474437627812,4.624458077709615,0.5167452743958175,1.0
ETHUSDT,D,L,2023-08-17,False,0,6.259470679813186,10.845528455284557,0.6340560656931353,
ETHUSDT,D,H,2023-06-20,True,0,2.500813078173965,1.8568767028872366,0.4261149361657962,0.0
ETHUSDT,D,L,2023-08-17,True,0,6.259470679813186,10.845528455284557,0.6340560656931353,
ETHUSDT,D,H,2023-06-30,False,0,1.766260732342895,1.3117596370469577,0.42616990130802296,0.0
ETHUSDT,D,L,2023-08-01,False,0,0.3404523078061989,4.761150386793503,0.9332656170644992,0.0
ETHUSDT,D,H,2023-07-13,True,0,3.2439461424256373,0.3382992883837627,0.09443777511004453,0.0
ETHUSDT,D,L,2023-08-01,False,1,0.3404523078061989,4.761150386793503,0.9332656170644992,0.0
ETHUSDT,D,H,2023-07-13,True,0,3.2439461424256373,0.3382992883837627,0.09443777511004453,0.0
ETHUSDT,D,H,2023-11-09,True,0,5.696104139351938,0.3798932384341608,0.0625236014457567,0.0
ETHUSDT,D,L,2023-07-22,True,0,1.1815584276863924,0.7824716940824591,0.3984010659560286,0.0
ETHUSDT,D,H,2023-11-09,True,0,5.696104139351938,0.3798932384341608,0.0625236014457567,0.0
ETHUSDT,D,L,2023-08-01,False,1,0.3404523078061989,4.761150386793503,0.9332656170644992,0.0
ETHUSDT,D,H,2023-11-05,True,1,1.6404597793139333,0.5086783845699812,0.23668947539915236,0.0
ETHUSDT,D,L,2023-08-07,False,1,1.4364669732693331,3.905087060430185,0.7310769554689972,0.0
ETHUSDT,D,H,2023-11-05,True,1,1.6404597793139333,0.5086783845699812,0.23668947539915236,0.0
ETHUSDT,D,L,2023-08-07,False,1,1.4364669732693331,3.905087060430185,0.7310769554689972,0.0
ETHUSDT,D,L,2023-08-16,False,0,1.806685840916593,3.891272572964312,0.6829240037071364,0.0
ETHUSDT,D,H,2023-11-05,True,1,1.6404597793139333,0.5086783845699812,0.23668947539915236,0.0
ETHUSDT,D,H,2023-10-26,False,0,4.518500427402614,1.2770790084259385,0.22035398230088507,0.0
ETHUSDT,D,L,2025-04-07,False,0,3.583211840070688,1.6340181135409775,0.31319649087152396,1.0
ETHUSDT,D,L,2023-09-11,True,0,2.697351319858378,1.2207831010322803,0.31157254190242295,1.0
ETHUSDT,D,H,2023-08-29,True,0,2.3751602493258486,2.0643207638919607,0.4649914613320323,1.0
ETHUSDT,D,L,2023-09-01,False,0,2.178583575334224,0.9740993642571238,0.30897473133894876,0.0
ETHUSDT,D,H,2023-10-01,False,0,4.339144272848927,3.2542949112083583,0.428566665555296,1.0
ETHUSDT,D,L,2023-09-10,False,1,1.3929181087811056,0.9092446713545178,0.3949523809523813,0.0
ETHUSDT,D,H,2023-09-29,False,0,2.66038147138964,2.048247048138059,0.43499864974345215,0.0
ETHUSDT,D,L,2023-09-10,False,1,1.3929181087811056,0.9092446713545178,0.3949523809523813,0.0
ETHUSDT,D,L,2023-10-12,False,0,2.271719921053648,0.833451580861957,0.268407584040944,1.0
ETHUSDT,D,H,2023-09-18,False,0,2.44697043932713,1.0145026947574687,0.293084087456238,0.0
ETHUSDT,D,H,2023-09-29,False,0,2.66038147138964,2.048247048138059,0.43499864974345215,0.0
ETHUSDT,D,L,2023-09-21,True,0,1.927092709270927,1.2238973897389747,0.38841676783546397,1.0
ETHUSDT,D,L,2023-09-25,False,0,1.8332254933678416,1.3379488838563596,0.42190959080197155,1.0
ETHUSDT,D,L,2023-10-09,False,0,1.6893987677926448,1.0070958147440014,0.3734833443635575,0.0
ETHUSDT,D,H,2023-10-23,False,0,4.615641178091327,1.9404573732217723,0.2959774564147033,0.0
ETHUSDT,D,L,2023-10-09,True,0,1.6893987677926448,1.0070958147440014,0.3734833443635575,0.0
ETHUSDT,D,H,2023-10-22,False,0,2.5960167714884674,2.456394129979037,0.4861825726141082,0.0
ETHUSDT,D,L,2025-04-07,False,0,3.583211840070688,1.6340181135409775,0.31319649087152396,1.0
ETHUSDT,D,H,2023-10-21,False,0,1.9737581709666194,0.8026336564878248,0.28909235668789784,0.0
ETHUSDT,D,L,2025-04-06,False,0,3.926207311011035,0.6801451221593233,0.14765373080478952,0.0
ETHUSDT,D,H,2023-11-02,False,1,0.9519298977675786,1.129230127268933,0.5425964912280697,0.0
ETHUSDT,D,L,2025-04-06,True,1,3.926207311011035,0.6801451221593233,0.14765373080478952,0.0
ETHUSDT,D,H,2023-11-05,True,1,1.6404597793139333,0.5086783845699812,0.23668947539915236,0.0
ETHUSDT,D,L,2025-03-11,False,0,1.7310142178912105,0.8171201127948542,0.3206738761589744,0.0
ETHUSDT,D,H,2023-11-09,True,0,5.696104139351938,0.3798932384341608,0.0625236014457567,0.0
ETHUSDT,D,H,2023-12-02,True,1,2.4433386900036815,10.838622238571896,0.8160408163265304,
ETHUSDT,D,H,2023-11-24,False,0,1.6152175064907524,0.6192974089969804,0.2771507161149582,0.0
ETHUSDT,D,L,2023-11-17,False,0,1.7700367851967447,2.0716753985063,0.5392583565459613,1.0
ETHUSDT,D,H,2023-11-22,False,0,1.6178720947018905,0.5668110293056172,0.25944770803459977,0.0
ETHUSDT,D,L,2025-03-10,True,0,1.9679083519936655,0.38602145216563005,0.1639902139322703,0.0
ETHUSDT,D,L,2025-03-10,True,1,1.9679083519936655,0.38602145216563005,0.1639902139322703,0.0
ETHUSDT,D,H,2023-12-02,True,1,2.4433386900036815,10.838622238571896,0.8160408163265304,
ETHUSDT,D,L,2025-03-04,False,0,1.7676184265685404,1.1261353579579874,0.3891607378553266,0.0
ETHUSDT,D,H,2023-12-28,False,0,1.664897174980431,6.167053298228139,0.7874224076523864,1.0
ETHUSDT,D,L,2024-01-03,False,1,2.491646882010849,2.290997800091481,0.4790232083652128,1.0
ETHUSDT,D,H,2023-12-22,False,0,2.003967604712046,0.7740237783595112,0.2786271343663032,0.0
ETHUSDT,D,L,2024-01-03,False,1,2.491646882010849,2.290997800091481,0.4790232083652128,1.0
ETHUSDT,D,H,2023-12-27,True,0,2.706000469015655,0.2802954798616422,0.09386058336482683,0.0
ETHUSDT,D,L,2024-01-03,False,0,2.491646882010849,2.290997800091481,0.4790232083652128,1.0
ETHUSDT,D,H,2024-01-10,True,0,3.478424813385423,3.1374417106484054,0.47422989857048137,0.0
ETHUSDT,D,H,2024-01-10,True,0,3.478424813385423,3.1374417106484054,0.47422989857048137,0.0
ETHUSDT,D,L,2025-03-04,False,1,1.7676184265685404,1.1261353579579874,0.3891607378553266,0.0
ETHUSDT,D,L,2024-08-05,False,1,5.686034819462337,2.0443594964058676,0.2644573372162147,
ETHUSDT,D,H,2024-02-14,True,0,6.475311415886251,2.3763234051731903,0.268461527527044,0.0
ETHUSDT,D,H,2024-02-12,True,0,5.5908172855800125,0.8256044153818466,0.1286705353636722,0.0
ETHUSDT,D,L,2024-01-22,True,0,2.310470627135459,1.1487931224512298,0.33209179918370985,1.0
ETHUSDT,D,L,2024-08-05,False,1,5.686034819462337,2.0443594964058676,0.2644573372162147,
ETHUSDT,D,L,2024-08-05,False,1,5.686034819462337,2.0443594964058676,0.2644573372162147,
ETHUSDT,D,H,2024-02-07,True,0,2.3131460833891757,2.6951400312760243,0.5381361946123944,0.0
ETHUSDT,D,L,2024-08-05,False,1,5.686034819462337,2.0443594964058676,0.2644573372162147,
ETHUSDT,D,L,2024-08-05,False,1,5.686034819462337,2.0443594964058676,0.2644573372162147,
ETHUSDT,D,H,2024-02-18,True,0,6.39641876110874,0.8371990540123689,0.11573725283941506,0.0
ETHUSDT,D,L,2024-08-04,True,0,4.457688591267614,2.680955484146422,0.3755552813425467,0.0
ETHUSDT,D,H,2024-02-25,True,0,3.1667958509061878,0.5167217599452884,0.14027943247048674,0.0
ETHUSDT,D,H,2024-03-04,True,0,5.988004449054104,1.731085653677745,0.2242603248101871,0.0
ETHUSDT,D,L,2024-03-19,True,0,3.3636188929004294,1.587929165716453,0.32069347745763566,
ETHUSDT,D,H,2024-03-11,True,0,3.913508834823835,0.3761493668187853,0.08768749143573912,1.0
ETHUSDT,D,L,2024-03-15,False,0,1.4928627857750236,2.2795665205251443,0.6042701759097621,0.0
ETHUSDT,D,H,2024-12-16,False,1,2.2813594864844142,0.7561120630130673,0.24892811362732215,1.0
ETHUSDT,D,L,2024-04-13,True,0,3.540714456499517,1.3928540489218018,0.2823218219005665,1.0
ETHUSDT,D,H,2024-03-25,True,0,1.9140852945661568,1.7993696945051603,0.4845540607872448,1.0
ETHUSDT,D,H,2024-04-08,True,0,2.956166009761764,2.3975505916414397,0.4478291942111849,1.0
ETHUSDT,D,H,2024-04-08,True,1,2.956166009761764,2.3975505916414397,0.4478291942111849,1.0
ETHUSDT,D,L,2024-04-12,False,0,2.7757060794638586,1.0236955481091448,0.26943599241522276,0.0
ETHUSDT,D,H,2024-05-21,True,0,6.042924404071583,1.9814902946490052,0.2469326884320839,
ETHUSDT,D,L,2024-08-04,True,1,4.457688591267614,2.680955484146422,0.3755552813425467,0.0
ETHUSDT,D,L,2024-05-01,False,0,2.3988793039887932,1.0868669520451404,0.31180323299888524,1.0
ETHUSDT,D,H,2024-04-28,False,0,2.3751207197438204,2.8051117398891914,0.5415030622173888,1.0
ETHUSDT,D,L,2024-04-30,True,0,2.3263498696482876,0.9936282952631019,0.2992875994681796,0.0
ETHUSDT,D,H,2024-05-20,True,0,6.6849274503997655,0.5880248741486535,0.08085091829405938,0.0
ETHUSDT,D,L,2024-07-05,False,0,4.4941138963998535,1.5606616995902727,0.2577571496826152,1.0
ETHUSDT,D,H,2024-05-20,True,0,6.6849274503997655,0.5880248741486535,0.08085091829405938,0.0
ETHUSDT,D,L,2024-05-13,False,0,1.9001316156822063,0.9441331312567302,0.33194277441044406,1.0
ETHUSDT,D,L,2024-07-05,False,0,4.4941138963998535,1.5606616995902727,0.2577571496826152,1.0
ETHUSDT,D,L,2024-07-05,True,0,4.4941138963998535,1.5606616995902727,0.2577571496826152,1.0
ETHUSDT,D,H,2024-05-27,False,0,1.8805826611664067,1.0252247887690586,0.35281924436935,1.0
ETHUSDT,D,L,2024-06-11,True,0,3.341635005180971,3.8438558538905747,0.5349468713105076,0.0
ETHUSDT,D,H,2024-12-06,True,0,2.4349647964528467,0.47209296659926603,0.1623954544692696,1.0
ETHUSDT,D,L,2024-06-07,True,1,1.6825749167591544,1.2309338829871568,0.4224919049821776,0.0
ETHUSDT,D,L,2024-06-07,True,1,1.6825749167591544,1.2309338829871568,0.4224919049821776,0.0
ETHUSDT,D,H,2024-12-05,False,0,1.384490599523043,0.9350770894570468,0.4031255884014312,0.0
ETHUSDT,D,L,2024-06-11,True,0,3.341635005180971,3.8438558538905747,0.5349468713105076,0.0
ETHUSDT,D,L,2024-06-18,False,0,1.2086315715242761,3.0836712386728284,0.718418847651437,0.0
ETHUSDT,D,H,2024-11-27,True,0,3.3314130687071724,1.2581360749740305,0.2741306467338315,0.0
ETHUSDT,D,L,2024-06-24,False,0,1.963372974083684,2.2074641050009016,0.5292616477566645,0.0
ETHUSDT,D,H,2024-11-27,True,0,3.3314130687071724,1.2581360749740305,0.2741306467338315,0.0
ETHUSDT,D,L,2024-07-04,True,0,4.1399118315002,1.7916017277463607,0.3020479865469507,0.0
ETHUSDT,D,H,2024-07-01,False,0,1.8807673226393262,1.525880601951381,0.44791262135922316,1.0
ETHUSDT,D,L,2024-07-03,True,0,2.1207302981280325,0.755719898312919,0.2627265715387583,0.0
ETHUSDT,D,H,2024-07-19,False,0,4.227422494800466,0.762515465563347,0.15281061039639712,1.0
ETHUSDT,D,L,2024-08-04,True,1,4.457688591267614,2.680955484146422,0.3755552813425467,0.0
ETHUSDT,D,L,2024-08-04,True,1,4.457688591267614,2.680955484146422,0.3755552813425467,0.0
ETHUSDT,D,H,2024-07-14,True,0,2.698045443551513,1.7927339603612473,0.3992033006117514,0.0
ETHUSDT,D,H,2024-11-27,True,0,3.3314130687071724,1.2581360749740305,0.2741306467338315,0.0
ETHUSDT,D,L,2024-08-01,False,0,1.363465575199516,2.6680861083418077,0.6618012908613279,0.0
ETHUSDT,D,H,2024-11-12,False,0,5.615015772870662,1.9958990536277597,0.26224167516351243,0.0
ETHUSDT,D,L,2025-02-03,False,0,2.799206966647427,4.07323010515221,0.5926907824105521,0.0
ETHUSDT,D,H,2024-08-12,False,0,2.7533981209440492,3.050682852807285,0.5256099745340985,
ETHUSDT,D,L,2024-08-27,True,1,3.3676552363299352,3.187951807228917,0.486293913904008,
ETHUSDT,D,H,2024-08-23,False,0,1.8353624188078381,5.105972294073693,0.735589408273048,1.0
ETHUSDT,D,L,2024-08-27,True,1,3.3676552363299352,3.187951807228917,0.486293913904008,
ETHUSDT,D,H,2024-08-23,True,0,1.8353624188078381,5.105972294073693,0.735589408273048,1.0
ETHUSDT,D,L,2024-08-27,True,0,3.3676552363299352,3.187951807228917,0.486293913904008,
ETHUSDT,D,H,2024-11-07,True,0,4.337985154738603,4.020930326010207,0.48103493034122696,0.0
ETHUSDT,D,L,2024-09-04,False,1,0.9305508118903566,2.736623346551277,0.7462485358792466,1.0
ETHUSDT,D,L,2024-09-04,False,1,0.9305508118903566,2.736623346551277,0.7462485358792466,1.0
ETHUSDT,D,H,2024-09-20,False,0,2.6946135364927617,2.2574348632532892,0.45585880448362626,
ETHUSDT,D,L,2025-02-03,False,0,2.799206966647427,4.07323010515221,0.5926907824105521,0.0
ETHUSDT,D,H,2024-09-13,True,0,2.369125782543841,1.0387483996758218,0.3048083186566618,0.0
ETHUSDT,D,H,2024-09-19,True,0,1.8652222478767422,0.8730288488539697,0.3188271703410646,0.0
ETHUSDT,D,L,2025-02-03,False,0,2.799206966647427,4.07323010515221,0.5926907824105521,0.0
ETHUSDT,D,H,2024-09-27,False,0,3.8833353184927017,1.104258480287365,0.22140104524098564,
ETHUSDT,D,H,2024-10-20,True,0,4.65266358375982,0.8064215729192357,0.14772100998142498,0.0
ETHUSDT,D,L,2025-02-03,False,1,2.799206966647427,4.07323010515221,0.5926907824105521,0.0
ETHUSDT,D,H,2024-10-14,True,0,3.067875621125968,1.0120383177091312,0.2480538395861579,0.0
ETHUSDT,D,L,2025-02-03,False,1,2.799206966647427,4.07323010515221,0.5926907824105521,0.0
ETHUSDT,D,H,2024-10-20,True,0,4.65266358375982,0.8064215729192357,0.14772100998142498,0.0
ETHUSDT,D,H,2024-11-07,True,0,4.337985154738603,4.020930326010207,0.48103493034122696,0.0
ETHUSDT,D,L,2024-11-04,False,0,2.962575973102291,0.6149101254364397,0.171883302548012,1.0
ETHUSDT,D,H,2024-11-06,False,0,3.2034839072206776,0.41528423812943105,0.11475845410628073,0.0
ETHUSDT,D,L,2025-02-03,False,1,2.799206966647427,4.07323010515221,0.5926907824105521,0.0
ETHUSDT,D,H,2024-11-23,False,0,1.8822841938139483,0.8541103140068214,0.31212981591862066,0.0
ETHUSDT,D,L,2025-01-13,False,1,4.094864321511365,5.253013207129731,0.5619471576339066,0.0
ETHUSDT,D,H,2024-11-21,True,0,1.9113929604147968,0.5057812344201811,0.20924484280071143,0.0
ETHUSDT,D,L,2025-01-13,False,1,4.094864321511365,5.253013207129731,0.5619471576339066,0.0
ETHUSDT,D,L,2024-12-20,False,0,2.7605554715677165,1.9021661663391152,0.40795190321355473,0.0
ETHUSDT,D,H,2024-11-30,True,0,2.328468820214373,0.9608530700946627,0.29211281295561786,0.0
ETHUSDT,D,L,2024-12-09,False,0,1.8915168245915082,2.2798875873560656,0.5465515596680343,1.0
ETHUSDT,D,H,2024-12-16,False,1,2.2813594864844142,0.7561120630130673,0.24892811362732215,1.0
ETHUSDT,D,L,2024-12-19,True,0,3.042709267258946,0.7132234462090188,0.18989249824725382,0.0
ETHUSDT,D,H,2024-12-16,False,0,2.2813594864844142,0.7561120630130673,0.24892811362732215,1.0
ETHUSDT,D,H,2025-08-09,True,0,4.809968776438544,1.2315589396888265,0.20384892655565895,0.0
ETHUSDT,D,L,2025-01-13,False,0,4.094864321511365,5.253013207129731,0.5619471576339066,0.0
ETHUSDT,D,L,2025-01-08,False,0,2.9079315337471985,1.564549078720324,0.34981684981684985,0.0
ETHUSDT,D,H,2025-01-03,True,0,1.7680892377607935,2.904110720925428,0.6215724383812624,1.0
ETHUSDT,D,L,2024-12-30,False,0,0.8604208387179518,0.6689092983719556,0.43738711619506343,1.0
ETHUSDT,D,L,2025-01-08,False,0,2.9079315337471985,1.564549078720324,0.34981684981684985,0.0
ETHUSDT,D,H,2025-07-20,True,0,8.664271065537225,2.2115381185911707,0.20334469657840054,0.0
ETHUSDT,D,L,2025-01-13,True,0,4.094864321511365,5.253013207129731,0.5619471576339066,0.0
ETHUSDT,D,L,2025-02-02,True,0,2.9649796167805693,2.6713196550876095,0.4739492220401894,0.0
ETHUSDT,D,H,2025-07-18,True,0,7.877585309855322,1.3226094386184317,0.1437588523697113,0.0
ETHUSDT,D,L,2025-01-27,False,0,1.1501534197763046,1.2979181101323034,0.5301798147134849,1.0
ETHUSDT,D,L,2025-01-27,False,0,1.1501534197763046,1.2979181101323034,0.5301798147134849,1.0
ETHUSDT,D,H,2025-01-31,False,0,1.4403279449300028,1.161987263773945,0.4465205674883094,1.0
ETHUSDT,D,L,2025-02-02,True,0,2.9649796167805693,2.6713196550876095,0.4739492220401894,0.0
ETHUSDT,D,H,2025-07-17,True,0,7.9151782073240335,0.3439768371258448,0.04164794525282534,0.0
ETHUSDT,D,L,2025-02-28,False,1,3.7592213467295186,1.0202061039810086,0.21345780734245504,0.0
ETHUSDT,D,L,2025-02-24,True,0,6.447016847969621,3.014356403573901,0.3185960772747382,0.0
ETHUSDT,D,H,2025-02-17,False,0,0.9594618117774749,3.313318520187177,0.7754478963966986,1.0
ETHUSDT,D,L,2025-02-24,True,0,6.447016847969621,3.014356403573901,0.3185960772747382,0.0
ETHUSDT,D,H,2025-02-23,False,0,1.3786418088596994,4.179967816291914,0.7519808186166524,1.0
ETHUSDT,D,L,2025-02-24,True,1,6.447016847969621,3.014356403573901,0.3185960772747382,0.0
ETHUSDT,D,L,2025-02-24,True,1,6.447016847969621,3.014356403573901,0.3185960772747382,0.0
ETHUSDT,D,H,2025-06-11,False,0,2.9859656209571344,5.090096237301641,0.6302695950869156,1.0
ETHUSDT,D,L,2025-03-04,False,1,1.7676184265685404,1.1261353579579874,0.3891607378553266,0.0
ETHUSDT,D,H,2025-05-10,True,0,7.680823561997968,2.5758471055304244,0.25113871635610785,0.0
ETHUSDT,D,L,2025-03-10,True,0,1.9679083519936655,0.38602145216563005,0.1639902139322703,0.0
ETHUSDT,D,H,2025-05-09,True,0,6.406609737504717,2.2174652919480375,0.25712499999999977,0.0
ETHUSDT,D,L,2025-04-03,False,0,3.0288476719620476,0.8523633739070297,0.2196127352606174,0.0
ETHUSDT,D,H,2025-03-19,True,0,1.4378084179970982,1.9142235123367182,0.5710636271135066,1.0
ETHUSDT,D,L,2025-03-28,False,0,2.631793723592502,1.8140189953414476,0.40802865753113116,0.0
ETHUSDT,D,H,2025-03-24,True,0,2.0022798153093437,2.1390046941141057,0.5165075447598017,1.0
ETHUSDT,D,H,2025-05-08,True,0,6.654686296149761,1.6391104262540837,0.1976308898223165,0.0
ETHUSDT,D,L,2025-04-03,False,1,3.0288476719620476,0.8523633739070297,0.2196127352606174,0.0
ETHUSDT,D,H,2025-05-08,True,0,6.654686296149761,1.6391104262540837,0.1976308898223165,0.0
ETHUSDT,D,L,2025-04-06,True,1,3.926207311011035,0.6801451221593233,0.14765373080478952,0.0
ETHUSDT,D,H,2025-04-14,False,0,1.5962791585173877,2.236941277488909,0.583567085387738,0.0
ETHUSDT,D,H,2025-04-22,True,0,3.43439825176441,1.8707705308747127,0.3526316706448074,0.0
ETHUSDT,D,L,2025-04-22,False,0,1.8707705308747127,3.43439825176441,0.6473683293551927,1.0
ETHUSDT,D,L,2026-06-06,False,0,6.115652167457332,1.918676733706021,0.23880983182406196,
ETHUSDT,D,H,2025-04-26,False,0,3.1743001026277478,1.5366953865247386,0.32619334704588987,0.0
ETHUSDT,D,H,2025-05-01,False,0,3.6347125330767387,1.4527303343757514,0.2855521668203418,0.0
ETHUSDT,D,L,2026-06-04,False,1,4.747812223516739,2.880278914127036,0.3775884244372989,0.0
ETHUSDT,D,H,2025-05-08,True,0,6.654686296149761,1.6391104262540837,0.1976308898223165,0.0
ETHUSDT,D,L,2026-02-06,False,1,4.636635462350876,1.5665622777240293,0.25254108338405357,
ETHUSDT,D,H,2025-05-29,False,1,1.1591770983656084,1.5478068261905547,0.5717827919662777,1.0
ETHUSDT,D,L,2025-06-21,True,0,2.835270747498528,4.006989405532668,0.5856236559139786,1.0
ETHUSDT,D,H,2025-05-29,False,1,1.1591770983656084,1.5478068261905547,0.5717827919662777,1.0
ETHUSDT,D,L,2025-06-05,True,1,3.0691529060546676,0.8185931523463021,0.21055725864023886,1.0
ETHUSDT,D,H,2025-06-10,True,0,3.2760539348510767,0.33923368728303144,0.09383311170212826,0.0
ETHUSDT,D,L,2025-06-05,True,1,3.0691529060546676,0.8185931523463021,0.21055725864023886,1.0
ETHUSDT,D,H,2025-06-09,False,0,2.432600207696368,0.8914931512412484,0.26819136978937635,0.0
ETHUSDT,D,L,2025-06-20,False,0,2.0798701474367642,0.7029352089814703,0.25259948826827844,0.0
ETHUSDT,D,H,2025-07-10,True,0,5.144090439341615,4.285521639402112,0.45447486106693125,0.0
ETHUSDT,D,L,2025-06-20,True,1,2.0798701474367642,0.7029352089814703,0.25259948826827844,0.0
ETHUSDT,D,H,2025-07-09,True,0,3.8391135415167614,1.0677795366239764,0.21760807085459602,0.0
ETHUSDT,D,L,2025-06-20,True,1,2.0798701474367642,0.7029352089814703,0.25259948826827844,0.0
ETHUSDT,D,H,2025-07-02,True,0,3.5487560070563893,0.8565108472645436,0.19442882249560653,0.0
ETHUSDT,D,L,2026-02-03,False,0,4.12491345090718,2.447379964111581,0.3723783783783784,0.0
ETHUSDT,D,H,2025-06-29,False,0,0.9083093187282077,0.5149686616036976,0.36181875130507396,1.0
ETHUSDT,D,L,2025-07-02,False,0,0.8565108472645436,3.5487560070563893,0.8055711775043934,1.0
ETHUSDT,D,H,2025-07-02,True,0,3.5487560070563893,0.8565108472645436,0.19442882249560653,0.0
ETHUSDT,D,L,2026-01-31,False,0,4.150159282505845,2.368707842482315,0.3633618843683084,0.0
ETHUSDT,D,H,2025-07-09,True,0,3.8391135415167614,1.0677795366239764,0.21760807085459602,0.0
ETHUSDT,D,H,2025-07-14,False,0,5.124632382163581,3.371194658612191,0.3968059427801581,0.0
ETHUSDT,D,H,2025-07-27,True,0,1.9356004587571298,1.2598014064527814,0.394254450486785,1.0
ETHUSDT,D,L,2025-08-01,True,0,2.4842466181386484,6.117209222406199,0.7111830062036002,1.0
ETHUSDT,D,H,2025-08-08,True,0,3.5044638424939487,0.5396170794479938,0.13343379864636165,0.0
ETHUSDT,D,L,2025-11-04,True,0,3.3978577246392394,4.9363387684221856,0.5922993023420913,
ETHUSDT,D,H,2025-08-07,True,0,2.981161617130687,0.1741236065007572,0.05518474374255044,0.0
ETHUSDT,D,L,2025-08-18,True,0,2.0308242972944544,4.035035266870195,0.6652042013481521,1.0
ETHUSDT,D,L,2025-09-22,False,0,3.0569919758589976,5.783896852067752,0.6542211947963287,1.0
ETHUSDT,D,L,2025-08-29,False,0,2.155146892539218,1.0744793486975996,0.3326946427974641,0.0
ETHUSDT,D,L,2025-09-22,True,0,3.0569919758589976,5.783896852067752,0.6542211947963287,1.0
ETHUSDT,D,H,2025-09-12,True,0,2.908252920264094,1.462569832402236,0.3346211720688115,1.0
ETHUSDT,D,L,2025-09-22,True,1,3.0569919758589976,5.783896852067752,0.6542211947963287,1.0
ETHUSDT,D,L,2025-09-22,True,0,3.0569919758589976,5.783896852067752,0.6542211947963287,1.0
ETHUSDT,D,H,2025-10-06,True,0,4.60050946948721,0.4575219312483515,0.09045454545454516,1.0
ETHUSDT,D,L,2025-09-25,True,0,4.556682542233805,3.0768118026241194,0.4030672800192381,1.0
ETHUSDT,D,L,2025-10-10,True,0,5.086270406516083,2.540276248896286,0.3330834208027188,0.0
ETHUSDT,D,L,2025-11-04,True,0,3.3978577246392394,4.9363387684221856,0.5922993023420913,
ETHUSDT,D,L,2025-11-03,True,1,3.7596395459665537,1.1677208791843579,0.23698710433763198,0.0
ETHUSDT,D,H,2025-10-26,True,0,1.90012122966689,0.576968775821617,0.23292200709026434,1.0
ETHUSDT,D,L,2025-10-30,False,0,2.2857267195172364,0.669166551826682,0.22646048109965666,0.0
ETHUSDT,D,L,2025-11-03,True,1,3.7596395459665537,1.1677208791843579,0.23698710433763198,0.0
ETHUSDT,D,L,2025-11-16,False,0,2.2058408558169673,2.841719121496841,0.5629886785434765,
ETHUSDT,D,L,2026-01-31,True,0,4.150159282505845,2.368707842482315,0.3633618843683084,0.0
ETHUSDT,D,H,2025-12-03,True,0,2.755026685911852,2.766364002551105,0.5010266721989934,
ETHUSDT,D,L,2026-01-30,True,0,2.517425747820789,0.6354767771507288,0.20155294117647024,0.0
ETHUSDT,D,H,2025-12-09,True,0,2.5721038926353734,2.1282143731499428,0.4527809081869409,1.0
ETHUSDT,D,L,2025-12-15,False,0,2.5570033928564677,1.2983330748660062,0.3367625849872947,
ETHUSDT,D,H,2026-01-05,True,0,3.6036037507759713,2.5433234227464316,0.41375525542285196,1.0
ETHUSDT,D,L,2026-01-29,False,1,4.38918311667469,0.8259508907077501,0.15837577510732234,0.0
ETHUSDT,D,H,2026-01-02,True,0,2.386650831353922,0.588709422011087,0.19786156024141313,0.0
ETHUSDT,D,L,2026-01-21,False,0,3.104094156438909,1.6644875435061366,0.34905295709315803,0.0
ETHUSDT,D,H,2025-12-29,False,0,0.3911537856130951,1.1139619077601142,0.7401171303074677,0.0
ETHUSDT,D,H,2026-01-02,True,0,2.386650831353922,0.588709422011087,0.19786156024141313,0.0
ETHUSDT,D,L,2026-01-21,False,0,3.104094156438909,1.6644875435061366,0.34905295709315803,0.0
ETHUSDT,D,H,2026-01-13,True,0,2.875147089883236,1.282337145098511,0.30844065127384446,1.0
ETHUSDT,D,L,2026-01-20,True,0,3.797152306177578,0.262073666405795,0.06456247279059608,0.0
ETHUSDT,D,L,2026-01-20,True,1,3.797152306177578,0.262073666405795,0.06456247279059608,0.0
ETHUSDT,D,L,2026-01-19,True,0,1.8869918851552658,1.1077418992110066,0.36989661818819075,0.0
ETHUSDT,D,L,2026-01-25,True,0,4.246656418139892,0.32682551883166766,0.07146098384901088,0.0
ETHUSDT,D,L,2026-01-29,False,1,4.38918311667469,0.8259508907077501,0.15837577510732234,0.0
ETHUSDT,D,L,2026-06-04,False,1,4.747812223516739,2.880278914127036,0.3775884244372989,0.0
ETHUSDT,D,H,2026-03-04,False,1,2.372671961358042,7.469625191584226,0.7589310783358382,
ETHUSDT,D,L,2026-02-23,True,1,1.3918953180460876,1.1777424080229875,0.4583301358299439,1.0
ETHUSDT,D,H,2026-02-25,False,0,3.3622241372850232,1.0019108996215667,0.22957834511274577,0.0
ETHUSDT,D,H,2026-02-25,True,0,3.3622241372850232,1.0019108996215667,0.22957834511274577,0.0
ETHUSDT,D,L,2026-02-23,True,1,1.3918953180460876,1.1777424080229875,0.4583301358299439,1.0
ETHUSDT,D,H,2026-02-25,True,0,3.3622241372850232,1.0019108996215667,0.22957834511274577,0.0
ETHUSDT,D,L,2026-06-03,False,0,4.534699633355271,1.006073140923194,0.18157632191553058,0.0
ETHUSDT,D,H,2026-03-04,False,1,2.372671961358042,7.469625191584226,0.7589310783358382,
ETHUSDT,D,L,2026-06-03,True,0,4.534699633355271,1.006073140923194,0.18157632191553058,0.0
ETHUSDT,D,H,2026-03-13,False,0,1.4578869190495836,7.543169226077183,0.8380315714574346,
ETHUSDT,D,L,2026-06-02,True,0,4.400970361776187,0.36768273388883194,0.07710410602588744,0.0
ETHUSDT,D,H,2026-03-16,True,0,3.893306838135589,6.065625605359035,0.609063836889588,
ETHUSDT,D,H,2026-04-13,False,0,3.418319261731792,6.638523463577458,0.6601001571667038,1.0
ETHUSDT,D,L,2026-03-27,True,0,1.7621473496143047,0.7178555476417529,0.28945754395529444,1.0
ETHUSDT,D,H,2026-04-07,True,0,2.435863342861009,1.6345353068097708,0.40156639373442565,0.0
ETHUSDT,D,L,2026-06-02,True,0,4.400970361776187,0.36768273388883194,0.07710410602588744,0.0
ETHUSDT,D,H,2026-04-06,False,0,1.7649726081365338,0.9779155423737654,0.3565276776567902,0.0
ETHUSDT,D,L,2026-05-23,False,0,0.5408326122488207,2.4266128256898436,0.8177447155946664,0.0
ETHUSDT,D,H,2026-04-11,True,0,2.7132949508930535,1.050623591948525,0.2791302680943128,0.0
ETHUSDT,D,L,2026-05-16,False,0,2.8004154508135963,2.2025817300558885,0.440252442771334,0.0
ETHUSDT,D,H,2026-04-17,True,0,2.3215670326691056,5.95279924088383,0.7194266055045874,1.0
ETHUSDT,D,L,2026-04-19,True,0,1.7333570731288057,0.7667135322973763,0.3066767517018489,0.0
ETHUSDT,D,H,2026-08-21,True,0,9.169717482903913,7.308558402984046,0.4435268867687253,
ETHUSDT,D,L,2026-04-29,False,0,1.7908602015219015,0.9222689251885607,0.3399281354171179,1.0
ETHUSDT,D,H,2026-08-21,True,1,9.169717482903913,7.308558402984046,0.4435268867687253,
ETHUSDT,D,H,2026-05-06,False,0,1.7596980378221072,0.9856030119382662,0.35901454670127914,1.0
ETHUSDT,D,L,2026-05-15,False,0,2.2516696315120766,0.7209555273189312,0.24253159708923702,0.0
ETHUSDT,D,H,2026-08-21,True,1,9.169717482903913,7.308558402984046,0.4435268867687253,
ETHUSDT,D,L,2026-05-12,False,0,1.5836746635459371,0.8014921006436511,0.33603189205765044,0.0
ETHUSDT,D,H,2026-08-21,True,0,9.169717482903913,7.308558402984046,0.4435268867687253,
ETHUSDT,D,L,2026-05-22,True,0,4.381264627751506,0.6134323494267426,0.12281672986962683,0.0
ETHUSDT,D,H,2026-08-19,True,0,10.250553796019982,3.324753309045645,0.24491183023071447,0.0
ETHUSDT,D,L,2026-05-28,False,0,1.8607690374465962,0.9095250062829882,0.32831352626326815,0.0
ETHUSDT,D,L,2026-06-01,False,0,2.1932190729136427,1.0088807735402763,0.3150684931506851,0.0
ETHUSDT,D,L,2026-06-24,False,0,2.2161635049411386,1.659941088357411,0.42824981844589693,1.0
ETHUSDT,D,H,2026-07-14,True,0,2.414389544704302,3.592868932366825,0.598087954110899,0.0
ETHUSDT,D,L,2026-06-23,True,0,2.6179573674011323,0.9237063087633695,0.2608114132857785,0.0
ETHUSDT,D,H,2026-07-04,True,0,3.2358479220712293,0.8278729362447803,0.2037228847918082,0.0
ETHUSDT,D,H,2026-07-13,False,0,0.8687204022848208,0.9948933261729234,0.5338516834152425,0.0
ETHUSDT,D,H,2026-07-21,False,0,1.9287638496632613,3.462893764935911,0.6422688554182887,0.0
ETHUSDT,D,H,2026-07-26,False,0,1.6797814816879402,3.1717932995150226,0.6537657240292124,1.0
ETHUSDT,D,L,2026-08-01,True,0,1.495698825270555,0.6751688095458332,0.3110133472522561,1.0
ETHUSDT,D,H,2026-08-19,True,0,10.250553796019982,3.324753309045645,0.24491183023071447,0.0
ETHUSDT,D,L,2026-07-31,False,0,1.9954983770464596,0.25723221266614515,0.11418685121107267,0.0
ETHUSDT,D,H,2026-08-07,False,0,1.5088823611693942,1.124889261901432,0.4271020509325238,0.0
ETHUSDT,D,H,2026-08-19,True,0,10.250553796019982,3.324753309045645,0.24491183023071447,0.0
ETHUSDT,D,H,2026-08-27,False,0,5.860846533897008,4.77107421178628,0.44874997904056085,
ETHUSDT,D,H,2026-09-11,False,0,1.7614795518031443,5.81700197733907,0.7675682727430859,
ETHUSDT,D,H,2026-09-11,False,1,1.7614795518031443,5.81700197733907,0.7675682727430859,
ETHUSDT,D,H,2026-09-11,False,1,1.7614795518031443,5.81700197733907,0.7675682727430859,
ETHUSDT,D,L,2026-09-15,True,0,2.7586080532387376,0.43126016915612697,0.135196860524962,1.0
ETHUSDT,D,H,2026-09-19,False,0,2.7071872227151745,4.075815833579807,0.6008866279069766,
ETHUSDT,D,H,2026-09-18,False,0,2.6857638888888906,0.579634661835748,0.17750809061488643,0.0
ETHUSDT,D,H,2026-10-02,False,0,0.3555447025426593,1.4901254540459683,0.8073628154665423,1.0
BTCUSDT,W,H,2020-06-01,False,0,3.662495646730293,0.47624749219616297,0.11507056036333202,0.0
BTCUSDT,W,L,2021-05-10,True,0,1.8863011711383213,3.722492974172049,0.6636886428225403,1.0
BTCUSDT,W,H,2021-10-11,True,0,3.15523222883759,0.48822316256723364,0.13400003845772,0.0
BTCUSDT,W,L,2022-05-09,False,1,3.119993661190639,3.97788653531245,0.5604330342560916,
BTCUSDT,W,H,2021-07-26,False,0,1.357911119820982,2.430378899239846,0.6415503794618059,0.0
BTCUSDT,W,L,2022-05-09,False,1,3.119993661190639,3.97788653531245,0.5604330342560916,
BTCUSDT,W,L,2022-05-09,False,1,3.119993661190639,3.97788653531245,0.5604330342560916,
BTCUSDT,W,H,2021-10-04,True,0,2.313403186006528,0.7541644271135137,0.24585095496768805,0.0
BTCUSDT,W,L,2022-01-17,True,0,2.097434254961787,0.9215541611755496,0.30525263238824807,0.0
BTCUSDT,W,L,2022-01-03,False,0,3.395694157502,0.29150281605171646,0.07905810786418778,0.0
BTCUSDT,W,H,2024-02-12,True,0,3.272848572575196,4.087261052552144,0.555326110714204,0.0
BTCUSDT,W,L,2022-05-09,True,0,3.119993661190639,3.97788653531245,0.5604330342560916,
BTCUSDT,W,H,2022-03-21,True,1,2.0098264379787394,0.8531217159141197,0.2979871342602197,1.0
BTCUSDT,W,L,2022-05-02,True,0,2.6324070123377488,0.21890337166332302,0.07677290164255957,0.0
BTCUSDT,W,H,2022-03-21,True,1,2.0098264379787394,0.8531217159141197,0.2979871342602197,1.0
BTCUSDT,W,H,2024-01-08,False,0,4.789170705755982,2.956215391925341,0.381674374220069,0.0
BTCUSDT,W,L,2022-06-06,True,0,4.442690541390856,3.440777610405687,0.43645481203873154,
BTCUSDT,W,H,2023-10-23,True,0,4.762503616821571,6.753738558493708,0.5864533287577214,0.0
BTCUSDT,W,L,2022-11-07,True,1,2.9816831893106803,2.974293832307396,0.49937966877839995,1.0
BTCUSDT,W,H,2023-02-13,False,0,4.111756406470454,4.16570601510064,0.5032588253429936,
BTCUSDT,W,H,2023-01-16,False,0,3.57167155724729,1.3723322766536652,0.2775750834260291,0.0
BTCUSDT,W,L,2022-10-10,False,0,1.327068580340583,0.6117697268588774,0.3155341652716483,0.0
BTCUSDT,W,H,2022-10-24,True,0,1.0856899753364646,0.8992014533663721,0.45302299176837946,1.0
BTCUSDT,W,L,2022-11-07,True,1,2.9816831893106803,2.974293832307396,0.49937966877839995,1.0
BTCUSDT,W,H,2023-01-09,False,0,2.8996609117705727,1.220815141508388,0.2962801204819276,0.0
BTCUSDT,W,H,2023-01-09,True,0,2.8996609117705727,1.220815141508388,0.2962801204819276,0.0
BTCUSDT,W,L,2023-03-06,False,0,1.691021269103204,2.9058359774480675,0.6321353528278761,1.0
BTCUSDT,W,H,2023-03-13,True,0,5.567134770597477,2.119508694003575,0.27573917064899023,
BTCUSDT,W,H,2023-06-19,False,0,4.0720638297872345,0.7333244680851063,0.15260462269194708,0.0
BTCUSDT,W,L,2023-06-05,False,0,1.867791164658634,2.317300168415599,0.5537036073985475,1.0
BTCUSDT,W,H,2023-06-19,True,0,4.0720638297872345,0.7333244680851063,0.15260462269194708,0.0
BTCUSDT,W,L,2023-08-14,False,0,2.7342801283198623,3.2066266470239992,0.5397537393335714,1.0
BTCUSDT,W,H,2023-10-23,True,0,4.762503616821571,6.753738558493708,0.5864533287577214,0.0
BTCUSDT,W,H,2023-10-16,False,0,2.6718898705814462,0.9801563214256271,0.268385521401896,0.0
BTCUSDT,W,H,2023-11-27,True,0,5.8176055950217505,3.1687923343796474,0.3526209677419356,0.0
BTCUSDT,W,H,2024-01-01,False,0,5.787491500311747,1.3026714547338645,0.18372940974605348,0.0
BTCUSDT,W,H,2024-02-12,True,0,3.272848572575196,4.087261052552144,0.555326110714204,0.0
BTCUSDT,W,H,2024-10-28,False,1,1.3803248599431377,0.7164253409949728,0.34168368777283803,0.0
BTCUSDT,W,L,2024-07-01,True,0,2.610692729766804,2.766376314586192,0.5144766213280157,1.0
BTCUSDT,W,H,2024-10-28,False,1,1.3803248599431377,0.7164253409949728,0.34168368777283803,0.0
BTCUSDT,W,L,2024-08-05,False,0,2.0021753460777854,2.9990579879643606,0.5996636804666805,1.0
BTCUSDT,W,H,2024-10-28,False,0,1.3803248599431377,0.7164253409949728,0.34168368777283803,0.0
BTCUSDT,W,H,2024-09-23,True,0,1.6903779077294099,0.5842330696079621,0.2568496659116001,0.0
BTCUSDT,W,H,2024-10-14,True,0,2.2314344965012287,0.14339365432441958,0.06038064450034686,0.0
BTCUSDT,W,L,2026-06-22,False,0,3.6742376412652327,1.111086558494854,0.2321862661991759,1.0
BTCUSDT,W,L,2025-02-24,False,0,1.4970321079962967,3.351631832285298,0.6912485322896281,1.0
BTCUSDT,W,L,2025-02-24,False,0,1.4970321079962967,3.351631832285298,0.6912485322896281,1.0
BTCUSDT,W,L,2025-04-07,False,0,0.4822120876724394,2.3749014707098826,0.8312240385903792,1.0
BTCUSDT,W,H,2025-04-21,True,0,1.894868279341077,1.6055970640105626,0.4586810342402159,0.0
BTCUSDT,W,L,2026-02-02,True,0,3.0104716521749952,1.2401805897169036,0.2917624211866644,0.0
BTCUSDT,W,L,2025-11-10,True,0,2.3318442615865345,2.079933311234035,0.47145017555911756,0.0
BTCUSDT,W,L,2025-11-03,False,0,2.334267203506541,0.7104494111508601,0.23333843541652616,0.0
BTCUSDT,W,L,2026-01-26,True,0,2.3976161526210342,0.2825110315734192,0.10540956162061074,0.0
BTCUSDT,W,H,2026-01-05,False,0,0.9473931631744303,2.3232174710170104,0.7103314123453756,1.0
BTCUSDT,W,L,2026-06-01,False,1,3.103184187110716,0.6988845811618153,0.18381692277474332,0.0
BTCUSDT,W,L,2026-06-01,False,0,3.103184187110716,0.6988845811618153,0.18381692277474332,0.0
BTCUSDT,W,H,2026-04-13,False,0,1.0631319074951848,2.9071550182367334,0.7322279403523971,1.0
BTCUSDT,W,L,2026-06-01,True,0,3.103184187110716,0.6988845811618153,0.18381692277474332,0.0
BTCUSDT,W,H,2026-09-21,True,1,4.781234076004987,2.419663685225351,0.3360225023958582,
BTCUSDT,W,L,2026-06-22,False,1,3.6742376412652327,1.111086558494854,0.2321862661991759,1.0
BTCUSDT,W,H,2026-08-17,True,0,3.7645085677335945,0.963659877141932,0.2038125097227371,0.0
BTCUSDT,W,H,2026-09-21,True,1,4.781234076004987,2.419663685225351,0.3360225023958582,
BTCUSDT,D,L,2020-03-09,False,0,2.9553360995850624,2.4833095435684642,0.4566044023652459,0.0
BTCUSDT,D,L,2020-01-23,True,0,2.213422242709878,2.0573672121505955,0.48172995505764393,1.0
BTCUSDT,D,H,2020-01-27,True,0,1.9395756956048267,0.8487043918497605,0.3043827611395168,0.0
BTCUSDT,D,L,2020-03-08,True,0,5.0531649076252645,0.9401391316392345,0.15686491549235815,0.0
BTCUSDT,D,L,2020-02-26,True,0,2.77385967179222,1.2328918464917924,0.3077035950110048,0.0
BTCUSDT,D,L,2020-02-16,False,0,1.598969736946643,2.1130074405834227,0.5692404181184674,0.0
BTCUSDT,D,H,2020-06-01,False,0,3.7035076413183585,0.7077886208801336,0.16044912397867095,
BTCUSDT,D,L,2020-02-25,False,0,1.5081731711033224,0.4810308425657879,0.2418207681365577,0.0
BTCUSDT,D,H,2020-05-07,False,0,3.1020637185547635,0.6145000286585678,0.1653409090909091,1.0
BTCUSDT,D,L,2020-03-08,True,0,5.0531649076252645,0.9401391316392345,0.15686491549235815,0.0
BTCUSDT,D,H,2020-03-05,True,0,1.7580060921972993,2.570795865295602,0.5938816075532644,1.0
BTCUSDT,D,H,2020-04-30,False,0,4.840629055848751,3.572892240045835,0.4246607471938347,0.0
BTCUSDT,D,H,2020-03-25,False,0,0.9388211187869949,2.3676974865620055,0.7160696095076401,0.0
BTCUSDT,D,H,2020-04-02,False,0,1.5000950160389355,3.843106330344027,0.7192516398330352,0.0
BTCUSDT,D,H,2020-04-06,True,0,2.9926820577149824,3.8090063416372395,0.5600089445438284,0.0
BTCUSDT,D,H,2020-04-23,True,0,2.248452303440927,5.176343933523719,0.6971698304329327,0.0
BTCUSDT,D,L,2020-04-13,False,0,1.4583162650249883,2.3033438279046363,0.6123210952084629,1.0
BTCUSDT,D,L,2020-04-16,False,0,0.9357079132590451,3.254573866334891,0.7766957062850028,1.0
BTCUSDT,D,H,2020-04-23,True,0,2.248452303440927,5.176343933523719,0.6971698304329327,0.0
BTCUSDT,D,H,2020-04-29,True,0,6.357442789555132,1.302992546346998,0.17009379874799913,0.0
BTCUSDT,D,H,2020-05-07,True,0,3.1020637185547635,0.6145000286585678,0.1653409090909091,1.0
BTCUSDT,D,H,2020-05-06,False,0,1.3437634965880634,0.7158590308370043,0.34756807196703593,0.0
BTCUSDT,D,L,2020-05-10,False,0,2.68037444729339,3.908014984646649,0.5931669681972461,1.0
BTCUSDT,D,H,2020-06-01,True,0,3.7035076413183585,0.7077886208801336,0.16044912397867095,
BTCUSDT,D,H,2020-05-18,False,0,2.742333073048245,0.5341968673924021,0.1630373831775699,0.0
BTCUSDT,D,H,2020-06-01,True,0,3.7035076413183585,0.7077886208801336,0.16044912397867095,
BTCUSDT,D,L,2020-05-24,True,0,1.9559814014756496,1.2096411237523244,0.3821179291315573,1.0
BTCUSDT,D,L,2020-06-11,False,0,2.766199018246229,1.4852874684592596,0.349357212613469,
BTCUSDT,D,L,2020-06-11,True,0,2.766199018246229,1.4852874684592596,0.349357212613469,
BTCUSDT,D,H,2020-07-26,False,0,5.241404966623059,3.2628063384844306,0.3836694810869578,0.0
BTCUSDT,D,L,2020-06-15,False,0,1.3311520231278633,1.7897874343085753,0.5734771400463882,
BTCUSDT,D,L,2020-06-27,False,0,2.695060441952733,1.3171208985817817,0.3282805005035767,1.0
BTCUSDT,D,H,2020-06-22,True,0,1.645088165178299,1.0368666187928133,0.38660853829069686,1.0
BTCUSDT,D,L,2020-06-25,False,0,1.6293722177760888,1.064909535929827,0.3952480227671331,0.0
BTCUSDT,D,H,2020-07-26,True,0,5.241404966623059,3.2628063384844306,0.3836694810869578,0.0
BTCUSDT,D,H,2020-07-06,True,0,1.9608987452582458,1.706791453728217,0.46535867565910427,0.0
BTCUSDT,D,L,2020-07-05,False,0,0.8527523378000558,0.98509592210547,0.536005035669326,1.0
BTCUSDT,D,H,2020-07-22,True,0,2.854620815382365,1.665892732760623,0.3685184692002452,0.0
BTCUSDT,D,L,2020-07-14,False,0,0.46956835448410444,1.7537385226999413,0.7887973273942095,1.0
BTCUSDT,D,H,2020-07-21,True,0,2.1716834192381738,0.5176206388073418,0.19247382506220917,0.0
BTCUSDT,D,L,2020-09-03,True,0,5.402834895098431,3.08711714645216,0.36362009247443683,
BTCUSDT,D,H,2020-08-10,False,0,2.1500760848919636,0.3933097692128007,0.1546402283310804,0.0
BTCUSDT,D,L,2020-09-03,True,1,5.402834895098431,3.08711714645216,0.36362009247443683,
BTCUSDT,D,L,2020-08-25,True,0,2.855877506060138,0.48766133537049094,0.14585185293131844,0.0
BTCUSDT,D,H,2020-09-01,True,0,2.3857077143246586,1.697168461223934,0.4156796307925981,1.0
BTCUSDT,D,L,2020-09-03,True,1,5.402834895098431,3.08711714645216,0.36362009247443683,
BTCUSDT,D,H,2020-09-13,False,0,0.9152227106444012,3.266149112629915,0.7811190323830814,0.0
BTCUSDT,D,H,2020-09-19,False,0,3.164983004309488,2.5369867338173853,0.44493163772047634,0.0
BTCUSDT,D,H,2020-10-10,True,0,3.0468723112534684,2.9775130586347944,0.4942434581820286,0.0
BTCUSDT,D,H,2020-09-28,False,0,1.5745762575517497,1.3670973139515212,0.4647345399553966,0.0
BTCUSDT,D,H,2020-10-09,True,0,2.150545651153193,0.5040820682099538,0.1898880451421206,0.0
BTCUSDT,D,H,2020-10-08,False,0,1.5362187350688008,0.39289529771139625,0.20366618615342513,0.0
BTCUSDT,D,H,2020-10-08,True,0,1.5362187350688008,0.39289529771139625,0.20366618615342513,0.0
BTCUSDT,D,H,2020-10-19,True,0,1.9138572377619871,1.0612506265604047,0.3567099664812033,0.0
BTCUSDT,D,H,2020-10-19,True,0,1.9138572377619871,1.0612506265604047,0.3567099664812033,0.0
BTCUSDT,D,L,2022-11-09,True,0,6.443976062950471,3.1359518614031594,0.3273460809064225,
BTCUSDT,D,L,2020-12-08,True,0,1.399485244447811,1.8284254025879478,0.5664423841059603,1.0
BTCUSDT,D,L,2022-11-08,False,0,4.364162707838479,3.49317102137767,0.44457460275473754,0.0
BTCUSDT,D,L,2022-06-13,False,0,5.840758336321262,3.0849318752240946,0.3456239015817223,
BTCUSDT,D,L,2022-05-11,False,0,5.373602133273764,3.4960908595920532,0.39416142840615487,0.0
BTCUSDT,D,L,2021-01-21,False,0,1.6944082235896978,0.7370010431264328,0.3031168192107077,1.0
BTCUSDT,D,H,2021-02-06,False,0,3.5582544301846477,1.0223679603236657,0.22319411493995975,0.0
BTCUSDT,D,L,2021-01-20,False,0,1.1103010988438577,1.19615582226242,0.5186118202843742,0.0
BTCUSDT,D,H,2021-01-29,False,0,1.5285085672233425,1.7992050380874032,0.5406730420598774,0.0
BTCUSDT,D,L,2021-05-19,False,1,5.162832964289666,1.998407350020241,0.27905883091605443,
BTCUSDT,D,H,2021-01-29,False,0,1.5285085672233425,1.7992050380874032,0.5406730420598774,0.0
BTCUSDT,D,L,2021-05-19,False,1,5.162832964289666,1.998407350020241,0.27905883091605443,
BTCUSDT,D,H,2021-02-04,False,0,2.3818858229035005,0.9889856739875607,0.29339168666017007,0.0
BTCUSDT,D,L,2021-02-23,False,0,2.426600886793103,5.007238571322177,0.6735736760976104,1.0
BTCUSDT,D,L,2021-02-26,False,0,2.718443628184877,3.8171151649412294,0.5840533741286131,1.0
BTCUSDT,D,L,2021-05-17,False,0,3.6979808416468174,3.293046489454992,0.47103899519957915,0.0
BTCUSDT,D,H,2021-03-09,True,0,2.0505030992055824,0.8476869838135374,0.2924884012198675,0.0
BTCUSDT,D,L,2021-05-13,False,0,2.604976539470393,1.7563247833027553,0.4027065899188984,0.0
BTCUSDT,D,L,2021-03-23,False,0,1.560716506447215,2.0639262474784776,0.569415081042988,1.0
BTCUSDT,D,H,2021-04-10,False,1,1.779348401977638,0.8769969917734515,0.3301517166542198,0.0
BTCUSDT,D,L,2021-04-18,False,0,3.371884688446381,3.743143979893637,0.5260897958921277,0.0
BTCUSDT,D,H,2021-04-10,False,1,1.779348401977638,0.8769969917734515,0.3301517166542198,0.0
BTCUSDT,D,L,2021-04-07,True,0,1.5656024602135425,1.9897160867815613,0.5596449545887348,1.0
BTCUSDT,D,H,2021-04-10,True,0,1.779348401977638,0.8769969917734515,0.3301517166542198,0.0
BTCUSDT,D,L,2021-04-18,False,0,3.371884688446381,3.743143979893637,0.5260897958921277,0.0
BTCUSDT,D,L,2021-04-23,False,0,3.888723237446726,1.347139861220112,0.2572908870675252,0.0
BTCUSDT,D,L,2021-05-13,False,0,2.604976539470393,1.7563247833027553,0.4027065899188984,0.0
BTCUSDT,D,L,2021-05-12,True,0,3.0198777640501753,1.9796901059822873,0.3959722434910025,0.0
BTCUSDT,D,H,2021-05-08,False,0,1.8306275186855148,1.8356336849965784,0.500682734539759,1.0
BTCUSDT,D,L,2021-05-12,True,0,3.0198777640501753,1.9796901059822873,0.3959722434910025,0.0
BTCUSDT,D,H,2021-10-15,True,0,2.663008116565875,1.0996441034283895,0.292252389839544,0.0
BTCUSDT,D,L,2021-05-16,False,0,3.2594620145362936,0.8447003792956832,0.20581553511750858,0.0
BTCUSDT,D,L,2022-05-11,False,1,5.373602133273764,3.4960908595920532,0.39416142840615487,0.0
BTCUSDT,D,L,2021-06-08,False,0,1.9853644173559843,1.5253334102386753,0.4344815433129291,1.0
BTCUSDT,D,H,2021-06-14,False,0,1.949591916363023,6.329403394414169,0.7645134653204672,1.0
BTCUSDT,D,L,2021-06-07,False,0,1.8444437470271664,0.7647768068097006,0.29310546618418054,0.0
BTCUSDT,D,H,2021-06-14,True,0,1.949591916363023,6.329403394414169,0.7645134653204672,1.0
BTCUSDT,D,L,2021-06-22,False,0,3.0276734367602893,1.2929662944020615,0.2992534381139489,1.0
BTCUSDT,D,H,2021-06-13,True,0,2.7467769500277517,0.16305099912715387,0.056034584166568466,0.0
BTCUSDT,D,L,2021-06-20,False,0,2.0997954051788636,1.665470342763923,0.44232477977786283,0.0
BTCUSDT,D,H,2021-07-26,False,0,5.032821405938858,14.157228146181007,0.7377379671548113,
BTCUSDT,D,L,2022-05-11,False,1,5.373602133273764,3.4960908595920532,0.39416142840615487,0.0
BTCUSDT,D,H,2021-06-29,True,0,1.9983826136637852,1.8984783209350962,0.487181439829983,1.0
BTCUSDT,D,L,2021-07-20,True,0,1.7788686733008856,0.6659915576341715,0.2724047572156947,1.0
BTCUSDT,D,H,2021-07-26,True,0,5.032821405938858,14.157228146181007,0.7377379671548113,
BTCUSDT,D,L,2021-07-08,False,0,1.4122724189276212,1.243232578405424,0.46817180899829486,0.0
BTCUSDT,D,H,2021-07-26,True,0,5.032821405938858,14.157228146181007,0.7377379671548113,
BTCUSDT,D,L,2021-07-08,True,0,1.4122724189276212,1.243232578405424,0.46817180899829486,0.0
BTCUSDT,D,L,2021-07-14,False,0,1.1040339774783867,1.5927850439390268,0.5906162153594866,0.0
BTCUSDT,D,H,2021-07-25,True,0,3.913720849927904,0.3735214276949571,0.08712393737217547,0.0
BTCUSDT,D,L,2021-07-19,True,0,2.4821973277865057,0.4549293153301512,0.1548892406108218,0.0
BTCUSDT,D,H,2021-07-21,False,0,2.213730758214524,1.6853103185443135,0.43223712840318784,0.0
BTCUSDT,D,L,2022-05-11,True,0,5.373602133273764,3.4960908595920532,0.39416142840615487,0.0
BTCUSDT,D,H,2021-08-14,False,0,1.2543847322720487,4.801824207973243,0.7928762457423996,1.0
BTCUSDT,D,L,2021-08-03,True,0,1.5165984864482613,3.0804922726357513,0.6700960311798478,1.0
BTCUSDT,D,H,2021-08-06,True,0,4.388558365288222,1.7263112273815695,0.2823136620036816,0.0
BTCUSDT,D,L,2022-01-21,True,0,4.2940574586630325,3.8700982759476577,0.47403533221946853,1.0
BTCUSDT,D,H,2021-08-13,True,0,3.9871129127962908,0.142786322765127,0.034573803044789464,0.0
BTCUSDT,D,L,2021-09-07,False,1,6.036048165802548,4.518155217400096,0.428090596073872,1.0
BTCUSDT,D,H,2021-08-20,True,0,2.1644315396710465,4.0377210339081895,0.6510193011227452,1.0
BTCUSDT,D,L,2021-09-07,False,1,6.036048165802548,4.518155217400096,0.428090596073872,1.0
BTCUSDT,D,H,2021-09-03,False,0,1.6882951623047853,4.675679416785861,0.7347105741352556,1.0
BTCUSDT,D,L,2021-09-07,False,1,6.036048165802548,4.518155217400096,0.428090596073872,1.0
BTCUSDT,D,H,2021-09-02,False,0,1.39969819103375,0.6030894191021832,0.3011250000000001,0.0
BTCUSDT,D,L,2021-09-07,False,1,6.036048165802548,4.518155217400096,0.428090596073872,1.0
BTCUSDT,D,H,2021-10-06,True,0,3.1892125280487753,1.6377947653083544,0.3392981749918357,0.0
BTCUSDT,D,L,2021-09-21,True,0,2.798862388310271,1.1834675697737054,0.2971796868241196,1.0
BTCUSDT,D,L,2021-09-13,False,0,2.9451197329366288,1.0666347276827883,0.26587737064997224,0.0
BTCUSDT,D,L,2021-09-20,True,0,2.1712397736603,2.1385037685554846,0.49620209360671325,1.0
BTCUSDT,D,H,2021-10-03,False,0,2.6312702528683865,1.6757148536867688,0.38906910802555605,0.0
BTCUSDT,D,L,2022-01-21,True,1,4.2940574586630325,3.8700982759476577,0.47403533221946853,1.0
BTCUSDT,D,H,2021-10-01,True,0,2.815062339892948,0.27563671999884937,0.08918264595081578,0.0
BTCUSDT,D,H,2021-10-01,True,0,2.815062339892948,0.27563671999884937,0.08918264595081578,0.0
BTCUSDT,D,L,2022-01-07,False,1,3.2817203999523255,0.9583124252776971,0.22601533166802984,0.0
BTCUSDT,D,L,2021-12-04,False,0,3.254742571154696,2.7184647360271352,0.45510972518208337,0.0
BTCUSDT,D,H,2021-10-10,False,0,2.85402506553597,1.8092597389621876,0.3879796784483319,0.0
BTCUSDT,D,H,2021-10-14,False,0,1.1886618753252791,0.7455972764612709,0.38546917344173404,0.0
BTCUSDT,D,L,2021-11-26,False,0,2.215572573259843,2.4172415838259886,0.5217652817195025,0.0
BTCUSDT,D,H,2021-10-19,True,0,3.2182560254547434,0.20387942933930853,0.05957666843774254,0.0
BTCUSDT,D,L,2021-10-27,True,0,1.6029602199563873,1.4089064005398262,0.4677851239998486,1.0
BTCUSDT,D,H,2021-11-02,False,0,1.7708450325897593,1.2029234090891987,0.4045114583333331,0.0
BTCUSDT,D,L,2021-11-18,True,0,3.252282109653077,1.0885739058280979,0.2507740182917428,0.0
BTCUSDT,D,H,2021-11-02,True,0,1.7708450325897593,1.2029234090891987,0.4045114583333331,0.0
BTCUSDT,D,L,2021-11-16,False,0,3.1812725402046893,0.8942838628191049,0.21942620206546648,0.0
BTCUSDT,D,L,2021-11-16,False,0,3.1812725402046893,0.8942838628191049,0.21942620206546648,0.0
BTCUSDT,D,L,2021-11-16,True,0,3.1812725402046893,0.8942838628191049,0.21942620206546648,0.0
BTCUSDT,D,H,2024-03-04,True,0,7.634525455900252,0.3873565297918217,0.04828748795889986,0.0
BTCUSDT,D,L,2021-11-22,False,0,3.2126387853757286,0.7989165693598868,0.1991538190833565,0.0
BTCUSDT,D,H,2024-02-28,True,0,6.783745179838065,2.213333387284078,0.2460057862973678,0.0
BTCUSDT,D,L,2021-11-26,True,0,2.215572573259843,2.4172415838259886,0.5217652817195025,0.0
BTCUSDT,D,H,2024-02-28,True,1,6.783745179838065,2.213333387284078,0.2460057862973678,0.0
BTCUSDT,D,L,2021-12-03,False,0,2.011752266943837,2.4109207555284757,0.5451275152556384,0.0
BTCUSDT,D,H,2024-02-28,True,1,6.783745179838065,2.213333387284078,0.2460057862973678,0.0
BTCUSDT,D,L,2022-01-07,False,1,3.2817203999523255,0.9583124252776971,0.22601533166802984,0.0
BTCUSDT,D,H,2021-12-27,False,0,2.3260668407684784,3.713812128885172,0.6148818788496578,1.0
BTCUSDT,D,H,2021-12-23,True,0,2.115309039314264,0.4316546523021551,0.1694781334037029,0.0
BTCUSDT,D,L,2021-12-17,False,0,1.2009073312989758,1.354496267429564,0.5300517961638247,1.0
BTCUSDT,D,L,2022-01-05,True,0,2.5489956659575745,1.2528057156928956,0.32952950191969704,0.0
BTCUSDT,D,H,2021-12-27,False,1,2.3260668407684784,3.713812128885172,0.6148818788496578,1.0
BTCUSDT,D,H,2024-02-15,False,0,6.167313129848477,4.64777695207714,0.42974925930987784,0.0
BTCUSDT,D,H,2024-01-11,False,0,1.3936316420545811,2.5404181915516393,0.6457514009737181,1.0
BTCUSDT,D,L,2022-01-04,False,1,1.3293052322138197,0.22318972688753924,0.14376196558907323,0.0
BTCUSDT,D,L,2022-01-10,False,0,3.0000306873556384,1.0177945535321944,0.25331976691631536,0.0
BTCUSDT,D,L,2022-01-21,True,1,4.2940574586630325,3.8700982759476577,0.47403533221946853,1.0
BTCUSDT,D,H,2022-02-07,False,0,3.611889772730344,2.2474626021387216,0.38356843185915135,1.0
BTCUSDT,D,L,2022-01-17,False,0,1.0819202884678993,1.2505180797115307,0.5361419606073513,0.0
BTCUSDT,D,H,2022-02-07,True,0,3.611889772730344,2.2474626021387216,0.38356843185915135,1.0
BTCUSDT,D,L,2022-05-09,True,0,5.16818836920423,0.4202420225804177,0.07519857869182742,0.0
BTCUSDT,D,H,2022-02-01,False,1,1.3304618916510533,1.996115735447111,0.600050850816417,0.0
BTCUSDT,D,L,2022-02-24,False,0,3.2443619606050023,2.7419701085738355,0.4580384243452033,1.0
BTCUSDT,D,H,2022-02-01,False,1,1.3304618916510533,1.996115735447111,0.600050850816417,0.0
BTCUSDT,D,H,2022-02-04,True,0,2.5977176334550096,0.8312224617494193,0.24241381846009263,0.0
BTCUSDT,D,L,2022-02-24,False,0,3.2443619606050023,2.7419701085738355,0.4580384243452033,1.0
BTCUSDT,D,H,2022-03-27,True,0,3.7443952006093415,1.027792774129826,0.2153713934929401,1.0
BTCUSDT,D,L,2022-02-17,True,0,2.131866562100349,2.1329112777049493,0.5001224818318611,0.0
BTCUSDT,D,H,2022-03-01,False,0,2.674808423598801,0.5211564532285677,0.16306701522512326,0.0
BTCUSDT,D,L,2022-05-08,True,0,3.210508330422367,0.6262769011132534,0.1632295954346641,0.0
BTCUSDT,D,L,2022-05-05,True,1,2.4182642854250216,1.2648928846231728,0.34342625802379795,0.0
BTCUSDT,D,H,2022-03-27,True,0,3.7443952006093415,1.027792774129826,0.2153713934929401,1.0
BTCUSDT,D,L,2022-05-05,True,1,2.4182642854250216,1.2648928846231728,0.34342625802379795,0.0
BTCUSDT,D,H,2022-03-22,False,0,2.43077727219026,1.5037358183894607,0.38219108280254743,0.0
BTCUSDT,D,L,2022-05-01,False,0,1.3160033464802199,0.7286960678857416,0.35638297872340424,0.0
BTCUSDT,D,H,2022-03-22,False,1,2.43077727219026,1.5037358183894607,0.38219108280254743,0.0
BTCUSDT,D,L,2022-04-11,True,0,4.6637698179682925,1.177686435701702,0.20160836349014863,0.0
BTCUSDT,D,H,2024-01-11,False,0,1.3936316420545811,2.5404181915516393,0.6457514009737181,1.0
BTCUSDT,D,L,2022-04-06,True,0,2.4984373374393987,1.5903701699993738,0.3889569677970927,0.0
BTCUSDT,D,H,2024-01-09,False,0,2.845370393157104,1.0267155578837086,0.26515825600610143,0.0
BTCUSDT,D,L,2022-04-18,False,0,4.035407418944528,1.9900838460140688,0.3302774427020505,0.0
BTCUSDT,D,L,2022-04-25,False,0,1.4962019809931728,1.7046747423370356,0.5325649469447494,0.0
BTCUSDT,D,H,2023-12-05,True,0,5.898888077081146,2.6900885885200276,0.31320245627093446,0.0
BTCUSDT,D,H,2023-12-04,True,0,4.5646193553156,0.8390013736348368,0.15526651771465075,0.0
BTCUSDT,D,L,2022-04-30,True,1,1.811156009503117,0.06510041220785022,0.03469696969696969,0.0
BTCUSDT,D,L,2022-05-05,True,1,2.4182642854250216,1.2648928846231728,0.34342625802379795,0.0
BTCUSDT,D,H,2023-12-03,False,0,2.8294880327343543,0.7076955310705251,0.20007317073170802,0.0
BTCUSDT,D,L,2022-06-12,True,0,3.461930907608128,3.0831650119010368,0.4710649087221096,0.0
BTCUSDT,D,H,2022-05-30,True,0,2.611692952497689,5.77445422509106,0.6885705798871249,1.0
BTCUSDT,D,L,2022-05-26,False,0,0.8070371624548166,1.4128662891883161,0.6364539359324559,1.0
BTCUSDT,D,H,2022-05-30,True,1,2.611692952497689,5.77445422509106,0.6885705798871249,1.0
BTCUSDT,D,H,2022-05-30,True,1,2.611692952497689,5.77445422509106,0.6885705798871249,1.0
BTCUSDT,D,L,2022-06-12,True,0,3.461930907608128,3.0831650119010368,0.4710649087221096,0.0
BTCUSDT,D,H,2023-10-23,True,0,7.002994103449328,7.482799181204359,0.5165612289339838,
BTCUSDT,D,L,2022-06-07,False,0,0.942421189002448,2.2786814452281554,0.7074228001966303,0.0
BTCUSDT,D,H,2023-07-13,False,0,1.8290831527042557,1.1918237635903577,0.39452515307960095,1.0
BTCUSDT,D,L,2022-06-10,True,0,1.8872033801074484,0.7860844927095246,0.29405156874526545,0.0
BTCUSDT,D,L,2022-06-18,True,0,6.654266520346423,0.7290974611460438,0.09874868189806683,
BTCUSDT,D,L,2022-11-08,False,1,4.364162707838479,3.49317102137767,0.44457460275473754,0.0
BTCUSDT,D,H,2022-06-26,False,0,1.6460583994059443,5.150501832467005,0.757810076972961,
BTCUSDT,D,H,2022-07-08,False,0,2.554818247401912,9.273795519390625,0.7840137231824859,
BTCUSDT,D,L,2022-09-07,False,0,1.6055961504188208,2.113099269292461,0.5682367149758453,1.0
BTCUSDT,D,H,2022-07-07,True,0,2.6135387291463528,0.2533010041377842,0.08835548119308809,0.0
BTCUSDT,D,L,2022-09-06,False,0,2.403804707031812,0.29301608283762953,0.10865241173545502,0.0
BTCUSDT,D,H,2022-07-18,False,0,3.115208246485012,8.273354303255388,0.7264616818075937,
BTCUSDT,D,L,2022-09-06,True,0,2.403804707031812,0.29301608283762953,0.10865241173545502,0.0
BTCUSDT,D,H,2022-07-29,False,0,2.3420738327904456,6.087111834961999,0.7221470821611483,1.0
BTCUSDT,D,L,2022-08-26,True,1,1.8547382227565825,1.4511968521149856,0.43896713615023514,0.0
BTCUSDT,D,H,2022-08-11,False,0,1.5633697095675272,7.9449737282753015,0.8355791710945801,1.0
BTCUSDT,D,H,2022-08-08,True,0,1.412873857584095,0.8821596673538149,0.3843776824034329,0.0
BTCUSDT,D,L,2022-08-19,True,0,4.7084226952317225,0.14560800682609906,0.029997339482086483,0.0
BTCUSDT,D,H,2022-08-11,False,0,1.5633697095675272,7.9449737282753015,0.8355791710945801,1.0
BTCUSDT,D,L,2022-08-19,True,0,4.7084226952317225,0.14560800682609906,0.029997339482086483,0.0
BTCUSDT,D,H,2022-08-14,False,0,1.8739352370065152,8.319845673866963,0.816168774531182,1.0
BTCUSDT,D,H,2023-02-16,False,0,2.831044996766144,10.676115679571286,0.7904041371384793,1.0
BTCUSDT,D,L,2022-08-26,True,1,1.8547382227565825,1.4511968521149856,0.43896713615023514,0.0
BTCUSDT,D,H,2022-09-12,True,0,4.5644002953218346,3.3052553862675356,0.42000000000000004,1.0
BTCUSDT,D,L,2022-09-06,True,0,2.403804707031812,0.29301608283762953,0.10865241173545502,0.0
BTCUSDT,D,H,2022-09-09,True,0,3.5289854432001997,0.7097566796001505,0.16744511910322243,0.0
BTCUSDT,D,H,2022-09-09,True,0,3.5289854432001997,0.7097566796001505,0.16744511910322243,0.0
BTCUSDT,D,L,2022-09-19,False,0,3.1890979918797338,1.8583068144409065,0.3681707502663213,
BTCUSDT,D,H,2023-01-21,False,0,2.8469843317659467,2.8733640021049407,0.5023057748234313,0.0
BTCUSDT,D,L,2022-09-19,False,0,3.1890979918797338,1.8583068144409065,0.3681707502663213,
BTCUSDT,D,H,2022-09-27,False,0,0.9242514548997806,3.5439014753253035,0.7931468619510251,1.0
BTCUSDT,D,L,2022-10-13,False,0,1.8777117051083498,2.9333349096196804,0.6097082702628319,1.0
BTCUSDT,D,H,2022-10-04,False,0,1.5138722712599049,2.651646838386347,0.6365705614567526,1.0
BTCUSDT,D,L,2022-10-13,False,0,1.8777117051083498,2.9333349096196804,0.6097082702628319,1.0
BTCUSDT,D,H,2022-10-04,True,0,1.5138722712599049,2.651646838386347,0.6365705614567526,1.0
BTCUSDT,D,L,2022-10-11,False,0,1.90237067546854,0.7833291016635165,0.2916666666666667,0.0
BTCUSDT,D,H,2022-10-26,True,0,3.6113109679578326,3.499874508491592,0.4921647058823531,1.0
BTCUSDT,D,L,2022-11-08,False,0,4.364162707838479,3.49317102137767,0.44457460275473754,0.0
BTCUSDT,D,H,2022-10-25,True,0,2.7082910633588466,0.7962740938854571,0.22721052631578986,0.0
BTCUSDT,D,H,2022-10-25,True,0,2.7082910633588466,0.7962740938854571,0.22721052631578986,0.0
BTCUSDT,D,L,2022-11-08,True,0,4.364162707838479,3.49317102137767,0.44457460275473754,0.0
BTCUSDT,D,H,2022-10-29,False,0,3.818497870596854,3.5692273308583395,0.4831294117647057,1.0
BTCUSDT,D,L,2022-11-08,True,1,4.364162707838479,3.49317102137767,0.44457460275473754,0.0
BTCUSDT,D,H,2022-11-04,True,0,1.9327756512431473,2.7892171120754865,0.5906864436012423,1.0
BTCUSDT,D,L,2022-11-08,True,1,4.364162707838479,3.49317102137767,0.44457460275473754,0.0
BTCUSDT,D,H,2023-01-14,False,0,11.260342318619655,4.577090984685755,0.28900459418070457,0.0
BTCUSDT,D,L,2022-11-21,False,0,1.1660348927553972,2.124408447719727,0.6456298522414224,1.0
BTCUSDT,D,H,2022-11-30,False,0,2.511091338630989,9.27892492252937,0.7870154473914314,
BTCUSDT,D,L,2022-11-21,True,0,1.1660348927553972,2.124408447719727,0.6456298522414224,1.0
BTCUSDT,D,H,2022-11-30,True,0,2.511091338630989,9.27892492252937,0.7870154473914314,
BTCUSDT,D,H,2022-12-05,False,0,2.084678405478109,9.662448031303498,0.8225371611774995,0.0
BTCUSDT,D,H,2022-12-13,True,0,2.7926332817805224,9.199936003413152,0.7671363645796587,1.0
BTCUSDT,D,L,2022-12-16,True,0,4.00860970930139,1.4446253809070781,0.2649116271368841,1.0
BTCUSDT,D,H,2022-12-13,True,0,2.7926332817805224,9.199936003413152,0.7671363645796587,1.0
BTCUSDT,D,L,2022-12-16,True,0,4.00860970930139,1.4446253809070781,0.2649116271368841,1.0
BTCUSDT,D,H,2023-01-12,True,0,9.305001979675351,9.739949848224914,0.5114189805382542,0.0
BTCUSDT,D,L,2022-12-19,True,0,4.139652818412324,0.9349297084814936,0.18423775818535557,1.0
BTCUSDT,D,H,2023-01-08,True,0,3.5344795130827693,5.601493380184477,0.6131249999999996,0.0
BTCUSDT,D,H,2022-12-27,False,0,1.093025859173851,0.7867457740960432,0.41853263458789713,0.0
BTCUSDT,D,H,2023-01-04,False,0,2.3067504023732033,0.9167797519487474,0.28440241228070234,0.0
BTCUSDT,D,H,2023-01-17,False,0,8.138106860636533,2.908025422295256,0.26326186830015286,0.0
BTCUSDT,D,L,2023-03-09,True,0,4.889002936731962,5.359887472794838,0.5229724642008645,1.0
BTCUSDT,D,H,2023-01-25,False,0,2.682148331733592,2.14543787516296,0.44441213128375606,0.0
BTCUSDT,D,H,2023-01-29,False,0,1.6211672092910232,1.6550690833697783,0.5051739055199864,1.0
BTCUSDT,D,L,2023-02-09,True,0,3.408686121386489,1.9282093437457195,0.3612979411613701,1.0
BTCUSDT,D,H,2023-02-02,False,0,1.0964857122895244,1.8550812392774256,0.628507253847854,1.0
BTCUSDT,D,L,2023-02-09,True,0,3.408686121386489,1.9282093437457195,0.3612979411613701,1.0
BTCUSDT,D,H,2023-02-15,True,0,4.391415014297832,1.2719940504247471,0.22459865354738515,0.0
BTCUSDT,D,L,2023-02-09,True,0,3.408686121386489,1.9282093437457195,0.3612979411613701,1.0
BTCUSDT,D,H,2023-02-15,True,0,4.391415014297832,1.2719940504247471,0.22459865354738515,0.0
BTCUSDT,D,L,2023-02-13,False,0,2.3346274214633747,1.9136790397337884,0.4504569190600524,1.0
BTCUSDT,D,L,2023-03-09,True,0,4.889002936731962,5.359887472794838,0.5229724642008645,1.0
BTCUSDT,D,H,2023-02-21,False,0,3.0948774167829405,7.311740083715369,0.7026048649683967,1.0
BTCUSDT,D,H,2023-03-14,False,0,4.997931726213124,6.873378756960537,0.5789907328852052,
BTCUSDT,D,L,2023-03-03,True,0,1.8015703397295972,1.0775747826420004,0.37426900584795286,0.0
BTCUSDT,D,H,2023-03-13,True,0,5.131871198169542,1.3707238127127614,0.2107964297974594,0.0
BTCUSDT,D,L,2023-03-08,True,0,3.0500538263515096,0.4683922302831755,0.1331247439192466,0.0
BTCUSDT,D,H,2023-03-17,True,0,6.418210866345582,3.588529579829972,0.35861123800822287,
BTCUSDT,D,H,2023-03-30,False,0,1.080062320952907,2.6491430868975208,0.710377358490566,
BTCUSDT,D,L,2023-03-27,False,0,1.095578932467463,4.700894476541002,0.8109921576169413,1.0
BTCUSDT,D,L,2023-05-12,False,0,2.960010519904769,7.037885499141798,0.7039366568460225,1.0
BTCUSDT,D,H,2023-04-10,True,0,2.639225404522052,2.316773951004689,0.4674685739055054,1.0
BTCUSDT,D,L,2023-04-21,False,0,4.033377483443708,0.8185430463576157,0.16870495741428257,0.0
BTCUSDT,D,H,2023-04-10,True,0,2.639225404522052,2.316773951004689,0.4674685739055054,1.0
BTCUSDT,D,H,2023-06-23,False,0,5.65288192233156,1.060898028500796,0.15801799228901875,0.0
BTCUSDT,D,L,2023-04-24,False,0,3.47458572005965,0.9926690917199757,0.2222100895392007,0.0
BTCUSDT,D,L,2023-05-10,False,0,1.9436096468837063,0.949717371648595,0.3282440476190481,0.0
BTCUSDT,D,H,2023-06-21,False,0,5.648185421440514,1.1602000371586052,0.17040751353072273,0.0
BTCUSDT,D,H,2023-06-21,True,1,5.648185421440514,1.1602000371586052,0.17040751353072273,0.0
BTCUSDT,D,L,2023-05-08,False,0,1.8311446003587564,0.6219441228170162,0.2535351114458862,0.0
BTCUSDT,D,H,2023-06-21,True,1,5.648185421440514,1.1602000371586052,0.17040751353072273,0.0
BTCUSDT,D,L,2023-06-05,True,1,3.5583866097556407,8.080315371568098,0.6942625891215642,1.0
BTCUSDT,D,H,2023-05-28,True,0,3.0944784046497644,2.503276881451045,0.4471929824561401,1.0
BTCUSDT,D,L,2023-05-24,True,0,1.6486410265449294,0.6943984207001082,0.29636650868878317,1.0
BTCUSDT,D,H,2023-05-28,True,0,3.0944784046497644,2.503276881451045,0.4471929824561401,1.0
BTCUSDT,D,L,2023-06-05,True,1,3.5583866097556407,8.080315371568098,0.6942625891215642,1.0
BTCUSDT,D,H,2023-06-21,True,0,5.648185421440514,1.1602000371586052,0.17040751353072273,0.0
BTCUSDT,D,L,2023-06-05,True,0,3.5583866097556407,8.080315371568098,0.6942625891215642,1.0
BTCUSDT,D,H,2023-06-20,True,1,3.7293141878060956,0.16069506148504342,0.04130968622100995,0.0
BTCUSDT,D,L,2023-06-10,False,0,1.680913470006665,6.759892478882513,0.8008586525759575,1.0
BTCUSDT,D,H,2023-06-20,True,1,3.7293141878060956,0.16069506148504342,0.04130968622100995,0.0
BTCUSDT,D,L,2023-06-14,True,0,2.4968885757895958,6.130499784744237,0.7105858144497512,1.0
BTCUSDT,D,H,2023-06-16,False,0,7.170842071241195,1.1137619230162141,0.13443755715882544,0.0
BTCUSDT,D,L,2023-08-17,False,0,6.497337898372575,14.967104568558552,0.6972976163539956,
BTCUSDT,D,H,2023-07-06,False,1,0.4229347878709649,2.1526296254457984,0.8357894736842099,0.0
BTCUSDT,D,H,2023-07-03,False,0,1.5065158802148246,0.3206713607976977,0.17550000000000002,0.0
BTCUSDT,D,L,2023-07-18,False,0,2.3846291118910248,6.030099339718038,0.7166124699561712,0.0
BTCUSDT,D,H,2023-07-06,False,1,0.4229347878709649,2.1526296254457984,0.8357894736842099,0.0
BTCUSDT,D,H,2023-07-13,False,0,1.8290831527042557,1.1918237635903577,0.39452515307960095,1.0
BTCUSDT,D,L,2023-07-17,False,0,2.027470219593744,0.7363530973302623,0.266425531914893,0.0
BTCUSDT,D,H,2023-07-13,True,0,1.8290831527042557,1.1918237635903577,0.39452515307960095,1.0
BTCUSDT,D,L,2023-07-14,False,0,2.4103581800580836,0.6926589222329773,0.2232211101000907,0.0
BTCUSDT,D,H,2023-10-23,True,0,7.002994103449328,7.482799181204359,0.5165612289339838,
BTCUSDT,D,L,2023-07-17,False,0,2.027470219593744,0.7363530973302623,0.266425531914893,0.0
BTCUSDT,D,L,2023-07-24,True,0,1.647274804941788,5.752479791688131,0.7773879142300193,0.0
BTCUSDT,D,H,2023-10-16,False,1,3.0193754123597967,5.178337365295801,0.631680751173709,0.0
BTCUSDT,D,H,2023-10-16,False,1,3.0193754123597967,5.178337365295801,0.631680751173709,0.0
BTCUSDT,D,L,2023-08-01,False,0,1.2080519547724387,8.918574866102615,0.8807053941908715,0.0
BTCUSDT,D,L,2023-08-17,True,0,6.497337898372575,14.967104568558552,0.6972976163539956,
BTCUSDT,D,H,2023-08-08,False,0,2.338749792737522,1.1784668103686518,0.33505664943350594,1.0
BTCUSDT,D,L,2023-08-07,False,0,1.5178013583416599,1.155703390795149,0.43228028346248104,1.0
BTCUSDT,D,L,2023-08-17,True,0,6.497337898372575,14.967104568558552,0.6972976163539956,
BTCUSDT,D,H,2023-10-16,False,0,3.0193754123597967,5.178337365295801,0.631680751173709,0.0
BTCUSDT,D,L,2023-08-14,False,0,1.493820181411723,1.326001490351262,0.47024303119219263,0.0
BTCUSDT,D,H,2023-10-16,False,0,3.0193754123597967,5.178337365295801,0.631680751173709,0.0
BTCUSDT,D,L,2023-09-11,True,1,1.673273968700318,0.7325558955697098,0.30449197860962646,1.0
BTCUSDT,D,H,2023-08-29,True,0,2.345125048426668,2.3944212474710542,0.5052005187803582,1.0
BTCUSDT,D,L,2023-08-31,False,1,2.290371820246712,0.6625718479999416,0.22437673130193905,0.0
BTCUSDT,D,L,2023-08-31,False,1,2.290371820246712,0.6625718479999416,0.22437673130193905,0.0
BTCUSDT,D,H,2023-10-01,False,0,3.5296706594313467,2.9850959013728766,0.4582045839266999,0.0
BTCUSDT,D,L,2023-09-11,True,1,1.673273968700318,0.7325558955697098,0.30449197860962646,1.0
BTCUSDT,D,L,2023-09-11,True,1,1.673273968700318,0.7325558955697098,0.30449197860962646,1.0
BTCUSDT,D,H,2023-09-12,False,0,1.5161074234212284,2.8526886304122785,0.6529690549205466,0.0
BTCUSDT,D,H,2023-09-18,False,0,2.8720994292514197,2.1875096410233796,0.4323475609756093,0.0
BTCUSDT,D,L,2023-09-24,True,1,1.8611569895681253,2.0055622449305814,0.5186728395061735,1.0
BTCUSDT,D,H,2023-10-01,True,0,3.5296706594313467,2.9850959013728766,0.4582045839266999,0.0
BTCUSDT,D,L,2023-09-24,True,1,1.8611569895681253,2.0055622449305814,0.5186728395061735,1.0
BTCUSDT,D,H,2023-09-27,False,0,0.7052185457516311,2.0023488562091525,0.7395379537953805,0.0
BTCUSDT,D,H,2023-10-01,True,0,3.5296706594313467,2.9850959013728766,0.4582045839266999,0.0
BTCUSDT,D,H,2023-10-16,False,0,3.0193754123597967,5.178337365295801,0.631680751173709,0.0
BTCUSDT,D,H,2023-10-16,True,0,3.0193754123597967,5.178337365295801,0.631680751173709,0.0
BTCUSDT,D,L,2023-10-11,True,0,2.1244807718075838,1.2052793782661126,0.3619718309859155,1.0
BTCUSDT,D,H,2023-10-23,True,0,7.002994103449328,7.482799181204359,0.5165612289339838,
BTCUSDT,D,H,2023-11-02,False,0,1.066026261097755,3.4402995795542686,0.7634378207893838,0.0
BTCUSDT,D,H,2023-11-08,False,0,2.200241604252232,4.295723604735444,0.66129104244462,0.0
BTCUSDT,D,H,2023-11-29,False,1,0.8443782023401609,1.6593505680672982,0.6627517276151497,0.0
BTCUSDT,D,H,2023-11-24,False,0,1.4454621149042508,0.5473939370051576,0.27467811158798194,0.0
BTCUSDT,D,H,2023-11-29,False,1,0.8443782023401609,1.6593505680672982,0.6627517276151497,0.0
BTCUSDT,D,H,2023-12-08,False,0,5.8864072831923355,2.538535186978944,0.30131187197618164,0.0
BTCUSDT,D,H,2024-01-02,True,0,2.5511387163561117,1.7033816425120754,0.4003698416818057,1.0
BTCUSDT,D,L,2024-01-22,True,1,1.8042809536016398,1.2861445783132524,0.4161707069240818,1.0
BTCUSDT,D,L,2024-01-03,False,0,3.168179916832755,1.805900445363055,0.36306217709877114,1.0
BTCUSDT,D,H,2024-01-02,True,0,2.5511387163561117,1.7033816425120754,0.4003698416818057,1.0
BTCUSDT,D,L,2023-12-29,False,0,1.6473224840412972,1.0628398612971839,0.3921683374891855,1.0
BTCUSDT,D,H,2024-01-01,True,0,2.0155940086177413,2.2008070583407444,0.521963405138853,1.0
BTCUSDT,D,L,2024-01-03,False,0,3.168179916832755,1.805900445363055,0.36306217709877114,1.0
BTCUSDT,D,H,2024-01-08,True,0,3.6618685197440968,0.2621332450915524,0.06680252986647967,0.0
BTCUSDT,D,L,2024-01-19,False,1,0.8312107700698562,0.6185764600390078,0.42666706340940735,0.0
BTCUSDT,D,L,2024-01-12,True,0,3.8661418486242716,1.0160252716435731,0.2081094822472673,0.0
BTCUSDT,D,H,2024-02-12,True,0,5.836201251650443,1.645909593481973,0.21997931166079165,0.0
BTCUSDT,D,L,2024-01-18,True,0,0.9787904967602596,0.42768898488120877,0.3040847665847661,0.0
BTCUSDT,D,H,2024-01-30,False,0,3.169845510271705,4.428056660039759,0.5827999046029093,0.0
BTCUSDT,D,L,2024-01-22,True,1,1.8042809536016398,1.2861445783132524,0.4161707069240818,1.0
BTCUSDT,D,H,2024-02-07,True,0,1.8118708154713168,3.9628510187370583,0.6862410229462255,0.0
BTCUSDT,D,H,2024-02-20,False,0,1.0006801571726265,4.201649706059461,0.8076476918072768,1.0
BTCUSDT,D,L,2024-02-21,False,0,4.1869783610401,5.528412328834039,0.569036542667916,1.0
BTCUSDT,D,H,2024-02-26,True,0,2.5219878731091145,2.9725955690899406,0.5410047186216252,0.0
BTCUSDT,D,L,2024-08-05,False,0,6.014557386510902,4.424120157224049,0.42381998473353577,
BTCUSDT,D,H,2024-03-04,True,0,7.634525455900252,0.3873565297918217,0.04828748795889986,0.0
BTCUSDT,D,L,2024-05-01,True,0,3.052145033724793,2.668846509398433,0.466500691231829,1.0
BTCUSDT,D,L,2024-04-13,False,0,2.8645513773002618,1.545040576065835,0.35038175695291174,0.0
BTCUSDT,D,H,2024-03-25,True,0,1.9225163588620924,0.8349207878753193,0.30278869234179795,1.0
BTCUSDT,D,H,2024-04-08,False,0,2.5276310626867455,0.7757120292960695,0.2348263585392374,1.0
BTCUSDT,D,H,2024-04-08,True,1,2.5276310626867455,0.7757120292960695,0.2348263585392374,1.0
BTCUSDT,D,L,2024-04-13,True,0,2.8645513773002618,1.545040576065835,0.35038175695291174,0.0
BTCUSDT,D,H,2024-10-29,False,0,3.896999140918918,0.5919735166039605,0.1318728274301019,0.0
BTCUSDT,D,L,2024-04-17,False,1,3.1263093250427,0.5756424280806803,0.15549700981246015,0.0
BTCUSDT,D,L,2024-04-30,False,0,2.4097173288347657,0.564472653640723,0.18979038224414269,0.0
BTCUSDT,D,H,2024-05-17,False,0,2.6431503306812805,2.276407733870345,0.46272606278869477,1.0
BTCUSDT,D,H,2024-05-06,False,0,2.4148697525625145,1.491383430175621,0.38179384704660074,0.0
BTCUSDT,D,L,2024-07-05,False,0,3.4191018811947944,2.875423100262965,0.4568133590276166,1.0
BTCUSDT,D,H,2024-05-15,True,0,2.3587062324443058,0.40749784464777605,0.1473130084733843,0.0
BTCUSDT,D,L,2024-06-24,False,0,3.850256885271002,2.052829270398734,0.34775526161464765,0.0
BTCUSDT,D,H,2024-06-07,False,0,1.406510992413978,1.8463051450578227,0.5676020614226397,1.0
BTCUSDT,D,L,2024-06-11,False,0,2.7127998489456373,4.051398658990751,0.5989473334109388,0.0
BTCUSDT,D,H,2024-06-04,False,0,1.8104936831227723,0.724664155471851,0.2858457743497233,0.0
BTCUSDT,D,L,2024-06-11,False,0,2.7127998489456373,4.051398658990751,0.5989473334109388,0.0
BTCUSDT,D,H,2024-10-29,True,0,3.896999140918918,0.5919735166039605,0.1318728274301019,0.0
BTCUSDT,D,L,2024-06-11,True,0,2.7127998489456373,4.051398658990751,0.5989473334109388,0.0
BTCUSDT,D,H,2024-10-28,False,1,2.3279383049365903,1.0875587731479848,0.31841888553390074,0.0
BTCUSDT,D,L,2024-06-14,False,0,2.1415667717422333,3.0320346383669663,0.5860588008272885,0.0
BTCUSDT,D,L,2024-06-18,False,0,2.663873426458011,2.642815346066708,0.4980158926503914,0.0
BTCUSDT,D,H,2024-07-19,False,0,3.6927155767377635,1.3107065656171062,0.26196201885940007,1.0
BTCUSDT,D,L,2024-06-21,False,0,1.6553320597820018,2.1010750271566097,0.5593310252401157,0.0
BTCUSDT,D,L,2024-07-04,True,0,3.4429888298449196,0.25719553193796996,0.0695088424767147,0.0
BTCUSDT,D,L,2024-07-03,False,0,1.9760427973329204,1.0800124050240352,0.35340081690641095,0.0
BTCUSDT,D,H,2024-07-15,True,0,3.127768583304657,0.9940955096378132,0.24117619776448268,0.0
BTCUSDT,D,L,2024-08-05,False,0,6.014557386510902,4.424120157224049,0.42381998473353577,
BTCUSDT,D,L,2024-08-05,True,0,6.014557386510902,4.424120157224049,0.42381998473353577,
BTCUSDT,D,L,2024-08-05,True,0,6.014557386510902,4.424120157224049,0.42381998473353577,
BTCUSDT,D,H,2024-07-27,False,0,1.7386490475855791,0.9245687776762471,0.3471622819982255,1.0
BTCUSDT,D,L,2024-08-01,False,0,1.9914212164750953,3.699808429118775,0.650089463879419,0.0
BTCUSDT,D,H,2024-10-28,False,1,2.3279383049365903,1.0875587731479848,0.31841888553390074,0.0
BTCUSDT,D,H,2024-08-23,True,0,2.451354717634509,2.369719784853748,0.4915335333711783,1.0
BTCUSDT,D,H,2024-08-23,True,1,2.451354717634509,2.369719784853748,0.4915335333711783,1.0
BTCUSDT,D,L,2024-08-15,True,0,1.1466323172022215,2.202586427096181,0.6576418547895059,1.0
BTCUSDT,D,H,2024-08-23,True,1,2.451354717634509,2.369719784853748,0.4915335333711783,1.0
BTCUSDT,D,L,2024-09-04,False,0,3.016538628873166,3.77841217243085,0.5560617409776883,1.0
BTCUSDT,D,L,2024-08-30,False,0,2.5053620684072153,1.2888451903291431,0.3396876086200906,0.0
BTCUSDT,D,H,2024-09-26,False,0,3.8425388443905284,2.468387534117061,0.3911291918288526,0.0
BTCUSDT,D,H,2024-09-13,True,0,3.494919535751762,2.0758205091146755,0.37262921845143193,0.0
BTCUSDT,D,H,2024-09-12,False,0,2.370319631935309,0.7183686829806452,0.2325805033520168,0.0
BTCUSDT,D,H,2024-09-17,False,0,3.386762141967621,2.1333001245330023,0.38646305449836565,0.0
BTCUSDT,D,H,2024-09-23,False,0,2.762318088544,0.8837417741821364,0.24238268362422555,0.0
BTCUSDT,D,L,2024-10-01,True,0,2.820733374766934,1.6559353635798628,0.36990348412319385,1.0
BTCUSDT,D,H,2024-10-14,False,0,3.502468627136042,1.9632185031809364,0.35918969680708396,0.0
BTCUSDT,D,L,2024-10-10,False,0,2.153535174037629,1.4755473614844075,0.4065896399548689,1.0
BTCUSDT,D,H,2024-10-14,True,0,3.502468627136042,1.9632185031809364,0.35918969680708396,0.0
BTCUSDT,D,L,2026-06-25,False,0,2.8141060368178588,1.1234588775210914,0.28531818572182216,1.0
BTCUSDT,D,H,2024-10-28,True,0,2.3279383049365903,1.0875587731479848,0.31841888553390074,0.0
BTCUSDT,D,L,2026-02-05,True,0,7.283967159277502,1.0425221674876841,0.1252054889611803,
BTCUSDT,D,H,2024-10-28,True,0,2.3279383049365903,1.0875587731479848,0.31841888553390074,0.0
BTCUSDT,D,L,2026-02-05,True,0,7.283967159277502,1.0425221674876841,0.1252054889611803,
BTCUSDT,D,H,2024-12-04,False,0,2.3310829264961948,0.29579905090300673,0.11260462154293992,0.0
BTCUSDT,D,H,2024-12-04,False,1,2.3310829264961948,0.29579905090300673,0.11260462154293992,0.0
BTCUSDT,D,L,2025-01-13,False,0,2.5002902165727705,8.36026989062396,0.7697825718108261,1.0
BTCUSDT,D,L,2024-12-20,False,0,2.4356415822835715,1.7377355301654172,0.4163859347821296,0.0
BTCUSDT,D,L,2024-12-30,False,1,1.7242733013724674,0.6137000097629663,0.26249230769230797,1.0
BTCUSDT,D,L,2024-12-30,False,1,1.7242733013724674,0.6137000097629663,0.26249230769230797,1.0
BTCUSDT,D,H,2025-01-06,True,0,3.3743596230472432,1.9563594965530353,0.3669972948602349,1.0
BTCUSDT,D,L,2025-01-09,False,0,2.977509030810516,0.6694329356044094,0.1835600735545803,0.0
BTCUSDT,D,H,2025-01-06,True,0,3.3743596230472432,1.9563594965530353,0.3669972948602349,1.0
BTCUSDT,D,H,2025-01-17,True,0,4.188939108153318,1.1969623276431365,0.22223992434910433,0.0
BTCUSDT,D,L,2025-01-13,False,0,2.5002902165727705,8.36026989062396,0.7697825718108261,1.0
BTCUSDT,D,L,2025-02-25,True,0,4.022940518664464,8.13694552425582,0.6691629753383506,
BTCUSDT,D,L,2025-01-27,False,0,1.0344087718836688,2.6830744855931004,0.7217448740883446,0.0
BTCUSDT,D,H,2025-05-19,False,0,1.4798555154209512,1.5519588774659605,0.5118911240434398,0.0
BTCUSDT,D,L,2025-02-02,True,0,1.898148719721475,1.8916670781994622,0.4991448606122798,0.0
BTCUSDT,D,H,2025-05-18,False,0,1.849604180919412,1.2935130936643204,0.4115382852953301,0.0
BTCUSDT,D,L,2025-02-25,True,0,4.022940518664464,8.13694552425582,0.6691629753383506,
BTCUSDT,D,H,2025-05-08,True,0,4.497346017078934,1.463473667817372,0.24551550712489478,0.0
BTCUSDT,D,L,2025-02-12,False,0,0.5559035373667309,1.6187322202142664,0.744369356831922,0.0
BTCUSDT,D,H,2025-02-14,False,0,0.8292704758035955,0.6427737824337189,0.43665384300564597,1.0
BTCUSDT,D,L,2025-02-18,False,0,1.077092922533419,1.5257910559301597,0.5861924959216962,1.0
BTCUSDT,D,H,2025-02-21,False,0,1.0715450702304614,1.5214237010773228,0.5867497202096965,1.0
BTCUSDT,D,L,2025-02-24,True,0,3.1207994165993265,1.0270611191044015,0.2476122594440485,0.0
BTCUSDT,D,H,2025-05-08,True,0,4.497346017078934,1.463473667817372,0.24551550712489478,0.0
BTCUSDT,D,L,2025-02-24,True,0,3.1207994165993265,1.0270611191044015,0.2476122594440485,0.0
BTCUSDT,D,L,2025-03-10,False,0,2.355511464732142,1.9486812805648257,0.4527402455882297,
BTCUSDT,D,H,2025-04-25,False,0,3.7330865977170293,1.6898014559729035,0.3116054469948168,0.0
BTCUSDT,D,L,2025-03-09,True,0,2.133141627266953,0.4390304142262377,0.17068470037928446,0.0
BTCUSDT,D,H,2025-04-22,True,0,2.9243725180371514,0.48184197629622644,0.1414596694065582,0.0
BTCUSDT,D,L,2025-04-07,False,0,2.890424586255044,3.8075785415090486,0.5684647302904564,1.0
BTCUSDT,D,H,2025-03-19,True,0,2.3688279272928967,1.3798403032158906,0.3680881364709653,1.0
BTCUSDT,D,L,2025-04-06,True,1,3.4516815790821385,0.6247850929495858,0.15326633165829145,0.0
BTCUSDT,D,H,2025-03-24,False,0,1.8036743596246496,1.5102531067714964,0.4557290773819734,1.0
BTCUSDT,D,H,2025-04-22,True,1,2.9243725180371514,0.48184197629622644,0.1414596694065582,0.0
BTCUSDT,D,L,2025-04-03,False,1,1.9587685831472619,0.7271759141815882,0.27073378281076127,0.0
BTCUSDT,D,H,2025-04-22,True,1,2.9243725180371514,0.48184197629622644,0.1414596694065582,0.0
BTCUSDT,D,L,2025-04-06,True,1,3.4516815790821385,0.6247850929495858,0.15326633165829145,0.0
BTCUSDT,D,L,2026-02-03,False,0,4.131878214931183,2.4808563881551486,0.3751634591530817,0.0
BTCUSDT,D,H,2025-04-21,True,0,1.259591114308548,0.2958627046625558,0.19020989312190706,0.0
BTCUSDT,D,L,2025-11-21,False,0,5.050009670556377,2.4000870350074135,0.3221551517868231,
BTCUSDT,D,L,2025-11-21,False,0,5.050009670556377,2.4000870350074135,0.3221551517868231,
BTCUSDT,D,H,2025-05-01,True,1,1.5302969808706275,1.236386908885938,0.4468840525885756,0.0
BTCUSDT,D,H,2025-05-01,True,1,1.5302969808706275,1.236386908885938,0.4468840525885756,0.0
BTCUSDT,D,L,2025-11-17,True,0,3.3277471200456006,1.798188078844818,0.3508019530239206,0.0
BTCUSDT,D,H,2025-05-08,True,0,4.497346017078934,1.463473667817372,0.24551550712489478,0.0
BTCUSDT,D,L,2025-11-16,False,1,2.965857027300949,0.34056328391517093,0.10300060242187112,0.0
BTCUSDT,D,H,2025-05-18,True,0,1.849604180919412,1.2935130936643204,0.4115382852953301,0.0
BTCUSDT,D,L,2025-06-05,False,0,1.9905220367993124,3.044565682498931,0.6046698393813211,1.0
BTCUSDT,D,L,2025-06-05,False,0,1.9905220367993124,3.044565682498931,0.6046698393813211,1.0
BTCUSDT,D,L,2025-06-05,True,0,1.9905220367993124,3.044565682498931,0.6046698393813211,1.0
BTCUSDT,D,L,2025-05-29,True,0,1.6834072023451676,1.142182701135762,0.4042280515402014,0.0
BTCUSDT,D,L,2025-06-05,True,0,1.9905220367993124,3.044565682498931,0.6046698393813211,1.0
BTCUSDT,D,H,2025-06-09,True,0,3.691586525046963,0.17563570750944238,0.04541650232325526,1.0
BTCUSDT,D,L,2025-06-22,False,0,1.9094734475646813,2.592388595110791,0.5758480758708735,1.0
BTCUSDT,D,L,2025-06-20,False,0,1.9838742825634694,1.0319556881124834,0.3421796646848715,0.0
BTCUSDT,D,H,2025-07-02,False,0,4.129450803063186,0.7163908811334015,0.14783621253449492,0.0
BTCUSDT,D,L,2025-06-20,True,0,1.9838742825634694,1.0319556881124834,0.3421796646848715,0.0
BTCUSDT,D,H,2025-06-25,True,0,2.832339215625677,0.5006644620947552,0.15021419431411448,0.0
BTCUSDT,D,L,2025-11-13,False,0,1.891285907042072,1.5303902242662246,0.4472633193606993,0.0
BTCUSDT,D,H,2025-06-29,True,0,3.521425134778377,0.20387125427157912,0.054726183632216006,0.0
BTCUSDT,D,L,2025-10-10,False,0,4.389753313628167,4.749525960626845,0.5196827690785281,0.0
BTCUSDT,D,L,2025-08-30,False,0,1.4262683012473112,1.1443794751225156,0.44517163558617345,1.0
BTCUSDT,D,L,2025-07-25,False,0,0.8728392681740172,3.2719423866046107,0.7894124851745332,1.0
BTCUSDT,D,H,2025-08-11,False,0,2.6594749104293487,1.8239520723613385,0.4068209606986904,0.0
BTCUSDT,D,H,2025-08-11,False,0,2.6594749104293487,1.8239520723613385,0.4068209606986904,0.0
BTCUSDT,D,L,2025-07-25,False,1,0.8728392681740172,3.2719423866046107,0.7894124851745332,1.0
BTCUSDT,D,L,2025-08-01,True,0,2.355922040517199,2.0967677461345686,0.4708991298743155,1.0
BTCUSDT,D,H,2025-08-11,False,0,2.6594749104293487,1.8239520723613385,0.4068209606986904,0.0
BTCUSDT,D,L,2025-08-22,False,0,2.5594460088061113,3.1783499782476725,0.5539322041806642,0.0
BTCUSDT,D,H,2025-08-07,True,0,2.198047710725186,0.9439935957244718,0.3004395880432059,0.0
BTCUSDT,D,L,2025-08-18,True,0,2.9502801138096233,1.5289803756524039,0.3413466082737329,0.0
BTCUSDT,D,H,2025-09-18,False,0,1.216242337755006,3.418382901436774,0.7375748253666561,1.0
BTCUSDT,D,L,2025-08-29,True,0,2.942901996795296,0.30269849109894287,0.0932642487046627,0.0
BTCUSDT,D,H,2025-09-10,True,1,2.6797704874850394,1.40319874478185,0.34367115326087955,0.0
BTCUSDT,D,L,2025-10-10,False,0,4.389753313628167,4.749525960626845,0.5196827690785281,0.0
BTCUSDT,D,H,2025-09-10,True,1,2.6797704874850394,1.40319874478185,0.34367115326087955,0.0
BTCUSDT,D,H,2025-09-15,False,0,3.5855485619483054,0.9294208533326526,0.2058531892125379,0.0
BTCUSDT,D,L,2025-09-22,True,0,2.68469635391842,2.747197490931186,0.5057531625983476,1.0
BTCUSDT,D,H,2025-10-01,True,0,4.32061856625884,2.592959544110245,0.37505319282084715,0.0
BTCUSDT,D,L,2025-10-10,False,0,4.389753313628167,4.749525960626845,0.5196827690785281,0.0
BTCUSDT,D,L,2025-11-04,True,0,4.255238669144933,0.9504950091917213,0.18258617668958918,0.0
BTCUSDT,D,H,2025-10-27,False,0,2.0875041855297773,3.290776737551313,0.6118640481252705,1.0
BTCUSDT,D,L,2025-11-04,True,0,4.255238669144933,0.9504950091917213,0.18258617668958918,0.0
BTCUSDT,D,H,2025-10-26,True,0,2.1268393403204304,0.36961919448001795,0.14805741386350046,0.0
BTCUSDT,D,L,2025-10-30,False,0,2.2097210473606923,1.3050005347645575,0.37129556474725417,0.0
BTCUSDT,D,L,2025-11-03,False,0,2.8699619233005618,0.8969178089329142,0.2381063035429351,0.0
BTCUSDT,D,L,2025-11-13,False,0,1.891285907042072,1.5303902242662246,0.4472633193606993,0.0
BTCUSDT,D,L,2026-01-31,True,0,4.437296171558546,1.5865539227058556,0.2633787192374674,0.0
BTCUSDT,D,H,2025-12-03,True,0,2.442992511080544,3.590860461561976,0.5951189858027585,
BTCUSDT,D,L,2026-01-29,False,0,2.9298872365492032,1.7803923062999532,0.3779801793298723,0.0
BTCUSDT,D,H,2025-12-09,False,0,1.4960378706603825,4.483308545290886,0.7497990973278684,1.0
BTCUSDT,D,L,2025-12-14,False,0,1.7921180600443518,1.2064400003977775,0.40234005014393187,1.0
BTCUSDT,D,H,2026-01-05,False,0,3.5724361197826306,6.905357555786797,0.659046910981621,1.0
BTCUSDT,D,L,2025-12-14,True,0,1.7921180600443518,1.2064400003977775,0.40234005014393187,1.0
BTCUSDT,D,L,2025-12-18,False,0,2.621166472268362,0.48575809157190536,0.15634692171975087,1.0
BTCUSDT,D,H,2025-12-22,False,0,1.2455382175042997,1.7829860629926297,0.5887309784751245,0.0
BTCUSDT,D,L,2026-01-29,False,0,2.9298872365492032,1.7803923062999532,0.3779801793298723,0.0
BTCUSDT,D,H,2026-01-02,False,1,1.536273643456162,2.216077378271232,0.5905837075048115,0.0
BTCUSDT,D,L,2026-01-25,False,0,1.8427509786625644,0.8960513343826165,0.3271690439702921,0.0
BTCUSDT,D,H,2025-12-29,False,0,0.31682032567172586,1.26821499455791,0.8001178133835997,0.0
BTCUSDT,D,H,2026-01-02,False,1,1.536273643456162,2.216077378271232,0.5905837075048115,0.0
BTCUSDT,D,L,2026-01-25,True,0,1.8427509786625644,0.8960513343826165,0.3271690439702921,0.0
BTCUSDT,D,H,2026-01-13,True,0,2.910177935943059,5.740688018979834,0.6635969218449187,1.0
BTCUSDT,D,L,2026-01-20,True,0,4.116099133216038,0.7034230725380806,0.14595286472552205,0.0
BTCUSDT,D,L,2026-01-20,True,0,4.116099133216038,0.7034230725380806,0.14595286472552205,0.0
BTCUSDT,D,L,2026-01-25,True,0,1.8427509786625644,0.8960513343826165,0.3271690439702921,0.0
BTCUSDT,D,L,2026-01-29,True,0,2.9298872365492032,1.7803923062999532,0.3779801793298723,0.0
BTCUSDT,D,L,2026-06-05,False,0,7.03006980859314,0.8746831231616723,0.11065280986176217,0.0
BTCUSDT,D,H,2026-03-04,True,0,3.17539901827068,5.899723697894048,0.6500985036142137,
BTCUSDT,D,L,2026-02-23,True,0,1.6241830065359482,1.9299670917318008,0.543017891301902,1.0
BTCUSDT,D,H,2026-03-04,True,0,3.17539901827068,5.899723697894048,0.6500985036142137,
BTCUSDT,D,L,2026-02-23,True,0,1.6241830065359482,1.9299670917318008,0.543017891301902,1.0
BTCUSDT,D,H,2026-02-25,False,0,3.2060033033336723,1.1742564690284385,0.2680791848094447,0.0
BTCUSDT,D,L,2026-06-04,False,0,6.212656695556677,1.7704523190006423,0.22177478921710775,0.0
BTCUSDT,D,H,2026-03-02,False,0,2.033098377256652,0.7461177374378304,0.26846337479582827,0.0
BTCUSDT,D,L,2026-06-04,False,0,6.212656695556677,1.7704523190006423,0.22177478921710775,0.0
BTCUSDT,D,H,2026-03-16,True,1,2.978890101925668,5.056104989862477,0.6292604951345736,1.0
BTCUSDT,D,L,2026-03-27,False,0,2.0828660732199236,1.2509318803391722,0.3752272626491064,1.0
BTCUSDT,D,H,2026-03-13,False,0,1.5561203940792125,0.9205894076082076,0.3716985360905004,0.0
BTCUSDT,D,H,2026-03-16,True,1,2.978890101925668,5.056104989862477,0.6292604951345736,1.0
BTCUSDT,D,H,2026-04-14,False,0,1.4922149321399147,6.742225156431669,0.8187836797536568,
BTCUSDT,D,L,2026-03-27,True,0,2.0828660732199236,1.2509318803391722,0.3752272626491064,1.0
BTCUSDT,D,H,2026-04-07,False,0,2.8101296897459465,1.858029297285074,0.3980218545355913,0.0
BTCUSDT,D,L,2026-06-03,True,0,6.525174955927131,0.5320396388695959,0.07538946587537071,0.0
BTCUSDT,D,H,2026-04-06,False,0,1.3231337536699186,1.34006353178996,0.503178468642273,0.0
BTCUSDT,D,L,2026-06-03,True,0,6.525174955927131,0.5320396388695959,0.07538946587537071,0.0
BTCUSDT,D,L,2026-06-02,True,0,6.114303968962649,0.5678865042953439,0.08498508184823758,0.0
BTCUSDT,D,H,2026-04-17,True,0,2.7618358691443534,5.6990283976816025,0.6735752067347086,
BTCUSDT,D,L,2026-05-28,False,0,2.227693726610033,1.5560135506642288,0.4112404677840624,0.0
BTCUSDT,D,H,2026-04-22,False,0,1.7825039442732582,4.964960044654297,0.735826090039412,1.0
BTCUSDT,D,L,2026-05-28,True,0,2.227693726610033,1.5560135506642288,0.4112404677840624,0.0
BTCUSDT,D,H,2026-04-27,False,0,1.529946436297986,5.540217537263327,0.7836052399888914,1.0
BTCUSDT,D,H,2026-05-04,True,0,2.409652021772944,5.232601088646967,0.6846935076662826,1.0
BTCUSDT,D,L,2026-05-23,False,0,0.7405326351900349,1.540012638801118,0.6752826424296158,0.0
BTCUSDT,D,H,2026-09-21,True,0,5.451870292565888,1.8753316269493003,0.2559410328183481,
BTCUSDT,D,L,2026-05-13,False,0,1.643639109097772,2.290327833662724,0.5821929535726049,0.0
BTCUSDT,D,H,2026-09-21,True,1,5.451870292565888,1.8753316269493003,0.2559410328183481,
BTCUSDT,D,H,2026-09-03,False,0,6.408903323484164,0.4204341774315656,0.06156295209823655,0.0
BTCUSDT,D,L,2026-05-22,True,0,3.4274961875858696,0.34090531624164205,0.0904641705230691,0.0
BTCUSDT,D,H,2026-08-21,True,1,9.441943718755736,2.2015828300865548,0.18908213253530623,0.0
BTCUSDT,D,L,2026-05-28,True,0,2.227693726610033,1.5560135506642288,0.4112404677840624,0.0
BTCUSDT,D,H,2026-08-21,True,1,9.441943718755736,2.2015828300865548,0.18908213253530623,0.0
BTCUSDT,D,L,2026-06-01,True,0,3.850946089947461,0.5375864523375573,0.12249799839871921,0.0
BTCUSDT,D,L,2026-06-24,False,1,2.3590024908077343,1.1162969991697298,0.32120886340560206,0.0
BTCUSDT,D,H,2026-06-12,False,0,1.0290741231807747,5.237137024002307,0.8357741067114559,1.0
BTCUSDT,D,L,2026-06-24,False,0,2.3590024908077343,1.1162969991697298,0.32120886340560206,0.0
BTCUSDT,D,H,2026-08-19,True,0,6.516854545578542,8.370288535635625,0.5622494853426881,0.0
BTCUSDT,D,L,2026-06-23,False,0,2.3337855479048804,1.0263393657050688,0.3054467890607142,0.0
BTCUSDT,D,H,2026-07-20,False,1,1.6005565574149532,1.1950178863428997,0.42746773887964823,1.0
BTCUSDT,D,L,2026-07-01,False,0,2.526334792616328,1.1523671977253218,0.313253751119508,1.0
BTCUSDT,D,H,2026-07-14,True,1,1.8779514490243607,0.29424287033829816,0.13545881586902947,0.0
BTCUSDT,D,H,2026-07-14,True,1,1.8779514490243607,0.29424287033829816,0.13545881586902947,0.0
BTCUSDT,D,H,2026-07-20,False,1,1.6005565574149532,1.1950178863428997,0.42746773887964823,1.0
BTCUSDT,D,L,2026-07-31,False,1,1.9134021799848153,0.7044416116418643,0.269092301800077,1.0
BTCUSDT,D,L,2026-07-24,False,0,1.835906921129579,1.0537043783687847,0.3646526363430638,0.0
BTCUSDT,D,H,2026-08-19,True,0,6.516854545578542,8.370288535635625,0.5622494853426881,0.0
BTCUSDT,D,L,2026-07-27,False,0,2.0202538032191666,0.7667163701724931,0.27510749038244,0.0
BTCUSDT,D,H,2026-08-19,True,0,6.516854545578542,8.370288535635625,0.5622494853426881,0.0
BTCUSDT,D,L,2026-07-31,False,1,1.9134021799848153,0.7044416116418643,0.269092301800077,1.0
BTCUSDT,D,H,2026-08-09,False,0,1.8972254887360904,0.6144595017895911,0.24464035263474188,0.0
BTCUSDT,D,H,2026-08-19,True,0,6.516854545578542,8.370288535635625,0.5622494853426881,0.0
BTCUSDT,D,H,2026-08-24,False,0,7.1100694776379445,1.3150485541681953,0.15608666243056551,0.0
BTCUSDT,D,H,2026-08-28,False,0,5.654181120377885,1.54738357074323,0.21486769016336343,0.0
BTCUSDT,D,H,2026-09-03,False,0,6.408903323484164,0.4204341774315656,0.06156295209823655,0.0
BTCUSDT,D,L,2026-09-01,False,0,1.3073511826805893,4.756291496315871,0.7843950819844553,1.0
BTCUSDT,D,L,2026-09-11,False,0,2.193725688118567,6.336371805603432,0.7428252502702213,1.0
BTCUSDT,D,H,2026-09-21,True,1,5.451870292565888,1.8753316269493003,0.2559410328183481,
BTCUSDT,D,H,2026-09-18,True,1,3.0558146355770686,0.7287432174805708,0.1925570293216157,0.0
BTCUSDT,D,L,2026-09-15,True,0,1.919386451336752,5.909551134955605,0.7548343654319847,1.0
BTCUSDT,D,H,2026-09-18,True,1,3.0558146355770686,0.7287432174805708,0.1925570293216157,0.0
BTCUSDT,D,L,2026-09-28,False,0,1.5791283052167764,3.441317401414789,0.6854605352805854,
SOLUSDT,W,L,2022-11-07,False,0,4.079683794466403,1.9062450592885374,0.3184543461609572,
SOLUSDT,W,L,2022-11-07,True,0,4.079683794466403,1.9062450592885374,0.3184543461609572,
SOLUSDT,W,H,2021-08-09,True,0,2.5611797788030843,0.40781875134968204,0.13735902770174097,0.0
SOLUSDT,W,L,2022-11-07,True,0,4.079683794466403,1.9062450592885374,0.3184543461609572,
SOLUSDT,W,H,2021-08-02,False,0,1.2614843840036882,0.5247781491298832,0.2937855658928731,0.0
SOLUSDT,W,L,2022-11-07,True,0,4.079683794466403,1.9062450592885374,0.3184543461609572,
SOLUSDT,W,L,2022-01-17,True,0,2.2538049303322607,1.6638585209003212,0.42470685438200034,
SOLUSDT,W,H,2021-10-18,True,0,2.7413148314393854,0.4422229339877563,0.13890927847322784,0.0
SOLUSDT,W,L,2022-01-03,True,0,2.5342802081910745,0.5352210133381894,0.1743674215159737,0.0
SOLUSDT,W,H,2024-03-11,False,0,4.786495741700206,2.2609792977696745,0.3208211856171041,
SOLUSDT,W,L,2022-02-21,False,0,0.7056385816778471,1.7076260284734992,0.7075999959931483,1.0
SOLUSDT,W,H,2022-03-28,True,0,2.1592929217056005,2.3822329051804,0.5245446125347331,1.0
SOLUSDT,W,L,2022-05-02,False,0,2.9341690795125523,2.3737503579496644,0.44720919108082474,
SOLUSDT,W,H,2022-03-21,True,0,1.0561573071154806,0.49791701383102804,0.3203945957538065,0.0
SOLUSDT,W,H,2024-03-04,True,0,2.840015105179096,2.6136355194572034,0.4792451330949542,0.0
SOLUSDT,W,L,2022-05-30,False,0,4.83050562741475,0.7741508483117757,0.13812636896919242,0.0
SOLUSDT,W,L,2022-11-07,True,0,4.079683794466403,1.9062450592885374,0.3184543461609572,
SOLUSDT,W,H,2022-08-08,False,0,1.400367550538199,7.082698871094776,0.8349220103986135,1.0
SOLUSDT,W,H,2023-11-06,True,0,8.616591432810381,18.75895703778529,0.6852449753813867,0.0
SOLUSDT,W,L,2022-10-10,False,1,1.2221670473731254,0.6020458834045092,0.33003048780487815,0.0
SOLUSDT,W,H,2023-10-30,True,1,6.440659001466163,1.9481055637009033,0.23222794591113974,0.0
SOLUSDT,W,L,2022-10-10,False,1,1.2221670473731254,0.6020458834045092,0.33003048780487815,0.0
SOLUSDT,W,L,2022-11-07,True,0,4.079683794466403,1.9062450592885374,0.3184543461609572,
SOLUSDT,W,H,2023-10-30,True,1,6.440659001466163,1.9481055637009033,0.23222794591113974,0.0
SOLUSDT,W,L,2022-12-26,False,0,0.9280564054809102,1.659066116801916,0.641278525664099,1.0
SOLUSDT,W,H,2023-01-02,False,0,2.5316072947179444,4.596995180950581,0.6448662548712918,
SOLUSDT,W,H,2023-02-20,False,0,0.8264506442724916,3.592219234132418,0.8129639309984319,1.0
SOLUSDT,W,L,2023-03-06,False,0,1.5668162733458801,2.796261441693612,0.6408919630413463,1.0
SOLUSDT,W,H,2023-07-10,True,0,4.140317232010868,3.1843861121099524,0.434746086292478,0.0
SOLUSDT,W,L,2023-06-05,True,0,3.202214983713355,2.3582627578718784,0.424111536358666,1.0
SOLUSDT,W,H,2023-04-10,True,0,1.914325370735627,0.3677697421287161,0.16115443219503436,1.0
SOLUSDT,W,H,2023-07-10,True,0,4.140317232010868,3.1843861121099524,0.434746086292478,0.0
SOLUSDT,W,H,2023-07-03,False,0,2.5360357551190114,1.3832657727886917,0.35293680849483916,0.0
SOLUSDT,W,H,2023-10-23,False,0,4.245394453788086,1.632886142292799,0.27778295295761524,0.0
SOLUSDT,W,H,2023-10-16,True,0,2.938928424184846,1.141341172674638,0.2797220001230089,0.0
SOLUSDT,W,H,2023-12-04,True,0,7.136061888155217,8.216130574094073,0.5351763661312455,0.0
SOLUSDT,W,H,2024-02-26,True,0,2.431883077339468,0.516557277217674,0.17519678714859446,0.0
SOLUSDT,W,L,2026-02-02,False,0,2.8289847500244916,3.181922084707572,0.5293580772741101,
SOLUSDT,W,H,2024-11-04,False,0,3.3313744608243163,1.8462753160867782,0.35658559300784487,0.0
SOLUSDT,W,L,2024-08-05,False,0,2.349420351246209,2.131257212135376,0.4756551173316091,1.0
SOLUSDT,W,L,2024-08-05,False,0,2.349420351246209,2.131257212135376,0.4756551173316091,1.0
SOLUSDT,W,H,2024-07-29,False,0,0.6794273919701709,2.6895958452626676,0.7983310460843774,1.0
SOLUSDT,W,L,2024-08-05,False,1,2.349420351246209,2.131257212135376,0.4756551173316091,1.0
SOLUSDT,W,H,2024-11-04,True,0,3.3313744608243163,1.8462753160867782,0.35658559300784487,0.0
SOLUSDT,W,L,2025-03-31,True,0,4.457823642923064,0.6314623710042792,0.12407680945347124,
SOLUSDT,W,L,2025-03-10,False,0,3.6228632478632483,0.36085470085470067,0.09058239200163051,0.0
SOLUSDT,W,H,2024-10-14,True,0,1.6734503674504588,0.9437645465055289,0.3605987958699977,0.0
SOLUSDT,W,L,2025-02-24,False,0,2.6527127513081803,1.319121292141202,0.3321189349078636,0.0
SOLUSDT,W,L,2025-02-17,False,0,2.8387956893678488,0.28463504055105,0.0911289748879562,0.0
SOLUSDT,W,L,2025-03-31,True,1,4.457823642923064,0.6314623710042792,0.12407680945347124,
SOLUSDT,W,H,2025-04-21,True,0,1.2615027004854038,3.533978259383333,0.736939274487301,
SOLUSDT,W,L,2026-02-02,True,0,2.8289847500244916,3.181922084707572,0.5293580772741101,
SOLUSDT,W,H,2025-07-21,True,0,2.5574649035941053,4.365060872604415,0.6305589915768391,1.0
SOLUSDT,W,L,2025-11-17,False,0,2.7847298224786217,0.9172494388692053,0.24777271132935805,0.0
SOLUSDT,W,H,2025-08-11,False,0,1.285375205404418,3.8225305824356415,0.7483557334858452,1.0
SOLUSDT,W,L,2025-10-06,False,0,1.8376886869014775,2.306443759130011,0.5565564781450728,0.0
SOLUSDT,W,L,2025-11-10,True,0,2.6749966768576368,0.30014621826399057,0.10088463944240911,0.0
SOLUSDT,W,L,2025-12-15,False,0,0.5913103197527624,0.8701395762215441,0.5953947368421051,1.0
SOLUSDT,W,H,2026-01-12,False,0,0.7360702349478724,3.4900483862922136,0.8258283070313146,1.0
SOLUSDT,W,L,2026-01-26,True,0,2.249791060742821,0.25928526058904183,0.10333892930423438,0.0
SOLUSDT,W,L,2026-06-01,True,0,2.926372330669461,4.505567928730512,0.6062438302073051,1.0
SOLUSDT,W,L,2026-06-01,True,0,2.926372330669461,4.505567928730512,0.6062438302073051,1.0
SOLUSDT,W,H,2026-05-11,False,0,0.2907251990531525,4.79244673983215,0.9428063416802489,1.0
SOLUSDT,W,L,2026-06-01,True,1,2.926372330669461,4.505567928730512,0.6062438302073051,1.0
SOLUSDT,W,H,2026-05-04,True,0,1.3516440628353987,0.08400819592155358,0.058515699333967816,0.0
SOLUSDT,W,L,2026-05-25,False,0,1.4502172925990786,0.5230589608873325,0.26507132995858274,0.0
SOLUSDT,W,H,2026-08-17,False,0,2.7102034477403314,5.800900760987733,0.6815685272704051,
SOLUSDT,W,H,2026-08-17,True,0,2.7102034477403314,5.800900760987733,0.6815685272704051,
SOLUSDT,W,H,2026-09-14,True,0,3.9737007763866545,3.6926627963908523,0.48167071145740203,
SOLUSDT,D,L,2020-10-02,False,0,1.920723551516953,0.7927220228869881,0.2921459086427869,0.0
SOLUSDT,D,H,2020-10-12,False,0,2.0444649116074407,2.4617391971755316,0.5462999761545186,1.0
SOLUSDT,D,H,2020-10-12,False,0,2.0444649116074407,2.4617391971755316,0.5462999761545186,1.0
SOLUSDT,D,H,2021-01-07,False,0,3.1124536399897367,2.9543980779547945,0.486973840025837,0.0
SOLUSDT,D,L,2020-10-19,True,0,2.629589072675927,0.18598351680018452,0.06605530878349336,0.0
SOLUSDT,D,H,2020-11-06,True,0,3.939682682367746,5.095599802238303,0.5639668500591963,
SOLUSDT,D,H,2020-11-21,False,0,2.009173162234642,1.0895009899997503,0.35160231004416287,1.0
SOLUSDT,D,H,2020-11-16,False,0,1.5742957567113232,0.8272630023941732,0.3444691907943581,0.0
SOLUSDT,D,L,2020-11-26,False,0,2.2132062906613386,2.25731263767225,0.5049330231811984,0.0
SOLUSDT,D,H,2020-11-21,True,0,2.009173162234642,1.0895009899997503,0.35160231004416287,1.0
SOLUSDT,D,H,2021-01-07,False,0,3.1124536399897367,2.9543980779547945,0.486973840025837,0.0
SOLUSDT,D,L,2020-11-26,True,0,2.2132062906613386,2.25731263767225,0.5049330231811984,0.0
SOLUSDT,D,H,2021-01-04,False,1,4.466656738644826,0.15511541325390873,0.033561891014074245,0.0
SOLUSDT,D,L,2020-12-08,True,0,2.4437663469921542,1.6913687881429813,0.4090238245835968,0.0
SOLUSDT,D,H,2021-01-03,False,0,3.610481586402266,1.4584513692162413,0.28772354694485835,0.0
SOLUSDT,D,H,2021-01-01,True,0,3.2557361376673044,2.1420490758444872,0.3968385163756586,0.0
SOLUSDT,D,H,2021-01-01,True,0,3.2557361376673044,2.1420490758444872,0.3968385163756586,0.0
SOLUSDT,D,L,2021-01-22,False,0,1.2244699655774816,2.395393791542191,0.6617358973333867,1.0
SOLUSDT,D,L,2021-01-21,False,0,1.7077142857142855,0.5657142857142856,0.2488375015709438,0.0
SOLUSDT,D,L,2022-12-29,False,0,6.9641760491299864,2.7188424676653944,0.2807845986196877,1.0
SOLUSDT,D,L,2022-11-09,False,0,7.644829671437209,0.7958072969159438,0.09428284854563687,
SOLUSDT,D,H,2021-03-11,True,0,2.3344218631004368,1.1739933093298573,0.3346221161495625,0.0
SOLUSDT,D,L,2022-11-09,True,1,7.644829671437209,0.7958072969159438,0.09428284854563687,
SOLUSDT,D,H,2021-03-22,False,0,1.3678107606679026,2.6157235621521338,0.6566338708738432,1.0
SOLUSDT,D,L,2021-03-25,True,0,2.5739897610230864,0.7671543333535695,0.22960827539426867,1.0
SOLUSDT,D,L,2021-03-24,True,0,2.2085739173069183,0.40980382952310873,0.15651058370750479,0.0
SOLUSDT,D,H,2021-03-27,False,0,3.5153695368879845,1.3024628491956602,0.2703420843277647,0.0
SOLUSDT,D,L,2022-11-09,True,1,7.644829671437209,0.7958072969159438,0.09428284854563687,
SOLUSDT,D,L,2021-04-14,False,0,1.2755702922577954,1.727999130292982,0.5753151957531519,0.0
SOLUSDT,D,L,2022-11-08,False,1,5.190193164933135,3.9767211490837058,0.43381240544629357,0.0
SOLUSDT,D,L,2021-05-10,False,0,1.5403592538620245,5.090652673802462,0.7677037425561448,1.0
SOLUSDT,D,L,2021-05-07,False,0,1.218759749997485,0.45520536639861486,0.27193240882978026,0.0
SOLUSDT,D,L,2021-05-10,False,0,1.5403592538620245,5.090652673802462,0.7677037425561448,1.0
SOLUSDT,D,H,2021-05-12,False,0,1.0480528379513134,1.3358663200976193,0.5603656128972638,1.0
SOLUSDT,D,L,2021-05-13,False,0,1.8007017365365081,4.384974416149832,0.7088916891075049,1.0
SOLUSDT,D,L,2021-05-23,True,0,3.1393783566915285,0.5188553990443445,0.14183221567807497,
SOLUSDT,D,L,2022-11-08,False,1,5.190193164933135,3.9767211490837058,0.43381240544629357,0.0
SOLUSDT,D,H,2021-06-03,True,0,1.7344311006561843,2.3469109818001725,0.5750341271045047,1.0
SOLUSDT,D,L,2021-06-22,False,0,3.0963572443713065,1.639703792355449,0.3462167779595808,
SOLUSDT,D,H,2021-08-13,True,0,2.40289727480091,3.832926487654566,0.6146624140874175,0.0
SOLUSDT,D,L,2021-06-20,False,1,1.4393205033074943,2.124058666582467,0.596079890832403,0.0
SOLUSDT,D,L,2021-06-20,False,1,1.4393205033074943,2.124058666582467,0.596079890832403,0.0
SOLUSDT,D,H,2021-08-11,False,0,1.5319148936170197,0.7311673375503159,0.32308474145597776,0.0
SOLUSDT,D,L,2022-11-08,False,0,5.190193164933135,3.9767211490837058,0.43381240544629357,0.0
SOLUSDT,D,H,2021-06-28,True,0,1.3333532433401019,1.8244236053040264,0.5777557100297916,1.0
SOLUSDT,D,L,2021-07-16,True,0,4.217570245414357,2.1913012550175295,0.34191686553082873,1.0
SOLUSDT,D,H,2021-07-07,True,0,1.2342222313321172,1.4580523500112736,0.5415689618418248,1.0
SOLUSDT,D,L,2021-07-10,False,0,2.0903432579311616,1.6429467230247559,0.4400801254136909,0.0
SOLUSDT,D,H,2021-07-07,True,1,1.2342222313321172,1.4580523500112736,0.5415689618418248,1.0
SOLUSDT,D,L,2021-07-09,False,0,1.4713571365909268,0.607026932187035,0.292066775003694,0.0
SOLUSDT,D,H,2021-08-05,False,0,1.6884606233642645,1.445967166309779,0.461317747077577,0.0
SOLUSDT,D,H,2021-07-29,False,1,3.588053380882068,2.6784609812498257,0.42742437445537146,0.0
SOLUSDT,D,L,2022-11-08,False,0,5.190193164933135,3.9767211490837058,0.43381240544629357,0.0
SOLUSDT,D,H,2021-07-29,True,1,3.588053380882068,2.6784609812498257,0.42742437445537146,0.0
SOLUSDT,D,H,2021-08-05,True,0,1.6884606233642645,1.445967166309779,0.461317747077577,0.0
SOLUSDT,D,L,2022-06-12,True,0,3.36419650291424,1.9837801831806836,0.3709403199790749,1.0
SOLUSDT,D,H,2021-08-10,True,0,2.4716857402745758,1.0415670678822992,0.29646800977830196,0.0
SOLUSDT,D,L,2022-06-04,False,0,2.19021207177814,1.5210440456769996,0.4098461538461541,0.0
SOLUSDT,D,L,2022-05-09,True,0,4.5490734385724085,3.535758407687027,0.43733233726102755,0.0
SOLUSDT,D,L,2021-09-21,True,0,1.7101359319719445,2.1066403906233844,0.5519423231987858,1.0
SOLUSDT,D,L,2021-09-17,False,0,2.583135892241437,0.6621248507452677,0.20402824400972341,0.0
SOLUSDT,D,L,2021-09-20,True,1,1.3742894155299852,2.374370697757119,0.6333918322819334,1.0
SOLUSDT,D,H,2021-10-02,False,0,2.3768683751509467,2.549362672749228,0.5175077352159323,0.0
SOLUSDT,D,L,2022-01-21,True,0,3.4750718480569787,4.0352992627764595,0.5372969195830665,
SOLUSDT,D,H,2021-10-01,True,0,2.0408541222550154,0.5452023595146986,0.21082384060753412,0.0
SOLUSDT,D,L,2022-01-21,True,0,3.4750718480569787,4.0352992627764595,0.5372969195830665,
SOLUSDT,D,H,2021-10-01,True,0,2.0408541222550154,0.5452023595146986,0.21082384060753412,0.0
SOLUSDT,D,H,2021-10-21,True,0,4.196916770931818,2.0404001517270265,0.32712786235291125,0.0
SOLUSDT,D,L,2021-10-10,True,0,1.5684096351451193,1.6885712339462284,0.5184467768818416,1.0
SOLUSDT,D,H,2021-10-20,True,0,3.2155143061768388,3.25200474328719,0.5028210537016798,0.0
SOLUSDT,D,L,2022-01-07,True,0,3.862130592966105,1.0569477245164993,0.21486702514169456,0.0
SOLUSDT,D,H,2021-10-20,True,1,3.2155143061768388,3.25200474328719,0.5028210537016798,0.0
SOLUSDT,D,L,2021-10-27,True,0,2.239390571753997,3.01951037309957,0.5741713724527374,1.0
SOLUSDT,D,L,2021-12-04,False,0,2.0735509993947288,3.062600443866229,0.5962831271037785,0.0
SOLUSDT,D,L,2021-11-26,False,0,2.178463316837048,0.9316981541017956,0.29956584659913177,1.0
SOLUSDT,D,L,2021-11-16,False,0,2.1931337355839005,1.794936225463989,0.45007641365257256,0.0
SOLUSDT,D,H,2024-11-18,False,0,2.4239982645883056,1.2460255973225085,0.339514304049718,0.0
SOLUSDT,D,L,2021-11-26,False,1,2.178463316837048,0.9316981541017956,0.29956584659913177,1.0
SOLUSDT,D,H,2021-12-02,False,0,2.515404316605411,0.6095557714386652,0.1950603381370507,1.0
SOLUSDT,D,L,2021-12-04,False,0,2.0735509993947288,3.062600443866229,0.5962831271037785,0.0
SOLUSDT,D,H,2024-11-18,False,0,2.4239982645883056,1.2460255973225085,0.339514304049718,0.0
SOLUSDT,D,L,2021-12-11,False,0,3.2900738369766858,1.592193715425084,0.326117669368985,0.0
SOLUSDT,D,L,2022-01-05,False,0,2.3643654347390233,1.561023858851834,0.3976736425608999,0.0
SOLUSDT,D,H,2021-12-19,False,0,1.88048987551379,3.7245584984323643,0.6645006875846358,1.0
SOLUSDT,D,H,2021-12-23,True,0,1.439271552357175,3.518654153184351,0.7097028802290268,1.0
SOLUSDT,D,L,2021-12-30,False,0,2.5358283377220014,1.9279511457224474,0.4319100333860479,0.0
SOLUSDT,D,H,2024-03-17,False,0,4.041378764006373,2.538469663494971,0.3857945500515031,1.0
SOLUSDT,D,L,2022-01-03,False,0,3.082527975584943,1.9832146490335705,0.39149534352486387,0.0
SOLUSDT,D,H,2024-03-15,True,0,3.372041796672194,1.4575908946564577,0.3018016043483979,0.0
SOLUSDT,D,L,2022-01-20,True,0,2.2756972111553786,0.26475431606905697,0.10421545667447302,0.0
SOLUSDT,D,H,2024-03-13,True,0,2.0055367833875795,1.1297625392620032,0.36033642182120657,0.0
SOLUSDT,D,H,2024-03-08,False,0,3.3446448499295944,1.0528240813774816,0.2394159226190478,0.0
SOLUSDT,D,H,2024-03-07,True,0,3.550834617115833,0.7040960586292365,0.16547768043387548,0.0
SOLUSDT,D,L,2022-02-24,False,0,0.7938446098519697,2.726352764071255,0.7744886080159653,1.0
SOLUSDT,D,H,2022-02-01,True,0,1.8301684368629982,2.5391052462182175,0.581127535235476,1.0
SOLUSDT,D,L,2022-02-20,False,0,1.8510173783948998,1.2140424417081468,0.3960909453530114,0.0
SOLUSDT,D,L,2022-02-19,False,0,1.7122641509433956,0.666273584905661,0.2801189885969264,0.0
SOLUSDT,D,H,2022-02-05,True,0,1.5430611334225786,2.3520749665327982,0.603849238171612,1.0
SOLUSDT,D,L,2022-02-12,False,0,2.557976106816585,0.6621222768798304,0.2056217537427434,0.0
SOLUSDT,D,H,2022-03-30,False,0,4.849913976318184,3.2488614512701153,0.40115465360391894,1.0
SOLUSDT,D,L,2022-02-18,True,0,1.7968938601432365,0.07548080791824112,0.040312876052947526,0.0
SOLUSDT,D,H,2022-03-02,False,0,2.8253212755830552,2.353323814056798,0.45442847951962256,0.0
SOLUSDT,D,H,2022-03-01,True,0,2.607974481658692,0.7993620414673043,0.23460026212319784,0.0
SOLUSDT,D,L,2022-05-08,False,0,2.7845922961480736,1.2991495747873945,0.3181272509003603,0.0
SOLUSDT,D,H,2022-03-27,True,0,3.214100101683425,2.36312281098181,0.4237095859330687,0.0
SOLUSDT,D,L,2022-03-13,True,0,1.4660574412532643,0.4490861618798953,0.23449216087252878,1.0
SOLUSDT,D,H,2022-03-17,False,0,1.6878734622144105,3.050966608084361,0.6438213914849432,0.0
SOLUSDT,D,L,2022-05-07,False,0,2.315471394037067,0.5006043513295725,0.1777666499749623,0.0
SOLUSDT,D,H,2022-03-23,True,0,1.4399899774492604,2.034577800050115,0.5855628470469464,0.0
SOLUSDT,D,L,2022-04-30,True,0,4.308946877912396,1.1351351351351342,0.20850808867585363,0.0
SOLUSDT,D,H,2024-03-05,False,0,3.09691553761891,2.124185644277889,0.40684628975265014,0.0
SOLUSDT,D,L,2022-04-11,True,0,3.9752850413053875,1.2425752713866323,0.23813885326982964,0.0
SOLUSDT,D,L,2022-04-18,False,0,4.312301838934688,1.745561192136968,0.2881480124564937,0.0
SOLUSDT,D,L,2022-04-25,False,0,1.4330256410256417,2.0562051282051272,0.5893004115226336,0.0
SOLUSDT,D,H,2023-12-24,True,0,5.125971009850243,3.2109073436373836,0.38514503960515883,
SOLUSDT,D,L,2022-04-29,True,0,2.869974646867078,1.237232886635276,0.3012345679012343,0.0
SOLUSDT,D,L,2022-05-05,False,0,3.9095901985635826,1.026193493874102,0.20790892750149786,0.0
SOLUSDT,D,H,2023-12-21,False,0,3.5990277619535913,2.2587634347347225,0.3855998547731964,0.0
SOLUSDT,D,L,2022-06-04,False,0,2.19021207177814,1.5210440456769996,0.4098461538461541,0.0
SOLUSDT,D,H,2023-11-11,False,0,7.306930073104679,8.50572157605548,0.5379060871493514,0.0
SOLUSDT,D,L,2022-05-24,False,0,1.0208222912092078,1.331415158628,0.5660207300585848,0.0
SOLUSDT,D,H,2023-11-10,True,0,8.756936819577561,0.6802642597934302,0.0720832643145049,0.0
SOLUSDT,D,L,2022-06-01,False,0,1.7624555160142346,0.6206998813760387,0.26045296167247417,0.0
SOLUSDT,D,H,2023-11-09,False,1,6.455799100014519,2.715923936710699,0.29611927070144334,0.0
SOLUSDT,D,L,2022-06-11,True,0,2.5823206259364095,0.3682370567671047,0.12480252764612937,0.0
SOLUSDT,D,H,2022-07-19,False,0,4.199680875313426,1.1871438340551628,0.22037914691943125,1.0
SOLUSDT,D,L,2022-06-10,False,0,1.83909197129027,0.3435152729093638,0.15738758029978567,0.0
SOLUSDT,D,L,2022-11-08,True,0,5.190193164933135,3.9767211490837058,0.43381240544629357,0.0
SOLUSDT,D,H,2022-06-20,False,0,1.570147606566423,1.8868809490964282,0.5458100558659219,0.0
SOLUSDT,D,L,2022-10-21,False,1,2.2033426183844016,1.4753946146703805,0.401060070671378,1.0
SOLUSDT,D,H,2022-06-24,True,0,2.87139689578714,0.6014412416851445,0.1731843575418995,0.0
SOLUSDT,D,H,2022-07-18,True,0,3.8660130718954258,1.6503267973856202,0.29917061611374396,1.0
SOLUSDT,D,L,2022-08-28,True,0,2.026924893717525,1.0878601794992915,0.3492569002123142,1.0
SOLUSDT,D,H,2022-07-16,False,0,2.7655622489959844,1.1736947791164647,0.2979482604817125,0.0
SOLUSDT,D,L,2022-08-26,True,0,5.434681543468156,0.28963272896327313,0.05059693007390565,0.0
SOLUSDT,D,H,2022-08-13,False,0,2.4825291181364397,0.6688851913477531,0.212249208025343,1.0
SOLUSDT,D,L,2022-08-19,False,0,4.130771033513007,1.3419264119990622,0.24520383693045555,0.0
SOLUSDT,D,H,2022-08-13,False,0,2.4825291181364397,0.6688851913477531,0.212249208025343,1.0
SOLUSDT,D,L,2022-08-19,True,0,4.130771033513007,1.3419264119990622,0.24520383693045555,0.0
SOLUSDT,D,H,2022-08-11,False,0,1.6992753623188406,1.2332427536231887,0.4205405405405406,0.0
SOLUSDT,D,L,2022-08-19,True,0,4.130771033513007,1.3419264119990622,0.24520383693045555,0.0
SOLUSDT,D,H,2023-11-09,False,1,6.455799100014519,2.715923936710699,0.29611927070144334,0.0
SOLUSDT,D,L,2022-08-26,True,0,5.434681543468156,0.28963272896327313,0.05059693007390565,0.0
SOLUSDT,D,H,2022-09-12,True,0,3.7222428518380988,5.692536204975864,0.6046383213694092,1.0
SOLUSDT,D,L,2022-10-13,False,1,2.216358839050133,2.4970976253298156,0.5297805642633228,0.0
SOLUSDT,D,H,2022-09-06,False,0,0.26138909634055263,2.948469006721432,0.9185667752442996,1.0
SOLUSDT,D,L,2022-09-07,False,0,1.8880281690140837,1.3704225352112682,0.4205748865355524,1.0
SOLUSDT,D,L,2022-09-21,False,1,1.3259824710206387,0.28894543398360223,0.17892156862745118,1.0
SOLUSDT,D,H,2023-11-01,True,1,6.49952643030846,2.5717138103161408,0.28350189633375483,0.0
SOLUSDT,D,H,2022-09-24,False,0,1.282732447817837,2.113851992409868,0.6223463687150839,1.0
SOLUSDT,D,L,2022-10-13,False,1,2.216358839050133,2.4970976253298156,0.5297805642633228,0.0
SOLUSDT,D,H,2022-09-27,False,0,1.052454417952313,2.462272089761573,0.7005586592178775,1.0
SOLUSDT,D,H,2022-11-05,True,0,3.197678388528508,0.9750768180266297,0.23367697594501707,1.0
SOLUSDT,D,L,2022-10-11,True,1,2.3513390830685412,0.5083976395823883,0.17777777777777806,0.0
SOLUSDT,D,H,2022-11-05,True,1,3.197678388528508,0.9750768180266297,0.23367697594501707,1.0
SOLUSDT,D,L,2022-10-11,True,1,2.3513390830685412,0.5083976395823883,0.17777777777777806,0.0
SOLUSDT,D,H,2022-11-05,True,0,3.197678388528508,0.9750768180266297,0.23367697594501707,1.0
SOLUSDT,D,H,2022-10-29,False,0,3.53955629970699,0.9493511929677675,0.2114882506527413,0.0
SOLUSDT,D,L,2022-10-21,False,1,2.2033426183844016,1.4753946146703805,0.401060070671378,1.0
SOLUSDT,D,H,2022-10-25,False,0,2.5075555555555553,1.63022222222222,0.3939849624060147,0.0
SOLUSDT,D,H,2022-10-25,False,0,2.5075555555555553,1.63022222222222,0.3939849624060147,0.0
SOLUSDT,D,L,2022-11-08,True,0,5.190193164933135,3.9767211490837058,0.43381240544629357,0.0
SOLUSDT,D,L,2022-11-07,True,1,3.51528384279476,1.0584061135371179,0.23141186299081037,0.0
SOLUSDT,D,H,2022-11-05,True,1,3.197678388528508,0.9750768180266297,0.23367697594501707,1.0
SOLUSDT,D,L,2022-11-07,True,1,3.51528384279476,1.0584061135371179,0.23141186299081037,0.0
SOLUSDT,D,H,2023-11-01,True,1,6.49952643030846,2.5717138103161408,0.28350189633375483,0.0
SOLUSDT,D,L,2022-12-28,False,0,7.194674556213013,1.1998027613412219,0.14292763157894733,0.0
SOLUSDT,D,L,2022-11-21,True,0,6.300759409162982,0.5612617875323375,0.08179248816699015,0.0
SOLUSDT,D,L,2022-12-27,False,0,5.020090732339598,2.156837329876862,0.30052374932273784,0.0
SOLUSDT,D,H,2023-01-08,False,1,1.4598866174196872,19.50123117448319,0.9303526352023254,
SOLUSDT,D,L,2022-12-16,True,1,4.105399288716455,2.0187520206918856,0.3296378418329639,0.0
SOLUSDT,D,H,2022-12-06,False,0,1.1153364286240706,0.7046945242832925,0.3871882086167797,1.0
SOLUSDT,D,L,2022-12-12,False,1,1.5707388748950448,0.8243073047858941,0.3441717791411045,1.0
SOLUSDT,D,H,2022-12-14,False,0,2.0318505149166564,1.2544856141840977,0.3817277250113076,1.0
SOLUSDT,D,L,2022-12-12,False,1,1.5707388748950448,0.8243073047858941,0.3441717791411045,1.0
SOLUSDT,D,L,2022-12-16,True,1,4.105399288716455,2.0187520206918856,0.3296378418329639,0.0
SOLUSDT,D,H,2023-01-08,False,1,1.4598866174196872,19.50123117448319,0.9303526352023254,
SOLUSDT,D,L,2022-12-24,True,0,4.654384810602499,0.6869066641601654,0.12860310421286034,0.0
SOLUSDT,D,L,2022-12-27,False,0,5.020090732339598,2.156837329876862,0.30052374932273784,0.0
SOLUSDT,D,H,2023-01-08,True,0,1.4598866174196872,19.50123117448319,0.9303526352023254,
SOLUSDT,D,L,2023-06-10,False,0,5.291014852883039,6.189190715536228,0.5391184573002755,1.0
SOLUSDT,D,H,2023-01-13,True,0,3.749940688018981,13.618695136417555,0.7840969938040234,
SOLUSDT,D,H,2023-01-20,True,0,2.2201834862385326,5.66545764881587,0.7184523809523808,1.0
SOLUSDT,D,L,2023-02-09,False,0,3.1923231028127246,4.396666399551245,0.5793480671150861,1.0
SOLUSDT,D,H,2023-01-29,False,0,1.625010936451923,5.185336405261161,0.7613908872901679,1.0
SOLUSDT,D,L,2023-02-09,True,0,3.1923231028127246,4.396666399551245,0.5793480671150861,1.0
SOLUSDT,D,H,2023-01-29,True,0,1.625010936451923,5.185336405261161,0.7613908872901679,1.0
SOLUSDT,D,H,2023-02-20,False,0,3.6989947728186583,7.036027342179333,0.6554273728369165,1.0
SOLUSDT,D,L,2023-02-09,True,1,3.1923231028127246,4.396666399551245,0.5793480671150861,1.0
SOLUSDT,D,H,2023-02-20,True,0,3.6989947728186583,7.036027342179333,0.6554273728369165,1.0
SOLUSDT,D,L,2023-02-09,True,1,3.1923231028127246,4.396666399551245,0.5793480671150861,1.0
SOLUSDT,D,H,2023-02-19,True,1,3.012197677830408,0.7746154168587818,0.2045560204556016,0.0
SOLUSDT,D,L,2023-03-08,True,0,6.596807248409018,4.355840793873369,0.39769750448090446,
SOLUSDT,D,H,2023-02-15,True,0,2.4499556381765166,0.22358359035024714,0.08362831858407083,0.0
SOLUSDT,D,L,2023-03-07,False,1,4.988049860925106,0.4132069640465647,0.07650200267022703,0.0
SOLUSDT,D,H,2023-02-19,True,1,3.012197677830408,0.7746154168587818,0.2045560204556016,0.0
SOLUSDT,D,H,2023-07-14,False,0,3.457590876692801,6.718381246535204,0.6602200915232077,1.0
SOLUSDT,D,L,2023-03-03,False,0,3.5476957001102543,1.0397353914002216,0.22664872139973097,0.0
SOLUSDT,D,L,2023-03-07,False,0,4.988049860925106,0.4132069640465647,0.07650200267022703,0.0
SOLUSDT,D,L,2023-06-10,True,0,5.291014852883039,6.189190715536228,0.5391184573002755,1.0
SOLUSDT,D,H,2023-03-18,False,0,1.328136490660392,3.05625827327548,0.6970764353645648,
SOLUSDT,D,L,2023-05-24,False,0,2.693738581630959,3.7296130210928427,0.580633484162896,1.0
SOLUSDT,D,H,2023-04-12,False,0,3.6620626151012865,3.086556169429098,0.4573611679628874,1.0
SOLUSDT,D,L,2023-05-22,False,0,2.145938503900874,0.943399112742849,0.305372616984402,0.0
SOLUSDT,D,H,2023-04-11,True,0,3.265228240129163,0.9360046969029812,0.22279285888970451,0.0
SOLUSDT,D,L,2023-04-03,False,0,0.8173662748860652,0.7703526025425749,0.48519458544839167,1.0
SOLUSDT,D,L,2023-04-08,False,0,1.2547709923664134,0.6946564885496164,0.35633871757219693,1.0
SOLUSDT,D,H,2023-04-11,True,0,3.265228240129163,0.9360046969029812,0.22279285888970451,0.0
SOLUSDT,D,L,2023-05-10,False,0,1.73017814411061,1.2001063546928996,0.40955284552845483,0.0
SOLUSDT,D,H,2023-07-13,False,0,3.5306657031885114,0.7157438352452341,0.1685527099463964,0.0
SOLUSDT,D,L,2023-04-25,False,0,2.3766441303011687,1.2063921327596794,0.3366954851104704,0.0
SOLUSDT,D,L,2023-05-08,False,0,1.9794772089004118,0.6003456470079906,0.23270808909730278,0.0
SOLUSDT,D,H,2023-07-13,True,0,3.5306657031885114,0.7157438352452341,0.1685527099463964,0.0
SOLUSDT,D,L,2023-05-08,True,0,1.9794772089004118,0.6003456470079906,0.23270808909730278,0.0
SOLUSDT,D,H,2023-07-13,True,0,3.5306657031885114,0.7157438352452341,0.1685527099463964,0.0
SOLUSDT,D,L,2023-05-21,True,0,2.041310975609757,0.3286585365853658,0.1386762719495722,0.0
SOLUSDT,D,H,2023-06-04,True,1,1.733095218767755,1.6126308953648838,0.481997282608696,1.0
SOLUSDT,D,L,2023-05-21,True,0,2.041310975609757,0.3286585365853658,0.1386762719495722,0.0
SOLUSDT,D,L,2023-06-07,False,0,3.3417886178861793,2.398439024390242,0.41782994923857847,0.0
SOLUSDT,D,H,2023-06-04,True,1,1.733095218767755,1.6126308953648838,0.481997282608696,1.0
SOLUSDT,D,L,2023-06-05,True,0,3.624030077593792,1.6429085673146129,0.31192855624069715,0.0
SOLUSDT,D,H,2023-07-08,False,0,2.4390755301405758,0.9513461996664297,0.28059818968909916,0.0
SOLUSDT,D,H,2023-06-20,True,0,1.7925925925925932,3.8148148148148144,0.6803170409511228,0.0
SOLUSDT,D,H,2023-06-29,True,0,3.9408715146420064,4.226285554154408,0.5174732796925664,0.0
SOLUSDT,D,L,2023-06-26,False,0,1.4028571428571424,2.1847619047619045,0.6089726572869658,1.0
SOLUSDT,D,H,2023-07-06,False,0,3.0868797173598836,2.0271934050639704,0.39639507620164155,0.0
SOLUSDT,D,L,2023-09-10,False,0,2.357425742574259,2.7188118811881212,0.5355958650282817,1.0
SOLUSDT,D,H,2023-07-12,False,0,0.950856935036596,0.830567804700641,0.46623794212218644,0.0
SOLUSDT,D,L,2023-08-17,False,0,3.3896316851664987,3.0991422805247253,0.47761600217716715,0.0
SOLUSDT,D,H,2023-10-25,False,0,4.594484882418811,3.1080627099664064,0.40351100368909826,0.0
SOLUSDT,D,L,2023-07-22,True,0,1.1283863368669016,1.6010993325480956,0.5865937859608746,0.0
SOLUSDT,D,H,2023-10-20,False,0,4.787051869855826,5.08015246091808,0.5148522611489929,0.0
SOLUSDT,D,L,2023-08-01,False,0,1.0787539055320714,2.3228266862709073,0.6828668683812407,0.0
SOLUSDT,D,H,2023-10-19,False,0,3.47556904400607,2.104036418816388,0.37709412123058167,0.0
SOLUSDT,D,L,2023-08-17,True,0,3.3896316851664987,3.0991422805247253,0.47761600217716715,0.0
SOLUSDT,D,H,2023-08-12,False,0,2.397843395398408,0.719704093787224,0.23085585585585597,1.0
SOLUSDT,D,H,2023-08-15,False,0,1.591245702195185,1.6967733403861438,0.5160472972972979,1.0
SOLUSDT,D,H,2023-10-19,False,0,3.47556904400607,2.104036418816388,0.37709412123058167,0.0
SOLUSDT,D,L,2023-08-22,False,0,3.668421332482588,1.8022013080236083,0.3294325758606612,0.0
SOLUSDT,D,L,2023-09-01,False,0,2.2511410181392613,0.9535400819192524,0.2975460122699391,0.0
SOLUSDT,D,H,2023-08-29,False,0,1.8454284542845423,2.6748667486674877,0.5917460317460319,1.0
SOLUSDT,D,L,2023-08-28,False,0,1.0161177295024524,0.9453398738612476,0.4819578420864596,1.0
SOLUSDT,D,L,2023-08-31,True,0,1.71289817232376,0.3801566579634462,0.18162766329025487,0.0
SOLUSDT,D,H,2023-10-01,True,0,6.184512592084977,1.9511735480555075,0.23982900943396213,0.0
SOLUSDT,D,L,2023-09-10,True,1,2.357425742574259,2.7188118811881212,0.5355958650282817,1.0
SOLUSDT,D,H,2023-09-30,True,1,3.494357515410146,0.9492650545282127,0.21362414102181065,0.0
SOLUSDT,D,L,2023-09-10,True,1,2.357425742574259,2.7188118811881212,0.5355958650282817,1.0
SOLUSDT,D,H,2023-09-18,True,0,2.357679678949289,0.9929222911346239,0.2963414634146344,0.0
SOLUSDT,D,H,2023-09-30,True,1,3.494357515410146,0.9492650545282127,0.21362414102181065,0.0
SOLUSDT,D,L,2023-09-25,False,0,1.345643392960185,0.947489901904214,0.41318570709612523,1.0
SOLUSDT,D,H,2023-09-28,True,0,1.7767212215415586,0.7667550516595049,0.30145948666331135,0.0
SOLUSDT,D,H,2023-10-16,False,0,2.737337011033099,1.3699849548645937,0.3335470085470085,0.0
SOLUSDT,D,L,2023-10-09,True,0,1.670998095664834,2.6354878458608715,0.6119810633648948,1.0
SOLUSDT,D,H,2023-10-16,False,0,2.737337011033099,1.3699849548645937,0.3335470085470085,0.0
SOLUSDT,D,L,2023-10-12,True,0,2.1429465776293797,1.8683222036727871,0.46576839038601614,1.0
SOLUSDT,D,H,2023-10-19,False,0,3.47556904400607,2.104036418816388,0.37709412123058167,0.0
SOLUSDT,D,H,2023-10-30,True,0,4.562673025792835,1.470493106378314,0.2437348937794175,0.0
SOLUSDT,D,H,2023-11-09,False,0,6.455799100014519,2.715923936710699,0.29611927070144334,0.0
SOLUSDT,D,H,2023-11-15,True,0,6.818444730077122,4.774100257069409,0.4118250360350371,0.0
SOLUSDT,D,H,2023-12-07,False,0,2.177854720180892,6.779889768230639,0.7568746548868029,0.0
SOLUSDT,D,L,2023-11-21,True,0,1.3856524287632124,0.06829655680980275,0.04697314519799773,1.0
SOLUSDT,D,H,2023-12-02,True,0,2.2966287110529082,1.0445725601673659,0.3126338329764453,0.0
SOLUSDT,D,H,2023-11-29,False,0,1.0126384046002324,0.4842234049060999,0.3234923904336885,0.0
SOLUSDT,D,H,2023-12-06,False,0,0.6910793612678591,1.555528875015006,0.6923899102180417,0.0
SOLUSDT,D,H,2023-12-15,False,0,1.4172715782880547,3.549520731038955,0.7146505249219707,0.0
SOLUSDT,D,L,2026-06-05,False,0,5.158032053671266,1.2001490868430869,0.1887566680344686,1.0
SOLUSDT,D,H,2023-12-20,True,0,2.1577930205777793,1.819235968557553,0.4574359335894816,0.0
SOLUSDT,D,L,2026-06-04,False,1,3.998037291462223,1.4615505397448474,0.2677034576475914,0.0
SOLUSDT,D,H,2024-02-29,False,0,3.841090652983197,2.1750075460307876,0.3615312573167876,0.0
SOLUSDT,D,L,2024-01-03,False,0,2.365701238546565,2.6361598515884674,0.5270357980927656,
SOLUSDT,D,H,2024-02-14,False,0,2.5199558869866596,1.8097363722298083,0.41798267957208374,1.0
SOLUSDT,D,L,2024-01-22,False,0,2.206627991413775,1.9027586041797993,0.46302740321879066,1.0
SOLUSDT,D,L,2024-01-22,True,0,2.206627991413775,1.9027586041797993,0.46302740321879066,1.0
SOLUSDT,D,H,2024-02-09,False,0,2.520869202274744,1.8587415871028306,0.4244079386257501,0.0
SOLUSDT,D,L,2024-01-22,True,1,2.206627991413775,1.9027586041797993,0.46302740321879066,1.0
SOLUSDT,D,H,2024-01-18,False,0,0.8734872368554863,1.384216414115733,0.6131081081081082,1.0
SOLUSDT,D,H,2024-01-30,False,0,3.4364416989770197,1.0164728045387836,0.22827134986225908,0.0
SOLUSDT,D,L,2024-01-22,True,1,2.206627991413775,1.9027586041797993,0.46302740321879066,1.0
SOLUSDT,D,L,2026-02-05,True,0,6.084999130888232,1.3918477316182867,0.18615437191817613,
SOLUSDT,D,H,2024-02-09,True,0,2.520869202274744,1.8587415871028306,0.4244079386257501,0.0
SOLUSDT,D,L,2026-02-04,True,1,4.546204176750024,1.6450658779241727,0.265707336846372,0.0
SOLUSDT,D,L,2026-02-04,True,1,4.546204176750024,1.6450658779241727,0.265707336846372,0.0
SOLUSDT,D,L,2024-02-20,False,0,1.7322107163214886,2.5440338210146307,0.5949224369192491,1.0
SOLUSDT,D,H,2024-02-28,True,0,3.1630262262867492,1.1356662383795635,0.2641887615162812,0.0
SOLUSDT,D,L,2024-02-20,False,0,1.7322107163214886,2.5440338210146307,0.5949224369192491,1.0
SOLUSDT,D,H,2024-02-28,True,0,3.1630262262867492,1.1356662383795635,0.2641887615162812,0.0
SOLUSDT,D,L,2025-04-07,False,0,3.0635786327979084,1.442779230481883,0.3201652585646644,1.0
SOLUSDT,D,H,2024-03-05,False,0,3.09691553761891,2.124185644277889,0.40684628975265014,0.0
SOLUSDT,D,L,2025-04-06,False,0,3.4725490196078432,0.8395424836601315,0.19469496021220176,0.0
SOLUSDT,D,H,2024-03-12,False,0,3.540135937826387,0.49107941489960033,0.12181919642857153,0.0
SOLUSDT,D,L,2024-04-13,False,0,3.5034026832587983,2.6069846825242524,0.4266480218787512,1.0
SOLUSDT,D,H,2024-11-10,False,0,5.369032499843851,3.19372904998855,0.3729788610137183,0.0
SOLUSDT,D,L,2024-04-10,False,0,0.9820451710895165,3.204072560230176,0.7654043115552983,0.0
SOLUSDT,D,H,2024-03-30,False,0,0.8106058110422987,0.9266537093161163,0.5333997013439523,1.0
SOLUSDT,D,L,2024-04-02,False,0,1.8634772462077018,1.2463373525217165,0.40077545234720247,0.0
SOLUSDT,D,H,2024-11-08,False,0,4.050843415429635,0.9479641363129523,0.18963805397599104,0.0
SOLUSDT,D,L,2024-04-05,True,0,2.44209472060415,0.9667649022632551,0.28360361212235796,0.0
SOLUSDT,D,L,2024-04-10,False,0,0.9820451710895165,3.204072560230176,0.7654043115552983,0.0
SOLUSDT,D,H,2024-05-20,True,0,4.768925467914437,1.7599431818181817,0.2695632698768197,1.0
SOLUSDT,D,L,2024-08-05,False,0,5.223850200167581,2.0999674145796483,0.28673125479683664,
SOLUSDT,D,H,2024-04-22,True,0,1.7137454230102143,1.569232992869532,0.47799065180543426,1.0
SOLUSDT,D,L,2024-04-30,False,0,2.9670160433252493,1.226649356930576,0.29250053112385815,1.0
SOLUSDT,D,H,2024-05-16,False,1,2.1644207562349154,2.5639581657280783,0.5422488781131033,0.0
SOLUSDT,D,L,2024-04-30,True,0,2.9670160433252493,1.226649356930576,0.29250053112385815,1.0
SOLUSDT,D,L,2024-08-05,False,0,5.223850200167581,2.0999674145796483,0.28673125479683664,
SOLUSDT,D,H,2024-05-16,True,1,2.1644207562349154,2.5639581657280783,0.5422488781131033,0.0
SOLUSDT,D,L,2024-05-13,False,0,0.8013731126677998,2.855306857190702,0.7808468011219452,1.0
SOLUSDT,D,H,2024-05-15,True,0,2.075373600568749,2.6517489748874357,0.5609647163912461,0.0
SOLUSDT,D,L,2024-06-18,True,0,4.0640487126798,2.019491115677506,0.33195987412854905,1.0
SOLUSDT,D,H,2024-07-29,False,0,1.5972176173361787,2.065196344973012,0.5638893817647211,1.0
SOLUSDT,D,L,2024-06-07,False,1,1.8732971402046426,3.495691134028937,0.6510893590148407,0.0
SOLUSDT,D,H,2024-06-05,False,0,1.5268375220360901,1.8959276418947044,0.5539169505036596,1.0
SOLUSDT,D,L,2024-06-02,True,0,1.0888329256008047,0.22655058281767096,0.17223158217184842,1.0
SOLUSDT,D,L,2024-06-07,False,1,1.8732971402046426,3.495691134028937,0.6510893590148407,0.0
SOLUSDT,D,H,2024-07-21,True,0,5.260870854398009,0.4651376554832396,0.08123244222927047,0.0
SOLUSDT,D,L,2024-06-11,True,0,3.581891274378424,1.5473975455272868,0.3016787706557206,0.0
SOLUSDT,D,L,2024-06-14,True,0,3.8385813611445387,0.6076681374515297,0.13666982422902826,0.0
SOLUSDT,D,L,2024-06-18,True,0,4.0640487126798,2.019491115677506,0.33195987412854905,1.0
SOLUSDT,D,H,2024-07-02,True,0,1.9335401845287328,2.500192387985166,0.5639023885844275,1.0
SOLUSDT,D,L,2024-06-24,False,0,2.095322844189421,1.5005561649930572,0.4172988471417475,1.0
SOLUSDT,D,L,2024-07-05,False,0,2.257395642514715,1.7422925517402656,0.4356070941336969,1.0
SOLUSDT,D,H,2024-07-02,True,1,1.9335401845287328,2.500192387985166,0.5639023885844275,1.0
SOLUSDT,D,L,2024-07-04,True,0,3.1147433534062516,0.7295071893818365,0.1897657765179771,0.0
SOLUSDT,D,H,2024-07-15,True,0,2.489031970343118,1.608690804693813,0.3925816588896291,0.0
SOLUSDT,D,L,2024-08-05,False,1,5.223850200167581,2.0999674145796483,0.28673125479683664,
SOLUSDT,D,H,2024-07-10,False,0,1.2970324693467792,1.1815021540100976,0.4766938266167511,0.0
SOLUSDT,D,L,2024-08-05,False,0,5.223850200167581,2.0999674145796483,0.28673125479683664,
SOLUSDT,D,H,2024-07-14,True,0,1.3114008284104013,0.6977660080124943,0.347291223089662,0.0
SOLUSDT,D,L,2024-08-04,False,0,4.5327541430351594,0.8659205515506538,0.16039502295240393,0.0
SOLUSDT,D,H,2024-07-27,False,0,1.766898058614769,0.4799381145288378,0.21360619001310804,0.0
SOLUSDT,D,L,2024-08-01,False,0,2.420763180133913,3.05009425989729,0.5575166769251245,0.0
SOLUSDT,D,H,2024-11-07,True,0,3.8207885776756254,0.7638811140454282,0.16661639014580187,0.0
SOLUSDT,D,L,2025-04-06,True,0,3.4725490196078432,0.8395424836601315,0.19469496021220176,0.0
SOLUSDT,D,H,2024-10-20,True,0,2.9438314412242588,3.9359621082590865,0.5721046830765244,0.0
SOLUSDT,D,L,2024-08-15,False,0,1.3975381046894801,2.2029012837497,0.6118423464711277,
SOLUSDT,D,H,2024-08-23,True,0,1.7496540164181045,1.2616667382988758,0.41897454342005286,1.0
SOLUSDT,D,L,2024-08-30,False,0,3.0657466148614088,3.6128424396328156,0.5409589376069822,
SOLUSDT,D,H,2024-08-23,True,0,1.7496540164181045,1.2616667382988758,0.41897454342005286,1.0
SOLUSDT,D,L,2024-08-29,False,0,2.79530306139748,0.48693262427167966,0.14835394862036155,0.0
SOLUSDT,D,H,2024-10-20,True,1,2.9438314412242588,3.9359621082590865,0.5721046830765244,0.0
SOLUSDT,D,H,2024-09-10,False,0,1.6395779470337486,2.908935628382207,0.6395354394685276,0.0
SOLUSDT,D,L,2025-03-10,True,0,1.869368847712796,0.4916888631538312,0.20824940487090277,0.0
SOLUSDT,D,H,2024-09-13,True,0,2.263438502955155,2.8738315298409294,0.5594083066481861,0.0
SOLUSDT,D,H,2024-09-19,True,0,3.2411477601268373,2.8297116092061216,0.4661138460067868,0.0
SOLUSDT,D,L,2025-02-28,False,0,2.524475135044828,2.1534443392548854,0.46034232762787286,0.0
SOLUSDT,D,H,2024-09-24,True,0,1.7039188127816105,1.3908271671282704,0.4494156147732588,1.0
SOLUSDT,D,L,2024-10-02,True,0,2.5018835884627104,1.514355664366792,0.377058130513491,1.0
SOLUSDT,D,H,2024-10-20,True,1,2.9438314412242588,3.9359621082590865,0.5721046830765244,0.0
SOLUSDT,D,L,2025-02-25,False,0,2.9412173913043453,1.4024347826086965,0.322869955156951,0.0
SOLUSDT,D,H,2024-10-14,True,0,3.0584291661310594,0.5870999001295328,0.16104655578339733,0.0
SOLUSDT,D,L,2025-02-25,False,0,2.9412173913043453,1.4024347826086965,0.322869955156951,0.0
SOLUSDT,D,H,2024-10-20,True,0,2.9438314412242588,3.9359621082590865,0.5721046830765244,0.0
SOLUSDT,D,L,2025-02-24,True,0,3.5395054479023935,0.5757291055000975,0.13990189332563865,0.0
SOLUSDT,D,H,2024-10-28,False,0,1.9893502141128272,1.636209272016386,0.4512984211888538,1.0
SOLUSDT,D,L,2024-11-03,False,0,2.1506798970966563,1.5250275633958095,0.4148936170212764,1.0
SOLUSDT,D,H,2024-11-06,True,0,3.200220045891151,0.7380368142566562,0.1874018989784625,0.0
SOLUSDT,D,L,2025-02-24,True,0,3.5395054479023935,0.5757291055000975,0.13990189332563865,0.0
SOLUSDT,D,H,2024-11-17,True,0,2.518510543546881,0.38031153501710274,0.1311951974663796,0.0
SOLUSDT,D,L,2024-12-09,False,0,2.0208019578313254,4.060052710843375,0.6676779716112256,1.0
SOLUSDT,D,L,2024-11-26,False,0,1.8717817292906989,1.6493317036628157,0.4684119767988713,0.0
SOLUSDT,D,L,2024-12-02,False,0,1.3857466063348423,1.651677978883862,0.5437757983923528,1.0
SOLUSDT,D,H,2024-12-06,False,0,1.38699494949495,1.739898989898989,0.5564304461942254,1.0
SOLUSDT,D,L,2024-12-09,False,0,2.0208019578313254,4.060052710843375,0.6676779716112256,1.0
SOLUSDT,D,L,2024-12-19,True,0,2.2030139068997903,2.421499798774763,0.5236225802084744,1.0
SOLUSDT,D,L,2025-01-13,False,0,3.581415985295049,2.4624453318121318,0.4074291587138453,1.0
SOLUSDT,D,L,2025-01-13,False,1,3.581415985295049,2.4624453318121318,0.4074291587138453,1.0
SOLUSDT,D,H,2025-01-02,True,0,1.8201926507313586,1.4791295041027483,0.44831314878892764,1.0
SOLUSDT,D,L,2025-01-09,False,0,3.2756849315068495,0.7294520547945192,0.1821291150064127,0.0
SOLUSDT,D,H,2025-01-06,False,0,3.184880960020537,0.9693897195661932,0.23334775086505166,1.0
SOLUSDT,D,L,2025-01-13,False,0,3.581415985295049,2.4624453318121318,0.4074291587138453,1.0
SOLUSDT,D,L,2025-02-18,False,0,2.836722548480187,1.1145670750193701,0.28207678535906117,0.0
SOLUSDT,D,L,2025-02-01,True,0,1.1971622022605277,1.706239378489924,0.5876690946930279,0.0
SOLUSDT,D,H,2025-09-14,False,0,4.318026045236464,5.9674053765897535,0.5801803669534572,1.0
SOLUSDT,D,L,2025-02-18,True,0,2.836722548480187,1.1145670750193701,0.28207678535906117,0.0
SOLUSDT,D,H,2025-09-10,True,0,2.3172993528587633,1.9287477483487898,0.4542454905411351,0.0
SOLUSDT,D,L,2025-02-16,False,0,1.0685691919012221,0.9222325018681263,0.4632467938692516,0.0
SOLUSDT,D,H,2025-08-14,False,0,1.8165100122599092,2.622258547881761,0.5907626208378091,0.0
SOLUSDT,D,L,2025-02-16,True,1,1.0685691919012221,0.9222325018681263,0.4632467938692516,0.0
SOLUSDT,D,H,2025-07-22,True,0,5.347344299347062,0.34279256654947327,0.06024329021046544,1.0
SOLUSDT,D,L,2025-02-24,True,0,3.5395054479023935,0.5757291055000975,0.13990189332563865,0.0
SOLUSDT,D,H,2025-05-12,False,0,4.123038292529817,3.9121155053358487,0.48687500000000045,1.0
SOLUSDT,D,L,2025-03-09,False,0,1.4724233983286898,0.330974930362117,0.18352846683760166,0.0
SOLUSDT,D,H,2025-05-11,False,1,4.228045191303523,0.9795879616443528,0.18810617662072435,0.0
SOLUSDT,D,L,2025-03-09,True,0,1.4724233983286898,0.330974930362117,0.18352846683760166,0.0
SOLUSDT,D,H,2025-04-23,False,0,2.7399277773844104,2.869786872477518,0.5115744831242267,0.0
SOLUSDT,D,L,2025-04-06,True,1,3.4725490196078432,0.8395424836601315,0.19469496021220176,0.0
SOLUSDT,D,H,2025-03-24,True,1,2.105566817402151,1.2989240605021055,0.38153254248156476,1.0
SOLUSDT,D,L,2025-04-02,True,1,3.8568941823179106,0.7067338524965651,0.15486228218100073,0.0
SOLUSDT,D,H,2025-03-24,True,1,2.105566817402151,1.2989240605021055,0.38153254248156476,1.0
SOLUSDT,D,H,2025-04-22,True,0,2.624286878565609,0.42942876194709806,0.14062499999999956,0.0
SOLUSDT,D,L,2025-04-02,True,1,3.8568941823179106,0.7067338524965651,0.15486228218100073,0.0
SOLUSDT,D,H,2025-04-17,False,1,3.4204741911583105,1.0934798715732286,0.2422443508234394,0.0
SOLUSDT,D,L,2025-04-06,True,1,3.4725490196078432,0.8395424836601315,0.19469496021220176,0.0
SOLUSDT,D,L,2026-02-04,True,1,4.546204176750024,1.6450658779241727,0.265707336846372,0.0
SOLUSDT,D,H,2025-04-17,False,1,3.4204741911583105,1.0934798715732286,0.2422443508234394,0.0
SOLUSDT,D,L,2025-11-21,False,0,3.6577102168753264,2.8257206529813566,0.43583724569640075,
SOLUSDT,D,H,2025-05-08,True,0,3.8894496515260717,2.621004566210048,0.4025839793281658,0.0
SOLUSDT,D,H,2025-05-01,False,0,3.6353958749168327,0.866267465069863,0.19243275199527096,0.0
SOLUSDT,D,L,2025-06-20,True,1,2.2103392842034006,1.9675099416194277,0.4709384746243269,1.0
SOLUSDT,D,H,2025-05-08,True,0,3.8894496515260717,2.621004566210048,0.4025839793281658,0.0
SOLUSDT,D,L,2025-06-13,False,1,2.247096092925028,0.9427341401998202,0.29554367201425985,0.0
SOLUSDT,D,L,2025-05-17,True,0,1.888667992047715,2.442345924453281,0.563920128528804,1.0
SOLUSDT,D,H,2025-05-23,False,0,1.2789217521527514,2.741295394983156,0.6818774445893093,1.0
SOLUSDT,D,H,2025-05-22,True,0,1.6789423984891407,0.43543437204910396,0.20593982024228252,0.0
SOLUSDT,D,L,2025-05-30,True,0,2.536824877250411,1.6170212765957452,0.38928289992119763,0.0
SOLUSDT,D,H,2025-07-21,True,0,4.826810857112264,1.1929617931009884,0.1981738949989627,0.0
SOLUSDT,D,L,2025-05-28,False,0,1.629075680526472,1.343254561770867,0.451919690031702,0.0
SOLUSDT,D,H,2025-07-18,False,0,2.6281871672737456,1.3677033716260365,0.3422774869109944,0.0
SOLUSDT,D,L,2025-06-05,True,0,2.3377609108159394,0.35138864930136265,0.13066906151773683,1.0
SOLUSDT,D,H,2025-06-10,True,0,2.721902254401843,1.6483462234655266,0.3771744860305747,1.0
SOLUSDT,D,L,2025-06-13,False,1,2.247096092925028,0.9427341401998202,0.29554367201425985,0.0
SOLUSDT,D,H,2025-07-14,False,0,2.295126179926792,2.3247929108071657,0.5032107413893758,0.0
SOLUSDT,D,L,2025-06-20,True,1,2.2103392842034006,1.9675099416194277,0.4709384746243269,1.0
SOLUSDT,D,H,2025-06-30,False,0,1.972975121214529,1.5100548446069495,0.43354632587859476,0.0
SOLUSDT,D,L,2025-11-21,False,0,3.6577102168753264,2.8257206529813566,0.43583724569640075,
SOLUSDT,D,L,2025-11-14,False,0,2.5929849934693268,1.020242279512751,0.2823631624674199,0.0
SOLUSDT,D,H,2025-07-10,True,0,2.4630343056319894,0.5149513850669623,0.1729193617938775,0.0
SOLUSDT,D,L,2025-10-10,False,1,4.191631799163178,4.238493723849372,0.5027794322017075,0.0
SOLUSDT,D,H,2025-07-09,True,0,1.5490360435875925,0.3924746204712661,0.202149093351242,0.0
SOLUSDT,D,L,2025-10-10,False,1,4.191631799163178,4.238493723849372,0.5027794322017075,0.0
SOLUSDT,D,H,2025-07-09,True,0,1.5490360435875925,0.3924746204712661,0.202149093351242,0.0
SOLUSDT,D,H,2025-07-14,False,1,2.295126179926792,2.3247929108071657,0.5032107413893758,0.0
SOLUSDT,D,L,2025-08-02,False,0,3.1874691662555508,1.1473852984706463,0.2646883091017725,1.0
SOLUSDT,D,H,2025-07-21,True,0,4.826810857112264,1.1929617931009884,0.1981738949989627,0.0
SOLUSDT,D,H,2025-08-14,False,0,1.8165100122599092,2.622258547881761,0.5907626208378091,0.0
SOLUSDT,D,L,2025-07-30,False,0,1.5335891799247359,1.7883179949575867,0.5383407484951584,0.0
SOLUSDT,D,H,2025-08-13,True,0,2.7135209334248476,0.4669869595058327,0.14682779456193312,0.0
SOLUSDT,D,L,2025-10-10,False,0,4.191631799163178,4.238493723849372,0.5027794322017075,0.0
SOLUSDT,D,L,2025-10-10,False,0,4.191631799163178,4.238493723849372,0.5027794322017075,0.0
SOLUSDT,D,L,2025-10-10,False,0,4.191631799163178,4.238493723849372,0.5027794322017075,0.0
SOLUSDT,D,H,2025-08-24,False,0,2.2363655396210627,1.0112006699466125,0.3113718411552343,0.0
SOLUSDT,D,L,2025-08-18,True,0,2.4191176470588234,0.8430527383367142,0.25843307943416766,1.0
SOLUSDT,D,L,2025-10-10,False,0,4.191631799163178,4.238493723849372,0.5027794322017075,0.0
SOLUSDT,D,H,2025-08-28,True,0,1.984257324716971,0.3809338710461101,0.16105838366407815,0.0
SOLUSDT,D,L,2025-10-10,False,0,4.191631799163178,4.238493723849372,0.5027794322017075,0.0
SOLUSDT,D,H,2025-09-09,False,0,1.6390154968094823,0.25341841385596836,0.133911368015413,0.0
SOLUSDT,D,L,2025-09-25,True,0,5.264698616600791,0.6467391304347816,0.10940470966798288,0.0
SOLUSDT,D,H,2025-09-08,True,0,1.2213498945394905,0.3223576283102865,0.20882040382571626,0.0
SOLUSDT,D,L,2025-09-25,True,0,5.264698616600791,0.6467391304347816,0.10940470966798288,0.0
SOLUSDT,D,H,2025-09-18,False,0,1.6723911993930611,4.659907579833095,0.7358950899664534,1.0
SOLUSDT,D,L,2025-09-22,True,0,3.148933288181512,2.0054182187605836,0.3890728476821192,0.0
SOLUSDT,D,L,2025-10-10,True,0,4.191631799163178,4.238493723849372,0.5027794322017075,0.0
SOLUSDT,D,L,2025-11-13,False,0,2.0988061836386636,0.5868955273147386,0.21852595354172652,0.0
SOLUSDT,D,L,2025-11-03,True,0,3.8100836849021387,2.3886852479424565,0.38534832864729746,0.0
SOLUSDT,D,H,2025-10-26,True,0,1.6940337632379159,0.8338051798259397,0.32984901277584167,1.0
SOLUSDT,D,L,2025-11-03,True,0,3.8100836849021387,2.3886852479424565,0.38534832864729746,0.0
SOLUSDT,D,L,2025-11-03,True,0,3.8100836849021387,2.3886852479424565,0.38534832864729746,0.0
SOLUSDT,D,L,2025-11-13,True,0,2.0988061836386636,0.5868955273147386,0.21852595354172652,0.0
SOLUSDT,D,L,2025-11-21,True,0,3.6577102168753264,2.8257206529813566,0.43583724569640075,
SOLUSDT,D,H,2025-12-03,False,1,2.3731237721021623,2.9980353634577606,0.5581728799672264,1.0
SOLUSDT,D,L,2025-12-18,True,0,1.90151580029117,2.919414233107819,0.6055707535438947,1.0
SOLUSDT,D,H,2025-12-03,False,1,2.3731237721021623,2.9980353634577606,0.5581728799672264,1.0
SOLUSDT,D,L,2025-12-17,False,0,1.5235807083110877,0.26784125289197436,0.14951321279554966,0.0
SOLUSDT,D,H,2026-01-13,False,0,2.4483966585825923,4.9779035300458165,0.6703073406146816,1.0
SOLUSDT,D,L,2025-12-15,False,0,1.9802290139220695,0.5397479199275071,0.2141876430205952,0.0
SOLUSDT,D,H,2026-01-13,True,0,2.4483966585825923,4.9779035300458165,0.6703073406146816,1.0
SOLUSDT,D,L,2025-12-14,False,0,1.7812780543540359,0.20109360972823037,0.10144092219020198,0.0
SOLUSDT,D,H,2026-01-04,False,0,3.2475463467829853,2.3685932388222493,0.4217475728155345,0.0
SOLUSDT,D,L,2026-01-29,False,1,5.37384216376436,3.895516858095592,0.42025741466144373,0.0
SOLUSDT,D,H,2025-12-29,False,0,0.6480293308890911,1.9585242896425303,0.7513846153846159,0.0
SOLUSDT,D,L,2026-01-25,True,0,5.040872587798156,0.3440009588876922,0.06388282954191368,0.0
SOLUSDT,D,H,2026-01-02,True,0,2.853628153223295,0.6888819682341941,0.19446153846153827,0.0
SOLUSDT,D,H,2026-01-12,False,0,1.2195506503744584,1.0613585599789808,0.46532258064516197,0.0
SOLUSDT,D,L,2026-01-19,False,0,2.5669441141498264,2.36884661117717,0.47993254637436716,0.0
SOLUSDT,D,L,2026-01-25,True,0,5.040872587798156,0.3440009588876922,0.06388282954191368,0.0
SOLUSDT,D,L,2026-01-29,False,1,5.37384216376436,3.895516858095592,0.42025741466144373,0.0
SOLUSDT,D,L,2026-02-04,True,1,4.546204176750024,1.6450658779241727,0.265707336846372,0.0
SOLUSDT,D,L,2026-06-04,False,1,3.998037291462223,1.4615505397448474,0.2677034576475914,0.0
SOLUSDT,D,L,2026-02-24,False,0,1.5520045655585697,2.3210158367812794,0.5992779783393497,1.0
SOLUSDT,D,H,2026-02-25,False,0,4.235981308411215,8.236857476635516,0.6603835436813639,
SOLUSDT,D,L,2026-02-23,True,0,1.757480763750357,0.2653177543459672,0.13116370808678485,0.0
SOLUSDT,D,H,2026-02-25,True,0,4.235981308411215,8.236857476635516,0.6603835436813639,
SOLUSDT,D,L,2026-06-02,True,0,2.985150812064967,2.238051044083529,0.42848258706467673,0.0
SOLUSDT,D,H,2026-03-04,False,0,2.310940499040305,6.294625719769676,0.7314597970335677,1.0
SOLUSDT,D,L,2026-04-02,False,0,3.277554304102976,0.7523732904263886,0.18669647847959775,1.0
SOLUSDT,D,H,2026-03-16,True,0,3.1412905946857856,6.329818641923241,0.6683291770573567,1.0
SOLUSDT,D,L,2026-03-29,False,0,2.548513066987082,0.8999699609492345,0.2609756097560978,0.0
SOLUSDT,D,H,2026-03-13,False,0,1.388632104934416,1.0545908806995632,0.43163922691481754,0.0
SOLUSDT,D,H,2026-03-16,True,0,3.1412905946857856,6.329818641923241,0.6683291770573567,1.0
SOLUSDT,D,H,2026-05-11,False,0,4.7088788383718185,10.327541061652,0.6868351063829788,1.0
SOLUSDT,D,L,2026-03-22,True,0,2.5470653377630126,1.3222591362126244,0.34172867773325694,0.0
SOLUSDT,D,L,2026-03-27,True,0,2.1610182033446783,0.5904987420452852,0.21460843373493954,0.0
SOLUSDT,D,H,2026-05-09,False,0,3.6208158995815882,1.6767782426778304,0.31651693158258554,0.0
SOLUSDT,D,L,2026-04-02,False,0,3.277554304102976,0.7523732904263886,0.18669647847959775,1.0
SOLUSDT,D,H,2026-04-07,False,0,2.199612061364841,1.9552107212131866,0.470588235294117,0.0
SOLUSDT,D,L,2026-06-02,True,0,2.985150812064967,2.238051044083529,0.42848258706467673,0.0
SOLUSDT,D,H,2026-04-14,False,0,0.5758293838862539,2.322274881516586,0.8013082583810307,0.0
SOLUSDT,D,L,2026-06-02,True,0,2.985150812064967,2.238051044083529,0.42848258706467673,0.0
SOLUSDT,D,L,2026-05-28,False,1,1.737226277372265,1.100729927007299,0.3878600823045264,0.0
SOLUSDT,D,H,2026-05-08,True,0,3.5009957325746806,0.5934566145092447,0.14494163424124482,0.0
SOLUSDT,D,L,2026-04-29,False,0,1.6004509582863566,0.5618940248027062,0.2598540145985406,1.0
SOLUSDT,D,H,2026-05-06,False,0,2.4262295081967182,0.6598360655737708,0.21381142098273603,0.0
SOLUSDT,D,H,2026-05-06,True,0,2.4262295081967182,0.6598360655737708,0.21381142098273603,0.0
SOLUSDT,D,L,2026-05-28,False,1,1.737226277372265,1.100729927007299,0.3878600823045264,0.0
SOLUSDT,D,L,2026-05-23,False,1,0.6315172817809034,1.2028900605350505,0.6557377049180321,0.0
SOLUSDT,D,H,2026-08-22,False,0,6.423415085608512,11.16566404442388,0.6348066298342543,
SOLUSDT,D,L,2026-05-23,False,1,0.6315172817809034,1.2028900605350505,0.6557377049180321,0.0
SOLUSDT,D,H,2026-08-20,False,0,5.366141732283465,4.224409448818901,0.44047619047619063,0.0
SOLUSDT,D,L,2026-05-28,False,1,1.737226277372265,1.100729927007299,0.3878600823045264,0.0
SOLUSDT,D,L,2026-06-01,False,0,2.289371980676329,0.9975845410628037,0.3034979423868316,0.0
SOLUSDT,D,H,2026-07-04,False,0,3.8033690658499206,1.346401225114854,0.26144879267277277,
SOLUSDT,D,H,2026-06-12,False,0,1.0068723030206186,3.7097650631292955,0.7865275142314988,0.0
SOLUSDT,D,H,2026-06-29,False,0,2.618823529411764,1.9388235294117673,0.42540010325245264,0.0
SOLUSDT,D,L,2026-06-24,False,0,1.848803827751198,1.5487081339712907,0.45583596214510996,1.0
SOLUSDT,D,H,2026-06-29,True,0,2.618823529411764,1.9388235294117673,0.42540010325245264,0.0
SOLUSDT,D,H,2026-06-29,True,0,2.618823529411764,1.9388235294117673,0.42540010325245264,0.0
SOLUSDT,D,H,2026-08-19,True,0,6.01587301587302,1.402116402116398,0.18901569186875836,0.0
SOLUSDT,D,L,2026-07-12,False,0,1.9192894381154642,3.476346785093646,0.6442885771543088,1.0
SOLUSDT,D,L,2026-07-17,False,0,1.3544028950542835,3.7153196622436657,0.732844770153231,1.0
SOLUSDT,D,H,2026-08-19,True,1,6.01587301587302,1.402116402116398,0.18901569186875836,0.0
SOLUSDT,D,L,2026-07-28,False,1,2.1441441441441476,4.107507507507506,0.6570275722932073,1.0
SOLUSDT,D,H,2026-08-19,True,1,6.01587301587302,1.402116402116398,0.18901569186875836,0.0
SOLUSDT,D,L,2026-07-28,False,1,2.1441441441441476,4.107507507507506,0.6570275722932073,1.0
SOLUSDT,D,H,2026-08-09,False,0,1.653973013493254,1.1082458770614705,0.4012158054711248,0.0
SOLUSDT,D,L,2026-08-01,True,0,2.456836798991812,3.488972904851921,0.586795252225519,1.0
SOLUSDT,D,H,2026-08-08,True,0,1.662079999999999,0.6630400000000024,0.28516377649325714,0.0
SOLUSDT,D,H,2026-08-08,True,0,1.662079999999999,0.6630400000000024,0.28516377649325714,0.0
SOLUSDT,D,H,2026-08-19,True,0,6.01587301587302,1.402116402116398,0.18901569186875836,0.0
SOLUSDT,D,L,2026-08-16,False,0,1.4327030033370454,1.1835372636262458,0.4523809523809505,1.0
SOLUSDT,D,H,2026-08-18,False,0,1.6538011695906443,0.4639376218323557,0.21907216494845239,0.0
SOLUSDT,D,H,2026-08-25,False,0,4.732394366197181,6.658076116272099,0.5845303867403315,
SOLUSDT,D,H,2026-09-18,True,0,3.9394540942928042,3.605955334987594,0.4779005524861879,
SOLUSDT,D,L,2026-09-15,True,1,1.9892046356564543,5.071916177170979,0.7182876927919419,1.0
SOLUSDT,D,H,2026-09-06,True,0,1.4861513500985046,0.6651987484065353,0.30920060331825017,1.0
SOLUSDT,D,H,2026-09-18,True,0,3.9394540942928042,3.605955334987594,0.4779005524861879,
SOLUSDT,D,H,2026-09-18,True,0,3.9394540942928042,3.605955334987594,0.4779005524861879,
SOLUSDT,D,L,2026-09-15,True,1,1.9892046356564543,5.071916177170979,0.7182876927919419,1.0
SOLUSDT,D,H,2026-09-18,True,0,3.9394540942928042,3.605955334987594,0.4779005524861879,
SOLUSDT,D,H,2026-09-21,True,0,4.609610463463177,1.8748933750355443,0.2891344383057094,
SOLUSDT,D,H,2026-09-25,True,0,4.63562194050458,1.0894941634241275,0.19030079803560512,
BNBUSDT,W,L,2022-06-13,False,0,4.783286178204573,3.677143932319614,0.43462848629238154,
BNBUSDT,W,L,2022-05-09,False,0,2.8260157720959413,1.927497475918902,0.40548902997669384,0.0
BNBUSDT,W,L,2022-05-09,False,0,2.8260157720959413,1.927497475918902,0.40548902997669384,0.0
BNBUSDT,W,H,2021-10-25,True,0,2.7156620133366065,2.2278557530649636,0.4506620302260266,
BNBUSDT,W,L,2022-05-09,True,0,2.8260157720959413,1.927497475918902,0.40548902997669384,0.0
BNBUSDT,W,L,2022-01-03,True,0,2.4206751244004128,1.2476801004169094,0.34011976047904185,0.0
BNBUSDT,W,H,2024-03-11,False,0,5.841096373330984,2.020446833825409,0.25700384524837167,0.0
BNBUSDT,W,L,2022-02-21,False,0,0.9067838339456837,0.43408961781750693,0.3237364549553113,1.0
BNBUSDT,W,H,2022-03-28,True,0,1.7274917980431432,1.645791597712162,0.4878901072418364,1.0
BNBUSDT,W,L,2022-05-09,True,1,2.8260157720959413,1.927497475918902,0.40548902997669384,0.0
BNBUSDT,W,H,2024-03-04,True,0,6.700776483638383,1.1896838602329447,0.15077496221839515,0.0
BNBUSDT,W,L,2022-06-13,True,1,4.783286178204573,3.677143932319614,0.43462848629238154,
BNBUSDT,W,H,2022-10-31,True,0,2.358047826618324,3.4878803927160145,0.5966341463414635,1.0
BNBUSDT,W,H,2022-10-24,True,0,1.7390971528206003,0.6989729741223488,0.2866910866910863,0.0
BNBUSDT,W,L,2022-10-10,False,0,0.7651435902496793,2.46868646994967,0.7633940015380672,1.0
BNBUSDT,W,H,2022-10-24,True,1,1.7390971528206003,0.6989729741223488,0.2866910866910863,0.0
BNBUSDT,W,L,2022-11-21,False,0,2.2482301499167137,3.02168933925597,0.5733843459020928,
BNBUSDT,W,H,2024-02-26,True,0,3.5078552584950984,1.2477457967476466,0.2623739422742551,0.0
BNBUSDT,W,L,2022-12-12,False,0,3.62267490283176,1.6472445863409215,0.31257490550382594,
BNBUSDT,W,L,2023-08-14,True,1,1.3677675988428164,1.4108003857280615,0.5077436987549345,1.0
BNBUSDT,W,H,2023-03-13,False,0,3.6352164930131297,1.9936462799635668,0.35418278262791475,1.0
BNBUSDT,W,L,2023-03-06,False,0,1.5764462809917352,2.172879985627022,0.579538784067086,1.0
BNBUSDT,W,L,2023-06-05,True,0,4.475832143249479,0.6251785125782705,0.12255973468003306,0.0
BNBUSDT,W,H,2023-04-10,True,0,2.4979340169988666,1.5603845083388643,0.38449039881831604,1.0
BNBUSDT,W,L,2023-06-05,True,0,4.475832143249479,0.6251785125782705,0.12255973468003306,0.0
BNBUSDT,W,H,2024-02-12,False,0,1.9310024752475254,1.5482673267326739,0.44499777678968433,0.0
BNBUSDT,W,L,2023-06-05,True,1,4.475832143249479,0.6251785125782705,0.12255973468003306,0.0
BNBUSDT,W,H,2023-12-25,False,0,3.984429065743944,1.8062924516211731,0.3119287374128585,0.0
BNBUSDT,W,L,2023-08-14,True,1,1.3677675988428164,1.4108003857280615,0.5077436987549345,1.0
BNBUSDT,W,H,2023-11-20,False,0,1.6403812158942426,4.616094074244873,0.7378106457992951,0.0
BNBUSDT,W,H,2023-11-06,False,0,2.6717557251908395,0.7914173715700427,0.22852376980817335,0.0
BNBUSDT,W,L,2023-10-09,False,1,2.191930557788137,1.5134222793763061,0.40844215001518375,1.0
BNBUSDT,W,L,2023-10-09,False,1,2.191930557788137,1.5134222793763061,0.40844215001518375,1.0
BNBUSDT,W,H,2023-10-23,True,0,1.6633471645919766,1.3961272475795312,0.45632911392405107,0.0
BNBUSDT,W,H,2023-12-18,False,0,2.0666998506719754,2.6729716276754627,0.5639571518588535,0.0
BNBUSDT,W,H,2024-02-12,True,0,1.9310024752475254,1.5482673267326739,0.44499777678968433,0.0
BNBUSDT,W,H,2024-05-20,False,0,1.4385900326722194,0.5854861718282646,0.28926093322299345,0.0
BNBUSDT,W,L,2024-07-01,False,0,3.622671740436613,3.165008790083896,0.4662872355074126,1.0
BNBUSDT,W,L,2024-08-05,False,0,1.502254283137962,3.1739048377964654,0.6787418382722251,1.0
BNBUSDT,W,H,2024-09-23,False,0,1.6912515129508594,1.7275816993464062,0.5053132434575736,0.0
BNBUSDT,W,H,2024-09-23,False,1,1.6912515129508594,1.7275816993464062,0.5053132434575736,0.0
BNBUSDT,W,H,2024-11-04,True,0,2.384596170762699,1.4498539329503375,0.3781126090404441,0.0
BNBUSDT,W,L,2025-02-03,False,0,1.4948345756505819,1.6518242448018832,0.5249454545454546,1.0
BNBUSDT,W,L,2025-01-27,False,0,1.5217803832534176,0.8832280035919421,0.36724529046257043,0.0
BNBUSDT,W,H,2025-07-14,True,0,3.2024337092127007,0.751261462858147,0.19001501890310246,0.0
BNBUSDT,W,H,2025-07-14,True,0,3.2024337092127007,0.751261462858147,0.19001501890310246,0.0
BNBUSDT,W,H,2025-05-05,True,0,1.8867268077987025,1.0592127151914985,0.35955005421033615,0.0
BNBUSDT,W,L,2026-02-02,False,0,3.0814473115179473,1.2519340733266067,0.2889046594664125,
BNBUSDT,W,H,2025-07-14,True,0,3.2024337092127007,0.751261462858147,0.19001501890310246,0.0
BNBUSDT,W,L,2026-02-02,False,0,3.0814473115179473,1.2519340733266067,0.2889046594664125,
BNBUSDT,W,L,2025-11-17,False,0,3.211997249765408,1.4719636069586124,0.3142561716427556,0.0
BNBUSDT,W,L,2026-01-26,True,0,2.0249704354058404,1.5831714746461216,0.43877749659334264,0.0
BNBUSDT,W,L,2026-03-30,False,0,1.0961384481001606,1.1747343135827624,0.5173052111964995,1.0
BNBUSDT,W,L,2026-03-30,False,1,1.0961384481001606,1.1747343135827624,0.5173052111964995,1.0
BNBUSDT,W,H,2026-05-11,False,0,1.2399959658893525,4.875110657896211,0.7972241463352063,1.0
BNBUSDT,W,L,2026-06-01,False,0,6.378373531785169,1.707522639648524,0.21117296134483593,
BNBUSDT,W,H,2026-08-31,True,0,3.54248457819761,3.392539008088398,0.4891892530541836,
BNBUSDT,W,L,2026-06-22,True,0,3.16884321866809,0.679362575676741,0.17654008438818553,1.0
BNBUSDT,W,H,2026-09-21,False,0,4.432542745385331,3.318088460381208,0.42810557905432534,
BNBUSDT,D,H,2020-08-05,False,0,3.6196251378169797,3.211356119073868,0.47011637103152165,1.0
BNBUSDT,D,H,2020-03-03,False,0,1.1609128145114096,2.108250438853132,0.6448899230356187,1.0
BNBUSDT,D,H,2020-08-01,False,0,3.3787128712871306,1.6735585323238202,0.33124873915674785,0.0
BNBUSDT,D,H,2020-04-02,False,0,1.3490785278063016,6.6296276279522255,0.8309151256519678,
BNBUSDT,D,H,2020-04-02,False,0,1.3490785278063016,6.6296276279522255,0.8309151256519678,
BNBUSDT,D,H,2020-04-14,True,0,2.125248508946322,6.140159045725646,0.7428743235117258,
BNBUSDT,D,H,2020-04-18,True,0,2.2335599466293896,4.616557595781181,0.6739384495520064,1.0
BNBUSDT,D,L,2020-05-10,False,0,3.384799521244766,2.165170556552962,0.390122924304507,1.0
BNBUSDT,D,H,2020-04-29,True,0,2.867081317668738,4.769868693849345,0.624577702702703,1.0
BNBUSDT,D,L,2020-05-10,False,0,3.384799521244766,2.165170556552962,0.390122924304507,1.0
BNBUSDT,D,H,2020-04-27,False,0,1.6380187416332004,0.3832663989290485,0.18961520630505282,0.0
BNBUSDT,D,H,2020-05-31,False,0,1.7473118279569884,6.29166666666667,0.782645042635011,1.0
BNBUSDT,D,L,2020-05-07,False,0,1.3807422787438366,2.823254606799895,0.6715643906655141,0.0
BNBUSDT,D,L,2020-05-10,True,0,3.384799521244766,2.165170556552962,0.390122924304507,1.0
BNBUSDT,D,H,2020-05-30,True,0,2.6726773814190494,0.5488043904351264,0.170357751277684,0.0
BNBUSDT,D,H,2020-05-18,False,0,1.0572590091641996,0.8267070901949971,0.4388120839733737,0.0
BNBUSDT,D,L,2020-06-15,False,0,1.6819984139571775,3.813639968279145,0.693939393939394,1.0
BNBUSDT,D,H,2020-05-30,True,0,2.6726773814190494,0.5488043904351264,0.170357751277684,0.0
BNBUSDT,D,L,2020-06-15,False,1,1.6819984139571775,3.813639968279145,0.693939393939394,1.0
BNBUSDT,D,L,2020-06-15,False,1,1.6819984139571775,3.813639968279145,0.693939393939394,1.0
BNBUSDT,D,H,2020-07-12,True,0,2.828021320570003,5.266180789731314,0.6506114769520221,1.0
BNBUSDT,D,L,2020-06-11,True,0,2.2514855280812713,0.5930611462526388,0.20849056603773683,0.0
BNBUSDT,D,H,2020-07-12,True,0,2.828021320570003,5.266180789731314,0.6506114769520221,1.0
BNBUSDT,D,L,2020-06-11,True,0,2.2514855280812713,0.5930611462526388,0.20849056603773683,0.0
BNBUSDT,D,H,2020-07-11,True,0,3.624292331446218,0.40061760164693583,0.09953455066236977,0.0
BNBUSDT,D,L,2020-06-15,False,1,1.6819984139571775,3.813639968279145,0.693939393939394,1.0
BNBUSDT,D,L,2020-06-27,True,0,2.7580957295832786,2.7255837956392672,0.4970355731225293,1.0
BNBUSDT,D,H,2020-06-24,False,0,0.5542824730572858,2.466477595008508,0.8165089379600428,1.0
BNBUSDT,D,L,2020-06-25,False,0,2.5584458347052976,0.8005707386675452,0.23833485818847247,0.0
BNBUSDT,D,H,2020-07-07,True,0,2.986365889935547,1.306643529995042,0.3043654001616815,0.0
BNBUSDT,D,H,2020-07-06,True,0,2.2670096463022547,0.6158199356913161,0.2136164896939404,0.0
BNBUSDT,D,L,2020-07-16,False,0,2.322321272504806,2.514420555846879,0.5198583354414369,1.0
BNBUSDT,D,H,2020-07-24,True,0,3.1066379103762296,2.869558271427428,0.4801646706586823,0.0
BNBUSDT,D,H,2020-07-23,True,0,2.5589635526418495,0.32888472644969763,0.1138857359061666,0.0
BNBUSDT,D,L,2020-09-05,False,0,3.574914265442075,1.6577712956758253,0.3168107994094073,1.0
BNBUSDT,D,H,2020-07-31,False,0,2.4715142428785613,1.1376311844077958,0.31520790927595216,0.0
BNBUSDT,D,L,2020-09-05,False,1,3.574914265442075,1.6577712956758253,0.3168107994094073,1.0
BNBUSDT,D,H,2020-08-15,False,0,1.657265229871963,2.7365927005968906,0.622822299651568,1.0
BNBUSDT,D,L,2020-08-11,False,0,1.728977550687613,2.079034625210631,0.5459632294164665,1.0
BNBUSDT,D,L,2020-09-03,True,0,4.932646152291443,1.3284826436258899,0.2121794147553949,0.0
BNBUSDT,D,H,2020-09-01,True,0,3.095179233621753,2.176349402554591,0.4128497733312489,1.0
BNBUSDT,D,L,2020-08-25,False,0,1.949413108964371,0.6478653786226223,0.24944008958566585,1.0
BNBUSDT,D,H,2020-08-27,True,0,1.614101592115239,0.7217589082638345,0.3089905874715996,0.0
BNBUSDT,D,L,2020-09-03,True,0,4.932646152291443,1.3284826436258899,0.2121794147553949,0.0
BNBUSDT,D,L,2020-09-20,False,0,0.8318281205437779,2.806255347466489,0.7713554051582221,1.0
BNBUSDT,D,H,2020-09-29,False,0,2.85448611367695,1.9311533961450826,0.403530895334174,
BNBUSDT,D,H,2020-10-12,True,0,2.615022624434389,1.6876018099547496,0.3922261484098938,1.0
BNBUSDT,D,H,2020-10-10,False,0,1.104917193102271,0.7111149052415899,0.3915761763738067,0.0
BNBUSDT,D,L,2020-11-03,False,0,4.002669130479418,0.9399445642131199,0.19017156150043615,1.0
BNBUSDT,D,H,2020-10-16,False,0,2.4513944223107558,2.28406374501992,0.4823321554770319,1.0
BNBUSDT,D,H,2020-10-27,False,0,1.2058259869681849,1.4403986201609824,0.5443221320973355,1.0
BNBUSDT,D,L,2020-10-20,True,0,2.2633136094674544,1.7167159763313593,0.4313324660843708,1.0
BNBUSDT,D,L,2020-10-30,False,0,2.919322392800425,1.4815246161990467,0.3366453351296731,0.0
BNBUSDT,D,H,2020-10-26,False,0,1.8115956900974848,0.6242175474602358,0.2562665880271307,0.0
BNBUSDT,D,L,2020-10-28,False,0,2.2991292846908413,1.405709247217017,0.3794252394835484,0.0
BNBUSDT,D,L,2020-11-03,True,0,4.002669130479418,0.9399445642131199,0.19017156150043615,1.0
BNBUSDT,D,H,2020-11-06,False,0,2.460359408033827,2.5128964059196637,0.5052819520904628,0.0
BNBUSDT,D,H,2020-11-21,True,0,2.846343665362623,1.573156786036714,0.3559580552907532,0.0
BNBUSDT,D,L,2020-11-15,False,0,1.6910261264672475,1.4797425217720563,0.4666825889658467,1.0
BNBUSDT,D,H,2020-12-19,True,0,5.03272965306568,1.5930613135500753,0.2404333794375286,0.0
BNBUSDT,D,H,2020-12-17,False,0,2.6846153846153835,1.3561538461538474,0.3356177422425284,0.0
BNBUSDT,D,L,2020-12-08,True,0,1.49532537827531,0.5502521835404117,0.26899600084192843,1.0
BNBUSDT,D,H,2021-01-29,False,0,0.9076179705973061,1.3060141873136628,0.5899869960988298,0.0
BNBUSDT,D,L,2022-06-18,False,0,1.8849563420649187,3.7144371125774844,0.6633641916157688,1.0
BNBUSDT,D,L,2022-06-18,False,0,1.8849563420649187,3.7144371125774844,0.6633641916157688,1.0
BNBUSDT,D,H,2021-03-09,True,0,2.3183228457959353,1.6854675738120335,0.42096798212956066,0.0
BNBUSDT,D,L,2021-05-23,False,0,4.612119420091937,0.6999957323838906,0.13177344848363126,
BNBUSDT,D,H,2021-03-31,False,0,3.725545906865687,2.2083049875278458,0.3721537711057609,0.0
BNBUSDT,D,L,2021-03-16,False,0,2.0570053910214336,1.5465617234924423,0.42917522397833147,1.0
BNBUSDT,D,L,2021-03-25,True,0,1.9208903132339725,0.796891805869571,0.2932140145702425,1.0
BNBUSDT,D,H,2021-03-28,False,1,2.319528122416711,2.4102432667559497,0.5095898022203466,0.0
BNBUSDT,D,H,2021-03-28,False,1,2.319528122416711,2.4102432667559497,0.5095898022203466,0.0
BNBUSDT,D,L,2021-05-23,False,1,4.612119420091937,0.6999957323838906,0.13177344848363126,
BNBUSDT,D,L,2021-05-19,True,0,5.742880653161374,1.7875783520126902,0.2373797335307811,0.0
BNBUSDT,D,H,2021-04-29,False,0,2.325084627438104,0.6116119827885239,0.20826529395602947,0.0
BNBUSDT,D,L,2021-05-19,True,0,5.742880653161374,1.7875783520126902,0.2373797335307811,0.0
BNBUSDT,D,L,2021-05-17,True,0,2.8437866878581537,1.0218312102448552,0.2643383896650268,0.0
BNBUSDT,D,L,2021-05-23,False,0,4.612119420091937,0.6999957323838906,0.13177344848363126,
BNBUSDT,D,L,2022-06-14,False,0,4.115870570107859,1.5089368258859777,0.26826462128475537,0.0
BNBUSDT,D,H,2021-06-02,True,0,1.2901937854994985,3.4094888072168392,0.7254721441190376,1.0
BNBUSDT,D,L,2021-06-21,True,0,3.619018361415034,1.958220100668761,0.35110926563056105,
BNBUSDT,D,H,2021-08-16,False,0,3.645755059514411,12.24696113408897,0.7706021415658463,1.0
BNBUSDT,D,L,2021-06-20,False,0,1.3859163143315347,1.6318705350634204,0.540750760906324,0.0
BNBUSDT,D,L,2021-06-20,False,0,1.3859163143315347,1.6318705350634204,0.540750760906324,0.0
BNBUSDT,D,H,2021-08-11,True,0,3.1073537305421364,2.1975308641975313,0.4142466862288779,0.0
BNBUSDT,D,L,2022-05-12,False,0,5.189572131189316,2.0478581075915505,0.2829537612146309,0.0
BNBUSDT,D,H,2021-07-06,True,0,1.4747352642522125,2.0382960205019116,0.5802100395028424,1.0
BNBUSDT,D,L,2021-07-20,False,0,3.1622969399320007,2.072761616924821,0.39593857344918154,1.0
BNBUSDT,D,H,2021-07-06,True,1,1.4747352642522125,2.0382960205019116,0.5802100395028424,1.0
BNBUSDT,D,L,2021-07-20,True,0,3.1622969399320007,2.072761616924821,0.39593857344918154,1.0
BNBUSDT,D,H,2021-08-01,False,0,1.354674241596562,2.4039477038493775,0.6395822029300057,0.0
BNBUSDT,D,L,2021-07-14,False,0,1.2902961750260453,1.7346331299300506,0.5734458412261066,0.0
BNBUSDT,D,H,2021-07-31,False,0,4.153336844481229,0.36551049582424194,0.08088578088578086,0.0
BNBUSDT,D,L,2021-07-19,True,0,2.4023083264633165,0.23852706787578873,0.09032258064516074,0.0
BNBUSDT,D,H,2021-07-26,False,0,2.517259920421552,1.5155751514499762,0.37580886012941744,0.0
BNBUSDT,D,L,2022-05-12,False,0,5.189572131189316,2.0478581075915505,0.2829537612146309,0.0
BNBUSDT,D,H,2021-07-31,True,0,4.153336844481229,0.36551049582424194,0.08088578088578086,0.0
BNBUSDT,D,L,2022-05-09,True,0,5.848551082281604,2.0659945004582956,0.2610376652531804,0.0
BNBUSDT,D,H,2021-08-07,True,0,2.297456952532575,1.3765972600444107,0.3746807151979567,0.0
BNBUSDT,D,L,2022-05-09,True,1,5.848551082281604,2.0659945004582956,0.2610376652531804,0.0
BNBUSDT,D,L,2021-09-07,False,0,3.253454133635334,3.580420284384043,0.523922458238812,
BNBUSDT,D,H,2021-08-20,True,0,2.5512222912782265,8.614408535322145,0.7715111370868238,1.0
BNBUSDT,D,L,2021-09-07,False,0,3.253454133635334,3.580420284384043,0.523922458238812,
BNBUSDT,D,H,2021-08-26,False,0,2.870578919584725,6.613232447650887,0.6973180076628354,1.0
BNBUSDT,D,H,2021-10-29,True,0,3.7162791922276948,5.978041652405148,0.6166539923954371,
BNBUSDT,D,L,2021-08-30,True,0,1.7889540000429311,2.2649666215897137,0.5587101556708672,0.0
BNBUSDT,D,L,2021-09-07,True,0,3.253454133635334,3.580420284384043,0.523922458238812,
BNBUSDT,D,H,2021-10-29,True,0,3.7162791922276948,5.978041652405148,0.6166539923954371,
BNBUSDT,D,L,2021-09-26,False,0,1.4200894069994316,0.9284003062560209,0.3953180212014136,1.0
BNBUSDT,D,H,2021-10-05,True,1,4.231804868443723,2.3838145167245073,0.3603312672535028,0.0
BNBUSDT,D,L,2021-09-20,True,0,1.947569277974878,0.8376642055805922,0.300751879699248,0.0
BNBUSDT,D,H,2021-10-02,False,1,3.4689637699518623,0.4266070893889497,0.10951080208592019,0.0
BNBUSDT,D,L,2021-09-20,True,0,1.947569277974878,0.8376642055805922,0.300751879699248,0.0
BNBUSDT,D,L,2021-09-24,False,1,2.8732825961369395,0.7746715896817632,0.21235781762097578,0.0
BNBUSDT,D,H,2021-09-30,True,0,2.302383665947283,1.691311622493271,0.4234954097245835,0.0
BNBUSDT,D,L,2022-05-09,True,1,5.848551082281604,2.0659945004582956,0.2610376652531804,0.0
BNBUSDT,D,H,2021-10-05,True,1,4.231804868443723,2.3838145167245073,0.3603312672535028,0.0
BNBUSDT,D,L,2021-10-10,True,0,1.830838785768442,3.343629777315998,0.6461783923415895,1.0
BNBUSDT,D,H,2021-10-13,True,0,5.5182828230139265,1.4919409524803091,0.21282358456169598,0.0
BNBUSDT,D,L,2022-01-21,True,0,4.137208565790438,2.200599312982679,0.3472177375955225,
BNBUSDT,D,H,2021-10-29,True,0,3.7162791922276948,5.978041652405148,0.6166539923954371,
BNBUSDT,D,L,2021-10-27,True,1,2.4228520286396207,2.360202863961814,0.4934509256025146,1.0
BNBUSDT,D,L,2021-10-27,True,1,2.4228520286396207,2.360202863961814,0.4934509256025146,1.0
BNBUSDT,D,L,2022-01-08,True,0,4.137761029099254,1.4855637095174672,0.26417889390519184,0.0
BNBUSDT,D,H,2024-06-04,True,0,5.457831325301211,0.3691128148959485,0.06334586466165423,0.0
BNBUSDT,D,H,2024-06-04,True,0,5.457831325301211,0.3691128148959485,0.06334586466165423,0.0
BNBUSDT,D,L,2021-11-16,False,0,1.9023887659314667,4.243379378768221,0.6904554937413073,
BNBUSDT,D,H,2024-06-04,True,1,5.457831325301211,0.3691128148959485,0.06334586466165423,0.0
BNBUSDT,D,L,2021-12-04,False,0,2.068403559558269,3.4565955469783067,0.625628254471361,0.0
BNBUSDT,D,L,2021-12-04,False,0,2.068403559558269,3.4565955469783067,0.625628254471361,0.0
BNBUSDT,D,H,2024-06-04,True,1,5.457831325301211,0.3691128148959485,0.06334586466165423,0.0
BNBUSDT,D,L,2021-12-04,False,0,2.068403559558269,3.4565955469783067,0.625628254471361,0.0
BNBUSDT,D,H,2024-06-04,True,0,5.457831325301211,0.3691128148959485,0.06334586466165423,0.0
BNBUSDT,D,L,2022-01-05,True,0,2.816726516092223,2.0696714434339025,0.4235576923076924,0.0
BNBUSDT,D,H,2024-03-13,True,0,8.73426948705335,0.6176378516166545,0.06604405168373843,
BNBUSDT,D,L,2022-01-05,True,0,2.816726516092223,2.0696714434339025,0.4235576923076924,0.0
BNBUSDT,D,H,2021-12-22,False,0,0.8731507711677684,2.610638967579475,0.7493675460787854,1.0
BNBUSDT,D,L,2022-01-04,False,1,1.265319775220764,0.25194005887075166,0.16604938271604935,0.0
BNBUSDT,D,H,2021-12-27,True,0,2.298139468825449,2.1032807839795473,0.4778641127574992,1.0
BNBUSDT,D,H,2024-03-13,True,0,8.73426948705335,0.6176378516166545,0.06604405168373843,
BNBUSDT,D,L,2022-01-04,False,1,1.265319775220764,0.25194005887075166,0.16604938271604935,0.0
BNBUSDT,D,H,2024-03-10,False,0,6.447143265805009,1.5619067432970108,0.19501772888444394,0.0
BNBUSDT,D,L,2022-01-21,True,0,4.137208565790438,2.200599312982679,0.3472177375955225,
BNBUSDT,D,H,2024-03-10,True,0,6.447143265805009,1.5619067432970108,0.19501772888444394,0.0
BNBUSDT,D,L,2022-02-24,False,0,3.6097134106322457,1.8267337562896515,0.33601609657947684,1.0
BNBUSDT,D,H,2022-02-05,True,0,1.954125370060497,3.2977217145063698,0.6279165522920668,1.0
BNBUSDT,D,H,2022-02-04,True,0,2.074351692350667,0.10070301224451891,0.0462990710218764,0.0
BNBUSDT,D,L,2022-02-03,False,0,0.7744733038412682,1.1160264552582009,0.5903340901719104,1.0
BNBUSDT,D,L,2022-02-21,True,0,3.8063225039867414,0.9048497545417599,0.1920646719940533,0.0
BNBUSDT,D,H,2022-03-30,False,0,3.97540330611432,4.370643298147777,0.5236782761212727,1.0
BNBUSDT,D,L,2022-02-11,True,0,2.034945894334818,1.8117122851686827,0.47098343565388634,0.0
BNBUSDT,D,L,2022-02-14,False,0,1.890717029449422,1.9781049935979516,0.5112938723502841,0.0
BNBUSDT,D,L,2022-02-20,True,0,2.8452603729754147,0.9557978963670398,0.2514557338086752,0.0
BNBUSDT,D,H,2022-03-30,False,0,3.97540330611432,4.370643298147777,0.5236782761212727,1.0
BNBUSDT,D,L,2022-05-09,True,0,5.848551082281604,2.0659945004582956,0.2610376652531804,0.0
BNBUSDT,D,L,2022-05-08,False,0,2.97827753641707,1.6718630207002318,0.35952956693778887,0.0
BNBUSDT,D,H,2022-03-27,True,0,3.1713286713286726,0.8958041958041958,0.22025447042640983,0.0
BNBUSDT,D,L,2022-03-13,True,1,1.862556651988042,0.2493008903603236,0.11804815682932067,1.0
BNBUSDT,D,H,2022-03-19,False,0,2.356906260351107,1.7186982444518064,0.4217038828047224,0.0
BNBUSDT,D,L,2022-03-13,True,1,1.862556651988042,0.2493008903603236,0.11804815682932067,1.0
BNBUSDT,D,L,2022-05-08,True,0,2.97827753641707,1.6718630207002318,0.35952956693778887,0.0
BNBUSDT,D,H,2022-03-22,False,0,2.8224541911204684,1.5874736794946458,0.3599772436353293,0.0
BNBUSDT,D,L,2022-04-25,False,0,1.7694228634850155,2.9173140954495005,0.6224616659759638,0.0
BNBUSDT,D,L,2022-04-11,True,0,3.2423388517083476,0.449242691088412,0.12169382847982917,0.0
BNBUSDT,D,H,2024-03-07,True,0,5.1970917903665566,1.2859133595880032,0.19835143268350117,0.0
BNBUSDT,D,L,2022-04-11,True,1,3.2423388517083476,0.449242691088412,0.12169382847982917,0.0
BNBUSDT,D,L,2022-04-25,False,0,1.7694228634850155,2.9173140954495005,0.6224616659759638,0.0
BNBUSDT,D,H,2022-04-20,False,0,1.3184546453630888,2.483641897032717,0.6532295719844362,1.0
BNBUSDT,D,L,2022-04-25,False,0,1.7694228634850155,2.9173140954495005,0.6224616659759638,0.0
BNBUSDT,D,H,2024-03-06,False,0,3.8420967376162234,1.3770045679852274,0.26383940210306783,0.0
BNBUSDT,D,L,2022-04-30,True,0,3.3511157601115773,1.0659867503486733,0.24133167564580704,0.0
BNBUSDT,D,H,2022-05-05,False,0,1.0893091028159785,3.058775376555337,0.7373946677717919,1.0
BNBUSDT,D,L,2022-05-05,False,0,3.058775376555337,1.0893091028159785,0.26260533222820825,0.0
BNBUSDT,D,H,2024-02-28,True,0,4.215554883057367,1.0204487484328397,0.1948907640735177,0.0
BNBUSDT,D,L,2022-06-13,False,0,4.55273902687989,0.6966655324940464,0.13271324863883863,0.0
BNBUSDT,D,L,2022-06-07,False,0,1.9919563343866713,4.2378626831370285,0.6802545421008944,0.0
BNBUSDT,D,H,2022-11-03,False,1,5.297059663145879,6.76540108478447,0.5608640911801734,1.0
BNBUSDT,D,L,2022-06-06,False,0,1.7547445255474459,0.4969343065693425,0.2206950207468877,0.0
BNBUSDT,D,H,2022-08-07,False,0,2.881447657703365,0.894385252832742,0.23687098291268235,1.0
BNBUSDT,D,L,2022-06-06,False,0,1.7547445255474459,0.4969343065693425,0.2206950207468877,0.0
BNBUSDT,D,H,2022-08-04,False,0,2.17528498265323,0.7580538575912777,0.25842696629213496,0.0
BNBUSDT,D,L,2022-06-11,True,0,2.834983498349833,3.5168316831683173,0.5536734905954487,0.0
BNBUSDT,D,H,2022-07-29,False,0,3.5821596244131437,1.2304225352112694,0.2556678503141222,0.0
BNBUSDT,D,L,2022-06-18,True,1,1.8849563420649187,3.7144371125774844,0.6633641916157688,1.0
BNBUSDT,D,H,2022-06-24,True,0,2.3703044329713365,2.4621090736454807,0.5094988395082954,0.0
BNBUSDT,D,H,2022-07-08,False,0,2.814138979744075,4.727721351925175,0.6268640818065616,0.0
BNBUSDT,D,L,2023-08-17,False,0,7.34712722298222,8.35978112175102,0.5322359396433467,
BNBUSDT,D,H,2022-07-16,True,0,3.2338028169014104,4.766059773273792,0.5957677047012144,0.0
BNBUSDT,D,L,2023-08-17,False,0,7.34712722298222,8.35978112175102,0.5322359396433467,
BNBUSDT,D,H,2022-07-28,True,0,2.5278988457301605,1.4885770391302255,0.3706176961602669,0.0
BNBUSDT,D,L,2022-07-25,True,0,2.095728309896523,2.1076147519235877,0.5014139271827504,1.0
BNBUSDT,D,H,2022-07-28,True,1,2.5278988457301605,1.4885770391302255,0.3706176961602669,0.0
BNBUSDT,D,L,2022-12-16,True,0,5.955629506378256,1.4180532445923464,0.1923127550348823,1.0
BNBUSDT,D,H,2022-08-03,False,0,3.540040889120881,0.9189612423332916,0.20609123190385184,0.0
BNBUSDT,D,L,2022-08-19,False,0,3.9746053534660235,2.717227179135209,0.4060512820512822,
BNBUSDT,D,H,2022-10-31,False,1,6.865437426441742,1.3500196155355064,0.16432678165530173,0.0
BNBUSDT,D,L,2022-08-27,False,0,1.97940074906367,2.5076779026217246,0.558866491381829,
BNBUSDT,D,H,2022-08-25,False,0,1.9588766298896676,2.520561685055164,0.5626959247648904,1.0
BNBUSDT,D,H,2022-10-29,False,0,5.382511627906985,4.22995348837209,0.44004877387887764,0.0
BNBUSDT,D,L,2022-09-01,False,0,0.9360999076728702,2.638223431653629,0.7381043014845833,1.0
BNBUSDT,D,H,2022-09-09,True,0,2.6734275542129664,1.1116625310173718,0.293695131683959,1.0
BNBUSDT,D,L,2022-09-06,True,0,2.669148799589162,2.0526383361150335,0.43471640654739263,1.0
BNBUSDT,D,H,2022-09-09,True,0,2.6734275542129664,1.1116625310173718,0.293695131683959,1.0
BNBUSDT,D,L,2022-09-19,False,0,2.10965052901571,2.423853799294647,0.5346534653465348,1.0
BNBUSDT,D,H,2022-10-28,False,0,4.808695652173923,1.3847826086956518,0.2235872235872232,0.0
BNBUSDT,D,L,2022-09-18,True,0,2.707120388904777,0.676579925650557,0.19995267392333152,0.0
BNBUSDT,D,H,2022-09-24,False,0,1.48855322161907,2.1213122492329504,0.587643020594966,1.0
BNBUSDT,D,L,2022-10-13,False,0,3.2170873124147374,3.819918144611181,0.5428329092451224,1.0
BNBUSDT,D,H,2022-09-27,False,0,1.296784830997524,2.305853256389121,0.6400457665903898,1.0
BNBUSDT,D,H,2022-09-30,False,0,1.5403422982885082,1.2815313972210651,0.45414201183432,1.0
BNBUSDT,D,L,2022-10-13,False,0,3.2170873124147374,3.819918144611181,0.5428329092451224,1.0
BNBUSDT,D,H,2022-10-04,True,0,2.7640121902742822,0.371008347687823,0.11834319526627216,1.0
BNBUSDT,D,H,2022-10-28,False,0,4.808695652173923,1.3847826086956518,0.2235872235872232,0.0
BNBUSDT,D,L,2022-11-21,True,0,5.270804858550172,0.5242282796503075,0.09046165347953387,0.0
BNBUSDT,D,H,2022-10-24,False,0,1.5662231320368487,3.4863868986694024,0.6900170164492344,0.0
BNBUSDT,D,H,2022-10-23,False,1,1.884959522795063,0.13719642096292523,0.06784660766961348,0.0
BNBUSDT,D,L,2022-11-09,False,0,6.219036144578315,0.4857831325301198,0.07245283018867914,0.0
BNBUSDT,D,H,2022-11-03,False,1,5.297059663145879,6.76540108478447,0.5608640911801734,1.0
BNBUSDT,D,H,2022-11-08,False,0,3.6016597510373463,4.909559682552473,0.5768338744947319,1.0
BNBUSDT,D,H,2024-02-26,True,0,3.599818057766656,0.7985444621332737,0.18155494425944724,0.0
BNBUSDT,D,L,2022-11-21,True,0,5.270804858550172,0.5242282796503075,0.09046165347953387,0.0
BNBUSDT,D,L,2022-11-17,False,0,4.220994727351579,0.24989157974024764,0.055893074119076486,0.0
BNBUSDT,D,L,2022-11-20,False,1,4.823421960625127,0.14598132737974473,0.029376027446215515,0.0
BNBUSDT,D,L,2022-12-16,True,0,5.955629506378256,1.4180532445923464,0.1923127550348823,1.0
BNBUSDT,D,H,2023-01-24,False,0,1.3734177215189851,7.116476112699063,0.8382291052941674,
BNBUSDT,D,L,2022-12-02,False,0,1.6243313609467454,2.9404970414201195,0.6441637630662023,0.0
BNBUSDT,D,L,2022-12-07,True,0,0.9707038415177415,2.5606624390755184,0.7251194681072092,0.0
BNBUSDT,D,H,2023-01-14,True,0,7.384903204815356,1.4519277696437285,0.1643041237113402,0.0
BNBUSDT,D,L,2022-12-12,True,0,1.5738536310488165,2.664506585898427,0.6286644951140058,0.0
BNBUSDT,D,H,2023-01-13,True,0,6.466487470736151,0.4345790340761275,0.0629727352682495,0.0
BNBUSDT,D,L,2022-12-16,True,0,5.955629506378256,1.4180532445923464,0.1923127550348823,1.0
BNBUSDT,D,L,2023-08-17,True,0,7.34712722298222,8.35978112175102,0.5322359396433467,
BNBUSDT,D,L,2023-01-02,False,1,0.4530093870789627,4.041524019878516,0.8992088063295491,1.0
BNBUSDT,D,H,2023-01-04,True,0,3.6357909806728723,6.726413743736577,0.6491295938104447,0.0
BNBUSDT,D,L,2023-01-02,False,1,0.4530093870789627,4.041524019878516,0.8992088063295491,1.0
BNBUSDT,D,H,2023-01-04,True,0,3.6357909806728723,6.726413743736577,0.6491295938104447,0.0
BNBUSDT,D,L,2023-06-10,True,0,7.834207170185635,1.9649992914836338,0.2005263690656949,
BNBUSDT,D,H,2023-01-07,True,0,3.830118890356673,5.731307793923384,0.5994197292069632,0.0
BNBUSDT,D,H,2023-01-24,False,0,1.3734177215189851,7.116476112699063,0.8382291052941674,
BNBUSDT,D,L,2023-03-09,True,0,5.02521856086079,4.294384667114993,0.46079050385149634,1.0
BNBUSDT,D,H,2023-02-02,False,0,1.6109627689052366,5.373872739180815,0.7693628193476721,1.0
BNBUSDT,D,L,2023-02-13,False,0,3.050145348837209,0.9404069767441865,0.23565835002731753,0.0
BNBUSDT,D,H,2023-02-02,True,0,1.6109627689052366,5.373872739180815,0.7693628193476721,1.0
BNBUSDT,D,L,2023-02-13,True,1,3.050145348837209,0.9404069767441865,0.23565835002731753,0.0
BNBUSDT,D,H,2023-03-17,True,0,5.237105077218129,4.329867770263452,0.45258493353028073,
BNBUSDT,D,L,2023-02-09,True,0,2.473744729781525,0.385588348026066,0.13485254691689083,0.0
BNBUSDT,D,H,2023-03-17,True,0,5.237105077218129,4.329867770263452,0.45258493353028073,
BNBUSDT,D,L,2023-02-13,True,1,3.050145348837209,0.9404069767441865,0.23565835002731753,0.0
BNBUSDT,D,H,2023-02-16,False,0,1.3901936547177594,2.0471546948679222,0.5955621853440239,1.0
BNBUSDT,D,L,2023-03-09,True,1,5.02521856086079,4.294384667114993,0.46079050385149634,1.0
BNBUSDT,D,H,2023-03-16,True,0,5.1065898044534865,0.5506951508986079,0.09734265734265707,0.0
BNBUSDT,D,H,2023-03-14,False,0,3.8988459355489695,1.715456896008072,0.3055511872935996,0.0
BNBUSDT,D,L,2023-03-03,True,0,3.1726969861315566,0.8634074533199017,0.21392098898145614,0.0
BNBUSDT,D,L,2023-03-06,False,0,3.54407920792079,0.5821782178217823,0.1410911045417899,0.0
BNBUSDT,D,L,2023-03-09,True,1,5.02521856086079,4.294384667114993,0.46079050385149634,1.0
BNBUSDT,D,H,2023-03-13,True,0,4.337662337662338,1.1648351648351614,0.21169208424110333,0.0
BNBUSDT,D,L,2023-06-07,True,0,7.130419641302457,2.2939230367403827,0.24340403517847922,0.0
BNBUSDT,D,H,2023-04-16,True,0,4.921666515385315,6.615594081873468,0.5734111686309064,1.0
BNBUSDT,D,L,2023-03-27,True,0,2.2917759676009024,2.9438078144415307,0.5622692591681024,1.0
BNBUSDT,D,H,2023-04-11,False,0,1.8856398958541942,3.252553575005005,0.6330150068212824,0.0
BNBUSDT,D,L,2023-04-03,False,0,1.1244871794871774,3.94512820512821,0.7781908302354404,1.0
BNBUSDT,D,H,2023-04-11,True,0,1.8856398958541942,3.252553575005005,0.6330150068212824,0.0
BNBUSDT,D,L,2023-06-05,True,0,6.951347396658955,2.1321790025606666,0.23473031385077991,0.0
BNBUSDT,D,H,2023-04-10,True,0,1.1220095693779897,0.2990430622009569,0.21043771043771053,0.0
BNBUSDT,D,L,2023-05-10,False,0,1.5093894984903156,1.7248692834523929,0.533312081606631,0.0
BNBUSDT,D,H,2023-04-14,False,0,2.744278606965171,2.3611940298507434,0.46248294679399726,0.0
BNBUSDT,D,H,2024-02-15,True,0,4.722023549934575,5.619537723506324,0.5433935529578467,0.0
BNBUSDT,D,L,2023-05-08,True,0,1.5307951530795163,0.4446834444683454,0.22510162601626044,0.0
BNBUSDT,D,H,2024-02-15,True,0,4.722023549934575,5.619537723506324,0.5433935529578467,0.0
BNBUSDT,D,L,2023-05-08,True,0,1.5307951530795163,0.4446834444683454,0.22510162601626044,0.0
BNBUSDT,D,H,2024-02-15,True,0,4.722023549934575,5.619537723506324,0.5433935529578467,0.0
BNBUSDT,D,L,2023-05-06,False,0,1.600578871201156,0.4109985528219964,0.2043165467625898,0.0
BNBUSDT,D,H,2023-12-28,False,0,4.343443488758112,1.1358583572254917,0.20729983292635903,
BNBUSDT,D,L,2023-06-05,True,0,6.951347396658955,2.1321790025606666,0.23473031385077991,0.0
BNBUSDT,D,H,2023-05-29,False,0,1.6587897526501814,2.6002650176678466,0.6105263157894733,1.0
BNBUSDT,D,H,2023-05-23,False,0,1.891687385147553,0.4388714733542289,0.1883116883116871,0.0
BNBUSDT,D,L,2023-05-21,False,0,1.2885317750182617,0.7830533235938668,0.3779971791255297,1.0
BNBUSDT,D,H,2023-05-29,False,1,1.6587897526501814,2.6002650176678466,0.6105263157894733,1.0
BNBUSDT,D,L,2023-06-05,True,1,6.951347396658955,2.1321790025606666,0.23473031385077991,0.0
BNBUSDT,D,H,2023-12-27,True,0,5.1625357205342075,0.4115005540327772,0.0738245202870956,0.0
BNBUSDT,D,L,2023-06-05,True,0,6.951347396658955,2.1321790025606666,0.23473031385077991,0.0
BNBUSDT,D,L,2023-06-10,True,0,7.834207170185635,1.9649992914836338,0.2005263690656949,
BNBUSDT,D,L,2023-08-17,True,0,7.34712722298222,8.35978112175102,0.5322359396433467,
BNBUSDT,D,H,2023-06-21,False,0,1.92429351697934,4.573355497506533,0.7038477282030292,
BNBUSDT,D,H,2023-06-21,False,0,1.92429351697934,4.573355497506533,0.7038477282030292,
BNBUSDT,D,H,2023-07-03,False,0,2.4178272980501423,6.7626876825871385,0.7366348943224202,
BNBUSDT,D,L,2023-06-28,False,0,2.332313073895934,0.9199825098382174,0.2828717397149774,1.0
BNBUSDT,D,L,2023-08-17,True,0,7.34712722298222,8.35978112175102,0.5322359396433467,
BNBUSDT,D,H,2023-07-13,False,0,2.9742412649834256,7.346935305619321,0.7118311808118081,1.0
BNBUSDT,D,L,2023-08-16,False,0,3.5632465543644716,2.306891271056665,0.3929875821767717,0.0
BNBUSDT,D,L,2023-08-16,False,1,3.5632465543644716,2.306891271056665,0.3929875821767717,0.0
BNBUSDT,D,H,2023-11-20,False,0,1.836169524425753,5.838240051763185,0.7607412653446648,1.0
BNBUSDT,D,L,2023-07-17,False,0,1.769892159720198,1.3292043136111924,0.4289005924950626,0.0
BNBUSDT,D,L,2023-07-24,False,0,0.780258519388953,0.9424206815511179,0.5470668485675315,1.0
BNBUSDT,D,H,2023-08-01,True,0,2.6952438654953035,2.8648894274462235,0.5152555301296716,1.0
BNBUSDT,D,L,2023-08-02,False,0,4.270628033534341,1.9849977937932004,0.31731402238314643,0.0
BNBUSDT,D,H,2023-08-01,True,0,2.6952438654953035,2.8648894274462235,0.5152555301296716,1.0
BNBUSDT,D,H,2023-11-06,True,1,3.768436578171093,0.7009177318911813,0.15682751540041026,0.0
BNBUSDT,D,L,2023-08-15,False,0,2.4286341677646064,1.1743522178304762,0.3259385665529002,0.0
BNBUSDT,D,L,2023-08-11,False,0,1.7337826453243492,0.9750070204998543,0.35994194484760367,0.0
BNBUSDT,D,H,2023-11-06,True,1,3.768436578171093,0.7009177318911813,0.15682751540041026,0.0
BNBUSDT,D,L,2023-08-15,True,0,2.4286341677646064,1.1743522178304762,0.3259385665529002,0.0
BNBUSDT,D,L,2023-08-22,False,0,5.592886630676405,4.130200063512226,0.4247828074988569,
BNBUSDT,D,L,2023-10-09,False,0,1.9993552546744007,5.158607350096716,0.7206809583858769,1.0
BNBUSDT,D,H,2023-08-29,True,0,2.9932056825200766,2.6819024088943806,0.4725729212015672,
BNBUSDT,D,L,2023-08-31,False,0,2.5038289725590284,1.5567964262922809,0.38338833883388396,0.0
BNBUSDT,D,H,2023-11-05,True,0,2.562945368171022,0.5439429928741106,0.1750764525993887,0.0
BNBUSDT,D,L,2023-09-10,False,0,1.2202801250144688,1.5622178492881136,0.5614443797320912,1.0
BNBUSDT,D,H,2023-09-18,False,0,2.495412844036698,4.691131498470943,0.6527659574468082,1.0
BNBUSDT,D,L,2023-09-10,False,1,1.2202801250144688,1.5622178492881136,0.5614443797320912,1.0
BNBUSDT,D,L,2023-10-09,False,0,1.9993552546744007,5.158607350096716,0.7206809583858769,1.0
BNBUSDT,D,H,2023-10-02,False,0,1.8643808357569234,5.207408541252105,0.7363636363636367,1.0
BNBUSDT,D,L,2023-09-24,True,0,2.5917877804430636,0.9067306335543953,0.25917560700169406,1.0
BNBUSDT,D,L,2023-10-09,True,0,1.9993552546744007,5.158607350096716,0.7206809583858769,1.0
BNBUSDT,D,H,2023-10-23,True,0,3.5672082717873006,1.7577548005908403,0.33009708737864035,0.0
BNBUSDT,D,H,2023-10-10,False,0,5.217163636363638,2.6757818181818154,0.3390092879256963,0.0
BNBUSDT,D,H,2023-10-16,False,0,2.4003378378378395,1.375563063063061,0.3643006263048012,0.0
BNBUSDT,D,H,2023-10-23,True,0,3.5672082717873006,1.7577548005908403,0.33009708737864035,0.0
BNBUSDT,D,H,2023-11-04,False,1,1.8490099009901022,0.2029702970297013,0.09891435464414869,0.0
BNBUSDT,D,H,2023-11-02,False,0,1.7183330286967655,0.8227015170901123,0.3237663645518632,0.0
BNBUSDT,D,H,2023-11-09,False,0,3.547020323802964,1.1501894591801574,0.24486652977412707,0.0
BNBUSDT,D,L,2023-11-14,False,0,1.6435950413223135,2.064049586776861,0.5567010309278353,1.0
BNBUSDT,D,H,2023-11-20,False,0,1.836169524425753,5.838240051763185,0.7607412653446648,1.0
BNBUSDT,D,L,2023-11-21,True,0,7.322538492131132,0.25771262996420735,0.03399790136411341,1.0
BNBUSDT,D,H,2023-11-20,False,0,1.836169524425753,5.838240051763185,0.7607412653446648,1.0
BNBUSDT,D,L,2023-11-20,False,0,5.838240051763185,1.836169524425753,0.2392587346553353,0.0
BNBUSDT,D,H,2023-12-21,False,0,3.9357429718875556,4.518706404565633,0.5344767238361916,0.0
BNBUSDT,D,L,2023-11-27,False,1,3.181818181818184,0.35353535353535354,0.09999999999999995,1.0
BNBUSDT,D,H,2023-12-08,True,0,2.4889921451488006,5.160747870339646,0.6746304920024299,0.0
BNBUSDT,D,H,2023-12-20,True,0,2.850775617216522,1.2693904304129335,0.30809205642167736,0.0
BNBUSDT,D,H,2023-12-26,True,0,3.598526447487318,1.9666365468826066,0.35338345864661685,0.0
BNBUSDT,D,H,2024-02-15,True,1,4.722023549934575,5.619537723506324,0.5433935529578467,0.0
BNBUSDT,D,H,2024-02-14,False,0,2.2640673460345573,0.5284891448825859,0.18924922256774734,0.0
BNBUSDT,D,H,2024-01-15,True,0,1.6360448521916386,0.9795718654434261,0.37450894805761736,1.0
BNBUSDT,D,L,2024-01-25,False,0,2.3017332664548853,0.522766538482973,0.18508287292817652,1.0
BNBUSDT,D,H,2024-02-09,True,1,3.4513055079092725,1.4034686487516719,0.2890904094531476,0.0
BNBUSDT,D,L,2024-01-22,False,0,1.2623895505186329,1.3307721859393005,0.5131851851851851,0.0
BNBUSDT,D,H,2024-02-09,True,1,3.4513055079092725,1.4034686487516719,0.2890904094531476,0.0
BNBUSDT,D,H,2024-02-08,True,0,2.8610203070827125,0.4215948489351112,0.128432615124629,0.0
BNBUSDT,D,H,2024-02-07,False,0,1.2866402244364903,0.7746928509238616,0.37582128777923657,0.0
BNBUSDT,D,H,2024-02-12,True,0,4.181307097680953,0.9332396345748394,0.18246771090959024,0.0
BNBUSDT,D,H,2024-02-21,True,0,5.017957985091477,1.6776598147729846,0.25056086905183644,0.0
BNBUSDT,D,H,2024-02-25,True,0,2.8765759787657563,0.7717319177173224,0.21153146598763276,0.0
BNBUSDT,D,H,2024-03-05,False,0,2.7654182372283254,2.0911861416312454,0.43058605941509664,0.0
BNBUSDT,D,H,2024-06-04,True,0,5.457831325301211,0.3691128148959485,0.06334586466165423,0.0
BNBUSDT,D,L,2024-04-13,False,0,3.3172575865944625,7.199550424031883,0.6845756256800871,
BNBUSDT,D,H,2024-03-25,False,0,1.6778323935550408,1.0989914683310342,0.3957728408400297,1.0
BNBUSDT,D,H,2024-03-29,True,0,1.1248846956775032,0.7644231547262635,0.40460486868929146,1.0
BNBUSDT,D,L,2024-04-02,True,0,2.1199037620297436,1.6483377077865282,0.4374288964732656,1.0
BNBUSDT,D,H,2024-04-12,False,0,2.1658036826803277,1.9727537034473215,0.4766766579243161,1.0
BNBUSDT,D,L,2024-04-13,False,0,3.3172575865944625,7.199550424031883,0.6845756256800871,
BNBUSDT,D,H,2024-04-08,False,0,1.8732283019933376,1.357388898300297,0.420163954484277,0.0
BNBUSDT,D,L,2024-04-12,False,0,1.9727537034473215,2.1658036826803277,0.5233233420756838,0.0
BNBUSDT,D,H,2024-05-21,False,0,3.1002465078060824,1.4154777022484544,0.31345530338119554,0.0
BNBUSDT,D,L,2024-07-05,False,0,4.854528819762124,7.766925892040263,0.6153748572878347,1.0
BNBUSDT,D,L,2024-07-04,False,0,4.4182107822587415,1.4214806741007822,0.24341708542713594,0.0
BNBUSDT,D,H,2024-05-21,False,0,3.1002465078060824,1.4154777022484544,0.31345530338119554,0.0
BNBUSDT,D,L,2024-07-04,True,0,4.4182107822587415,1.4214806741007822,0.24341708542713594,0.0
BNBUSDT,D,H,2024-05-09,False,0,2.6017014219465007,0.9880531924695197,0.27524254401724774,0.0
BNBUSDT,D,L,2024-05-14,True,0,1.4241868117959748,1.3590684723452762,0.48830176667197267,1.0
BNBUSDT,D,H,2024-05-21,True,0,3.1002465078060824,1.4154777022484544,0.31345530338119554,0.0
BNBUSDT,D,H,2024-05-20,True,0,2.2105845181674604,0.5136650868878343,0.18855287193017994,0.0
BNBUSDT,D,L,2024-06-24,False,0,1.628564736194879,1.3133454353809255,0.4464260833217234,0.0
BNBUSDT,D,L,2024-06-24,True,0,1.628564736194879,1.3133454353809255,0.4464260833217234,0.0
BNBUSDT,D,H,2024-06-03,False,0,2.2424001904913125,1.068418128422893,0.3227051518711194,0.0
BNBUSDT,D,L,2024-06-18,False,0,4.2441428667881995,0.6459163234532892,0.13208762886597933,0.0
BNBUSDT,D,H,2024-06-03,True,0,2.2424001904913125,1.068418128422893,0.3227051518711194,0.0
BNBUSDT,D,L,2024-06-18,False,1,4.2441428667881995,0.6459163234532892,0.13208762886597933,0.0
BNBUSDT,D,L,2024-06-10,True,0,3.992681439316936,1.5653588127668223,0.2816386247256765,0.0
BNBUSDT,D,L,2024-06-18,True,1,4.2441428667881995,0.6459163234532892,0.13208762886597933,0.0
BNBUSDT,D,H,2024-09-23,False,0,3.8564257380559557,5.810439849756029,0.601067615658363,
BNBUSDT,D,L,2024-06-24,True,0,1.628564736194879,1.3133454353809255,0.4464260833217234,0.0
BNBUSDT,D,H,2024-09-23,False,1,3.8564257380559557,5.810439849756029,0.601067615658363,
BNBUSDT,D,H,2024-07-19,True,0,4.174425058519754,0.4760250006032936,0.10236106066109642,1.0
BNBUSDT,D,L,2024-07-03,False,0,1.9505160095263328,1.2966393225721096,0.39931545921277783,0.0
BNBUSDT,D,H,2024-07-01,False,0,0.6029871483153858,0.8553124155763986,0.5865135235272336,1.0
BNBUSDT,D,L,2024-07-03,True,0,1.9505160095263328,1.2966393225721096,0.39931545921277783,0.0
BNBUSDT,D,H,2024-07-19,True,1,4.174425058519754,0.4760250006032936,0.10236106066109642,1.0
BNBUSDT,D,L,2024-08-05,False,0,5.850798621985592,4.919072972126526,0.4567438830761715,1.0
BNBUSDT,D,L,2024-08-05,True,0,5.850798621985592,4.919072972126526,0.4567438830761715,1.0
BNBUSDT,D,H,2024-07-14,False,0,2.6182992141748853,1.5325091345913218,0.3692073942770322,0.0
BNBUSDT,D,H,2024-07-19,True,1,4.174425058519754,0.4760250006032936,0.10236106066109642,1.0
BNBUSDT,D,H,2024-09-23,False,1,3.8564257380559557,5.810439849756029,0.601067615658363,
BNBUSDT,D,L,2024-08-02,True,0,2.7170281725255534,3.645973572675141,0.5729958467204764,0.0
BNBUSDT,D,H,2024-08-23,False,0,3.6038205718248566,0.6500646218831769,0.15281668222844716,1.0
BNBUSDT,D,H,2024-08-17,True,0,1.2990480358901382,1.710515373673269,0.5683599714954705,0.0
BNBUSDT,D,L,2024-09-04,False,0,3.827057182705718,4.687041416530225,0.550503539734769,1.0
BNBUSDT,D,L,2024-09-01,False,0,3.817251787132646,0.5622239872914979,0.12837700589071638,0.0
BNBUSDT,D,H,2024-09-23,True,0,3.8564257380559557,5.810439849756029,0.601067615658363,
BNBUSDT,D,L,2024-09-01,True,0,3.817251787132646,0.5622239872914979,0.12837700589071638,0.0
BNBUSDT,D,H,2024-09-12,True,0,3.376999737739314,2.4457776029373175,0.42003625758650553,0.0
BNBUSDT,D,H,2024-09-19,True,0,1.9326034895655158,1.4857338351009228,0.4346364018495163,0.0
BNBUSDT,D,L,2025-02-03,False,0,2.788656830810498,5.585744395478058,0.667002242255068,1.0
BNBUSDT,D,H,2024-09-28,False,0,0.9339257081774465,5.709246392303583,0.8594156986976416,1.0
BNBUSDT,D,L,2024-09-30,True,0,2.309672036454654,1.8487260124510605,0.4445764909248056,1.0
BNBUSDT,D,H,2024-11-09,True,0,4.242141508386085,5.08704505905439,0.5452828092010228,0.0
BNBUSDT,D,L,2025-02-03,False,0,2.788656830810498,5.585744395478058,0.667002242255068,1.0
BNBUSDT,D,H,2024-10-14,True,0,1.8739575636018133,1.4655688095992114,0.4388552883906183,1.0
BNBUSDT,D,L,2024-11-03,False,0,3.1018369320012846,1.3749597164034781,0.3071302595112118,1.0
BNBUSDT,D,H,2024-10-20,False,0,3.2909153063840693,0.7645500384582499,0.1885233810296501,1.0
BNBUSDT,D,H,2024-10-29,False,0,2.4309296264118156,0.7153200115841241,0.22735640648011643,1.0
BNBUSDT,D,L,2024-11-02,False,0,2.5842555857172633,1.0120693255376934,0.2814176556657464,0.0
BNBUSDT,D,H,2024-11-09,True,0,4.242141508386085,5.08704505905439,0.5452828092010228,0.0
BNBUSDT,D,L,2025-02-03,False,0,2.788656830810498,5.585744395478058,0.667002242255068,1.0
BNBUSDT,D,H,2024-11-23,False,0,1.6860133602480587,2.0997232222754043,0.5546406033553949,0.0
BNBUSDT,D,L,2024-11-21,False,0,0.7869526633622619,2.39722083937577,0.7528549676437006,1.0
BNBUSDT,D,H,2024-11-23,True,0,1.6860133602480587,2.0997232222754043,0.5546406033553949,0.0
BNBUSDT,D,L,2025-02-03,False,0,2.788656830810498,5.585744395478058,0.667002242255068,1.0
BNBUSDT,D,L,2025-02-02,False,0,2.956031036915113,1.0052316012226683,0.2537654513347883,0.0
BNBUSDT,D,L,2024-12-20,False,0,1.4314501619287507,1.880772460117551,0.5678279133772729,1.0
BNBUSDT,D,H,2025-07-18,False,0,3.6590383617232103,4.202047845986884,0.5345378151260506,0.0
BNBUSDT,D,L,2024-12-20,False,0,1.4314501619287507,1.880772460117551,0.5678279133772729,1.0
BNBUSDT,D,H,2024-12-17,False,0,1.6769248143651718,0.8664276235918582,0.3406636102261249,1.0
BNBUSDT,D,H,2025-01-06,False,0,1.331451221946555,1.27276356688625,0.4887321784455021,1.0
BNBUSDT,D,L,2025-02-02,False,0,2.956031036915113,1.0052316012226683,0.2537654513347883,0.0
BNBUSDT,D,L,2025-01-27,False,0,2.086928259071032,2.590355749911356,0.5538162200406824,0.0
BNBUSDT,D,L,2025-01-08,False,0,1.980617875248577,2.2531439935019466,0.5321848661665279,0.0
BNBUSDT,D,H,2025-01-06,False,0,1.331451221946555,1.27276356688625,0.4887321784455021,1.0
BNBUSDT,D,L,2025-01-08,False,0,1.980617875248577,2.2531439935019466,0.5321848661665279,0.0
BNBUSDT,D,L,2025-01-07,False,0,2.73548113607461,0.4306909707503163,0.13602891953407364,0.0
BNBUSDT,D,H,2025-07-18,False,0,3.6590383617232103,4.202047845986884,0.5345378151260506,0.0
BNBUSDT,D,L,2025-01-13,False,0,2.697694649847761,2.359955833640044,0.4666110956747243,0.0
BNBUSDT,D,L,2025-01-27,False,0,2.086928259071032,2.590355749911356,0.5538162200406824,0.0
BNBUSDT,D,H,2025-02-13,False,0,3.7903960169019615,1.8721543450489688,0.3306203433754453,
BNBUSDT,D,L,2025-01-26,True,0,2.795891608391608,0.4283216783216761,0.13284533007997773,0.0
BNBUSDT,D,L,2025-02-02,True,0,2.956031036915113,1.0052316012226683,0.2537654513347883,0.0
BNBUSDT,D,H,2025-02-12,True,0,5.0237386569872955,0.8600725952813073,0.14617610225849645,0.0
BNBUSDT,D,H,2025-02-12,True,0,5.0237386569872955,0.8600725952813073,0.14617610225849645,0.0
BNBUSDT,D,H,2025-07-18,False,0,3.6590383617232103,4.202047845986884,0.5345378151260506,0.0
BNBUSDT,D,H,2025-05-12,False,0,4.458730680697143,4.054176257809936,0.47623876157642137,
BNBUSDT,D,L,2025-02-24,True,0,1.8863944182228618,3.304494151446743,0.6365950852335617,
BNBUSDT,D,L,2025-02-24,True,1,1.8863944182228618,3.304494151446743,0.6365950852335617,
BNBUSDT,D,H,2025-05-12,False,0,4.458730680697143,4.054176257809936,0.47623876157642137,
BNBUSDT,D,L,2025-02-28,False,0,2.9891733655499255,2.887691092421355,0.49136595085233575,
BNBUSDT,D,L,2025-03-04,False,0,1.471637087410848,2.460275335876593,0.625719769673704,1.0
BNBUSDT,D,H,2025-03-17,False,0,3.466011336160766,1.3409568353878483,0.2789610389610392,
BNBUSDT,D,L,2025-03-10,True,0,2.2942277183419435,0.9171785380140737,0.28560028373825125,1.0
BNBUSDT,D,H,2025-03-13,False,0,2.028469892195596,1.5301078044035001,0.4299773490588141,0.0
BNBUSDT,D,H,2025-03-16,False,0,2.638444567015994,0.8924434638720355,0.252753260954464,0.0
BNBUSDT,D,H,2025-03-25,False,0,4.4740956189783665,1.8247591347027836,0.28969696969697,
BNBUSDT,D,H,2025-05-09,True,0,6.497366232326044,1.009148877183256,0.13443640124095133,0.0
BNBUSDT,D,L,2025-03-29,True,0,1.8794704099537378,4.29312490030308,0.6955137481910278,
BNBUSDT,D,H,2025-04-22,True,0,2.67673824360066,1.656879006589857,0.3823316437364228,0.0
BNBUSDT,D,L,2025-04-06,True,0,3.0834621329211704,2.403821835042854,0.43807133894963274,1.0
BNBUSDT,D,H,2025-04-21,False,0,1.1221535213391634,1.1174031066204162,0.4989394296488329,0.0
BNBUSDT,D,L,2026-02-06,False,0,5.423850288672109,3.160446561203082,0.36816603811284004,
BNBUSDT,D,H,2025-04-21,True,0,1.1221535213391634,1.1174031066204162,0.4989394296488329,0.0
BNBUSDT,D,H,2025-05-08,True,0,3.9086465938574824,1.2992216255355107,0.2494728304947283,0.0
BNBUSDT,D,L,2025-04-30,False,0,1.612144420131288,1.8066739606126945,0.5284498207885313,1.0
BNBUSDT,D,L,2025-04-30,False,0,1.612144420131288,1.8066739606126945,0.5284498207885313,1.0
BNBUSDT,D,H,2025-05-08,True,0,3.9086465938574824,1.2992216255355107,0.2494728304947283,0.0
BNBUSDT,D,L,2025-05-04,True,0,1.9646244838745668,0.7835063050998755,0.28510517339397345,1.0
BNBUSDT,D,L,2026-02-06,False,0,5.423850288672109,3.160446561203082,0.36816603811284004,
BNBUSDT,D,H,2025-05-27,False,1,2.6529523274591047,2.153127852278316,0.44800081807955844,1.0
BNBUSDT,D,L,2025-05-17,True,0,2.3467005233332303,2.445111943764902,0.5102687053288698,1.0
BNBUSDT,D,L,2025-06-05,True,0,2.1693655428723133,2.648261215821609,0.5497024465505839,1.0
BNBUSDT,D,H,2025-05-27,False,1,2.6529523274591047,2.153127852278316,0.44800081807955844,1.0
BNBUSDT,D,H,2025-07-14,False,1,3.676108232584917,3.37225100748417,0.4784448256146371,0.0
BNBUSDT,D,L,2025-06-05,True,0,2.1693655428723133,2.648261215821609,0.5497024465505839,1.0
BNBUSDT,D,H,2025-06-10,False,0,2.5958899188043394,1.2242581016023577,0.3204739960500331,1.0
BNBUSDT,D,L,2025-06-21,False,0,1.9957515585315166,2.9564534749480496,0.5969973890339427,1.0
BNBUSDT,D,H,2025-07-10,True,0,4.14642585288215,1.1334855719327428,0.21467889908256962,0.0
BNBUSDT,D,L,2025-06-18,False,0,0.8323353293413144,1.212847033206318,0.5930263508118194,0.0
BNBUSDT,D,H,2025-06-30,False,0,1.2019773352609224,1.1490929440843183,0.48875312413218625,0.0
BNBUSDT,D,L,2025-06-21,True,0,1.9957515585315166,2.9564534749480496,0.5969973890339427,1.0
BNBUSDT,D,L,2026-02-06,False,0,5.423850288672109,3.160446561203082,0.36816603811284004,
BNBUSDT,D,H,2025-06-29,True,0,1.0704383139616296,0.3045325117863957,0.22148288973383917,0.0
BNBUSDT,D,L,2026-02-05,True,1,7.38669700682654,0.8069665674776816,0.09848666108386156,0.0
BNBUSDT,D,L,2026-02-05,True,1,7.38669700682654,0.8069665674776816,0.09848666108386156,0.0
BNBUSDT,D,H,2025-07-09,True,1,2.490677134445535,0.5603532875368045,0.18366034094564265,0.0
BNBUSDT,D,H,2025-07-09,True,1,2.490677134445535,0.5603532875368045,0.18366034094564265,0.0
BNBUSDT,D,H,2025-07-14,False,1,3.676108232584917,3.37225100748417,0.4784448256146371,0.0
BNBUSDT,D,L,2026-02-05,True,0,7.38669700682654,0.8069665674776816,0.09848666108386156,0.0
BNBUSDT,D,H,2025-07-21,True,0,4.533243692721415,1.3618060224337423,0.23100840336134462,0.0
BNBUSDT,D,L,2025-08-02,True,0,3.147118692918775,1.5628411363104144,0.3318162347397731,1.0
BNBUSDT,D,L,2026-02-02,False,0,3.780637718059397,2.7630736180454734,0.422248702017193,0.0
BNBUSDT,D,L,2025-11-21,False,0,2.291650646239391,2.0854455650527943,0.47644499101314913,
BNBUSDT,D,L,2025-11-21,False,1,2.291650646239391,2.0854455650527943,0.47644499101314913,
BNBUSDT,D,L,2025-11-21,False,1,2.291650646239391,2.0854455650527943,0.47644499101314913,
BNBUSDT,D,L,2025-10-10,False,0,4.030866657809666,4.406735751295336,0.5222734537171407,1.0
BNBUSDT,D,H,2025-09-07,False,0,1.7374376978778066,0.9255509231685545,0.3475609756097569,0.0
BNBUSDT,D,L,2025-09-01,True,0,1.061865655927563,0.47492103600758084,0.30903510454632677,1.0
BNBUSDT,D,H,2025-09-07,True,0,1.7374376978778066,0.9255509231685545,0.3475609756097569,0.0
BNBUSDT,D,L,2025-10-10,False,1,4.030866657809666,4.406735751295336,0.5222734537171407,1.0
BNBUSDT,D,L,2025-10-10,False,1,4.030866657809666,4.406735751295336,0.5222734537171407,1.0
BNBUSDT,D,L,2025-10-10,False,0,4.030866657809666,4.406735751295336,0.5222734537171407,1.0
BNBUSDT,D,L,2025-10-10,False,0,4.030866657809666,4.406735751295336,0.5222734537171407,1.0
BNBUSDT,D,L,2025-11-21,False,1,2.291650646239391,2.0854455650527943,0.47644499101314913,
BNBUSDT,D,L,2025-11-03,True,0,3.9688714789785253,3.5489803241432876,0.47207372758659083,0.0
BNBUSDT,D,H,2025-10-23,False,0,0.6023797576407746,2.010624124028861,0.7694684796044501,1.0
BNBUSDT,D,L,2025-10-30,False,0,1.7345793064241015,0.9476264923251855,0.3533011869436208,0.0
BNBUSDT,D,H,2025-10-27,False,0,1.167624429637833,3.157009488535478,0.7300061804697152,1.0
BNBUSDT,D,L,2025-11-03,True,0,3.9688714789785253,3.5489803241432876,0.47207372758659083,0.0
BNBUSDT,D,L,2025-11-19,False,0,1.1180225451582255,1.5646400169013228,0.5832414553472982,0.0
BNBUSDT,D,L,2025-11-18,False,0,0.33051532548675766,1.0433388597344588,0.7594247416922645,0.0
BNBUSDT,D,H,2026-01-13,False,0,3.057339304863433,3.3077020122374297,0.5196670135275753,1.0
BNBUSDT,D,H,2026-01-13,True,0,3.057339304863433,3.3077020122374297,0.5196670135275753,1.0
BNBUSDT,D,L,2026-01-31,True,0,4.647760115606937,1.8388728323699461,0.28348649401281023,0.0
BNBUSDT,D,H,2025-12-03,True,0,2.677640822582706,0.46180866010984717,0.14709861160555332,
BNBUSDT,D,L,2026-01-31,True,0,4.647760115606937,1.8388728323699461,0.28348649401281023,0.0
BNBUSDT,D,H,2026-01-13,True,1,3.057339304863433,3.3077020122374297,0.5196670135275753,1.0
BNBUSDT,D,L,2025-12-11,False,0,1.1113323440464336,2.232394763040742,0.6676366496264255,1.0
BNBUSDT,D,H,2026-01-13,True,1,3.057339304863433,3.3077020122374297,0.5196670135275753,1.0
BNBUSDT,D,L,2025-12-15,True,0,1.1918117284516752,1.4665884036172212,0.5516808346213294,1.0
BNBUSDT,D,H,2026-01-05,True,0,4.150319899742757,0.8149198601675335,0.164124976752836,0.0
BNBUSDT,D,L,2026-01-31,True,1,4.647760115606937,1.8388728323699461,0.28348649401281023,0.0
BNBUSDT,D,H,2025-12-29,False,0,1.1734540763945556,1.9190249295811674,0.6205458229054934,0.0
BNBUSDT,D,L,2026-01-31,True,1,4.647760115606937,1.8388728323699461,0.28348649401281023,0.0
BNBUSDT,D,H,2026-01-13,True,0,3.057339304863433,3.3077020122374297,0.5196670135275753,1.0
BNBUSDT,D,L,2026-01-21,False,0,2.8394761854472508,2.3164536909916555,0.4492795182450352,0.0
BNBUSDT,D,L,2026-01-20,True,0,2.927788968295575,2.4607488755829046,0.4566635601118363,0.0
BNBUSDT,D,H,2026-01-17,False,0,2.133572567783098,2.8540669856459298,0.5722279958429923,1.0
BNBUSDT,D,L,2026-01-19,False,0,1.4257154057232462,1.1787534300274423,0.45258880192655065,0.0
BNBUSDT,D,L,2026-01-25,False,0,1.5085874710998568,1.7578993724540362,0.5381620856435061,1.0
BNBUSDT,D,H,2026-01-28,False,0,1.9032905296950278,2.28892455858748,0.5459940652818986,1.0
BNBUSDT,D,L,2026-01-29,False,0,3.804325254383105,1.9889643715328256,0.3433221019427915,0.0
BNBUSDT,D,L,2026-04-02,False,0,3.7122874068412015,3.970724249952227,0.5168187199665714,1.0
BNBUSDT,D,L,2026-02-23,False,0,1.5349925307928627,0.9557202852391568,0.38371356147021585,1.0
BNBUSDT,D,H,2026-03-02,False,1,1.8473779771440764,10.17403609954075,0.8463260673528408,1.0
BNBUSDT,D,L,2026-02-23,False,0,1.5349925307928627,0.9557202852391568,0.38371356147021585,1.0
BNBUSDT,D,H,2026-02-25,False,0,2.2770087778528,0.5077087553454912,0.18231966053748364,0.0
BNBUSDT,D,L,2026-04-02,False,0,3.7122874068412015,3.970724249952227,0.5168187199665714,1.0
BNBUSDT,D,H,2026-03-02,False,1,1.8473779771440764,10.17403609954075,0.8463260673528408,1.0
BNBUSDT,D,L,2026-04-02,True,0,3.7122874068412015,3.970724249952227,0.5168187199665714,1.0
BNBUSDT,D,H,2026-03-13,False,0,1.9238622105623384,10.149481008326681,0.8406520732755768,1.0
BNBUSDT,D,L,2026-03-27,False,0,1.8924362839133984,1.2147848725678294,0.3909553943509809,0.0
BNBUSDT,D,H,2026-03-16,True,0,3.0584458845618134,9.762945914844654,0.7614575755571719,1.0
BNBUSDT,D,H,2026-05-14,False,0,3.9859453615534965,13.46035178177887,0.7715305816009876,1.0
BNBUSDT,D,L,2026-03-27,True,0,1.8924362839133984,1.2147848725678294,0.3909553943509809,0.0
BNBUSDT,D,H,2026-04-22,False,0,1.2743114109049996,2.81337830241709,0.688256325632564,1.0
BNBUSDT,D,L,2026-04-02,True,0,3.7122874068412015,3.970724249952227,0.5168187199665714,1.0
BNBUSDT,D,H,2026-04-07,False,0,2.7469329977980506,1.792938030827302,0.39493149023887436,0.0
BNBUSDT,D,L,2026-06-05,False,0,5.292049228364912,1.9098782314254104,0.2651898734177218,
BNBUSDT,D,H,2026-04-14,False,0,1.3100917431192673,2.0456094364351247,0.6095922512107481,0.0
BNBUSDT,D,L,2026-06-04,False,0,4.536094728660904,1.0925798930187895,0.19410962019558786,0.0
BNBUSDT,D,H,2026-04-22,False,0,1.2743114109049996,2.81337830241709,0.688256325632564,1.0
BNBUSDT,D,L,2026-04-29,False,0,1.4339741569492594,1.7938859123857571,0.5557508299160323,1.0
BNBUSDT,D,H,2026-05-06,False,0,2.906167690956985,3.0528972783143136,0.5123114606162174,0.0
BNBUSDT,D,H,2026-05-06,True,0,2.906167690956985,3.0528972783143136,0.5123114606162174,0.0
BNBUSDT,D,L,2026-06-04,True,0,4.536094728660904,1.0925798930187895,0.19410962019558786,0.0
BNBUSDT,D,H,2026-05-10,False,0,3.5511165551681882,1.5651559408272868,0.3059172360448627,0.0
BNBUSDT,D,H,2026-05-30,True,0,5.358090409801433,11.29522602450358,0.678256854666856,1.0
BNBUSDT,D,L,2026-05-28,False,1,1.991672449687717,1.6213413887414778,0.4487503954444794,1.0
BNBUSDT,D,H,2026-05-25,False,0,1.494880546075087,1.4218955106327082,0.4874887488748865,1.0
BNBUSDT,D,L,2026-05-28,False,1,1.991672449687717,1.6213413887414778,0.4487503954444794,1.0
BNBUSDT,D,H,2026-05-30,True,0,5.358090409801433,11.29522602450358,0.678256854666856,1.0
BNBUSDT,D,L,2026-06-03,True,0,4.286194793799355,0.36477527542166494,0.07842993396918597,0.0
BNBUSDT,D,H,2026-09-05,True,0,3.8355878672308,5.9663309695488955,0.6086901012852156,
BNBUSDT,D,L,2026-06-24,False,0,2.187500000000002,3.142565359477127,0.5895922746781116,
BNBUSDT,D,H,2026-06-12,False,0,0.614202437731851,3.776099629040804,0.8601001870963845,1.0
BNBUSDT,D,L,2026-06-18,True,0,2.300815699966891,0.9135839629172539,0.2842160461457781,0.0
BNBUSDT,D,H,2026-08-19,False,0,3.8914911762776314,10.89470576658137,0.736815951301323,0.0
BNBUSDT,D,L,2026-06-23,False,0,3.1527242933224082,1.222204014748059,0.27936549554273815,0.0
BNBUSDT,D,H,2026-08-05,False,0,2.535988099324863,3.1247282297745733,0.5520022640441491,0.0
BNBUSDT,D,L,2026-07-01,False,0,2.6837291635934526,2.128189998524856,0.44227467811158777,1.0
BNBUSDT,D,H,2026-07-30,False,0,2.8061963519313333,0.977333690987123,0.25831265508684814,0.0
BNBUSDT,D,L,2026-07-17,False,0,1.6600867982640395,2.032479350412992,0.5504246284501054,1.0
BNBUSDT,D,H,2026-07-15,False,0,1.1059235233868203,0.7647661317855959,0.40881507505589404,1.0
BNBUSDT,D,L,2026-07-17,False,1,1.6600867982640395,2.032479350412992,0.5504246284501054,1.0
BNBUSDT,D,H,2026-07-30,True,0,2.8061963519313333,0.977333690987123,0.25831265508684814,0.0
BNBUSDT,D,L,2026-07-24,False,0,1.2583323306461378,0.8060401877030398,0.39045287637698656,1.0
BNBUSDT,D,H,2026-07-30,True,0,2.8061963519313333,0.977333690987123,0.25831265508684814,0.0
BNBUSDT,D,H,2026-07-30,True,0,2.8061963519313333,0.977333690987123,0.25831265508684814,0.0
BNBUSDT,D,H,2026-08-05,False,0,2.535988099324863,3.1247282297745733,0.5520022640441491,0.0
BNBUSDT,D,H,2026-08-08,False,0,3.099574565942279,2.588478785788201,0.45507287392104134,0.0
BNBUSDT,D,H,2026-08-11,True,0,2.301882834216186,1.1902239471337852,0.34083263246425444,0.0
BNBUSDT,D,H,2026-08-19,True,0,3.8914911762776314,10.89470576658137,0.736815951301323,0.0
BNBUSDT,D,H,2026-09-03,False,0,2.0410280050708787,0.8466635934078605,0.2931973739349071,0.0
BNBUSDT,D,H,2026-09-03,True,1,2.0410280050708787,0.8466635934078605,0.2931973739349071,0.0
BNBUSDT,D,H,2026-09-03,True,1,2.0410280050708787,0.8466635934078605,0.2931973739349071,0.0
BNBUSDT,D,H,2026-09-21,True,0,3.8667631312400474,4.464766314570973,0.5358879595409456,
BNBUSDT,D,H,2026-10-05,False,0,1.559929549176526,5.328245218304856,0.7735351378509079,
BNBUSDT,D,L,2026-09-28,False,0,1.8193659157514561,2.486190462094076,0.5774376744633749,1.0
BNBUSDT,D,H,2026-10-02,False,0,0.736711771469002,1.6356239497656309,0.6894572025052189,0.0
XRPUSDT,W,H,2020-04-27,True,0,2.5486014526348324,2.773605316025344,0.5211382113821138,
XRPUSDT,W,H,2020-07-27,True,0,4.194782608695651,2.0556521739130447,0.3288814691151921,0.0
XRPUSDT,W,L,2020-06-01,False,0,0.8086819534395238,2.4946612987922276,0.755192878338279,1.0
XRPUSDT,W,H,2020-07-20,True,0,1.704876180750575,0.7434260913964763,0.30364963503649606,0.0
XRPUSDT,W,L,2020-09-21,False,0,2.119323241317899,1.8849510240427427,0.47073474470734744,1.0
XRPUSDT,W,L,2020-10-19,False,0,1.8349040139616057,2.089005235602095,0.5323785803237859,1.0
XRPUSDT,W,L,2020-12-28,False,0,4.575013191065252,0.48097555255906677,0.09512987012987015,1.0
XRPUSDT,W,L,2022-05-09,False,0,3.695471848190444,2.2040793136753596,0.37360118646352974,
XRPUSDT,W,L,2021-06-21,True,0,2.4601100412654744,0.647086407402776,0.2082541024015776,
XRPUSDT,W,L,2022-05-09,True,0,3.695471848190444,2.2040793136753596,0.37360118646352974,
XRPUSDT,W,L,2022-05-09,True,1,3.695471848190444,2.2040793136753596,0.37360118646352974,
XRPUSDT,W,H,2021-09-06,False,0,2.7912196732134014,3.0181218022776037,0.5195290748548247,
XRPUSDT,W,H,2024-11-18,True,0,8.249222733490859,2.94938440492476,0.2633706467661691,0.0
XRPUSDT,W,L,2021-11-29,True,0,2.464798227872484,1.2989181033098978,0.34511583472653456,0.0
XRPUSDT,W,H,2021-11-01,False,0,1.472149921915669,0.7955925733125104,0.35083020889126926,1.0
XRPUSDT,W,L,2021-11-22,False,0,1.679090255865538,0.484176325408479,0.22381722604124546,0.0
XRPUSDT,W,H,2024-11-18,True,0,8.249222733490859,2.94938440492476,0.2633706467661691,0.0
XRPUSDT,W,L,2022-01-17,False,0,2.0117045161765246,0.582281276454783,0.2244735796583234,0.0
XRPUSDT,W,H,2024-11-11,True,0,7.106117353308364,3.714107365792761,0.34325602861428417,0.0
XRPUSDT,W,L,2022-05-09,True,0,3.695471848190444,2.2040793136753596,0.37360118646352974,
XRPUSDT,W,H,2023-07-10,False,1,5.144608727010457,4.580839043154225,0.47101574666897394,1.0
XRPUSDT,W,L,2022-04-25,True,0,2.31153825387398,0.452027428324605,0.16356673960612714,0.0
XRPUSDT,W,H,2023-07-10,False,1,5.144608727010457,4.580839043154225,0.47101574666897394,1.0
XRPUSDT,W,L,2022-06-13,True,0,5.502380154207175,1.4596044250754274,0.20965349871915867,
XRPUSDT,W,L,2023-01-02,False,0,2.3639156256399754,0.8357567069424537,0.2612007168458782,1.0
XRPUSDT,W,H,2022-09-19,True,0,3.3023561932341727,7.762011320257997,0.7015323117921385,1.0
XRPUSDT,W,L,2022-11-07,False,0,2.9904109589041097,0.5493150684931511,0.155185758513932,0.0
XRPUSDT,W,H,2023-03-27,False,0,3.404273504273506,7.871509971509971,0.6980898478952953,0.0
XRPUSDT,W,L,2022-11-07,True,0,2.9904109589041097,0.5493150684931511,0.155185758513932,0.0
XRPUSDT,W,H,2023-03-27,True,0,3.404273504273506,7.871509971509971,0.6980898478952953,0.0
XRPUSDT,W,L,2023-01-02,False,0,2.3639156256399754,0.8357567069424537,0.2612007168458782,1.0
XRPUSDT,W,H,2023-03-20,True,0,2.218061674008811,1.3722466960352429,0.3822085889570553,0.0
XRPUSDT,W,H,2023-07-10,True,0,5.144608727010457,4.580839043154225,0.47101574666897394,1.0
XRPUSDT,W,L,2024-07-01,False,1,4.612446958981614,1.0240452616690245,0.18168130489335008,1.0
XRPUSDT,W,H,2023-07-10,True,0,5.144608727010457,4.580839043154225,0.47101574666897394,1.0
XRPUSDT,W,L,2023-08-14,False,0,4.115604547020323,1.26930761281433,0.23571556510836475,
XRPUSDT,W,H,2024-11-11,True,0,7.106117353308364,3.714107365792761,0.34325602861428417,0.0
XRPUSDT,W,L,2024-07-01,False,1,4.612446958981614,1.0240452616690245,0.18168130489335008,1.0
XRPUSDT,W,L,2024-04-08,False,0,2.69791087457304,1.0531416315831281,0.28075896827749774,0.0
XRPUSDT,W,H,2023-10-23,True,0,1.1224855982623483,5.402209840400416,0.8279635258358662,1.0
XRPUSDT,W,L,2024-04-08,False,1,2.69791087457304,1.0531416315831281,0.28075896827749774,0.0
XRPUSDT,W,H,2024-11-11,True,0,7.106117353308364,3.714107365792761,0.34325602861428417,0.0
XRPUSDT,W,H,2024-03-11,False,0,1.5807765860148002,1.556331587261993,0.4961038961038959,1.0
XRPUSDT,W,L,2024-01-01,True,0,1.830638149886976,0.9688749782646503,0.3460869565217393,1.0
XRPUSDT,W,L,2024-04-08,False,1,2.69791087457304,1.0531416315831281,0.28075896827749774,0.0
XRPUSDT,W,L,2024-04-08,False,1,2.69791087457304,1.0531416315831281,0.28075896827749774,0.0
XRPUSDT,W,H,2024-11-11,True,1,7.106117353308364,3.714107365792761,0.34325602861428417,0.0
XRPUSDT,W,L,2024-07-01,False,1,4.612446958981614,1.0240452616690245,0.18168130489335008,1.0
XRPUSDT,W,L,2024-07-01,True,0,4.612446958981614,1.0240452616690245,0.18168130489335008,1.0
XRPUSDT,W,H,2024-09-23,False,0,1.5656858015758162,1.1739829554590777,0.4285127362366476,1.0
XRPUSDT,W,L,2024-10-21,False,1,1.7444537114261882,0.994829024186823,0.3631713554987214,1.0
XRPUSDT,W,H,2024-11-11,True,0,7.106117353308364,3.714107365792761,0.34325602861428417,0.0
XRPUSDT,W,L,2024-10-21,False,1,1.7444537114261882,0.994829024186823,0.3631713554987214,1.0
XRPUSDT,W,L,2025-04-07,False,0,1.4197201104947146,2.608519964386001,0.64755821795533,1.0
XRPUSDT,W,L,2025-03-31,False,0,1.7539363039691784,0.25321536917628884,0.12615656931370187,0.0
XRPUSDT,W,L,2025-10-06,False,0,1.547459960380083,4.797736964039887,0.756121050487091,
XRPUSDT,W,H,2025-07-07,True,0,3.0400617413877784,0.5598821300778778,0.1555252387448839,0.0
XRPUSDT,W,L,2025-10-06,False,0,1.547459960380083,4.797736964039887,0.756121050487091,
XRPUSDT,W,L,2025-09-01,False,0,1.8183075858888635,2.234263315655983,0.5513199817933544,0.0
XRPUSDT,W,L,2025-09-22,False,0,0.7396340050961318,2.2219133657632613,0.7502542041454829,0.0
XRPUSDT,W,L,2026-02-02,False,0,3.176657093624354,3.0367375071797817,0.48874048765336225,
XRPUSDT,W,L,2025-12-15,False,0,1.7460052085007876,1.6697103173327335,0.48883178493773477,0.0
XRPUSDT,W,L,2026-01-26,True,0,2.727221358949004,1.354381503978905,0.33182589033352183,0.0
XRPUSDT,W,L,2026-06-01,False,0,2.7628349611820693,4.691209616829454,0.6293508936970839,1.0
XRPUSDT,W,L,2026-05-25,False,0,1.4854421367899056,1.479943045122012,0.499072786277237,0.0
XRPUSDT,W,H,2026-08-17,False,0,8.33936182467458,7.2370694620435465,0.46461665890148574,
XRPUSDT,W,L,2026-05-25,False,1,1.4854421367899056,1.479943045122012,0.499072786277237,0.0
XRPUSDT,W,H,2026-05-11,False,0,0.6634206187938514,1.1046275351761685,0.6247723132969032,1.0
XRPUSDT,W,H,2026-08-17,False,0,8.33936182467458,7.2370694620435465,0.46461665890148574,
XRPUSDT,W,L,2026-06-22,True,0,3.41293871391715,3.831378084992456,0.5288805268109126,1.0
XRPUSDT,W,L,2026-08-10,True,0,4.297879390324718,3.9205875855975267,0.4770460959548448,1.0
XRPUSDT,D,L,2020-01-23,False,0,1.8822438572090852,1.694019471488179,0.4736842105263162,1.0
XRPUSDT,D,L,2020-02-26,True,0,1.9439623109347883,0.5450037193156455,0.21896792189679204,0.0
XRPUSDT,D,L,2020-02-20,False,0,2.6092457420924573,1.3829683698296844,0.3464163822525599,0.0
XRPUSDT,D,L,2020-02-19,False,1,2.6698014629049114,0.42058516196447265,0.1360946745562131,0.0
XRPUSDT,D,H,2020-08-02,False,0,5.288767975126309,3.215701515740382,0.3781190019193861,
XRPUSDT,D,L,2020-02-25,True,0,1.1491491491491486,0.7707707707707712,0.40145985401459877,0.0
XRPUSDT,D,H,2020-08-01,True,0,7.778642936596218,1.3704115684093439,0.1497872340425532,0.0
XRPUSDT,D,H,2020-07-29,False,0,5.0953375086986785,4.052887961029922,0.4430244941427049,0.0
XRPUSDT,D,H,2020-03-26,True,0,1.2567181246426533,2.8296169239565456,0.6924583741429968,
XRPUSDT,D,H,2020-04-06,True,1,3.1703056768558944,4.244541484716157,0.5724381625441696,
XRPUSDT,D,L,2020-06-02,False,0,2.4949416342412434,6.384435797665374,0.7190184049079758,
XRPUSDT,D,H,2020-04-06,True,1,3.1703056768558944,4.244541484716157,0.5724381625441696,
XRPUSDT,D,H,2020-04-28,True,0,2.6270270270270264,3.4810810810810824,0.5699115044247789,1.0
XRPUSDT,D,L,2020-04-13,False,0,1.6657997399219744,2.3485045513654104,0.5850340136054426,1.0
XRPUSDT,D,L,2020-04-16,False,0,1.4270486342438349,2.6862091938707535,0.6530612244897964,1.0
XRPUSDT,D,L,2020-06-02,False,0,2.4949416342412434,6.384435797665374,0.7190184049079758,
XRPUSDT,D,H,2020-04-23,False,0,1.4077669902912633,1.2815533980582514,0.4765342960288805,0.0
XRPUSDT,D,L,2020-05-10,False,0,2.2490566037735857,1.766037735849058,0.43984962406015043,0.0
XRPUSDT,D,H,2020-04-27,False,0,2.028379387602689,0.8678117998506353,0.29963898916967513,0.0
XRPUSDT,D,L,2020-05-10,False,0,2.2490566037735857,1.766037735849058,0.43984962406015043,0.0
XRPUSDT,D,H,2020-07-29,True,0,5.0953375086986785,4.052887961029922,0.4430244941427049,0.0
XRPUSDT,D,H,2020-07-27,False,1,3.770096463022507,1.3054662379421218,0.2572062084257206,0.0
XRPUSDT,D,L,2020-05-10,True,0,2.2490566037735857,1.766037735849058,0.43984962406015043,0.0
XRPUSDT,D,H,2020-05-09,False,0,0.5711135611907383,0.7872105843439906,0.5795454545454546,1.0
XRPUSDT,D,L,2020-05-10,True,0,2.2490566037735857,1.766037735849058,0.43984962406015043,0.0
XRPUSDT,D,H,2020-07-27,False,1,3.770096463022507,1.3054662379421218,0.2572062084257206,0.0
XRPUSDT,D,L,2020-06-02,False,0,2.4949416342412434,6.384435797665374,0.7190184049079758,
XRPUSDT,D,H,2020-05-18,False,0,2.424171993027312,1.6757699012202192,0.40873015873015833,1.0
XRPUSDT,D,H,2020-05-31,False,0,1.5903614457831312,2.8313253012048185,0.6403269754768394,1.0
XRPUSDT,D,L,2020-06-02,False,1,2.4949416342412434,6.384435797665374,0.7190184049079758,
XRPUSDT,D,L,2020-06-02,False,1,2.4949416342412434,6.384435797665374,0.7190184049079758,
XRPUSDT,D,H,2020-07-25,False,0,2.9757847533632273,1.3686098654708507,0.3150289017341039,0.0
XRPUSDT,D,L,2020-06-11,True,0,1.5909090909090928,3.1111111111111103,0.6616541353383455,1.0
XRPUSDT,D,H,2020-07-08,False,0,4.54472361809045,1.3648241206030127,0.23095238095238074,0.0
XRPUSDT,D,L,2020-06-15,False,0,1.2554838709677418,3.5496774193548397,0.7387218045112782,1.0
XRPUSDT,D,L,2020-06-24,False,0,1.0863387978142107,4.651366120218575,0.8106666666666661,1.0
XRPUSDT,D,H,2020-07-08,True,0,4.54472361809045,1.3648241206030127,0.23095238095238074,0.0
XRPUSDT,D,L,2020-06-24,True,0,1.0863387978142107,4.651366120218575,0.8106666666666661,1.0
XRPUSDT,D,H,2020-07-08,True,0,4.54472361809045,1.3648241206030127,0.23095238095238074,0.0
XRPUSDT,D,L,2020-12-29,False,1,4.671654324757616,0.5707305901213835,0.10886850152905202,1.0
XRPUSDT,D,L,2020-12-29,False,1,4.671654324757616,0.5707305901213835,0.10886850152905202,1.0
XRPUSDT,D,H,2020-07-25,True,0,2.9757847533632273,1.3686098654708507,0.3150289017341039,0.0
XRPUSDT,D,H,2020-07-23,True,0,1.9869494290375194,0.3996737357259382,0.167464114832536,0.0
XRPUSDT,D,L,2020-07-16,False,0,1.3343750000000016,2.329687499999998,0.6358208955223875,1.0
XRPUSDT,D,L,2020-12-29,False,1,4.671654324757616,0.5707305901213835,0.10886850152905202,1.0
XRPUSDT,D,H,2020-07-22,True,0,1.2885317750182614,0.296566837107379,0.1870967741935491,0.0
XRPUSDT,D,L,2020-12-29,False,1,4.671654324757616,0.5707305901213835,0.10886850152905202,1.0
XRPUSDT,D,L,2020-10-22,False,0,5.53948462177889,7.669160432252699,0.5806167400881055,1.0
XRPUSDT,D,H,2020-11-20,True,0,6.22557038312527,1.02453723633233,0.14131338320864517,0.0
XRPUSDT,D,L,2020-08-11,False,0,1.5310442144872998,2.3311382878645346,0.6035805626598466,
XRPUSDT,D,H,2020-08-17,True,1,2.263174911089557,0.6201099256385383,0.21507064364207212,1.0
XRPUSDT,D,L,2020-08-27,True,0,1.553081510934393,2.9001988071570586,0.6512500000000002,1.0
XRPUSDT,D,H,2020-08-17,True,1,2.263174911089557,0.6201099256385383,0.21507064364207212,1.0
XRPUSDT,D,H,2020-11-20,True,1,6.22557038312527,1.02453723633233,0.14131338320864517,0.0
XRPUSDT,D,L,2020-08-25,False,0,2.5652635302440756,0.5249380969225326,0.16987179487179482,0.0
XRPUSDT,D,H,2020-09-01,True,0,2.755388940955951,2.16494845360825,0.44000000000000034,1.0
XRPUSDT,D,L,2020-09-03,True,0,5.260869565217393,1.9440993788819874,0.26982758620689645,
XRPUSDT,D,H,2020-11-17,False,0,5.357937310414561,1.8048533872598607,0.2519762845849804,0.0
XRPUSDT,D,L,2020-09-21,False,0,2.550495049504952,1.6910891089108921,0.3986928104575164,1.0
XRPUSDT,D,H,2020-09-17,False,0,1.4423859014911877,3.3276095797559897,0.697612732095491,1.0
XRPUSDT,D,L,2020-09-21,True,0,2.550495049504952,1.6910891089108921,0.3986928104575164,1.0
XRPUSDT,D,H,2020-10-06,False,0,1.7165131112686043,5.893692416725726,0.7744458930899608,1.0
XRPUSDT,D,L,2020-10-22,False,0,5.53948462177889,7.669160432252699,0.5806167400881055,1.0
XRPUSDT,D,H,2020-10-04,False,0,1.9704433497536933,1.0147783251231557,0.3399339933993408,0.0
XRPUSDT,D,L,2020-10-22,False,0,5.53948462177889,7.669160432252699,0.5806167400881055,1.0
XRPUSDT,D,H,2020-10-10,False,0,2.609318996415769,5.088172043010752,0.6610169491525425,1.0
XRPUSDT,D,H,2020-10-22,False,1,7.669160432252699,5.53948462177889,0.4193832599118945,0.0
XRPUSDT,D,H,2020-10-22,False,1,7.669160432252699,5.53948462177889,0.4193832599118945,0.0
XRPUSDT,D,L,2020-10-22,False,0,5.53948462177889,7.669160432252699,0.5806167400881055,1.0
XRPUSDT,D,H,2020-11-07,False,0,2.009259259259259,5.166666666666668,0.72,0.0
XRPUSDT,D,L,2020-12-29,False,1,4.671654324757616,0.5707305901213835,0.10886850152905202,1.0
XRPUSDT,D,H,2020-11-06,False,0,3.152251608291633,0.5303788420300241,0.14402173913043553,0.0
XRPUSDT,D,L,2020-10-29,True,0,1.3266443701226316,3.308807134894089,0.7138047138047136,1.0
XRPUSDT,D,L,2020-11-03,False,0,1.4713610089332643,2.8985811875985275,0.6632996632996631,1.0
XRPUSDT,D,H,2020-11-05,True,0,1.3247156153050679,0.9989658738366085,0.4299065420560748,0.0
XRPUSDT,D,L,2020-12-23,False,0,5.645206861755801,0.8306760847628651,0.12827225130890046,0.0
XRPUSDT,D,H,2020-11-14,True,0,3.3924349881796685,3.020094562647758,0.47096774193548424,0.0
XRPUSDT,D,H,2020-11-13,True,0,3.175510204081633,0.15510204081632764,0.046568627450980705,0.0
XRPUSDT,D,L,2020-12-16,False,0,2.173032797948441,6.449183425563505,0.7479728248959018,0.0
XRPUSDT,D,H,2021-02-01,False,0,2.476534296028881,8.018605942793668,0.7640303759955548,
XRPUSDT,D,L,2020-12-04,True,0,1.1827147677134697,0.8893070334804046,0.42919772029811487,0.0
XRPUSDT,D,L,2020-12-09,False,0,1.2297790920160026,1.5475734910419203,0.5572117492327927,0.0
XRPUSDT,D,L,2020-12-12,False,0,2.678116223806439,0.7712248865845747,0.22358614642700542,0.0
XRPUSDT,D,L,2020-12-22,False,0,3.204982282830453,3.27563620745195,0.5054511714219438,0.0
XRPUSDT,D,H,2021-02-01,False,0,2.476534296028881,8.018605942793668,0.7640303759955548,
XRPUSDT,D,L,2020-12-29,False,1,4.671654324757616,0.5707305901213835,0.10886850152905202,1.0
XRPUSDT,D,H,2021-01-04,False,0,0.8374645568462453,5.407664867831335,0.8659011687512815,0.0
XRPUSDT,D,H,2021-01-30,True,1,7.164369576314445,7.643185298621743,0.5161679536679536,0.0
XRPUSDT,D,H,2021-01-30,True,1,7.164369576314445,7.643185298621743,0.5161679536679536,0.0
XRPUSDT,D,L,2021-01-22,False,0,1.4283682900817636,2.530750088873089,0.639220615964802,1.0
XRPUSDT,D,L,2021-01-21,False,0,1.342705404561074,0.40018744142455576,0.22961104140527025,0.0
XRPUSDT,D,H,2021-01-30,True,0,7.164369576314445,7.643185298621743,0.5161679536679536,0.0
XRPUSDT,D,H,2021-01-29,False,0,1.4601910828025475,1.7277070063694258,0.5419580419580419,0.0
XRPUSDT,D,L,2022-05-12,False,0,4.7851665619107475,2.4832181018227524,0.3416464891041162,
XRPUSDT,D,H,2021-02-09,False,0,0.9538672350791718,2.9884287454323997,0.7580427142470938,1.0
XRPUSDT,D,L,2021-02-23,False,0,3.3286547729770866,1.6157943688171126,0.3267895618865213,
XRPUSDT,D,H,2021-02-22,False,0,1.2568196332451413,2.4382811787245693,0.6598686484618045,1.0
XRPUSDT,D,L,2021-02-20,False,0,1.8435140700068628,1.7007549759780376,0.47986057319907066,1.0
XRPUSDT,D,L,2021-02-23,False,0,3.3286547729770866,1.6157943688171126,0.3267895618865213,
XRPUSDT,D,L,2022-05-12,False,0,4.7851665619107475,2.4832181018227524,0.3416464891041162,
XRPUSDT,D,L,2022-05-11,False,0,5.072708113804003,1.3487881981032663,0.21004266491631113,0.0
XRPUSDT,D,H,2021-03-16,False,1,1.2020202020202024,5.927097057531838,0.8313928417421301,0.0
XRPUSDT,D,H,2021-03-16,False,1,1.2020202020202024,5.927097057531838,0.8313928417421301,0.0
XRPUSDT,D,L,2022-05-11,True,1,5.072708113804003,1.3487881981032663,0.21004266491631113,0.0
XRPUSDT,D,H,2021-03-16,False,0,1.2020202020202024,5.927097057531838,0.8313928417421301,0.0
XRPUSDT,D,L,2022-05-11,True,1,5.072708113804003,1.3487881981032663,0.21004266491631113,0.0
XRPUSDT,D,H,2021-03-20,True,0,3.2231331708397954,3.9397296698426763,0.5500216543958424,0.0
XRPUSDT,D,H,2021-04-02,True,0,1.4555066079295151,0.805286343612334,0.35619641465315643,0.0
XRPUSDT,D,L,2022-05-11,True,0,5.072708113804003,1.3487881981032663,0.21004266491631113,0.0
XRPUSDT,D,H,2021-03-30,False,0,1.973385904386396,0.664120256283885,0.2517985611510797,0.0
XRPUSDT,D,L,2021-06-22,False,0,5.1953177904614485,1.3259166102350772,0.20332294911734158,
XRPUSDT,D,L,2021-06-22,True,0,5.1953177904614485,1.3259166102350772,0.20332294911734158,
XRPUSDT,D,L,2021-04-22,False,0,2.8655236006579274,2.0707272092907334,0.4194939214023183,
XRPUSDT,D,L,2021-05-19,False,0,3.0920670252890616,2.145056575774439,0.4095867768595042,0.0
XRPUSDT,D,H,2021-04-30,True,0,2.807674386734274,1.4393312320131557,0.33890495121069747,1.0
XRPUSDT,D,H,2021-05-06,False,0,1.3302347199628164,1.728561468742738,0.5651116851542319,1.0
XRPUSDT,D,L,2021-05-10,False,0,1.9641621900066228,2.682242990654206,0.5772727272727274,0.0
XRPUSDT,D,H,2024-11-29,True,0,7.163718714614814,0.9571668423724183,0.11786483575659668,0.0
XRPUSDT,D,L,2021-05-13,False,0,1.938417521032733,2.3628188971013997,0.5493348115299334,0.0
XRPUSDT,D,L,2021-05-19,True,0,3.0920670252890616,2.145056575774439,0.4095867768595042,0.0
XRPUSDT,D,H,2024-11-29,True,0,7.163718714614814,0.9571668423724183,0.11786483575659668,0.0
XRPUSDT,D,L,2021-05-22,False,0,2.7722566776210127,1.1875664055743615,0.2999039049532628,0.0
XRPUSDT,D,L,2021-06-21,True,0,4.539402446360536,0.623220372969721,0.12071778140293636,0.0
XRPUSDT,D,H,2021-06-01,False,0,0.864217027156594,2.7478074504385104,0.7607388785659637,1.0
XRPUSDT,D,L,2021-06-08,False,0,1.8831858407079642,1.8443657817109138,0.4947928207400841,0.0
XRPUSDT,D,H,2021-08-14,True,0,7.346708463949844,5.346708463949845,0.4212190062234516,
XRPUSDT,D,L,2021-06-18,False,0,1.7701455617924076,1.9592807534963366,0.5253571428571429,0.0
XRPUSDT,D,H,2021-06-14,False,0,0.9270372954950766,2.2915406683724893,0.7119730185497469,1.0
XRPUSDT,D,L,2021-06-18,True,0,1.7701455617924076,1.9592807534963366,0.5253571428571429,0.0
XRPUSDT,D,H,2021-08-11,True,0,5.2130455185359,1.466682308775222,0.21957216621588382,0.0
XRPUSDT,D,L,2022-05-09,True,0,3.8185897435897425,0.8592948717948715,0.18369304556354915,0.0
XRPUSDT,D,H,2021-06-29,True,0,1.565945320153175,2.786534865081485,0.640217702663993,1.0
XRPUSDT,D,L,2021-07-17,False,1,1.9303263659699308,1.884121745507884,0.493943472409152,1.0
XRPUSDT,D,H,2021-07-28,False,0,5.261826373245538,4.8033269797262195,0.47722342733188733,0.0
XRPUSDT,D,L,2021-07-08,True,0,1.616025386751288,0.7534047335713354,0.3179687500000005,0.0
XRPUSDT,D,H,2021-07-28,True,0,5.261826373245538,4.8033269797262195,0.47722342733188733,0.0
XRPUSDT,D,L,2021-07-14,False,0,0.8766114180478817,0.9094257492047558,0.5091863517060372,0.0
XRPUSDT,D,H,2021-07-26,False,0,2.8187569780424253,2.2299962783773726,0.44169246646026844,0.0
XRPUSDT,D,L,2021-07-17,True,1,1.9303263659699308,1.884121745507884,0.493943472409152,1.0
XRPUSDT,D,L,2022-05-09,True,1,3.8185897435897425,0.8592948717948715,0.18369304556354915,0.0
XRPUSDT,D,H,2021-08-07,True,0,2.3512623490669586,2.1706915477497275,0.48003398470688213,0.0
XRPUSDT,D,L,2021-12-04,False,0,3.0240261254956837,5.385117797993932,0.6403883495145631,
XRPUSDT,D,H,2021-09-06,True,0,3.1491056666165664,3.3279723433037742,0.5138076673164391,1.0
XRPUSDT,D,L,2021-08-27,False,0,0.8657056145675273,3.7776934749620628,0.8135620915032679,1.0
XRPUSDT,D,H,2021-08-23,False,0,1.4514358108108103,0.7648859797297309,0.3451150383461158,1.0
XRPUSDT,D,H,2021-09-03,False,0,2.101674641148327,0.60601076555024,0.2238113645148822,0.0
XRPUSDT,D,L,2021-09-07,False,0,6.069643527204505,4.566153846153847,0.42931937172774864,
XRPUSDT,D,H,2021-08-31,False,0,1.317106522630931,1.142896212224805,0.46459143968871597,0.0
XRPUSDT,D,L,2021-09-07,False,0,6.069643527204505,4.566153846153847,0.42931937172774864,
XRPUSDT,D,H,2021-09-06,True,0,3.1491056666165664,3.3279723433037742,0.5138076673164391,1.0
XRPUSDT,D,H,2024-11-22,True,0,7.707177676920488,1.8277581666386509,0.1916906622788976,0.0
XRPUSDT,D,L,2021-09-20,False,0,1.880181969629013,2.0362657781764595,0.5199267063673844,1.0
XRPUSDT,D,H,2021-11-04,False,0,3.691256830601093,2.96174863387978,0.44517453798767953,1.0
XRPUSDT,D,L,2021-09-20,True,0,1.880181969629013,2.0362657781764595,0.5199267063673844,1.0
XRPUSDT,D,H,2021-10-09,True,0,2.3681818181818173,1.2742424242424257,0.3498336106489188,1.0
XRPUSDT,D,L,2021-12-04,True,0,3.0240261254956837,5.385117797993932,0.6403883495145631,
XRPUSDT,D,H,2021-10-01,True,0,1.9943600473028302,1.1347220958791955,0.3626373626373624,0.0
XRPUSDT,D,L,2021-11-26,False,0,2.0292253142795746,1.222950467390137,0.3760407030527291,0.0
XRPUSDT,D,L,2021-10-27,True,0,2.90210806881512,1.8589774654712878,0.3904524403277522,1.0
XRPUSDT,D,H,2021-10-09,True,0,2.3681818181818173,1.2742424242424257,0.3498336106489188,1.0
XRPUSDT,D,H,2021-11-03,False,0,4.001019575856445,0.49388254486133726,0.10987615115909802,0.0
XRPUSDT,D,L,2021-10-17,False,0,1.8866516059326197,1.2265985659561924,0.39399293286219067,0.0
XRPUSDT,D,H,2021-11-03,True,0,4.001019575856445,0.49388254486133726,0.10987615115909802,0.0
XRPUSDT,D,L,2021-10-27,True,0,2.90210806881512,1.8589774654712878,0.3904524403277522,1.0
XRPUSDT,D,H,2021-11-03,True,1,4.001019575856445,0.49388254486133726,0.10987615115909802,0.0
XRPUSDT,D,L,2021-10-27,True,0,2.90210806881512,1.8589774654712878,0.3904524403277522,1.0
XRPUSDT,D,H,2021-11-03,True,1,4.001019575856445,0.49388254486133726,0.10987615115909802,0.0
XRPUSDT,D,L,2021-11-26,False,0,2.0292253142795746,1.222950467390137,0.3760407030527291,0.0
XRPUSDT,D,H,2021-11-03,True,1,4.001019575856445,0.49388254486133726,0.10987615115909802,0.0
XRPUSDT,D,H,2021-11-08,True,0,2.277071990320628,1.6309739866908652,0.41733746130030974,1.0
XRPUSDT,D,L,2021-11-10,False,0,2.648114304701777,3.0156172121614864,0.5324435318275152,0.0
XRPUSDT,D,H,2024-11-22,True,0,7.707177676920488,1.8277581666386509,0.1916906622788976,0.0
XRPUSDT,D,L,2021-11-16,True,0,3.073652744332807,1.8262891306152955,0.37271648873072366,0.0
XRPUSDT,D,H,2024-11-16,False,0,10.04482876322676,3.6716349982933196,0.2676808733015909,0.0
XRPUSDT,D,L,2021-11-24,False,0,2.2856400485016475,1.235579421444655,0.3508953168044073,0.0
XRPUSDT,D,H,2024-11-16,True,0,10.04482876322676,3.6716349982933196,0.2676808733015909,0.0
XRPUSDT,D,L,2021-12-04,True,0,3.0240261254956837,5.385117797993932,0.6403883495145631,
XRPUSDT,D,H,2024-11-16,True,0,10.04482876322676,3.6716349982933196,0.2676808733015909,0.0
XRPUSDT,D,L,2022-01-22,False,0,4.694864048338371,1.805374463348703,0.27773972602739705,1.0
XRPUSDT,D,H,2021-12-21,True,0,2.720898570456092,1.3326525981393234,0.32876175548589337,1.0
XRPUSDT,D,L,2022-01-05,False,0,1.8626442374530803,3.8031419435562372,0.6712469941600825,0.0
XRPUSDT,D,L,2022-01-05,True,0,1.8626442374530803,3.8031419435562372,0.6712469941600825,0.0
XRPUSDT,D,H,2024-11-16,True,0,10.04482876322676,3.6716349982933196,0.2676808733015909,0.0
XRPUSDT,D,L,2021-12-28,True,0,2.8411464658732073,1.3007043964051497,0.3140394088669952,0.0
XRPUSDT,D,H,2023-07-13,False,0,21.310374515712454,12.24020662935859,0.3648284533860247,1.0
XRPUSDT,D,L,2022-01-05,True,0,1.8626442374530803,3.8031419435562372,0.6712469941600825,0.0
XRPUSDT,D,H,2022-02-08,True,0,6.650809382226627,1.8569540799471433,0.2182658331068226,
XRPUSDT,D,L,2022-01-10,False,0,2.4452316076294296,3.1070844686648487,0.5596015115080725,0.0
XRPUSDT,D,L,2022-01-21,True,0,4.250044460252536,1.4938644851502743,0.26007802340702185,0.0
XRPUSDT,D,H,2022-02-07,True,0,6.613229571984438,1.0023346303501963,0.1316165951359086,0.0
XRPUSDT,D,L,2022-01-17,False,0,0.949821852731593,1.4361638954869347,0.6019163763066195,0.0
XRPUSDT,D,L,2022-05-09,True,0,3.8185897435897425,0.8592948717948715,0.18369304556354915,0.0
XRPUSDT,D,H,2022-02-04,False,0,1.5965652304911118,3.197348598975597,0.6669599648042237,0.0
XRPUSDT,D,H,2022-02-01,True,0,1.6356834532374112,0.6123741007194241,0.272401433691756,0.0
XRPUSDT,D,L,2022-04-30,False,0,5.6900507805153255,0.9768666541282676,0.14652448657187997,0.0
XRPUSDT,D,L,2022-04-30,True,0,5.6900507805153255,0.9768666541282676,0.14652448657187997,0.0
XRPUSDT,D,H,2023-07-13,False,0,21.310374515712454,12.24020662935859,0.3648284533860247,1.0
XRPUSDT,D,L,2022-02-21,True,1,1.9362908305588045,1.4285971384864582,0.42456008985398747,1.0
XRPUSDT,D,H,2022-03-22,False,1,2.1234958834705515,1.7954401519949332,0.4581447963800904,1.0
XRPUSDT,D,L,2022-02-21,True,1,1.9362908305588045,1.4285971384864582,0.42456008985398747,1.0
XRPUSDT,D,H,2022-03-22,False,1,2.1234958834705515,1.7954401519949332,0.4581447963800904,1.0
XRPUSDT,D,L,2022-04-29,True,1,4.759092545912855,0.5873244508462363,0.10985384252710975,0.0
XRPUSDT,D,H,2022-03-11,False,0,1.770033966536672,0.9246446093848283,0.3431372549019607,0.0
XRPUSDT,D,L,2022-04-11,False,0,5.400247831474596,1.826517967781908,0.25274348422496573,0.0
XRPUSDT,D,L,2022-04-11,True,0,5.400247831474596,1.826517967781908,0.25274348422496573,0.0
XRPUSDT,D,H,2022-03-21,False,1,2.2000976085895543,0.4076785423783967,0.15633187772925797,0.0
XRPUSDT,D,L,2022-04-11,True,0,5.400247831474596,1.826517967781908,0.25274348422496573,0.0
XRPUSDT,D,L,2022-03-31,False,0,2.8855637513171772,2.186301369863013,0.4310645724258288,0.0
XRPUSDT,D,H,2022-03-28,False,0,2.4369560365989735,1.6652532916759666,0.40594059405940613,1.0
XRPUSDT,D,H,2023-07-13,False,0,21.310374515712454,12.24020662935859,0.3648284533860247,1.0
XRPUSDT,D,L,2022-04-06,True,0,3.771880492091388,0.4576449912126525,0.10820244328097707,0.0
XRPUSDT,D,L,2022-04-11,True,1,5.400247831474596,1.826517967781908,0.25274348422496573,0.0
XRPUSDT,D,L,2022-04-25,False,0,2.8141493542953406,1.8813400711210921,0.4006696428571426,0.0
XRPUSDT,D,H,2023-07-13,True,0,21.310374515712454,12.24020662935859,0.3648284533860247,1.0
XRPUSDT,D,L,2022-04-21,False,0,1.776490375630725,1.3866566996823007,0.43837882547559914,0.0
XRPUSDT,D,L,2022-04-29,True,1,4.759092545912855,0.5873244508462363,0.10985384252710975,0.0
XRPUSDT,D,L,2022-05-08,False,0,2.0765223054379685,0.4353630739172907,0.17332123411978215,0.0
XRPUSDT,D,H,2023-07-13,True,0,21.310374515712454,12.24020662935859,0.3648284533860247,1.0
XRPUSDT,D,L,2022-06-13,True,0,4.234228795653486,2.852399637790522,0.4025044722719141,
XRPUSDT,D,L,2022-05-26,False,0,0.953720844131803,1.4590892262125128,0.6047261009667023,1.0
XRPUSDT,D,H,2022-05-31,False,0,1.8666666666666671,9.204463040446305,0.8313932980599646,1.0
XRPUSDT,D,L,2022-06-11,True,0,2.7559808612440206,1.1531100478468876,0.2949816401468783,0.0
XRPUSDT,D,H,2022-09-22,True,0,4.945357833655707,5.79835589941973,0.5396975425330812,
XRPUSDT,D,L,2022-06-10,True,1,1.7852348993288598,0.3758389261744964,0.1739130434782607,0.0
XRPUSDT,D,H,2022-09-20,False,0,3.6645892351274783,0.8249291784702566,0.18374558303886956,0.0
XRPUSDT,D,L,2022-06-10,True,1,1.7852348993288598,0.3758389261744964,0.1739130434782607,0.0
XRPUSDT,D,H,2022-09-20,True,1,3.6645892351274783,0.8249291784702566,0.18374558303886956,0.0
XRPUSDT,D,L,2022-06-18,False,0,1.4403880520806742,2.258871585396987,0.6106280193236714,1.0
XRPUSDT,D,H,2022-06-24,True,0,2.5729382035377912,1.444061566735585,0.3594875900720576,
XRPUSDT,D,H,2022-06-24,True,0,2.5729382035377912,1.444061566735585,0.3594875900720576,
XRPUSDT,D,H,2022-07-30,True,0,2.8741418764302087,1.0892448512585813,0.274826789838337,1.0
XRPUSDT,D,L,2022-07-13,False,0,1.9414062499999984,2.0070312500000003,0.5083102493074795,1.0
XRPUSDT,D,L,2022-07-12,False,1,2.504321683577601,0.3156708004509586,0.11194029850746282,0.0
XRPUSDT,D,H,2022-07-17,False,0,2.255849056603775,2.3192452830188683,0.5069284064665126,0.0
XRPUSDT,D,L,2023-01-02,False,0,1.918547055586134,4.7077600440286185,0.7104651162790694,1.0
XRPUSDT,D,H,2022-07-30,True,0,2.8741418764302087,1.0892448512585813,0.274826789838337,1.0
XRPUSDT,D,L,2022-07-25,True,0,2.2537785588752204,1.7420035149384883,0.4359605911330048,1.0
XRPUSDT,D,L,2022-08-19,False,0,3.961108410306271,2.293631502187653,0.36670293797606107,1.0
XRPUSDT,D,H,2022-09-20,True,1,3.6645892351274783,0.8249291784702566,0.18374558303886956,0.0
XRPUSDT,D,L,2022-08-09,False,0,2.193571950328709,2.1475529583637702,0.49469964664310945,0.0
XRPUSDT,D,H,2022-08-08,False,0,0.7701471618780662,1.545199719691661,0.6673728813559321,1.0
XRPUSDT,D,H,2022-08-11,False,0,2.797961412449947,1.5289406625409532,0.35335689045936375,1.0
XRPUSDT,D,L,2022-08-19,True,0,3.961108410306271,2.293631502187653,0.36670293797606107,1.0
XRPUSDT,D,H,2022-08-17,False,0,1.0118740320082615,2.2116675271037667,0.6860986547085197,1.0
XRPUSDT,D,L,2022-08-19,True,0,3.961108410306271,2.293631502187653,0.36670293797606107,1.0
XRPUSDT,D,H,2022-09-18,False,0,1.8636032093362498,2.675419401896426,0.5894263217097864,0.0
XRPUSDT,D,L,2022-08-28,True,0,2.544979469951476,1.1444568868980953,0.3101983002832858,1.0
XRPUSDT,D,L,2022-08-27,False,0,3.0833016356028926,0.6283758082921254,0.16929698708751764,0.0
XRPUSDT,D,H,2022-09-17,True,0,3.6302588996763743,0.9174757281553392,0.20174346201743454,0.0
XRPUSDT,D,L,2022-09-06,False,0,3.479125248508944,1.4333996023856856,0.29178470254957517,1.0
XRPUSDT,D,H,2022-09-06,False,0,1.4333996023856856,3.479125248508944,0.7082152974504248,0.0
XRPUSDT,D,L,2022-11-09,False,0,5.854724964739071,1.0432534085566532,0.1512404580152672,
XRPUSDT,D,H,2022-09-17,True,0,3.6302588996763743,0.9174757281553392,0.20174346201743454,0.0
XRPUSDT,D,L,2022-11-09,False,0,5.854724964739071,1.0432534085566532,0.1512404580152672,
XRPUSDT,D,L,2022-11-08,False,0,4.612283464566932,3.7171653543307097,0.4462678665960825,0.0
XRPUSDT,D,H,2023-03-29,False,0,4.82920792079208,2.8440594059405937,0.3706451612903225,
XRPUSDT,D,L,2022-11-08,True,0,4.612283464566932,3.7171653543307097,0.4462678665960825,0.0
XRPUSDT,D,H,2022-10-07,True,0,1.8105195431880323,0.9345343413221808,0.34044298605414275,1.0
XRPUSDT,D,L,2022-10-20,False,1,2.2643537747373563,1.0124602980698743,0.30897703549060523,0.0
XRPUSDT,D,H,2023-03-29,False,0,4.82920792079208,2.8440594059405937,0.3706451612903225,
XRPUSDT,D,L,2022-10-20,False,1,2.2643537747373563,1.0124602980698743,0.30897703549060523,0.0
XRPUSDT,D,H,2023-03-28,True,1,4.514824797843664,0.9460916442048521,0.17324777887462992,0.0
XRPUSDT,D,L,2022-11-08,True,0,4.612283464566932,3.7171653543307097,0.4462678665960825,0.0
XRPUSDT,D,H,2022-10-27,False,0,0.6900328587075584,1.9627601314348297,0.7398843930635834,1.0
XRPUSDT,D,L,2022-11-08,True,1,4.612283464566932,3.7171653543307097,0.4462678665960825,0.0
XRPUSDT,D,H,2022-11-04,True,0,3.0402542372881367,0.31638418079095865,0.0942562592047123,1.0
XRPUSDT,D,L,2022-11-08,True,1,4.612283464566932,3.7171653543307097,0.4462678665960825,0.0
XRPUSDT,D,H,2023-03-28,True,1,4.514824797843664,0.9460916442048521,0.17324777887462992,0.0
XRPUSDT,D,L,2023-01-02,False,0,1.918547055586134,4.7077600440286185,0.7104651162790694,1.0
XRPUSDT,D,L,2023-01-02,False,0,1.918547055586134,4.7077600440286185,0.7104651162790694,1.0
XRPUSDT,D,H,2022-11-24,True,1,1.8069656271340777,3.4513999544730254,0.6563636363636363,1.0
XRPUSDT,D,H,2022-11-24,True,1,1.8069656271340777,3.4513999544730254,0.6563636363636363,1.0
XRPUSDT,D,L,2022-12-16,False,0,3.4014084507042277,2.112676056338031,0.3831417624521074,0.0
XRPUSDT,D,H,2023-01-23,True,0,2.551262549437177,3.6884697292363864,0.5911262798634812,1.0
XRPUSDT,D,L,2022-12-07,False,0,1.5417789757412412,2.048517520215636,0.5705705705705707,0.0
XRPUSDT,D,H,2023-01-20,True,1,2.3365122615803817,0.33855585831062657,0.12655971479500885,0.0
XRPUSDT,D,L,2022-12-05,False,0,1.1243781094527368,0.8208955223880604,0.42199488491048603,0.0
XRPUSDT,D,L,2022-12-12,False,0,0.6195286195286188,2.828282828282832,0.8203125000000003,1.0
XRPUSDT,D,H,2022-12-13,False,0,3.4722222222222263,1.1527777777777783,0.24924924924924913,1.0
XRPUSDT,D,L,2022-12-16,True,0,3.4014084507042277,2.112676056338031,0.3831417624521074,0.0
XRPUSDT,D,H,2023-01-14,False,0,3.6653094462540725,0.9348534201954418,0.2032218091697649,0.0
XRPUSDT,D,L,2022-12-19,True,0,3.8267929634641424,1.1177266576454707,0.22605363984674381,0.0
XRPUSDT,D,L,2023-01-02,False,0,1.918547055586134,4.7077600440286185,0.7104651162790694,1.0
XRPUSDT,D,H,2022-12-26,True,0,2.268304204062354,2.2220122815304704,0.4948453608247424,1.0
XRPUSDT,D,L,2022-12-29,True,0,2.102389078498294,0.7372013651877158,0.2596153846153852,0.0
XRPUSDT,D,H,2023-01-11,False,0,2.6684906520747833,1.6853625170998674,0.38709677419354904,0.0
XRPUSDT,D,L,2023-01-02,False,0,1.918547055586134,4.7077600440286185,0.7104651162790694,1.0
XRPUSDT,D,H,2023-01-09,False,0,1.0708729472774419,1.4641313742437345,0.5775656324582339,0.0
XRPUSDT,D,H,2023-01-20,True,1,2.3365122615803817,0.33855585831062657,0.12655971479500885,0.0
XRPUSDT,D,L,2023-02-13,False,0,2.2958384837247636,2.2785331685208066,0.49810844892812084,1.0
XRPUSDT,D,H,2023-03-21,True,0,5.517063747585318,1.8300064391500332,0.24907975460122714,0.0
XRPUSDT,D,L,2023-01-30,True,0,1.7676767676767673,1.3125000000000007,0.42611190817790545,0.0
XRPUSDT,D,H,2023-03-21,True,0,5.517063747585318,1.8300064391500332,0.24907975460122714,0.0
XRPUSDT,D,L,2023-02-09,True,0,2.4231961044710078,1.1217352810978318,0.31643356643356635,0.0
XRPUSDT,D,H,2023-03-21,True,1,5.517063747585318,1.8300064391500332,0.24907975460122714,0.0
XRPUSDT,D,H,2023-03-21,True,1,5.517063747585318,1.8300064391500332,0.24907975460122714,0.0
XRPUSDT,D,L,2023-02-12,False,0,2.088333333333333,0.6358333333333345,0.23340471092077122,0.0
XRPUSDT,D,L,2023-03-03,False,0,0.550561797752808,3.2962206332992836,0.8568773234200745,1.0
XRPUSDT,D,H,2023-02-20,False,0,2.2882882882882893,0.6966966966966965,0.23340040241448679,1.0
XRPUSDT,D,H,2023-03-21,True,1,5.517063747585318,1.8300064391500332,0.24907975460122714,0.0
XRPUSDT,D,L,2023-02-24,False,0,1.890577507598785,1.0699088145896658,0.36139630390143734,0.0
XRPUSDT,D,L,2023-03-03,False,0,0.550561797752808,3.2962206332992836,0.8568773234200745,1.0
XRPUSDT,D,H,2023-03-08,True,0,2.141764405915348,1.45639979602244,0.4047619047619053,1.0
XRPUSDT,D,L,2023-03-12,False,0,1.82224094355518,2.364785172704295,0.5647887323943662,1.0
XRPUSDT,D,L,2023-03-10,False,0,1.938091143594154,1.2880481513327589,0.39925373134328324,0.0
XRPUSDT,D,H,2023-03-21,True,0,5.517063747585318,1.8300064391500332,0.24907975460122714,0.0
XRPUSDT,D,H,2023-03-18,False,0,1.3430813124108436,1.3980028530670456,0.5100182149362471,0.0
XRPUSDT,D,H,2023-03-28,True,0,4.514824797843664,0.9460916442048521,0.17324777887462992,0.0
XRPUSDT,D,H,2023-07-13,True,0,21.310374515712454,12.24020662935859,0.3648284533860247,1.0
XRPUSDT,D,L,2023-04-19,False,0,2.996584440227699,7.6402277039848085,0.7182817182817183,
XRPUSDT,D,H,2023-04-11,False,0,1.098286744815148,2.187105500450856,0.665706051873199,1.0
XRPUSDT,D,H,2023-04-14,False,0,1.1009751494180584,2.7700534759358244,0.715585893060295,1.0
XRPUSDT,D,L,2023-04-19,True,0,2.996584440227699,7.6402277039848085,0.7182817182817183,
XRPUSDT,D,H,2023-06-13,False,1,1.5590981553176968,2.126622637212479,0.5769896193771623,1.0
XRPUSDT,D,H,2023-06-04,False,0,4.798264642082426,0.597252349963848,0.11069418386491585,0.0
XRPUSDT,D,L,2023-04-26,False,0,0.852082813669243,3.9845347967074076,0.8238267148014442,1.0
XRPUSDT,D,H,2023-04-29,False,0,1.574580335731415,2.0714628297362103,0.5681399631675874,1.0
XRPUSDT,D,L,2023-05-08,True,0,2.1230116648992587,4.003534817956879,0.6534733441033926,1.0
XRPUSDT,D,H,2023-05-29,True,0,3.025806451612903,2.551612903225808,0.45748987854251033,0.0
XRPUSDT,D,L,2023-05-07,True,0,1.073932662270046,0.8698368622006238,0.4474999999999995,0.0
XRPUSDT,D,H,2023-05-18,False,0,2.2507530120481936,1.439006024096385,0.3899999999999998,0.0
XRPUSDT,D,L,2024-07-05,False,1,4.326412361178175,5.2660550458715605,0.5489781536293165,1.0
XRPUSDT,D,H,2023-05-17,True,0,2.256310679611649,1.2287378640776703,0.3525741029641188,0.0
XRPUSDT,D,L,2023-08-17,False,0,5.418155480444227,3.346209560598744,0.3817971461627459,
XRPUSDT,D,H,2023-05-27,False,0,1.8167938931297727,0.9262086513994917,0.3376623376623376,0.0
XRPUSDT,D,L,2023-08-17,False,1,5.418155480444227,3.346209560598744,0.3817971461627459,
XRPUSDT,D,H,2023-06-03,False,0,4.091420007493438,1.0910453353315863,0.21052631578947414,0.0
XRPUSDT,D,H,2023-06-13,False,1,1.5590981553176968,2.126622637212479,0.5769896193771623,1.0
XRPUSDT,D,L,2023-06-10,False,0,1.5049346492397968,2.460922912776738,0.6205273069679847,1.0
XRPUSDT,D,H,2023-06-13,False,0,1.5590981553176968,2.126622637212479,0.5769896193771623,1.0
XRPUSDT,D,L,2023-06-14,False,0,3.221642764015645,1.189482833550631,0.2696551724137933,1.0
XRPUSDT,D,H,2023-07-13,True,0,21.310374515712454,12.24020662935859,0.3648284533860247,1.0
XRPUSDT,D,L,2023-06-28,False,0,2.5391958345386163,0.9678912351750084,0.27598152424942296,1.0
XRPUSDT,D,L,2023-06-26,False,0,1.7219822109275729,0.8930114358322748,0.3414965986394559,0.0
XRPUSDT,D,H,2023-07-13,True,0,21.310374515712454,12.24020662935859,0.3648284533860247,1.0
XRPUSDT,D,L,2023-08-17,False,1,5.418155480444227,3.346209560598744,0.3817971461627459,
XRPUSDT,D,H,2023-07-13,True,0,21.310374515712454,12.24020662935859,0.3648284533860247,1.0
XRPUSDT,D,L,2023-08-17,False,0,5.418155480444227,3.346209560598744,0.3817971461627459,
XRPUSDT,D,H,2023-07-13,True,0,21.310374515712454,12.24020662935859,0.3648284533860247,1.0
XRPUSDT,D,L,2023-08-17,False,0,5.418155480444227,3.346209560598744,0.3817971461627459,
XRPUSDT,D,H,2024-11-16,True,0,10.04482876322676,3.6716349982933196,0.2676808733015909,0.0
XRPUSDT,D,H,2024-11-15,True,0,7.552805058522803,1.367415579173954,0.15329391891891894,0.0
XRPUSDT,D,L,2023-08-01,False,0,0.623404255319149,5.208510638297875,0.8931047063115652,0.0
XRPUSDT,D,H,2023-07-30,False,0,0.6095505617977535,2.976966292134832,0.8300438596491226,1.0
XRPUSDT,D,H,2023-11-13,False,1,1.5046829418086896,3.9831107016735774,0.7258127692910304,1.0
XRPUSDT,D,L,2023-08-15,False,0,2.1005616474993327,5.545332976731747,0.7252693437806071,0.0
XRPUSDT,D,H,2023-11-06,True,0,5.663353774582366,0.6098540917741582,0.09721566776781479,0.0
XRPUSDT,D,L,2023-08-15,True,0,2.1005616474993327,5.545332976731747,0.7252693437806071,0.0
XRPUSDT,D,L,2024-07-05,False,1,4.326412361178175,5.2660550458715605,0.5489781536293165,1.0
XRPUSDT,D,H,2023-10-24,True,0,4.428030303030302,5.695454545454549,0.562598218962808,0.0
XRPUSDT,D,L,2023-08-31,False,0,1.0622724659896525,2.7468863767005187,0.7211267605633805,
XRPUSDT,D,L,2023-08-31,False,1,1.0622724659896525,2.7468863767005187,0.7211267605633805,
XRPUSDT,D,L,2023-08-31,False,1,1.0622724659896525,2.7468863767005187,0.7211267605633805,
XRPUSDT,D,H,2023-10-23,False,1,3.7929745889387116,0.5545590433482838,0.12755716004813542,0.0
XRPUSDT,D,L,2023-09-11,True,0,1.9780033840947522,3.8967851099830746,0.6633064516129032,1.0
XRPUSDT,D,H,2023-09-19,True,0,3.7006993006992985,2.4018648018648054,0.39358288770053523,0.0
XRPUSDT,D,L,2023-09-11,True,0,1.9780033840947522,3.8967851099830746,0.6633064516129032,1.0
XRPUSDT,D,H,2023-09-15,False,0,2.7833256985799326,0.8080622995877261,0.2250000000000008,0.0
XRPUSDT,D,L,2024-04-13,False,0,4.644190246839256,1.9779249448123635,0.29868476877386513,
XRPUSDT,D,H,2023-09-19,True,0,3.7006993006992985,2.4018648018648054,0.39358288770053523,0.0
XRPUSDT,D,L,2023-10-09,False,0,2.4004542013626065,2.4163512490537475,0.5016501650165015,1.0
XRPUSDT,D,H,2023-09-29,False,0,2.038443056222971,1.9577126381547363,0.4898989898989901,1.0
XRPUSDT,D,L,2023-09-24,False,0,1.369817578772801,0.8938640132670004,0.39487179487179574,1.0
XRPUSDT,D,L,2023-10-09,False,0,2.4004542013626065,2.4163512490537475,0.5016501650165015,1.0
XRPUSDT,D,H,2023-10-23,False,1,3.7929745889387116,0.5545590433482838,0.12755716004813542,0.0
XRPUSDT,D,L,2023-10-09,False,0,2.4004542013626065,2.4163512490537475,0.5016501650165015,1.0
XRPUSDT,D,H,2023-10-23,False,1,3.7929745889387116,0.5545590433482838,0.12755716004813542,0.0
XRPUSDT,D,L,2024-04-13,False,1,4.644190246839256,1.9779249448123635,0.29868476877386513,
XRPUSDT,D,H,2023-10-19,True,0,3.2868369351669964,1.9459724950884092,0.37187910643889605,0.0
XRPUSDT,D,L,2024-04-13,False,1,4.644190246839256,1.9779249448123635,0.29868476877386513,
XRPUSDT,D,H,2023-10-31,True,0,2.798521256931608,2.4510166358595207,0.4669014084507044,0.0
XRPUSDT,D,L,2024-01-03,False,0,2.9072276159654793,4.043689320388352,0.581749049429658,
XRPUSDT,D,H,2023-11-05,True,0,4.381996801462191,2.3957048206534153,0.3534686172722981,0.0
XRPUSDT,D,H,2023-11-13,False,1,1.5046829418086896,3.9831107016735774,0.7258127692910304,1.0
XRPUSDT,D,L,2023-11-14,False,0,4.344430743937527,2.0216468009316335,0.31756553178668256,
XRPUSDT,D,H,2024-11-14,True,0,6.6018348623853225,1.9102585487906587,0.22441700960219474,0.0
XRPUSDT,D,L,2023-11-17,False,0,2.619161996263678,1.6682679476914857,0.38910675381263604,
XRPUSDT,D,L,2023-11-21,True,0,0.9940594059405943,1.0811881188118806,0.5209923664122136,1.0
XRPUSDT,D,H,2023-11-26,False,0,1.1375161947066457,3.565426614843604,0.7581267217630852,1.0
XRPUSDT,D,L,2023-12-04,False,0,6.231382057499131,4.897817803948734,0.44008714596949894,0.0
XRPUSDT,D,H,2023-12-04,False,0,4.897817803948734,6.231382057499131,0.559912854030501,1.0
XRPUSDT,D,L,2023-12-04,False,0,6.231382057499131,4.897817803948734,0.44008714596949894,0.0
XRPUSDT,D,H,2023-12-02,True,0,1.2613016992625845,0.7406219942289225,0.3699551569506735,0.0
XRPUSDT,D,H,2023-12-07,False,0,3.650491400491403,4.716830466830461,0.5637204522096604,1.0
XRPUSDT,D,L,2024-01-03,False,0,2.9072276159654793,4.043689320388352,0.581749049429658,
XRPUSDT,D,H,2024-03-11,True,0,3.779002554106736,0.5495362279876307,0.12695652173913,1.0
XRPUSDT,D,L,2023-12-18,False,0,0.8394785847299813,1.4026070763500946,0.6255813953488375,1.0
XRPUSDT,D,H,2023-12-25,True,0,2.3628252788104116,1.9013630731102844,0.4458909682668833,1.0
XRPUSDT,D,L,2024-01-03,False,0,2.9072276159654793,4.043689320388352,0.581749049429658,
XRPUSDT,D,H,2023-12-25,True,0,2.3628252788104116,1.9013630731102844,0.4458909682668833,1.0
XRPUSDT,D,H,2023-12-28,False,0,1.513903192584966,2.389804325437695,0.6121883656509693,1.0
XRPUSDT,D,L,2024-01-03,True,0,2.9072276159654793,4.043689320388352,0.581749049429658,
XRPUSDT,D,H,2024-03-04,False,0,3.6890027591643673,1.4651162790697692,0.28426124197002167,0.0
XRPUSDT,D,L,2024-01-03,True,0,2.9072276159654793,4.043689320388352,0.581749049429658,
XRPUSDT,D,H,2024-03-02,True,0,4.22042139384117,0.4635332252836302,0.09896193771626287,0.0
XRPUSDT,D,L,2024-04-13,True,1,4.644190246839256,1.9779249448123635,0.29868476877386513,
XRPUSDT,D,L,2024-01-18,False,0,2.3397879207007843,2.288151221761181,0.49442119944212,
XRPUSDT,D,H,2024-02-29,False,0,2.471963731806256,1.8172273920305397,0.4236760124610585,0.0
XRPUSDT,D,L,2024-01-22,False,0,3.3284313725490224,1.592156862745096,0.32357043235704275,1.0
XRPUSDT,D,H,2024-02-15,True,0,2.875833333333334,3.6225000000000023,0.5574506283662478,0.0
XRPUSDT,D,L,2024-01-31,False,0,1.7196261682243006,1.0233644859813067,0.37308347529812547,1.0
XRPUSDT,D,H,2024-01-29,False,0,1.9396092362344595,1.0245115452930702,0.34563758389261673,1.0
XRPUSDT,D,H,2024-02-14,False,0,2.343661971830988,0.9802816901408438,0.29491525423728765,0.0
XRPUSDT,D,L,2024-04-13,True,1,4.644190246839256,1.9779249448123635,0.29868476877386513,
XRPUSDT,D,H,2024-02-09,False,0,1.5342465753424666,0.7204738985560916,0.31954022988505776,0.0
XRPUSDT,D,L,2024-04-12,False,0,3.3121951219512202,2.1478048780487837,0.3933708567854912,0.0
XRPUSDT,D,L,2024-04-12,False,1,3.3121951219512202,2.1478048780487837,0.3933708567854912,0.0
XRPUSDT,D,H,2024-02-27,True,0,2.703599374021911,1.651956181533651,0.3792756539235418,1.0
XRPUSDT,D,H,2024-02-27,True,0,2.703599374021911,1.651956181533651,0.3792756539235418,1.0
XRPUSDT,D,L,2024-02-28,False,0,1.9752873563218425,2.506321839080463,0.5592459605026929,1.0
XRPUSDT,D,L,2024-04-12,False,1,3.3121951219512202,2.1478048780487837,0.3933708567854912,0.0
XRPUSDT,D,H,2024-03-11,True,0,3.779002554106736,0.5495362279876307,0.12695652173913,1.0
XRPUSDT,D,L,2024-04-12,False,0,3.3121951219512202,2.1478048780487837,0.3933708567854912,0.0
XRPUSDT,D,H,2024-11-13,False,0,5.556931681981624,1.7730723132241284,0.24189240747806148,0.0
XRPUSDT,D,L,2024-03-19,False,0,2.4418604651162794,0.9356661595305364,0.2770270270270269,0.0
XRPUSDT,D,H,2024-11-12,True,0,8.072412861388813,1.539583896244261,0.1601731601731604,0.0
XRPUSDT,D,L,2024-04-03,False,0,2.0734323432343236,1.4756600660066024,0.41578519121236807,0.0
XRPUSDT,D,H,2024-03-25,False,0,1.1511391833972489,0.44687570494022083,0.2796442687747033,1.0
XRPUSDT,D,H,2024-09-29,False,0,3.0426966292134794,1.2539325842696631,0.2918410041841007,1.0
XRPUSDT,D,L,2024-04-01,False,0,0.8753135077033307,1.0935148692225034,0.5554140127388545,0.0
XRPUSDT,D,H,2024-07-31,False,1,1.0220455366823271,1.027105168052041,0.5012345679012344,1.0
XRPUSDT,D,L,2024-04-12,True,0,3.3121951219512202,2.1478048780487837,0.3933708567854912,0.0
XRPUSDT,D,H,2024-07-31,False,1,1.0220455366823271,1.027105168052041,0.5012345679012344,1.0
XRPUSDT,D,L,2024-07-05,False,1,4.326412361178175,5.2660550458715605,0.5489781536293165,1.0
XRPUSDT,D,L,2024-06-07,False,0,2.547468354430378,6.571729957805909,0.7206477732793525,0.0
XRPUSDT,D,H,2024-07-16,True,0,5.5640216411181225,2.0450856627592446,0.26876814599751164,0.0
XRPUSDT,D,L,2024-06-07,False,0,2.547468354430378,6.571729957805909,0.7206477732793525,0.0
XRPUSDT,D,H,2024-07-16,True,1,5.5640216411181225,2.0450856627592446,0.26876814599751164,0.0
XRPUSDT,D,L,2024-06-07,False,0,2.547468354430378,6.571729957805909,0.7206477732793525,0.0
XRPUSDT,D,H,2024-05-20,True,0,2.789230769230774,1.728461538461534,0.38259833134684046,1.0
XRPUSDT,D,L,2024-05-23,False,0,1.5808240887480176,2.379556259904916,0.6008403361344543,0.0
XRPUSDT,D,H,2024-07-13,False,0,5.227632379793059,1.8959220937309789,0.26614832535885163,0.0
XRPUSDT,D,L,2024-06-07,False,0,2.547468354430378,6.571729957805909,0.7206477732793525,0.0
XRPUSDT,D,L,2024-06-07,True,0,2.547468354430378,6.571729957805909,0.7206477732793525,0.0
XRPUSDT,D,H,2024-07-13,False,0,5.227632379793059,1.8959220937309789,0.26614832535885163,0.0
XRPUSDT,D,L,2024-07-04,True,0,4.304751501911525,1.7356635718186784,0.28734177215189866,0.0
XRPUSDT,D,H,2024-06-17,False,0,2.1823110809894937,1.3758048119281607,0.38666666666666694,1.0
XRPUSDT,D,L,2024-06-14,False,0,1.6924254016832456,1.4460596786534037,0.4607508532423204,1.0
XRPUSDT,D,L,2024-07-04,True,0,4.304751501911525,1.7356635718186784,0.28734177215189866,0.0
XRPUSDT,D,H,2024-07-13,True,0,5.227632379793059,1.8959220937309789,0.26614832535885163,0.0
XRPUSDT,D,L,2024-06-24,False,0,2.23092505064146,0.7278865631330196,0.24600638977635805,0.0
XRPUSDT,D,L,2024-07-04,True,0,4.304751501911525,1.7356635718186784,0.28734177215189866,0.0
XRPUSDT,D,H,2024-07-01,False,0,1.0021824530772605,2.7010039284155405,0.7293729372937291,1.0
XRPUSDT,D,H,2024-07-13,True,0,5.227632379793059,1.8959220937309789,0.26614832535885163,0.0
XRPUSDT,D,H,2024-07-16,True,1,5.5640216411181225,2.0450856627592446,0.26876814599751164,0.0
XRPUSDT,D,H,2024-07-30,False,1,1.0943988832664444,0.4030710172744739,0.269168026101143,0.0
XRPUSDT,D,L,2024-08-04,True,0,3.6451612903225787,3.223118279569894,0.46927592954990244,
XRPUSDT,D,H,2024-07-30,False,1,1.0943988832664444,0.4030710172744739,0.269168026101143,0.0
XRPUSDT,D,L,2024-08-01,False,0,1.7776940467219289,1.508666164280329,0.4590690208667733,0.0
XRPUSDT,D,H,2024-09-29,False,0,3.0426966292134794,1.2539325842696631,0.2918410041841007,1.0
XRPUSDT,D,H,2024-09-29,False,0,3.0426966292134794,1.2539325842696631,0.2918410041841007,1.0
XRPUSDT,D,L,2024-09-01,False,0,3.3005586592178773,4.505027932960892,0.5771543086172344,1.0
XRPUSDT,D,L,2024-08-30,False,1,2.5461711711711703,0.8474099099099083,0.2497096399535421,0.0
XRPUSDT,D,L,2024-08-27,False,0,2.819112627986347,0.6819733167856057,0.19478908188585664,0.0
XRPUSDT,D,H,2024-08-23,False,0,1.8214936247723155,1.2240437158469937,0.40191387559808567,1.0
XRPUSDT,D,H,2024-09-29,True,0,3.0426966292134794,1.2539325842696631,0.2918410041841007,1.0
XRPUSDT,D,L,2024-08-30,False,1,2.5461711711711703,0.8474099099099083,0.2497096399535421,0.0
XRPUSDT,D,L,2024-09-04,False,0,3.1612903225806455,5.423655913978494,0.6317635270541082,1.0
XRPUSDT,D,H,2024-09-12,False,0,2.9904357066950062,3.4070138150903286,0.5325581395348836,0.0
XRPUSDT,D,L,2024-10-25,True,0,3.5252653927813182,4.173248407643316,0.5420849420849422,1.0
XRPUSDT,D,H,2024-09-12,True,0,2.9904357066950062,3.4070138150903286,0.5325581395348836,0.0
XRPUSDT,D,L,2024-10-03,True,0,4.446444249341525,0.5930640913081641,0.11768292682926819,0.0
XRPUSDT,D,H,2024-09-21,False,0,1.7668548654931935,1.5715709066755206,0.47075208913648964,0.0
XRPUSDT,D,L,2024-10-02,True,0,4.4914914914914865,0.5325325325325316,0.105997210599721,0.0
XRPUSDT,D,H,2024-09-28,True,0,1.869463869463869,0.8158508158508133,0.30381944444444386,0.0
XRPUSDT,D,L,2024-10-02,True,0,4.4914914914914865,0.5325325325325316,0.105997210599721,0.0
XRPUSDT,D,H,2024-11-12,True,1,8.072412861388813,1.539583896244261,0.1601731601731604,0.0
XRPUSDT,D,L,2024-10-25,True,0,3.5252653927813182,4.173248407643316,0.5420849420849422,1.0
XRPUSDT,D,H,2024-10-14,True,0,1.054742547425475,4.465582655826555,0.8089347079037799,1.0
XRPUSDT,D,L,2024-10-23,False,0,2.0643274853801237,1.1169590643274794,0.3511029411764686,0.0
XRPUSDT,D,H,2024-10-14,True,1,1.054742547425475,4.465582655826555,0.8089347079037799,1.0
XRPUSDT,D,L,2024-10-23,False,0,2.0643274853801237,1.1169590643274794,0.3511029411764686,0.0
XRPUSDT,D,H,2024-11-07,False,0,3.5342465753424657,6.038356164383571,0.630795649685175,0.0
XRPUSDT,D,H,2024-11-07,False,0,3.5342465753424657,6.038356164383571,0.630795649685175,0.0
XRPUSDT,D,H,2024-11-06,True,0,2.8971428571428604,1.0800000000000023,0.2715517241379312,0.0
XRPUSDT,D,H,2024-11-10,True,0,5.222520107238607,4.14477211796247,0.44247281053234133,0.0
XRPUSDT,D,H,2024-11-22,True,0,7.707177676920488,1.8277581666386509,0.1916906622788976,0.0
XRPUSDT,D,H,2024-11-29,True,0,7.163718714614814,0.9571668423724183,0.11786483575659668,0.0
XRPUSDT,D,L,2024-12-09,False,0,2.297532994450403,5.617497551648557,0.7097253155159615,1.0
XRPUSDT,D,H,2024-12-17,False,0,2.1833266927602137,1.1500691400848424,0.3450142730583716,0.0
XRPUSDT,D,L,2025-02-03,False,0,2.300213709291569,9.857739785014832,0.8108058473517962,
XRPUSDT,D,L,2025-02-03,False,0,2.300213709291569,9.857739785014832,0.8108058473517962,
XRPUSDT,D,L,2024-12-26,False,0,0.9344509066028056,0.9325350667122825,0.4994869163673679,1.0
XRPUSDT,D,H,2025-01-01,False,0,1.878549896874505,2.2033952086308104,0.5397905046932389,0.0
XRPUSDT,D,L,2025-02-03,False,0,2.300213709291569,9.857739785014832,0.8108058473517962,
XRPUSDT,D,H,2025-01-11,True,0,2.6677766005751473,1.079259371373796,0.2880301602262018,0.0
XRPUSDT,D,H,2025-01-11,True,0,2.6677766005751473,1.079259371373796,0.2880301602262018,0.0
XRPUSDT,D,L,2025-02-03,False,0,2.300213709291569,9.857739785014832,0.8108058473517962,
XRPUSDT,D,H,2025-01-14,True,0,2.9172116197339735,0.3867609769117846,0.11705937794533469,0.0
XRPUSDT,D,L,2025-01-27,False,0,1.2054735247985289,3.2366812699442917,0.7286286542231314,0.0
XRPUSDT,D,L,2025-02-02,True,0,2.875274654258757,1.719012537159105,0.3741630563213862,0.0
XRPUSDT,D,L,2025-04-07,False,0,1.9454736106256558,9.828731212862637,0.8347681529418749,1.0
XRPUSDT,D,L,2025-02-24,False,0,2.9459169054441277,3.2173173352435525,0.522017695515102,1.0
XRPUSDT,D,H,2025-03-02,True,0,5.605109489051099,1.5646390916463913,0.21822788819383948,1.0
XRPUSDT,D,L,2025-02-24,True,0,2.9459169054441277,3.2173173352435525,0.522017695515102,1.0
XRPUSDT,D,H,2025-03-02,True,0,5.605109489051099,1.5646390916463913,0.21822788819383948,1.0
XRPUSDT,D,L,2025-02-24,True,0,2.9459169054441277,3.2173173352435525,0.522017695515102,1.0
XRPUSDT,D,H,2025-03-02,True,0,5.605109489051099,1.5646390916463913,0.21822788819383948,1.0
XRPUSDT,D,L,2025-02-28,False,0,2.581611001964638,2.094223968565815,0.44788235294117634,1.0
XRPUSDT,D,L,2025-03-11,False,0,1.6577889823527947,1.4201632428924438,0.46139872842870105,0.0
XRPUSDT,D,H,2025-07-14,False,0,5.711820188641383,1.7967088099538422,0.23928905519176785,0.0
XRPUSDT,D,H,2025-05-12,False,0,4.309465779592914,4.273499769448657,0.49790480283657473,1.0
XRPUSDT,D,L,2025-04-06,False,0,2.457463524130191,1.2318742985409659,0.33390119250425904,0.0
XRPUSDT,D,H,2025-03-19,True,0,3.7124454771513586,0.5632872691696219,0.13174052322477306,1.0
XRPUSDT,D,L,2025-03-28,True,0,2.3478064734408495,2.44964475019736,0.5106137896988644,0.0
XRPUSDT,D,H,2025-05-12,False,0,4.309465779592914,4.273499769448657,0.49790480283657473,1.0
XRPUSDT,D,H,2025-05-12,True,0,4.309465779592914,4.273499769448657,0.49790480283657473,1.0
XRPUSDT,D,H,2025-04-13,False,0,2.679598408789544,2.040992612237165,0.4323595505617976,0.0
XRPUSDT,D,L,2025-04-06,True,0,2.457463524130191,1.2318742985409659,0.33390119250425904,0.0
XRPUSDT,D,H,2025-04-12,False,0,2.9180252758581178,0.39769386430453335,0.11994196356601684,0.0
XRPUSDT,D,L,2025-10-10,False,0,6.601596703579706,16.902395055369556,0.7191287007209695,
XRPUSDT,D,H,2025-04-12,True,0,2.9180252758581178,0.39769386430453335,0.11994196356601684,0.0
XRPUSDT,D,H,2025-04-22,False,0,1.4241115143136918,2.331317320430849,0.6207859136783335,0.0
XRPUSDT,D,L,2025-06-21,False,1,3.0521221737405764,4.985799285997615,0.6202846483349453,1.0
XRPUSDT,D,L,2025-06-21,False,1,3.0521221737405764,4.985799285997615,0.6202846483349453,1.0
XRPUSDT,D,H,2025-04-28,False,0,2.87429073763286,2.336130424358667,0.44835731157397485,0.0
XRPUSDT,D,L,2025-04-30,False,0,1.8415992675110646,1.6300930871356638,0.4695384615384615,1.0
XRPUSDT,D,H,2025-05-09,False,0,2.8039802483914436,1.6696094568307633,0.37321470381643607,0.0
XRPUSDT,D,L,2025-05-05,False,0,2.3609317175821807,0.9407154778317979,0.28492307692307683,1.0
XRPUSDT,D,L,2025-06-05,False,1,2.0209160305343494,0.5877862595419865,0.2253174928308077,1.0
XRPUSDT,D,H,2025-07-11,True,0,5.980691056910571,2.7743902439024417,0.3168891468369125,0.0
XRPUSDT,D,H,2025-05-22,False,0,0.9682605682605693,1.455301455301453,0.6004803843074453,1.0
XRPUSDT,D,L,2025-05-25,False,0,0.974758834407957,1.8522517119008342,0.6551980198019802,0.0
XRPUSDT,D,H,2025-07-10,True,0,4.252024521304777,1.1517444940588797,0.21313725490196048,0.0
XRPUSDT,D,L,2025-05-28,False,0,1.8217547395603697,1.7406311015935003,0.48861386138613877,0.0
XRPUSDT,D,L,2025-06-05,False,1,2.0209160305343494,0.5877862595419865,0.2253174928308077,1.0
XRPUSDT,D,H,2025-06-08,False,0,2.2629005975013574,2.323737099402501,0.5066319279962106,1.0
XRPUSDT,D,L,2025-06-21,False,0,3.0521221737405764,4.985799285997615,0.6202846483349453,1.0
XRPUSDT,D,H,2025-07-07,False,1,1.2702209904456285,2.148348041718328,0.6284348864994024,0.0
XRPUSDT,D,L,2025-06-21,True,0,3.0521221737405764,4.985799285997615,0.6202846483349453,1.0
XRPUSDT,D,H,2025-07-07,False,1,1.2702209904456285,2.148348041718328,0.6284348864994024,0.0
XRPUSDT,D,L,2025-10-10,False,0,6.601596703579706,16.902395055369556,0.7191287007209695,
XRPUSDT,D,H,2025-06-30,True,0,1.5559637842802774,0.9258627476709089,0.3730569948186529,0.0
XRPUSDT,D,L,2025-10-10,False,0,6.601596703579706,16.902395055369556,0.7191287007209695,
XRPUSDT,D,H,2025-07-07,False,1,1.2702209904456285,2.148348041718328,0.6284348864994024,0.0
XRPUSDT,D,L,2025-10-10,False,0,6.601596703579706,16.902395055369556,0.7191287007209695,
XRPUSDT,D,H,2025-07-07,False,1,1.2702209904456285,2.148348041718328,0.6284348864994024,0.0
XRPUSDT,D,H,2025-07-14,False,0,5.711820188641383,1.7967088099538422,0.23928905519176785,0.0
XRPUSDT,D,L,2025-08-01,False,0,1.7797508431413038,3.9275930896827016,0.6881647813607967,1.0
XRPUSDT,D,H,2025-08-07,False,0,3.2896357208119804,1.8636634489333819,0.3616447226419168,1.0
XRPUSDT,D,L,2025-09-01,False,0,2.2866604848324275,3.786991654523778,0.6235114503816794,1.0
XRPUSDT,D,L,2025-08-19,True,0,2.7788734081200843,0.7416663339853903,0.2106683600571523,0.0
XRPUSDT,D,L,2025-08-18,False,0,1.6523784839905893,0.8926193229395135,0.35073481026540976,0.0
XRPUSDT,D,L,2025-08-29,False,0,1.985251683231806,0.5854440525809551,0.22773759042155134,0.0
XRPUSDT,D,H,2025-09-12,False,0,3.0871698366825737,2.3701861684252976,0.4343103448275861,1.0
XRPUSDT,D,L,2025-08-29,True,0,1.985251683231806,0.5854440525809551,0.22773759042155134,0.0
XRPUSDT,D,L,2025-09-22,False,0,2.8523661093794264,7.003967129498442,0.7106057556852486,0.0
XRPUSDT,D,H,2025-09-07,False,0,0.8127187864644099,2.0542590431738623,0.7165242165242167,0.0
XRPUSDT,D,L,2025-09-22,False,0,2.8523661093794264,7.003967129498442,0.7106057556852486,0.0
XRPUSDT,D,L,2025-09-21,False,0,1.6210626573236266,1.8296482753928833,0.5302235716257245,0.0
XRPUSDT,D,L,2025-10-10,True,0,6.601596703579706,16.902395055369556,0.7191287007209695,
XRPUSDT,D,H,2025-10-02,True,0,2.737977734419834,0.8138413864340619,0.2291336801628585,1.0
XRPUSDT,D,L,2025-10-10,True,0,6.601596703579706,16.902395055369556,0.7191287007209695,
XRPUSDT,D,L,2025-10-07,True,0,2.0169560420416928,1.2535857383427238,0.3832960477255785,0.0
XRPUSDT,D,L,2026-02-05,False,0,6.9909245991129305,6.899215284885704,0.49669876203576335,
XRPUSDT,D,H,2025-10-25,False,0,1.6832771768043975,3.1300762546550827,0.6502901353965186,1.0
XRPUSDT,D,L,2025-11-04,False,0,2.810903676554806,8.21543923949147,0.7450738020795462,1.0
XRPUSDT,D,H,2025-10-25,True,0,1.6832771768043975,3.1300762546550827,0.6502901353965186,1.0
XRPUSDT,D,L,2025-11-03,True,0,3.251478053150196,1.00244849208719,0.23565251572327028,0.0
XRPUSDT,D,L,2025-11-03,True,0,3.251478053150196,1.00244849208719,0.23565251572327028,0.0
XRPUSDT,D,H,2025-11-10,False,0,2.7129723346828603,1.0149291497975708,0.2722521381057967,1.0
XRPUSDT,D,L,2025-11-19,False,0,1.128802957065681,5.282911572362806,0.8239467849223946,
XRPUSDT,D,H,2025-11-10,True,0,2.7129723346828603,1.0149291497975708,0.2722521381057967,1.0
XRPUSDT,D,H,2026-01-05,True,0,8.184591914569035,3.5514874141876382,0.302612764851163,1.0
XRPUSDT,D,L,2025-12-18,True,0,3.7479598468982447,6.344334512890877,0.6286315367661791,1.0
XRPUSDT,D,H,2026-01-05,True,0,8.184591914569035,3.5514874141876382,0.302612764851163,1.0
XRPUSDT,D,H,2026-01-05,True,0,8.184591914569035,3.5514874141876382,0.302612764851163,1.0
XRPUSDT,D,L,2025-12-11,False,1,1.3844678811121762,2.0412272291466897,0.5958578225580742,0.0
XRPUSDT,D,H,2026-01-05,True,0,8.184591914569035,3.5514874141876382,0.302612764851163,1.0
XRPUSDT,D,L,2025-12-11,False,1,1.3844678811121762,2.0412272291466897,0.5958578225580742,0.0
XRPUSDT,D,H,2026-01-05,True,0,8.184591914569035,3.5514874141876382,0.302612764851163,1.0
XRPUSDT,D,L,2026-01-30,True,0,2.416469629025683,6.329392580513657,0.7237013834507962,0.0
XRPUSDT,D,H,2026-01-02,True,0,3.219621221032819,2.8210798729561217,0.4670119956379498,0.0
XRPUSDT,D,L,2025-12-31,False,0,1.0648361559274488,0.9932859003908204,0.48261758691206513,1.0
XRPUSDT,D,H,2026-01-02,True,0,3.219621221032819,2.8210798729561217,0.4670119956379498,0.0
XRPUSDT,D,L,2026-01-25,False,0,4.113651315789474,0.7379934210526321,0.15211200759373525,0.0
XRPUSDT,D,L,2026-01-11,False,0,3.168769716088326,2.415220820189276,0.4325259515570938,0.0
XRPUSDT,D,L,2026-01-16,False,0,1.0288303130148253,2.1103789126853396,0.6722644975072165,0.0
XRPUSDT,D,L,2026-01-25,True,0,4.113651315789474,0.7379934210526321,0.15211200759373525,0.0
XRPUSDT,D,L,2026-01-29,True,0,1.6464312928625864,0.4290915248497166,0.2067390062821245,0.0
XRPUSDT,D,L,2026-02-04,False,0,4.146910380575637,3.169144727867959,0.4331767162620727,0.0
XRPUSDT,D,L,2026-06-05,True,0,5.022857906696968,11.333244218687346,0.6929061784897025,
XRPUSDT,D,L,2026-02-23,False,0,1.3670402223959697,2.8435409608200852,0.6753321779318312,1.0
XRPUSDT,D,H,2026-08-22,False,0,7.597619592584116,7.749828336003663,0.5049587639628353,
XRPUSDT,D,L,2026-02-23,True,0,1.3670402223959697,2.8435409608200852,0.6753321779318312,1.0
XRPUSDT,D,H,2026-02-25,False,0,3.8482026286012716,2.877012794847245,0.42779489037869173,
XRPUSDT,D,L,2026-02-28,False,0,1.31877590054192,2.8763149505897356,0.6856382978723403,1.0
XRPUSDT,D,H,2026-03-16,True,0,3.6659179572053437,2.103558340229341,0.3646012621916236,1.0
XRPUSDT,D,L,2026-05-28,False,0,4.45065834125153,3.7475227365277624,0.45711636532220684,0.0
XRPUSDT,D,H,2026-03-04,False,0,1.952162232429151,0.7667908830921241,0.28201695671575255,0.0
XRPUSDT,D,H,2026-03-16,True,0,3.6659179572053437,2.103558340229341,0.3646012621916236,1.0
XRPUSDT,D,L,2026-03-27,False,0,2.0095898796164064,0.7955519281779213,0.28360488798370614,1.0
XRPUSDT,D,H,2026-03-13,False,0,1.0862311557788933,1.044020100502513,0.4900924702774112,0.0
XRPUSDT,D,H,2026-08-22,False,0,7.597619592584116,7.749828336003663,0.5049587639628353,
XRPUSDT,D,H,2026-04-17,True,0,3.1128757799205906,2.6106069200226876,0.4561220950398889,1.0
XRPUSDT,D,L,2026-03-26,True,0,1.5949176267901357,0.5909335630451189,0.2703448275862077,0.0
XRPUSDT,D,L,2026-04-02,False,0,2.68842574387207,0.915716345523657,0.25407331975560005,1.0
XRPUSDT,D,H,2026-04-07,True,0,2.0963676797627864,1.8203113417346202,0.4647588765235827,0.0
XRPUSDT,D,L,2026-04-05,False,0,0.8014174730816377,1.0800054518195448,0.5740365111561876,1.0
XRPUSDT,D,L,2026-05-28,False,1,4.45065834125153,3.7475227365277624,0.45711636532220684,0.0
XRPUSDT,D,H,2026-04-15,False,0,1.5109542714306703,1.527422437876784,0.5027100271002715,0.0
XRPUSDT,D,L,2026-05-23,False,0,3.304380012338066,1.3904996915484285,0.29617365710080945,0.0
XRPUSDT,D,H,2026-05-14,False,1,2.4481246955674623,2.768631271310283,0.5307189542483666,1.0
XRPUSDT,D,L,2026-04-27,False,0,1.3023741974018217,1.710019411676867,0.5676613462873,1.0
XRPUSDT,D,H,2026-05-10,True,1,2.565683646112602,0.9812332439678351,0.27664399092970643,0.0
XRPUSDT,D,L,2026-04-27,True,0,1.3023741974018217,1.710019411676867,0.5676613462873,1.0
XRPUSDT,D,H,2026-05-06,False,0,2.3958020989505258,1.1424287856071995,0.3228813559322039,0.0
XRPUSDT,D,L,2026-05-22,True,0,3.7046153846153844,0.27052307692307787,0.06805374945817101,0.0
XRPUSDT,D,H,2026-05-10,True,1,2.565683646112602,0.9812332439678351,0.27664399092970643,0.0
XRPUSDT,D,L,2026-05-17,False,0,2.6565941101152353,1.0110115236875803,0.275659824046921,0.0
XRPUSDT,D,H,2026-05-14,False,1,2.4481246955674623,2.768631271310283,0.5307189542483666,1.0
XRPUSDT,D,L,2026-05-16,False,0,2.5158562367864685,0.6641120507399587,0.20884235020360706,0.0
XRPUSDT,D,H,2026-08-22,False,0,7.597619592584116,7.749828336003663,0.5049587639628353,
XRPUSDT,D,L,2026-05-28,False,0,4.45065834125153,3.7475227365277624,0.45711636532220684,0.0
XRPUSDT,D,L,2026-06-02,True,0,3.4591134581533036,2.0969755160825776,0.37741935483871025,0.0
XRPUSDT,D,H,2026-08-21,True,0,9.492802093936312,1.9339828413552422,0.169249955460538,0.0
XRPUSDT,D,L,2026-06-24,False,0,1.8394308943089428,11.819105691056903,0.8653273809523808,1.0
XRPUSDT,D,H,2026-06-14,False,0,1.580671202860111,2.909468342751702,0.6479683567062205,1.0
XRPUSDT,D,L,2026-06-24,True,0,1.8394308943089428,11.819105691056903,0.8653273809523808,1.0
XRPUSDT,D,H,2026-08-20,False,0,8.436129032258071,2.941505376344085,0.2585340037046836,0.0
XRPUSDT,D,L,2026-06-23,True,0,3.646992054483541,0.43898978433598196,0.10743801652892566,0.0
XRPUSDT,D,H,2026-07-04,False,0,2.9107635694572216,2.9236430542778273,0.5011037527593818,1.0
XRPUSDT,D,L,2026-08-10,False,1,2.8504883546205884,18.238918106686732,0.8648379052369078,1.0
XRPUSDT,D,L,2026-08-07,True,0,2.5340000000000042,0.43399999999999944,0.14622641509433926,0.0
XRPUSDT,D,H,2026-08-20,True,0,8.436129032258071,2.941505376344085,0.2585340037046836,0.0
XRPUSDT,D,L,2026-07-13,True,0,1.2086999833969805,1.059936908517348,0.4672131147540974,1.0
XRPUSDT,D,H,2026-07-14,False,0,2.0721106354955534,1.6756667764241038,0.4471094710947113,1.0
XRPUSDT,D,L,2026-07-28,False,0,2.7964860907759888,1.3879941434846248,0.3317004898530438,0.0
XRPUSDT,D,H,2026-07-21,True,0,2.2705187130663207,1.2440358940687246,0.35396687009590205,1.0
XRPUSDT,D,L,2026-07-27,True,0,2.912494741270511,0.3710559528817824,0.1130044843049323,0.0
XRPUSDT,D,L,2026-07-27,True,1,2.912494741270511,0.3710559528817824,0.1130044843049323,0.0
XRPUSDT,D,H,2026-08-20,True,0,8.436129032258071,2.941505376344085,0.2585340037046836,0.0
XRPUSDT,D,L,2026-07-27,True,1,2.912494741270511,0.3710559528817824,0.1130044843049323,0.0
XRPUSDT,D,L,2026-08-06,True,1,1.9848964677222938,0.46041412911083585,0.18828451882845004,0.0
XRPUSDT,D,H,2026-08-19,True,1,4.751295336787564,2.365572826712724,0.33238958097395255,0.0
XRPUSDT,D,L,2026-08-06,True,1,1.9848964677222938,0.46041412911083585,0.18828451882845004,0.0
XRPUSDT,D,H,2026-08-19,True,1,4.751295336787564,2.365572826712724,0.33238958097395255,0.0
XRPUSDT,D,L,2026-08-10,True,1,2.8504883546205884,18.238918106686732,0.8648379052369078,1.0
XRPUSDT,D,L,2026-08-14,False,0,3.4723247232472354,18.723247232472353,0.8435577722360765,1.0
XRPUSDT,D,H,2026-09-21,False,0,3.58863495985176,2.0358245830759736,0.3619591478146278,
XRPUSDT,D,L,2026-08-30,True,0,1.6589052785566245,3.149701328782152,0.6550133096716948,1.0
XRPUSDT,D,L,2026-09-02,False,0,1.5553830801640969,2.818161658720478,0.644365572315883,1.0
XRPUSDT,D,L,2026-09-15,True,1,3.7519720419370954,4.125212181727409,0.5236912156166814,1.0
XRPUSDT,D,H,2026-09-14,False,0,1.669625027734638,1.9911249167960938,0.5439117522274072,1.0
XRPUSDT,D,L,2026-09-10,True,0,1.6656086822975302,0.3655165352718348,0.17995765702187785,1.0
XRPUSDT,D,H,2026-09-14,False,0,1.669625027734638,1.9911249167960938,0.5439117522274072,1.0
XRPUSDT,D,L,2026-09-15,True,1,3.7519720419370954,4.125212181727409,0.5236912156166814,1.0
XRPUSDT,D,H,2026-09-21,True,0,3.58863495985176,2.0358245830759736,0.3619591478146278,
XRPUSDT,D,L,2026-10-02,False,1,0.8303433343643675,2.5798020414475715,0.7565079365079365,
XRPUSDT,D,L,2026-10-02,False,1,0.8303433343643675,2.5798020414475715,0.7565079365079365,
ADAUSDT,W,H,2020-05-18,False,0,2.658739595719382,1.7043202536662703,0.39062499999999994,0.0
ADAUSDT,W,L,2020-09-21,False,0,2.2062415989714217,1.3086903161708843,0.3723230912476723,1.0
ADAUSDT,W,H,2020-11-16,True,0,2.813401742364243,0.43242312592541593,0.1332244170503491,0.0
ADAUSDT,W,L,2022-02-21,True,0,1.2328494041170095,2.2150639219934996,0.6424360801703356,
ADAUSDT,W,L,2022-01-17,False,1,3.8233616993492503,0.6668639954730448,0.14851458273957352,0.0
ADAUSDT,W,L,2022-01-17,False,1,3.8233616993492503,0.6668639954730448,0.14851458273957352,0.0
ADAUSDT,W,L,2022-01-17,False,1,3.8233616993492503,0.6668639954730448,0.14851458273957352,0.0
ADAUSDT,W,L,2021-10-25,False,0,2.5553576871861514,2.128154529848711,0.45439286399386153,0.0
ADAUSDT,W,L,2021-11-15,False,0,2.652653579159513,1.7054564454728673,0.39132936888547865,0.0
ADAUSDT,W,L,2022-01-03,True,0,3.716482164821648,0.4612546125461251,0.11040777270719851,0.0
ADAUSDT,W,H,2022-01-17,False,0,0.6668639954730448,3.8233616993492503,0.8514854172604264,1.0
ADAUSDT,W,L,2022-02-21,True,1,1.2328494041170095,2.2150639219934996,0.6424360801703356,
ADAUSDT,W,H,2024-12-02,False,0,6.641835966892401,3.322799097065463,0.3334591859850487,
ADAUSDT,W,L,2022-04-25,False,0,2.0574233286282557,2.977133324778647,0.5913397206016165,
ADAUSDT,W,L,2022-04-25,False,1,2.0574233286282557,2.977133324778647,0.5913397206016165,
ADAUSDT,W,H,2024-12-02,False,1,6.641835966892401,3.322799097065463,0.3334591859850487,
ADAUSDT,W,L,2022-10-10,True,1,2.0558787069705353,3.2611042242776773,0.6133373506076127,
ADAUSDT,W,H,2024-02-26,True,0,2.6003960396039605,4.786798679867986,0.647985989492119,1.0
ADAUSDT,W,L,2022-07-11,False,1,1.6058276385725132,0.3096051632498103,0.1616371834894208,0.0
ADAUSDT,W,L,2022-10-10,True,1,2.0558787069705353,3.2611042242776773,0.6133373506076127,
ADAUSDT,W,H,2023-12-04,True,0,10.121985815602837,2.672340425531917,0.20886917960088702,0.0
ADAUSDT,W,L,2022-09-19,False,0,0.9220636663007684,0.529595541670185,0.36482084690553745,0.0
ADAUSDT,W,H,2023-12-04,True,0,10.121985815602837,2.672340425531917,0.20886917960088702,0.0
ADAUSDT,W,L,2022-10-10,True,0,2.0558787069705353,3.2611042242776773,0.6133373506076127,
ADAUSDT,W,L,2022-11-07,False,0,1.550401606425703,2.864377510040161,0.6488155883851248,1.0
ADAUSDT,W,H,2023-04-10,True,0,2.687554395126197,1.2654482158398606,0.32012329370321435,1.0
ADAUSDT,W,L,2022-12-12,True,0,3.1085320749904355,2.4993240658079325,0.4456826286296484,1.0
ADAUSDT,W,H,2023-01-09,True,0,2.263993075591459,1.7954414310444322,0.44228855721393057,0.0
ADAUSDT,W,L,2023-06-05,False,0,4.127067552944814,3.1570876487865207,0.4334185037732486,1.0
ADAUSDT,W,H,2023-04-10,True,0,2.687554395126197,1.2654482158398606,0.32012329370321435,1.0
ADAUSDT,W,L,2023-06-05,True,0,4.127067552944814,3.1570876487865207,0.4334185037732486,1.0
ADAUSDT,W,H,2023-12-04,True,0,10.121985815602837,2.672340425531917,0.20886917960088702,0.0
ADAUSDT,W,L,2023-06-05,True,0,4.127067552944814,3.1570876487865207,0.4334185037732486,1.0
ADAUSDT,W,H,2023-11-06,False,0,4.902356902356901,2.646464646464646,0.3505798394290812,0.0
ADAUSDT,W,L,2026-06-01,True,1,3.718467498923806,1.186655187257857,0.24192161199164525,
ADAUSDT,W,H,2023-11-06,True,0,4.902356902356901,2.646464646464646,0.3505798394290812,0.0
ADAUSDT,W,L,2026-02-02,False,1,2.0954338307568583,0.664283799481726,0.24070716228467803,0.0
ADAUSDT,W,L,2026-02-02,False,1,2.0954338307568583,0.664283799481726,0.24070716228467803,0.0
ADAUSDT,W,H,2023-10-23,True,0,2.266739846322722,3.22722283205269,0.5874125874125875,0.0
ADAUSDT,W,L,2026-02-02,False,1,2.0954338307568583,0.664283799481726,0.24070716228467803,0.0
ADAUSDT,W,H,2023-12-04,True,0,10.121985815602837,2.672340425531917,0.20886917960088702,0.0
ADAUSDT,W,H,2024-02-26,True,1,2.6003960396039605,4.786798679867986,0.647985989492119,1.0
ADAUSDT,W,L,2024-04-08,False,0,2.8807547620469336,1.913536752851257,0.399128160418483,
ADAUSDT,W,L,2024-04-08,True,0,2.8807547620469336,1.913536752851257,0.399128160418483,
ADAUSDT,W,H,2024-11-11,False,0,5.508704840495119,7.661467243634899,0.5817287120239624,0.0
ADAUSDT,W,L,2024-06-17,True,0,1.463336790872098,1.5817441953243443,0.5194424064563463,1.0
ADAUSDT,W,L,2024-06-10,True,0,0.910396244650007,0.205853927930416,0.1844155844155847,0.0
ADAUSDT,W,H,2024-11-04,True,0,5.220497725448221,4.13968423869414,0.4422653592155293,0.0
ADAUSDT,W,L,2024-08-05,False,0,1.926194539249146,1.3319112627986354,0.40879926672777284,1.0
ADAUSDT,W,H,2024-11-04,True,0,5.220497725448221,4.13968423869414,0.4422653592155293,0.0
ADAUSDT,W,L,2025-10-06,False,0,1.7930306230200634,3.247448081661387,0.6442737430167598,0.0
ADAUSDT,W,H,2024-09-23,False,0,1.4760784313725497,0.9286274509803919,0.38617090671885174,0.0
ADAUSDT,W,L,2025-10-06,False,1,1.7930306230200634,3.247448081661387,0.6442737430167598,0.0
ADAUSDT,W,H,2024-11-04,True,0,5.220497725448221,4.13968423869414,0.4422653592155293,0.0
ADAUSDT,W,L,2025-10-06,False,1,1.7930306230200634,3.247448081661387,0.6442737430167598,0.0
ADAUSDT,W,L,2025-01-27,False,0,1.4389440817485095,1.955946636389441,0.576144211635257,1.0
ADAUSDT,W,H,2025-03-03,False,0,0.7972227454990716,2.2914502543125486,0.7418882654305928,
ADAUSDT,W,L,2025-10-06,False,1,1.7930306230200634,3.247448081661387,0.6442737430167598,0.0
ADAUSDT,W,L,2025-03-31,True,0,2.561074151705702,0.2717579513350955,0.09593154181053905,
ADAUSDT,W,L,2025-06-16,False,1,2.6348521089784724,0.263811912957237,0.09101155255001409,1.0
ADAUSDT,W,H,2025-07-14,False,0,2.8265879219500896,2.572057205720572,0.47642642642642646,1.0
ADAUSDT,W,L,2025-10-06,False,1,1.7930306230200634,3.247448081661387,0.6442737430167598,0.0
ADAUSDT,W,H,2025-08-11,True,0,1.9731256680409226,1.529190207156309,0.43662258392675485,1.0
ADAUSDT,W,L,2025-10-06,False,0,1.7930306230200634,3.247448081661387,0.6442737430167598,0.0
ADAUSDT,W,L,2025-09-22,False,0,1.0457175037116677,0.8923360466902169,0.4604289940828403,0.0
ADAUSDT,W,L,2026-01-26,False,0,1.9190385831752057,0.5996204933586341,0.2380713209442492,0.0
ADAUSDT,W,L,2026-01-26,True,0,1.9190385831752057,0.5996204933586341,0.2380713209442492,0.0
ADAUSDT,W,L,2026-06-01,True,1,3.718467498923806,1.186655187257857,0.24192161199164525,
ADAUSDT,W,L,2026-03-23,True,0,1.331266149870801,0.3509043927648579,0.20860215053763445,0.0
ADAUSDT,W,L,2026-05-25,False,0,1.5766702014846248,0.4483563096500523,0.22140762463343067,0.0
ADAUSDT,W,H,2026-05-04,True,0,1.153540701522171,0.3080741230972861,0.21077654516640223,1.0
ADAUSDT,W,L,2026-06-22,True,0,4.248376963350786,0.5242303664921468,0.10984150387025435,
ADAUSDT,W,H,2026-08-03,False,0,1.6676557863501482,2.7982195845697335,0.626578073089701,
ADAUSDT,W,H,2026-09-21,False,0,2.279006596818006,0.9126891734575093,0.2859574468085107,
ADAUSDT,D,L,2020-02-16,False,0,2.241389375364857,1.5385288966725046,0.4070270270270271,0.0
ADAUSDT,D,L,2020-02-20,False,0,2.414777497900923,0.6918555835432418,0.22270270270270298,0.0
ADAUSDT,D,H,2020-05-28,True,0,4.1151429150618295,2.176768700587876,0.3459630130807395,0.0
ADAUSDT,D,H,2020-04-30,False,0,4.521921641791045,4.747201492537313,0.5121521662557238,0.0
ADAUSDT,D,H,2020-04-06,True,0,4.173469387755098,8.413265306122447,0.6684231860559385,0.0
ADAUSDT,D,H,2020-04-02,True,0,1.395315487571701,0.6826003824091781,0.3285024154589374,0.0
ADAUSDT,D,H,2020-04-06,True,0,4.173469387755098,8.413265306122447,0.6684231860559385,0.0
ADAUSDT,D,H,2020-04-18,False,0,2.6911966987620373,7.645116918844564,0.7396367023754074,0.0
ADAUSDT,D,L,2020-04-13,False,0,1.933756166314305,2.624383368569415,0.5757575757575758,1.0
ADAUSDT,D,H,2020-04-23,True,0,3.407707910750507,5.442866801893174,0.6149732620320857,0.0
ADAUSDT,D,H,2020-05-18,False,0,1.467766442370306,2.3551117864119813,0.6160572337042924,0.0
ADAUSDT,D,L,2020-05-10,False,0,1.6819691345965997,3.801523735104513,0.6932668329177059,1.0
ADAUSDT,D,L,2020-05-10,True,0,1.6819691345965997,3.801523735104513,0.6932668329177059,1.0
ADAUSDT,D,H,2020-05-18,True,0,1.467766442370306,2.3551117864119813,0.6160572337042924,0.0
ADAUSDT,D,H,2020-05-18,True,0,1.467766442370306,2.3551117864119813,0.6160572337042924,0.0
ADAUSDT,D,H,2020-05-28,True,0,4.1151429150618295,2.176768700587876,0.3459630130807395,0.0
ADAUSDT,D,L,2020-06-15,False,0,1.952817224003666,4.46358222629409,0.6956521739130433,1.0
ADAUSDT,D,L,2020-06-10,False,0,0.8738705513553382,1.7090171491794213,0.6616691654172915,0.0
ADAUSDT,D,L,2020-06-15,False,0,1.952817224003666,4.46358222629409,0.6956521739130433,1.0
ADAUSDT,D,H,2020-06-24,False,0,1.1493706293706292,1.5448951048951063,0.573401162790698,1.0
ADAUSDT,D,L,2020-06-27,False,0,2.160211541452791,1.7355731840099553,0.4455002794857464,1.0
ADAUSDT,D,L,2020-08-25,False,0,3.573796000933637,4.1913950050571875,0.5397671482676392,
ADAUSDT,D,L,2020-07-20,True,0,1.6047197640117983,0.62031184155078,0.2787878787878791,1.0
ADAUSDT,D,L,2020-08-25,True,0,3.573796000933637,4.1913950050571875,0.5397671482676392,
ADAUSDT,D,H,2020-08-09,False,0,1.0902176456821917,0.811724783524456,0.4267872523686475,1.0
ADAUSDT,D,L,2020-08-12,False,0,1.546908893709328,2.0660249457700646,0.5718413448909901,0.0
ADAUSDT,D,L,2020-08-11,False,0,1.4734912946720784,1.034559497316402,0.4124954329557907,0.0
ADAUSDT,D,H,2020-11-22,False,0,6.185473411154345,1.1634241245136197,0.158312742675609,0.0
ADAUSDT,D,L,2020-08-21,False,0,2.2565185724690457,0.8320466132556447,0.26939584021129087,0.0
ADAUSDT,D,H,2020-11-22,True,0,6.185473411154345,1.1634241245136197,0.158312742675609,0.0
ADAUSDT,D,L,2020-08-25,True,0,3.573796000933637,4.1913950050571875,0.5397671482676392,
ADAUSDT,D,H,2020-09-01,False,0,2.212031558185404,2.035502958579883,0.47921987462270743,1.0
ADAUSDT,D,L,2020-09-03,True,0,3.297199889104521,1.9756029941779882,0.374677953625322,
ADAUSDT,D,H,2020-11-21,True,0,4.694859992328345,1.5774836977368638,0.2514982876712331,0.0
ADAUSDT,D,L,2020-09-21,True,0,3.6631744368779504,1.070717653221582,0.2261812548412082,1.0
ADAUSDT,D,H,2020-09-13,False,0,0.9274742887671964,3.110591692266597,0.7703172030562631,1.0
ADAUSDT,D,H,2020-09-26,False,0,3.067631261646389,5.042639482626334,0.6217596972563861,
ADAUSDT,D,L,2020-09-16,True,0,0.8393961179007908,0.6370956146657084,0.4314928425357874,0.0
ADAUSDT,D,L,2020-09-20,True,0,1.7633264837422968,0.71920705910794,0.2897068847989086,0.0
ADAUSDT,D,H,2020-10-10,False,0,2.2572254335260107,3.3800578034682087,0.5995898487567292,1.0
ADAUSDT,D,H,2020-10-10,True,0,2.2572254335260107,3.3800578034682087,0.5995898487567292,1.0
ADAUSDT,D,L,2020-10-07,False,0,0.7608133086876152,2.3574861367837343,0.7560165975103735,1.0
ADAUSDT,D,H,2020-10-09,True,0,1.5900939368061477,0.45032735553657893,0.22070312500000028,0.0
ADAUSDT,D,L,2020-10-30,False,0,3.388041338582677,3.072834645669289,0.47560650493201795,1.0
ADAUSDT,D,H,2020-11-20,True,0,2.6946454413892904,1.3263868789194417,0.329862277460531,0.0
ADAUSDT,D,L,2020-10-20,False,0,1.8792891472001798,2.04202525986364,0.520750199521149,0.0
ADAUSDT,D,H,2020-10-22,False,0,1.582687338501293,0.5275624461670977,0.25,1.0
ADAUSDT,D,L,2020-10-26,False,0,1.6818893842631648,2.3111218219062515,0.5787917194761298,0.0
ADAUSDT,D,H,2020-11-07,False,0,2.1435862538278316,2.0626063286832252,0.4903737259343149,0.0
ADAUSDT,D,L,2020-11-03,False,0,3.0659464325905916,2.843799234751293,0.48120501199680077,1.0
ADAUSDT,D,H,2020-11-06,True,0,3.619545399295002,0.651756411814756,0.15258964143426296,0.0
ADAUSDT,D,H,2020-11-20,True,1,2.6946454413892904,1.3263868789194417,0.329862277460531,0.0
ADAUSDT,D,H,2020-11-17,True,0,1.6011137465195404,0.6554604516860888,0.29046705054382627,0.0
ADAUSDT,D,H,2020-11-20,True,0,2.6946454413892904,1.3263868789194417,0.329862277460531,0.0
ADAUSDT,D,H,2020-12-17,False,0,2.589310287884626,1.597511972257389,0.3815571507454444,1.0
ADAUSDT,D,L,2020-12-08,False,0,1.6089389263793281,1.1474787208789716,0.4162934894936272,1.0
ADAUSDT,D,L,2020-12-08,True,0,1.6089389263793281,1.1474787208789716,0.4162934894936272,1.0
ADAUSDT,D,L,2020-12-23,False,0,3.1995750153777327,1.515629368674158,0.3214345010791962,1.0
ADAUSDT,D,L,2020-12-21,False,0,1.9714434360367636,1.8484305451182161,0.4838983050847461,0.0
ADAUSDT,D,L,2026-06-05,True,0,6.787134502923977,2.511812865497077,0.2701179785173447,
ADAUSDT,D,L,2023-06-10,False,0,6.364174059991553,6.276637093367131,0.4965375257346059,
ADAUSDT,D,L,2022-12-16,True,0,5.386851211072664,3.2669896193771635,0.3775190326914466,1.0
ADAUSDT,D,H,2021-01-30,False,0,1.3398833086914363,0.7560770099044529,0.36073059360730586,0.0
ADAUSDT,D,L,2022-11-21,False,0,4.351130799720213,0.82093728141758,0.15872514988955516,0.0
ADAUSDT,D,L,2022-10-21,False,0,1.5414432989690723,2.573690721649485,0.6254208754208755,1.0
ADAUSDT,D,L,2022-05-09,True,0,4.789390874353788,4.247044279613395,0.46999112008775434,
ADAUSDT,D,L,2022-02-24,False,0,3.5563968161522057,2.3113181906425924,0.393904303117328,1.0
ADAUSDT,D,L,2021-03-12,False,0,1.4125029447668804,1.7234274944852541,0.5495745291136821,1.0
ADAUSDT,D,H,2021-03-16,True,0,2.6433504215565806,2.316626417545791,0.467063958702888,0.0
ADAUSDT,D,H,2021-03-16,True,0,2.6433504215565806,2.316626417545791,0.467063958702888,0.0
ADAUSDT,D,L,2021-04-23,False,0,2.8745536298069667,2.4998139076378343,0.46513638864869117,1.0
ADAUSDT,D,L,2021-04-23,False,1,2.8745536298069667,2.4998139076378343,0.46513638864869117,1.0
ADAUSDT,D,H,2021-04-06,False,0,1.2785191940094343,2.7705136523858784,0.6842408440455979,0.0
ADAUSDT,D,H,2021-04-02,False,0,0.47910586505826186,0.9750596306144648,0.6705286526987647,0.0
ADAUSDT,D,L,2021-04-18,False,0,2.660774902661143,2.2922595090050746,0.46279902752259505,0.0
ADAUSDT,D,H,2021-04-06,True,0,1.2785191940094343,2.7705136523858784,0.6842408440455979,0.0
ADAUSDT,D,L,2021-04-18,False,1,2.660774902661143,2.2922595090050746,0.46279902752259505,0.0
ADAUSDT,D,H,2021-04-12,False,0,2.2005465295374367,2.284572961693248,0.5093672456575683,0.0
ADAUSDT,D,L,2021-04-18,False,1,2.660774902661143,2.2922595090050746,0.46279902752259505,0.0
ADAUSDT,D,L,2021-04-23,False,1,2.8745536298069667,2.4998139076378343,0.46513638864869117,1.0
ADAUSDT,D,L,2022-02-21,True,0,3.6646013204672454,0.7488471305231074,0.16967392705245496,0.0
ADAUSDT,D,H,2021-05-05,True,0,4.80550037470113,0.7064365327655323,0.12816484379720833,0.0
ADAUSDT,D,L,2021-05-19,False,0,3.47494924647689,1.9382264175174984,0.3580571808170879,
ADAUSDT,D,L,2021-05-19,True,0,3.47494924647689,1.9382264175174984,0.3580571808170879,
ADAUSDT,D,L,2022-01-22,False,1,4.081620034008348,1.194331942082754,0.22637278494858895,0.0
ADAUSDT,D,L,2021-06-22,False,0,3.397905759162305,1.1682872101720263,0.2558558558558557,
ADAUSDT,D,H,2021-06-03,True,0,1.7154561134534299,2.095774243004983,0.549894403379092,1.0
ADAUSDT,D,L,2021-06-20,False,0,1.5145140439534628,3.0964860735691615,0.6715432649420158,0.0
ADAUSDT,D,H,2021-08-11,False,0,4.587995765127455,7.696066454923038,0.6265082606274363,0.0
ADAUSDT,D,L,2021-06-07,True,0,1.5572064361520024,1.1105100992810681,0.4162773984908372,0.0
ADAUSDT,D,L,2021-06-12,False,0,0.8975299190071323,0.8134746343232455,0.4754368611935375,0.0
ADAUSDT,D,H,2021-08-10,True,0,5.412111715365472,2.7241220388975957,0.3348136399682793,0.0
ADAUSDT,D,L,2021-06-20,False,0,1.5145140439534628,3.0964860735691615,0.6715432649420158,0.0
ADAUSDT,D,H,2021-08-10,True,0,5.412111715365472,2.7241220388975957,0.3348136399682793,0.0
ADAUSDT,D,L,2022-01-22,False,1,4.081620034008348,1.194331942082754,0.22637278494858895,0.0
ADAUSDT,D,H,2021-06-29,False,0,1.286144578313253,1.7274615704196092,0.5732207478890229,1.0
ADAUSDT,D,L,2021-07-16,True,0,2.5500179275726076,2.1371459304410174,0.45595716198125824,1.0
ADAUSDT,D,H,2021-07-03,False,0,0.8826844002233605,1.4697192750901065,0.6247734138972812,1.0
ADAUSDT,D,L,2021-07-13,True,1,2.7579019306338655,0.8180420297283449,0.22876254180602001,0.0
ADAUSDT,D,H,2021-08-08,False,0,2.0873777698035343,2.3121916210639664,0.5255495289751645,0.0
ADAUSDT,D,L,2021-07-13,True,1,2.7579019306338655,0.8180420297283449,0.22876254180602001,0.0
ADAUSDT,D,H,2021-07-26,False,0,2.9535280898876404,3.0240000000000036,0.5058947368421056,0.0
ADAUSDT,D,L,2022-01-22,False,1,4.081620034008348,1.194331942082754,0.22637278494858895,0.0
ADAUSDT,D,H,2021-07-24,True,0,2.69323430848655,1.7891495335567436,0.39915134370579924,0.0
ADAUSDT,D,H,2021-08-06,True,0,1.85380389235497,1.2071887512803807,0.3943781942078363,0.0
ADAUSDT,D,L,2021-12-04,False,0,2.6094040459267362,3.05183160196829,0.539075175770687,
ADAUSDT,D,H,2021-08-04,False,1,1.5449334007755866,0.2726353060192199,0.1499999999999994,0.0
ADAUSDT,D,L,2021-12-04,False,1,2.6094040459267362,3.05183160196829,0.539075175770687,
ADAUSDT,D,L,2021-12-04,False,0,2.6094040459267362,3.05183160196829,0.539075175770687,
ADAUSDT,D,H,2021-08-19,True,0,5.907731772816545,0.13804160487394257,0.022832745498422086,0.0
ADAUSDT,D,L,2021-09-07,False,0,2.67880623952559,5.046280778651539,0.6532328719116873,
ADAUSDT,D,L,2021-09-07,False,0,2.67880623952559,5.046280778651539,0.6532328719116873,
ADAUSDT,D,L,2021-09-07,True,0,2.67880623952559,5.046280778651539,0.6532328719116873,
ADAUSDT,D,L,2021-10-27,False,0,4.252029981261711,5.680668332292317,0.5719159238472543,1.0
ADAUSDT,D,L,2021-09-19,True,0,1.8164122425370324,1.5847395820234886,0.46594202898550713,0.0
ADAUSDT,D,L,2021-10-27,False,0,4.252029981261711,5.680668332292317,0.5719159238472543,1.0
ADAUSDT,D,L,2021-10-27,True,0,4.252029981261711,5.680668332292317,0.5719159238472543,1.0
ADAUSDT,D,H,2021-10-07,False,0,1.7762102618610491,1.2080394240989458,0.40480507706255653,1.0
ADAUSDT,D,L,2021-10-11,False,0,1.624283305227655,1.2024732996065208,0.425389755011136,0.0
ADAUSDT,D,H,2021-11-09,False,0,2.666293893983448,1.4662267949004704,0.35480204584201575,1.0
ADAUSDT,D,L,2021-10-27,True,0,4.252029981261711,5.680668332292317,0.5719159238472543,1.0
ADAUSDT,D,H,2021-10-21,False,0,0.4300464636035113,2.161977284460506,0.8340885325897524,1.0
ADAUSDT,D,L,2021-10-27,True,1,4.252029981261711,5.680668332292317,0.5719159238472543,1.0
ADAUSDT,D,L,2021-10-24,False,1,1.7418908638218402,0.3088733660695785,0.15061378659112476,0.0
ADAUSDT,D,H,2021-11-09,False,0,2.666293893983448,1.4662267949004704,0.35480204584201575,1.0
ADAUSDT,D,L,2021-10-27,True,1,4.252029981261711,5.680668332292317,0.5719159238472543,1.0
ADAUSDT,D,H,2021-11-09,True,0,2.666293893983448,1.4662267949004704,0.35480204584201575,1.0
ADAUSDT,D,L,2021-11-16,False,0,3.7558979808714152,3.575132837407014,0.4876712328767122,0.0
ADAUSDT,D,L,2021-11-16,True,1,3.7558979808714152,3.575132837407014,0.4876712328767122,0.0
ADAUSDT,D,H,2021-11-09,True,0,2.666293893983448,1.4662267949004704,0.35480204584201575,1.0
ADAUSDT,D,L,2021-11-10,False,1,2.566666666666666,1.3070921985815598,0.337422189674112,0.0
ADAUSDT,D,L,2021-11-16,True,1,3.7558979808714152,3.575132837407014,0.4876712328767122,0.0
ADAUSDT,D,L,2021-11-24,True,0,2.119929085410366,1.986338512879341,0.4837333333333334,0.0
ADAUSDT,D,L,2021-12-04,False,0,2.6094040459267362,3.05183160196829,0.539075175770687,
ADAUSDT,D,H,2021-12-02,True,0,2.5265445149166093,1.9271787643880665,0.43271183311796185,1.0
ADAUSDT,D,L,2022-01-08,False,1,2.1583590648434052,1.6612262902514334,0.43492320129345186,1.0
ADAUSDT,D,H,2021-12-23,False,0,2.8915304606240726,2.839029222387321,0.495419187554019,1.0
ADAUSDT,D,L,2021-12-17,False,1,1.2877188042611103,0.2654277535313717,0.1708967851099831,1.0
ADAUSDT,D,H,2021-12-23,True,0,2.8915304606240726,2.839029222387321,0.495419187554019,1.0
ADAUSDT,D,L,2021-12-17,False,1,1.2877188042611103,0.2654277535313717,0.1708967851099831,1.0
ADAUSDT,D,H,2021-12-22,False,0,1.456071708045813,0.8535249341964871,0.36955584303579175,0.0
ADAUSDT,D,L,2022-01-08,False,1,2.1583590648434052,1.6612262902514334,0.43492320129345186,1.0
ADAUSDT,D,H,2021-12-22,True,0,1.456071708045813,0.8535249341964871,0.36955584303579175,0.0
ADAUSDT,D,H,2021-12-27,True,0,3.5252707581227436,2.5660348977135983,0.4212618841832325,1.0
ADAUSDT,D,H,2022-01-17,True,0,5.25625744934446,1.5675524083292434,0.2297180667433831,1.0
ADAUSDT,D,L,2022-01-05,True,0,1.6410777834265375,0.4941535332994405,0.23142857142857137,0.0
ADAUSDT,D,H,2022-01-16,True,0,3.6208339560603813,1.8977731280824994,0.3438862559241706,0.0
ADAUSDT,D,L,2022-01-22,False,0,4.081620034008348,1.194331942082754,0.22637278494858895,0.0
ADAUSDT,D,H,2022-01-16,True,0,3.6208339560603813,1.8977731280824994,0.3438862559241706,0.0
ADAUSDT,D,L,2022-02-21,True,1,3.6646013204672454,0.7488471305231074,0.16967392705245496,0.0
ADAUSDT,D,H,2022-02-05,False,0,1.164887126296522,5.4646125686394145,0.8242873248510227,1.0
ADAUSDT,D,H,2022-02-01,True,0,1.3968393810913495,0.46715489235174257,0.25062034739454087,0.0
ADAUSDT,D,L,2022-02-18,True,0,1.6178924898117617,1.107122064816612,0.40628115653040864,0.0
ADAUSDT,D,L,2022-02-17,False,1,1.3379755777575948,0.17943283883338607,0.11824953445065303,0.0
ADAUSDT,D,H,2024-12-03,False,0,2.633096085409252,3.6860023724792423,0.5833114323258871,1.0
ADAUSDT,D,L,2022-02-17,False,1,1.3379755777575948,0.17943283883338607,0.11824953445065303,0.0
ADAUSDT,D,H,2022-03-24,True,0,6.489231170865426,2.4085628508027668,0.2706921339083999,1.0
ADAUSDT,D,L,2022-04-30,False,0,4.570961509882597,1.5100609303016788,0.24832352538661553,0.0
ADAUSDT,D,H,2022-03-23,True,0,6.833751290750851,3.2217141171264188,0.3203943314849043,1.0
ADAUSDT,D,L,2022-03-14,False,0,1.0127159309021119,0.9539347408829171,0.4850555081127239,1.0
ADAUSDT,D,H,2022-03-19,True,0,2.8044198895027646,2.373480662983428,0.45838668373879643,0.0
ADAUSDT,D,H,2022-03-16,True,0,1.2448402601074375,0.4809160305343511,0.2786697247706419,0.0
ADAUSDT,D,L,2022-04-30,True,0,4.570961509882597,1.5100609303016788,0.24832352538661553,0.0
ADAUSDT,D,H,2022-03-28,False,0,5.661225746843241,1.3366184170003077,0.19100431300061607,1.0
ADAUSDT,D,H,2022-04-04,False,0,1.301600890334732,0.6064549268042118,0.31783919597989935,1.0
ADAUSDT,D,L,2022-04-06,True,0,2.3479907064796484,3.3298339213492847,0.5864629747506899,0.0
ADAUSDT,D,H,2024-12-03,False,1,2.633096085409252,3.6860023724792423,0.5833114323258871,1.0
ADAUSDT,D,L,2022-04-11,True,0,4.650071123755336,2.0540540540540566,0.30638659028219833,0.0
ADAUSDT,D,L,2022-04-17,True,0,1.11496062992126,2.17952755905512,0.6615678776290633,0.0
ADAUSDT,D,H,2024-11-22,True,0,5.6225533628674995,2.5834877164720083,0.31482753882094255,0.0
ADAUSDT,D,H,2022-04-20,False,0,1.0589786621913218,0.8156317429872929,0.43509400179051,1.0
ADAUSDT,D,L,2022-04-25,False,0,1.5466856735566645,2.4248039914469004,0.6105527638190955,0.0
ADAUSDT,D,H,2024-11-22,True,1,5.6225533628674995,2.5834877164720083,0.31482753882094255,0.0
ADAUSDT,D,L,2022-04-29,True,0,3.7061389841071994,0.6347771891555005,0.1462311557788945,0.0
ADAUSDT,D,L,2022-05-08,False,0,2.6655176375962304,0.9278639549580597,0.2582147014056764,0.0
ADAUSDT,D,H,2024-11-22,True,0,5.6225533628674995,2.5834877164720083,0.31482753882094255,0.0
ADAUSDT,D,L,2022-10-10,True,1,2.792391304347826,5.282717391304345,0.6541976820880052,0.0
ADAUSDT,D,H,2022-05-31,True,0,3.894494709400397,5.994172672902928,0.6061658706035606,1.0
ADAUSDT,D,L,2022-05-26,True,0,1.2328289974964626,1.182540546424295,0.489589905362776,1.0
ADAUSDT,D,H,2022-05-30,True,0,2.805399325084364,0.9988751406074239,0.2625665286812537,0.0
ADAUSDT,D,L,2022-06-13,False,0,3.021106794077496,0.9247086002310195,0.2343517138599106,
ADAUSDT,D,H,2024-02-29,False,0,2.3364557445995002,6.696233989676922,0.7413333333333334,1.0
ADAUSDT,D,H,2023-12-13,False,0,3.7132947976878605,0.4832369942196539,0.11515151515151532,1.0
ADAUSDT,D,L,2022-06-18,False,0,1.4892243863086305,0.8648150282355657,0.3673749143248804,1.0
ADAUSDT,D,H,2022-07-20,False,0,2.904618240891159,5.802738454397772,0.6664179104477611,
ADAUSDT,D,L,2022-07-12,True,0,2.931476931476932,0.6038766038766055,0.17081081081081118,1.0
ADAUSDT,D,H,2022-06-26,False,0,0.6376311246846367,1.065197184968795,0.6255458515283842,1.0
ADAUSDT,D,L,2022-06-30,False,0,1.6502654867256643,0.9762831858407074,0.371698113207547,0.0
ADAUSDT,D,H,2022-07-19,False,0,3.915312653865093,1.0994583948793675,0.2192439862542951,0.0
ADAUSDT,D,L,2022-07-11,False,0,2.243346007604563,0.5475285171102672,0.1961852861035425,0.0
ADAUSDT,D,H,2022-07-07,True,0,1.561430010070493,1.7165156092648541,0.5236559139784946,1.0
ADAUSDT,D,H,2022-07-18,False,0,3.2338541666666676,1.3125000000000016,0.28869286287089035,0.0
ADAUSDT,D,L,2022-10-10,True,1,2.792391304347826,5.282717391304345,0.6541976820880052,0.0
ADAUSDT,D,H,2022-07-30,False,0,1.9131061835226253,3.6091581034793605,0.653564899451554,1.0
ADAUSDT,D,L,2022-07-26,True,0,1.8693641618497103,1.7830443159922928,0.4881831610044314,1.0
ADAUSDT,D,H,2022-07-29,False,0,1.8569299552906124,0.6989567809239925,0.27346938775510143,0.0
ADAUSDT,D,L,2022-08-19,True,0,4.34527992504099,1.5839775122979618,0.2671460176991151,
ADAUSDT,D,H,2022-08-13,True,0,2.1027379400260777,4.022946544980439,0.6567342073897492,1.0
ADAUSDT,D,L,2022-08-19,True,0,4.34527992504099,1.5839775122979618,0.2671460176991151,
ADAUSDT,D,H,2022-08-13,True,0,2.1027379400260777,4.022946544980439,0.6567342073897492,1.0
ADAUSDT,D,L,2022-08-19,True,0,4.34527992504099,1.5839775122979618,0.2671460176991151,
ADAUSDT,D,H,2023-12-09,False,0,7.77079482439926,3.3160813308687613,0.2990996998999666,0.0
ADAUSDT,D,H,2023-12-09,False,0,7.77079482439926,3.3160813308687613,0.2990996998999666,0.0
ADAUSDT,D,L,2022-08-26,True,0,4.699866607381056,0.9275233437083144,0.16482300884955753,
ADAUSDT,D,H,2022-09-03,False,0,2.194490358126721,3.941597796143248,0.6423632935260841,1.0
ADAUSDT,D,L,2022-08-29,False,0,0.9535972754363552,1.4512558535547049,0.6034696406443621,1.0
ADAUSDT,D,L,2022-09-21,False,0,1.9400053092646679,1.3676665781789223,0.41348314606741565,0.0
ADAUSDT,D,H,2022-09-10,False,0,2.097297297297298,2.5369369369369332,0.5474339035769824,1.0
ADAUSDT,D,L,2022-09-16,False,0,1.7121807465618863,1.763752455795678,0.5074183976261127,0.0
ADAUSDT,D,H,2023-12-08,True,0,9.043160204828093,1.848573518653982,0.1697226140103428,0.0
ADAUSDT,D,L,2022-09-16,False,0,1.7121807465618863,1.763752455795678,0.5074183976261127,0.0
ADAUSDT,D,H,2023-12-08,True,0,9.043160204828093,1.848573518653982,0.1697226140103428,0.0
ADAUSDT,D,L,2022-10-10,True,1,2.792391304347826,5.282717391304345,0.6541976820880052,0.0
ADAUSDT,D,H,2023-12-08,True,0,9.043160204828093,1.848573518653982,0.1697226140103428,0.0
ADAUSDT,D,H,2023-12-08,True,1,9.043160204828093,1.848573518653982,0.1697226140103428,0.0
ADAUSDT,D,L,2022-10-02,True,0,1.745031232254401,0.21862578080636025,0.11133603238866406,0.0
ADAUSDT,D,L,2022-10-10,True,1,2.792391304347826,5.282717391304345,0.6541976820880052,0.0
ADAUSDT,D,H,2022-10-29,False,0,4.354273944387231,2.0762100926879516,0.32286995515695077,1.0
ADAUSDT,D,L,2022-10-19,False,0,1.574321413183973,1.099612236105125,0.4112339273629591,0.0
ADAUSDT,D,H,2022-10-25,True,0,3.9887005649717517,2.1186440677966125,0.34690101757631847,0.0
ADAUSDT,D,L,2022-11-09,True,0,4.107029919727559,0.43522257358307015,0.09581646423751695,0.0
ADAUSDT,D,L,2022-11-08,True,0,2.3286075949367078,1.5134177215189877,0.3939114391143913,0.0
ADAUSDT,D,H,2023-04-14,False,0,3.3980582524271834,1.3755339805825233,0.2881548974943052,1.0
ADAUSDT,D,L,2022-11-08,True,1,2.3286075949367078,1.5134177215189877,0.3939114391143913,0.0
ADAUSDT,D,H,2023-04-14,True,1,3.3980582524271834,1.3755339805825233,0.2881548974943052,1.0
ADAUSDT,D,L,2022-11-21,True,0,4.351130799720213,0.82093728141758,0.15872514988955516,0.0
ADAUSDT,D,L,2022-11-20,True,1,4.028362305580968,0.2427264409881071,0.056830109461688656,0.0
ADAUSDT,D,L,2022-11-20,True,1,4.028362305580968,0.2427264409881071,0.056830109461688656,0.0
ADAUSDT,D,L,2022-12-16,True,0,5.386851211072664,3.2669896193771635,0.3775190326914466,1.0
ADAUSDT,D,L,2022-11-28,True,0,1.096893834028742,0.7528975428836348,0.40701754385964956,1.0
ADAUSDT,D,H,2022-12-03,False,0,1.6081081081081101,9.325450450450445,0.8529199711607784,1.0
ADAUSDT,D,L,2022-12-13,False,0,1.582887700534763,2.0641711229946504,0.5659824046920813,0.0
ADAUSDT,D,H,2022-12-03,False,0,1.6081081081081101,9.325450450450445,0.8529199711607784,1.0
ADAUSDT,D,H,2023-01-09,False,0,6.654057352043932,10.32702867602196,0.6081488933601608,
ADAUSDT,D,L,2022-12-11,False,0,2.262416604892516,0.8406226834692356,0.27090301003344436,0.0
ADAUSDT,D,H,2023-01-09,False,0,6.654057352043932,10.32702867602196,0.6081488933601608,
ADAUSDT,D,L,2022-12-19,True,0,5.041530054644808,1.7916939890710406,0.26220331392745216,1.0
ADAUSDT,D,L,2022-12-29,True,0,1.7395095367847433,1.08490463215259,0.38411669367909235,1.0
ADAUSDT,D,H,2022-12-26,True,0,1.4118895966029728,3.9755838641188985,0.7379310344827587,1.0
ADAUSDT,D,L,2022-12-28,True,0,5.51727982162765,0.14046822742474893,0.024827586206896506,0.0
ADAUSDT,D,H,2023-01-04,True,0,3.3200663349917097,5.943615257048089,0.6416040100250624,0.0
ADAUSDT,D,L,2023-06-10,False,0,6.364174059991553,6.276637093367131,0.4965375257346059,
ADAUSDT,D,H,2023-01-13,False,0,6.51418594500218,5.634220864251418,0.46378269617706247,
ADAUSDT,D,H,2023-01-21,False,0,1.832542562098801,2.6960647502093185,0.5953408110440029,
ADAUSDT,D,L,2023-03-03,False,0,4.304347826086955,5.646739130434781,0.5674494811578372,
ADAUSDT,D,H,2023-01-26,False,0,2.2904047551655813,2.3022926691197263,0.5012942191544433,1.0
ADAUSDT,D,L,2023-02-13,False,0,2.0590938936309917,1.7051871306631659,0.45299145299145316,1.0
ADAUSDT,D,L,2023-02-09,True,0,2.3683181225554093,0.6981747066492816,0.2276785714285712,0.0
ADAUSDT,D,H,2023-02-15,True,0,3.502341137123747,0.8615384615384601,0.19742489270386238,1.0
ADAUSDT,D,L,2023-02-09,True,0,2.3683181225554093,0.6981747066492816,0.2276785714285712,0.0
ADAUSDT,D,H,2023-02-15,True,0,3.502341137123747,0.8615384615384601,0.19742489270386238,1.0
ADAUSDT,D,L,2023-02-13,False,0,2.0590938936309917,1.7051871306631659,0.45299145299145316,1.0
ADAUSDT,D,L,2023-03-02,False,0,3.642028985507245,1.4405797101449294,0.28343313373253526,0.0
ADAUSDT,D,H,2023-04-13,True,0,2.8457142857142825,0.7199999999999998,0.20192307692307704,0.0
ADAUSDT,D,L,2023-02-28,False,0,3.0925635393787245,0.3118920614998454,0.09161290322580709,0.0
ADAUSDT,D,L,2023-03-08,False,0,6.214953271028034,4.674596431605776,0.4292736209721464,1.0
ADAUSDT,D,L,2023-06-09,True,0,5.641404805914973,3.6164510166358603,0.39063591893780575,0.0
ADAUSDT,D,H,2023-03-21,True,0,2.4159690920798456,2.3708950418544754,0.4952919020715631,0.0
ADAUSDT,D,L,2023-06-09,True,0,5.641404805914973,3.6164510166358603,0.39063591893780575,0.0
ADAUSDT,D,H,2023-03-21,True,0,2.4159690920798456,2.3708950418544754,0.4952919020715631,0.0
ADAUSDT,D,H,2023-03-29,False,0,1.8143678160919556,1.653448275862068,0.47679814385150776,0.0
ADAUSDT,D,L,2023-06-07,True,0,4.414083026799789,0.45612191276931036,0.09365558912386686,0.0
ADAUSDT,D,L,2023-06-07,True,0,4.414083026799789,0.45612191276931036,0.09365558912386686,0.0
ADAUSDT,D,H,2023-04-11,False,0,1.3978411719352337,1.1225905936777167,0.4453961456102784,0.0
ADAUSDT,D,H,2023-04-11,False,0,1.3978411719352337,1.1225905936777167,0.4453961456102784,0.0
ADAUSDT,D,L,2023-05-08,True,0,1.765265662172879,1.6264869151467092,0.4795417348608838,0.0
ADAUSDT,D,L,2023-05-06,False,1,2.0142292490118576,0.45928853754940885,0.18568232662192452,0.0
ADAUSDT,D,H,2023-12-08,True,1,9.043160204828093,1.848573518653982,0.1697226140103428,0.0
ADAUSDT,D,L,2023-04-25,False,1,2.9065449010654487,0.8054794520547934,0.21699196326061979,0.0
ADAUSDT,D,L,2023-05-06,False,1,2.0142292490118576,0.45928853754940885,0.18568232662192452,0.0
ADAUSDT,D,H,2023-12-05,True,0,3.1166077738515883,1.9952885747938747,0.3903225806451614,0.0
ADAUSDT,D,H,2023-12-04,False,0,2.1053051455923413,0.6422018348623856,0.2337398373983741,0.0
ADAUSDT,D,L,2023-05-06,False,1,2.0142292490118576,0.45928853754940885,0.18568232662192452,0.0
ADAUSDT,D,H,2023-11-16,False,1,1.2181771236767351,1.5977278595404092,0.567394094993582,0.0
ADAUSDT,D,L,2023-05-11,False,0,2.251832686502804,1.436826218197499,0.3895253682487723,0.0
ADAUSDT,D,L,2023-06-05,False,0,2.9830508474576227,1.2966101694915282,0.30297029702970374,0.0
ADAUSDT,D,L,2023-05-21,True,0,1.495002630194637,0.9058390320883727,0.37730061349693167,1.0
ADAUSDT,D,H,2023-05-28,True,0,2.657198192382179,1.2834086507424127,0.3256880733944954,1.0
ADAUSDT,D,L,2023-05-25,False,0,1.421113689095128,0.8201856148491873,0.365942028985507,1.0
ADAUSDT,D,H,2023-05-28,True,0,2.657198192382179,1.2834086507424127,0.3256880733944954,1.0
ADAUSDT,D,L,2023-06-05,True,0,2.9830508474576227,1.2966101694915282,0.30297029702970374,0.0
ADAUSDT,D,H,2023-11-09,False,0,4.314754098360657,1.4484517304189428,0.25132743362831844,0.0
ADAUSDT,D,L,2023-06-05,True,0,2.9830508474576227,1.2966101694915282,0.30297029702970374,0.0
ADAUSDT,D,H,2023-11-09,False,0,4.314754098360657,1.4484517304189428,0.25132743362831844,0.0
ADAUSDT,D,L,2026-06-02,True,0,2.932283464566929,4.907716535433066,0.6259842519685037,0.0
ADAUSDT,D,H,2023-06-22,True,0,1.7126213592233006,4.181877022653721,0.7094542659492699,
ADAUSDT,D,L,2023-06-20,False,0,0.1802575107296153,2.3004291845493547,0.9273356401384077,1.0
ADAUSDT,D,H,2023-06-21,True,0,2.992597162245526,0.15545959284392555,0.04938271604938336,0.0
ADAUSDT,D,L,2023-08-17,False,0,5.153905645784995,4.136117556071155,0.44522144522144536,
ADAUSDT,D,H,2023-06-25,False,0,2.381074168797952,5.382779198635974,0.6933128362797848,
ADAUSDT,D,H,2023-07-13,True,0,5.888059701492535,1.9029850746268675,0.24425287356321862,1.0
ADAUSDT,D,L,2023-08-17,True,0,5.153905645784995,4.136117556071155,0.44522144522144536,
ADAUSDT,D,H,2023-07-04,False,0,1.9867604468349191,0.7356226727347945,0.27021276595744664,0.0
ADAUSDT,D,H,2023-07-13,True,0,5.888059701492535,1.9029850746268675,0.24425287356321862,1.0
ADAUSDT,D,L,2023-08-15,False,0,2.3000000000000007,2.6444444444444444,0.5348314606741573,0.0
ADAUSDT,D,L,2023-08-15,False,0,2.3000000000000007,2.6444444444444444,0.5348314606741573,0.0
ADAUSDT,D,H,2023-11-09,False,1,4.314754098360657,1.4484517304189428,0.25132743362831844,0.0
ADAUSDT,D,L,2023-08-01,False,1,0.7355223880597036,2.7247761194029803,0.7874396135265693,0.0
ADAUSDT,D,H,2023-11-05,True,0,3.504523912106854,2.261956053425247,0.3922594142259411,0.0
ADAUSDT,D,H,2023-11-02,True,1,2.722606120434354,0.6011846001974365,0.1808731808731816,0.0
ADAUSDT,D,L,2023-08-01,False,1,0.7355223880597036,2.7247761194029803,0.7874396135265693,0.0
ADAUSDT,D,H,2023-11-02,True,1,2.722606120434354,0.6011846001974365,0.1808731808731816,0.0
ADAUSDT,D,L,2023-08-07,False,0,2.6780122532334927,1.267528931245743,0.32125603864734253,0.0
ADAUSDT,D,L,2023-08-15,False,0,2.3000000000000007,2.6444444444444444,0.5348314606741573,0.0
ADAUSDT,D,H,2023-10-30,True,0,5.270301624129933,1.2911832946635762,0.19678217821782207,0.0
ADAUSDT,D,L,2026-02-06,False,0,1.1761297798377763,2.4009269988412503,0.6712018140589565,1.0
ADAUSDT,D,H,2023-08-29,False,0,1.6533742331288328,2.1543967280163607,0.5657894736842108,1.0
ADAUSDT,D,L,2023-08-31,False,0,1.8210197710717984,1.7044745057232078,0.48347107438016595,
ADAUSDT,D,H,2023-08-29,True,1,1.6533742331288328,2.1543967280163607,0.5657894736842108,1.0
ADAUSDT,D,L,2023-08-31,True,0,1.8210197710717984,1.7044745057232078,0.48347107438016595,
ADAUSDT,D,H,2023-10-23,True,0,5.560930232558145,2.813023255813958,0.33592534992223966,0.0
ADAUSDT,D,L,2023-09-10,False,0,1.4530477759472875,1.9489291598023097,0.5728813559322028,1.0
ADAUSDT,D,H,2023-10-01,True,0,3.8563772775991363,2.175777063236871,0.3606965174129358,1.0
ADAUSDT,D,L,2023-09-10,True,0,1.4530477759472875,1.9489291598023097,0.5728813559322028,1.0
ADAUSDT,D,L,2026-02-06,False,1,1.1761297798377763,2.4009269988412503,0.6712018140589565,1.0
ADAUSDT,D,H,2023-09-18,False,0,1.8346525945470575,1.2313104661389638,0.401606425702811,0.0
ADAUSDT,D,L,2023-09-22,False,0,1.5308848080133586,0.9699499165275459,0.38785046728971917,1.0
ADAUSDT,D,H,2023-10-01,True,0,3.8563772775991363,2.175777063236871,0.3606965174129358,1.0
ADAUSDT,D,L,2023-10-19,False,0,1.9602925809822318,1.5214211076280075,0.4369747899159675,1.0
ADAUSDT,D,H,2023-10-23,True,0,5.560930232558145,2.813023255813958,0.33592534992223966,0.0
ADAUSDT,D,L,2023-10-09,True,0,2.021660649819497,1.3898916967509005,0.4074074074074068,0.0
ADAUSDT,D,H,2023-10-23,True,0,5.560930232558145,2.813023255813958,0.33592534992223966,0.0
ADAUSDT,D,L,2023-10-19,False,0,1.9602925809822318,1.5214211076280075,0.4369747899159675,1.0
ADAUSDT,D,H,2023-10-16,True,0,1.3483606557377037,2.295081967213117,0.6299212598425201,1.0
ADAUSDT,D,H,2023-10-21,False,0,2.905930470347651,1.231083844580777,0.29757785467128006,0.0
ADAUSDT,D,L,2026-02-06,False,1,1.1761297798377763,2.4009269988412503,0.6712018140589565,1.0
ADAUSDT,D,L,2024-08-05,False,0,4.834117647058825,3.0264705882352945,0.3850183342063907,
ADAUSDT,D,H,2023-11-09,False,0,4.314754098360657,1.4484517304189428,0.25132743362831844,0.0
ADAUSDT,D,H,2023-11-16,False,1,1.2181771236767351,1.5977278595404092,0.567394094993582,0.0
ADAUSDT,D,L,2024-07-05,False,0,3.5949895615866385,3.205288796102994,0.4713467048710603,1.0
ADAUSDT,D,H,2023-12-04,False,0,2.1053051455923413,0.6422018348623856,0.2337398373983741,0.0
ADAUSDT,D,L,2024-07-05,False,0,3.5949895615866385,3.205288796102994,0.4713467048710603,1.0
ADAUSDT,D,H,2023-12-03,False,0,1.4321966693100707,0.8215701823949235,0.3645320197044333,0.0
ADAUSDT,D,L,2024-06-18,False,0,3.065035415325177,1.573084352865421,0.3391642371234207,0.0
ADAUSDT,D,H,2023-12-02,True,1,1.5169300225733626,0.6215199398043628,0.2906403940886696,0.0
ADAUSDT,D,L,2024-06-18,False,0,3.065035415325177,1.573084352865421,0.3391642371234207,0.0
ADAUSDT,D,H,2023-12-13,True,0,3.7132947976878605,0.4832369942196539,0.11515151515151532,1.0
ADAUSDT,D,L,2024-01-03,False,0,2.740882917466412,4.196417146513115,0.6049063912201419,
ADAUSDT,D,H,2024-02-29,False,1,2.3364557445995002,6.696233989676922,0.7413333333333334,1.0
ADAUSDT,D,L,2024-01-03,False,0,2.740882917466412,4.196417146513115,0.6049063912201419,
ADAUSDT,D,H,2023-12-28,False,0,1.159024390243901,1.270243902439026,0.5228915662650608,1.0
ADAUSDT,D,L,2024-01-03,True,0,2.740882917466412,4.196417146513115,0.6049063912201419,
ADAUSDT,D,H,2024-02-29,False,1,2.3364557445995002,6.696233989676922,0.7413333333333334,1.0
ADAUSDT,D,L,2024-01-03,True,0,2.740882917466412,4.196417146513115,0.6049063912201419,
ADAUSDT,D,H,2024-02-18,False,0,4.770200840728633,1.94535263895376,0.2896786757546251,0.0
ADAUSDT,D,L,2024-01-08,False,0,1.9281556155047563,3.4110464290785187,0.6388682055100522,
ADAUSDT,D,L,2024-01-23,False,0,1.1797448782373396,2.9114804793196742,0.7116402116402117,1.0
ADAUSDT,D,H,2024-02-18,True,0,4.770200840728633,1.94535263895376,0.2896786757546251,0.0
ADAUSDT,D,L,2024-01-23,False,0,1.1797448782373396,2.9114804793196742,0.7116402116402117,1.0
ADAUSDT,D,H,2024-01-29,True,0,3.266528313074414,3.7936554995552934,0.5373309817754263,0.0
ADAUSDT,D,L,2024-04-12,False,0,3.9883341110592614,4.350909939337377,0.5217391304347827,
ADAUSDT,D,H,2024-02-09,True,0,2.8415631626779745,3.2529536504089713,0.5337508698677806,0.0
ADAUSDT,D,L,2024-02-07,False,0,1.0650696018128825,2.483651667206213,0.6998722860791828,1.0
ADAUSDT,D,H,2024-02-08,True,0,3.6089663760896626,0.2876712328767145,0.07382550335570523,0.0
ADAUSDT,D,L,2024-04-12,False,0,3.9883341110592614,4.350909939337377,0.5217391304347827,
ADAUSDT,D,L,2024-02-23,False,0,1.6772892295280348,3.080677692617989,0.6474777448071216,1.0
ADAUSDT,D,H,2024-02-28,False,0,1.7177742193754972,1.3955164131305058,0.4482448244824489,0.0
ADAUSDT,D,L,2024-03-05,False,0,4.319514661274014,4.412537917087966,0.5053265400648448,0.0
ADAUSDT,D,H,2024-03-14,False,0,0.90236714516589,2.0509554140127393,0.694456962595764,1.0
ADAUSDT,D,L,2024-04-12,True,0,3.9883341110592614,4.350909939337377,0.5217391304347827,
ADAUSDT,D,H,2024-03-14,False,1,0.90236714516589,2.0509554140127393,0.694456962595764,1.0
ADAUSDT,D,L,2024-03-15,False,0,2.3386064030131832,2.3478342749529184,0.5009845288326299,0.0
ADAUSDT,D,H,2024-11-16,False,0,3.510631117111036,2.576667791652604,0.4232858990944372,0.0
ADAUSDT,D,L,2024-04-03,False,0,2.798326026305303,0.5468314069350326,0.1634695579649704,0.0
ADAUSDT,D,H,2024-11-15,True,0,3.3647838837179647,1.8582175188065784,0.3557758031442241,0.0
ADAUSDT,D,L,2024-04-01,True,0,1.229901782466352,1.3393961440523825,0.5213082259663031,0.0
ADAUSDT,D,H,2024-11-15,True,0,3.3647838837179647,1.8582175188065784,0.3557758031442241,0.0
ADAUSDT,D,L,2024-04-10,False,0,2.6824231298760908,1.1693437356585588,0.30358632193494567,0.0
ADAUSDT,D,H,2024-11-10,False,0,9.95743562795586,2.916973200210196,0.22657142857142865,0.0
ADAUSDT,D,L,2024-06-17,False,1,2.352074966532796,1.4852744310575636,0.3870573870573873,0.0
ADAUSDT,D,L,2024-05-01,False,0,2.4087452471482877,1.8165399239543738,0.42992125984252,
ADAUSDT,D,H,2024-11-10,True,0,9.95743562795586,2.916973200210196,0.22657142857142865,0.0
ADAUSDT,D,L,2024-04-30,True,0,2.7049608355091372,0.6180868739615477,0.1860000000000001,0.0
ADAUSDT,D,L,2024-06-11,False,0,3.854748603351955,1.469273743016759,0.27597061909758647,0.0
ADAUSDT,D,H,2024-05-17,True,0,2.8456090651558066,1.997875354107648,0.4124872057318321,1.0
ADAUSDT,D,L,2024-05-12,False,0,1.6665641341125819,0.8311288834204856,0.33275862068965495,1.0
ADAUSDT,D,L,2024-06-07,False,0,4.6844396082698605,2.376496191512509,0.3365695792880254,0.0
ADAUSDT,D,H,2024-05-20,True,0,3.7068670994191995,0.9661769730099071,0.20675537359263046,1.0
ADAUSDT,D,L,2024-05-23,False,0,2.082644628099174,1.9067768595041317,0.47795823665893256,0.0
ADAUSDT,D,H,2024-11-10,True,0,9.95743562795586,2.916973200210196,0.22657142857142865,0.0
ADAUSDT,D,L,2024-06-02,False,1,1.5135135135135127,1.1561561561561569,0.4330708661417325,1.0
ADAUSDT,D,H,2024-06-07,False,0,2.376496191512509,4.6844396082698605,0.6634304207119747,1.0
ADAUSDT,D,L,2024-06-02,False,1,1.5135135135135127,1.1561561561561569,0.4330708661417325,1.0
ADAUSDT,D,L,2024-06-07,False,0,4.6844396082698605,2.376496191512509,0.3365695792880254,0.0
ADAUSDT,D,H,2024-06-07,False,0,2.376496191512509,4.6844396082698605,0.6634304207119747,1.0
ADAUSDT,D,H,2024-11-09,True,0,7.655236329935126,0.5968489341983334,0.07232704402515741,0.0
ADAUSDT,D,L,2024-06-11,True,0,3.854748603351955,1.469273743016759,0.27597061909758647,0.0
ADAUSDT,D,H,2024-07-16,False,0,3.820105820105822,1.8589065255731918,0.3273291925465837,1.0
ADAUSDT,D,L,2024-06-14,False,0,1.9179415855354653,0.8080667593880391,0.29642857142857154,0.0
ADAUSDT,D,L,2024-06-17,False,1,2.352074966532796,1.4852744310575636,0.3870573870573873,0.0
ADAUSDT,D,H,2024-07-03,False,0,1.6073865917302301,2.5010036130068243,0.6087551299589602,1.0
ADAUSDT,D,L,2024-07-05,True,0,3.5949895615866385,3.205288796102994,0.4713467048710603,1.0
ADAUSDT,D,L,2024-07-05,True,0,3.5949895615866385,3.205288796102994,0.4713467048710603,1.0
ADAUSDT,D,H,2024-06-29,False,0,1.2603528988116655,1.8754051134317613,0.5980707395498396,0.0
ADAUSDT,D,L,2024-07-04,True,0,4.897254901960786,0.521568627450978,0.096251266464032,0.0
ADAUSDT,D,H,2024-07-13,True,0,4.113534822601842,0.36425755584756786,0.08134757600657326,0.0
ADAUSDT,D,L,2024-08-05,True,0,4.834117647058825,3.0264705882352945,0.3850183342063907,
ADAUSDT,D,L,2024-08-05,True,0,4.834117647058825,3.0264705882352945,0.3850183342063907,
ADAUSDT,D,H,2024-07-16,False,0,3.820105820105822,1.8589065255731918,0.3273291925465837,1.0
ADAUSDT,D,H,2024-11-08,False,0,5.749259624876604,2.1099045738729854,0.26846424384525214,0.0
ADAUSDT,D,L,2024-07-23,True,0,1.965724594107035,3.371617558628986,0.6317034700315459,0.0
ADAUSDT,D,H,2024-11-08,False,0,5.749259624876604,2.1099045738729854,0.26846424384525214,0.0
ADAUSDT,D,L,2024-08-01,False,0,1.5976368159203966,2.733830845771146,0.6311557788944728,0.0
ADAUSDT,D,H,2024-11-08,True,0,5.749259624876604,2.1099045738729854,0.26846424384525214,0.0
ADAUSDT,D,L,2025-10-10,False,0,5.995009149891864,9.234736316752622,0.606361829025845,
ADAUSDT,D,H,2024-08-21,True,0,2.6848556741795178,3.3491498616053783,0.555045871559633,1.0
ADAUSDT,D,L,2024-08-15,True,0,1.1557291666666671,1.808333333333333,0.6100861008610085,1.0
ADAUSDT,D,H,2024-08-20,False,0,1.2247360482654601,0.6862745098039222,0.3591160220994477,0.0
ADAUSDT,D,L,2024-09-03,True,0,4.370063933809703,2.2745393004889034,0.3423137876386685,1.0
ADAUSDT,D,H,2024-09-26,True,0,3.7131258457374816,1.7555254848894901,0.3210161662817553,1.0
ADAUSDT,D,H,2024-09-08,False,0,1.7799145299145298,3.1111111111111107,0.636085626911315,0.0
ADAUSDT,D,L,2025-10-10,False,0,5.995009149891864,9.234736316752622,0.606361829025845,
ADAUSDT,D,L,2024-09-16,False,0,2.0024590163934413,1.5434426229508211,0.43527508090614925,1.0
ADAUSDT,D,H,2024-09-23,False,0,2.6223776223776216,2.629370629370632,0.5006657789613851,0.0
ADAUSDT,D,L,2024-10-25,True,0,2.953612845673508,1.4112399643175748,0.32331902718168815,1.0
ADAUSDT,D,H,2024-09-23,True,0,2.6223776223776216,2.629370629370632,0.5006657789613851,0.0
ADAUSDT,D,L,2024-10-01,False,0,3.6118075212292777,1.454913061059442,0.28715083798882673,0.0
ADAUSDT,D,H,2024-11-08,True,0,5.749259624876604,2.1099045738729854,0.26846424384525214,0.0
ADAUSDT,D,L,2024-10-10,False,0,1.5188926300037424,0.6913580246913574,0.3127962085308053,1.0
ADAUSDT,D,H,2024-10-15,False,0,1.6008196721311465,3.2475409836065596,0.6698224852071009,1.0
ADAUSDT,D,L,2024-10-25,True,0,2.953612845673508,1.4112399643175748,0.32331902718168815,1.0
ADAUSDT,D,L,2024-10-17,False,0,1.8940779971112158,0.8088589311506991,0.29925187032419004,1.0
ADAUSDT,D,H,2024-10-21,False,0,1.4715525554484086,3.6923818707811025,0.7150326797385622,1.0
ADAUSDT,D,L,2024-10-25,True,0,2.953612845673508,1.4112399643175748,0.32331902718168815,1.0
ADAUSDT,D,H,2024-11-07,True,0,4.436655713764148,0.4497991967871503,0.09205020920502122,0.0
ADAUSDT,D,L,2025-10-10,False,0,5.995009149891864,9.234736316752622,0.606361829025845,
ADAUSDT,D,H,2024-11-06,False,1,2.2525139664804485,0.5109869646182484,0.18490566037735806,0.0
ADAUSDT,D,H,2024-11-06,False,1,2.2525139664804485,0.5109869646182484,0.18490566037735806,0.0
ADAUSDT,D,L,2025-10-10,False,0,5.995009149891864,9.234736316752622,0.606361829025845,
ADAUSDT,D,H,2024-11-15,True,0,3.3647838837179647,1.8582175188065784,0.3557758031442241,0.0
ADAUSDT,D,L,2025-02-03,False,0,2.454482279360667,6.8325225851285625,0.7357078718946423,1.0
ADAUSDT,D,H,2024-11-20,False,0,3.4206273351290295,1.2809105917108345,0.2724450194049159,0.0
ADAUSDT,D,H,2024-12-01,False,0,2.5073677377474852,0.8688088283024984,0.25733512786002666,0.0
ADAUSDT,D,L,2024-12-19,False,0,2.8258686483229556,3.3844814889201302,0.5449743434953214,
ADAUSDT,D,L,2024-12-09,True,0,2.903221698713866,1.14096523621546,0.2821247520387924,0.0
ADAUSDT,D,L,2024-12-19,True,0,2.8258686483229556,3.3844814889201302,0.5449743434953214,
ADAUSDT,D,L,2024-12-18,True,0,2.013595369497913,0.6859604253600751,0.2541012216404886,0.0
ADAUSDT,D,L,2025-02-02,False,0,2.4855268236202237,3.8512157468159023,0.6077595395438073,0.0
ADAUSDT,D,H,2025-01-03,True,0,3.4386196492551386,1.217046954554027,0.2614119648426426,1.0
ADAUSDT,D,H,2025-01-02,True,0,1.6208978734576012,0.44351098276012957,0.21483679525222546,0.0
ADAUSDT,D,L,2024-12-30,False,0,1.0465744178197773,1.177691528855888,0.5294742432288898,1.0
ADAUSDT,D,L,2025-02-02,True,0,2.4855268236202237,3.8512157468159023,0.6077595395438073,0.0
ADAUSDT,D,H,2025-01-07,False,0,2.3719253604749797,2.8632315521628495,0.5469237312163311,1.0
ADAUSDT,D,H,2025-01-17,False,0,2.670341786108049,0.5031973539140016,0.1585603112840465,1.0
ADAUSDT,D,L,2025-01-13,False,0,2.386663389858277,1.3177684934873433,0.35572755417956664,1.0
ADAUSDT,D,H,2025-01-15,True,0,2.177562177562177,0.8268268268268267,0.2752063150340869,0.0
ADAUSDT,D,L,2025-01-27,False,0,2.641917140536148,1.1941510966693756,0.31129558256744766,0.0
ADAUSDT,D,H,2025-03-03,False,0,3.0733058898036734,3.5986383787207092,0.5393687707641196,1.0
ADAUSDT,D,L,2025-01-26,False,0,2.3851604171642373,0.8805031446540891,0.2696245733788399,0.0
ADAUSDT,D,L,2025-02-02,True,0,2.4855268236202237,3.8512157468159023,0.6077595395438073,0.0
ADAUSDT,D,H,2025-03-02,True,0,9.874697567808482,0.8575066853431818,0.07990033222591368,1.0
ADAUSDT,D,L,2025-10-10,False,1,5.995009149891864,9.234736316752622,0.606361829025845,
ADAUSDT,D,L,2025-02-25,False,0,2.371900826446283,3.045078888054095,0.5621359223300968,1.0
ADAUSDT,D,H,2025-03-02,True,1,9.874697567808482,0.8575066853431818,0.07990033222591368,1.0
ADAUSDT,D,H,2025-03-02,True,1,9.874697567808482,0.8575066853431818,0.07990033222591368,1.0
ADAUSDT,D,L,2025-02-24,True,0,2.554431727442109,0.5794516901783342,0.18489892984542217,0.0
ADAUSDT,D,H,2025-03-02,True,0,9.874697567808482,0.8575066853431818,0.07990033222591368,1.0
ADAUSDT,D,L,2025-04-06,True,0,3.192532088681444,1.4912485414235717,0.3183856502242156,1.0
ADAUSDT,D,L,2025-03-31,False,0,2.917421023462034,2.110474782929982,0.41975308641975306,0.0
ADAUSDT,D,H,2025-03-25,False,0,1.2103549332464996,9.828720286551606,0.8903572166012802,1.0
ADAUSDT,D,L,2025-03-29,True,0,2.6550822122571,0.6931988041853502,0.20703124999999975,0.0
ADAUSDT,D,H,2025-03-25,False,1,1.2103549332464996,9.828720286551606,0.8903572166012802,1.0
ADAUSDT,D,L,2025-03-28,False,0,1.7993235625704616,0.6550169109357389,0.2668810289389069,0.0
ADAUSDT,D,H,2025-05-09,True,0,3.2858136300417247,9.691933240611961,0.7468117029257314,1.0
ADAUSDT,D,L,2025-04-03,False,0,2.9946394604876354,1.711568390108939,0.3636831275720164,0.0
ADAUSDT,D,H,2025-04-23,False,0,2.128231644260601,1.8507411237504303,0.4651303820497269,0.0
ADAUSDT,D,L,2025-04-06,True,0,3.192532088681444,1.4912485414235717,0.3183856502242156,1.0
ADAUSDT,D,L,2025-06-22,False,1,3.1645520203006057,0.8826859262151082,0.2180958811613774,1.0
ADAUSDT,D,H,2025-04-12,True,0,2.57940446650124,0.8789081885856076,0.25414364640883974,0.0
ADAUSDT,D,H,2025-04-22,True,0,1.698805608447292,0.7415613640297722,0.3038728897715984,0.0
ADAUSDT,D,L,2025-06-18,False,0,1.3593466424682392,2.3629764065335745,0.6348122866894198,0.0
ADAUSDT,D,L,2025-06-17,True,1,3.169713758079407,0.3878116343490308,0.1090116279069769,0.0
ADAUSDT,D,H,2025-05-08,True,0,3.2413542045868216,0.12231525300327697,0.03636363636363656,0.0
ADAUSDT,D,L,2025-05-05,True,0,1.6215568862275473,1.2574850299401197,0.4367720465890179,1.0
ADAUSDT,D,H,2025-05-08,True,0,3.2413542045868216,0.12231525300327697,0.03636363636363656,0.0
ADAUSDT,D,L,2025-06-05,True,0,2.056383551804632,0.3997126952774292,0.1627430910951896,1.0
ADAUSDT,D,H,2025-07-18,False,0,5.805485544848035,7.4618235730170515,0.562421777221527,
ADAUSDT,D,L,2025-05-30,True,0,1.9948420373952296,1.0448098001289492,0.3437268002969561,0.0
ADAUSDT,D,H,2025-07-18,False,0,5.805485544848035,7.4618235730170515,0.562421777221527,
ADAUSDT,D,L,2025-05-29,True,0,1.205312500000001,0.27562500000000123,0.18611521418020735,0.0
ADAUSDT,D,H,2025-07-11,False,0,5.304747320061256,4.04594180704441,0.4326891582050442,0.0
ADAUSDT,D,L,2025-06-05,True,0,2.056383551804632,0.3997126952774292,0.1627430910951896,1.0
ADAUSDT,D,H,2025-06-09,False,0,2.280973034131624,1.9060908919479547,0.45523329129886514,1.0
ADAUSDT,D,L,2025-06-13,False,0,2.209876543209875,0.8049382716049402,0.26699426699426765,0.0
ADAUSDT,D,H,2025-07-11,False,0,5.304747320061256,4.04594180704441,0.4326891582050442,0.0
ADAUSDT,D,L,2025-06-17,True,1,3.169713758079407,0.3878116343490308,0.1090116279069769,0.0
ADAUSDT,D,H,2025-07-10,True,0,4.64475228926978,1.7717774125381527,0.2761270491803277,0.0
ADAUSDT,D,L,2025-10-10,False,1,5.995009149891864,9.234736316752622,0.606361829025845,
ADAUSDT,D,H,2025-07-02,False,0,2.198444397729661,2.157241959217995,0.4952702702702705,0.0
ADAUSDT,D,L,2025-07-01,True,0,1.5097178683385568,0.9450365726227791,0.38498212157330164,1.0
ADAUSDT,D,L,2025-10-10,False,0,5.995009149891864,9.234736316752622,0.606361829025845,
ADAUSDT,D,H,2025-07-09,True,0,2.945569929216497,1.1959970710275818,0.2887788778877891,0.0
ADAUSDT,D,H,2025-07-16,False,0,5.208930899608865,1.7568448500651908,0.2522109400589586,0.0
ADAUSDT,D,H,2025-07-21,False,0,6.275555555555554,5.087999999999999,0.447747183979975,
ADAUSDT,D,H,2025-08-14,False,0,3.088178561587214,4.826122898870211,0.6097977089934193,
ADAUSDT,D,L,2025-07-30,False,0,1.454525164602164,3.54335453632407,0.7089715536105033,1.0
ADAUSDT,D,H,2025-08-12,False,0,2.840359578425292,2.0244885306881595,0.4161462979482608,0.0
ADAUSDT,D,L,2025-10-10,True,0,5.995009149891864,9.234736316752622,0.606361829025845,
ADAUSDT,D,L,2025-10-10,True,0,5.995009149891864,9.234736316752622,0.606361829025845,
ADAUSDT,D,L,2025-09-25,True,0,3.932937590245469,1.1926841007540494,0.23269062226117412,0.0
ADAUSDT,D,L,2025-08-29,False,0,1.9908921548333676,0.8911198509625337,0.30920060331825044,0.0
ADAUSDT,D,L,2025-08-29,False,1,1.9908921548333676,0.8911198509625337,0.30920060331825044,0.0
ADAUSDT,D,H,2025-09-09,False,0,2.1983904173685187,2.5966685382743764,0.5415300546448086,1.0
ADAUSDT,D,H,2025-09-05,False,0,0.9277108433734937,0.9239625167336012,0.4989878542510122,0.0
ADAUSDT,D,L,2025-09-22,False,0,2.79456885910774,1.4861576441544708,0.3471741637831605,0.0
ADAUSDT,D,H,2025-09-08,True,0,1.9848459336588629,0.3441656844586643,0.1477732793522273,0.0
ADAUSDT,D,L,2025-09-22,True,0,2.79456885910774,1.4861576441544708,0.3471741637831605,0.0
ADAUSDT,D,L,2025-09-25,True,0,3.932937590245469,1.1926841007540494,0.23269062226117412,0.0
ADAUSDT,D,L,2025-10-10,True,0,5.995009149891864,9.234736316752622,0.606361829025845,
ADAUSDT,D,L,2026-01-31,False,0,3.4951117318435756,2.6983240223463687,0.4356748224151539,0.0
ADAUSDT,D,L,2025-10-30,False,0,2.4570774513544476,8.733307897748952,0.7804295942720763,
ADAUSDT,D,H,2025-10-26,False,0,1.6647470817120604,1.191906614785994,0.41723874904653,1.0
ADAUSDT,D,L,2025-10-30,True,0,2.4570774513544476,8.733307897748952,0.7804295942720763,
ADAUSDT,D,L,2025-11-03,True,0,4.153067678684378,8.214632089394897,0.6642004773269689,
ADAUSDT,D,L,2025-11-16,True,0,2.6003034901365716,4.463429438543249,0.6318796992481203,
ADAUSDT,D,L,2025-12-01,True,0,1.935517152437453,4.008253804488006,0.6743620899149452,1.0
ADAUSDT,D,H,2025-12-03,True,0,2.6559808612440188,5.258373205741629,0.664409648751587,1.0
ADAUSDT,D,L,2025-12-17,True,0,4.264052287581698,3.4002614379084974,0.44364851957975177,
ADAUSDT,D,H,2025-12-09,True,0,2.4773980154355004,5.302094818081588,0.6815476190476192,1.0
ADAUSDT,D,L,2025-12-12,False,0,2.4427338465127133,1.2540237928621407,0.3392226148409892,0.0
ADAUSDT,D,L,2025-12-25,True,0,1.6533090467516696,2.9326047358834253,0.6394810009267842,1.0
ADAUSDT,D,H,2025-12-29,False,0,0.6367801047120429,5.9967277486911,0.9040055248618782,1.0
ADAUSDT,D,L,2025-12-31,True,0,2.3671052631578946,2.7125,0.5339981867633726,1.0
ADAUSDT,D,H,2026-01-02,True,0,3.2497409326424855,4.2991364421416245,0.5695067264573992,1.0
ADAUSDT,D,L,2026-01-29,False,0,4.633345233845055,3.00392716886826,0.39332460732984287,0.0
ADAUSDT,D,L,2026-01-16,False,0,1.321226555522477,2.825841024114318,0.6814070351758792,0.0
ADAUSDT,D,L,2026-01-25,True,0,4.10152621101526,0.5202388852023881,0.11256281407035168,0.0
ADAUSDT,D,L,2026-01-29,False,0,4.633345233845055,3.00392716886826,0.39332460732984287,0.0
ADAUSDT,D,L,2026-02-05,True,0,2.6790399999999996,1.2723200000000003,0.32199546485260777,1.0
ADAUSDT,D,H,2026-02-25,False,0,2.9629963898916984,4.283393501805059,0.5911072362685267,1.0
ADAUSDT,D,L,2026-06-02,True,0,2.932283464566929,4.907716535433066,0.6259842519685037,0.0
ADAUSDT,D,L,2026-03-08,True,0,3.090846760370243,1.3726431264998276,0.30752688172042997,
ADAUSDT,D,H,2026-02-25,False,0,2.9629963898916984,4.283393501805059,0.5911072362685267,1.0
ADAUSDT,D,L,2026-02-23,True,0,2.0303867403314952,0.7734806629834267,0.27586206896551724,1.0
ADAUSDT,D,H,2026-02-25,True,0,2.9629963898916984,4.283393501805059,0.5911072362685267,1.0
ADAUSDT,D,L,2026-03-07,False,0,2.8560579910251978,0.1981360027614797,0.06487341772151971,0.0
ADAUSDT,D,L,2026-03-04,False,0,1.8338028169014087,1.1239436619718302,0.3799999999999998,0.0
ADAUSDT,D,L,2026-03-27,False,0,2.0637184973846883,1.6909177365668078,0.45035460992907783,
ADAUSDT,D,H,2026-03-13,False,0,1.1530782029950093,2.7953410981697173,0.7079646017699114,1.0
ADAUSDT,D,H,2026-03-16,True,0,3.0393394851869853,1.570665371539584,0.3407079646017701,1.0
ADAUSDT,D,L,2026-03-27,True,1,2.0637184973846883,1.6909177365668078,0.45035460992907783,
ADAUSDT,D,H,2026-05-08,False,0,4.0876757650951125,2.559139784946235,0.38501742160278773,1.0
ADAUSDT,D,L,2026-05-28,False,0,1.8787465940054489,1.373297002724795,0.4222873900293255,0.0
ADAUSDT,D,H,2026-04-06,False,0,1.0140540540540532,2.345945945945945,0.6981981981981983,0.0
ADAUSDT,D,H,2026-04-17,False,0,1.7142857142857133,1.3406593406593383,0.43884892086330907,0.0
ADAUSDT,D,L,2026-05-28,True,0,1.8787465940054489,1.373297002724795,0.4222873900293255,0.0
ADAUSDT,D,H,2026-05-06,False,0,3.593582887700533,1.2352941176470529,0.25581395348837127,0.0
ADAUSDT,D,L,2026-04-29,False,0,1.1784172661870476,0.9366906474820134,0.44285714285714317,1.0
ADAUSDT,D,H,2026-05-05,True,0,3.185468451242827,0.8030592734225617,0.20134228187919467,0.0
ADAUSDT,D,H,2026-05-05,True,0,3.185468451242827,0.8030592734225617,0.20134228187919467,0.0
ADAUSDT,D,L,2026-05-23,False,0,3.533096926713949,0.893617021276596,0.20186915887850468,0.0
ADAUSDT,D,L,2026-05-22,True,0,3.7290470723306566,0.3295063145809409,0.08118811881188101,0.0
ADAUSDT,D,H,2026-08-22,False,0,5.255972696245732,5.97269624573379,0.5319148936170215,
ADAUSDT,D,L,2026-05-27,False,1,1.5655526992287918,0.1799485861182521,0.10309278350515472,0.0
ADAUSDT,D,L,2026-06-01,False,0,0.9770114942528739,1.2068965517241352,0.5526315789473678,0.0
ADAUSDT,D,H,2026-08-22,False,0,5.255972696245732,5.97269624573379,0.5319148936170215,
ADAUSDT,D,L,2026-06-24,True,0,4.449286250939144,2.2909090909090932,0.3398876404494384,1.0
ADAUSDT,D,H,2026-06-13,False,0,0.9777547853078128,4.910501810657011,0.8339483394833948,1.0
ADAUSDT,D,L,2026-06-21,True,0,3.232253618194349,0.7622329427980722,0.19082125603864772,0.0
ADAUSDT,D,L,2026-06-17,False,0,1.6768198244708332,0.6215797625193596,0.27044025157232676,0.0
ADAUSDT,D,H,2026-07-04,True,0,5.33286219081272,4.689752650176677,0.4679170779861796,
ADAUSDT,D,H,2026-08-06,True,0,4.827933765298775,3.860331173506119,0.4443155452436195,0.0
ADAUSDT,D,L,2026-07-12,True,0,3.421423989737009,2.128287363694675,0.38349514563106796,1.0
ADAUSDT,D,H,2026-07-21,False,0,1.9410745233968816,3.19064124783362,0.6217494089834513,1.0
ADAUSDT,D,L,2026-07-27,False,0,3.2564102564102537,2.2179487179487194,0.40515222482435637,1.0
ADAUSDT,D,H,2026-07-20,True,0,1.4515852613538984,0.5638389031705237,0.27976190476190516,0.0
ADAUSDT,D,L,2026-07-27,True,0,3.2564102564102537,2.2179487179487194,0.40515222482435637,1.0
ADAUSDT,D,L,2026-07-27,True,0,3.2564102564102537,2.2179487179487194,0.40515222482435637,1.0
ADAUSDT,D,H,2026-08-02,True,0,4.213930348258707,1.2072968490878933,0.22269807280513912,0.0
ADAUSDT,D,H,2026-08-21,True,0,6.835294117647055,1.2000000000000013,0.149341142020498,0.0
ADAUSDT,D,L,2026-08-11,False,0,2.2124120281509914,3.027511196417146,0.5777777777777778,1.0
ADAUSDT,D,H,2026-09-23,False,0,3.4462640736949846,3.6110542476970333,0.5116751269035534,
ADAUSDT,D,H,2026-09-03,True,0,1.7855719410123556,2.098047030689516,0.540229885057471,0.0
ADAUSDT,D,H,2026-09-08,False,0,2.1936491410723575,2.8787090057261833,0.5675287356321839,0.0
ADAUSDT,D,H,2026-09-19,False,0,2.9696969696969697,2.4276094276094264,0.44978165938864617,0.0
ADAUSDT,D,L,2026-09-15,True,0,2.829134720700986,0.4600219058050389,0.13986013986014,1.0
ADAUSDT,D,H,2026-09-18,True,0,2.8378378378378386,0.6169212690951829,0.1785714285714287,0.0
ADAUSDT,D,H,2026-09-26,False,0,1.3758733115975768,2.275733581741968,0.6232142857142863,
ADAUSDT,D,H,2026-10-04,False,0,1.373248407643311,1.712101910828028,0.5549132947976884,
ADAUSDT,D,L,2026-10-02,False,0,1.193535353535354,0.6674747474747478,0.35866261398176297,1.0
DOGEUSDT,W,H,2020-11-16,True,0,3.0677840769041165,1.3665269903869843,0.3081712062256807,0.0
DOGEUSDT,W,H,2021-03-29,False,0,0.8562705799501321,1.665056434267877,0.6603889241175227,0.0
DOGEUSDT,W,L,2022-06-13,False,0,4.630540694025168,0.7967241533909197,0.14680030840400923,
DOGEUSDT,W,L,2021-06-21,False,0,3.0052281870903164,1.3474953940029828,0.30957522776222895,
DOGEUSDT,W,L,2021-07-19,False,0,3.129588222198942,0.8497803284270076,0.21354652569019733,
DOGEUSDT,W,L,2021-11-29,False,0,2.921169067400816,2.0929452829261095,0.41741076024515616,
DOGEUSDT,W,H,2024-11-11,True,0,9.178550410771875,12.418050422541844,0.5750002288965053,
DOGEUSDT,W,L,2021-11-22,False,0,2.2427436840402972,0.8039866313683681,0.2638850663290582,0.0
DOGEUSDT,W,H,2024-11-11,True,0,9.178550410771875,12.418050422541844,0.5750002288965053,
DOGEUSDT,W,L,2021-11-22,True,0,2.2427436840402972,0.8039866313683681,0.2638850663290582,0.0
DOGEUSDT,W,L,2022-01-17,False,0,3.540052269670904,1.635766664129304,0.31604016389504674,0.0
DOGEUSDT,W,H,2024-03-25,True,0,5.298136966506682,4.362491613768903,0.4515743025951688,
DOGEUSDT,W,L,2022-02-21,False,0,1.111764705882353,1.6210689437065149,0.5931824441456183,1.0
DOGEUSDT,W,H,2022-04-04,False,0,1.3637376409970758,2.17021770412663,0.614104450165502,1.0
DOGEUSDT,W,L,2022-05-09,True,0,3.157477810864726,1.7601087050796498,0.35792124843616246,0.0
DOGEUSDT,W,H,2024-03-04,False,0,5.697667552406259,2.6530853262474166,0.3177061236034507,0.0
DOGEUSDT,W,H,2024-03-04,False,0,5.697667552406259,2.6530853262474166,0.3177061236034507,0.0
DOGEUSDT,W,L,2022-06-06,True,0,4.5248746509742706,0.5819917735010659,0.11396259959175609,0.0
DOGEUSDT,W,H,2022-08-08,True,0,1.423967184295341,5.242308819220627,0.7863924050632912,1.0
DOGEUSDT,W,L,2022-09-05,False,0,1.8571501767689709,1.0508787211149249,0.36137148495313254,1.0
DOGEUSDT,W,H,2022-08-08,True,1,1.423967184295341,5.242308819220627,0.7863924050632912,1.0
DOGEUSDT,W,H,2022-10-24,True,0,6.018628861036916,5.121156085199643,0.45971767946290226,
DOGEUSDT,W,H,2022-10-24,True,0,6.018628861036916,5.121156085199643,0.45971767946290226,
DOGEUSDT,W,L,2022-10-10,False,0,0.8660931240559523,0.9056281605043675,0.5111572392319671,1.0
DOGEUSDT,W,L,2023-06-05,False,0,3.8593927176515064,1.0989038679601864,0.22162931341159722,1.0
DOGEUSDT,W,H,2024-03-04,True,0,5.697667552406259,2.6530853262474166,0.3177061236034507,0.0
DOGEUSDT,W,H,2024-02-26,True,0,6.349362786745965,0.4147267063154902,0.06131301289566219,0.0
DOGEUSDT,W,L,2023-03-06,False,0,1.9913734612775031,1.0577687312203155,0.3469069870939029,1.0
DOGEUSDT,W,H,2023-04-03,False,0,1.5845733041575492,2.195733041575493,0.5808346839546192,1.0
DOGEUSDT,W,L,2023-06-05,True,0,3.8593927176515064,1.0989038679601864,0.22162931341159722,1.0
DOGEUSDT,W,H,2023-12-04,False,0,5.437090041741204,1.1723315444245663,0.17737278960664005,0.0
DOGEUSDT,W,H,2023-11-13,False,0,3.0768109339407745,3.154624145785877,0.5062436028659161,0.0
DOGEUSDT,W,H,2023-10-23,True,0,1.7688647178789925,1.9687287559483349,0.5267369952710079,0.0
DOGEUSDT,W,H,2023-12-04,True,0,5.437090041741204,1.1723315444245663,0.17737278960664005,0.0
DOGEUSDT,W,H,2024-02-26,True,0,6.349362786745965,0.4147267063154902,0.06131301289566219,0.0
DOGEUSDT,W,L,2026-06-22,True,0,3.994598668508981,1.4754427835699035,0.26973155441247393,
DOGEUSDT,W,H,2024-03-25,True,0,5.298136966506682,4.362491613768903,0.4515743025951688,
DOGEUSDT,W,H,2024-11-04,True,0,8.508630387965672,2.8377101346790528,0.2500991512651701,0.0
DOGEUSDT,W,L,2024-04-29,False,0,1.6931970864861041,2.1609857860123047,0.5606858463909582,
DOGEUSDT,W,H,2024-05-20,False,0,0.9995830051429367,1.3632642975181082,0.5769582723279647,1.0
DOGEUSDT,W,L,2024-06-17,False,0,1.3070955200141379,1.2014491473005213,0.47894269651839433,1.0
DOGEUSDT,W,H,2024-10-28,False,0,2.961876037818971,3.7010403605679616,0.5554685274850469,0.0
DOGEUSDT,W,L,2024-08-05,False,0,1.5777580628326893,0.9845005740528123,0.38423153692614764,1.0
DOGEUSDT,W,H,2024-10-14,False,0,2.635643564356436,1.6272277227722765,0.38172105446521876,0.0
DOGEUSDT,W,L,2026-02-02,False,0,2.4022081116640925,0.9205995080372976,0.27705471197879006,0.0
DOGEUSDT,W,H,2024-09-23,True,0,1.6825601083643755,0.9183203521842187,0.35308056872037896,0.0
DOGEUSDT,W,L,2025-10-06,False,0,2.1229534364026086,2.695033520317417,0.5593692022263451,0.0
DOGEUSDT,W,H,2024-10-14,True,0,2.635643564356436,1.6272277227722765,0.38172105446521876,0.0
DOGEUSDT,W,L,2025-01-27,False,0,1.725517845347741,1.8605918020498586,0.5188329373587529,
DOGEUSDT,W,L,2025-02-24,False,0,2.21289369919029,1.7074334301523684,0.4355334067334995,
DOGEUSDT,W,L,2025-04-07,False,0,0.6723932925135296,1.14596228427919,0.6302190280629706,1.0
DOGEUSDT,W,H,2025-05-05,True,0,2.208621063388351,4.384727340290466,0.6650228490646677,1.0
DOGEUSDT,W,L,2025-10-06,False,0,2.1229534364026086,2.695033520317417,0.5593692022263451,0.0
DOGEUSDT,W,H,2025-07-14,True,0,3.4176263744441746,4.1729892649165565,0.5497563653832956,1.0
DOGEUSDT,W,L,2025-10-06,False,0,2.1229534364026086,2.695033520317417,0.5593692022263451,0.0
DOGEUSDT,W,H,2025-09-08,False,0,3.187537871137144,3.67955968491214,0.5358245830759729,1.0
DOGEUSDT,W,H,2025-09-08,True,0,3.187537871137144,3.67955968491214,0.5358245830759729,1.0
DOGEUSDT,W,L,2025-10-06,False,0,2.1229534364026086,2.695033520317417,0.5593692022263451,0.0
DOGEUSDT,W,L,2026-02-02,False,1,2.4022081116640925,0.9205995080372976,0.27705471197879006,0.0
DOGEUSDT,W,L,2026-01-26,True,0,2.158699301935142,0.8395628994727697,0.2800165039196809,0.0
DOGEUSDT,W,L,2026-06-01,False,0,2.7487111057196576,1.0733305028204039,0.28082648300377694,0.0
DOGEUSDT,W,L,2026-06-01,True,1,2.7487111057196576,1.0733305028204039,0.28082648300377694,0.0
DOGEUSDT,W,H,2026-04-27,True,0,1.2858173944424398,3.052869000360881,0.7036390101892285,1.0
DOGEUSDT,W,L,2026-06-01,True,1,2.7487111057196576,1.0733305028204039,0.28082648300377694,0.0
DOGEUSDT,W,L,2026-06-22,True,0,3.994598668508981,1.4754427835699035,0.26973155441247393,
DOGEUSDT,W,L,2026-07-20,False,0,4.02299872935197,1.5102922490470139,0.2729464716283555,
DOGEUSDT,W,H,2026-09-21,False,0,2.7923627684964214,2.0754176610978514,0.426358109433222,
DOGEUSDT,D,L,2020-07-27,False,0,0.6564694082246746,1.0250752256770306,0.6096033402922753,1.0
DOGEUSDT,D,L,2020-09-02,False,0,1.6407914764079146,1.7544393708777266,0.5167364016736401,0.0
DOGEUSDT,D,L,2020-09-02,False,0,1.6407914764079146,1.7544393708777266,0.5167364016736401,0.0
DOGEUSDT,D,H,2020-08-17,False,0,1.5286724273370003,1.5561665357423409,0.5044563279857396,1.0
DOGEUSDT,D,L,2020-08-11,False,0,1.1139784946236564,1.4451612903225803,0.564705882352941,1.0
DOGEUSDT,D,H,2020-08-14,False,0,1.0557118739448512,0.30332020258863185,0.223188405797101,0.0
DOGEUSDT,D,L,2020-08-25,True,1,1.563396665374177,1.2376890267545562,0.4418604651162789,0.0
DOGEUSDT,D,L,2020-08-22,False,1,1.6002988419872992,0.643257377661561,0.28671328671328655,0.0
DOGEUSDT,D,H,2020-11-21,False,0,5.385633270321362,1.4423440453686194,0.21124031007751928,0.0
DOGEUSDT,D,L,2020-08-25,True,1,1.563396665374177,1.2376890267545562,0.4418604651162789,0.0
DOGEUSDT,D,H,2020-11-21,True,0,5.385633270321362,1.4423440453686194,0.21124031007751928,0.0
DOGEUSDT,D,L,2020-09-02,True,0,1.6407914764079146,1.7544393708777266,0.5167364016736401,0.0
DOGEUSDT,D,H,2020-11-21,True,0,5.385633270321362,1.4423440453686194,0.21124031007751928,0.0
DOGEUSDT,D,H,2020-09-15,False,0,0.9995724668661825,3.1064557503206496,0.7565597667638483,1.0
DOGEUSDT,D,L,2020-09-20,False,0,0.9603960396039588,1.118811881188121,0.538095238095239,0.0
DOGEUSDT,D,H,2020-10-26,False,0,1.0852713178294517,12.281653746770019,0.9188092016238163,1.0
DOGEUSDT,D,H,2020-10-26,False,0,1.0852713178294517,12.281653746770019,0.9188092016238163,1.0
DOGEUSDT,D,L,2020-10-01,False,0,1.3128061581525554,1.0482855143456962,0.44398340248962626,1.0
DOGEUSDT,D,H,2020-10-10,False,0,1.4502923976608193,1.1578947368421075,0.4439461883408075,0.0
DOGEUSDT,D,H,2020-10-26,False,0,1.0852713178294517,12.281653746770019,0.9188092016238163,1.0
DOGEUSDT,D,H,2020-10-26,False,0,1.0852713178294517,12.281653746770019,0.9188092016238163,1.0
DOGEUSDT,D,L,2020-10-28,True,0,4.516129032258062,0.4379276637341139,0.08839779005524839,0.0
DOGEUSDT,D,H,2020-11-16,False,0,1.4940711462450587,3.5652173913043477,0.7046875000000001,0.0
DOGEUSDT,D,H,2020-11-10,False,0,2.8036649214659675,1.3835078534031424,0.33041575492341385,0.0
DOGEUSDT,D,H,2020-11-16,True,1,1.4940711462450587,3.5652173913043477,0.7046875000000001,0.0
DOGEUSDT,D,H,2020-11-21,True,0,5.385633270321362,1.4423440453686194,0.21124031007751928,0.0
DOGEUSDT,D,H,2020-12-17,True,0,4.877677296525463,3.911470728224653,0.44503411675511745,0.0
DOGEUSDT,D,L,2020-12-05,False,0,0.4814436499829756,1.084439904664624,0.6925418569254187,1.0
DOGEUSDT,D,L,2020-12-08,True,0,0.8321678321678324,0.7128496503496506,0.46138613861386146,1.0
DOGEUSDT,D,H,2020-12-17,True,0,4.877677296525463,3.911470728224653,0.44503411675511745,0.0
DOGEUSDT,D,L,2021-01-11,False,0,2.562012142237641,2.2152298352124893,0.4637047580317203,1.0
DOGEUSDT,D,L,2021-01-27,True,0,1.8285237698081742,0.8827356130108421,0.325581395348837,1.0
DOGEUSDT,D,H,2021-02-07,True,0,4.527961405448374,0.6824401185978408,0.13097649297244213,
DOGEUSDT,D,L,2021-02-22,False,0,0.8924668688391576,3.7398534920790203,0.8073391304347827,1.0
DOGEUSDT,D,H,2021-04-01,False,0,4.2315080033698385,8.646672283066552,0.67142034749843,0.0
DOGEUSDT,D,H,2021-03-08,True,0,2.4535171916542735,0.2616601324861442,0.09636944525123481,0.0
DOGEUSDT,D,H,2021-03-14,False,0,0.8510033794897867,1.374794389448815,0.617663656884876,1.0
DOGEUSDT,D,L,2021-03-23,True,0,1.7499400541225638,1.4173603261055734,0.4474979180861534,1.0
DOGEUSDT,D,H,2021-04-01,False,0,4.2315080033698385,8.646672283066552,0.67142034749843,0.0
DOGEUSDT,D,L,2021-03-22,True,0,1.2300512030449946,0.17106952437053574,0.12209477814669546,0.0
DOGEUSDT,D,H,2021-04-01,True,0,4.2315080033698385,8.646672283066552,0.67142034749843,0.0
DOGEUSDT,D,L,2022-06-18,False,1,4.996078431372549,0.8392156862745098,0.14381720430107528,
DOGEUSDT,D,H,2021-03-30,False,0,1.4711044720380915,2.1674446830361314,0.5956892680736418,0.0
DOGEUSDT,D,L,2022-06-14,False,0,5.283941039565553,1.0745280579260412,0.16899163013152657,0.0
DOGEUSDT,D,H,2021-04-11,True,0,3.7376896149358227,2.5488091152446968,0.4054417609293793,0.0
DOGEUSDT,D,L,2022-06-13,True,0,6.130640309411259,0.5324452084228614,0.0799097065462753,0.0
DOGEUSDT,D,H,2021-04-11,True,0,3.7376896149358227,2.5488091152446968,0.4054417609293793,0.0
DOGEUSDT,D,H,2021-05-03,True,0,4.143243003896564,0.2630475853111348,0.059698192841710365,0.0
DOGEUSDT,D,L,2021-07-20,False,0,1.8389875330562895,6.096637703060066,0.7682617968541723,1.0
DOGEUSDT,D,H,2021-05-01,True,0,2.9147126278777002,0.5921243976906048,0.1688485644965629,0.0
DOGEUSDT,D,L,2021-05-19,True,0,1.903330081395518,1.2266843339109164,0.3919101228135467,
DOGEUSDT,D,L,2021-05-19,True,0,1.903330081395518,1.2266843339109164,0.3919101228135467,
DOGEUSDT,D,L,2021-06-21,True,0,6.099967241755843,0.663081458833807,0.0980447558770344,0.0
DOGEUSDT,D,L,2021-06-21,True,0,6.099967241755843,0.663081458833807,0.0980447558770344,0.0
DOGEUSDT,D,H,2021-06-01,False,0,1.1980145165066731,2.8904706157808473,0.7069783849656853,1.0
DOGEUSDT,D,L,2021-06-20,False,0,2.362998684787374,1.3625602805786952,0.36573311367380584,0.0
DOGEUSDT,D,H,2024-11-23,False,1,1.7462087237301465,3.0992838317073517,0.6396220397097522,1.0
DOGEUSDT,D,L,2021-06-07,True,0,2.3881138475151156,1.0783365285356143,0.3110780226325194,0.0
DOGEUSDT,D,L,2021-06-18,True,0,1.60906733756065,0.5064051549303006,0.23938158341828064,0.0
DOGEUSDT,D,L,2021-06-18,True,0,1.60906733756065,0.5064051549303006,0.23938158341828064,0.0
DOGEUSDT,D,H,2021-08-15,True,0,5.824433519805617,4.218116064869752,0.42002442002442,
DOGEUSDT,D,L,2021-07-20,False,1,1.8389875330562895,6.096637703060066,0.7682617968541723,1.0
DOGEUSDT,D,H,2021-08-12,False,0,3.4141192597669643,3.535503769705277,0.5087331722471522,0.0
DOGEUSDT,D,H,2021-08-08,False,0,2.8151033862750965,2.956547797422836,0.5122533748701975,0.0
DOGEUSDT,D,L,2021-07-05,True,0,1.1791935726084997,1.7907343444961707,0.6029554906645429,0.0
DOGEUSDT,D,H,2021-08-07,True,0,5.145893410231764,2.0537220976182846,0.2852544132917964,0.0
DOGEUSDT,D,L,2021-07-14,False,0,3.0253523314050548,1.8936988003261244,0.38497237569060766,0.0
DOGEUSDT,D,H,2021-07-21,False,0,6.952209660842752,3.230215827338127,0.3172344183699217,0.0
DOGEUSDT,D,L,2021-07-20,False,0,1.8389875330562895,6.096637703060066,0.7682617968541723,1.0
DOGEUSDT,D,L,2021-12-04,False,0,2.7346342234160206,6.805340496128929,0.7133499507274941,
DOGEUSDT,D,H,2021-07-26,False,0,2.340188323917137,2.6122787193973616,0.5274701873935262,0.0
DOGEUSDT,D,H,2021-08-07,True,0,5.145893410231764,2.0537220976182846,0.2852544132917964,0.0
DOGEUSDT,D,L,2021-08-03,False,0,1.2754536290322576,2.174563172043012,0.6303050963013467,1.0
DOGEUSDT,D,H,2021-08-07,True,0,5.145893410231764,2.0537220976182846,0.2852544132917964,0.0
DOGEUSDT,D,L,2021-11-26,False,1,2.084993471760098,2.511308596217832,0.5463758819756253,0.0
DOGEUSDT,D,H,2021-08-12,False,0,3.4141192597669643,3.535503769705277,0.5087331722471522,0.0
DOGEUSDT,D,H,2024-11-12,True,0,8.43053025703299,2.365917830398706,0.21913853623331045,0.0
DOGEUSDT,D,L,2021-08-24,False,0,1.4602861597725405,3.073053288085847,0.6778784874663644,
DOGEUSDT,D,H,2021-10-28,False,0,4.6089941640920005,2.2815591548856213,0.3311140701287172,1.0
DOGEUSDT,D,L,2021-09-07,True,0,3.515267297099374,2.7797624733339683,0.4415805126752582,
DOGEUSDT,D,H,2021-09-02,False,0,1.1149301143583246,1.7553367217280818,0.6115587232723889,1.0
DOGEUSDT,D,L,2021-09-07,True,0,3.515267297099374,2.7797624733339683,0.4415805126752582,
DOGEUSDT,D,H,2021-09-05,True,0,2.0610207221658436,0.8969129538088862,0.3032228075612026,1.0
DOGEUSDT,D,H,2021-10-28,False,0,4.6089941640920005,2.2815591548856213,0.3311140701287172,1.0
DOGEUSDT,D,L,2021-09-20,False,0,2.206850111719875,0.6646261210247619,0.23145799134457534,1.0
DOGEUSDT,D,L,2021-09-20,True,0,2.206850111719875,0.6646261210247619,0.23145799134457534,1.0
DOGEUSDT,D,L,2021-09-19,False,0,1.1279087089950246,0.21064863093287248,0.15736989716422556,0.0
DOGEUSDT,D,H,2021-10-05,False,0,3.418493965663779,4.103858575556687,0.5455552040493512,0.0
DOGEUSDT,D,L,2021-09-24,False,0,2.8517898429402866,0.8879056047197648,0.2374272496642293,1.0
DOGEUSDT,D,L,2021-11-26,False,1,2.084993471760098,2.511308596217832,0.5463758819756253,0.0
DOGEUSDT,D,L,2021-11-26,False,1,2.084993471760098,2.511308596217832,0.5463758819756253,0.0
DOGEUSDT,D,L,2021-10-27,False,0,2.261753584932583,2.173860312477706,0.49009232154920057,1.0
DOGEUSDT,D,H,2021-10-18,False,0,1.605493043822122,3.697163604989755,0.6972285497342446,1.0
DOGEUSDT,D,L,2021-10-27,False,0,2.261753584932583,2.173860312477706,0.49009232154920057,1.0
DOGEUSDT,D,H,2021-10-24,True,0,2.2983235305885654,2.516224542872005,0.522629435718441,1.0
DOGEUSDT,D,L,2021-10-27,False,0,2.261753584932583,2.173860312477706,0.49009232154920057,1.0
DOGEUSDT,D,H,2021-10-28,True,0,4.6089941640920005,2.2815591548856213,0.3311140701287172,1.0
DOGEUSDT,D,L,2021-11-26,True,0,2.084993471760098,2.511308596217832,0.5463758819756253,0.0
DOGEUSDT,D,H,2024-11-11,True,0,8.692528650537474,3.94515680061595,0.3121739986221829,0.0
DOGEUSDT,D,L,2021-11-06,False,0,2.434447357405653,1.60600118966315,0.3974809160305345,0.0
DOGEUSDT,D,L,2021-11-10,False,0,1.3470373746581596,1.4459434822242478,0.5177061914553345,0.0
DOGEUSDT,D,H,2024-11-10,False,0,7.129440006001276,3.3113536626533135,0.3171553588492682,0.0
DOGEUSDT,D,L,2021-11-16,False,0,1.8914646996838782,1.404109589041096,0.4260591526778577,0.0
DOGEUSDT,D,H,2024-11-10,True,0,7.129440006001276,3.3113536626533135,0.3171553588492682,0.0
DOGEUSDT,D,L,2021-11-23,False,0,2.408880177905093,0.8917869661904939,0.2701838529176658,0.0
DOGEUSDT,D,H,2024-11-10,True,0,7.129440006001276,3.3113536626533135,0.3171553588492682,0.0
DOGEUSDT,D,L,2021-12-04,True,0,2.7346342234160206,6.805340496128929,0.7133499507274941,
DOGEUSDT,D,H,2024-03-28,False,0,4.602597752204052,0.803688000538394,0.14865806901359352,1.0
DOGEUSDT,D,L,2022-01-22,False,0,5.011763676914331,4.777889535137972,0.4880550343964978,
DOGEUSDT,D,H,2021-12-14,True,0,3.3301641861995823,1.8870077156543679,0.3616916887449711,1.0
DOGEUSDT,D,L,2022-01-05,False,0,1.7527606482145404,3.329843682776426,0.6551451708473242,1.0
DOGEUSDT,D,H,2024-03-28,True,0,4.602597752204052,0.803688000538394,0.14865806901359352,1.0
DOGEUSDT,D,L,2021-12-20,False,0,3.144247598719317,0.9520597652081111,0.23241902538663556,0.0
DOGEUSDT,D,L,2022-01-05,True,0,1.7527606482145404,3.329843682776426,0.6551451708473242,1.0
DOGEUSDT,D,H,2022-01-14,False,0,4.006656983781168,3.09840232389252,0.43608394943954204,1.0
DOGEUSDT,D,L,2022-01-05,True,0,1.7527606482145404,3.329843682776426,0.6551451708473242,1.0
DOGEUSDT,D,H,2022-01-13,False,0,3.138883668483368,2.176783812566562,0.409503382280152,0.0
DOGEUSDT,D,L,2022-01-08,False,0,2.497435537132017,2.482681093234032,0.4985186648232272,1.0
DOGEUSDT,D,L,2022-01-22,True,0,5.011763676914331,4.777889535137972,0.4880550343964978,
DOGEUSDT,D,H,2024-03-28,True,0,4.602597752204052,0.803688000538394,0.14865806901359352,1.0
DOGEUSDT,D,L,2022-02-24,False,0,3.5693722209661605,7.2632451578868,0.6704977111132755,1.0
DOGEUSDT,D,H,2022-02-06,True,0,2.1270414572864325,6.711997487437185,0.7593582887700535,1.0
DOGEUSDT,D,L,2022-02-20,False,0,1.9377859103385182,1.5617566331198525,0.44627450980392136,0.0
DOGEUSDT,D,H,2022-04-05,False,0,3.735170603674541,3.889501312335957,0.5101204819277108,1.0
DOGEUSDT,D,L,2022-02-17,True,0,1.8583901773533427,0.35525238744884047,0.16048317515099228,0.0
DOGEUSDT,D,H,2022-04-05,True,0,3.735170603674541,3.889501312335957,0.5101204819277108,1.0
DOGEUSDT,D,L,2022-05-09,True,0,2.651693667157585,3.430044182621503,0.5639907979174233,0.0
DOGEUSDT,D,H,2022-03-24,False,0,4.3299300217964865,3.3791442009865778,0.4383333333333335,0.0
DOGEUSDT,D,L,2022-03-13,True,0,1.7138855168549816,0.6654216079932764,0.2796703296703296,1.0
DOGEUSDT,D,H,2022-03-19,False,0,2.2427422175585847,2.5136994287046766,0.5284831846259441,0.0
DOGEUSDT,D,L,2022-05-09,True,0,2.651693667157585,3.430044182621503,0.5639907979174233,0.0
DOGEUSDT,D,H,2022-03-19,True,0,2.2427422175585847,2.5136994287046766,0.5284831846259441,0.0
DOGEUSDT,D,H,2022-03-22,False,0,2.140116561437589,2.8132588635259848,0.5679478380233359,0.0
DOGEUSDT,D,H,2022-03-27,True,0,4.56220854318224,1.7052788658832283,0.2720833333333332,0.0
DOGEUSDT,D,H,2022-04-04,False,0,1.6437246963562746,0.9188152567653953,0.3585564610011643,0.0
DOGEUSDT,D,L,2022-04-18,False,1,0.6955933614276056,2.2113313563290156,0.7607116011024805,1.0
DOGEUSDT,D,H,2024-03-04,True,0,7.720769230769234,2.5246153846153843,0.24641489601321412,0.0
DOGEUSDT,D,L,2022-04-11,True,0,3.2550143266475637,0.1475644699140406,0.04336842105263172,0.0
DOGEUSDT,D,H,2022-04-25,True,0,5.9890265486725704,2.6500884955752224,0.3067546249820736,1.0
DOGEUSDT,D,L,2022-04-18,False,1,0.6955933614276056,2.2113313563290156,0.7607116011024805,1.0
DOGEUSDT,D,H,2022-04-25,True,0,5.9890265486725704,2.6500884955752224,0.3067546249820736,1.0
DOGEUSDT,D,L,2022-04-24,False,0,1.7047928513403756,2.495207148659627,0.5940969401570536,1.0
DOGEUSDT,D,H,2022-04-25,True,0,5.9890265486725704,2.6500884955752224,0.3067546249820736,1.0
DOGEUSDT,D,H,2024-03-04,True,0,7.720769230769234,2.5246153846153843,0.24641489601321412,0.0
DOGEUSDT,D,L,2022-05-08,False,0,1.0162311744984314,1.0639135756479159,0.5114613180515754,0.0
DOGEUSDT,D,L,2022-05-06,False,1,3.3661753297129557,0.4251357641582634,0.11213423368119528,0.0
DOGEUSDT,D,H,2022-10-29,False,0,13.791108404384893,10.525578562728375,0.43285413744740525,
DOGEUSDT,D,L,2022-06-11,False,0,3.4512276045122734,3.4280026542800246,0.4983119513841999,0.0
DOGEUSDT,D,L,2022-05-24,False,0,4.853680430879714,1.3662477558348294,0.21965651609178807,0.0
DOGEUSDT,D,H,2022-05-27,False,0,2.0334848652844,8.72225302139927,0.8109395295136383,1.0
DOGEUSDT,D,L,2022-06-10,False,0,1.907705703090989,1.4079233783195446,0.4246323529411759,0.0
DOGEUSDT,D,H,2022-10-29,True,1,13.791108404384893,10.525578562728375,0.43285413744740525,
DOGEUSDT,D,H,2022-08-16,False,1,4.348321527563907,0.7437634739759768,0.1460626587637593,1.0
DOGEUSDT,D,L,2022-06-07,False,0,1.7313955053155674,1.0211277082492274,0.37097878165640036,0.0
DOGEUSDT,D,L,2022-06-07,False,1,1.7313955053155674,1.0211277082492274,0.37097878165640036,0.0
DOGEUSDT,D,H,2022-08-16,True,0,4.348321527563907,0.7437634739759768,0.1460626587637593,1.0
DOGEUSDT,D,L,2022-06-10,True,0,1.907705703090989,1.4079233783195446,0.4246323529411759,0.0
DOGEUSDT,D,L,2022-06-18,False,1,4.996078431372549,0.8392156862745098,0.14381720430107528,
DOGEUSDT,D,H,2022-06-26,True,0,3.0622998810721804,1.5112981428963506,0.3304396527583311,
DOGEUSDT,D,H,2022-08-14,True,0,3.871630295250321,0.7933247753530194,0.17006053935057833,0.0
DOGEUSDT,D,L,2022-07-11,True,0,2.4764890282131686,2.65203761755486,0.5171149144254278,1.0
DOGEUSDT,D,H,2022-07-20,False,0,3.3006451612903223,2.2399999999999975,0.40428504890544925,0.0
DOGEUSDT,D,L,2022-09-07,False,0,3.0656728444802575,3.364625302175666,0.5232456140350878,
DOGEUSDT,D,H,2022-08-14,True,0,3.871630295250321,0.7933247753530194,0.17006053935057833,0.0
DOGEUSDT,D,L,2022-09-01,False,0,0.4873197414221791,1.1672468092159787,0.7054698457222996,1.0
DOGEUSDT,D,H,2022-08-11,False,0,1.342942345924451,1.4287607687210104,0.5154811715481181,0.0
DOGEUSDT,D,L,2022-08-26,True,1,4.1921267072190975,0.5559508779983938,0.11708967851099843,0.0
DOGEUSDT,D,L,2022-08-22,False,0,3.139951266023944,0.49687466892679183,0.13662316476345807,0.0
DOGEUSDT,D,H,2022-08-14,True,0,3.871630295250321,0.7933247753530194,0.17006053935057833,0.0
DOGEUSDT,D,H,2022-10-29,True,1,13.791108404384893,10.525578562728375,0.43285413744740525,
DOGEUSDT,D,L,2022-08-22,False,1,3.139951266023944,0.49687466892679183,0.13662316476345807,0.0
DOGEUSDT,D,L,2022-08-26,True,1,4.1921267072190975,0.5559508779983938,0.11708967851099843,0.0
DOGEUSDT,D,H,2022-10-26,True,0,6.235092724679029,6.762339514978598,0.5202827289489858,0.0
DOGEUSDT,D,H,2022-09-06,False,1,0.47745120035898614,4.070899708323985,0.8950276243093921,1.0
DOGEUSDT,D,L,2022-09-06,True,0,4.070899708323985,0.47745120035898614,0.10497237569060777,0.0
DOGEUSDT,D,H,2022-09-06,False,1,0.47745120035898614,4.070899708323985,0.8950276243093921,1.0
DOGEUSDT,D,H,2022-09-10,False,0,2.249781659388645,2.1855895196506556,0.4927636113025502,1.0
DOGEUSDT,D,L,2022-09-18,False,0,2.5215469613259662,2.5958011049723764,0.5072551390568321,1.0
DOGEUSDT,D,H,2022-09-24,False,0,2.092813141683779,2.521149897330596,0.546417445482866,1.0
DOGEUSDT,D,H,2022-09-23,True,0,2.2364594309799775,0.6520547945205489,0.22574055158324857,0.0
DOGEUSDT,D,L,2022-10-13,False,0,2.477785870356882,3.5926195678562767,0.591825307950728,1.0
DOGEUSDT,D,H,2022-10-26,True,0,6.235092724679029,6.762339514978598,0.5202827289489858,0.0
DOGEUSDT,D,L,2022-10-11,False,1,2.230088495575221,1.4900741449414026,0.40054005400540066,0.0
DOGEUSDT,D,H,2022-10-04,True,0,2.134421301266909,0.7425381146660942,0.25809822361546514,1.0
DOGEUSDT,D,L,2022-10-11,False,1,2.230088495575221,1.4900741449414026,0.40054005400540066,0.0
DOGEUSDT,D,H,2022-10-26,True,0,6.235092724679029,6.762339514978598,0.5202827289489858,0.0
DOGEUSDT,D,L,2023-06-10,False,0,3.920806335493163,4.2567794576433915,0.5205423171733772,1.0
DOGEUSDT,D,H,2022-10-18,False,0,1.5990521327014207,2.368720379146919,0.596989966555184,0.0
DOGEUSDT,D,H,2022-10-25,True,0,2.5126050420168085,1.6302521008403335,0.39350912778904606,0.0
DOGEUSDT,D,L,2023-06-10,False,0,3.920806335493163,4.2567794576433915,0.5205423171733772,1.0
DOGEUSDT,D,H,2022-11-01,False,0,6.572722753134838,2.249682373087334,0.25499649368863964,
DOGEUSDT,D,H,2024-03-04,True,0,7.720769230769234,2.5246153846153843,0.24641489601321412,0.0
DOGEUSDT,D,L,2022-12-19,False,1,5.903175429463819,2.0828735033836545,0.26081401715641545,
DOGEUSDT,D,H,2022-11-26,False,0,2.341066186914117,9.282075561026417,0.7985857664233577,1.0
DOGEUSDT,D,L,2022-11-20,True,0,1.3924587844822898,0.515697263180804,0.270259481037924,1.0
DOGEUSDT,D,L,2022-12-19,False,1,5.903175429463819,2.0828735033836545,0.26081401715641545,
DOGEUSDT,D,H,2022-11-30,False,0,4.479142265068925,6.58059284620236,0.5950045620437956,1.0
DOGEUSDT,D,H,2022-12-05,False,0,0.6047963206307491,6.605617608409984,0.9161218306490193,1.0
DOGEUSDT,D,L,2022-12-07,True,0,1.7781634585042607,2.705900915115178,0.6034482758620688,0.0
DOGEUSDT,D,H,2024-02-28,True,0,6.832928397884807,8.587680434471915,0.5568963280134942,0.0
DOGEUSDT,D,L,2022-12-11,False,0,2.2997601918465236,2.568345323741007,0.5275862068965517,0.0
DOGEUSDT,D,L,2022-12-16,True,0,5.262008733624455,0.6477438136826777,0.10960591133004915,0.0
DOGEUSDT,D,L,2022-12-19,True,0,5.903175429463819,2.0828735033836545,0.26081401715641545,
DOGEUSDT,D,L,2022-12-28,False,0,1.752526710944268,2.6944845509673705,0.605909090909091,1.0
DOGEUSDT,D,H,2023-01-09,False,0,1.819658813972382,10.275385865150287,0.849553361542078,
DOGEUSDT,D,L,2023-03-09,False,0,4.657655918130912,2.4031666344854226,0.34035222052067393,1.0
DOGEUSDT,D,H,2023-01-05,False,0,1.6578581363004201,2.0945757997218357,0.5581912527798364,0.0
DOGEUSDT,D,H,2023-01-09,True,0,1.819658813972382,10.275385865150287,0.849553361542078,
DOGEUSDT,D,L,2023-03-09,True,0,4.657655918130912,2.4031666344854226,0.34035222052067393,1.0
DOGEUSDT,D,H,2023-01-12,True,0,2.8914757791963943,8.290649643259483,0.7414198401504467,
DOGEUSDT,D,H,2023-01-22,False,0,1.8929758221611086,3.7731179099346868,0.6659116647791621,1.0
DOGEUSDT,D,H,2023-01-22,False,0,1.8929758221611086,3.7731179099346868,0.6659116647791621,1.0
DOGEUSDT,D,L,2023-03-03,False,0,1.5963136971449214,1.9125406577520776,0.5450612833453498,0.0
DOGEUSDT,D,H,2023-01-28,False,0,0.9366462299666569,3.6231042271700566,0.7945838837516511,1.0
DOGEUSDT,D,L,2023-02-09,True,0,3.0756563245823396,0.8286396181384239,0.21223791185280252,0.0
DOGEUSDT,D,H,2023-01-31,True,0,2.286000891662954,2.438921087828801,0.5161822985468953,1.0
DOGEUSDT,D,L,2023-02-09,True,0,3.0756563245823396,0.8286396181384239,0.21223791185280252,0.0
DOGEUSDT,D,H,2023-02-04,False,0,1.7410898060881823,2.4357057740223156,0.5831517792302104,1.0
DOGEUSDT,D,H,2023-04-03,False,0,4.7889655172413805,3.0587586206896544,0.3897637795275589,1.0
DOGEUSDT,D,L,2023-02-09,True,0,3.0756563245823396,0.8286396181384239,0.21223791185280252,0.0
DOGEUSDT,D,H,2023-04-03,True,0,4.7889655172413805,3.0587586206896544,0.3897637795275589,1.0
DOGEUSDT,D,L,2023-02-25,False,0,1.9985795454545427,0.8411931818181811,0.2962184873949581,0.0
DOGEUSDT,D,L,2023-02-24,False,1,2.021926618915363,0.4645519660868282,0.18683127572016422,0.0
DOGEUSDT,D,H,2023-04-03,True,0,4.7889655172413805,3.0587586206896544,0.3897637795275589,1.0
DOGEUSDT,D,H,2023-04-03,True,0,4.7889655172413805,3.0587586206896544,0.3897637795275589,1.0
DOGEUSDT,D,L,2023-03-03,True,0,1.5963136971449214,1.9125406577520776,0.5450612833453498,0.0
DOGEUSDT,D,H,2023-04-01,False,0,2.231217326362957,1.8673637042569067,0.4556122448979591,0.0
DOGEUSDT,D,L,2023-03-08,True,0,3.0561594202898528,0.46159420289855124,0.13121845710165847,0.0
DOGEUSDT,D,L,2023-06-10,True,1,3.920806335493163,4.2567794576433915,0.5205423171733772,1.0
DOGEUSDT,D,H,2023-03-18,False,0,1.1012552301255238,1.9896792189679195,0.6437144662034109,0.0
DOGEUSDT,D,L,2023-06-05,True,0,3.6966563254050353,1.8869355394691516,0.33794295592048423,0.0
DOGEUSDT,D,H,2023-03-23,False,0,1.1663932505273007,0.95148816498711,0.4492641363284279,0.0
DOGEUSDT,D,L,2023-05-08,False,0,2.8858818222823617,1.5913396481732078,0.35543018335684085,0.0
DOGEUSDT,D,H,2023-04-01,True,0,2.231217326362957,1.8673637042569067,0.4556122448979591,0.0
DOGEUSDT,D,L,2023-05-08,False,0,2.8858818222823617,1.5913396481732078,0.35543018335684085,0.0
DOGEUSDT,D,H,2023-12-06,False,0,4.722430863776035,4.015022191874361,0.45951859956236324,1.0
DOGEUSDT,D,L,2023-04-26,False,0,2.9033846153846157,1.2699076923076924,0.30429397192402974,0.0
DOGEUSDT,D,L,2023-04-12,False,0,2.928139691067831,1.0624580255204836,0.26624032312352747,0.0
DOGEUSDT,D,L,2023-04-21,True,0,3.0951390694047327,0.5185859110995565,0.14350453172205394,0.0
DOGEUSDT,D,H,2023-12-05,False,0,4.606529209621994,2.6075601374570456,0.3614538179393132,0.0
DOGEUSDT,D,L,2023-04-26,False,1,2.9033846153846157,1.2699076923076924,0.30429397192402974,0.0
DOGEUSDT,D,H,2023-07-25,False,0,2.5826024442846864,2.7275341480948976,0.5136467020470056,1.0
DOGEUSDT,D,L,2023-05-08,True,0,2.8858818222823617,1.5913396481732078,0.35543018335684085,0.0
DOGEUSDT,D,H,2023-07-25,False,0,2.5826024442846864,2.7275341480948976,0.5136467020470056,1.0
DOGEUSDT,D,H,2023-07-25,True,1,2.5826024442846864,2.7275341480948976,0.5136467020470056,1.0
DOGEUSDT,D,L,2023-05-11,False,0,3.0896106887813835,1.483529140750981,0.32440056417489477,0.0
DOGEUSDT,D,L,2023-05-25,False,0,1.2521294718909715,1.4111300397501416,0.5298507462686566,1.0
DOGEUSDT,D,L,2023-05-22,False,0,0.9023232575568321,1.4164376717461897,0.6108597285067873,0.0
DOGEUSDT,D,H,2023-07-21,False,1,1.6212395795578087,2.1058354476259513,0.5650102110279104,0.0
DOGEUSDT,D,H,2023-05-29,False,0,2.001186239620405,0.9756820877817338,0.3277545327754535,1.0
DOGEUSDT,D,L,2023-06-05,True,0,3.6966563254050353,1.8869355394691516,0.33794295592048423,0.0
DOGEUSDT,D,H,2023-07-15,False,0,2.6013316687473966,1.0253849354972977,0.2827309236947798,0.0
DOGEUSDT,D,L,2023-06-05,True,0,3.6966563254050353,1.8869355394691516,0.33794295592048423,0.0
DOGEUSDT,D,H,2023-07-15,False,0,2.6013316687473966,1.0253849354972977,0.2827309236947798,0.0
DOGEUSDT,D,L,2023-06-10,True,1,3.920806335493163,4.2567794576433915,0.5205423171733772,1.0
DOGEUSDT,D,H,2023-07-14,False,1,1.6220238095238089,1.4583333333333341,0.47342995169082147,0.0
DOGEUSDT,D,H,2023-06-17,False,0,0.9250803858520906,2.2575562700964626,0.7093352192362091,0.0
DOGEUSDT,D,L,2023-08-17,False,0,5.162676213918102,2.6314611769970897,0.33762057877813495,
DOGEUSDT,D,H,2023-06-21,True,0,2.0187919463087236,1.7771812080536908,0.46817538896746824,0.0
DOGEUSDT,D,L,2023-06-28,False,0,2.600682593856655,1.5290102389078486,0.3702479338842974,1.0
DOGEUSDT,D,H,2023-07-01,False,0,2.636596836254811,1.0983326207781081,0.2940705128205123,0.0
DOGEUSDT,D,L,2023-08-17,False,0,5.162676213918102,2.6314611769970897,0.33762057877813495,
DOGEUSDT,D,H,2023-07-04,False,0,2.517808219178081,0.9013698630136988,0.263621794871795,0.0
DOGEUSDT,D,H,2023-07-14,False,1,1.6220238095238089,1.4583333333333341,0.47342995169082147,0.0
DOGEUSDT,D,L,2023-07-10,False,0,2.0021408691928944,1.6514664953971296,0.452009844134536,1.0
DOGEUSDT,D,H,2023-07-13,True,0,2.5013243438478203,0.4921743318083325,0.16441441441441476,0.0
DOGEUSDT,D,L,2023-08-17,True,0,5.162676213918102,2.6314611769970897,0.33762057877813495,
DOGEUSDT,D,H,2023-07-21,False,1,1.6212395795578087,2.1058354476259513,0.5650102110279104,0.0
DOGEUSDT,D,L,2023-08-16,False,0,3.2774750227066294,1.3192552225249774,0.28699861687413564,0.0
DOGEUSDT,D,H,2023-07-24,False,0,1.1204334365325064,1.5842105263157886,0.5857371794871796,0.0
DOGEUSDT,D,L,2023-08-15,False,0,2.246116504854371,1.3796116504854352,0.3805060918462975,0.0
DOGEUSDT,D,H,2023-11-17,True,0,3.2458050467529143,1.6013833738952232,0.3303736588975214,0.0
DOGEUSDT,D,L,2023-08-01,False,0,0.9237770193401604,1.8137087599544925,0.6625454545454541,0.0
DOGEUSDT,D,H,2023-11-16,False,1,2.082799145299147,0.8189102564102554,0.2822164948453604,0.0
DOGEUSDT,D,L,2023-08-07,False,0,0.7719082088402895,0.9745880178653928,0.5580246913580246,1.0
DOGEUSDT,D,H,2023-08-12,False,0,1.5932780259519275,1.81067857902574,0.5319335083114608,1.0
DOGEUSDT,D,L,2023-08-15,True,0,2.246116504854371,1.3796116504854352,0.3805060918462975,0.0
DOGEUSDT,D,H,2023-11-09,False,0,3.969172151021825,2.2234153100103913,0.3590446358653091,0.0
DOGEUSDT,D,H,2023-08-23,False,0,2.2780987884436144,3.5828518173345776,0.6113089937666967,
DOGEUSDT,D,L,2023-09-10,False,0,1.5341838403663706,2.8668629375204437,0.6514047866805412,
DOGEUSDT,D,H,2023-08-29,True,0,1.2939805825242716,3.017475728155339,0.699873896595208,1.0
DOGEUSDT,D,L,2023-09-10,True,1,1.5341838403663706,2.8668629375204437,0.6514047866805412,
DOGEUSDT,D,L,2023-09-10,True,1,1.5341838403663706,2.8668629375204437,0.6514047866805412,
DOGEUSDT,D,H,2023-10-24,False,0,4.509938313913639,5.205620287868399,0.5358024691358022,0.0
DOGEUSDT,D,L,2023-09-04,False,1,2.026961445133459,0.5322189269344817,0.2079646017699109,0.0
DOGEUSDT,D,L,2023-09-10,True,1,1.5341838403663706,2.8668629375204437,0.6514047866805412,
DOGEUSDT,D,H,2023-10-23,True,0,5.291989664082685,0.594315245478035,0.10096575943810347,0.0
DOGEUSDT,D,L,2023-09-26,False,0,1.8439651216154225,3.591555759522715,0.6607565011820328,1.0
DOGEUSDT,D,H,2023-09-19,False,0,0.9785240140570082,1.0769230769230758,0.5239361702127658,1.0
DOGEUSDT,D,L,2023-09-22,False,0,1.653584905660377,1.2573584905660373,0.4319419237749546,0.0
DOGEUSDT,D,H,2023-10-01,False,0,2.798676748582233,0.9527410207939485,0.25396825396825334,1.0
DOGEUSDT,D,L,2023-10-09,True,0,2.015617374328941,2.5212298682284024,0.555722891566265,1.0
DOGEUSDT,D,H,2023-10-23,True,0,5.291989664082685,0.594315245478035,0.10096575943810347,0.0
DOGEUSDT,D,L,2023-10-09,True,0,2.015617374328941,2.5212298682284024,0.555722891566265,1.0
DOGEUSDT,D,H,2023-10-16,False,0,1.8829019940602492,2.5125159100551526,0.5716216216216211,0.0
DOGEUSDT,D,H,2023-10-23,True,0,5.291989664082685,0.594315245478035,0.10096575943810347,0.0
DOGEUSDT,D,H,2023-11-06,True,0,2.548843401564318,0.2399733732734239,0.08604845446950742,0.0
DOGEUSDT,D,L,2023-11-09,False,0,2.2234153100103913,3.969172151021825,0.6409553641346909,1.0
DOGEUSDT,D,H,2023-11-05,True,0,1.3272604588394064,0.973009446693657,0.42299794661190954,0.0
DOGEUSDT,D,H,2023-11-16,False,1,2.082799145299147,0.8189102564102554,0.2822164948453604,0.0
DOGEUSDT,D,L,2026-07-23,False,0,2.9001002338790487,2.348145673237552,0.44741532976827086,1.0
DOGEUSDT,D,H,2023-12-04,True,0,4.183247008394356,0.8526522593320264,0.1693147964250253,0.0
DOGEUSDT,D,L,2026-06-30,False,0,3.7218813905930466,1.0564417177914147,0.22109047333732837,0.0
DOGEUSDT,D,L,2024-01-03,False,0,2.90532637901059,2.5380116959064343,0.4662601626016261,
DOGEUSDT,D,H,2023-12-11,False,0,3.121208544789331,2.9196270506314157,0.48331509846827114,1.0
DOGEUSDT,D,H,2024-02-28,True,0,6.832928397884807,8.587680434471915,0.5568963280134942,0.0
DOGEUSDT,D,L,2023-12-18,False,0,0.8210140500916315,2.065974343310934,0.7156157426999574,0.0
DOGEUSDT,D,H,2024-02-27,False,0,3.625061184532552,2.26138032305433,0.38416763678696125,0.0
DOGEUSDT,D,L,2023-12-26,False,0,1.2058367768595062,2.9269111570247937,0.7082239720034992,0.0
DOGEUSDT,D,H,2024-02-27,False,0,3.625061184532552,2.26138032305433,0.38416763678696125,0.0
DOGEUSDT,D,H,2024-02-27,True,0,3.625061184532552,2.26138032305433,0.38416763678696125,0.0
DOGEUSDT,D,L,2024-01-03,True,0,2.90532637901059,2.5380116959064343,0.4662601626016261,
DOGEUSDT,D,H,2024-02-27,True,1,3.625061184532552,2.26138032305433,0.38416763678696125,0.0
DOGEUSDT,D,L,2024-01-03,True,0,2.90532637901059,2.5380116959064343,0.4662601626016261,
DOGEUSDT,D,H,2024-02-27,True,1,3.625061184532552,2.26138032305433,0.38416763678696125,0.0
DOGEUSDT,D,L,2026-06-24,False,1,2.5211267605633787,1.5746478873239458,0.38445667125171984,0.0
DOGEUSDT,D,L,2026-06-24,False,1,2.5211267605633787,1.5746478873239458,0.38445667125171984,0.0
DOGEUSDT,D,H,2024-01-20,False,0,2.7258753202391124,1.3430116709365196,0.3300685602350633,0.0
DOGEUSDT,D,L,2026-06-24,False,0,2.5211267605633787,1.5746478873239458,0.38445667125171984,0.0
DOGEUSDT,D,H,2024-02-19,False,0,2.37653357126924,1.5645772919919692,0.39698890649762264,1.0
DOGEUSDT,D,L,2026-06-24,False,0,2.5211267605633787,1.5746478873239458,0.38445667125171984,0.0
DOGEUSDT,D,H,2024-02-11,False,0,1.6675667566756673,3.9189918991899195,0.7015037593984963,0.0
DOGEUSDT,D,L,2026-06-24,True,1,2.5211267605633787,1.5746478873239458,0.38445667125171984,0.0
DOGEUSDT,D,L,2026-06-24,True,1,2.5211267605633787,1.5746478873239458,0.38445667125171984,0.0
DOGEUSDT,D,H,2024-02-14,True,0,2.6761521806371804,2.1565109805134535,0.4462365591397846,0.0
DOGEUSDT,D,L,2026-06-05,False,0,4.490774325816117,0.9206749724018309,0.17013463892288885,0.0
DOGEUSDT,D,H,2024-02-19,True,0,2.37653357126924,1.5645772919919692,0.39698890649762264,1.0
DOGEUSDT,D,L,2024-02-20,False,0,2.4465448435202664,1.9936988027725284,0.4490066225165567,1.0
DOGEUSDT,D,H,2024-02-27,True,0,3.625061184532552,2.26138032305433,0.38416763678696125,0.0
DOGEUSDT,D,L,2024-08-05,False,0,5.213663764233088,1.746483590087073,0.2509262377905018,
DOGEUSDT,D,H,2024-03-28,True,0,4.602597752204052,0.803688000538394,0.14865806901359352,1.0
DOGEUSDT,D,H,2024-03-14,False,0,0.9029929534238501,1.0205504677256991,0.5305575411007863,1.0
DOGEUSDT,D,L,2024-03-15,False,0,1.4700660361384577,2.7731791683800595,0.6535514764565045,1.0
DOGEUSDT,D,H,2024-03-28,True,0,4.602597752204052,0.803688000538394,0.14865806901359352,1.0
DOGEUSDT,D,L,2024-05-01,False,1,3.19564206470471,4.494917956553512,0.584472124803483,1.0
DOGEUSDT,D,H,2024-11-10,True,0,7.129440006001276,3.3113536626533135,0.3171553588492682,0.0
DOGEUSDT,D,L,2024-04-12,False,0,1.9025821143232091,2.784978192905939,0.5941210374639767,0.0
DOGEUSDT,D,H,2024-11-06,False,0,3.909170395515095,2.364655660134753,0.37690806840353497,0.0
DOGEUSDT,D,H,2024-11-06,False,0,3.909170395515095,2.364655660134753,0.37690806840353497,0.0
DOGEUSDT,D,L,2024-05-01,False,1,3.19564206470471,4.494917956553512,0.584472124803483,1.0
DOGEUSDT,D,L,2024-04-30,True,0,2.915071052104878,0.8677029821869362,0.22938271604938248,0.0
DOGEUSDT,D,H,2024-05-04,False,0,3.8400712621625317,4.19501164862272,0.5220869149952243,
DOGEUSDT,D,H,2024-05-04,False,1,3.8400712621625317,4.19501164862272,0.5220869149952243,
DOGEUSDT,D,L,2024-06-18,False,0,3.2897932392517233,4.634886773875948,0.5848673720829107,
DOGEUSDT,D,H,2024-05-21,True,0,2.1742352782643866,3.1533486053092568,0.5918909348441924,1.0
DOGEUSDT,D,L,2024-05-12,True,0,2.4319523099850975,1.7601192250372593,0.41986860441966967,1.0
DOGEUSDT,D,H,2024-05-16,False,0,1.1248264692272105,1.6698287829708465,0.5975079687047231,0.0
DOGEUSDT,D,L,2024-06-11,False,1,3.561504142766094,2.2931803696622053,0.3916829958632701,0.0
DOGEUSDT,D,H,2024-05-20,True,0,2.901825221238939,0.4384679203539829,0.13126629962329772,0.0
DOGEUSDT,D,L,2024-06-07,False,0,3.159386068476976,1.4722550177095648,0.3178689778230949,0.0
DOGEUSDT,D,H,2024-05-26,False,0,1.2854148966298502,2.976040781648257,0.698362486043915,1.0
DOGEUSDT,D,L,2024-06-07,True,0,3.159386068476976,1.4722550177095648,0.3178689778230949,0.0
DOGEUSDT,D,H,2024-10-29,True,0,4.2770870337477795,2.478685612788631,0.3668989088996975,0.0
DOGEUSDT,D,L,2024-06-07,True,0,3.159386068476976,1.4722550177095648,0.3178689778230949,0.0
DOGEUSDT,D,H,2024-10-29,True,0,4.2770870337477795,2.478685612788631,0.3668989088996975,0.0
DOGEUSDT,D,L,2024-06-11,False,1,3.561504142766094,2.2931803696622053,0.3916829958632701,0.0
DOGEUSDT,D,L,2024-06-14,False,0,1.897497020262217,1.771156138259834,0.48278102664067585,0.0
DOGEUSDT,D,H,2024-10-28,True,0,3.2640830449826974,0.4408304498269893,0.11898535564853555,0.0
DOGEUSDT,D,L,2024-06-17,True,0,2.6357288828337877,1.033549046321526,0.28167641325536064,0.0
DOGEUSDT,D,H,2024-07-21,True,0,3.034444133295997,1.3786987771865922,0.3124074622445951,1.0
DOGEUSDT,D,L,2024-07-04,True,1,3.674245074035213,3.7803427771948233,0.5071162688854827,1.0
DOGEUSDT,D,L,2024-07-04,True,1,3.674245074035213,3.7803427771948233,0.5071162688854827,1.0
DOGEUSDT,D,H,2024-07-20,True,0,2.287808127914726,0.5316455696202522,0.18856332703213566,0.0
DOGEUSDT,D,L,2024-07-03,True,0,1.5415653864851746,0.8286339329120076,0.3496051687006458,0.0
DOGEUSDT,D,H,2024-07-16,False,1,2.420707506471096,0.46988783433994713,0.16255745925616347,0.0
DOGEUSDT,D,L,2024-08-05,False,0,5.213663764233088,1.746483590087073,0.2509262377905018,
DOGEUSDT,D,L,2024-08-05,True,0,5.213663764233088,1.746483590087073,0.2509262377905018,
DOGEUSDT,D,L,2024-08-04,True,0,3.8644628099173546,0.5553719008264466,0.12565445026178018,0.0
DOGEUSDT,D,H,2024-07-20,True,1,2.287808127914726,0.5316455696202522,0.18856332703213566,0.0
DOGEUSDT,D,L,2024-08-01,False,0,2.2395934172313634,1.6093901258470473,0.41813380281690155,0.0
DOGEUSDT,D,H,2024-10-19,True,0,5.953889292761451,0.9857721466403543,0.14204902576995562,0.0
DOGEUSDT,D,L,2024-08-01,True,0,2.2395934172313634,1.6093901258470473,0.41813380281690155,0.0
DOGEUSDT,D,H,2024-10-18,False,0,5.255394099515629,1.0094671950682517,0.1611316113161132,0.0
DOGEUSDT,D,L,2026-02-06,False,1,1.4180177168644508,2.2253050309209432,0.610789980732177,1.0
DOGEUSDT,D,H,2024-08-11,False,0,0.7671381936887922,4.162132752992382,0.8443708609271523,1.0
DOGEUSDT,D,L,2024-09-04,False,1,0.9186032061637863,3.0550515720144156,0.768826619964974,1.0
DOGEUSDT,D,H,2024-08-23,True,0,2.5859183936156493,4.667267344574589,0.6434782608695654,1.0
DOGEUSDT,D,L,2024-08-15,False,0,1.1259578900379437,0.6926567963693181,0.3808705612829325,1.0
DOGEUSDT,D,L,2024-08-27,False,0,3.115710253998119,1.0084666039510823,0.2445255474452555,0.0
DOGEUSDT,D,L,2024-08-27,False,0,3.115710253998119,1.0084666039510823,0.2445255474452555,0.0
DOGEUSDT,D,H,2024-09-26,True,0,4.3769303498266625,4.555625590923414,0.510002469745616,0.0
DOGEUSDT,D,L,2024-09-01,True,0,1.520855332629356,0.28458289334741277,0.15762538382804497,0.0
DOGEUSDT,D,H,2024-09-09,True,0,2.5860315097382456,2.023322168465452,0.43896006028636037,0.0
DOGEUSDT,D,L,2024-09-04,False,1,0.9186032061637863,3.0550515720144156,0.768826619964974,1.0
DOGEUSDT,D,L,2025-10-10,False,0,5.288326163472817,7.713824794681264,0.5932729761027477,
DOGEUSDT,D,H,2024-09-13,True,0,3.347826086956522,1.5774125132555687,0.32027128862094967,0.0
DOGEUSDT,D,H,2024-09-21,True,0,2.573871733966746,1.2193190815518622,0.3214494447691411,0.0
DOGEUSDT,D,L,2025-10-10,False,0,5.288326163472817,7.713824794681264,0.5932729761027477,
DOGEUSDT,D,H,2024-09-24,False,0,2.4792569659442716,1.228792569659445,0.3313851548801875,0.0
DOGEUSDT,D,H,2024-10-18,True,0,5.255394099515629,1.0094671950682517,0.1611316113161132,0.0
DOGEUSDT,D,L,2025-10-10,False,1,5.288326163472817,7.713824794681264,0.5932729761027477,
DOGEUSDT,D,H,2024-10-14,True,0,2.119366354306113,2.430165104863903,0.5341572262272575,0.0
DOGEUSDT,D,L,2025-10-10,False,1,5.288326163472817,7.713824794681264,0.5932729761027477,
DOGEUSDT,D,H,2024-10-28,True,1,3.2640830449826974,0.4408304498269893,0.11898535564853555,0.0
DOGEUSDT,D,L,2025-10-10,False,1,5.288326163472817,7.713824794681264,0.5932729761027477,
DOGEUSDT,D,H,2024-11-06,True,0,3.909170395515095,2.364655660134753,0.37690806840353497,0.0
DOGEUSDT,D,L,2025-04-07,False,1,2.2197071955144847,1.5844668258747814,0.416507451280092,1.0
DOGEUSDT,D,H,2024-11-09,False,0,4.283290856960816,0.574227460974833,0.11821416274532312,0.0
DOGEUSDT,D,H,2024-11-23,False,1,1.7462087237301465,3.0992838317073517,0.6396220397097522,1.0
DOGEUSDT,D,L,2024-12-19,True,0,2.657873911896598,4.536797678712742,0.63057745187901,1.0
DOGEUSDT,D,H,2024-11-22,False,0,1.455683746666476,0.5378702528486478,0.26980470706059106,0.0
DOGEUSDT,D,H,2024-12-08,False,0,1.9083197728767787,3.0098327736038515,0.611984428127926,1.0
DOGEUSDT,D,L,2024-12-18,True,1,1.5301311387147642,0.4840210744914049,0.24031007751937977,0.0
DOGEUSDT,D,H,2024-12-05,False,0,0.9102462008096094,1.2500497710531553,0.5786474572626599,0.0
DOGEUSDT,D,L,2024-12-09,False,0,4.409552791272936,1.2235331802893614,0.2172047766475013,0.0
DOGEUSDT,D,H,2024-12-08,False,0,1.9083197728767787,3.0098327736038515,0.611984428127926,1.0
DOGEUSDT,D,L,2024-12-18,True,1,1.5301311387147642,0.4840210744914049,0.24031007751937977,0.0
DOGEUSDT,D,H,2025-01-18,False,0,3.058043035332704,3.087263330517319,0.5023774482055927,1.0
DOGEUSDT,D,L,2024-12-18,True,0,1.5301311387147642,0.4840210744914049,0.24031007751937977,0.0
DOGEUSDT,D,H,2025-01-17,True,0,3.6481038606081313,2.3874274000683298,0.39556209668289377,1.0
DOGEUSDT,D,L,2025-02-02,False,0,2.500108771845012,4.255734693384254,0.6299338809857744,
DOGEUSDT,D,L,2025-02-02,True,0,2.500108771845012,4.255734693384254,0.6299338809857744,
DOGEUSDT,D,H,2025-01-02,False,0,1.1653417303324383,2.750929176130498,0.7024358737774498,0.0
DOGEUSDT,D,L,2024-12-30,False,0,0.9323888640481957,0.3653778269362008,0.28154353896928136,1.0
DOGEUSDT,D,H,2025-01-02,True,0,1.1653417303324383,2.750929176130498,0.7024358737774498,0.0
DOGEUSDT,D,L,2025-01-27,False,1,2.8157319153205576,0.8719975920537778,0.2364592062161957,0.0
DOGEUSDT,D,H,2025-01-17,True,1,3.6481038606081313,2.3874274000683298,0.39556209668289377,1.0
DOGEUSDT,D,H,2025-01-17,True,1,3.6481038606081313,2.3874274000683298,0.39556209668289377,1.0
DOGEUSDT,D,L,2025-01-13,False,0,0.393861892583121,1.234310446586662,0.7580956984050263,1.0
DOGEUSDT,D,H,2025-01-14,True,0,1.829494799405647,1.579123328380386,0.46327375762859624,0.0
DOGEUSDT,D,L,2025-01-27,False,1,2.8157319153205576,0.8719975920537778,0.2364592062161957,0.0
DOGEUSDT,D,L,2025-01-26,False,0,2.8201005025125636,0.7882268485283555,0.2184466019417474,0.0
DOGEUSDT,D,L,2025-02-01,False,1,4.059652828802353,0.16008449669360716,0.03793707625504673,0.0
DOGEUSDT,D,L,2025-02-25,False,0,2.930712241118034,4.084020878935849,0.5822061665126439,
DOGEUSDT,D,L,2025-02-21,False,0,2.9573582710635806,2.3434605575193523,0.44209406759631303,0.0
DOGEUSDT,D,H,2025-02-14,True,0,1.1600319265688916,2.450314277162527,0.6786923300125738,1.0
DOGEUSDT,D,H,2025-07-21,False,0,4.371443624868281,3.709694415173868,0.4590559394966751,
DOGEUSDT,D,L,2025-02-21,True,0,2.9573582710635806,2.3434605575193523,0.44209406759631303,0.0
DOGEUSDT,D,H,2025-07-20,True,1,4.990978950885398,0.7501670564650855,0.13066503717282826,0.0
DOGEUSDT,D,L,2025-02-24,True,0,3.319277951396987,0.546574000653015,0.141385135135135,0.0
DOGEUSDT,D,L,2025-02-28,False,0,3.6359505396076384,3.645126054091844,0.5006300932538016,0.0
DOGEUSDT,D,L,2025-03-09,True,0,2.4599654670413384,1.2238209703084273,0.33221821924858475,0.0
DOGEUSDT,D,H,2025-05-10,True,0,8.198292220113856,1.0085388994307378,0.10954245671887855,1.0
DOGEUSDT,D,L,2025-03-09,True,1,2.4599654670413384,1.2238209703084273,0.33221821924858475,0.0
DOGEUSDT,D,H,2025-05-10,True,0,8.198292220113856,1.0085388994307378,0.10954245671887855,1.0
DOGEUSDT,D,L,2025-04-07,False,1,2.2197071955144847,1.5844668258747814,0.416507451280092,1.0
DOGEUSDT,D,H,2025-03-19,True,0,2.246968730057434,2.679642629227824,0.5439119170984457,1.0
DOGEUSDT,D,L,2025-03-31,False,0,3.406063618290259,2.077907554671968,0.37890563045202214,0.0
DOGEUSDT,D,H,2025-03-24,True,0,1.4989485981308417,3.024883177570092,0.6686550976138826,1.0
DOGEUSDT,D,L,2025-03-30,False,0,3.3503471799244755,0.33000365452551955,0.08966635773864653,0.0
DOGEUSDT,D,H,2025-05-09,False,0,4.265251595665728,1.5253080005937365,0.26341288354566655,0.0
DOGEUSDT,D,L,2025-04-03,False,0,3.6670478483298243,1.6456214264219078,0.3097541633624107,0.0
DOGEUSDT,D,H,2025-04-23,False,0,2.4274193548387077,2.5134849286092034,0.50870949616033,0.0
DOGEUSDT,D,L,2025-04-06,True,0,2.4853498793519475,0.5195909456509247,0.17291220556745174,0.0
DOGEUSDT,D,L,2025-10-10,False,1,5.288326163472817,7.713824794681264,0.5932729761027477,
DOGEUSDT,D,H,2025-04-12,True,0,2.58139534883721,0.8536251709986318,0.24850657108721616,0.0
DOGEUSDT,D,H,2025-04-22,True,0,2.5428096425602655,0.14353006372956317,0.053429602888086014,0.0
DOGEUSDT,D,L,2025-06-21,False,0,2.5694072395082075,2.3626622707603553,0.47904074868395413,1.0
DOGEUSDT,D,L,2025-06-21,False,0,2.5694072395082075,2.3626622707603553,0.47904074868395413,1.0
DOGEUSDT,D,H,2025-05-08,True,0,3.9086118886876347,0.8840770624073784,0.1844636844636847,0.0
DOGEUSDT,D,L,2025-05-06,False,0,1.2200241083457422,1.9615684606112185,0.6165366614664587,1.0
DOGEUSDT,D,H,2025-05-08,True,0,3.9086118886876347,0.8840770624073784,0.1844636844636847,0.0
DOGEUSDT,D,L,2025-06-17,False,0,3.1498107084910765,1.422630851511326,0.3111315547378103,0.0
DOGEUSDT,D,H,2025-07-20,True,1,4.990978950885398,0.7501670564650855,0.13066503717282826,0.0
DOGEUSDT,D,L,2025-05-30,True,0,2.6220690324773033,1.992718093111317,0.43181148748159087,0.0
DOGEUSDT,D,H,2025-05-21,False,0,1.0074174386753247,1.1095380259148697,0.5241196824750665,1.0
DOGEUSDT,D,H,2025-07-19,False,0,3.3678134799800037,1.1688406126437323,0.25764375876577866,0.0
DOGEUSDT,D,L,2025-05-29,True,0,1.1250755287009062,0.2713455728561455,0.19431500465983148,0.0
DOGEUSDT,D,H,2025-07-18,True,0,3.4233312667906604,1.3474891506509616,0.2824439053972105,0.0
DOGEUSDT,D,L,2025-06-05,True,0,2.309803921568628,0.5325490196078424,0.187362030905077,1.0
DOGEUSDT,D,H,2025-06-11,False,0,1.9434965654775098,3.0416574340793257,0.6101431238332294,1.0
DOGEUSDT,D,L,2025-06-17,False,0,3.1498107084910765,1.422630851511326,0.3111315547378103,0.0
DOGEUSDT,D,H,2025-07-11,False,0,4.4804020100502475,3.1185929648241197,0.4103954503372571,0.0
DOGEUSDT,D,L,2025-06-17,True,0,3.1498107084910765,1.422630851511326,0.3111315547378103,0.0
DOGEUSDT,D,H,2025-07-09,False,0,2.8011642411642397,3.049147609147607,0.5211940298507461,0.0
DOGEUSDT,D,L,2025-06-20,True,0,1.7952380952380957,0.9447619047619032,0.34480361487660716,0.0
DOGEUSDT,D,L,2025-10-10,False,0,5.288326163472817,7.713824794681264,0.5932729761027477,
DOGEUSDT,D,H,2025-06-29,True,0,1.3050314465408817,1.2306079664570224,0.48532451426209144,1.0
DOGEUSDT,D,L,2025-07-01,False,0,1.3018825130415057,1.5993044530127742,0.5512586647209043,1.0
DOGEUSDT,D,H,2025-07-02,False,0,2.8170665843684874,1.3458838052619386,0.3233004670472237,0.0
DOGEUSDT,D,L,2025-10-10,False,0,5.288326163472817,7.713824794681264,0.5932729761027477,
DOGEUSDT,D,H,2025-07-07,False,0,1.2698843238930975,1.4854407658556041,0.5391163356303205,0.0
DOGEUSDT,D,H,2025-07-16,False,0,4.457715385486244,1.5342465753424648,0.2560507869329453,0.0
DOGEUSDT,D,L,2025-10-10,False,1,5.288326163472817,7.713824794681264,0.5932729761027477,
DOGEUSDT,D,H,2025-09-13,True,0,6.7208248357126665,4.162247903920238,0.3824515376767237,1.0
DOGEUSDT,D,L,2025-07-29,False,0,2.830404913413745,1.5681134643999124,0.35650947198710226,
DOGEUSDT,D,H,2025-08-13,False,1,3.101947205108603,2.700274317578809,0.4653862847222221,0.0
DOGEUSDT,D,L,2025-10-10,False,1,5.288326163472817,7.713824794681264,0.5932729761027477,
DOGEUSDT,D,H,2025-08-07,True,0,2.1818266024453496,1.7078547610226014,0.43907317886314395,0.0
DOGEUSDT,D,L,2025-10-10,True,0,5.288326163472817,7.713824794681264,0.5932729761027477,
DOGEUSDT,D,H,2025-08-13,False,1,3.101947205108603,2.700274317578809,0.4653862847222221,0.0
DOGEUSDT,D,H,2025-09-11,True,0,4.420327304048238,2.7355727820844065,0.38228213769860325,0.0
DOGEUSDT,D,L,2025-08-19,True,0,1.9142091152815017,0.7980202103526498,0.2942303598041302,1.0
DOGEUSDT,D,H,2025-08-24,False,0,1.3346666666666667,1.3192941176470585,0.49710384774513855,1.0
DOGEUSDT,D,L,2025-08-25,False,0,2.505223245376461,0.7594211870308754,0.23261987721918037,1.0
DOGEUSDT,D,H,2025-09-09,False,0,3.2483689684128954,1.3809185453136112,0.29830044930650523,0.0
DOGEUSDT,D,L,2025-09-01,False,0,1.012222640090258,0.9951109439638978,0.49573770491803354,1.0
DOGEUSDT,D,H,2025-09-07,True,0,1.9855174849876378,1.3385140704109275,0.4026779072650633,0.0
DOGEUSDT,D,L,2025-09-01,False,0,1.012222640090258,0.9951109439638978,0.49573770491803354,1.0
DOGEUSDT,D,L,2025-10-10,True,0,5.288326163472817,7.713824794681264,0.5932729761027477,
DOGEUSDT,D,H,2025-09-07,True,0,1.9855174849876378,1.3385140704109275,0.4026779072650633,0.0
DOGEUSDT,D,L,2025-09-22,True,0,2.608971348050729,2.000156568028809,0.43395553441921286,0.0
DOGEUSDT,D,L,2025-09-25,True,0,3.376624327391194,0.9337091401588646,0.21662109142789218,0.0
DOGEUSDT,D,L,2025-10-10,True,0,5.288326163472817,7.713824794681264,0.5932729761027477,
DOGEUSDT,D,H,2025-10-06,True,0,2.977653370655471,1.481968742710519,0.3323081429408316,1.0
DOGEUSDT,D,L,2026-02-06,False,0,1.4180177168644508,2.2253050309209432,0.610789980732177,1.0
DOGEUSDT,D,L,2025-11-03,True,1,4.355624446412754,8.623413049896664,0.6644108280254778,
DOGEUSDT,D,H,2025-10-26,True,0,1.5440802119590624,0.9113200685749917,0.3711492890995263,1.0
DOGEUSDT,D,L,2025-10-30,True,0,2.469399803214168,0.6593637258117409,0.2107425887877897,0.0
DOGEUSDT,D,L,2025-11-03,True,1,4.355624446412754,8.623413049896664,0.6644108280254778,
DOGEUSDT,D,L,2025-11-17,False,0,2.415103826235609,4.800643571823623,0.6653009462491464,
DOGEUSDT,D,L,2025-12-01,False,0,2.166714947856315,5.222624565469294,0.7067782656421515,
DOGEUSDT,D,L,2025-12-15,True,0,2.7581282029740395,5.390405780055446,0.6615184757505773,1.0
DOGEUSDT,D,H,2026-01-04,False,0,5.258288357748651,1.1241326137239818,0.17612949987919826,1.0
DOGEUSDT,D,L,2025-12-12,False,0,1.937308868501529,0.6172273190621814,0.24162011173184356,0.0
DOGEUSDT,D,H,2026-01-04,False,1,5.258288357748651,1.1241326137239818,0.17612949987919826,1.0
DOGEUSDT,D,L,2025-12-31,True,0,1.745878473857749,5.532736693358457,0.7601359003397509,1.0
DOGEUSDT,D,H,2026-01-02,True,0,4.571111385222648,1.9548538300234366,0.29955014554114845,0.0
DOGEUSDT,D,L,2025-12-31,True,1,1.745878473857749,5.532736693358457,0.7601359003397509,1.0
DOGEUSDT,D,H,2026-01-02,True,0,4.571111385222648,1.9548538300234366,0.29955014554114845,0.0
DOGEUSDT,D,L,2026-01-29,False,0,5.549505526468876,5.432228039557884,0.4946603381785821,0.0
DOGEUSDT,D,L,2026-01-11,False,0,2.247435123717561,2.727821363910682,0.5482775351770985,0.0
DOGEUSDT,D,L,2026-01-18,True,0,2.4626506024096337,2.026595269968764,0.45143334261063234,0.0
DOGEUSDT,D,L,2026-01-25,False,0,4.533049040511723,0.574271499644634,0.11244085722237694,0.0
DOGEUSDT,D,L,2026-01-29,True,0,5.549505526468876,5.432228039557884,0.4946603381785821,0.0
DOGEUSDT,D,L,2026-02-05,True,0,2.9140331075997006,1.0534236267870596,0.2655160969133756,0.0
DOGEUSDT,D,H,2026-02-14,True,0,2.5035904563354174,1.8041850050189152,0.4188205771643661,1.0
DOGEUSDT,D,L,2026-06-05,False,1,4.490774325816117,0.9206749724018309,0.17013463892288885,0.0
DOGEUSDT,D,L,2026-02-28,False,0,1.6262288823136393,1.8827908752505493,0.5365575019040366,
DOGEUSDT,D,H,2026-05-14,False,1,2.098300970873786,2.60800970873786,0.5541516245487362,1.0
DOGEUSDT,D,L,2026-02-22,False,0,1.0455289878807748,1.1754558357899314,0.5292498279421877,1.0
DOGEUSDT,D,H,2026-02-25,False,0,2.0010927767457103,2.55185225658398,0.560483870967742,1.0
DOGEUSDT,D,L,2026-02-28,False,0,1.6262288823136393,1.8827908752505493,0.5365575019040366,
DOGEUSDT,D,H,2026-04-29,False,0,1.9392532404720453,3.6753724124588905,0.6546068499758804,0.0
DOGEUSDT,D,L,2026-03-08,False,0,2.1341891485307403,1.2861297763514195,0.37602627257799665,1.0
DOGEUSDT,D,L,2026-03-08,False,1,2.1341891485307403,1.2861297763514195,0.37602627257799665,1.0
DOGEUSDT,D,H,2026-03-17,False,0,2.3171355498721233,1.03154305200341,0.30804480651731153,
DOGEUSDT,D,L,2026-06-04,False,0,3.084745762711863,2.000664672648723,0.3934126258005493,0.0
DOGEUSDT,D,H,2026-03-13,False,0,1.4460962449069483,1.2888448408765563,0.47125140924464504,0.0
DOGEUSDT,D,H,2026-03-16,True,0,2.795245026686075,0.21737020863658474,0.07215332581736206,0.0
DOGEUSDT,D,H,2026-04-29,False,0,1.9392532404720453,3.6753724124588905,0.6546068499758804,0.0
DOGEUSDT,D,L,2026-03-29,False,0,1.5347756642950485,0.7866995789167993,0.338879159369527,1.0
DOGEUSDT,D,H,2026-04-14,False,0,0.7742336371168164,3.3492129246064644,0.8122362869198317,0.0
DOGEUSDT,D,L,2026-06-04,False,0,3.084745762711863,2.000664672648723,0.3934126258005493,0.0
DOGEUSDT,D,H,2026-04-07,True,0,1.445637321881707,0.8307632246730434,0.36494597839135706,0.0
DOGEUSDT,D,L,2026-06-04,True,0,3.084745762711863,2.000664672648723,0.3934126258005493,0.0
DOGEUSDT,D,L,2026-06-04,True,0,3.084745762711863,2.000664672648723,0.3934126258005493,0.0
DOGEUSDT,D,H,2026-04-14,False,0,0.7742336371168164,3.3492129246064644,0.8122362869198317,0.0
DOGEUSDT,D,L,2026-06-04,True,1,3.084745762711863,2.000664672648723,0.3934126258005493,0.0
DOGEUSDT,D,H,2026-04-29,True,0,1.9392532404720453,3.6753724124588905,0.6546068499758804,0.0
DOGEUSDT,D,L,2026-06-02,False,0,2.43186180422265,0.6690978886756218,0.21577123050259908,0.0
DOGEUSDT,D,L,2026-05-28,False,0,1.466531440162272,1.4300202839756595,0.49369747899159666,0.0
DOGEUSDT,D,H,2026-05-04,False,0,3.5274116523400165,2.01642788920726,0.3637240713941151,0.0
DOGEUSDT,D,H,2026-05-14,False,1,2.098300970873786,2.60800970873786,0.5541516245487362,1.0
DOGEUSDT,D,L,2026-05-17,False,0,1.820282068502349,2.265950302216253,0.5545329038196045,0.0
DOGEUSDT,D,H,2026-05-13,False,0,1.3486413043478258,0.8788043478260866,0.3945345858240819,0.0
DOGEUSDT,D,L,2026-05-28,False,1,1.466531440162272,1.4300202839756595,0.49369747899159666,0.0
DOGEUSDT,D,L,2026-06-02,True,0,2.43186180422265,0.6690978886756218,0.21577123050259908,0.0
DOGEUSDT,D,H,2026-09-21,False,0,5.128501103378035,1.6350364963503645,0.2417427969079409,
DOGEUSDT,D,L,2026-06-24,True,1,2.5211267605633787,1.5746478873239458,0.38445667125171984,0.0
DOGEUSDT,D,L,2026-06-23,True,1,3.457710423919718,0.34691787835347165,0.09118311981914111,0.0
DOGEUSDT,D,H,2026-08-21,False,0,8.697725404220328,3.9134009317621246,0.3103133556434439,0.0
DOGEUSDT,D,H,2026-08-21,True,0,8.697725404220328,3.9134009317621246,0.3103133556434439,0.0
DOGEUSDT,D,L,2026-06-23,True,1,3.457710423919718,0.34691787835347165,0.09118311981914111,0.0
DOGEUSDT,D,H,2026-08-21,True,0,8.697725404220328,3.9134009317621246,0.3103133556434439,0.0
DOGEUSDT,D,L,2026-06-30,False,0,3.7218813905930466,1.0564417177914147,0.22109047333732837,0.0
DOGEUSDT,D,L,2026-07-23,True,0,2.9001002338790487,2.348145673237552,0.44741532976827086,1.0
DOGEUSDT,D,H,2026-08-20,True,0,5.512111907198903,2.1972023200272965,0.2850061957868653,0.0
DOGEUSDT,D,L,2026-07-13,False,0,1.1744641622493632,0.8001843742797913,0.4052287581699362,0.0
DOGEUSDT,D,H,2026-08-19,False,1,3.568399168399164,2.520582120582119,0.4139579349904399,0.0
DOGEUSDT,D,L,2026-07-23,True,1,2.9001002338790487,2.348145673237552,0.44741532976827086,1.0
DOGEUSDT,D,H,2026-08-19,False,1,3.568399168399164,2.520582120582119,0.4139579349904399,0.0
DOGEUSDT,D,L,2026-07-23,True,1,2.9001002338790487,2.348145673237552,0.44741532976827086,1.0
DOGEUSDT,D,L,2026-07-23,True,1,2.9001002338790487,2.348145673237552,0.44741532976827086,1.0
DOGEUSDT,D,H,2026-07-26,False,0,2.105949008498581,0.7932011331444763,0.27359781121751064,1.0
DOGEUSDT,D,L,2026-08-01,False,0,2.004040404040406,2.0040404040404,0.49999999999999933,1.0
DOGEUSDT,D,H,2026-08-19,True,0,3.568399168399164,2.520582120582119,0.4139579349904399,0.0
DOGEUSDT,D,H,2026-08-08,False,0,0.9750156152404775,1.6002498438475914,0.6213921901528001,0.0
DOGEUSDT,D,H,2026-08-11,True,0,1.9525065963060693,1.1556728232189937,0.371816638370118,0.0
DOGEUSDT,D,H,2026-08-19,True,0,3.568399168399164,2.520582120582119,0.4139579349904399,0.0
DOGEUSDT,D,H,2026-09-21,False,0,5.128501103378035,1.6350364963503645,0.2417427969079409,
DOGEUSDT,D,L,2026-08-30,True,0,1.3174603174603179,2.0761904761904755,0.6117867165575303,1.0
DOGEUSDT,D,H,2026-09-05,False,0,1.6365641465506693,1.959073642935915,0.5448473282442746,1.0
DOGEUSDT,D,L,2026-09-15,True,0,3.1685091126381844,2.3277561995817164,0.4235159817351599,1.0
DOGEUSDT,D,H,2026-09-21,True,0,5.128501103378035,1.6350364963503645,0.2417427969079409,
DOGEUSDT,D,L,2026-09-13,False,0,2.652000590580245,0.4671489738668268,0.14976805831676682,0.0
DOGEUSDT,D,H,2026-09-18,True,0,2.034225954682301,1.7147837109808277,0.45739644970414206,0.0
DOGEUSDT,D,L,2026-10-02,False,0,0.8048967100229536,2.235654169854629,0.735279315551082,
LTCUSDT,W,H,2020-04-27,True,0,1.8491565743944638,2.775627162629758,0.6001636661211129,
LTCUSDT,W,H,2020-07-20,False,0,1.6108676599474154,6.42418930762489,0.7995200698080278,0.0
LTCUSDT,W,L,2020-06-22,False,0,1.2481789268492878,2.5408843746793885,0.6705837755875662,1.0
LTCUSDT,W,H,2020-07-20,False,1,1.6108676599474154,6.42418930762489,0.7995200698080278,0.0
LTCUSDT,W,H,2020-08-17,False,0,3.1149425287356323,3.4712643678160924,0.5270506108202444,0.0
LTCUSDT,W,L,2020-09-21,False,0,2.7078576225654807,0.8344526527871058,0.23556735235567355,1.0
LTCUSDT,W,L,2022-06-13,False,0,4.96152992856192,0.9516794604428273,0.16094127534404873,
LTCUSDT,W,L,2021-06-21,False,0,3.743709616115545,1.2106993538578492,0.24436806916736037,
LTCUSDT,W,L,2021-06-21,False,1,3.743709616115545,1.2106993538578492,0.24436806916736037,
LTCUSDT,W,L,2021-07-19,False,0,4.007999040115187,1.2053953525576935,0.23121123432591364,
LTCUSDT,W,L,2022-01-17,False,0,4.418294818528311,1.6986230814133165,0.2776926401823255,0.0
LTCUSDT,W,H,2021-11-08,True,0,3.6024038814967296,3.4565169447915896,0.4896664844177145,1.0
LTCUSDT,W,L,2021-11-29,False,0,2.887865503549868,1.0855067971482975,0.27319534012897856,0.0
LTCUSDT,W,H,2021-11-08,True,0,3.6024038814967296,3.4565169447915896,0.4896664844177145,1.0
LTCUSDT,W,L,2022-01-03,False,0,3.941759159804272,0.6478100011934601,0.14114832535885175,0.0
LTCUSDT,W,L,2022-02-21,False,0,0.9373451053283767,1.8340303593556382,0.661776212832551,0.0
LTCUSDT,W,H,2024-12-02,False,0,5.572853841384363,1.4819908686094359,0.21006711409395976,1.0
LTCUSDT,W,L,2022-05-09,True,0,3.594098360655738,1.7201639344262294,0.3236881882962643,0.0
LTCUSDT,W,H,2024-12-02,True,0,5.572853841384363,1.4819908686094359,0.21006711409395976,1.0
LTCUSDT,W,L,2022-06-06,True,0,5.409946236559139,0.3995519713261651,0.06877564240984672,0.0
LTCUSDT,W,L,2026-06-22,False,1,3.825298473628533,0.7489799002569137,0.16373728029602214,1.0
LTCUSDT,W,L,2026-02-02,False,1,2.395557309578846,1.1216101933810678,0.3188958707360863,0.0
LTCUSDT,W,H,2022-09-12,False,0,0.092814571753834,7.643608116252596,0.9880029083858458,1.0
LTCUSDT,W,L,2022-09-19,False,0,7.853236223718563,0.605057028995465,0.07153417491186172,
LTCUSDT,W,H,2022-10-31,True,0,2.410123520773948,7.974086550919926,0.7679049726330499,1.0
LTCUSDT,W,L,2022-10-10,False,0,1.8051125891497717,0.5822581937655257,0.2438909774436089,1.0
LTCUSDT,W,L,2022-11-07,False,0,8.87830250990753,1.2853368560105676,0.12646423291254402,
LTCUSDT,W,L,2026-02-02,False,1,2.395557309578846,1.1216101933810678,0.3188958707360863,0.0
LTCUSDT,W,H,2023-01-09,True,0,2.2180949537175274,3.9027769483427877,0.6376178117743476,
LTCUSDT,W,L,2023-08-14,False,0,3.4681707498881877,1.2397753814043633,0.263336781439338,
LTCUSDT,W,H,2023-06-26,True,0,3.3617962614755004,1.5872138037827672,0.32071339173967456,1.0
LTCUSDT,W,L,2023-08-14,False,0,3.4681707498881877,1.2397753814043633,0.263336781439338,
LTCUSDT,W,H,2023-04-10,True,0,2.5692034288103702,0.42076102864311105,0.14072442486539402,0.0
LTCUSDT,W,H,2023-06-26,True,0,3.3617962614755004,1.5872138037827672,0.32071339173967456,1.0
LTCUSDT,W,L,2023-06-05,False,0,1.972205634873243,0.9598827425221212,0.32737169517884906,1.0
LTCUSDT,W,H,2023-06-26,True,0,3.3617962614755004,1.5872138037827672,0.32071339173967456,1.0
LTCUSDT,W,L,2023-08-14,True,0,3.4681707498881877,1.2397753814043633,0.263336781439338,
LTCUSDT,W,H,2024-11-25,True,0,5.19283654168623,1.3559594875578507,0.20705477487811869,0.0
LTCUSDT,W,L,2024-08-05,False,1,3.1870869730345612,1.3101405241169768,0.2913218254906597,1.0
LTCUSDT,W,L,2024-01-01,False,0,2.1750176429075525,1.304163726182074,0.3748478701825555,1.0
LTCUSDT,W,H,2023-10-23,False,0,1.251996167358671,5.167837751517088,0.804979975622497,1.0
LTCUSDT,W,L,2024-01-01,False,0,2.1750176429075525,1.304163726182074,0.3748478701825555,1.0
LTCUSDT,W,H,2023-12-04,True,0,1.7443135662063356,5.377944760357432,0.7550898203592814,1.0
LTCUSDT,W,L,2024-01-01,True,0,2.1750176429075525,1.304163726182074,0.3748478701825555,1.0
LTCUSDT,W,H,2024-02-26,True,0,4.177682033606204,2.9242567858681596,0.41175471377611683,1.0
LTCUSDT,W,H,2024-02-26,True,0,4.177682033606204,2.9242567858681596,0.41175471377611683,1.0
LTCUSDT,W,L,2024-08-05,False,1,3.1870869730345612,1.3101405241169768,0.2913218254906597,1.0
LTCUSDT,W,H,2024-11-25,True,0,5.19283654168623,1.3559594875578507,0.20705477487811869,0.0
LTCUSDT,W,L,2024-06-24,False,0,1.1693057247259444,1.5501421031262683,0.5700209017617197,0.0
LTCUSDT,W,L,2024-06-17,True,0,1.2092727850111151,0.2089552238805965,0.1473354231974918,0.0
LTCUSDT,W,H,2024-11-11,False,0,2.971576659421502,3.0125397090787485,0.5034226481517698,0.0
LTCUSDT,W,L,2024-08-05,False,1,3.1870869730345612,1.3101405241169768,0.2913218254906597,1.0
LTCUSDT,W,H,2024-11-04,False,0,1.6913519699198962,1.4899460519862673,0.468345323741007,0.0
LTCUSDT,W,L,2026-02-02,False,1,2.395557309578846,1.1216101933810678,0.3188958707360863,0.0
LTCUSDT,W,L,2025-10-06,False,0,2.796337564189516,3.3680844879372147,0.546374738695126,0.0
LTCUSDT,W,H,2024-10-14,True,0,1.492068935951299,0.29529280631055577,0.16521155137676338,0.0
LTCUSDT,W,L,2025-10-06,False,1,2.796337564189516,3.3680844879372147,0.546374738695126,0.0
LTCUSDT,W,H,2024-11-04,True,1,1.6913519699198962,1.4899460519862673,0.468345323741007,0.0
LTCUSDT,W,L,2025-04-07,False,1,2.585355735324622,0.6608587429993777,0.20357827476038337,0.0
LTCUSDT,W,L,2025-02-03,False,0,1.2716766084363016,1.5937899446101407,0.5562060889929743,0.0
LTCUSDT,W,L,2025-02-03,False,0,1.2716766084363016,1.5937899446101407,0.5562060889929743,0.0
LTCUSDT,W,L,2025-03-31,True,0,2.9387410223912127,0.26066751161808205,0.0814736564109336,0.0
LTCUSDT,W,L,2025-03-31,True,1,2.9387410223912127,0.26066751161808205,0.0814736564109336,0.0
LTCUSDT,W,L,2025-10-06,False,1,2.796337564189516,3.3680844879372147,0.546374738695126,0.0
LTCUSDT,W,H,2025-07-14,True,0,3.2390087929656266,1.8776978417266192,0.3669739103265116,1.0
LTCUSDT,W,L,2025-10-06,False,0,2.796337564189516,3.3680844879372147,0.546374738695126,0.0
LTCUSDT,W,H,2025-10-06,False,0,3.3680844879372147,2.796337564189516,0.453625261304874,1.0
LTCUSDT,W,L,2025-09-22,False,0,1.0118208212360023,2.229054334301119,0.687793952967525,1.0
LTCUSDT,W,H,2025-09-29,False,0,3.073574809631611,1.1100020580366325,0.265323691460055,0.0
LTCUSDT,W,L,2026-02-02,False,0,2.395557309578846,1.1216101933810678,0.3188958707360863,0.0
LTCUSDT,W,L,2025-12-01,False,0,1.615480738334107,1.4885215466457205,0.47954911433172287,0.0
LTCUSDT,W,L,2026-01-12,True,0,2.27188417139503,1.1301897867344943,0.3322061191626409,0.0
LTCUSDT,W,L,2026-06-01,True,0,3.7877588306942753,0.5328867235079171,0.12333497779970398,0.0
LTCUSDT,W,H,2026-03-16,False,0,0.40211369641182954,3.743117702207448,0.9029936672423718,1.0
LTCUSDT,W,L,2026-06-01,True,0,3.7877588306942753,0.5328867235079171,0.12333497779970398,0.0
LTCUSDT,W,H,2026-05-04,True,0,1.4147434461124806,3.838001344387181,0.7306658704090772,1.0
LTCUSDT,W,L,2026-05-25,False,0,1.767393561786086,0.40290758047767344,0.18564593301435378,0.0
LTCUSDT,W,H,2026-09-21,True,0,5.02614968440036,2.4544634806131644,0.3281099324975892,
LTCUSDT,W,L,2026-06-22,False,1,3.825298473628533,0.7489799002569137,0.16373728029602214,1.0
LTCUSDT,W,H,2026-08-17,True,0,2.8754728877679696,1.8272383354350568,0.38854997653683715,0.0
LTCUSDT,W,H,2026-09-07,False,0,1.893127776326104,1.2511105304415997,0.39790575916230375,0.0
LTCUSDT,D,H,2020-01-27,False,0,1.6848503266980706,1.018994073848959,0.3768686073957513,0.0
LTCUSDT,D,L,2020-02-19,False,1,2.1580487804878046,3.017018970189702,0.5829912023460412,0.0
LTCUSDT,D,L,2020-02-19,False,1,2.1580487804878046,3.017018970189702,0.5829912023460412,0.0
LTCUSDT,D,H,2020-02-23,False,0,2.019736842105263,0.6736842105263166,0.25012212994626304,1.0
LTCUSDT,D,L,2020-02-26,True,0,2.4192949907235617,1.2170686456400748,0.33469387755102054,0.0
LTCUSDT,D,H,2020-11-19,True,0,4.386488209050351,0.5710643722116003,0.11519078473722112,0.0
LTCUSDT,D,H,2020-08-02,False,0,4.334798242109471,6.4994007191370375,0.5998967475477542,
LTCUSDT,D,H,2020-04-06,True,0,3.0256965106843356,7.172301866378142,0.7033048644634238,
LTCUSDT,D,H,2020-04-02,False,0,0.8672337278106513,0.9992603550295858,0.5353675450762828,0.0
LTCUSDT,D,H,2020-04-02,True,0,0.8672337278106513,0.9992603550295858,0.5353675450762828,0.0
LTCUSDT,D,H,2020-04-06,True,0,3.0256965106843356,7.172301866378142,0.7033048644634238,
LTCUSDT,D,H,2020-04-29,True,0,2.1826710816777024,5.860375275938185,0.728626320845341,1.0
LTCUSDT,D,L,2020-04-13,False,0,2.438034188034187,1.5368589743589745,0.38664158043273766,1.0
LTCUSDT,D,H,2020-04-24,True,0,1.8287635799275752,1.1334712881531281,0.3826405867970655,0.0
LTCUSDT,D,L,2020-05-10,False,0,2.6974629009095272,1.397319291527047,0.3412438625204583,
LTCUSDT,D,H,2020-04-28,True,0,2.49326068253513,0.7909377688557492,0.24083129584352064,0.0
LTCUSDT,D,L,2020-05-10,True,0,2.6974629009095272,1.397319291527047,0.3412438625204583,
LTCUSDT,D,H,2020-07-26,False,0,3.5496639283047053,8.306945481702762,0.7006172839506173,0.0
LTCUSDT,D,H,2020-07-26,False,1,3.5496639283047053,8.306945481702762,0.7006172839506173,0.0
LTCUSDT,D,L,2020-05-10,True,0,2.6974629009095272,1.397319291527047,0.3412438625204583,
LTCUSDT,D,H,2020-06-02,False,0,1.9041394335511983,1.782135076252726,0.4834515366430263,1.0
LTCUSDT,D,L,2020-06-27,False,0,2.3546617915904915,2.041133455210239,0.4643377001455608,1.0
LTCUSDT,D,H,2020-05-17,False,0,0.6388088376560994,1.8592699327569648,0.7442799461641993,1.0
LTCUSDT,D,L,2020-05-21,False,0,1.3964102564102572,1.3353846153846154,0.4888304862023652,1.0
LTCUSDT,D,H,2020-05-30,True,0,3.1190130624092913,0.7314949201741647,0.18997361477572533,0.0
LTCUSDT,D,L,2020-06-26,False,0,1.018867924528304,2.591194968553456,0.7177700348432049,0.0
LTCUSDT,D,H,2020-05-28,True,0,1.5059952038369318,0.8824940047961619,0.36947791164658583,0.0
LTCUSDT,D,L,2020-06-25,False,1,1.4626060138781798,0.41017733230531855,0.2190201729106623,0.0
LTCUSDT,D,H,2020-07-26,False,1,3.5496639283047053,8.306945481702762,0.7006172839506173,0.0
LTCUSDT,D,L,2020-06-11,True,0,2.9331288343558297,0.6871165644171753,0.18979833926453077,0.0
LTCUSDT,D,L,2020-06-11,True,0,2.9331288343558297,0.6871165644171753,0.18979833926453077,0.0
LTCUSDT,D,H,2020-07-25,True,0,4.955974842767294,0.528301886792455,0.09633027522935819,0.0
LTCUSDT,D,L,2020-06-15,False,1,1.4850407978241147,0.8927168328800237,0.3754448398576513,0.0
LTCUSDT,D,L,2020-06-25,False,1,1.4626060138781798,0.41017733230531855,0.2190201729106623,0.0
LTCUSDT,D,H,2020-07-08,True,0,2.5272516428295346,1.0065713181291074,0.28483920367534443,0.0
LTCUSDT,D,L,2020-06-24,False,0,1.3582930756843812,0.5354267310789022,0.282738095238094,0.0
LTCUSDT,D,H,2020-07-08,True,0,2.5272516428295346,1.0065713181291074,0.28483920367534443,0.0
LTCUSDT,D,L,2026-06-24,False,1,2.9082412914188622,1.3203058623619366,0.3122362869198311,1.0
LTCUSDT,D,L,2022-06-14,False,1,4.513201581027666,1.297075098814229,0.22323809523809526,
LTCUSDT,D,H,2020-07-25,True,0,4.955974842767294,0.528301886792455,0.09633027522935819,0.0
LTCUSDT,D,H,2020-07-23,False,0,2.1794980859208835,0.583581454700126,0.21120689655172378,0.0
LTCUSDT,D,L,2020-07-16,True,0,2.0792657488527357,0.817688777638715,0.2822580645161287,1.0
LTCUSDT,D,L,2022-06-14,False,1,4.513201581027666,1.297075098814229,0.22323809523809526,
LTCUSDT,D,L,2022-06-13,False,1,5.168266154830453,0.5911708253358926,0.10264385692068431,0.0
LTCUSDT,D,H,2020-08-17,True,0,3.7243816254416955,3.005889281507658,0.44662233111655597,1.0
LTCUSDT,D,L,2020-09-03,True,1,4.28434334458859,1.4778745334991998,0.25647668393782375,
LTCUSDT,D,H,2020-08-16,True,0,2.628545700135074,0.296262944619543,0.10129310344827656,0.0
LTCUSDT,D,L,2020-08-11,True,0,1.4980213089802135,0.6691019786910201,0.3087512291052114,1.0
LTCUSDT,D,H,2020-08-15,True,0,1.7515676321289944,0.2675425500149301,0.13250517598343695,0.0
LTCUSDT,D,L,2020-09-03,True,1,4.28434334458859,1.4778745334991998,0.25647668393782375,
LTCUSDT,D,H,2020-11-16,True,0,3.8905554639854953,1.435305752431185,0.26949740034662045,0.0
LTCUSDT,D,L,2020-08-22,False,0,1.800116890707188,1.7939801285797785,0.4991462720546388,0.0
LTCUSDT,D,L,2020-08-25,False,0,2.1584927369480797,1.37926075075507,0.38986909504837797,0.0
LTCUSDT,D,H,2020-08-31,False,0,1.5969412139557102,1.7999044129361157,0.529875246224557,1.0
LTCUSDT,D,L,2020-09-03,True,0,4.28434334458859,1.4778745334991998,0.25647668393782375,
LTCUSDT,D,H,2020-11-07,False,0,2.0536764705882344,2.5992647058823533,0.5586283185840709,0.0
LTCUSDT,D,L,2020-09-21,True,0,3.35412416205188,0.7385601865345363,0.1804586241276168,1.0
LTCUSDT,D,H,2020-10-12,False,0,2.5678048780487797,6.310243902439021,0.7107692307692308,0.0
LTCUSDT,D,L,2020-09-20,False,0,1.714367651276167,0.8190421565815884,0.32329635499207615,0.0
LTCUSDT,D,L,2022-06-13,False,1,5.168266154830453,0.5911708253358926,0.10264385692068431,0.0
LTCUSDT,D,H,2020-10-01,False,0,2.067638845795844,2.2153273347812568,0.5172413793103443,0.0
LTCUSDT,D,H,2020-10-10,True,0,1.915738161559887,1.1894150417827278,0.38304552590266855,0.0
LTCUSDT,D,L,2022-06-13,False,0,5.168266154830453,0.5911708253358926,0.10264385692068431,0.0
LTCUSDT,D,H,2020-10-09,False,1,1.3194210703466824,0.3298552675866723,0.20000000000000082,0.0
LTCUSDT,D,L,2022-06-13,True,0,5.168266154830453,0.5911708253358926,0.10264385692068431,0.0
LTCUSDT,D,H,2020-10-21,True,0,3.522188855522187,5.353353353353352,0.6031578947368421,0.0
LTCUSDT,D,L,2022-06-13,True,1,5.168266154830453,0.5911708253358926,0.10264385692068431,0.0
LTCUSDT,D,L,2022-06-13,True,0,5.168266154830453,0.5911708253358926,0.10264385692068431,0.0
LTCUSDT,D,H,2020-10-28,False,0,2.9275555555555557,2.712888888888888,0.4809707666850523,0.0
LTCUSDT,D,H,2020-11-06,True,0,3.2327942835652506,0.32117337344866465,0.09037037037037028,0.0
LTCUSDT,D,L,2020-11-03,False,0,1.7035681610247024,1.946935041171089,0.5333333333333334,1.0
LTCUSDT,D,H,2020-11-05,True,0,2.1779595015576327,0.44431464174454705,0.169438669438669,0.0
LTCUSDT,D,L,2022-06-12,True,0,4.369725385130608,0.3539852645679852,0.07493796526054618,0.0
LTCUSDT,D,H,2020-11-13,True,0,2.31663914878004,0.7859108420473316,0.25331125827814593,0.0
LTCUSDT,D,L,2022-05-12,False,0,5.0580187484165195,1.581960983025082,0.23824786324786318,0.0
LTCUSDT,D,H,2020-11-16,True,0,3.8905554639854953,1.435305752431185,0.26949740034662045,0.0
LTCUSDT,D,L,2020-11-26,True,0,2.8304295325168187,1.6977747110574437,0.3749333333333334,1.0
LTCUSDT,D,L,2022-05-11,False,0,5.466140823393613,1.2887649095806069,0.1907894736842104,0.0
LTCUSDT,D,H,2020-12-16,False,0,3.590337524818,0.22391352305316603,0.05870445344129565,0.0
LTCUSDT,D,L,2020-12-08,True,0,1.7234313065589715,1.28681474833595,0.427478260869565,1.0
LTCUSDT,D,H,2020-12-16,True,0,3.590337524818,0.22391352305316603,0.05870445344129565,0.0
LTCUSDT,D,L,2022-05-11,True,0,5.466140823393613,1.2887649095806069,0.1907894736842104,0.0
LTCUSDT,D,L,2022-05-09,True,0,4.936975742462026,0.9918385853547949,0.1672912205567452,0.0
LTCUSDT,D,L,2022-02-24,False,0,3.451654938754235,3.1342194422726086,0.4759002770083103,1.0
LTCUSDT,D,L,2021-06-22,False,0,4.1725888324873095,1.6670050761421313,0.2854659248956884,
LTCUSDT,D,H,2021-01-19,False,0,1.7981567422707372,1.5904307471076555,0.4693491763435054,0.0
LTCUSDT,D,H,2021-02-08,True,0,3.14342309545479,1.4165640558916437,0.31065088757396453,0.0
LTCUSDT,D,L,2021-01-27,True,0,1.6066299340619647,0.6221660193297809,0.27914893617021275,1.0
LTCUSDT,D,H,2021-02-03,True,0,2.216412490922295,0.7407407407407421,0.25049115913556025,0.0
LTCUSDT,D,L,2021-05-23,False,1,4.6795342081292,0.5144144365937126,0.09904110952586355,0.0
LTCUSDT,D,H,2021-02-02,False,1,1.1896933779953618,0.3996908013398624,0.2514752610077175,0.0
LTCUSDT,D,L,2021-05-23,False,1,4.6795342081292,0.5144144365937126,0.09904110952586355,0.0
LTCUSDT,D,L,2021-02-22,False,0,1.5646804569311514,3.238204833141543,0.6742207314080013,
LTCUSDT,D,L,2021-02-28,False,0,2.9129362002114902,1.395488191751851,0.3238975701546266,
LTCUSDT,D,L,2021-05-19,False,0,4.768387241353553,1.2589228355867639,0.20886976437519522,0.0
LTCUSDT,D,H,2021-03-09,True,0,1.811873215723592,2.255618183149111,0.5545477450239357,1.0
LTCUSDT,D,L,2021-03-25,False,0,2.4756138580558376,1.2546249579549285,0.3363390441839495,1.0
LTCUSDT,D,H,2021-04-06,True,0,3.1963085565252296,0.7358812318186372,0.18714285714285694,0.0
LTCUSDT,D,L,2021-03-22,True,0,1.5313236213279489,1.1503437665272374,0.4289658634538153,0.0
LTCUSDT,D,H,2021-04-02,True,0,3.7563061137238147,1.588713125267207,0.29723244280915034,0.0
LTCUSDT,D,L,2021-05-19,False,0,4.768387241353553,1.2589228355867639,0.20886976437519522,0.0
LTCUSDT,D,L,2021-05-19,True,0,4.768387241353553,1.2589228355867639,0.20886976437519522,0.0
LTCUSDT,D,L,2021-04-23,False,0,2.6964249400089475,1.405864887948916,0.34270247761815537,1.0
LTCUSDT,D,H,2021-05-03,True,0,3.379763821792806,1.5457863660762203,0.31383019299717746,0.0
LTCUSDT,D,L,2021-05-19,True,0,4.768387241353553,1.2589228355867639,0.20886976437519522,0.0
LTCUSDT,D,L,2021-05-16,False,0,2.5261404447161313,1.9441888897379085,0.43490954340959126,0.0
LTCUSDT,D,L,2021-05-23,False,1,4.6795342081292,0.5144144365937126,0.09904110952586355,0.0
LTCUSDT,D,L,2021-06-22,False,0,4.1725888324873095,1.6670050761421313,0.2854659248956884,
LTCUSDT,D,H,2021-09-03,True,0,4.423988842398884,18.66201766620177,0.8083692456401789,1.0
LTCUSDT,D,L,2021-06-08,False,0,1.6473975636766334,1.8870431893687705,0.5339014914149642,0.0
LTCUSDT,D,H,2021-09-03,True,0,4.423988842398884,18.66201766620177,0.8083692456401789,1.0
LTCUSDT,D,L,2021-06-20,False,0,1.911696118567652,2.6749235632481727,0.5832015185068017,0.0
LTCUSDT,D,H,2021-06-14,True,0,1.523890135003597,1.0653011130390615,0.4114416475972539,1.0
LTCUSDT,D,L,2021-06-18,False,0,1.658016857656974,0.7544275026044128,0.31272327562517177,0.0
LTCUSDT,D,H,2021-08-13,True,0,3.4253788851785254,1.2946313896737742,0.2742857142857144,0.0
LTCUSDT,D,L,2021-07-20,False,0,4.231134270028845,1.6010049316088215,0.2745141836050928,1.0
LTCUSDT,D,H,2021-06-28,False,0,1.2850014394012097,2.9266864984166583,0.6948963317384368,1.0
LTCUSDT,D,L,2021-07-17,False,0,2.418381583536798,1.83972793861179,0.43205275229357804,0.0
LTCUSDT,D,H,2021-08-01,False,0,4.298730772463646,4.8212154324619645,0.5286451612903225,0.0
LTCUSDT,D,L,2021-07-08,False,0,1.5943201987930444,1.3468228611998578,0.45792497465359877,0.0
LTCUSDT,D,H,2021-08-01,False,1,4.298730772463646,4.8212154324619645,0.5286451612903225,0.0
LTCUSDT,D,L,2021-07-08,True,0,1.5943201987930444,1.3468228611998578,0.45792497465359877,0.0
LTCUSDT,D,L,2021-07-14,False,0,1.0433067489923673,1.500728925478091,0.5899008966493633,0.0
LTCUSDT,D,H,2021-07-26,False,0,3.4205256570713396,2.1351689612015012,0.3843207929713899,0.0
LTCUSDT,D,L,2022-01-22,False,0,4.352192652391053,1.2843948826708629,0.22786745964316057,0.0
LTCUSDT,D,H,2021-08-06,False,0,1.5266313320010438,4.034929185854547,0.7255030621172351,0.0
LTCUSDT,D,L,2021-12-04,False,0,3.301723427063577,3.4067782633792376,0.5078299776286355,
LTCUSDT,D,L,2021-09-21,False,0,2.217882352941176,0.6075294117647058,0.2150233177881412,1.0
LTCUSDT,D,H,2021-08-22,False,0,1.6966618287373025,0.8519593613933224,0.3342824601366737,0.0
LTCUSDT,D,L,2021-09-07,False,0,3.69000627322299,2.227380205568692,0.37641283251512725,1.0
LTCUSDT,D,H,2021-09-03,True,0,4.423988842398884,18.66201766620177,0.8083692456401789,1.0
LTCUSDT,D,L,2021-09-07,False,1,3.69000627322299,2.227380205568692,0.37641283251512725,1.0
LTCUSDT,D,H,2021-09-01,False,0,1.4871559633027527,1.0045871559633015,0.40316642120765794,0.0
LTCUSDT,D,L,2021-09-07,False,1,3.69000627322299,2.227380205568692,0.37641283251512725,1.0
LTCUSDT,D,H,2021-09-13,False,0,1.2034051148865568,11.842657721025862,0.9077572191685375,1.0
LTCUSDT,D,L,2021-09-20,False,0,1.8324907774286103,0.5705014346222166,0.23741293532338323,0.0
LTCUSDT,D,H,2021-11-09,True,0,5.307480398389486,11.239457512184783,0.679246974450919,1.0
LTCUSDT,D,L,2021-09-20,True,0,1.8324907774286103,0.5705014346222166,0.23741293532338323,0.0
LTCUSDT,D,H,2021-10-20,True,0,2.662701784197112,2.45624468988955,0.47983402489626553,1.0
LTCUSDT,D,L,2021-09-24,False,0,2.5264247846255796,0.9550198807157058,0.2743171219187209,1.0
LTCUSDT,D,H,2021-10-01,False,0,2.0554510237963477,2.2793580520199215,0.5258266309204647,0.0
LTCUSDT,D,L,2021-09-28,True,0,1.9398392894903789,0.3604356100655533,0.15669240669240678,1.0
LTCUSDT,D,L,2021-12-04,False,0,3.301723427063577,3.4067782633792376,0.5078299776286355,
LTCUSDT,D,L,2021-12-04,False,0,3.301723427063577,3.4067782633792376,0.5078299776286355,
LTCUSDT,D,H,2021-10-15,True,0,2.019107110049606,0.4869863433155716,0.194320903181662,0.0
LTCUSDT,D,H,2021-10-14,False,1,1.2988722950320022,0.48217007010057955,0.2707235265931962,0.0
LTCUSDT,D,L,2021-12-04,True,0,3.301723427063577,3.4067782633792376,0.5078299776286355,
LTCUSDT,D,H,2021-10-20,True,0,2.662701784197112,2.45624468988955,0.47983402489626553,1.0
LTCUSDT,D,L,2021-10-27,False,0,2.8682809548342774,1.0338313584063201,0.26494146642020955,1.0
LTCUSDT,D,H,2021-11-08,True,0,3.19264749481174,0.5910465461013913,0.1562088635366384,0.0
LTCUSDT,D,L,2021-10-27,True,0,2.8682809548342774,1.0338313584063201,0.26494146642020955,1.0
LTCUSDT,D,H,2021-11-02,False,0,2.151081267897699,0.9594154241137549,0.3084444444444444,0.0
LTCUSDT,D,L,2021-12-04,True,0,3.301723427063577,3.4067782633792376,0.5078299776286355,
LTCUSDT,D,H,2021-11-08,True,0,3.19264749481174,0.5910465461013913,0.1562088635366384,0.0
LTCUSDT,D,L,2021-11-26,False,0,1.561451719890079,1.1351590385040584,0.42095769104624453,0.0
LTCUSDT,D,L,2021-11-16,True,0,2.953918233746229,1.770553879725306,0.37476226702168125,0.0
LTCUSDT,D,L,2021-11-26,True,0,1.561451719890079,1.1351590385040584,0.42095769104624453,0.0
LTCUSDT,D,L,2021-11-26,True,0,1.561451719890079,1.1351590385040584,0.42095769104624453,0.0
LTCUSDT,D,L,2021-12-03,False,0,1.9134668773758168,1.0727373681288173,0.3592310772927513,0.0
LTCUSDT,D,L,2022-01-07,False,0,2.8376808922481307,3.566780348419211,0.5569212170058436,1.0
LTCUSDT,D,H,2021-12-23,True,0,2.016790688799848,0.576098708897793,0.22218406593406587,1.0
LTCUSDT,D,H,2021-12-19,False,0,0.9572649572649577,0.748449807273336,0.43878954607977955,0.0
LTCUSDT,D,L,2022-01-05,True,0,2.496412071168778,0.9041580654674166,0.2658842573856746,0.0
LTCUSDT,D,H,2021-12-23,True,0,2.016790688799848,0.576098708897793,0.22218406593406587,1.0
LTCUSDT,D,L,2022-01-05,True,0,2.496412071168778,0.9041580654674166,0.2658842573856746,0.0
LTCUSDT,D,H,2022-01-17,False,0,3.419514532098372,1.7404982433727239,0.3373050259965337,1.0
LTCUSDT,D,L,2022-01-21,True,0,4.057492444903074,1.1093093535785365,0.21469942081086482,0.0
LTCUSDT,D,L,2022-02-24,False,1,3.451654938754235,3.1342194422726086,0.4759002770083103,1.0
LTCUSDT,D,H,2022-02-01,False,0,1.148279793441084,3.6391925424183476,0.7601490488331043,1.0
LTCUSDT,D,L,2022-02-21,True,0,3.3553625984885027,0.7338800450233154,0.17946600605560137,0.0
LTCUSDT,D,H,2022-02-01,True,0,1.148279793441084,3.6391925424183476,0.7601490488331043,1.0
LTCUSDT,D,L,2022-02-21,True,1,3.3553625984885027,0.7338800450233154,0.17946600605560137,0.0
LTCUSDT,D,H,2022-02-04,True,0,1.7903563941299794,3.4150943396226423,0.6560612162706403,1.0
LTCUSDT,D,L,2022-02-21,True,1,3.3553625984885027,0.7338800450233154,0.17946600605560137,0.0
LTCUSDT,D,H,2024-12-05,False,0,4.176540210552544,1.5610789260574356,0.2720778233774131,1.0
LTCUSDT,D,L,2022-02-17,True,0,1.8919233971690248,1.2857618651124065,0.4046221570066032,0.0
LTCUSDT,D,H,2022-03-28,False,0,4.575735294117647,2.8017156862745094,0.37976744186046507,1.0
LTCUSDT,D,L,2022-05-09,True,0,4.936975742462026,0.9918385853547949,0.1672912205567452,0.0
LTCUSDT,D,H,2022-03-19,True,0,2.6273813749852084,2.6290379836705697,0.5001575795776866,0.0
LTCUSDT,D,L,2022-03-07,True,0,2.136899131481641,0.834293576403819,0.28079416531604556,1.0
LTCUSDT,D,L,2022-04-30,True,1,3.505132648980136,0.8212238368217581,0.1898188093183781,0.0
LTCUSDT,D,H,2022-03-16,True,0,1.5548942501859926,0.7142097991284936,0.31475409836065554,0.0
LTCUSDT,D,H,2022-03-15,False,0,1.5920926772239352,0.3660325220533523,0.1869300911854099,0.0
LTCUSDT,D,L,2022-04-25,False,0,1.8468634686346874,1.5461254612546118,0.4556824361065794,0.0
LTCUSDT,D,H,2022-03-27,True,0,4.950779428010311,0.501779796244014,0.09202647336905101,0.0
LTCUSDT,D,H,2024-12-02,False,0,4.987333755541483,1.1914186193793541,0.19282511210762332,0.0
LTCUSDT,D,L,2022-04-06,True,0,3.411090692898064,1.6404713003999574,0.3247453565008989,0.0
LTCUSDT,D,L,2022-04-11,True,0,4.860302167724982,0.25596671775782814,0.050029958058717856,0.0
LTCUSDT,D,L,2022-04-25,False,0,1.8468634686346874,1.5461254612546118,0.4556824361065794,0.0
LTCUSDT,D,H,2024-12-01,True,1,3.8246551724137934,1.742758620689655,0.31302839800563625,0.0
LTCUSDT,D,L,2022-04-22,False,0,1.7208077260755041,0.6496927129060585,0.2740740740740743,0.0
LTCUSDT,D,H,2023-07-02,False,1,4.819531170027639,0.21066639369433912,0.041880341880341856,1.0
LTCUSDT,D,L,2022-04-30,True,1,3.505132648980136,0.8212238368217581,0.1898188093183781,0.0
LTCUSDT,D,L,2022-05-06,False,0,1.7865468674113634,0.9060223409422071,0.33648989898989967,0.0
LTCUSDT,D,H,2023-06-30,True,0,6.214993804213137,1.2664188351920707,0.1692753623188407,0.0
LTCUSDT,D,L,2022-06-11,True,0,3.5733049343272976,0.28328008519701825,0.07345360824742274,0.0
LTCUSDT,D,H,2022-11-23,True,1,3.40117849251166,4.8465504542106554,0.5876224213377789,
LTCUSDT,D,L,2022-05-26,True,0,1.575538804544007,1.3481261280390702,0.4611082867310626,0.0
LTCUSDT,D,H,2022-11-23,True,1,3.40117849251166,4.8465504542106554,0.5876224213377789,
LTCUSDT,D,L,2022-06-07,False,0,1.631067961165049,2.2653721682847894,0.5813953488372092,0.0
LTCUSDT,D,H,2022-11-05,False,0,4.453749999999999,1.3825000000000027,0.23688155922039017,1.0
LTCUSDT,D,L,2022-06-07,False,0,1.631067961165049,2.2653721682847894,0.5813953488372092,0.0
LTCUSDT,D,H,2022-09-13,False,0,1.5288069491224947,2.873958517993264,0.6527621195039461,1.0
LTCUSDT,D,L,2026-06-24,False,1,2.9082412914188622,1.3203058623619366,0.3122362869198311,1.0
LTCUSDT,D,H,2022-06-19,True,0,2.591493308599444,2.274281171326355,0.4674037361799466,
LTCUSDT,D,L,2026-06-06,True,0,5.439672801635991,0.5105657805044309,0.08580593424218126,0.0
LTCUSDT,D,H,2022-06-23,False,0,2.4125679758308154,1.8288821752265854,0.43119266055045863,
LTCUSDT,D,L,2022-06-30,False,0,1.362381989832971,2.5112563543936086,0.648293963254593,1.0
LTCUSDT,D,H,2022-07-20,False,0,3.2584412826502436,2.7827564238691878,0.46062992125984265,
LTCUSDT,D,H,2022-07-17,False,0,2.8513542333120068,1.4182128385583284,0.33216783216783224,0.0
LTCUSDT,D,L,2022-07-12,True,0,2.137509850275808,1.6079590228526397,0.42930780559646536,1.0
LTCUSDT,D,H,2022-07-16,True,0,2.800632196884173,0.4456988033416111,0.13729308666017498,0.0
LTCUSDT,D,L,2026-02-06,False,0,1.4603330068560236,3.0943519425399937,0.6793778223783241,
LTCUSDT,D,H,2022-07-28,True,0,3.0070974971983566,0.8158386253268578,0.21340629274965786,1.0
LTCUSDT,D,H,2022-07-28,True,0,3.0070974971983566,0.8158386253268578,0.21340629274965786,1.0
LTCUSDT,D,L,2022-08-27,False,0,3.388585420983236,1.782633264268223,0.34472208057113707,1.0
LTCUSDT,D,H,2022-08-13,False,0,1.9813374805598747,0.8584758942457225,0.3023001095290251,1.0
LTCUSDT,D,L,2022-08-19,True,0,3.5753660637381555,0.6180017226528866,0.1473759884974841,0.0
LTCUSDT,D,H,2022-08-08,False,0,1.6030534351145032,0.5396946564885502,0.2518703241895265,0.0
LTCUSDT,D,H,2022-08-13,False,1,1.9813374805598747,0.8584758942457225,0.3023001095290251,1.0
LTCUSDT,D,L,2022-08-19,True,0,3.5753660637381555,0.6180017226528866,0.1473759884974841,0.0
LTCUSDT,D,H,2022-09-13,False,0,1.5288069491224947,2.873958517993264,0.6527621195039461,1.0
LTCUSDT,D,L,2022-08-18,False,0,1.7259462888559964,0.766758299851976,0.3076009501187643,0.0
LTCUSDT,D,L,2022-08-26,False,1,3.743756345177665,0.2103553299492391,0.053199137311286976,0.0
LTCUSDT,D,H,2022-08-26,False,0,0.2103553299492391,3.743756345177665,0.9468008626887131,1.0
LTCUSDT,D,H,2022-09-02,True,0,2.458015267175573,1.2958015267175576,0.34519572953736655,0.0
LTCUSDT,D,L,2022-09-19,False,1,3.300483091787439,1.496940418679549,0.31203007518796994,
LTCUSDT,D,H,2022-09-01,True,0,1.6150627615062758,0.20920502092050206,0.11467889908256881,0.0
LTCUSDT,D,L,2022-09-19,False,1,3.300483091787439,1.496940418679549,0.31203007518796994,
LTCUSDT,D,H,2022-09-06,False,0,0.6716079884702505,3.3782170063825396,0.8341637010676153,0.0
LTCUSDT,D,H,2022-09-10,True,0,2.619322278298484,0.6434751261715943,0.19721577726218129,0.0
LTCUSDT,D,L,2022-09-18,True,0,3.551918158567775,0.20051150895140743,0.053435114503816994,0.0
LTCUSDT,D,H,2022-09-13,False,0,1.5288069491224947,2.873958517993264,0.6527621195039461,1.0
LTCUSDT,D,H,2022-11-04,True,0,4.6001931434089816,1.0376629647513305,0.18405275779376534,0.0
LTCUSDT,D,L,2022-10-13,False,0,1.9067898754519892,2.7336279630373643,0.589090909090909,1.0
LTCUSDT,D,H,2022-09-24,False,0,0.8194301407483685,3.390662547202198,0.8053652968036532,1.0
LTCUSDT,D,H,2022-10-25,False,1,3.6011235955056144,6.500000000000002,0.6434927697441605,0.0
LTCUSDT,D,H,2022-10-04,False,1,1.532460996477102,0.2466029189733252,0.13861386138613785,1.0
LTCUSDT,D,L,2022-10-13,False,0,1.9067898754519892,2.7336279630373643,0.589090909090909,1.0
LTCUSDT,D,H,2022-10-04,True,0,1.532460996477102,0.2466029189733252,0.13861386138613785,1.0
LTCUSDT,D,L,2022-10-11,False,0,1.8150851581508498,0.5352798053527987,0.2277432712215325,0.0
LTCUSDT,D,H,2022-10-25,True,1,3.6011235955056144,6.500000000000002,0.6434927697441605,0.0
LTCUSDT,D,L,2022-10-11,True,0,1.8150851581508498,0.5352798053527987,0.2277432712215325,0.0
LTCUSDT,D,H,2022-10-25,True,0,3.6011235955056144,6.500000000000002,0.6434927697441605,0.0
LTCUSDT,D,L,2022-11-09,False,0,4.607723577235772,0.9024390243902433,0.16377720398376974,1.0
LTCUSDT,D,H,2022-10-22,False,0,2.264276781992497,1.348061692371822,0.3731825525040388,0.0
LTCUSDT,D,L,2022-11-09,False,0,4.607723577235772,0.9024390243902433,0.16377720398376974,1.0
LTCUSDT,D,H,2022-11-02,True,1,3.1315789473684204,2.9518613607188735,0.48522895125553944,0.0
LTCUSDT,D,L,2022-11-09,True,0,4.607723577235772,0.9024390243902433,0.16377720398376974,1.0
LTCUSDT,D,H,2022-11-02,True,1,3.1315789473684204,2.9518613607188735,0.48522895125553944,0.0
LTCUSDT,D,L,2022-11-08,False,1,3.908042018253831,1.0366798691234724,0.2096538274012678,0.0
LTCUSDT,D,H,2022-11-23,True,1,3.40117849251166,4.8465504542106554,0.5876224213377789,
LTCUSDT,D,L,2026-02-06,False,0,1.4603330068560236,3.0943519425399937,0.6793778223783241,
LTCUSDT,D,H,2022-11-19,False,0,1.6410998552821996,1.4618724256929758,0.4711200401808137,0.0
LTCUSDT,D,L,2024-08-05,False,0,5.454682211357657,2.279804437758556,0.2947583390061265,
LTCUSDT,D,L,2023-08-17,False,0,6.243650452001728,3.4080929832113647,0.3531064626912268,
LTCUSDT,D,H,2022-12-05,False,0,0.8706950927210811,4.770278793995205,0.8456480901690668,1.0
LTCUSDT,D,L,2022-12-16,True,0,3.5292153589315545,1.8282322389167114,0.3412506059137176,1.0
LTCUSDT,D,H,2022-12-05,False,0,0.8706950927210811,4.770278793995205,0.8456480901690668,1.0
LTCUSDT,D,L,2022-12-08,False,0,1.4241560390097527,1.6237059264816214,0.5327360441075122,0.0
LTCUSDT,D,H,2023-01-11,False,0,3.1122774133083397,6.053983130271786,0.6604637847122816,
LTCUSDT,D,L,2022-12-12,False,0,2.2148878923766793,1.428878923766819,0.3921433494141978,0.0
LTCUSDT,D,L,2022-12-15,True,0,1.9007900055116667,0.4938453058974835,0.20622986036519886,0.0
LTCUSDT,D,H,2023-01-08,False,0,1.8463106400326115,1.7977986139421096,0.4933437744714173,0.0
LTCUSDT,D,L,2023-08-17,False,0,6.243650452001728,3.4080929832113647,0.3531064626912268,
LTCUSDT,D,H,2022-12-25,True,0,2.211378977820636,2.886403085824493,0.566207627118644,0.0
LTCUSDT,D,H,2023-01-02,True,0,3.1442566740142044,1.7521430320842508,0.3578431372549019,0.0
LTCUSDT,D,L,2023-03-11,False,0,5.69517971579827,1.6071329061019763,0.22008547008546994,1.0
LTCUSDT,D,H,2023-01-08,True,0,1.8463106400326115,1.7977986139421096,0.4933437744714173,0.0
LTCUSDT,D,L,2023-03-10,True,0,5.512614846142624,1.1923581741286275,0.17783191230207074,0.0
LTCUSDT,D,H,2023-01-21,False,0,1.2184793070259858,3.693936477382097,0.7519592476489029,
LTCUSDT,D,H,2023-01-20,True,0,3.6803493449781657,0.34847161572052265,0.08649468892260971,0.0
LTCUSDT,D,L,2023-03-08,False,0,3.6450807391376707,2.444814383219575,0.4014542671259088,0.0
LTCUSDT,D,H,2023-01-29,True,0,1.9403905447070908,2.5118191161356624,0.564173591874423,1.0
LTCUSDT,D,L,2023-03-03,False,0,1.9766187050359685,2.2334532374100715,0.5305023923444978,0.0
LTCUSDT,D,H,2023-02-01,True,0,2.797378627791895,1.2582586598903303,0.31024930747922436,1.0
LTCUSDT,D,H,2023-02-15,True,0,2.9386415525114145,0.867009132420092,0.22782152230971148,1.0
LTCUSDT,D,L,2023-02-09,True,0,2.146599856836076,1.3047959914101657,0.37804878048780516,1.0
LTCUSDT,D,H,2023-02-15,True,1,2.9386415525114145,0.867009132420092,0.22782152230971148,1.0
LTCUSDT,D,L,2023-02-13,False,0,2.2748264626717667,1.0868394956792757,0.3233038348082598,1.0
LTCUSDT,D,L,2023-03-03,False,0,1.9766187050359685,2.2334532374100715,0.5305023923444978,0.0
LTCUSDT,D,H,2023-06-30,True,0,6.214993804213137,1.2664188351920707,0.1692753623188407,0.0
LTCUSDT,D,L,2023-02-24,True,0,3.0732752026923658,0.7281627657947084,0.19154929577464821,0.0
LTCUSDT,D,L,2023-03-03,False,0,1.9766187050359685,2.2334532374100715,0.5305023923444978,0.0
LTCUSDT,D,H,2023-04-14,False,0,2.037623762376236,2.633663366336634,0.56379821958457,1.0
LTCUSDT,D,L,2023-03-07,False,0,2.811627906976743,1.07674418604651,0.2769138755980859,0.0
LTCUSDT,D,L,2023-08-17,True,0,6.243650452001728,3.4080929832113647,0.3531064626912268,
LTCUSDT,D,H,2023-03-23,True,0,2.1501447178002895,0.607814761215629,0.22038567493112934,0.0
LTCUSDT,D,H,2023-03-22,False,1,2.913446243099091,0.1467203144006743,0.04794520547945225,0.0
LTCUSDT,D,L,2023-05-08,False,0,2.943168077388148,3.0640870616686797,0.5100644122383253,1.0
LTCUSDT,D,H,2023-04-11,False,1,1.3160867188923293,1.0686828201858256,0.4481283422459893,0.0
LTCUSDT,D,L,2023-04-21,True,0,3.7873095695902954,1.8035793521668408,0.32259259259259293,0.0
LTCUSDT,D,H,2023-04-11,False,1,1.3160867188923293,1.0686828201858256,0.4481283422459893,0.0
LTCUSDT,D,L,2023-04-07,False,0,1.127559532837859,1.0744729258304269,0.48794599807135974,1.0
LTCUSDT,D,L,2023-04-19,False,0,4.017481867212199,1.2836153989213335,0.24214145383104158,0.0
LTCUSDT,D,H,2023-04-14,False,0,2.037623762376236,2.633663366336634,0.56379821958457,1.0
LTCUSDT,D,H,2023-06-30,True,0,6.214993804213137,1.2664188351920707,0.1692753623188407,0.0
LTCUSDT,D,L,2023-05-06,True,1,1.7603038936372266,1.7656220322886975,0.5007541478129711,0.0
LTCUSDT,D,H,2023-05-17,False,0,4.147577092511012,2.1475770925110127,0.34114765570328903,1.0
LTCUSDT,D,L,2023-05-06,True,1,1.7603038936372266,1.7656220322886975,0.5007541478129711,0.0
LTCUSDT,D,H,2023-05-17,True,0,4.147577092511012,2.1475770925110127,0.34114765570328903,1.0
LTCUSDT,D,L,2023-05-06,True,0,1.7603038936372266,1.7656220322886975,0.5007541478129711,0.0
LTCUSDT,D,H,2023-05-16,True,0,3.3591018444266214,0.3749799518845231,0.10042092603728216,0.0
LTCUSDT,D,L,2023-06-10,False,0,4.801139219299714,2.835650862791088,0.3713144963144964,1.0
LTCUSDT,D,H,2023-06-01,False,0,3.3261400651465793,2.6905537459283373,0.44718143060161053,1.0
LTCUSDT,D,H,2023-06-01,True,0,3.3261400651465793,2.6905537459283373,0.44718143060161053,1.0
LTCUSDT,D,L,2023-06-10,True,0,4.801139219299714,2.835650862791088,0.3713144963144964,1.0
LTCUSDT,D,L,2023-06-05,False,0,2.6400000000000015,1.3839999999999995,0.34393638170974133,0.0
LTCUSDT,D,H,2023-06-30,True,0,6.214993804213137,1.2664188351920707,0.1692753623188407,0.0
LTCUSDT,D,L,2023-06-10,True,0,4.801139219299714,2.835650862791088,0.3713144963144964,1.0
LTCUSDT,D,L,2023-06-14,False,0,4.583010033444816,1.515183946488295,0.24846437346437356,1.0
LTCUSDT,D,H,2023-06-20,True,0,2.2728881737731297,3.888012872083668,0.6310786106032906,0.0
LTCUSDT,D,L,2023-08-17,True,0,6.243650452001728,3.4080929832113647,0.3531064626912268,
LTCUSDT,D,L,2023-08-16,True,0,3.128972729136767,1.2401066229239313,0.2838370565045995,0.0
LTCUSDT,D,H,2023-06-30,True,0,6.214993804213137,1.2664188351920707,0.1692753623188407,0.0
LTCUSDT,D,L,2023-08-07,False,1,3.192167275141059,1.5821440424825735,0.3313868613138681,0.0
LTCUSDT,D,H,2024-12-01,True,1,3.8246551724137934,1.742758620689655,0.31302839800563625,0.0
LTCUSDT,D,L,2023-07-10,False,0,2.2812333864965444,2.066631224525961,0.475320970042796,0.0
LTCUSDT,D,L,2023-07-17,False,1,1.9781030310014984,1.961968422265759,0.4979524979524978,0.0
LTCUSDT,D,H,2024-03-11,False,0,4.111373785132652,1.3471674984677344,0.24679991017291703,
LTCUSDT,D,L,2023-07-17,False,1,1.9781030310014984,1.961968422265759,0.4979524979524978,0.0
LTCUSDT,D,L,2023-07-24,True,0,1.5702127659574452,1.9340425531914893,0.5519125683060112,0.0
LTCUSDT,D,H,2024-03-11,True,0,4.111373785132652,1.3471674984677344,0.24679991017291703,
LTCUSDT,D,L,2023-08-02,False,0,2.316069057104913,1.986719787516601,0.4617283950617286,0.0
LTCUSDT,D,H,2024-03-11,True,1,4.111373785132652,1.3471674984677344,0.24679991017291703,
LTCUSDT,D,L,2023-08-07,False,1,3.192167275141059,1.5821440424825735,0.3313868613138681,0.0
LTCUSDT,D,L,2023-08-15,False,0,1.7588652482269518,1.0156028368794325,0.36605316973415114,0.0
LTCUSDT,D,H,2024-03-01,False,0,5.075494549858697,3.167945094872832,0.3842989372643129,0.0
LTCUSDT,D,L,2024-08-05,False,0,5.454682211357657,2.279804437758556,0.2947583390061265,
LTCUSDT,D,H,2023-08-29,True,0,1.2776561710725707,3.915473985519453,0.7539718565592377,1.0
LTCUSDT,D,L,2023-09-01,False,0,2.7379813742763672,2.797885728668515,0.5054105665181413,
LTCUSDT,D,L,2023-08-31,False,1,1.7392405063291128,0.5012658227848115,0.2237288135593226,0.0
LTCUSDT,D,L,2023-08-31,True,1,1.7392405063291128,0.5012658227848115,0.2237288135593226,0.0
LTCUSDT,D,H,2023-10-24,False,0,4.027051397655552,6.863240156296972,0.6302163833075733,
LTCUSDT,D,L,2023-09-06,False,0,0.8900059136605533,3.2454169130691946,0.7847847847847855,1.0
LTCUSDT,D,H,2023-09-15,True,0,3.5518518518518567,2.1043209876543183,0.3720397249809009,0.0
LTCUSDT,D,L,2023-09-10,True,0,1.3740590619571502,2.460335842501451,0.6416490486257933,1.0
LTCUSDT,D,H,2023-09-15,True,0,3.5518518518518567,2.1043209876543183,0.3720397249809009,0.0
LTCUSDT,D,L,2024-01-03,False,0,3.9758118701007814,3.2076147816349394,0.4465298996071587,
LTCUSDT,D,L,2023-10-09,False,1,1.545360469127288,2.612625043118321,0.6283391405342625,1.0
LTCUSDT,D,H,2023-10-01,False,0,2.2561323445521997,1.0222475755847076,0.31181485992691715,1.0
LTCUSDT,D,L,2023-09-25,False,0,1.4099729796118865,0.691230655858513,0.3289689034369894,1.0
LTCUSDT,D,L,2023-10-09,False,1,1.545360469127288,2.612625043118321,0.6283391405342625,1.0
LTCUSDT,D,H,2023-10-23,True,0,4.147500000000006,0.7349999999999975,0.15053763440860152,0.0
LTCUSDT,D,L,2023-10-09,False,1,1.545360469127288,2.612625043118321,0.6283391405342625,1.0
LTCUSDT,D,H,2023-10-16,False,0,1.7175542406311652,3.125838264299804,0.6453819840364879,1.0
LTCUSDT,D,L,2023-10-18,False,0,3.202072538860112,1.3316062176165824,0.2937142857142855,1.0
LTCUSDT,D,H,2023-10-23,True,0,4.147500000000006,0.7349999999999975,0.15053763440860152,0.0
LTCUSDT,D,L,2024-01-03,False,0,3.9758118701007814,3.2076147816349394,0.4465298996071587,
LTCUSDT,D,H,2023-11-06,True,0,2.4191176470588247,3.306228373702421,0.5774722369116868,1.0
LTCUSDT,D,L,2024-01-03,False,1,3.9758118701007814,3.2076147816349394,0.4465298996071587,
LTCUSDT,D,L,2023-11-21,True,0,1.928535648689264,0.38570712973785415,0.16666666666666716,1.0
LTCUSDT,D,H,2023-11-05,True,0,1.5258126195028707,0.36881240705332324,0.19466248037676515,0.0
LTCUSDT,D,H,2023-11-09,False,0,2.4550869668811037,3.8527519656897793,0.6107879428873614,1.0
LTCUSDT,D,H,2023-11-12,False,0,2.1362021318594544,2.8906435057244373,0.5750412314458495,1.0
LTCUSDT,D,L,2023-11-21,True,1,1.928535648689264,0.38570712973785415,0.16666666666666716,1.0
LTCUSDT,D,H,2023-12-08,True,0,3.1449275362318816,2.908212560386476,0.4804469273743021,1.0
LTCUSDT,D,L,2023-11-18,False,1,1.042308953755331,0.6061003607740244,0.3676880222841223,0.0
LTCUSDT,D,H,2023-12-04,False,0,2.0296089385474847,1.536871508379885,0.4309210526315786,0.0
LTCUSDT,D,L,2023-11-21,True,1,1.928535648689264,0.38570712973785415,0.16666666666666716,1.0
LTCUSDT,D,H,2023-11-25,False,0,1.7531622696060705,0.6425731839537424,0.26821541710665325,0.0
LTCUSDT,D,L,2024-01-03,False,1,3.9758118701007814,3.2076147816349394,0.4465298996071587,
LTCUSDT,D,H,2023-12-02,False,0,1.6429324894514732,0.8048523206751083,0.32880844645550655,0.0
LTCUSDT,D,L,2024-01-03,True,1,3.9758118701007814,3.2076147816349394,0.4465298996071587,
LTCUSDT,D,H,2023-12-08,True,0,3.1449275362318816,2.908212560386476,0.4804469273743021,1.0
LTCUSDT,D,L,2023-12-11,False,0,2.53319448060401,1.7896381150741978,0.41399662731871817,0.0
LTCUSDT,D,H,2024-02-29,True,0,4.486646884272996,1.8832838773491636,0.29565217391304405,0.0
LTCUSDT,D,L,2023-12-18,False,0,2.447063523771475,0.8697562924490612,0.2622259696458684,0.0
LTCUSDT,D,H,2023-12-22,False,0,1.6369320550229263,1.747811588161737,0.5163793103448281,1.0
LTCUSDT,D,L,2024-01-03,True,1,3.9758118701007814,3.2076147816349394,0.4465298996071587,
LTCUSDT,D,L,2024-01-03,True,0,3.9758118701007814,3.2076147816349394,0.4465298996071587,
LTCUSDT,D,H,2023-12-26,False,0,1.1845603271983647,2.268916155419224,0.6569948186528497,1.0
LTCUSDT,D,L,2024-01-03,True,0,3.9758118701007814,3.2076147816349394,0.4465298996071587,
LTCUSDT,D,H,2024-02-28,False,0,3.0389161141539356,2.054194292303259,0.4033280507131538,0.0
LTCUSDT,D,L,2024-01-03,True,0,3.9758118701007814,3.2076147816349394,0.4465298996071587,
LTCUSDT,D,H,2024-01-12,False,0,2.4545985401459873,1.0075912408759111,0.2910271546635179,
LTCUSDT,D,L,2024-08-05,True,1,5.454682211357657,2.279804437758556,0.2947583390061265,
LTCUSDT,D,L,2024-07-05,False,0,4.684026970471981,1.8293420134852345,0.28085957021489244,1.0
LTCUSDT,D,H,2024-02-28,False,0,3.0389161141539356,2.054194292303259,0.4033280507131538,0.0
LTCUSDT,D,L,2024-01-23,True,0,1.9206438330525921,1.1817331087404095,0.3809121621621625,1.0
LTCUSDT,D,H,2024-02-11,False,0,2.8281189648512943,3.0768636539204297,0.5210622710622708,0.0
LTCUSDT,D,L,2024-07-05,True,0,4.684026970471981,1.8293420134852345,0.28085957021489244,1.0
LTCUSDT,D,H,2024-02-08,True,0,2.2304182509505748,1.2243346007604536,0.35439137134052295,0.0
LTCUSDT,D,L,2024-07-04,True,0,4.030867482703562,0.8158594997339026,0.16833205226748693,0.0
LTCUSDT,D,H,2024-02-08,True,0,2.2304182509505748,1.2243346007604536,0.35439137134052295,0.0
LTCUSDT,D,L,2024-07-04,True,0,4.030867482703562,0.8158594997339026,0.16833205226748693,0.0
LTCUSDT,D,H,2024-02-27,True,0,2.7968172776356925,1.265132139812444,0.31145935357492605,0.0
LTCUSDT,D,L,2024-02-17,False,0,1.5695067264573996,1.6502242152466404,0.5125348189415047,1.0
LTCUSDT,D,L,2024-02-20,False,0,1.7008928571428583,1.5044642857142878,0.4693593314763233,1.0
LTCUSDT,D,H,2024-02-26,True,0,2.0372526193247964,0.5989522700814897,0.2272024729520864,0.0
LTCUSDT,D,L,2024-07-04,True,0,4.030867482703562,0.8158594997339026,0.16833205226748693,0.0
LTCUSDT,D,H,2024-03-11,True,0,4.111373785132652,1.3471674984677344,0.24679991017291703,
LTCUSDT,D,L,2024-06-24,True,1,3.7611940298507474,0.9243612446243357,0.19727891156462574,0.0
LTCUSDT,D,H,2024-03-29,True,0,4.657486021950715,0.8566991095464896,0.15536277602523654,1.0
LTCUSDT,D,L,2024-03-16,False,0,2.13808149764234,1.3439369413751852,0.3859649122807018,1.0
LTCUSDT,D,L,2024-04-13,False,0,3.1594520547945204,0.746301369863014,0.19107744107744115,
LTCUSDT,D,H,2024-04-01,False,0,3.0847927179182744,2.1844266350054413,0.41456361724500523,1.0
LTCUSDT,D,H,2024-12-01,True,0,3.8246551724137934,1.742758620689655,0.31302839800563625,0.0
LTCUSDT,D,L,2024-04-12,True,0,2.2496397117694147,1.0177742193755002,0.31149228130360207,0.0
LTCUSDT,D,L,2024-04-10,False,0,1.0470109346316534,0.4268497086758728,0.2896133434420022,0.0
LTCUSDT,D,H,2024-11-23,False,0,2.2857142857142856,1.6953223767383057,0.42584947602413464,0.0
LTCUSDT,D,L,2024-06-24,True,1,3.7611940298507474,0.9243612446243357,0.19727891156462574,0.0
LTCUSDT,D,L,2024-05-01,False,0,1.925085130533485,2.1748013620885347,0.5304540420819489,1.0
LTCUSDT,D,L,2024-04-29,False,0,1.14427383237364,1.7376839411388365,0.6029526029526031,0.0
LTCUSDT,D,H,2024-05-20,True,0,3.6459781529294917,6.07894736842105,0.6250893495353824,1.0
LTCUSDT,D,L,2024-06-18,True,1,2.5235626767200774,0.6861451460885951,0.21377183967111998,0.0
LTCUSDT,D,H,2024-05-17,False,0,2.072139303482583,1.5532338308457738,0.4284341978866483,0.0
LTCUSDT,D,L,2024-05-13,False,0,0.8536222647121275,1.8143190992139382,0.6800445930880724,1.0
LTCUSDT,D,H,2024-05-17,True,0,2.072139303482583,1.5532338308457738,0.4284341978866483,0.0
LTCUSDT,D,L,2024-06-07,False,0,2.957877280265343,2.623548922056388,0.4700499168053245,0.0
LTCUSDT,D,L,2024-05-23,False,0,1.360705172813732,2.370679656692183,0.6353350739773717,0.0
LTCUSDT,D,H,2024-11-16,True,0,4.641795231416548,2.0872370266479647,0.31018383425736784,0.0
LTCUSDT,D,L,2024-06-07,False,0,2.957877280265343,2.623548922056388,0.4700499168053245,0.0
LTCUSDT,D,H,2024-11-15,False,0,2.5129290790866476,1.2511719340692562,0.3323959505061865,0.0
LTCUSDT,D,L,2024-06-04,False,0,1.0160705028512222,1.45515811301192,0.5888399412628472,0.0
LTCUSDT,D,L,2024-06-07,True,0,2.957877280265343,2.623548922056388,0.4700499168053245,0.0
LTCUSDT,D,H,2024-11-15,False,1,2.5129290790866476,1.2511719340692562,0.3323959505061865,0.0
LTCUSDT,D,L,2024-06-18,True,1,2.5235626767200774,0.6861451460885951,0.21377183967111998,0.0
LTCUSDT,D,L,2024-06-17,False,0,1.2969454181271922,0.683525287931899,0.345132743362832,0.0
LTCUSDT,D,H,2024-11-11,False,0,4.727780163160155,1.7342206955774995,0.26837209302325565,0.0
LTCUSDT,D,L,2024-06-17,False,0,1.2969454181271922,0.683525287931899,0.345132743362832,0.0
LTCUSDT,D,L,2024-06-24,True,1,3.7611940298507474,0.9243612446243357,0.19727891156462574,0.0
LTCUSDT,D,L,2024-06-24,True,0,3.7611940298507474,0.9243612446243357,0.19727891156462574,0.0
LTCUSDT,D,H,2024-06-29,False,0,2.6756960120391295,1.8821168798595438,0.4129429892141755,1.0
LTCUSDT,D,L,2024-07-04,True,1,4.030867482703562,0.8158594997339026,0.16833205226748693,0.0
LTCUSDT,D,H,2024-11-10,False,1,3.8074534161490687,1.1211180124223596,0.2274732199117831,0.0
LTCUSDT,D,H,2024-07-29,False,0,2.1502392344497636,1.1086124401913895,0.340184994861254,1.0
LTCUSDT,D,L,2024-08-05,True,1,5.454682211357657,2.279804437758556,0.2947583390061265,
LTCUSDT,D,L,2024-08-05,True,0,5.454682211357657,2.279804437758556,0.2947583390061265,
LTCUSDT,D,H,2024-07-22,False,0,0.5305542396968291,1.6546660350544755,0.7572078907435498,1.0
LTCUSDT,D,L,2024-07-25,True,0,2.079243353783234,3.435582822085891,0.6229720960415313,1.0
LTCUSDT,D,H,2024-07-29,False,0,2.1502392344497636,1.1086124401913895,0.340184994861254,1.0
LTCUSDT,D,L,2024-08-01,False,0,2.2822307518627243,3.2779408444344136,0.5895395110858443,0.0
LTCUSDT,D,H,2024-11-10,False,1,3.8074534161490687,1.1211180124223596,0.2274732199117831,0.0
LTCUSDT,D,L,2026-02-06,False,0,1.4603330068560236,3.0943519425399937,0.6793778223783241,
LTCUSDT,D,H,2024-08-11,False,0,0.9869451697127947,3.6682537244662887,0.7879907621247112,
LTCUSDT,D,L,2025-10-10,False,0,7.882841927523056,8.644759059618131,0.5230498404664979,
LTCUSDT,D,L,2025-10-10,False,1,7.882841927523056,8.644759059618131,0.5230498404664979,
LTCUSDT,D,H,2024-09-05,False,1,2.4356826022671263,3.70872350911779,0.6035934868051656,
LTCUSDT,D,L,2024-08-27,True,0,3.018602029312287,0.6273957158962813,0.17207792207792255,1.0
LTCUSDT,D,H,2024-09-05,False,1,2.4356826022671263,3.70872350911779,0.6035934868051656,
LTCUSDT,D,L,2025-10-10,False,1,7.882841927523056,8.644759059618131,0.5230498404664979,
LTCUSDT,D,H,2024-09-05,False,0,2.4356826022671263,3.70872350911779,0.6035934868051656,
LTCUSDT,D,H,2024-09-22,True,0,3.1462765957446828,3.774601063829786,0.5453934095494282,1.0
LTCUSDT,D,L,2025-10-10,False,1,7.882841927523056,8.644759059618131,0.5230498404664979,
LTCUSDT,D,H,2024-09-21,True,0,2.276272306675479,0.7818902842035677,0.25567322239031737,0.0
LTCUSDT,D,L,2024-10-03,False,0,3.060130010834237,1.456121343445286,0.32241813602015085,1.0
LTCUSDT,D,H,2024-09-27,True,0,4.08037974683544,2.5075949367088657,0.38063214525891115,1.0
LTCUSDT,D,L,2024-10-01,True,0,3.5216316440049447,0.6359703337453642,0.1529656607700311,0.0
LTCUSDT,D,H,2024-10-15,False,0,3.1669137266528287,2.4530091906314895,0.4364844903988189,0.0
LTCUSDT,D,L,2025-10-10,False,0,7.882841927523056,8.644759059618131,0.5230498404664979,
LTCUSDT,D,H,2024-10-15,True,0,3.1669137266528287,2.4530091906314895,0.4364844903988189,0.0
LTCUSDT,D,L,2025-04-07,False,0,3.3724308029597125,1.7418470813921623,0.3405851462865718,1.0
LTCUSDT,D,L,2025-04-07,False,1,3.3724308029597125,1.7418470813921623,0.3405851462865718,1.0
LTCUSDT,D,H,2024-11-10,True,0,3.8074534161490687,1.1211180124223596,0.2274732199117831,0.0
LTCUSDT,D,H,2024-10-29,True,0,2.168551312139962,0.6601237465329614,0.23336853220696874,1.0
LTCUSDT,D,L,2024-11-03,False,0,2.52,0.9199999999999967,0.2674418604651156,1.0
LTCUSDT,D,H,2024-11-10,True,0,3.8074534161490687,1.1211180124223596,0.2274732199117831,0.0
LTCUSDT,D,L,2025-04-07,False,1,3.3724308029597125,1.7418470813921623,0.3405851462865718,1.0
LTCUSDT,D,L,2025-04-06,True,0,4.143963103277875,1.4228298468127156,0.255592377796189,0.0
LTCUSDT,D,H,2024-11-23,True,0,2.2857142857142856,1.6953223767383057,0.42584947602413464,0.0
LTCUSDT,D,L,2025-02-03,False,0,2.5027247103037884,3.0648293141246477,0.550480390612695,1.0
LTCUSDT,D,H,2024-12-01,True,0,3.8246551724137934,1.742758620689655,0.31302839800563625,0.0
LTCUSDT,D,L,2024-12-20,False,0,2.2687063875469677,1.4886741814278042,0.3961999999999999,1.0
LTCUSDT,D,H,2024-12-05,False,0,4.176540210552544,1.5610789260574356,0.2720778233774131,1.0
LTCUSDT,D,L,2024-12-19,False,0,2.35453216374269,0.8260233918128654,0.2597104113996782,0.0
LTCUSDT,D,H,2024-12-17,True,0,0.8845572172744078,1.7071640620623985,0.6586989409984871,1.0
LTCUSDT,D,L,2024-12-18,True,0,3.006328765615542,0.7396400858510823,0.19744960921431526,0.0
LTCUSDT,D,H,2025-01-17,True,0,5.4904358459254095,1.2582758319503877,0.18644682007610058,1.0
LTCUSDT,D,L,2025-02-03,False,0,2.5027247103037884,3.0648293141246477,0.550480390612695,1.0
LTCUSDT,D,H,2025-01-03,True,0,2.242017816034431,2.6329696727054333,0.540097729232538,1.0
LTCUSDT,D,L,2025-01-13,False,1,1.290976917696432,1.932385171368618,0.5994936708860761,1.0
LTCUSDT,D,H,2025-01-15,False,0,3.8497673387990243,2.2599157988034557,0.3698908352373698,0.0
LTCUSDT,D,L,2025-01-13,False,1,1.290976917696432,1.932385171368618,0.5994936708860761,1.0
LTCUSDT,D,H,2025-01-15,True,0,3.8497673387990243,2.2599157988034557,0.3698908352373698,0.0
LTCUSDT,D,L,2025-02-03,False,0,2.5027247103037884,3.0648293141246477,0.550480390612695,1.0
LTCUSDT,D,L,2025-01-23,False,0,2.283336609658607,2.2237074896795748,0.49338489721147966,0.0
LTCUSDT,D,L,2025-01-27,False,0,1.1698686131386862,1.8704817518248171,0.6152191449314331,1.0
LTCUSDT,D,H,2025-01-30,True,0,2.04163136875227,0.9479607890596633,0.3170869934825728,1.0
LTCUSDT,D,L,2025-02-02,False,0,2.3153136183838754,1.4872857411941984,0.3911234396671291,0.0
LTCUSDT,D,H,2025-02-16,False,0,3.809134529944908,1.2945915526331375,0.2536561585960351,
LTCUSDT,D,L,2025-04-06,True,0,4.143963103277875,1.4228298468127156,0.255592377796189,0.0
LTCUSDT,D,H,2025-02-10,True,0,3.377295492487479,1.2696160267111845,0.2732171726243936,0.0
LTCUSDT,D,H,2025-02-14,False,0,3.663187195546277,0.8565298074692643,0.1895096102029818,0.0
LTCUSDT,D,H,2025-02-19,False,0,5.404455029420004,0.6305687867750074,0.10448488787780315,
LTCUSDT,D,L,2025-02-24,True,0,2.335629469264581,3.212753395000984,0.5790432047674225,
LTCUSDT,D,L,2025-02-24,True,0,2.335629469264581,3.212753395000984,0.5790432047674225,
LTCUSDT,D,L,2025-03-04,True,0,2.2608301202086656,1.894080290315264,0.4558654948414213,0.0
LTCUSDT,D,H,2025-08-13,False,0,1.6528140141632486,1.2040626164740986,0.42146118721461256,1.0
LTCUSDT,D,L,2025-03-09,False,0,1.4677097013647016,1.1879175469651115,0.4473208910295001,0.0
LTCUSDT,D,H,2025-07-19,True,0,4.46597161888213,3.823342021430642,0.4612374663731966,0.0
LTCUSDT,D,L,2025-03-31,True,0,3.347126436781607,0.7996463306808141,0.19283582089552262,0.0
LTCUSDT,D,H,2025-03-20,False,0,0.8872026251025421,2.829573420836753,0.7612977983777524,1.0
LTCUSDT,D,L,2025-03-28,False,0,2.3135486198809305,1.0330146130254385,0.3086792452830191,0.0
LTCUSDT,D,H,2025-03-24,False,0,1.2807329413373445,3.6756461096677167,0.7415990730011588,1.0
LTCUSDT,D,H,2025-05-09,True,0,3.865479723046488,2.460929772502476,0.3889931207004381,
LTCUSDT,D,L,2025-04-03,False,0,3.1364806866952772,0.8892703862660948,0.22089552238805987,0.0
LTCUSDT,D,H,2025-05-01,True,0,4.129020052970112,2.026106696935299,0.32917383820998247,0.0
LTCUSDT,D,L,2025-04-06,True,1,4.143963103277875,1.4228298468127156,0.255592377796189,0.0
LTCUSDT,D,L,2025-10-10,False,0,7.882841927523056,8.644759059618131,0.5230498404664979,
LTCUSDT,D,H,2025-04-12,False,0,2.543374197314651,1.6263864565090482,0.39004312034496286,0.0
LTCUSDT,D,H,2025-04-21,False,0,0.9881159420289863,2.118260869565217,0.6819072501632917,0.0
LTCUSDT,D,L,2025-10-10,False,0,7.882841927523056,8.644759059618131,0.5230498404664979,
LTCUSDT,D,H,2025-05-01,True,1,4.129020052970112,2.026106696935299,0.32917383820998247,0.0
LTCUSDT,D,L,2025-05-06,False,0,1.1249794170920466,4.232504528239753,0.7900172117039588,1.0
LTCUSDT,D,H,2025-05-06,True,0,4.232504528239753,1.1249794170920466,0.20998278829604117,0.0
LTCUSDT,D,L,2025-06-20,False,1,1.6862745098039262,2.7058823529411784,0.616071428571428,1.0
LTCUSDT,D,H,2025-07-18,False,0,2.4464669865960618,2.5970544431573734,0.5149288011024347,0.0
LTCUSDT,D,H,2025-07-18,False,0,2.4464669865960618,2.5970544431573734,0.5149288011024347,0.0
LTCUSDT,D,L,2025-05-19,False,0,1.1196528208307488,2.499690018598883,0.6906474820143886,0.0
LTCUSDT,D,H,2025-05-23,False,0,0.4713963963963976,1.701126126126124,0.7830188679245277,1.0
LTCUSDT,D,L,2025-05-30,True,0,3.372418572418573,0.8925848925848912,0.20928116469517713,0.0
LTCUSDT,D,H,2025-07-17,False,0,2.5405875195550145,1.0634451590474547,0.29507089804186387,0.0
LTCUSDT,D,H,2025-07-16,False,0,2.963521150881999,1.311525946223671,0.30678631519910315,0.0
LTCUSDT,D,L,2025-06-05,False,0,3.520401554404146,0.5848445595854919,0.14246272777471,0.0
LTCUSDT,D,H,2025-06-10,True,0,2.626589595375724,1.338728323699424,0.33760932944606437,1.0
LTCUSDT,D,L,2025-06-13,False,0,1.7985299031072504,1.291012362178416,0.41786525359576077,0.0
LTCUSDT,D,H,2025-07-10,True,0,2.8889830508474583,1.251694915254236,0.3022922636103149,0.0
LTCUSDT,D,L,2025-06-20,False,1,1.6862745098039262,2.7058823529411784,0.616071428571428,1.0
LTCUSDT,D,H,2025-07-03,True,0,1.8284494469241235,1.3883174849602176,0.43158783783783766,0.0
LTCUSDT,D,L,2025-06-20,False,0,1.6862745098039262,2.7058823529411784,0.616071428571428,1.0
LTCUSDT,D,H,2025-06-28,True,0,2.972622779519333,0.7694879832810902,0.2056293979671625,0.0
LTCUSDT,D,L,2025-10-10,False,0,7.882841927523056,8.644759059618131,0.5230498404664979,
LTCUSDT,D,L,2025-07-01,False,0,1.515522875816994,2.0159313725490207,0.5708502024291497,1.0
LTCUSDT,D,H,2025-07-02,False,1,3.2556109725685793,0.4655029093931864,0.12509773260359716,0.0
LTCUSDT,D,L,2025-10-10,False,0,7.882841927523056,8.644759059618131,0.5230498404664979,
LTCUSDT,D,H,2025-07-10,True,0,2.8889830508474583,1.251694915254236,0.3022922636103149,0.0
LTCUSDT,D,L,2025-10-10,False,0,7.882841927523056,8.644759059618131,0.5230498404664979,
LTCUSDT,D,H,2025-07-16,False,0,2.963521150881999,1.311525946223671,0.30678631519910315,0.0
LTCUSDT,D,L,2025-10-10,False,0,7.882841927523056,8.644759059618131,0.5230498404664979,
LTCUSDT,D,H,2025-08-05,False,0,2.4184640193509375,1.669219915339651,0.4083534691059719,0.0
LTCUSDT,D,L,2025-07-30,False,0,0.7225884802220683,2.3426439972241506,0.7642630744849445,1.0
LTCUSDT,D,H,2025-08-04,True,0,2.663866428646436,0.17200462039273365,0.06065318818040442,0.0
LTCUSDT,D,H,2025-08-04,True,0,2.663866428646436,0.17200462039273365,0.06065318818040442,0.0
LTCUSDT,D,L,2025-09-22,False,0,3.2096881220968827,3.3560053085600536,0.5111425539441103,1.0
LTCUSDT,D,H,2025-08-12,True,0,1.754479369304803,0.22791031022832034,0.11496746203904569,0.0
LTCUSDT,D,H,2025-08-11,False,0,2.4365994236311233,1.328530259365996,0.35285112897053234,0.0
LTCUSDT,D,L,2025-08-15,False,0,1.842073223758587,1.9455604835203064,0.5136612021857925,0.0
LTCUSDT,D,H,2025-10-10,False,0,8.644759059618131,7.882841927523056,0.47695015953350206,
LTCUSDT,D,L,2025-08-18,False,0,2.091633466135458,1.8520463600144874,0.46962391513982643,0.0
LTCUSDT,D,L,2025-08-25,True,0,3.495475788008353,0.8352391369195588,0.19286403085824497,0.0
LTCUSDT,D,H,2025-10-03,False,0,4.079988532110091,2.7434059633027523,0.4020588235294118,0.0
LTCUSDT,D,L,2025-09-01,False,0,2.7772020725388606,0.9671848013816944,0.2583025830258306,0.0
LTCUSDT,D,L,2025-09-22,True,0,3.2096881220968827,3.3560053085600536,0.5111425539441103,1.0
LTCUSDT,D,L,2025-09-22,True,0,3.2096881220968827,3.3560053085600536,0.5111425539441103,1.0
LTCUSDT,D,H,2025-09-13,True,0,2.221015171380408,1.4658175688331156,0.3975817923186346,1.0
LTCUSDT,D,H,2025-10-02,False,0,4.0713855421686755,1.1090361445783146,0.21408221408221426,0.0
LTCUSDT,D,L,2025-09-22,True,0,3.2096881220968827,3.3560053085600536,0.5111425539441103,1.0
LTCUSDT,D,H,2025-10-02,True,0,4.0713855421686755,1.1090361445783146,0.21408221408221426,0.0
LTCUSDT,D,L,2025-09-25,False,0,3.6921189819073916,2.3762649494020263,0.3915811814644501,1.0
LTCUSDT,D,L,2025-10-10,True,0,7.882841927523056,8.644759059618131,0.5230498404664979,
LTCUSDT,D,H,2025-10-09,True,0,2.1581661891117485,1.6747851002865315,0.4369440083725795,0.0
LTCUSDT,D,L,2025-10-10,True,0,7.882841927523056,8.644759059618131,0.5230498404664979,
LTCUSDT,D,L,2026-02-05,True,0,2.7337733773377355,2.3821048771543807,0.4656297039638732,
LTCUSDT,D,L,2025-11-04,False,0,2.813123422665544,5.644754236269678,0.6673960612691466,1.0
LTCUSDT,D,H,2025-10-24,False,0,0.5405500705218623,3.2605782792665723,0.8577922077922077,1.0
LTCUSDT,D,L,2025-11-03,True,1,2.814343070746228,0.6105496331164317,0.17826825127334417,0.0
LTCUSDT,D,H,2025-11-08,False,0,3.511585141596175,3.751011401250459,0.5164835164835165,1.0
LTCUSDT,D,L,2025-11-03,True,1,2.814343070746228,0.6105496331164317,0.17826825127334417,0.0
LTCUSDT,D,H,2025-11-07,False,0,3.3339758004068942,0.7675339972159765,0.18713450292397676,0.0
LTCUSDT,D,L,2025-12-01,True,0,2.1225273103041027,5.348686152937702,0.7159059474412173,
LTCUSDT,D,L,2025-11-17,True,0,1.7640983267919854,1.1172622736349245,0.3877551020408164,0.0
LTCUSDT,D,L,2025-12-01,True,1,2.1225273103041027,5.348686152937702,0.7159059474412173,
LTCUSDT,D,L,2025-12-18,True,0,3.261182248728291,5.55972636379582,0.6302895322939865,
LTCUSDT,D,H,2025-12-09,False,0,1.5572192513368992,0.489126559714793,0.23902439024390162,1.0
LTCUSDT,D,L,2025-12-14,True,0,2.0644718792866907,1.0346364883401915,0.3338497288923318,0.0
LTCUSDT,D,L,2025-12-14,True,0,2.0644718792866907,1.0346364883401915,0.3338497288923318,0.0
LTCUSDT,D,L,2026-01-15,True,0,3.3013100436681193,6.6122730406803045,0.66699123661149,0.0
LTCUSDT,D,H,2025-12-27,True,0,1.4403060197302189,2.0378498087376653,0.5858995137763369,1.0
LTCUSDT,D,L,2026-01-15,True,0,3.3013100436681193,6.6122730406803045,0.66699123661149,0.0
LTCUSDT,D,H,2026-01-02,True,0,2.032762472077435,1.9597915115413238,0.49086161879895585,1.0
LTCUSDT,D,L,2026-01-12,False,0,2.378986866791746,0.3339587242026215,0.1230982019363745,0.0
LTCUSDT,D,L,2026-01-11,True,0,2.3193688792165355,1.0397170837867262,0.30952380952381026,0.0
LTCUSDT,D,L,2026-01-19,False,0,2.7281088331097925,5.136999425177238,0.653137789904502,0.0
LTCUSDT,D,L,2026-01-25,False,0,3.255536626916525,3.7373083475298103,0.5344474761255115,0.0
LTCUSDT,D,L,2026-01-29,False,0,1.1112353269983244,3.805850568287683,0.7740053050397876,0.0
LTCUSDT,D,H,2026-09-24,True,0,7.39898132427844,3.0560271646859087,0.29230269568041567,
LTCUSDT,D,L,2026-02-05,True,0,2.7337733773377355,2.3821048771543807,0.4656297039638732,
LTCUSDT,D,H,2026-09-21,True,0,4.667980850464658,3.343283582089555,0.41732283464566944,0.0
LTCUSDT,D,L,2026-06-04,False,0,3.9046875000000014,2.2804687499999976,0.36870026525198907,0.0
LTCUSDT,D,L,2026-02-23,False,0,1.994473441817623,2.712311943506294,0.5762557077625572,1.0
LTCUSDT,D,H,2026-02-25,True,0,5.052566861358744,1.9969259145404235,0.28327228327228327,
LTCUSDT,D,L,2026-02-23,True,0,1.994473441817623,2.712311943506294,0.5762557077625572,1.0
LTCUSDT,D,H,2026-02-25,True,0,5.052566861358744,1.9969259145404235,0.28327228327228327,
LTCUSDT,D,L,2026-06-01,False,1,1.3384321223709372,3.854684512428298,0.7422680412371133,0.0
LTCUSDT,D,H,2026-03-16,False,0,3.3391364902506955,1.3161559888579395,0.2827225130890054,1.0
LTCUSDT,D,L,2026-04-02,False,0,2.5928045789043344,1.219133278822569,0.31981981981982005,1.0
LTCUSDT,D,H,2026-03-16,True,0,3.3391364902506955,1.3161559888579395,0.2827225130890054,1.0
LTCUSDT,D,L,2026-04-02,False,0,2.5928045789043344,1.219133278822569,0.31981981981982005,1.0
LTCUSDT,D,H,2026-03-16,True,0,3.3391364902506955,1.3161559888579395,0.2827225130890054,1.0
LTCUSDT,D,H,2026-05-10,True,0,2.7758620689655222,0.6352087114337572,0.18621973929236482,1.0
LTCUSDT,D,H,2026-03-25,True,0,1.7622377622377619,1.2776223776223765,0.4202898550724636,1.0
LTCUSDT,D,L,2026-03-29,False,0,1.676531314521681,0.7033723331039232,0.2955465587044533,0.0
LTCUSDT,D,H,2026-04-17,False,0,2.259627866724363,1.7386412808308065,0.4348484848484843,0.0
LTCUSDT,D,L,2026-04-02,False,0,2.5928045789043344,1.219133278822569,0.31981981981982005,1.0
LTCUSDT,D,H,2026-04-07,True,0,2.499775684163304,0.8981606101390754,0.26432532347504595,0.0
LTCUSDT,D,L,2026-05-28,False,1,1.6477007014809026,0.8347622759158233,0.3362637362637367,0.0
LTCUSDT,D,H,2026-04-16,True,1,2.175556488870223,0.26459470810583935,0.10843373493975955,0.0
LTCUSDT,D,H,2026-04-16,True,1,2.175556488870223,0.26459470810583935,0.10843373493975955,0.0
LTCUSDT,D,L,2026-05-22,True,0,3.2821380243572396,0.5872801082543988,0.15177478580171377,0.0
LTCUSDT,D,H,2026-04-29,False,0,0.9869999999999975,2.751,0.7359550561797757,0.0
LTCUSDT,D,L,2026-05-17,False,0,2.4094812779113703,0.9137753349364509,0.2749638205499283,0.0
LTCUSDT,D,H,2026-04-27,False,0,1.1392156862745075,1.269607843137256,0.5270655270655278,0.0
LTCUSDT,D,H,2026-05-06,False,0,1.8100858369098694,1.8776824034334771,0.5091649694501023,0.0
LTCUSDT,D,L,2026-05-17,False,0,2.4094812779113703,0.9137753349364509,0.2749638205499283,0.0
LTCUSDT,D,L,2026-05-17,True,0,2.4094812779113703,0.9137753349364509,0.2749638205499283,0.0
LTCUSDT,D,L,2026-05-16,False,0,1.741116751269036,0.7055837563451782,0.28838174273858935,0.0
LTCUSDT,D,H,2026-09-21,True,0,4.667980850464658,3.343283582089555,0.41732283464566944,0.0
LTCUSDT,D,L,2026-05-16,True,1,1.741116751269036,0.7055837563451782,0.28838174273858935,0.0
LTCUSDT,D,H,2026-09-21,True,1,4.667980850464658,3.343283582089555,0.41732283464566944,0.0
LTCUSDT,D,L,2026-05-22,True,0,3.2821380243572396,0.5872801082543988,0.15177478580171377,0.0
LTCUSDT,D,H,2026-08-22,False,0,6.185257032007758,4.7866149369544155,0.436262376237624,0.0
LTCUSDT,D,L,2026-05-28,False,1,1.6477007014809026,0.8347622759158233,0.3362637362637367,0.0
LTCUSDT,D,L,2026-06-01,False,1,1.3384321223709372,3.854684512428298,0.7422680412371133,0.0
LTCUSDT,D,H,2026-08-21,True,0,9.156000000000002,1.3813333333333304,0.13108945969884828,0.0
LTCUSDT,D,L,2026-06-24,False,1,2.9082412914188622,1.3203058623619366,0.3122362869198311,1.0
LTCUSDT,D,L,2026-06-24,True,0,2.9082412914188622,1.3203058623619366,0.3122362869198311,1.0
LTCUSDT,D,H,2026-07-18,True,0,2.762180414857693,3.910274963820551,0.5860323886639678,0.0
LTCUSDT,D,L,2026-06-23,True,0,2.449217002237134,0.5762863534675625,0.1904761904761909,0.0
LTCUSDT,D,H,2026-07-05,False,1,2.3176512203749557,0.27732578705341465,0.10687022900763397,0.0
LTCUSDT,D,H,2026-07-18,True,1,2.762180414857693,3.910274963820551,0.5860323886639678,0.0
LTCUSDT,D,L,2026-07-13,False,0,1.257064721969006,1.5569735642661797,0.5532879818594104,1.0
LTCUSDT,D,H,2026-07-15,False,0,1.3926056338028168,0.616197183098592,0.30674846625766883,0.0
LTCUSDT,D,H,2026-07-18,True,1,2.762180414857693,3.910274963820551,0.5860323886639678,0.0
LTCUSDT,D,L,2026-08-01,False,0,2.6339869281045765,0.8692810457516331,0.24813432835820867,1.0
LTCUSDT,D,H,2026-07-21,False,0,1.9498997995992005,4.159318637274551,0.6808266360505165,1.0
LTCUSDT,D,H,2026-07-26,False,0,2.4919735599622315,3.2653446647780924,0.5671641791044774,1.0
LTCUSDT,D,L,2026-07-29,True,0,1.8755344418052262,0.911163895486939,0.3269689737470174,0.0
LTCUSDT,D,H,2026-08-20,False,0,4.416309012875542,4.9871244635193115,0.5303514376996802,0.0
LTCUSDT,D,L,2026-08-14,False,0,2.8385615914307527,1.0068859984697747,0.26183844011142027,1.0
LTCUSDT,D,H,2026-08-19,True,0,4.04576271186441,1.7322033898305087,0.299794661190965,0.0
LTCUSDT,D,H,2026-09-07,False,0,3.5259928963513087,1.9709396189861148,0.35855263157894723,0.0
LTCUSDT,D,H,2026-09-21,True,1,4.667980850464658,3.343283582089555,0.41732283464566944,0.0
LTCUSDT,D,L,2026-09-15,True,0,1.682692307692308,1.62800480769231,0.49174078780177927,1.0
LTCUSDT,D,H,2026-09-18,True,0,3.305726872246696,0.5098384728340655,0.13362068965517193,0.0
LINKUSDT,W,H,2020-05-25,False,0,0.8828358208955225,0.856716417910448,0.49249249249249255,0.0
LINKUSDT,W,H,2020-06-22,False,0,1.8873091100579251,0.5676671932596113,0.23123123123123154,0.0
LINKUSDT,W,L,2022-05-09,False,0,3.8072946733140913,1.5807399632642352,0.2933796959160019,
LINKUSDT,W,L,2020-09-21,False,0,2.6918503538928205,1.2298483316481295,0.31360092405428824,1.0
LINKUSDT,W,L,2022-05-09,False,0,3.8072946733140913,1.5807399632642352,0.2933796959160019,
LINKUSDT,W,L,2020-12-21,False,0,1.5000252461499621,1.717748043423378,0.5338312829525483,1.0
LINKUSDT,W,H,2021-01-04,False,0,2.7804157893463057,1.3783489435852747,0.3314322959100537,0.0
LINKUSDT,W,L,2020-12-21,False,0,1.5000252461499621,1.717748043423378,0.5338312829525483,1.0
LINKUSDT,W,L,2022-05-09,True,0,3.8072946733140913,1.5807399632642352,0.2933796959160019,
LINKUSDT,W,L,2021-06-21,False,0,3.0513508587804252,0.9121234783592361,0.23013230332090215,
LINKUSDT,W,L,2021-07-19,False,0,3.3314432010895545,0.7980723270234348,0.19326052210974962,
LINKUSDT,W,L,2022-02-21,False,1,0.9615483149731003,0.9150848918182453,0.487620536877769,0.0
LINKUSDT,W,H,2021-11-08,False,0,2.0035756064184347,2.9818791798176876,0.5981157803396553,1.0
LINKUSDT,W,L,2021-11-29,True,0,2.728913922588099,0.8835932986712888,0.2445928117378964,0.0
LINKUSDT,W,L,2022-01-17,False,0,1.8931976828872035,0.5112214142455379,0.21261743215031317,0.0
LINKUSDT,W,H,2024-12-09,True,0,6.823866954424274,3.2414878760949586,0.32204407402175433,
LINKUSDT,W,L,2022-02-21,False,1,0.9615483149731003,0.9150848918182453,0.487620536877769,0.0
LINKUSDT,W,H,2024-02-05,True,0,2.641084258654473,2.7883736120182885,0.5135639097744362,1.0
LINKUSDT,W,L,2022-04-25,True,0,2.0165942800950596,0.9381709415717445,0.31751116288099385,0.0
LINKUSDT,W,H,2024-01-29,False,0,2.1074821852731587,0.4790676959619962,0.18521494576135028,0.0
LINKUSDT,W,L,2022-06-13,False,0,4.9038484522529,1.2315047209274532,0.2007227108474807,
LINKUSDT,W,H,2023-10-16,True,0,4.45594501718213,7.834226804123712,0.6374383465121741,0.0
LINKUSDT,W,L,2023-06-05,True,1,4.295051511568992,1.7899003546698196,0.29415193316495053,1.0
LINKUSDT,W,L,2022-11-21,False,0,1.684780073697467,1.0526610382946966,0.38454198473282447,
LINKUSDT,W,H,2023-10-16,True,1,4.45594501718213,7.834226804123712,0.6374383465121741,0.0
LINKUSDT,W,L,2022-11-07,True,0,2.4780679120652285,0.2860976364949949,0.10350235232618944,0.0
LINKUSDT,W,L,2022-10-10,False,0,0.9886334413413576,0.7049323664043615,0.41624149659863924,1.0
LINKUSDT,W,H,2022-10-31,False,0,1.2752922208786777,0.9924425634824666,0.4376360808709176,1.0
LINKUSDT,W,L,2022-11-07,True,1,2.4780679120652285,0.2860976364949949,0.10350235232618944,0.0
LINKUSDT,W,H,2023-10-16,True,1,4.45594501718213,7.834226804123712,0.6374383465121741,0.0
LINKUSDT,W,L,2022-12-26,False,0,1.5588880387656205,0.24136699821474117,0.1340737802459342,1.0
LINKUSDT,W,H,2023-02-06,False,0,1.146236435666303,2.149394269966125,0.6521951219512195,1.0
LINKUSDT,W,L,2023-06-05,True,1,4.295051511568992,1.7899003546698196,0.29415193316495053,1.0
LINKUSDT,W,L,2023-03-06,False,0,1.7800917996848664,1.1240665890251418,0.3870541611624835,1.0
LINKUSDT,W,H,2023-04-17,False,0,1.1144325081737507,2.241943017281644,0.6679654884497634,1.0
LINKUSDT,W,L,2023-06-05,True,0,4.295051511568992,1.7899003546698196,0.29415193316495053,1.0
LINKUSDT,W,H,2023-04-10,True,0,2.1990805238227913,0.2594037336305377,0.10551368504561681,0.0
LINKUSDT,W,H,2023-10-16,True,0,4.45594501718213,7.834226804123712,0.6374383465121741,0.0
LINKUSDT,W,H,2023-10-16,True,0,4.45594501718213,7.834226804123712,0.6374383465121741,0.0
LINKUSDT,W,H,2023-10-16,True,0,4.45594501718213,7.834226804123712,0.6374383465121741,0.0
LINKUSDT,W,H,2023-12-04,False,0,5.839534704568215,1.0483013635313165,0.1521960385187507,0.0
LINKUSDT,W,H,2023-12-25,False,0,4.117698588993524,1.4769577323780632,0.2639943631096846,0.0
LINKUSDT,W,H,2024-01-29,True,0,2.1074821852731587,0.4790676959619962,0.18521494576135028,0.0
LINKUSDT,W,L,2024-04-08,False,0,2.6250372197881657,2.5407716193798118,0.4918439103118335,
LINKUSDT,W,H,2024-12-02,True,0,6.8104440540376805,1.0902647361725317,0.13799581342923076,0.0
LINKUSDT,W,L,2024-04-08,True,0,2.6250372197881657,2.5407716193798118,0.4918439103118335,
LINKUSDT,W,L,2024-07-01,False,0,2.453399094930594,2.419230182539279,0.49649379108838576,1.0
LINKUSDT,W,L,2024-07-01,True,0,2.453399094930594,2.419230182539279,0.49649379108838576,1.0
LINKUSDT,W,H,2024-11-25,False,0,3.8411599220947834,1.7160787708288248,0.3088006230529596,0.0
LINKUSDT,W,L,2024-07-29,True,0,1.665897421104252,2.1525413950268275,0.5637228979375991,1.0
LINKUSDT,W,H,2024-11-11,False,0,2.1809651936941594,2.631549898237262,0.5468138484696438,0.0
LINKUSDT,W,L,2026-02-02,False,0,2.4840072420036217,1.4527840421814948,0.3690274483226024,
LINKUSDT,W,H,2024-09-23,False,0,1.444862480539699,1.1569797612869746,0.4446771378708551,0.0
LINKUSDT,W,L,2025-10-06,False,0,2.502919267163277,3.134004429232937,0.5559777988899445,0.0
LINKUSDT,W,H,2024-11-04,True,0,2.5347977381470206,0.372988255763375,0.1282722513089004,0.0
LINKUSDT,W,L,2024-11-04,False,0,0.372988255763375,2.5347977381470206,0.8717277486910997,1.0
LINKUSDT,W,L,2025-10-06,False,1,2.502919267163277,3.134004429232937,0.5559777988899445,0.0
LINKUSDT,W,L,2025-02-03,False,0,1.4926458318434288,1.3674938615938397,0.4781213535589264,
LINKUSDT,W,H,2025-08-18,False,0,4.430101130279596,1.52587745389649,0.25619256891729925,1.0
LINKUSDT,W,L,2025-02-24,False,0,1.595656525686087,1.197109005842508,0.42864644107351224,1.0
LINKUSDT,W,L,2025-03-31,True,0,3.536989431590974,0.2708115141705543,0.07112018669778294,1.0
LINKUSDT,W,H,2025-05-05,True,0,2.0764018295781805,2.9930543791292563,0.5904093567251462,0.0
LINKUSDT,W,L,2025-10-06,False,1,2.502919267163277,3.134004429232937,0.5559777988899445,0.0
LINKUSDT,W,H,2025-07-14,True,0,3.263284081405074,3.0896013381655987,0.48633040486576157,0.0
LINKUSDT,W,L,2025-10-06,False,0,2.502919267163277,3.134004429232937,0.5559777988899445,0.0
LINKUSDT,W,L,2025-09-22,True,0,1.7368231336110225,3.012455943607818,0.634297520661157,0.0
LINKUSDT,W,L,2026-02-02,False,1,2.4840072420036217,1.4527840421814948,0.3690274483226024,
LINKUSDT,W,L,2026-01-19,True,0,1.4666706701897676,1.409500360317079,0.49006138555977774,0.0
LINKUSDT,W,H,2026-09-28,False,0,2.408121064009775,6.228874894256977,0.7211853431858003,
LINKUSDT,W,L,2026-01-19,True,1,1.4666706701897676,1.409500360317079,0.49006138555977774,0.0
LINKUSDT,W,H,2026-09-21,False,0,5.007955936352509,0.7075683394532841,0.1237976264834478,0.0
LINKUSDT,W,L,2026-06-01,False,0,2.5990708186840785,2.0760924158714222,0.44406843391614975,1.0
LINKUSDT,W,L,2026-06-01,True,0,2.5990708186840785,2.0760924158714222,0.44406843391614975,1.0
LINKUSDT,W,H,2026-05-04,True,0,1.8961219577427122,2.7618079700454676,0.5929260450160773,1.0
LINKUSDT,W,L,2026-06-01,True,1,2.5990708186840785,2.0760924158714222,0.44406843391614975,1.0
LINKUSDT,W,H,2026-05-04,True,0,1.8961219577427122,2.7618079700454676,0.5929260450160773,1.0
LINKUSDT,W,H,2026-08-17,True,0,4.382356995175741,2.7604410751206077,0.38646494664325287,0.0
LINKUSDT,D,L,2020-02-24,False,0,1.8567222767419032,2.4474975466143274,0.5686274509803921,1.0
LINKUSDT,D,H,2020-03-03,True,0,2.7192103264996206,0.5910402429764607,0.17854849068721876,0.0
LINKUSDT,D,H,2020-04-07,True,0,2.927436668097896,13.368827823100041,0.8203614902250091,
LINKUSDT,D,H,2020-04-02,False,1,1.105163557718303,1.2679102460124354,0.5342902711323761,0.0
LINKUSDT,D,H,2020-04-02,False,1,1.105163557718303,1.2679102460124354,0.5342902711323761,0.0
LINKUSDT,D,H,2020-04-06,True,0,3.2154233025984897,0.4635373009220461,0.12599681020733677,0.0
LINKUSDT,D,H,2020-04-12,False,0,4.652112276722427,6.1088743975049615,0.567687200295094,
LINKUSDT,D,H,2020-04-18,True,0,2.5721949038891374,3.664282521233796,0.5875564475664827,
LINKUSDT,D,H,2020-04-23,False,0,1.1839896707553264,3.591134064988164,0.7520504731861198,1.0
LINKUSDT,D,L,2020-05-11,False,0,2.2119861317483887,2.1738484398216946,0.4956521739130438,1.0
LINKUSDT,D,H,2020-04-29,False,0,1.5684047496128037,3.8234383066597837,0.7091152815013405,1.0
LINKUSDT,D,L,2020-05-10,False,0,4.609944751381216,1.519889502762432,0.24794952681388022,0.0
LINKUSDT,D,H,2020-05-09,True,0,1.923053802224225,3.913435527502256,0.6705118961788034,1.0
LINKUSDT,D,L,2020-05-10,False,0,4.609944751381216,1.519889502762432,0.24794952681388022,0.0
LINKUSDT,D,L,2020-05-10,False,0,4.609944751381216,1.519889502762432,0.24794952681388022,0.0
LINKUSDT,D,H,2020-05-31,False,0,1.7268093781855256,3.9007815154604173,0.6931530008453086,1.0
LINKUSDT,D,H,2020-05-18,True,0,0.9760740931309488,1.2029843066632349,0.5520661157024791,0.0
LINKUSDT,D,H,2020-05-30,True,0,2.015336354130359,0.20494945974206957,0.09230769230769197,0.0
LINKUSDT,D,L,2020-06-15,False,0,2.4030462800234327,1.2671353251318092,0.34525139664804455,1.0
LINKUSDT,D,L,2020-06-15,False,1,2.4030462800234327,1.2671353251318092,0.34525139664804455,1.0
LINKUSDT,D,H,2020-06-23,True,0,5.30604159788709,0.6840541432816137,0.11419753086419795,0.0
LINKUSDT,D,L,2020-06-11,True,0,2.50064599483204,0.8682170542635669,0.25771812080536943,0.0
LINKUSDT,D,H,2020-06-23,True,0,5.30604159788709,0.6840541432816137,0.11419753086419795,0.0
LINKUSDT,D,L,2020-06-15,False,0,2.4030462800234327,1.2671353251318092,0.34525139664804455,1.0
LINKUSDT,D,H,2020-06-22,True,0,4.011838440111421,0.7068245125348166,0.14979338842975162,0.0
LINKUSDT,D,L,2020-07-27,False,0,1.1922845087402048,2.976491862567812,0.7139965297860036,1.0
LINKUSDT,D,H,2020-08-01,True,0,2.929941990182954,1.029228023203925,0.2599605522682442,0.0
LINKUSDT,D,H,2020-08-01,True,0,2.929941990182954,1.029228023203925,0.2599605522682442,0.0
LINKUSDT,D,L,2022-05-12,False,0,5.005869863869114,1.6960159860122392,0.25306548395512657,
LINKUSDT,D,L,2022-05-11,False,0,5.275505174963034,0.484967964514539,0.08418891170431211,0.0
LINKUSDT,D,L,2020-09-05,False,0,3.7882786361414986,2.1004473516033233,0.35668960586290105,
LINKUSDT,D,L,2020-08-21,True,0,2.4994876055947923,1.886830078936435,0.4301626591230552,0.0
LINKUSDT,D,L,2020-09-03,True,0,3.3317833807672255,1.6145428308012992,0.32641252552756994,0.0
LINKUSDT,D,L,2020-09-03,True,0,3.3317833807672255,1.6145428308012992,0.32641252552756994,0.0
LINKUSDT,D,H,2021-01-09,False,0,3.7247081712062244,1.4179137982639929,0.275718068853127,0.0
LINKUSDT,D,L,2020-09-21,True,0,3.866894197952219,1.789249146757679,0.31633730577764363,
LINKUSDT,D,H,2020-09-10,False,0,1.6500381692057489,2.4590261873942043,0.598439443627728,1.0
LINKUSDT,D,H,2020-11-07,False,1,2.1898655955507498,6.523095936968946,0.748665756485044,
LINKUSDT,D,H,2020-11-07,False,1,2.1898655955507498,6.523095936968946,0.748665756485044,
LINKUSDT,D,L,2022-05-11,True,0,5.275505174963034,0.484967964514539,0.08418891170431211,0.0
LINKUSDT,D,H,2020-10-12,True,0,3.670172413793103,2.196551724137932,0.37440855790989525,0.0
LINKUSDT,D,H,2020-10-09,False,0,2.1531041873995247,0.8552399908137492,0.2842892768079802,0.0
LINKUSDT,D,L,2020-10-06,True,0,1.5310464034038027,1.355138944289324,0.46952595936794594,1.0
LINKUSDT,D,H,2020-10-09,True,0,2.1531041873995247,0.8552399908137492,0.2842892768079802,0.0
LINKUSDT,D,L,2020-12-23,False,0,3.706583722135822,3.7978227060653174,0.5060790273556229,1.0
LINKUSDT,D,H,2020-10-22,True,0,2.6346153846153846,1.550480769230768,0.37047673750717963,1.0
LINKUSDT,D,L,2020-10-20,True,0,2.5054397934722465,1.9039277152867413,0.4317915690866511,1.0
LINKUSDT,D,H,2020-10-22,True,0,2.6346153846153846,1.550480769230768,0.37047673750717963,1.0
LINKUSDT,D,L,2020-11-04,False,0,1.2933343421351293,2.2159340243625625,0.6314518563235737,1.0
LINKUSDT,D,H,2020-11-07,False,0,2.1898655955507498,6.523095936968946,0.748665756485044,
LINKUSDT,D,L,2020-11-02,False,0,2.309223522261054,1.0881325026591702,0.3202880400751409,0.0
LINKUSDT,D,H,2020-11-06,True,0,2.774425053009297,0.8894144511498939,0.24275475225927082,0.0
LINKUSDT,D,L,2020-12-23,False,0,3.706583722135822,3.7978227060653174,0.5060790273556229,1.0
LINKUSDT,D,H,2020-11-18,False,0,1.6588259082024668,3.986654984161215,0.7061674745111146,1.0
LINKUSDT,D,H,2020-11-17,False,0,1.5301376364499284,4.149027052681535,0.7305699481865284,1.0
LINKUSDT,D,L,2020-11-15,True,0,1.260631751675099,2.278134828387803,0.643765215039221,1.0
LINKUSDT,D,L,2020-11-26,False,0,3.088163832002777,2.3155154460256853,0.4285071942446042,0.0
LINKUSDT,D,H,2021-01-06,True,0,3.599743328426376,0.26844826935416854,0.06939890710382504,0.0
LINKUSDT,D,L,2020-12-23,True,0,3.706583722135822,3.7978227060653174,0.5060790273556229,1.0
LINKUSDT,D,H,2021-01-04,False,0,1.8750854993160058,1.6769835841313265,0.47211457455770844,0.0
LINKUSDT,D,L,2020-12-08,True,0,2.1306032097399012,0.7708909795240727,0.26568758344459265,0.0
LINKUSDT,D,H,2020-12-17,False,0,2.235515779557231,1.5694771549693818,0.4124783362218368,1.0
LINKUSDT,D,L,2020-12-23,True,0,3.706583722135822,3.7978227060653174,0.5060790273556229,1.0
LINKUSDT,D,H,2020-12-16,True,0,2.296805819101833,1.535262492093612,0.4006354708261123,1.0
LINKUSDT,D,L,2020-12-21,False,0,2.3712593042685706,0.9506304116664135,0.2861715749039693,0.0
LINKUSDT,D,H,2021-01-04,False,0,1.8750854993160058,1.6769835841313265,0.47211457455770844,0.0
LINKUSDT,D,L,2022-05-09,False,0,4.552326480136032,0.8353686814036162,0.1550512151034343,0.0
LINKUSDT,D,H,2021-01-03,True,0,2.030883537731626,0.5188434338913264,0.2034898009338906,0.0
LINKUSDT,D,L,2022-05-06,False,0,4.243846594161417,3.1585575271894673,0.42669347355397474,0.0
LINKUSDT,D,L,2021-01-11,False,0,2.7528418997140656,2.0401004254132085,0.4256467712365044,1.0
LINKUSDT,D,L,2022-02-24,False,0,3.2659651467067548,2.1692556093758695,0.3991108561594721,1.0
LINKUSDT,D,L,2021-05-23,False,0,3.8901049287237153,0.8586931984448808,0.18082326842494448,
LINKUSDT,D,L,2021-05-19,False,1,4.066164208520131,1.3853550776427779,0.2541227509107594,0.0
LINKUSDT,D,H,2021-01-31,False,0,0.7256002494543193,1.0090427190520728,0.5817005213014557,0.0
LINKUSDT,D,H,2021-02-03,True,0,1.187012860483243,0.24347233047544772,0.17020262216924875,0.0
LINKUSDT,D,L,2021-02-23,False,0,2.588814034151548,1.3316435432230522,0.33966533674745425,
LINKUSDT,D,L,2021-02-23,False,1,2.588814034151548,1.3316435432230522,0.33966533674745425,
LINKUSDT,D,L,2021-02-23,False,1,2.588814034151548,1.3316435432230522,0.33966533674745425,
LINKUSDT,D,L,2021-02-22,False,0,1.4869446239215542,2.315951503173578,0.6089967818665174,0.0
LINKUSDT,D,L,2021-05-19,False,1,4.066164208520131,1.3853550776427779,0.2541227509107594,0.0
LINKUSDT,D,L,2021-05-19,False,1,4.066164208520131,1.3853550776427779,0.2541227509107594,0.0
LINKUSDT,D,H,2021-03-08,True,0,1.4683921674910223,1.2291144386476056,0.4556483516483518,1.0
LINKUSDT,D,L,2021-03-24,True,0,2.8365481612814483,0.8555008712132788,0.23171438507012856,1.0
LINKUSDT,D,H,2021-04-02,True,0,3.031428571428571,2.1538095238095254,0.41537331251721943,0.0
LINKUSDT,D,H,2021-03-17,True,0,2.113436678045778,0.3819463875986351,0.1530612244897961,1.0
LINKUSDT,D,L,2021-03-24,True,0,2.8365481612814483,0.8555008712132788,0.23171438507012856,1.0
LINKUSDT,D,H,2021-04-02,True,0,3.031428571428571,2.1538095238095254,0.41537331251721943,0.0
LINKUSDT,D,L,2021-05-19,False,1,4.066164208520131,1.3853550776427779,0.2541227509107594,0.0
LINKUSDT,D,L,2021-05-19,False,0,4.066164208520131,1.3853550776427779,0.2541227509107594,0.0
LINKUSDT,D,H,2021-04-06,True,0,2.451220566619592,0.9280341239876662,0.2746268656716422,0.0
LINKUSDT,D,L,2021-05-19,True,1,4.066164208520131,1.3853550776427779,0.2541227509107594,0.0
LINKUSDT,D,H,2021-04-13,True,0,2.451547334722292,0.5275166421057993,0.17707462686567202,0.0
LINKUSDT,D,L,2021-05-19,True,1,4.066164208520131,1.3853550776427779,0.2541227509107594,0.0
LINKUSDT,D,H,2021-05-01,True,0,2.335097104314455,0.6516455401790903,0.21817934041973283,0.0
LINKUSDT,D,L,2021-05-19,True,1,4.066164208520131,1.3853550776427779,0.2541227509107594,0.0
LINKUSDT,D,L,2021-05-16,False,1,1.9559218697075764,1.7185051371796314,0.4676933666007054,0.0
LINKUSDT,D,L,2021-05-13,False,0,1.7047016703466689,0.8398637775532347,0.33006177076183923,0.0
LINKUSDT,D,L,2021-05-16,False,1,1.9559218697075764,1.7185051371796314,0.4676933666007054,0.0
LINKUSDT,D,L,2021-05-23,False,0,3.8901049287237153,0.8586931984448808,0.18082326842494448,
LINKUSDT,D,L,2021-06-22,False,0,3.469733343658846,1.5716977722708387,0.3117562724014337,
LINKUSDT,D,H,2021-09-06,False,0,4.40220599195111,7.60745267551051,0.633444537114262,1.0
LINKUSDT,D,L,2021-06-08,False,0,1.919360129973598,1.990002030837486,0.5090349650349651,0.0
LINKUSDT,D,H,2021-09-05,True,0,4.1726471714978945,0.7656110330736821,0.15503665490089605,0.0
LINKUSDT,D,L,2021-06-11,False,0,2.781340497540211,1.584348068804298,0.3629090909090909,0.0
LINKUSDT,D,H,2021-06-15,False,0,1.4093624609897453,2.6105662059741412,0.6494061020107135,1.0
LINKUSDT,D,L,2021-06-20,False,0,1.8338511856091584,2.542818206595802,0.5809938971229293,0.0
LINKUSDT,D,H,2021-08-11,False,0,1.8454785501183097,3.3294468639621395,0.6433806475554317,0.0
LINKUSDT,D,L,2021-07-19,True,0,5.079892473118281,1.521182795698926,0.23044469783352348,1.0
LINKUSDT,D,H,2021-06-29,True,0,1.460182090584304,2.790077215627521,0.6564487045648666,1.0
LINKUSDT,D,L,2021-07-15,True,0,3.8135258058137245,0.5509195175004941,0.1262289882651442,0.0
LINKUSDT,D,H,2021-07-07,False,0,1.090796883437476,3.6001697138008173,0.7674686312881317,1.0
LINKUSDT,D,L,2021-07-12,False,0,2.484254195738261,1.0513860079200454,0.2973679298114617,0.0
LINKUSDT,D,L,2021-07-09,False,0,1.5237858032378582,0.8089663760896636,0.3467862481315395,0.0
LINKUSDT,D,H,2021-07-30,True,0,6.322878603329276,2.9756394640682093,0.32001222587300365,0.0
LINKUSDT,D,L,2021-07-12,True,0,2.484254195738261,1.0513860079200454,0.2973679298114617,0.0
LINKUSDT,D,L,2022-02-21,False,1,3.064241486068111,0.76780185758514,0.20036356291658264,0.0
LINKUSDT,D,H,2021-08-07,False,0,5.712692874869618,0.8771715282523473,0.13310919232826476,0.0
LINKUSDT,D,H,2021-08-10,False,0,5.343631713554988,0.904211423699914,0.14472377168182154,0.0
LINKUSDT,D,L,2021-09-07,False,0,9.68105442082091,5.809178811268705,0.37502203641675275,
LINKUSDT,D,H,2021-09-02,False,0,2.5399355928960885,1.2815738290342102,0.3353580189230226,0.0
LINKUSDT,D,L,2021-08-26,True,0,2.0475237029621356,0.9580118956480767,0.3187491427787681,1.0
LINKUSDT,D,H,2021-09-01,True,0,2.575807592548928,0.3829285545861832,0.1294230156200193,0.0
LINKUSDT,D,L,2021-09-07,False,0,9.68105442082091,5.809178811268705,0.37502203641675275,
LINKUSDT,D,L,2021-09-07,False,0,9.68105442082091,5.809178811268705,0.37502203641675275,
LINKUSDT,D,H,2021-11-10,False,0,1.6137934991536849,7.5653096938921855,0.8241883258948105,1.0
LINKUSDT,D,L,2021-09-21,True,0,2.720577826978567,2.0503420866377513,0.4297582277132816,1.0
LINKUSDT,D,L,2021-09-20,True,0,2.1997176228982154,0.3917340521114105,0.15116394254581475,0.0
LINKUSDT,D,H,2021-10-25,True,0,3.608007516080076,2.015465780154659,0.3584023029866859,0.0
LINKUSDT,D,L,2021-12-04,True,0,3.011613964164583,3.488848538833123,0.5367077399837674,1.0
LINKUSDT,D,H,2021-10-01,True,1,1.5962073856174823,2.141146189000367,0.5729043683589137,0.0
LINKUSDT,D,H,2021-10-01,True,1,1.5962073856174823,2.141146189000367,0.5729043683589137,0.0
LINKUSDT,D,L,2021-12-04,True,0,3.011613964164583,3.488848538833123,0.5367077399837674,1.0
LINKUSDT,D,H,2021-10-06,False,0,2.018288505644417,2.220117356208858,0.5238095238095237,0.0
LINKUSDT,D,H,2021-10-16,False,0,1.9479714850893883,2.557757623259807,0.5676678650121769,0.0
LINKUSDT,D,L,2021-10-11,False,0,1.3430046717482167,1.5982296533071063,0.543387393412473,1.0
LINKUSDT,D,H,2021-10-16,False,1,1.9479714850893883,2.557757623259807,0.5676678650121769,0.0
LINKUSDT,D,L,2021-11-26,False,0,2.2342266300907365,0.8389955686853765,0.2730019225487503,0.0
LINKUSDT,D,H,2021-10-21,False,0,1.7189415940626014,2.1611003549532097,0.5569786057342452,0.0
LINKUSDT,D,L,2021-11-24,False,0,1.2991045381903052,0.739757997006671,0.36282877547465564,0.0
LINKUSDT,D,H,2021-11-08,True,1,1.6772339119272197,0.7333258916113198,0.30421393841166966,0.0
LINKUSDT,D,L,2021-11-18,True,0,4.257551996297914,0.45962413553744536,0.0974362887227225,0.0
LINKUSDT,D,L,2021-11-16,False,0,3.545706980452531,0.6989800126467443,0.1646717446499821,0.0
LINKUSDT,D,L,2021-11-16,True,0,3.545706980452531,0.6989800126467443,0.1646717446499821,0.0
LINKUSDT,D,H,2021-11-08,True,1,1.6772339119272197,0.7333258916113198,0.30421393841166966,0.0
LINKUSDT,D,L,2021-11-16,True,0,3.545706980452531,0.6989800126467443,0.1646717446499821,0.0
LINKUSDT,D,L,2021-11-24,True,0,1.2991045381903052,0.739757997006671,0.36282877547465564,0.0
LINKUSDT,D,H,2024-12-12,False,0,3.0680194913557175,2.8808045746834874,0.4842645441692412,1.0
LINKUSDT,D,H,2022-01-09,False,1,3.4344720317990665,0.6939915893772682,0.16809923813244776,1.0
LINKUSDT,D,L,2021-12-03,False,0,1.7880340672156063,0.6555465243665403,0.26827292974286276,0.0
LINKUSDT,D,H,2022-01-05,False,0,3.433283239737403,1.3304595428300234,0.2792887029288702,0.0
LINKUSDT,D,L,2022-01-22,False,0,4.151942364740784,0.9813250459104396,0.19116967175219599,0.0
LINKUSDT,D,H,2021-12-26,False,0,3.209592326139089,2.1990407673860908,0.4065797641216635,0.0
LINKUSDT,D,L,2022-01-21,False,0,3.4053023078390248,0.9082586305550269,0.2105588963565619,0.0
LINKUSDT,D,H,2021-12-19,False,0,0.7394704977582883,1.9865824524658833,0.7287394957983192,0.0
LINKUSDT,D,H,2021-12-22,False,0,1.339684131361244,1.6435196791175728,0.5509243697478989,0.0
LINKUSDT,D,H,2022-01-05,True,0,3.433283239737403,1.3304595428300234,0.2792887029288702,0.0
LINKUSDT,D,L,2022-01-21,True,0,3.4053023078390248,0.9082586305550269,0.2105588963565619,0.0
LINKUSDT,D,H,2022-01-09,True,1,3.4344720317990665,0.6939915893772682,0.16809923813244776,1.0
LINKUSDT,D,H,2024-12-12,True,0,3.0680194913557175,2.8808045746834874,0.4842645441692412,1.0
LINKUSDT,D,L,2022-01-17,True,0,1.759386973180076,1.698595146871009,0.49120992761116866,0.0
LINKUSDT,D,H,2024-12-02,False,0,7.1342002949457015,2.158466282343477,0.23227630781660266,0.0
LINKUSDT,D,L,2022-02-21,False,1,3.064241486068111,0.76780185758514,0.20036356291658264,0.0
LINKUSDT,D,H,2022-01-30,True,0,1.5974636133653128,3.9497322337943963,0.7120232172470978,1.0
LINKUSDT,D,L,2022-02-21,True,0,3.064241486068111,0.76780185758514,0.20036356291658264,0.0
LINKUSDT,D,H,2022-02-05,False,0,1.4055051761495878,4.827702431586553,0.7745133381398701,1.0
LINKUSDT,D,L,2022-02-14,False,0,2.7512832982114865,1.2216998973361428,0.3075019040365575,0.0
LINKUSDT,D,H,2024-02-05,False,0,5.594065701165666,7.106322854115157,0.5595358616930147,
LINKUSDT,D,L,2022-02-18,True,0,1.7192320138064934,0.6742530471362301,0.2817034700315454,0.0
LINKUSDT,D,H,2022-03-29,False,0,2.99475357710652,2.85119236883943,0.4877213021130783,1.0
LINKUSDT,D,L,2022-04-30,True,0,4.7426491715352945,0.6342304376975398,0.11795511221945156,0.0
LINKUSDT,D,H,2022-03-01,False,0,2.668433734939759,1.422265060240964,0.34768266534718795,0.0
LINKUSDT,D,L,2022-03-06,False,0,1.827208516736616,1.3807963967652774,0.43042215769488484,1.0
LINKUSDT,D,H,2022-03-23,False,0,1.7104972375690608,1.7933701657458576,0.5118259224219491,0.0
LINKUSDT,D,L,2022-04-26,True,0,3.0143608414239496,1.3747977346278326,0.3132258064516129,0.0
LINKUSDT,D,H,2022-03-16,True,0,2.1220711599652877,1.2189759907434197,0.364848484848485,0.0
LINKUSDT,D,L,2022-04-25,False,0,1.3919970012182559,1.330334551588417,0.48867469879518055,0.0
LINKUSDT,D,H,2022-03-22,True,0,3.135211267605634,0.4798122065727706,0.13272727272727286,0.0
LINKUSDT,D,L,2022-04-11,True,0,4.446715328467154,1.1581508515815098,0.20663309602361538,0.0
LINKUSDT,D,H,2022-04-03,True,0,1.9857499632731028,1.4921404436609382,0.42903607332939087,1.0
LINKUSDT,D,L,2022-04-06,True,0,2.8247223563495925,1.0806373732496377,0.2767062314540057,0.0
LINKUSDT,D,H,2024-02-02,False,0,4.319223356413733,1.7099007780712419,0.2836068291065807,0.0
LINKUSDT,D,L,2022-04-11,True,0,4.446715328467154,1.1581508515815098,0.20663309602361538,0.0
LINKUSDT,D,H,2023-11-09,False,0,3.9788454891116487,3.5955755271344634,0.47469971888576545,
LINKUSDT,D,L,2022-04-14,False,0,2.25012309207287,1.0546528803545046,0.319129916567342,0.0
LINKUSDT,D,H,2022-04-17,False,0,0.43204488778054945,2.4078865336658337,0.8478678447944676,1.0
LINKUSDT,D,L,2022-04-18,False,0,2.0753045404208184,1.641196013289038,0.44159713945172857,0.0
LINKUSDT,D,H,2023-11-08,True,1,4.500363636363635,1.0212363636363635,0.18495297805642635,0.0
LINKUSDT,D,L,2022-04-25,False,0,1.3919970012182559,1.330334551588417,0.48867469879518055,0.0
LINKUSDT,D,H,2023-11-08,True,1,4.500363636363635,1.0212363636363635,0.18495297805642635,0.0
LINKUSDT,D,L,2022-04-29,True,0,3.488924050632913,0.8030063291139247,0.18709677419354845,0.0
LINKUSDT,D,L,2022-05-05,False,0,4.349266938492235,0.5210375639802206,0.10698254364089782,0.0
LINKUSDT,D,H,2023-11-05,False,0,1.6449456411641568,2.1270848808157194,0.5639097744360901,0.0
LINKUSDT,D,L,2022-06-13,False,0,4.044995762385392,1.4022651976269356,0.2574257425742574,
LINKUSDT,D,H,2022-06-06,False,0,2.056165779639906,6.8422602196806706,0.7689292713344023,1.0
LINKUSDT,D,L,2022-05-26,True,0,1.3758300132802117,1.2965028773793716,0.4851576994434139,1.0
LINKUSDT,D,H,2022-05-31,False,0,2.2332872291378503,0.6422314430613193,0.2233445566778903,0.0
LINKUSDT,D,L,2022-06-13,True,0,4.044995762385392,1.4022651976269356,0.2574257425742574,
LINKUSDT,D,H,2022-06-05,False,0,2.3225732072861427,0.5536084851279686,0.19248035914702577,0.0
LINKUSDT,D,L,2022-06-12,True,0,3.8154338264694125,0.8340663734506198,0.1793883939320973,0.0
LINKUSDT,D,H,2023-10-22,True,0,7.06528743428862,4.9998304222486,0.41440377804014167,0.0
LINKUSDT,D,L,2023-06-10,True,0,5.700782472613461,2.659780907668233,0.3181341719077569,1.0
LINKUSDT,D,H,2022-06-21,False,0,1.2437454457128976,2.3956764634442553,0.658257416491474,
LINKUSDT,D,L,2022-12-31,False,0,2.3114973262032104,1.3335561497326225,0.3658536585365856,1.0
LINKUSDT,D,H,2022-07-20,False,0,2.656099903938522,6.298430995837338,0.7033792240300375,
LINKUSDT,D,H,2022-07-20,False,0,2.656099903938522,6.298430995837338,0.7033792240300375,
LINKUSDT,D,L,2022-07-13,False,0,1.721649484536083,2.0077319587628866,0.538355217691776,1.0
LINKUSDT,D,H,2022-07-18,True,0,3.315982532751093,1.1297816593886456,0.2541254125412539,0.0
LINKUSDT,D,L,2022-11-21,False,1,0.8310216256524984,0.5000745712155109,0.3756862745098039,1.0
LINKUSDT,D,H,2022-07-29,True,0,3.297437898296267,3.2592014566263505,0.4970841432935297,
LINKUSDT,D,L,2022-11-09,False,0,4.103275460891354,0.6903526042598891,0.14401463669628858,0.0
LINKUSDT,D,H,2022-08-07,True,0,2.339209267187105,2.346260387811637,0.5007524454477055,1.0
LINKUSDT,D,L,2022-08-19,True,0,4.242769195028457,1.3383668254152634,0.2398018648018649,
LINKUSDT,D,H,2023-10-22,True,1,7.06528743428862,4.9998304222486,0.41440377804014167,0.0
LINKUSDT,D,L,2022-08-26,True,0,1.5946611377478297,0.7728391862122587,0.32643678160919537,1.0
LINKUSDT,D,H,2022-09-05,False,0,2.666880822357856,4.794089302923224,0.6425557564798069,
LINKUSDT,D,L,2022-11-09,False,1,4.103275460891354,0.6903526042598891,0.14401463669628858,0.0
LINKUSDT,D,H,2022-09-09,True,0,2.3619569923509878,3.570212151825661,0.6018392370572208,1.0
LINKUSDT,D,L,2022-09-21,False,0,2.47038998555609,0.822339913336544,0.249744114636643,1.0
LINKUSDT,D,H,2022-09-27,False,0,2.5852606351108465,2.4325943678849593,0.48478769642260083,1.0
LINKUSDT,D,L,2022-09-20,True,0,2.0018200432260267,0.501649414173586,0.20038167938931276,0.0
LINKUSDT,D,H,2022-09-27,False,0,2.5852606351108465,2.4325943678849593,0.48478769642260083,1.0
LINKUSDT,D,L,2022-10-13,False,0,2.007664380798711,2.360629286002422,0.5404007756948933,1.0
LINKUSDT,D,H,2022-11-04,True,0,3.15531602155806,1.8085905601829178,0.36434822662367583,1.0
LINKUSDT,D,L,2022-10-13,False,0,2.007664380798711,2.360629286002422,0.5404007756948933,1.0
LINKUSDT,D,H,2022-10-31,False,0,2.7072987208427386,1.8145221971407102,0.4012813046010487,0.0
LINKUSDT,D,H,2022-10-30,True,0,2.554919908466819,0.42982456140350767,0.1440071556350623,0.0
LINKUSDT,D,L,2022-11-09,True,1,4.103275460891354,0.6903526042598891,0.14401463669628858,0.0
LINKUSDT,D,H,2022-10-29,True,0,3.4681555004135673,0.2866004962779163,0.07632999228989988,0.0
LINKUSDT,D,L,2022-11-09,True,0,4.103275460891354,0.6903526042598891,0.14401463669628858,0.0
LINKUSDT,D,L,2022-11-08,False,0,2.92031503358814,2.0544359508918233,0.4129726205997393,0.0
LINKUSDT,D,H,2022-11-04,True,0,3.15531602155806,1.8085905601829178,0.36434822662367583,1.0
LINKUSDT,D,L,2022-11-08,False,0,2.92031503358814,2.0544359508918233,0.4129726205997393,0.0
LINKUSDT,D,H,2023-10-22,True,1,7.06528743428862,4.9998304222486,0.41440377804014167,0.0
LINKUSDT,D,L,2022-11-14,False,1,3.0042313117066297,0.571697226140104,0.15987378385485154,0.0
LINKUSDT,D,L,2022-11-21,False,1,0.8310216256524984,0.5000745712155109,0.3756862745098039,1.0
LINKUSDT,D,H,2022-11-23,True,0,1.639777468706536,3.8650904033379705,0.7021222839818091,1.0
LINKUSDT,D,L,2022-12-29,False,0,1.8091833929062415,0.7929612317844398,0.3047337278106514,0.0
LINKUSDT,D,L,2022-12-12,False,0,2.8680287134180027,3.0252162709368666,0.5133362483602972,0.0
LINKUSDT,D,H,2023-02-09,False,0,0.5130160835682311,5.798706682142267,0.9187201176903274,1.0
LINKUSDT,D,L,2022-12-10,False,0,2.3240242844752816,0.7965307892454474,0.25525291828793795,0.0
LINKUSDT,D,L,2022-12-15,False,0,1.698792715367301,2.661346429302229,0.6103810775295662,0.0
LINKUSDT,D,H,2023-01-14,False,0,5.325874125874131,3.7163636363636385,0.41100043308791673,0.0
LINKUSDT,D,L,2022-12-19,False,0,3.480632411067194,0.730434782608694,0.17345597897503254,0.0
LINKUSDT,D,L,2022-12-28,False,0,1.7205841829705149,0.5825296224855326,0.25293132328308193,0.0
LINKUSDT,D,H,2023-01-09,False,0,2.6791298436437816,4.668252889191031,0.6353626943005182,0.0
LINKUSDT,D,H,2022-12-27,False,0,0.8495486459378139,0.7688064192577717,0.4750542299349234,1.0
LINKUSDT,D,H,2023-01-09,False,0,2.6791298436437816,4.668252889191031,0.6353626943005182,0.0
LINKUSDT,D,L,2023-06-10,True,0,5.700782472613461,2.659780907668233,0.3181341719077569,1.0
LINKUSDT,D,H,2023-01-08,True,0,2.288747346072188,0.5201698513800451,0.18518518518518587,0.0
LINKUSDT,D,L,2023-06-10,True,0,5.700782472613461,2.659780907668233,0.3181341719077569,1.0
LINKUSDT,D,H,2023-01-21,False,0,1.5471500784382073,2.320725117657314,0.6000000000000003,0.0
LINKUSDT,D,H,2023-01-21,False,0,1.5471500784382073,2.320725117657314,0.6000000000000003,0.0
LINKUSDT,D,L,2023-03-09,True,0,3.4186046511627928,1.5680574555403572,0.31445031204992807,1.0
LINKUSDT,D,H,2023-01-26,False,0,1.9108298576154175,1.2805983028908388,0.4012618296529969,0.0
LINKUSDT,D,L,2023-02-13,False,0,2.65118560915781,1.0096484055600978,0.2757973733583488,1.0
LINKUSDT,D,H,2023-02-09,False,1,0.5130160835682311,5.798706682142267,0.9187201176903274,1.0
LINKUSDT,D,L,2023-02-13,False,0,2.65118560915781,1.0096484055600978,0.2757973733583488,1.0
LINKUSDT,D,H,2023-02-09,False,1,0.5130160835682311,5.798706682142267,0.9187201176903274,1.0
LINKUSDT,D,L,2023-02-10,False,0,5.550359162463703,0.4792908451780534,0.07948899929027685,0.0
LINKUSDT,D,H,2023-02-18,True,0,3.526156781682305,3.30577198282716,0.48387096774193544,1.0
LINKUSDT,D,L,2023-03-09,True,0,3.4186046511627928,1.5680574555403572,0.31445031204992807,1.0
LINKUSDT,D,H,2023-04-18,True,0,4.862508694644095,2.9084164154880607,0.37426900584795353,1.0
LINKUSDT,D,H,2023-04-17,False,0,3.529411764705881,0.790849673202611,0.18305597579425056,0.0
LINKUSDT,D,L,2023-02-28,False,0,1.8680083638264502,1.4289074751698925,0.43340732519422903,0.0
LINKUSDT,D,L,2023-03-03,True,0,2.377714825306894,1.0254957507082163,0.3013318534961156,0.0
LINKUSDT,D,H,2023-03-22,False,0,1.5407161620351175,2.018802709802294,0.5671560630777593,0.0
LINKUSDT,D,L,2023-03-08,True,0,2.424232023339628,0.391625193066759,0.1390784982935155,0.0
LINKUSDT,D,L,2023-06-07,False,0,2.786429725363492,1.8726978998384478,0.40194174757281514,0.0
LINKUSDT,D,H,2023-03-17,True,0,1.8669658599134498,0.8459689052732806,0.311827956989247,0.0
LINKUSDT,D,L,2023-05-08,False,0,2.1660026560424965,2.1443116423196114,0.4974838245866284,0.0
LINKUSDT,D,L,2023-03-27,False,0,1.6871287128712884,0.9702970297029712,0.3651266766020864,1.0
LINKUSDT,D,H,2023-04-14,True,0,2.26349362119725,1.607458292443568,0.41526175687666333,0.0
LINKUSDT,D,L,2023-04-26,False,0,3.9704773869346726,1.371859296482413,0.25679012345679025,0.0
LINKUSDT,D,H,2023-04-14,True,1,2.26349362119725,1.607458292443568,0.41526175687666333,0.0
LINKUSDT,D,L,2023-04-21,False,0,4.162692847124824,0.9253155680224395,0.18186203569705728,0.0
LINKUSDT,D,H,2023-04-14,True,0,2.26349362119725,1.607458292443568,0.41526175687666333,0.0
LINKUSDT,D,L,2023-04-21,False,1,4.162692847124824,0.9253155680224395,0.18186203569705728,0.0
LINKUSDT,D,L,2023-04-21,False,1,4.162692847124824,0.9253155680224395,0.18186203569705728,0.0
LINKUSDT,D,H,2023-10-21,True,0,5.359694450685238,1.792855538081331,0.2506596306068603,0.0
LINKUSDT,D,L,2023-04-26,False,0,3.9704773869346726,1.371859296482413,0.25679012345679025,0.0
LINKUSDT,D,H,2023-07-20,True,0,5.075329566854992,1.1838041431261765,0.18913226621735454,1.0
LINKUSDT,D,L,2023-05-08,True,0,2.1660026560424965,2.1443116423196114,0.4974838245866284,0.0
LINKUSDT,D,H,2023-07-14,False,0,2.8294357434027035,1.6399914181506121,0.3669354838709678,0.0
LINKUSDT,D,L,2023-05-08,True,0,2.1660026560424965,2.1443116423196114,0.4974838245866284,0.0
LINKUSDT,D,H,2023-07-14,False,1,2.8294357434027035,1.6399914181506121,0.3669354838709678,0.0
LINKUSDT,D,L,2023-05-24,False,0,1.9813628421665705,1.7530576587070512,0.4694323144104808,0.0
LINKUSDT,D,H,2023-07-13,True,0,3.820983125458549,0.5135730007336738,0.11848341232227445,0.0
LINKUSDT,D,L,2023-05-21,False,0,1.4431415325879478,0.8399236433051536,0.3678929765886284,0.0
LINKUSDT,D,H,2023-05-28,True,0,2.3985840707964625,0.8375221238938041,0.25880551301684485,1.0
LINKUSDT,D,L,2023-06-05,True,0,3.3089951072638333,0.8588633797516012,0.20606826801517086,0.0
LINKUSDT,D,H,2023-07-03,False,0,2.532921413400271,0.47847074724850247,0.15888689407540363,0.0
LINKUSDT,D,L,2023-06-05,True,0,3.3089951072638333,0.8588633797516012,0.20606826801517086,0.0
LINKUSDT,D,H,2023-07-02,True,0,2.291939838025453,0.3779406093328182,0.14155712841253762,0.0
LINKUSDT,D,L,2023-06-10,True,0,5.700782472613461,2.659780907668233,0.3181341719077569,1.0
LINKUSDT,D,H,2023-06-21,True,0,1.7774869109947644,2.9869109947644006,0.6269230769230771,0.0
LINKUSDT,D,H,2023-06-30,False,0,1.9428826416778218,0.684069611780456,0.26040428061831183,0.0
LINKUSDT,D,L,2023-08-17,False,0,4.470251211987658,3.7421771705597173,0.4556724267468069,
LINKUSDT,D,H,2023-07-13,True,0,3.820983125458549,0.5135730007336738,0.11848341232227445,0.0
LINKUSDT,D,L,2023-08-17,False,1,4.470251211987658,3.7421771705597173,0.4556724267468069,
LINKUSDT,D,L,2023-08-17,False,1,4.470251211987658,3.7421771705597173,0.4556724267468069,
LINKUSDT,D,H,2023-07-20,True,0,5.075329566854992,1.1838041431261765,0.18913226621735454,1.0
LINKUSDT,D,L,2023-08-17,True,0,4.470251211987658,3.7421771705597173,0.4556724267468069,
LINKUSDT,D,H,2023-10-21,True,0,5.359694450685238,1.792855538081331,0.2506596306068603,0.0
LINKUSDT,D,L,2023-08-01,False,0,0.9963982135139023,2.4365365221149693,0.7097532314923621,0.0
LINKUSDT,D,H,2023-09-30,True,0,3.095550189720596,0.7123145912383579,0.1870640456563093,0.0
LINKUSDT,D,H,2023-08-09,False,0,2.1917865332499464,1.3279132791327914,0.377280265339967,1.0
LINKUSDT,D,L,2023-08-07,False,0,1.110611326927011,2.5647106931097934,0.6978193146417441,1.0
LINKUSDT,D,L,2023-08-15,False,0,2.95959595959596,2.0437710437710432,0.408479138627187,0.0
LINKUSDT,D,H,2023-09-28,False,0,2.3515828677839856,0.8525139664804469,0.2660699755899104,0.0
LINKUSDT,D,H,2023-09-27,True,0,2.0867978097748945,0.7892922328128182,0.27443237907206347,0.0
LINKUSDT,D,L,2023-08-29,False,0,0.7034035656401929,1.8123987034035671,0.7204058624577233,1.0
LINKUSDT,D,H,2023-09-07,False,0,2.0344410876132923,5.287009063444108,0.7221259387637204,1.0
LINKUSDT,D,L,2023-08-28,False,0,1.266693006716711,0.39549585144211974,0.2379367720465902,0.0
LINKUSDT,D,H,2023-09-06,False,0,2.414366280795486,0.5859305431878896,0.1952908587257619,0.0
LINKUSDT,D,L,2023-09-11,True,0,2.5930399769916597,0.43485763589300974,0.1436170212765953,1.0
LINKUSDT,D,H,2023-09-18,True,0,3.4439169139465853,4.453412462908011,0.5639137296159916,0.0
LINKUSDT,D,H,2023-09-23,True,0,3.7036865290980754,1.4574542082077433,0.2823899371069181,0.0
LINKUSDT,D,H,2023-10-21,True,0,5.359694450685238,1.792855538081331,0.2506596306068603,0.0
LINKUSDT,D,L,2023-10-09,False,0,2.178655383168782,0.8139790001567166,0.2719941348973611,1.0
LINKUSDT,D,H,2023-10-08,False,0,1.146474358974358,1.3416666666666672,0.5392245266005414,1.0
LINKUSDT,D,H,2023-10-21,True,0,5.359694450685238,1.792855538081331,0.2506596306068603,0.0
LINKUSDT,D,L,2026-06-06,False,0,3.9546858908341935,1.0030895983522143,0.20232654756958865,
LINKUSDT,D,H,2023-10-21,True,0,5.359694450685238,1.792855538081331,0.2506596306068603,0.0
LINKUSDT,D,L,2026-02-06,False,1,6.819183637485675,2.1957154192012696,0.24356516976998902,
LINKUSDT,D,H,2023-10-30,False,0,4.580014659174199,1.2142682628878563,0.20956316410861855,0.0
LINKUSDT,D,H,2023-11-05,True,0,1.6449456411641568,2.1270848808157194,0.5639097744360901,0.0
LINKUSDT,D,L,2024-08-04,False,0,3.7125506072874495,4.528252068297835,0.5494916267942584,
LINKUSDT,D,H,2023-12-08,True,0,3.4469368811881185,1.493347772277229,0.3022797018851383,1.0
LINKUSDT,D,L,2023-11-17,False,0,1.9594600950007044,2.1108968630955185,0.5186023940472341,1.0
LINKUSDT,D,L,2024-01-03,False,0,3.2991612301957134,3.4007455731593668,0.5075810265683683,1.0
LINKUSDT,D,H,2023-12-02,True,1,2.2663000217092417,0.6899196758086686,0.2333790267306372,0.0
LINKUSDT,D,L,2024-01-03,False,0,3.2991612301957134,3.4007455731593668,0.5075810265683683,1.0
LINKUSDT,D,H,2023-12-02,True,1,2.2663000217092417,0.6899196758086686,0.2333790267306372,0.0
LINKUSDT,D,L,2023-12-11,False,0,2.5103114186851205,1.5007612456747401,0.37415458937198065,1.0
LINKUSDT,D,H,2023-12-08,True,0,3.4469368811881185,1.493347772277229,0.3022797018851383,1.0
LINKUSDT,D,L,2023-12-11,False,0,2.5103114186851205,1.5007612456747401,0.37415458937198065,1.0
LINKUSDT,D,H,2023-12-28,False,0,1.7101253876230258,2.1725765134151303,0.5595527467185227,1.0
LINKUSDT,D,L,2023-12-18,False,0,0.7582748244734198,1.1993627942651486,0.6126582278481014,1.0
LINKUSDT,D,H,2023-12-22,False,0,1.576125197136965,1.5829188402280718,0.5010752688172041,0.0
LINKUSDT,D,L,2024-01-03,False,0,3.2991612301957134,3.4007455731593668,0.5075810265683683,1.0
LINKUSDT,D,H,2023-12-27,True,0,3.124828333935672,0.6395374051319098,0.16989247311827904,0.0
LINKUSDT,D,L,2024-01-03,True,0,3.2991612301957134,3.4007455731593668,0.5075810265683683,1.0
LINKUSDT,D,H,2024-02-02,True,0,4.319223356413733,1.7099007780712419,0.2836068291065807,0.0
LINKUSDT,D,L,2024-01-03,True,0,3.2991612301957134,3.4007455731593668,0.5075810265683683,1.0
LINKUSDT,D,H,2024-01-17,False,0,2.4686633690275586,1.465673751155081,0.3725338491295941,0.0
LINKUSDT,D,L,2024-04-13,False,0,4.7559934730764395,2.4443328731015423,0.33947528981086017,
LINKUSDT,D,L,2024-04-13,False,0,4.7559934730764395,2.4443328731015423,0.33947528981086017,
LINKUSDT,D,H,2024-01-15,False,0,2.040646853146854,0.6899038461538455,0.2526610644257701,0.0
LINKUSDT,D,L,2024-01-23,False,0,1.859528257823447,1.4508407286314808,0.4382716049382716,1.0
LINKUSDT,D,H,2024-02-01,True,0,3.8675248858618363,0.5197215777262205,0.11846190589921234,0.0
LINKUSDT,D,L,2024-04-12,False,0,4.357852183847437,3.2407065647244906,0.4264896373056994,0.0
LINKUSDT,D,H,2024-02-05,True,0,5.594065701165666,7.106322854115157,0.5595358616930147,
LINKUSDT,D,H,2024-02-11,True,0,1.8894280975489892,5.321702807297749,0.7379844961240312,1.0
LINKUSDT,D,L,2024-02-23,True,0,2.280825565912116,4.151531291611184,0.645413708158238,1.0
LINKUSDT,D,H,2024-02-28,False,0,2.0094295872623262,7.452311021796256,0.7876258005489479,1.0
LINKUSDT,D,L,2024-02-20,False,0,1.0615521855486174,1.2873121526109925,0.5480572597137013,0.0
LINKUSDT,D,H,2024-02-28,False,0,2.0094295872623262,7.452311021796256,0.7876258005489479,1.0
LINKUSDT,D,L,2024-03-05,False,0,2.0839115351257576,4.157198612315699,0.6660992217898835,1.0
LINKUSDT,D,H,2024-03-02,True,0,3.150940980668286,4.403789527589297,0.5829181494661924,1.0
LINKUSDT,D,L,2024-03-05,False,0,2.0839115351257576,4.157198612315699,0.6660992217898835,1.0
LINKUSDT,D,H,2024-03-10,False,0,3.3488871010994905,2.9021185304371153,0.46426426426426437,1.0
LINKUSDT,D,L,2024-03-20,False,0,2.097433520165199,2.905727169286528,0.5807783018867925,0.0
LINKUSDT,D,H,2024-12-02,True,0,7.1342002949457015,2.158466282343477,0.23227630781660266,0.0
LINKUSDT,D,H,2024-12-02,True,0,7.1342002949457015,2.158466282343477,0.23227630781660266,0.0
LINKUSDT,D,L,2024-04-12,True,0,4.357852183847437,3.2407065647244906,0.4264896373056994,0.0
LINKUSDT,D,H,2024-03-25,True,0,1.9622827450277742,1.6204981186167355,0.4523017678977769,1.0
LINKUSDT,D,H,2024-12-02,True,0,7.1342002949457015,2.158466282343477,0.23227630781660266,0.0
LINKUSDT,D,L,2024-04-01,True,0,2.1858123569794063,1.9313501144164753,0.4690973766118272,0.0
LINKUSDT,D,H,2024-11-30,False,1,3.211305041197837,1.0846992114822374,0.2524902555218712,0.0
LINKUSDT,D,L,2024-04-05,False,0,2.1884069097888688,1.1533205374280233,0.3451270504985525,0.0
LINKUSDT,D,L,2024-04-10,False,0,1.484331681088801,1.3690666218600362,0.4798021434460019,0.0
LINKUSDT,D,H,2024-05-27,True,0,3.2603396329772654,0.5512188441522898,0.1446177062374252,1.0
LINKUSDT,D,H,2024-05-26,False,0,1.646352789883546,1.6473530042151914,0.5001518372304894,0.0
LINKUSDT,D,L,2024-07-05,False,0,3.2435144858928218,2.392539291800797,0.42450611476952055,1.0
LINKUSDT,D,L,2024-05-01,False,0,2.9905503057254044,1.8110061145080596,0.3771706413521647,1.0
LINKUSDT,D,H,2024-05-17,True,0,4.348368170150348,2.134396773010633,0.3292417343100375,0.0
LINKUSDT,D,L,2024-07-05,True,0,3.2435144858928218,2.392539291800797,0.42450611476952055,1.0
LINKUSDT,D,H,2024-05-16,True,0,4.618158676283406,0.7825625795502765,0.1448996425625518,0.0
LINKUSDT,D,H,2024-05-16,True,0,4.618158676283406,0.7825625795502765,0.1448996425625518,0.0
LINKUSDT,D,L,2024-06-24,False,1,1.396955786421842,1.3710235966819677,0.4953156822810588,0.0
LINKUSDT,D,H,2024-05-24,False,0,4.542454905411352,0.6426162193870083,0.12393585428628014,0.0
LINKUSDT,D,L,2024-06-07,False,0,3.1651702786377722,3.777399380804957,0.544092398938661,0.0
LINKUSDT,D,L,2024-06-07,True,0,3.1651702786377722,3.777399380804957,0.544092398938661,0.0
LINKUSDT,D,H,2024-11-30,False,1,3.211305041197837,1.0846992114822374,0.2524902555218712,0.0
LINKUSDT,D,L,2024-06-06,True,0,1.983919597989951,0.3919597989949757,0.16497461928934026,0.0
LINKUSDT,D,L,2024-06-11,True,0,4.732973487855217,2.3870455627877445,0.3352583112221008,0.0
LINKUSDT,D,L,2024-06-14,False,0,4.952493129171575,2.0909305064782115,0.2968628063056034,0.0
LINKUSDT,D,L,2024-06-17,False,0,5.259453447727996,1.8662217985382918,0.2619010457312316,0.0
LINKUSDT,D,L,2024-06-24,False,1,1.396955786421842,1.3710235966819677,0.4953156822810588,0.0
LINKUSDT,D,H,2024-07-21,False,0,1.9024120788068497,5.711102927637632,0.7501269680040629,1.0
LINKUSDT,D,L,2024-07-04,True,0,3.108778244351129,1.1449710057988394,0.26916748930569256,0.0
LINKUSDT,D,H,2024-07-02,False,0,1.2621035058430734,0.5661287330736412,0.3096590909090906,1.0
LINKUSDT,D,L,2024-07-04,True,0,3.108778244351129,1.1449710057988394,0.26916748930569256,0.0
LINKUSDT,D,H,2024-07-21,True,1,1.9024120788068497,5.711102927637632,0.7501269680040629,1.0
LINKUSDT,D,L,2024-08-04,True,0,3.7125506072874495,4.528252068297835,0.5494916267942584,
LINKUSDT,D,H,2024-07-15,True,0,2.506215813028344,0.4269849162937182,0.14556962025316467,0.0
LINKUSDT,D,L,2024-08-02,False,0,2.5964780816785322,1.1893967778194083,0.314166955316938,0.0
LINKUSDT,D,L,2024-08-01,False,0,1.383807950238118,1.5076295072407435,0.5214117647058826,0.0
LINKUSDT,D,H,2024-07-21,True,0,1.9024120788068497,5.711102927637632,0.7501269680040629,1.0
LINKUSDT,D,L,2024-07-24,False,0,2.156727828746176,1.5680428134556574,0.42097701149425304,0.0
LINKUSDT,D,H,2024-11-12,False,0,4.400032234668387,5.958094931098397,0.5752096721490032,0.0
LINKUSDT,D,L,2024-08-01,False,0,1.383807950238118,1.5076295072407435,0.5214117647058826,0.0
LINKUSDT,D,H,2024-11-10,True,0,5.484603218904086,0.9572983533351935,0.1486049332794176,0.0
LINKUSDT,D,L,2026-02-05,False,0,8.832233009708741,0.9514563106796109,0.0972492358988607,0.0
LINKUSDT,D,H,2024-08-11,False,0,0.6453378236160807,3.829790219602891,0.8557945566286217,1.0
LINKUSDT,D,L,2024-09-06,False,0,4.632484076433122,2.5324840764331205,0.35345364032358423,1.0
LINKUSDT,D,H,2024-08-21,True,0,2.0302547770700627,4.275477707006367,0.678030303030303,1.0
LINKUSDT,D,L,2024-08-16,False,0,0.6988271432560734,0.7652890254118971,0.5226969292389858,1.0
LINKUSDT,D,L,2024-09-04,False,1,3.295270472952706,1.3900609939006103,0.29668359725126975,0.0
LINKUSDT,D,L,2024-09-04,False,1,3.295270472952706,1.3900609939006103,0.29668359725126975,0.0
LINKUSDT,D,H,2024-09-26,False,0,2.9785758513931886,2.3180185758513927,0.43764320785597377,1.0
LINKUSDT,D,L,2025-10-10,False,0,5.27162508743297,7.679762182326883,0.5929683069749857,
LINKUSDT,D,H,2024-09-13,True,0,2.2653035466363747,2.198157263662753,0.49247822644497224,0.0
LINKUSDT,D,L,2024-11-04,False,0,3.1975308641975326,1.3999999999999997,0.30451127819548857,1.0
LINKUSDT,D,H,2024-09-20,False,0,2.1264185801002893,2.318553708102402,0.5216126350789694,0.0
LINKUSDT,D,L,2024-10-10,False,1,1.8722554890219556,0.6116655577733425,0.24625000000000016,1.0
LINKUSDT,D,H,2024-09-24,True,0,2.4790483914571486,1.0143281968099513,0.29035752979415025,0.0
LINKUSDT,D,L,2024-10-01,False,0,3.174559281023161,1.1759419287936381,0.2703003337041153,0.0
LINKUSDT,D,H,2024-11-08,True,0,4.702448036951501,0.25607390300231003,0.05164319248826302,0.0
LINKUSDT,D,L,2024-10-10,False,1,1.8722554890219556,0.6116655577733425,0.24625000000000016,1.0
LINKUSDT,D,H,2024-10-20,True,0,2.239130434782611,1.9743083003952584,0.46857410881801115,1.0
LINKUSDT,D,L,2024-11-04,False,1,3.1975308641975326,1.3999999999999997,0.30451127819548857,1.0
LINKUSDT,D,L,2024-11-03,False,0,2.461475409836065,0.7301229508196728,0.2287640449438204,0.0
LINKUSDT,D,H,2024-10-20,True,1,2.239130434782611,1.9743083003952584,0.46857410881801115,1.0
LINKUSDT,D,L,2024-10-25,False,0,2.1035550600767983,0.9156447417316993,0.303273980470994,1.0
LINKUSDT,D,H,2024-10-30,True,0,2.7275862068965524,0.9333333333333336,0.2549450549450549,1.0
LINKUSDT,D,H,2024-10-30,True,0,2.7275862068965524,0.9333333333333336,0.2549450549450549,1.0
LINKUSDT,D,L,2024-10-28,False,0,1.4238344275063974,0.901969511516636,0.38780977896852015,1.0
LINKUSDT,D,L,2024-11-03,False,1,2.461475409836065,0.7301229508196728,0.2287640449438204,0.0
LINKUSDT,D,H,2024-11-07,True,0,3.347165896444403,0.5030651702348395,0.13065843621399184,0.0
LINKUSDT,D,L,2025-10-10,False,1,5.27162508743297,7.679762182326883,0.5929683069749857,
LINKUSDT,D,H,2024-11-18,False,0,2.27781293507151,3.5084166561194783,0.6063389986219568,0.0
LINKUSDT,D,L,2025-03-10,True,0,2.761068221206869,1.4298881361273041,0.3411842105263158,
LINKUSDT,D,H,2024-11-22,True,0,2.9706269180184135,2.0400043840420863,0.40713520134741993,0.0
LINKUSDT,D,L,2025-02-28,False,0,3.364568579683871,1.6656280097444907,0.33112582781456956,0.0
LINKUSDT,D,H,2024-11-30,False,1,3.211305041197837,1.0846992114822374,0.2524902555218712,0.0
LINKUSDT,D,H,2024-12-08,False,0,1.524583663758922,1.0194290245836626,0.4007169576059847,1.0
LINKUSDT,D,L,2024-12-09,True,0,2.5236857550096414,3.287834325480003,0.5657442940820037,1.0
LINKUSDT,D,H,2024-12-12,True,0,3.0680194913557175,2.8808045746834874,0.4842645441692412,1.0
LINKUSDT,D,L,2025-01-09,False,0,2.9297306069457947,3.2926809477442394,0.5291647649475129,1.0
LINKUSDT,D,L,2024-12-31,True,0,2.4642341785198925,0.2984951556380128,0.1080435755857335,0.0
LINKUSDT,D,H,2025-01-19,False,0,3.7254332930270038,3.6712615880693256,0.4963381141287763,1.0
LINKUSDT,D,L,2025-01-08,False,0,2.5548683660676974,0.6710405348934381,0.2080159593761332,0.0
LINKUSDT,D,H,2025-01-17,True,0,4.333263166757881,0.5251547172988683,0.10809171418173016,0.0
LINKUSDT,D,L,2025-01-13,False,0,3.5101552065582817,3.5533551328697097,0.5030579643998175,1.0
LINKUSDT,D,L,2025-02-03,False,0,1.9786688665625645,3.216522789546566,0.6191345772131799,0.0
LINKUSDT,D,L,2025-01-27,False,0,1.286548992015661,2.7662516442840093,0.6825531015534189,0.0
LINKUSDT,D,H,2025-08-22,False,0,1.4813492552012817,1.7428905576757352,0.540558599492182,1.0
LINKUSDT,D,L,2025-02-02,True,0,2.435012645716445,1.1041600046512983,0.3119825206991721,0.0
LINKUSDT,D,H,2025-08-18,False,0,2.2891155201186724,0.7450398664936024,0.24555099247091025,0.0
LINKUSDT,D,L,2025-02-24,True,0,3.0839898053753476,1.1442307692307705,0.27061756808592274,0.0
LINKUSDT,D,L,2025-02-18,False,0,1.3785299518586518,1.6863367909077382,0.5502153706642489,0.0
LINKUSDT,D,H,2025-02-14,False,0,0.7666289450521803,3.107883817427386,0.8021353930031806,1.0
LINKUSDT,D,L,2025-02-18,False,1,1.3785299518586518,1.6863367909077382,0.5502153706642489,0.0
LINKUSDT,D,H,2025-07-20,False,1,6.4969971030876845,7.071716243905887,0.5211781001676752,0.0
LINKUSDT,D,H,2025-07-20,False,1,6.4969971030876845,7.071716243905887,0.5211781001676752,0.0
LINKUSDT,D,L,2025-02-21,False,0,1.8173555981385185,1.519956200383246,0.4554432705558103,0.0
LINKUSDT,D,H,2025-07-18,False,0,5.820902806018706,2.2261081740544957,0.27663789443894177,0.0
LINKUSDT,D,L,2025-02-24,True,0,3.0839898053753476,1.1442307692307705,0.27061756808592274,0.0
LINKUSDT,D,L,2025-02-28,False,1,3.364568579683871,1.6656280097444907,0.33112582781456956,0.0
LINKUSDT,D,L,2025-03-04,False,0,1.6983731363574572,1.3608555761997556,0.44483616756532557,1.0
LINKUSDT,D,H,2025-03-06,False,0,2.361295786576328,1.1892441244971421,0.3349474035732177,1.0
LINKUSDT,D,L,2025-03-10,True,0,2.761068221206869,1.4298881361273041,0.3411842105263158,
LINKUSDT,D,H,2025-05-12,False,0,3.7629471436198614,2.4879871863320853,0.39801844892381255,1.0
LINKUSDT,D,L,2025-04-06,True,0,3.3910072221790792,1.3253086899122462,0.28100507146150294,1.0
LINKUSDT,D,H,2025-03-19,True,0,2.3671425527381205,1.9741103771574688,0.45473286376911193,1.0
LINKUSDT,D,H,2025-03-24,False,0,3.1004048582995956,2.398515519568151,0.43617935062704,1.0
LINKUSDT,D,H,2025-05-09,True,0,3.5257122379501875,2.070775846622469,0.37001344688480503,0.0
LINKUSDT,D,H,2025-04-23,True,0,3.655946398659966,1.1537688442211051,0.23988298391028762,0.0
LINKUSDT,D,L,2025-04-06,True,0,3.3910072221790792,1.3253086899122462,0.28100507146150294,1.0
LINKUSDT,D,L,2025-10-10,False,1,5.27162508743297,7.679762182326883,0.5929683069749857,
LINKUSDT,D,H,2025-04-20,False,0,1.3871798540563736,1.1227643439690944,0.44732641660015976,0.0
LINKUSDT,D,L,2025-06-21,False,0,2.650053022269354,2.36797454931071,0.4718934911242602,1.0
LINKUSDT,D,L,2025-06-05,False,0,3.8348229063224117,1.140019860973188,0.2291569632044713,0.0
LINKUSDT,D,H,2025-05-08,True,0,3.772202709483189,0.15594581033617752,0.039699570815450884,0.0
LINKUSDT,D,H,2025-05-08,True,0,3.772202709483189,0.15594581033617752,0.039699570815450884,0.0
LINKUSDT,D,L,2025-05-04,False,0,1.6965613789482885,1.2212792020299232,0.41855583543240976,1.0
LINKUSDT,D,L,2025-06-05,True,0,3.8348229063224117,1.140019860973188,0.2291569632044713,0.0
LINKUSDT,D,H,2025-07-17,True,0,6.640977274768704,1.3266864277373567,0.16650883838383834,0.0
LINKUSDT,D,L,2025-05-30,True,1,3.246549161180718,0.6738868832731647,0.17189079878665314,0.0
LINKUSDT,D,H,2025-07-17,True,0,6.640977274768704,1.3266864277373567,0.16650883838383834,0.0
LINKUSDT,D,L,2025-05-30,True,1,3.246549161180718,0.6738868832731647,0.17189079878665314,0.0
LINKUSDT,D,H,2025-07-14,False,0,4.0870902624243,1.8854176679803891,0.3156827399729607,0.0
LINKUSDT,D,L,2025-06-05,True,0,3.8348229063224117,1.140019860973188,0.2291569632044713,0.0
LINKUSDT,D,H,2025-06-10,True,0,3.3659370725034226,0.8869699042407659,0.20855614973262016,1.0
LINKUSDT,D,L,2025-06-18,False,0,1.1961917161689324,1.3830254699324604,0.5362190812720847,0.0
LINKUSDT,D,H,2025-07-11,False,0,3.810098443950461,1.332274796231606,0.25907780979827055,0.0
LINKUSDT,D,L,2025-06-18,False,1,1.1961917161689324,1.3830254699324604,0.5362190812720847,0.0
LINKUSDT,D,H,2025-07-09,True,1,2.40472440944882,2.217322834645668,0.47972742759795545,0.0
LINKUSDT,D,L,2025-10-10,False,0,5.27162508743297,7.679762182326883,0.5929683069749857,
LINKUSDT,D,H,2025-06-29,False,0,1.2091468777484617,0.5602462620932276,0.31663187195546255,1.0
LINKUSDT,D,L,2025-07-02,False,0,0.40472727272727216,3.3459999999999988,0.8920936545639635,1.0
LINKUSDT,D,H,2025-07-03,False,0,3.3198752382602663,0.6016288338242943,0.15341787813176627,0.0
LINKUSDT,D,L,2025-10-10,False,0,5.27162508743297,7.679762182326883,0.5929683069749857,
LINKUSDT,D,H,2025-07-09,True,1,2.40472440944882,2.217322834645668,0.47972742759795545,0.0
LINKUSDT,D,H,2025-08-09,True,0,5.00205338809035,3.799734267423602,0.431700288184438,0.0
LINKUSDT,D,L,2025-07-30,False,0,1.3328890028197897,3.5759036144578333,0.7284690744260859,1.0
LINKUSDT,D,H,2025-08-08,True,0,3.400125707102452,0.3519798868636066,0.09380863039399594,0.0
LINKUSDT,D,L,2025-10-10,False,0,5.27162508743297,7.679762182326883,0.5929683069749857,
LINKUSDT,D,H,2025-08-07,True,0,2.735051546391753,0.987757731958762,0.26532590259268213,0.0
LINKUSDT,D,L,2025-10-10,False,0,5.27162508743297,7.679762182326883,0.5929683069749857,
LINKUSDT,D,H,2025-08-17,True,0,2.5041553560242216,0.4642305282940075,0.1563915698246998,0.0
LINKUSDT,D,L,2025-09-22,False,0,2.954504094631483,5.112829845313922,0.6337694563501015,0.0
LINKUSDT,D,L,2025-08-25,False,0,1.8873476250525425,0.847835224884405,0.309973874289227,0.0
LINKUSDT,D,L,2025-08-30,False,0,1.0683457561913927,0.8991945179129585,0.4570145423438831,0.0
LINKUSDT,D,L,2025-09-05,False,0,2.140491147915478,0.5299828669331795,0.1984602224123177,0.0
LINKUSDT,D,H,2025-09-11,True,0,2.1177772600186415,1.288443616029822,0.3782619104620537,1.0
LINKUSDT,D,L,2025-09-22,True,0,2.954504094631483,5.112829845313922,0.6337694563501015,0.0
LINKUSDT,D,L,2025-09-22,True,0,2.954504094631483,5.112829845313922,0.6337694563501015,0.0
LINKUSDT,D,L,2025-09-25,False,0,3.8795869552534854,3.361764191120704,0.46424543198736745,0.0
LINKUSDT,D,L,2025-10-10,True,0,5.27162508743297,7.679762182326883,0.5929683069749857,
LINKUSDT,D,H,2025-10-06,True,0,2.8634345996425887,1.2275321381218662,0.3000591832708623,1.0
LINKUSDT,D,L,2025-10-09,False,0,1.3891977760127079,1.7204130262112796,0.5532567049808431,0.0
LINKUSDT,D,L,2026-02-05,True,0,8.832233009708741,0.9514563106796109,0.0972492358988607,0.0
LINKUSDT,D,L,2025-11-03,True,0,3.5096494682946036,6.500065642641458,0.6493756885787735,
LINKUSDT,D,L,2025-10-30,False,0,1.9341207988309794,0.9410618606916694,0.32730506967091577,0.0
LINKUSDT,D,L,2025-11-03,True,0,3.5096494682946036,6.500065642641458,0.6493756885787735,
LINKUSDT,D,L,2025-11-14,False,0,2.218696943972837,4.187818336162988,0.6536811594202897,
LINKUSDT,D,H,2025-11-10,True,0,1.9864061172472391,0.967183517417161,0.32746035741253426,1.0
LINKUSDT,D,H,2025-12-03,True,0,3.3818910791847645,2.5235549615770148,0.4273267326732675,1.0
LINKUSDT,D,L,2026-01-25,True,0,4.846864132389976,5.629212135747692,0.5373397435897436,0.0
LINKUSDT,D,H,2025-12-02,False,0,2.305649017177262,0.6669027802372947,0.22435362802335293,0.0
LINKUSDT,D,L,2025-12-18,False,0,3.406452633243713,0.3620117033053929,0.09606345475910692,0.0
LINKUSDT,D,H,2025-12-09,False,0,1.4896706716224397,2.892211945717006,0.6600386633526651,1.0
LINKUSDT,D,L,2025-12-14,False,0,1.7817622950819678,1.5655737704918018,0.46770737679828556,0.0
LINKUSDT,D,H,2026-09-28,True,0,4.335266303862967,1.6811490766348491,0.279427029271331,
LINKUSDT,D,L,2026-01-25,True,0,4.846864132389976,5.629212135747692,0.5373397435897436,0.0
LINKUSDT,D,H,2025-12-29,False,0,0.4952611858055981,4.1796341194622,0.8940594059405942,1.0
LINKUSDT,D,L,2026-01-21,False,0,3.354723282442748,1.1137881679389308,0.249252615844544,0.0
LINKUSDT,D,H,2026-01-02,True,0,2.5884533143264408,3.458588738417677,0.5719471947194722,1.0
LINKUSDT,D,L,2026-01-20,True,0,3.864169184290031,0.24362537764350173,0.0593080724876435,0.0
LINKUSDT,D,H,2026-01-14,False,0,2.107865168539325,1.573033707865169,0.42735042735042755,1.0
LINKUSDT,D,L,2026-01-12,False,0,2.202055720854747,1.7533134974303488,0.44327429392053613,1.0
LINKUSDT,D,L,2026-01-19,True,0,2.666583510041161,1.2835225146563571,0.32493368700265296,0.0
LINKUSDT,D,H,2026-09-26,False,0,2.8697216436281017,1.1518651770498007,0.28642056690837164,0.0
LINKUSDT,D,L,2026-01-25,True,0,4.846864132389976,5.629212135747692,0.5373397435897436,0.0
LINKUSDT,D,L,2026-01-29,True,0,5.822711178553363,5.224329792615074,0.4729166666666667,0.0
LINKUSDT,D,L,2026-02-05,True,0,8.832233009708741,0.9514563106796109,0.0972492358988607,0.0
LINKUSDT,D,L,2026-06-05,False,1,4.16793893129771,0.5557251908396961,0.11764705882352967,0.0
LINKUSDT,D,H,2026-02-14,True,0,1.1243432574430836,6.2101576182136595,0.8467048710601718,1.0
LINKUSDT,D,L,2026-02-24,False,0,1.9498230942425199,2.4181408813123193,0.5536082474226807,1.0
LINKUSDT,D,H,2026-02-25,True,0,4.941852825229957,11.815374507227324,0.7050912584053795,
LINKUSDT,D,L,2026-02-23,True,0,1.781655194493356,0.3137506002881395,0.14973262032085616,0.0
LINKUSDT,D,H,2026-02-25,True,0,4.941852825229957,11.815374507227324,0.7050912584053795,
LINKUSDT,D,L,2026-06-04,True,0,2.8908685968819605,1.9933184855233865,0.40811673506611956,0.0
LINKUSDT,D,H,2026-03-04,False,0,2.0,8.878947368421048,0.8161586840832123,1.0
LINKUSDT,D,L,2026-03-29,False,0,2.316239316239316,0.7670940170940173,0.24878724878724887,1.0
LINKUSDT,D,H,2026-03-16,True,0,2.3358288770053455,9.595721925133693,0.8042309071351741,1.0
LINKUSDT,D,L,2026-03-28,False,0,2.301281061892267,0.4861861398363978,0.17441860465116377,0.0
LINKUSDT,D,H,2026-03-13,False,0,1.3111440506670267,1.0319363967120347,0.4404186795491145,0.0
LINKUSDT,D,L,2026-03-21,True,0,2.9510723860589803,1.0157506702412908,0.256061502069782,0.0
LINKUSDT,D,H,2026-03-16,True,1,2.3358288770053455,9.595721925133693,0.8042309071351741,1.0
LINKUSDT,D,H,2026-05-06,False,0,3.737680804118664,15.13949497425842,0.8019999999999998,1.0
LINKUSDT,D,L,2026-03-27,True,0,1.983226593473621,0.3799939005794468,0.16079494128274674,0.0
LINKUSDT,D,H,2026-04-16,True,0,2.0335443037974685,1.0655063291139246,0.3438170121515369,0.0
LINKUSDT,D,L,2026-06-03,False,0,2.257767548906789,0.6421173762945913,0.2214285714285714,0.0
LINKUSDT,D,H,2026-04-07,True,0,2.0266761515205416,0.5178730215187629,0.20352250489236803,0.0
LINKUSDT,D,L,2026-06-02,True,0,2.3312666076173643,0.4612931798051373,0.16518650088809925,0.0
LINKUSDT,D,L,2026-06-02,True,1,2.3312666076173643,0.4612931798051373,0.16518650088809925,0.0
LINKUSDT,D,H,2026-04-13,False,0,2.0387012135126277,0.30764184978681625,0.13111545988258347,0.0
LINKUSDT,D,H,2026-04-16,True,1,2.0335443037974685,1.0655063291139246,0.3438170121515369,0.0
LINKUSDT,D,L,2026-06-02,True,0,2.3312666076173643,0.4612931798051373,0.16518650088809925,0.0
LINKUSDT,D,H,2026-05-06,True,0,3.737680804118664,15.13949497425842,0.8019999999999998,1.0
LINKUSDT,D,L,2026-04-29,False,0,1.4578913184672022,1.3002814462004733,0.4714285714285706,1.0
LINKUSDT,D,H,2026-04-27,False,0,0.475350086322659,1.4743909457126414,0.7561983471074364,1.0
LINKUSDT,D,L,2026-04-29,True,0,1.4578913184672022,1.3002814462004733,0.4714285714285706,1.0
LINKUSDT,D,H,2026-05-04,False,0,1.7413127413127463,1.9691119691119716,0.5306971904266385,0.0
LINKUSDT,D,L,2026-05-28,False,0,1.4675862068965546,0.6865900383141733,0.3187250996015923,0.0
LINKUSDT,D,H,2026-08-19,False,0,7.914339801230481,12.770941788925708,0.6173926969891097,0.0
LINKUSDT,D,H,2026-08-19,False,0,7.914339801230481,12.770941788925708,0.6173926969891097,0.0
LINKUSDT,D,L,2026-05-23,False,0,2.518379160636759,1.3270622286541232,0.3451001053740777,0.0
LINKUSDT,D,H,2026-08-19,True,0,7.914339801230481,12.770941788925708,0.6173926969891097,0.0
LINKUSDT,D,L,2026-05-28,True,0,1.4675862068965546,0.6865900383141733,0.3187250996015923,0.0
LINKUSDT,D,H,2026-08-15,False,0,4.683414509100235,2.031274032299415,0.3025120256547304,0.0
LINKUSDT,D,L,2026-06-02,True,0,2.3312666076173643,0.4612931798051373,0.16518650088809925,0.0
LINKUSDT,D,H,2026-08-15,True,0,4.683414509100235,2.031274032299415,0.3025120256547304,0.0
LINKUSDT,D,H,2026-06-14,True,0,1.440270032286468,2.3278544173759923,0.6177753544165762,1.0
LINKUSDT,D,L,2026-06-23,False,0,2.7954774883908757,1.814657783161718,0.39362354383813575,1.0
LINKUSDT,D,H,2026-07-15,False,0,2.0853439680957124,2.163509471585245,0.5091984231274641,0.0
LINKUSDT,D,L,2026-06-23,True,0,2.7954774883908757,1.814657783161718,0.39362354383813575,1.0
LINKUSDT,D,H,2026-07-04,False,0,2.4878793662912737,1.6487879366291294,0.3985788113695096,0.0
LINKUSDT,D,H,2026-07-14,True,0,2.4346543001686336,0.8145025295109604,0.25068119891008156,0.0
LINKUSDT,D,H,2026-07-20,False,0,1.9244663382594416,2.3743842364532033,0.5523300229182583,1.0
LINKUSDT,D,L,2026-08-01,False,0,1.5702792238523429,0.9143398012304771,0.36799999999999977,1.0
LINKUSDT,D,H,2026-07-26,True,0,2.939463601532568,1.7415070242656439,0.3720397249809012,1.0
LINKUSDT,D,L,2026-07-28,False,0,2.782051282051282,1.4134615384615403,0.3368983957219255,0.0
LINKUSDT,D,H,2026-08-14,True,0,2.7501827930782348,1.1737752863758277,0.29913043478260964,0.0
LINKUSDT,D,H,2026-08-11,True,0,2.574588477366255,0.5149176954732535,0.16666666666666735,0.0
LINKUSDT,D,H,2026-08-11,True,0,2.574588477366255,0.5149176954732535,0.16666666666666735,0.0
LINKUSDT,D,H,2026-08-19,True,0,7.914339801230481,12.770941788925708,0.6173926969891097,0.0
LINKUSDT,D,H,2026-09-06,True,0,3.7217411121239734,1.8776207839562429,0.3353276353276352,1.0
LINKUSDT,D,H,2026-08-28,False,0,0.46429526611393396,1.4964785593295886,0.7632081476766391,1.0
LINKUSDT,D,L,2026-08-30,False,0,1.1460815047021937,1.363009404388714,0.5432283858070964,1.0
LINKUSDT,D,H,2026-09-04,False,0,0.8762701733413035,1.1930663478780623,0.5765453495089541,0.0
LINKUSDT,D,L,2026-09-02,False,0,1.0706889523033025,1.213371381981246,0.5312343828085953,1.0
LINKUSDT,D,L,2026-09-15,True,0,3.8998107758191387,1.1572552534608105,0.22883926109732572,1.0
LINKUSDT,D,H,2026-09-25,True,0,2.6004377200494813,0.6394518983728238,0.1973684210526317,0.0
LINKUSDT,D,H,2026-09-18,True,0,2.2782189164740174,2.0404060709619047,0.47246660149885944,0.0
LINKUSDT,D,L,2026-10-02,False,0,2.12127692072705,1.940583473346572,0.4777573045538302,
