sym,P,t,bull,prev_bull,streak,prev_state,prev_clv,prev_body,prev_range,prev_inside,prev_outside,above_ma,mom3,mom12,month,up_after_1,up_after_2,up_after_3,first_day,first_swept,low_day,high_day,up_after_7,up_after_14
BTCUSDT,W,2017-11-27,True,True,2,принятие выше,0.8566946417043256,0.6913557133634608,1.1618017001756578,False,False,,True,True,11,True,True,True,0.0,хай,2,6,,
BTCUSDT,W,2017-12-04,True,True,3,принятие выше,0.8004266263237518,0.6164629349470498,2.484187264875997,False,False,,True,True,12,True,True,True,1.0,хай,0,4,,
BTCUSDT,W,2017-12-11,True,True,4,принятие выше,0.6400103701551929,0.5832540734875423,4.00399587280743,False,False,,True,True,12,True,True,True,0.0,хай,2,6,,
BTCUSDT,W,2017-12-18,False,True,5,принятие выше,0.8171009251537377,0.7626010303734129,2.3714077385930654,False,False,,True,True,12,False,False,False,3.0,лой,4,0,,
BTCUSDT,W,2017-12-25,True,False,-1,принятие ниже,0.30447295838829597,0.6427677179517929,3.1796957039981266,False,False,,True,True,12,True,True,True,,нет,5,2,,
BTCUSDT,W,2018-01-01,True,True,1,внутри,0.41414054190667765,0.045568180621518434,1.430459549873947,True,False,,False,True,1,False,True,True,4.0,хай,0,4,,
BTCUSDT,W,2018-01-08,False,True,2,отказ сверху,0.7681531051185655,0.5499882518796992,1.2025381797395536,False,False,True,False,True,1,False,False,False,3.0,лой,3,0,,
BTCUSDT,W,2018-01-15,False,False,-1,отказ снизу,0.4215488694309571,0.557434532637182,1.220481011791974,False,False,True,False,True,1,True,False,False,1.0,лой,1,0,,
BTCUSDT,W,2018-01-22,True,False,-2,отказ снизу,0.4784285300642954,0.3735347527032649,1.1935562941962838,False,False,True,False,True,1,False,False,False,,нет,0,6,,
BTCUSDT,W,2018-01-29,False,True,1,внутри,0.8446726627299727,0.1493113629381851,0.5044374161292302,True,False,True,False,True,1,False,False,False,1.0,лой,6,0,,
BTCUSDT,W,2018-02-05,False,False,-1,принятие ниже,0.06299350806670928,0.9135035179059683,0.8720826070505754,False,False,False,False,True,2,False,False,False,0.0,лой,1,5,,
BTCUSDT,W,2018-02-12,True,False,-2,отказ снизу,0.6731979241756556,0.03787303026645823,0.6272101559202669,False,False,False,False,True,2,True,True,True,2.0,хай,0,6,,
BTCUSDT,W,2018-02-19,False,True,1,принятие выше,0.723511331884508,0.7201521266687366,0.6622089035744889,False,False,True,False,True,2,True,True,True,1.0,хай,6,1,,
BTCUSDT,W,2018-02-26,True,False,-1,отказ сверху,0.12551718096057304,0.31260229132569556,0.5524211776740198,False,False,False,True,False,2,True,True,True,,нет,0,6,,
BTCUSDT,W,2018-03-05,False,True,1,внутри,0.9774266365688488,0.8690744920993227,0.5170722551867132,True,False,True,True,False,3,False,False,False,0.0,хай,4,0,,
BTCUSDT,W,2018-03-12,False,False,-1,обе сняты,0.3562762496302868,0.5860485063590655,0.92091866335234,False,True,False,False,False,3,False,False,False,2.0,лой,6,0,,
BTCUSDT,W,2018-03-19,True,False,-2,принятие ниже,0.3381498161191797,0.5234292214673067,0.7262091721648861,False,False,False,False,False,3,True,True,True,,нет,0,2,,
BTCUSDT,W,2018-03-26,False,True,1,внутри,0.3506765508308759,0.2582651270886722,0.32508504064122945,True,False,False,False,False,3,False,False,False,0.0,лой,6,0,,
BTCUSDT,W,2018-04-02,True,False,-1,принятие ниже,0.1837075337307965,0.7948285041417051,0.7030901176397587,False,False,False,False,False,4,True,True,False,,нет,4,1,,
BTCUSDT,W,2018-04-09,True,True,1,внутри,0.5078431372549019,0.2009705882352939,0.38456985108098063,True,False,False,False,False,4,False,False,False,3.0,хай,0,6,,
BTCUSDT,W,2018-04-16,True,True,2,принятие выше,0.9590110748182603,0.7390324106151085,0.7216606122849057,False,False,False,False,False,4,False,False,False,4.0,хай,1,5,,
BTCUSDT,W,2018-04-23,True,True,3,принятие выше,0.7949900793650798,0.35710152116402166,0.5265334372238596,False,False,False,True,False,4,True,True,True,1.0,хай,3,2,,
BTCUSDT,W,2018-04-30,True,True,4,принятие выше,0.6924562353365818,0.5714672441797508,0.5247971631971422,False,False,False,True,True,4,False,False,False,3.0,хай,1,5,,
BTCUSDT,W,2018-05-07,False,True,5,отказ сверху,0.7039876671778011,0.1984157571483623,0.6417146348150095,False,False,False,True,True,5,False,False,False,4.0,лой,5,0,,
BTCUSDT,W,2018-05-14,False,False,-1,принятие ниже,0.34276064477083507,0.6385951440452415,0.8675756807584363,False,False,False,False,False,5,False,False,False,2.0,лой,4,0,,
BTCUSDT,W,2018-05-21,False,False,-2,отказ снизу,0.635354150957039,0.1577642574554014,0.568331386235683,False,False,False,False,False,5,False,False,False,2.0,лой,6,0,,
BTCUSDT,W,2018-05-28,True,False,-3,принятие ниже,0.07907931388359488,0.8708253921712357,0.9330421537802843,False,False,False,False,False,5,False,True,True,0.0,лой,1,6,,
BTCUSDT,W,2018-06-04,False,True,1,отказ снизу,0.903905856130762,0.49787725210284783,0.5617249862314999,False,False,False,False,False,6,False,False,False,6.0,лой,6,3,,
BTCUSDT,W,2018-06-11,False,False,-1,принятие ниже,0.12448016529649134,0.8310964025249746,0.8730043474804788,False,False,False,False,False,6,True,False,False,0.0,лой,2,0,,
BTCUSDT,W,2018-06-18,False,False,-2,принятие ниже,0.41195289548374187,0.3926081760693129,0.6616730116945093,False,False,False,False,False,6,True,True,True,4.0,лой,6,1,,
BTCUSDT,W,2018-06-25,True,False,-3,отказ снизу,0.35445252532654326,0.28128492131826277,0.9155774123914171,False,False,False,False,False,6,True,False,False,,нет,4,5,,
BTCUSDT,W,2018-07-02,True,True,1,внутри,0.7701170910159022,0.2922068385425715,0.6689047141890069,True,False,False,False,False,7,True,True,True,0.0,хай,0,5,,
BTCUSDT,W,2018-07-09,False,True,2,принятие выше,0.8059428404142432,0.6427342920920713,0.5090414607908427,False,False,False,True,False,7,False,False,False,1.0,лой,3,0,,
BTCUSDT,W,2018-07-16,True,False,-1,отказ снизу,0.38659399502773006,0.49051990274021245,0.7194699945651057,False,False,False,True,False,7,True,True,True,1.0,хай,0,4,,
BTCUSDT,W,2018-07-23,True,True,1,принятие выше,0.777153913551402,0.7598130841121495,1.413774807639504,False,False,False,True,False,7,True,True,True,0.0,хай,0,2,,
BTCUSDT,W,2018-07-30,False,True,2,принятие выше,0.7485874441469592,0.7308756503129561,1.173019819399673,False,False,True,True,False,7,False,False,False,4.0,лой,6,0,,
BTCUSDT,W,2018-08-06,False,False,-1,принятие ниже,0.10203421274025472,0.8533770520094054,1.4382960239524676,False,False,False,True,False,8,False,False,False,0.0,лой,5,0,,
BTCUSDT,W,2018-08-13,True,False,-2,принятие ниже,0.28370899915895703,0.6020689655172411,1.2263218800989308,False,False,False,False,False,8,False,False,False,1.0,лой,1,5,,
BTCUSDT,W,2018-08-20,True,True,1,отказ снизу,0.8074729729729726,0.22833783783783695,0.7304371172608214,False,False,False,False,False,8,False,True,False,2.0,хай,0,2,,
BTCUSDT,W,2018-08-27,True,True,2,принятие выше,0.7244845594228273,0.33578349986415956,0.6810138630633187,False,False,False,False,False,8,True,True,True,0.0,хай,0,6,,
BTCUSDT,W,2018-09-03,False,True,3,принятие выше,0.937849631590243,0.8613062450819091,0.7289879484144157,False,False,False,True,True,9,False,True,False,1.0,хай,5,1,,
BTCUSDT,W,2018-09-10,True,False,-1,принятие ниже,0.10762894534257152,0.809230177059276,1.4126997246377442,False,True,False,False,False,9,True,True,True,,нет,1,4,,
BTCUSDT,W,2018-09-17,True,True,1,внутри,0.807396884255135,0.6085574630998534,0.4261700924663186,True,False,False,False,True,9,False,False,False,2.0,лой,2,5,,
BTCUSDT,W,2018-09-24,False,True,2,принятие выше,0.8170048740974543,0.29037889473904743,0.7447830962123747,False,True,False,False,True,9,False,False,False,,нет,1,4,,
BTCUSDT,W,2018-10-01,False,False,-1,внутри,0.6156845930826074,0.16382865776471217,0.5102985962568932,True,False,False,True,False,10,False,False,False,,нет,2,4,,
BTCUSDT,W,2018-10-08,False,False,-2,внутри,0.6938576779026225,0.04235955056179585,0.3062597426729938,True,False,False,True,True,10,True,True,True,0.0,хай,3,0,,
BTCUSDT,W,2018-10-15,True,False,-3,принятие ниже,0.26310223266745014,0.5403838621229923,0.6489314110254799,False,True,False,False,False,10,True,True,True,0.0,хай,0,0,,
BTCUSDT,W,2018-10-22,False,True,1,отказ сверху,0.21022463768115918,0.18171739130434747,1.9747546224283474,False,False,False,False,False,10,False,False,False,,нет,6,0,,
BTCUSDT,W,2018-10-29,False,False,-1,внутри,0.19854838709677575,0.5386559139784924,0.2590814309652455,True,False,False,False,False,10,False,False,False,0.0,лой,2,6,,
BTCUSDT,W,2018-11-05,False,False,-2,отказ снизу,0.8601685834702489,0.0145724694621042,0.4225979251978422,False,False,False,True,True,11,False,True,True,1.0,хай,6,2,,
BTCUSDT,W,2018-11-12,False,False,-3,отказ сверху,0.3644435902364041,0.13853546031135888,0.4167300745676911,False,False,False,False,False,11,True,True,False,2.0,лой,3,1,,
BTCUSDT,W,2018-11-19,False,False,-4,принятие ниже,0.23623673006998114,0.7205594840029966,1.885955012620933,False,False,False,False,False,11,False,False,False,0.0,лой,6,0,,
BTCUSDT,W,2018-11-26,True,False,-5,принятие ниже,0.2153390277128682,0.7836367794604588,3.5920441902122193,False,False,False,False,False,11,False,False,True,,нет,1,3,,
BTCUSDT,W,2018-12-03,False,True,1,внутри,0.6198801986180809,0.09500039408349334,1.0579726660977897,True,False,False,False,False,12,False,False,False,3.0,лой,5,0,,
BTCUSDT,W,2018-12-10,False,False,-1,принятие ниже,0.33789968652037605,0.6428213166144203,1.3216972415612325,False,False,False,False,False,12,False,False,False,4.0,лой,5,0,,
BTCUSDT,W,2018-12-17,True,False,-2,отказ снизу,0.15958478423766892,0.7048529995151406,0.5886680046860949,False,False,False,False,False,12,True,True,True,1.0,хай,0,4,,
BTCUSDT,W,2018-12-24,False,True,1,принятие выше,0.7724217794564878,0.758114265305902,1.1704002077356184,False,False,False,False,False,12,True,False,False,0.0,хай,3,0,,
BTCUSDT,W,2018-12-31,True,False,-1,отказ сверху,0.40257918552036176,0.1927601809954754,0.7980221568504727,False,False,False,True,False,12,False,False,True,,нет,0,6,,
BTCUSDT,W,2019-01-07,False,True,1,внутри,0.8990638683376111,0.464240777089939,0.5234855830031196,True,False,False,True,False,1,False,False,False,1.0,хай,6,1,,
BTCUSDT,W,2019-01-14,True,False,-1,принятие ниже,0.05649960222752548,0.8127446300715989,0.8055193132387132,False,True,False,False,False,1,True,True,True,,нет,0,5,,
BTCUSDT,W,2019-01-21,True,True,1,внутри,0.28563522808127206,0.24397185548264783,0.31036911080194435,True,False,False,False,False,1,False,True,True,1.0,лой,1,5,,
BTCUSDT,W,2019-01-28,False,True,2,отказ снизу,0.5085273357008205,0.0507694331185055,0.28007912797144335,False,False,False,False,False,1,False,False,False,0.0,лой,1,0,,
BTCUSDT,W,2019-02-04,True,False,-1,отказ снизу,0.5205696963864701,0.4423807919934566,0.28558747224237613,False,False,False,False,False,2,True,True,False,4.0,хай,4,4,,
BTCUSDT,W,2019-02-11,False,True,1,принятие выше,0.8515312916111851,0.6157068353306697,0.6585589091247896,False,False,False,True,False,2,False,False,False,,нет,3,6,,
BTCUSDT,W,2019-02-18,True,False,-1,внутри,0.7535606060606046,0.09219696969697025,0.26020157737350164,True,False,False,True,False,2,True,True,True,0.0,хай,0,6,,
BTCUSDT,W,2019-02-25,True,True,1,принятие выше,0.1630939226519336,0.13985267034990803,1.2782515966374686,False,False,False,True,False,2,True,True,True,,нет,2,3,,
BTCUSDT,W,2019-03-04,True,True,2,внутри,0.6193615709339276,0.3044633116729122,0.486091417372759,True,False,False,True,True,3,False,True,True,0.0,лой,0,5,,
BTCUSDT,W,2019-03-11,True,True,3,принятие выше,0.8175446754799712,0.36371487411147285,0.830718883912927,False,True,False,True,True,3,False,False,False,5.0,хай,3,5,,
BTCUSDT,W,2019-03-18,True,True,4,принятие выше,0.692395051713648,0.26424660312309894,0.7557898931686162,False,False,False,True,True,3,True,True,True,3.0,хай,3,3,,
BTCUSDT,W,2019-03-25,True,True,5,отказ сверху,0.5925202049548342,0.05456658390998854,0.60845557512567,False,False,True,True,True,3,False,False,True,4.0,хай,0,5,,
BTCUSDT,W,2019-04-01,True,True,6,принятие выше,0.8565402522981408,0.44808786660830086,0.9404108333052656,False,False,True,True,True,4,True,True,True,0.0,хай,0,2,,
BTCUSDT,W,2019-04-08,False,True,7,принятие выше,0.913295419739903,0.8839579142556773,4.523636554275701,False,False,True,True,True,4,True,False,True,0.0,хай,4,2,,
BTCUSDT,W,2019-04-15,True,False,-1,отказ сверху,0.48161489354113923,0.0694924925995939,1.5362320428670042,False,False,True,True,True,4,False,True,True,,нет,0,5,,
BTCUSDT,W,2019-04-22,True,True,1,внутри,0.7984455688279178,0.3256481143393682,0.9577574557054039,True,False,True,True,True,4,True,True,True,0.0,хай,3,1,,
BTCUSDT,W,2019-04-29,True,True,2,отказ сверху,0.4126907630522097,0.10062248995984052,1.2368829556038496,False,False,True,True,True,4,False,True,True,4.0,хай,0,5,,
BTCUSDT,W,2019-05-06,True,True,3,принятие выше,0.8275374376039931,0.6458818635607315,1.641983038306107,False,False,True,True,True,5,False,True,True,1.0,хай,0,6,,
BTCUSDT,W,2019-05-13,True,True,4,принятие выше,0.7085786065677167,0.6276174158012028,4.162916124232843,False,False,True,True,True,5,True,True,True,0.0,хай,0,1,,
BTCUSDT,W,2019-05-20,True,True,5,принятие выше,0.8545989304812831,0.7889304812834224,2.388913906481047,False,False,True,True,True,5,False,False,False,6.0,хай,3,6,,
BTCUSDT,W,2019-05-27,True,True,6,принятие выше,0.9018217357310401,0.36473025801407405,1.7151209569275334,False,False,True,True,True,5,True,True,True,0.0,хай,3,3,,
BTCUSDT,W,2019-06-03,False,True,7,отказ сверху,0.6742794081888404,0.10609206367020058,1.2594865512712543,False,False,True,True,True,6,False,False,False,1.0,лой,3,0,,
BTCUSDT,W,2019-06-10,True,False,-1,принятие ниже,0.13532443212397802,0.8094177842329152,1.447628500683061,False,False,True,False,True,6,True,True,True,5.0,хай,0,6,,
BTCUSDT,W,2019-06-17,True,True,1,принятие выше,0.7916190998902305,0.7276399560922064,1.7394326127385273,False,False,True,True,True,6,True,True,True,0.0,хай,0,6,,
BTCUSDT,W,2019-06-24,False,True,2,принятие выше,0.8008015917204337,0.7995734123734975,2.2028250457448904,False,False,True,True,True,6,True,True,True,1.0,хай,3,2,,
BTCUSDT,W,2019-07-01,True,False,-1,отказ сверху,0.09550349792446806,0.015051235159220985,2.655943897435186,False,False,True,True,True,7,False,False,True,0.0,лой,1,3,,
BTCUSDT,W,2019-07-08,False,True,1,отказ снизу,0.7387769467663879,0.24291245050593904,1.4177885368085474,False,False,True,True,True,7,True,True,True,0.0,хай,6,2,,
BTCUSDT,W,2019-07-15,True,False,-1,отказ сверху,0.023383091114556876,0.40597487582455116,1.7094840739686221,False,False,True,False,True,7,True,False,False,0.0,лой,2,0,,
BTCUSDT,W,2019-07-22,False,True,1,отказ снизу,0.7497303921568631,0.2035637254901963,1.013418354496721,False,False,True,False,True,7,False,False,False,,нет,6,0,,
BTCUSDT,W,2019-07-29,True,False,-1,внутри,0.24802392369710763,0.6907111239922004,0.7490705448445151,True,False,True,False,True,7,False,True,True,5.0,хай,0,6,,
BTCUSDT,W,2019-08-05,True,True,1,принятие выше,0.9326626139817626,0.8435805471124612,0.8107677847704787,False,False,True,True,True,8,True,True,True,0.0,хай,0,1,,
BTCUSDT,W,2019-08-12,False,True,2,принятие выше,0.44348848813172675,0.44192743602537526,0.6791925214750041,False,False,True,True,True,8,False,False,False,1.0,лой,4,0,,
BTCUSDT,W,2019-08-19,False,False,-1,принятие ниже,0.3046025745531738,0.674165294410495,0.8708779101483866,False,False,True,True,True,8,True,True,False,,нет,3,1,,
BTCUSDT,W,2019-08-26,False,False,-2,внутри,0.3204569177413388,0.13761406107949736,0.5535547285090746,True,False,True,False,True,8,True,True,False,2.0,лой,3,0,,
BTCUSDT,W,2019-09-02,True,False,-3,принятие ниже,0.31540498442367565,0.3253193146417453,0.6165213312059187,False,False,True,False,True,9,True,True,True,1.0,хай,0,4,,
BTCUSDT,W,2019-09-09,False,True,1,отказ сверху,0.5603291518975673,0.551036141347612,0.6067605625209419,False,False,True,True,True,9,False,False,False,,нет,2,0,,
BTCUSDT,W,2019-09-16,False,False,-1,внутри,0.7033500000000004,0.13204999999999928,0.3445036735575057,True,False,True,True,False,9,False,False,False,3.0,лой,3,0,,
BTCUSDT,W,2019-09-23,False,False,-2,отказ снизу,0.5354273504273516,0.390982905982905,0.4459022724500996,False,False,True,True,False,9,False,False,False,0.0,лой,3,0,,
BTCUSDT,W,2019-09-30,False,False,-3,принятие ниже,0.12774838151470214,0.8627124465758546,1.7162465077962699,False,False,False,False,False,9,True,True,True,0.0,лой,0,1,,
BTCUSDT,W,2019-10-07,True,False,-4,отказ снизу,0.18259493670886076,0.23897468354430376,0.5782771294323296,False,False,False,False,False,10,True,True,True,2.0,хай,0,4,,
BTCUSDT,W,2019-10-14,False,True,1,отказ сверху,0.504181777083272,0.4124873465617045,0.7867481216814827,False,False,False,False,False,10,True,False,False,,нет,4,1,,
BTCUSDT,W,2019-10-21,True,False,-1,внутри,0.6939470859810223,0.08840014310294798,0.4770096915068072,True,False,False,True,False,10,False,False,False,2.0,лой,2,5,,
BTCUSDT,W,2019-10-28,False,True,1,принятие выше,0.7263615635179154,0.4255960912052117,2.6719560371845765,False,True,False,True,False,10,False,False,False,,нет,3,0,,
BTCUSDT,W,2019-11-04,False,False,-1,внутри,0.28481447780810737,0.33719543018906106,0.7768724345773035,True,False,False,True,False,11,True,True,True,4.0,лой,4,0,,
BTCUSDT,W,2019-11-11,False,False,-2,отказ снизу,0.4200542999706477,0.19199442324625737,0.6524236892162747,False,False,False,True,False,11,False,False,False,0.0,лой,6,0,,
BTCUSDT,W,2019-11-18,False,False,-3,принятие ниже,0.21024333462668293,0.7451915082312519,0.5980455205425862,False,False,False,False,False,11,False,False,False,0.0,лой,4,0,,
BTCUSDT,W,2019-11-25,True,False,-4,принятие ниже,0.06610952892291874,0.9335111349736219,1.477820871399606,False,False,False,False,False,11,True,True,True,0.0,лой,0,4,,
BTCUSDT,W,2019-12-02,True,True,1,отказ снизу,0.6560973782771538,0.36753558052434515,1.0504838127132934,False,False,False,False,False,12,False,False,False,,нет,2,2,,
BTCUSDT,W,2019-12-09,False,True,2,внутри,0.6487701317715954,0.17366032210834506,0.5119391249663642,True,False,False,False,False,12,False,False,False,5.0,лой,6,0,,
BTCUSDT,W,2019-12-16,True,False,-1,отказ снизу,0.17180705992363413,0.6101768877113687,0.5472756054873407,False,False,False,True,False,12,False,False,True,0.0,лой,2,6,,
BTCUSDT,W,2019-12-23,False,True,1,отказ снизу,0.9842183952599808,0.35240046514203377,0.9360155285592977,False,False,False,True,False,12,False,False,False,0.0,хай,4,0,,
BTCUSDT,W,2019-12-30,False,False,-1,отказ сверху,0.5037805350911201,0.18170802636680924,0.5316557465478796,False,False,False,False,False,12,False,False,False,3.0,лой,4,6,,
BTCUSDT,W,2020-01-06,True,False,-2,отказ снизу,0.7816366433745753,0.04756715174049665,0.5344827733896175,False,False,False,True,False,1,True,True,True,0.0,хай,0,2,,
BTCUSDT,W,2020-01-13,True,True,1,принятие выше,0.7563524146394278,0.7465350465603113,1.2009471123368425,False,False,False,True,False,1,False,True,True,1.0,хай,0,6,,
BTCUSDT,W,2020-01-20,False,True,2,принятие выше,0.5649686376400815,0.4520466454959809,1.2229236808067443,False,False,True,True,False,1,False,True,False,,нет,4,2,,
BTCUSDT,W,2020-01-27,True,False,-1,внутри,0.65,0.14951724137930922,0.5996319500444556,True,False,True,True,False,1,True,True,True,0.0,хай,0,3,,
BTCUSDT,W,2020-02-03,True,True,1,принятие выше,0.7636720997123684,0.6875551294343248,1.0943283782536073,False,False,True,True,True,2,False,False,True,0.0,хай,1,6,,
BTCUSDT,W,2020-02-10,False,True,2,принятие выше,0.9867193543276266,0.7643687266423732,1.210989521965049,False,False,True,True,True,2,False,True,True,0.0,хай,6,3,,
BTCUSDT,W,2020-02-17,True,False,-1,отказ сверху,0.32388499559103345,0.27202162714066824,1.0023690371381744,False,False,True,True,True,2,False,True,False,0.0,лой,2,1,,
BTCUSDT,W,2020-02-24,False,True,1,отказ снизу,0.6515555555555551,0.028555555555554342,1.025371098890207,False,False,True,True,True,2,False,False,False,1.0,лой,6,0,,
BTCUSDT,W,2020-03-02,False,False,-1,принятие ниже,0.07655478150728258,0.8894996833438888,1.7475203803595978,False,False,True,False,True,3,True,True,True,6.0,лой,6,5,,
BTCUSDT,W,2020-03-09,False,False,-2,принятие ниже,0.028038720538720877,0.4183417508417499,1.2464432301765167,False,False,False,False,True,3,False,False,False,0.0,лой,4,0,,
BTCUSDT,W,2020-03-16,True,False,-3,принятие ниже,0.359132443975457,0.6079942144738218,4.353574596838071,False,False,False,False,False,3,False,False,True,,нет,0,4,,
BTCUSDT,W,2020-03-23,True,True,1,внутри,0.5590468208374696,0.18546877797125963,1.7716518973746849,True,False,False,False,False,3,True,True,True,2.0,хай,0,2,,
BTCUSDT,W,2020-03-30,True,True,2,отказ сверху,0.1523040095751048,0.05147406217518653,0.8342365706673183,False,False,False,False,False,3,True,True,True,3.0,хай,0,3,,
BTCUSDT,W,2020-04-06,True,True,3,отказ сверху,0.6827284665433054,0.6657613561750133,0.8731267781072045,False,False,False,True,False,4,True,True,True,0.0,хай,4,1,,
BTCUSDT,W,2020-04-13,True,True,4,отказ сверху,0.22760556335190618,0.18203165163746537,0.44674375687843615,False,False,False,True,False,4,False,False,False,0.0,лой,3,5,,
BTCUSDT,W,2020-04-20,True,True,5,отказ снизу,0.7910549096155475,0.26303027363877735,0.5224668141312635,False,False,False,True,False,4,False,False,True,3.0,хай,0,3,,
BTCUSDT,W,2020-04-27,True,True,6,принятие выше,0.9545086119554208,0.5792299898682884,0.6351899069803961,False,False,False,True,False,4,True,True,True,0.0,хай,0,3,,
BTCUSDT,W,2020-05-04,False,True,7,принятие выше,0.6948004314994606,0.64782092772384,1.1836223440319003,False,False,True,True,False,5,False,True,True,3.0,хай,6,3,,
BTCUSDT,W,2020-05-11,True,False,-1,отказ сверху,0.3106512820512823,0.08788717948717907,1.1734419398981093,False,False,True,True,False,5,False,True,True,,нет,0,3,,
BTCUSDT,W,2020-05-18,False,True,1,внутри,0.851086831512364,0.5504715353651526,1.023616763534521,True,False,True,True,False,5,True,True,False,0.0,хай,6,0,,
BTCUSDT,W,2020-05-25,True,False,-1,отказ сверху,0.016272000000000116,0.7686160000000003,0.7126657232872933,False,False,True,False,True,5,True,True,True,0.0,лой,0,5,,
BTCUSDT,W,2020-06-01,True,True,1,отказ снизу,0.734133493729951,0.665399897929426,0.7623917846671212,False,False,True,True,True,6,True,True,True,0.0,хай,1,0,,
BTCUSDT,W,2020-06-08,False,True,2,принятие выше,0.4317684021543984,0.26815080789946083,0.8548189073050951,False,False,True,True,True,6,True,True,True,3.0,лой,3,2,,
BTCUSDT,W,2020-06-15,False,False,-1,отказ снизу,0.2604237711999279,0.46024871550038615,0.6832224814461585,False,False,True,True,True,6,True,True,True,0.0,лой,0,1,,
BTCUSDT,W,2020-06-22,False,False,-2,отказ снизу,0.5662663031464155,0.06986957482867866,0.5465336933128853,False,False,True,False,True,6,True,True,True,0.0,хай,5,0,,
BTCUSDT,W,2020-06-29,False,False,-3,обе сняты,0.2992080253431894,0.18832101372756088,0.7652921039956815,False,True,True,False,True,6,True,True,True,,нет,6,2,,
BTCUSDT,W,2020-07-06,True,False,-4,внутри,0.4420883775722473,0.11717673007995608,0.31926411689626283,True,False,True,False,True,7,True,True,True,0.0,хай,0,2,,
BTCUSDT,W,2020-07-13,False,True,1,принятие выше,0.5960925425038639,0.5635142967542508,0.34771743256088916,False,False,True,True,True,7,False,False,False,3.0,лой,3,0,,
BTCUSDT,W,2020-07-20,True,False,-1,отказ снизу,0.5453687156489191,0.31803621404727317,0.28329480541810725,False,False,True,True,True,7,False,True,True,1.0,хай,0,6,,
BTCUSDT,W,2020-07-27,True,True,1,принятие выше,0.816877551020409,0.7372959183673481,1.1117199101095045,False,False,True,True,True,7,True,True,True,0.0,хай,0,6,,
BTCUSDT,W,2020-08-03,True,True,2,принятие выше,0.5231229461756379,0.5166277620396599,2.7385842155763847,False,False,True,True,True,8,True,True,True,,нет,0,4,,
BTCUSDT,W,2020-08-10,True,True,3,внутри,0.7656323798180585,0.6266505123518896,1.0806642389058663,True,False,True,True,True,8,True,False,False,0.0,хай,1,0,,
BTCUSDT,W,2020-08-17,False,True,4,принятие выше,0.8340850002652939,0.2433384623547508,1.0601209573994166,False,False,True,True,True,8,True,True,False,0.0,хай,5,0,,
BTCUSDT,W,2020-08-24,True,False,-1,отказ сверху,0.2486459736617817,0.2408929700602099,1.2517335957960096,False,False,True,True,True,8,True,False,False,1.0,лой,1,0,,
BTCUSDT,W,2020-08-31,False,True,1,отказ снизу,0.8391821960806496,0.08913270932895828,0.7921020506445365,False,False,True,True,True,8,False,True,False,1.0,хай,5,1,,
BTCUSDT,W,2020-09-07,True,False,-1,принятие ниже,0.1937237459846803,0.6536693847294288,2.4848704062802467,False,True,True,False,True,9,True,False,False,,нет,1,6,,
BTCUSDT,W,2020-09-14,True,True,1,внутри,0.6613113092547692,0.10538138088781204,0.7132446177682524,True,False,True,False,True,9,True,True,True,0.0,хай,0,5,,
BTCUSDT,W,2020-09-21,False,True,2,принятие выше,0.7317587472220787,0.6072045066928524,0.9154869601423223,False,False,True,False,True,9,False,False,False,2.0,лой,2,0,,
BTCUSDT,W,2020-09-28,False,False,-1,отказ снизу,0.7481221538894883,0.17138866719872367,0.7661561896129571,False,False,True,True,True,9,False,True,True,,нет,4,0,,
BTCUSDT,W,2020-10-05,True,False,-2,внутри,0.5080381944444431,0.18685763888889065,0.4933010403855968,True,False,True,True,True,10,True,False,False,4.0,хай,1,5,,
BTCUSDT,W,2020-10-12,True,True,1,принятие выше,0.8737267080745346,0.7271221532091093,0.8569573224607979,False,False,True,True,True,10,True,True,True,0.0,хай,0,0,,
BTCUSDT,W,2020-10-19,True,True,2,принятие выше,0.6042590463677657,0.2447400594879636,0.5462516160479417,False,False,True,True,True,10,True,True,True,0.0,хай,0,6,,
BTCUSDT,W,2020-10-26,True,True,3,принятие выше,0.8346223558732055,0.7856120368272538,2.021640055547112,False,False,True,True,True,10,True,True,True,1.0,хай,0,5,,
BTCUSDT,W,2020-11-02,True,True,4,принятие выше,0.746441947565543,0.5482097378277158,1.258727412443015,False,False,True,True,True,11,False,True,True,2.0,хай,0,4,,
BTCUSDT,W,2020-11-09,True,True,5,принятие выше,0.824626123438037,0.6197616593428453,2.548397383905266,False,False,True,True,True,11,False,False,True,2.0,хай,0,4,,
BTCUSDT,W,2020-11-16,True,True,6,отказ сверху,0.6876604995043176,0.2877942739748933,1.2972818023699482,False,False,True,True,True,11,True,True,True,0.0,хай,0,5,,
BTCUSDT,W,2020-11-23,False,True,7,принятие выше,0.822215416357716,0.7922337921918822,2.5104280814434383,False,False,True,True,True,11,False,True,True,1.0,хай,3,2,,
BTCUSDT,W,2020-11-30,True,False,-1,отказ сверху,0.6058442878336034,0.069440357258791,2.2380795567581138,False,False,True,True,True,11,True,True,True,0.0,хай,1,1,,
BTCUSDT,W,2020-12-07,False,True,1,отказ сверху,0.7198549987280599,0.6224031204952094,1.1062456138705177,False,False,True,True,True,12,False,False,False,2.0,лой,4,0,,
BTCUSDT,W,2020-12-14,True,False,-1,отказ снизу,0.8669681593439297,0.09936275411396685,1.0217975894690572,False,False,True,True,True,12,True,True,True,1.0,хай,0,6,,
BTCUSDT,W,2020-12-21,True,True,1,принятие выше,0.8414579792256847,0.8084098205854577,2.7344514545784113,False,False,True,True,True,12,False,True,False,4.0,хай,0,6,,
BTCUSDT,W,2020-12-28,True,True,2,принятие выше,0.6760496443166338,0.4277463296503707,2.7885838155778297,False,False,True,True,True,12,True,True,True,2.0,хай,1,6,,
BTCUSDT,W,2021-01-04,True,True,3,принятие выше,0.8001755428961883,0.7550491059337322,2.9907582745642145,False,False,True,True,True,1,False,True,True,2.0,хай,0,4,,
BTCUSDT,W,2021-01-11,False,True,4,принятие выше,0.725037626628075,0.3726461649782919,3.7648376692985117,False,False,True,True,True,1,False,False,False,,нет,0,3,,
BTCUSDT,W,2021-01-18,False,False,-1,внутри,0.5587407024793389,0.2398150826446277,1.9677560405333354,True,False,True,True,True,1,True,True,False,3.0,лой,4,1,,
BTCUSDT,W,2021-01-25,True,False,-2,отказ снизу,0.3788777777777779,0.3961211111111107,1.604045331033964,False,False,True,False,True,1,False,True,False,4.0,хай,2,4,,
BTCUSDT,W,2021-02-01,True,True,1,отказ сверху,0.4145517094394298,0.0897216200331966,1.4645500623643464,False,False,True,False,True,2,True,True,True,3.0,хай,0,5,,
BTCUSDT,W,2021-02-08,True,True,2,принятие выше,0.7505794314815778,0.6585621322616594,1.2437670528092004,False,False,True,True,True,2,True,True,True,0.0,хай,0,6,,
BTCUSDT,W,2021-02-15,True,True,3,принятие выше,0.9036023258870133,0.8347541587945254,1.5627824727845934,False,False,True,True,True,2,False,True,True,1.0,хай,0,6,,
BTCUSDT,W,2021-02-22,False,True,4,принятие выше,0.9261282067530847,0.6906660220106225,1.5070146513495681,False,False,True,True,True,2,False,False,False,1.0,лой,6,0,,
BTCUSDT,W,2021-03-01,True,False,-1,принятие ниже,0.1472009109161754,0.8461739935361892,1.5152419018698553,False,False,True,True,True,3,True,True,True,,нет,0,2,,
BTCUSDT,W,2021-03-08,True,True,1,внутри,0.783047466210285,0.7591732590152506,0.7325840200313138,True,False,True,True,True,3,True,True,True,1.0,хай,0,5,,
BTCUSDT,W,2021-03-15,False,True,2,принятие выше,0.7712137401118435,0.6372018238044507,1.1852700329564125,False,False,True,True,True,3,False,False,False,,нет,1,0,,
BTCUSDT,W,2021-03-22,False,False,-1,внутри,0.5542203368880303,0.22066016579531128,0.6710050871626049,True,False,True,True,True,3,False,False,False,1.0,лой,3,0,,
BTCUSDT,W,2021-03-29,True,False,-2,отказ снизу,0.6684938593082486,0.19666332215859456,0.7750545615974681,False,False,True,True,True,3,True,True,True,1.0,хай,0,4,,
BTCUSDT,W,2021-04-05,True,True,1,отказ сверху,0.6300011666688274,0.44895638695627244,0.5315860657646025,False,False,True,False,True,4,True,False,False,5.0,хай,2,5,,
BTCUSDT,W,2021-04-12,False,True,2,отказ сверху,0.7515231458437034,0.2987257341961172,0.6151092132684782,False,False,True,True,True,4,False,True,True,1.0,хай,6,2,,
BTCUSDT,W,2021-04-19,False,False,-1,обе сняты,0.37483462259475536,0.2764399146717233,1.4698886458553058,False,True,True,True,True,4,False,True,False,3.0,лой,6,0,,
BTCUSDT,W,2021-04-26,True,False,-2,принятие ниже,0.20164275852827382,0.6684313486794617,1.0598636145007783,False,False,True,False,True,4,True,True,True,4.0,хай,0,5,,
BTCUSDT,W,2021-05-03,True,True,1,отказ сверху,0.806292460402921,0.7740068400340867,0.9816435271164451,False,False,True,False,True,5,True,False,True,0.0,хай,2,5,,
BTCUSDT,W,2021-05-10,False,True,2,отказ сверху,0.8092181818181813,0.25191363636363595,0.6890528092161022,False,False,True,True,True,5,False,False,False,2.0,лой,6,0,,
BTCUSDT,W,2021-05-17,False,False,-1,принятие ниже,0.16626314785503438,0.7534050288970507,1.7837355458349506,False,False,False,False,False,5,False,False,False,0.0,лой,2,0,,
BTCUSDT,W,2021-05-24,True,False,-2,принятие ниже,0.2789913700107875,0.7054764473211076,1.7406574753080863,False,False,False,False,False,5,True,True,True,,нет,6,2,,
BTCUSDT,W,2021-05-31,True,True,1,внутри,0.303172071830608,0.12862905387295556,0.746371665483061,True,False,False,False,False,5,True,True,True,,нет,0,3,,
BTCUSDT,W,2021-06-07,True,True,2,внутри,0.30860966224239783,0.029132908443187642,0.5318069872461093,True,False,False,False,False,6,False,False,True,0.0,лой,1,6,,
BTCUSDT,W,2021-06-14,False,True,3,отказ снизу,0.9571085918854415,0.38475656324582364,0.8604058281714118,False,False,False,True,False,6,True,True,False,0.0,хай,6,1,,
BTCUSDT,W,2021-06-21,False,False,-1,отказ сверху,0.28323242431823914,0.4278709031773823,0.7964062293432757,False,False,False,False,False,6,False,False,False,0.0,лой,1,0,,
BTCUSDT,W,2021-06-28,True,False,-2,отказ снизу,0.8488610511159103,0.12956515478761724,0.6786009895556028,False,False,False,False,False,6,False,True,True,1.0,хай,4,1,,
BTCUSDT,W,2021-07-05,False,True,1,отказ сверху,0.6632940271725204,0.14971033068444092,0.4090590268715395,False,False,False,False,False,7,False,False,False,3.0,лой,3,0,,
BTCUSDT,W,2021-07-12,False,False,-1,отказ снизу,0.6783149609236562,0.3199286242764503,0.36278355328895867,False,False,False,False,False,7,False,False,False,2.0,лой,4,0,,
BTCUSDT,W,2021-07-19,True,False,-2,принятие ниже,0.2073457740068831,0.6780066859281163,0.4451643951714223,False,False,False,False,False,7,False,False,True,0.0,лой,1,6,,
BTCUSDT,W,2021-07-26,True,True,1,принятие выше,0.9972254901960779,0.5886356209150322,0.7723373983688535,False,True,False,True,False,7,True,True,True,0.0,хай,0,6,,
BTCUSDT,W,2021-08-02,True,True,2,принятие выше,0.627556058118114,0.6038532601491643,1.0609429210177117,False,False,False,True,False,8,False,False,False,4.0,хай,3,6,,
BTCUSDT,W,2021-08-09,True,True,3,принятие выше,0.8100071452747174,0.49441540370802206,1.3209070847930189,False,False,False,True,False,8,True,True,True,0.0,хай,0,5,,
BTCUSDT,W,2021-08-16,True,True,4,принятие выше,0.7818863000931966,0.5926300093196644,0.8808382624976829,False,False,True,True,True,8,False,False,False,4.0,хай,3,5,,
BTCUSDT,W,2021-08-23,False,True,5,принятие выше,0.9111700466948232,0.38862032408471625,0.9564019987947648,False,False,True,True,True,8,True,False,False,0.0,хай,3,0,,
BTCUSDT,W,2021-08-30,True,False,-1,отказ сверху,0.5924305882352945,0.11091529411764692,0.7277388537376752,False,False,True,True,True,8,False,False,True,4.0,хай,2,6,,
BTCUSDT,W,2021-09-06,False,True,1,принятие выше,0.973437268002969,0.5547587230883446,0.9858008451760252,False,False,True,True,True,9,True,False,False,0.0,хай,1,1,,
BTCUSDT,W,2021-09-13,True,False,-1,принятие ниже,0.3157890036171655,0.5687871826296649,1.897763934471921,False,True,True,False,True,9,False,True,True,,нет,0,5,,
BTCUSDT,W,2021-09-20,False,True,1,внутри,0.7074015201344738,0.22226850836804748,0.9233569216847158,True,False,True,False,True,9,False,False,False,0.0,лой,1,0,,
BTCUSDT,W,2021-09-27,True,False,-1,принятие ниже,0.4596340637000228,0.5267482009745391,1.2590717850906787,False,False,True,False,True,9,False,False,False,4.0,хай,2,6,,
BTCUSDT,W,2021-10-04,True,True,1,принятие выше,0.8786823534964954,0.594641382077364,1.291399942639667,False,False,True,True,True,10,True,True,True,0.0,хай,0,6,,
BTCUSDT,W,2021-10-11,True,True,2,принятие выше,0.8032834521333858,0.6679196427001822,1.4226387381378236,False,False,True,True,True,10,True,True,True,0.0,хай,1,4,,
BTCUSDT,W,2021-10-18,False,True,3,принятие выше,0.8448564170532363,0.7587055445107135,1.2887971866812902,False,False,True,True,True,10,True,True,True,1.0,хай,6,2,,
BTCUSDT,W,2021-10-25,True,False,-1,отказ сверху,0.17913255721108762,0.09027461588891968,1.0499865060477445,False,False,True,True,True,10,True,False,False,2.0,лой,3,0,,
BTCUSDT,W,2021-11-01,True,True,1,отказ снизу,0.5907347770951502,0.07598168616939138,0.8019632247290835,False,False,True,True,True,11,False,True,True,1.0,хай,0,1,,
BTCUSDT,W,2021-11-08,True,True,2,отказ сверху,0.7951880781089407,0.4057101747173687,0.6617795190053147,False,False,True,True,True,11,True,True,True,0.0,хай,4,2,,
BTCUSDT,W,2021-11-15,False,True,3,принятие выше,0.48216304671228777,0.33405534067241843,0.9067987105165851,False,False,True,True,True,11,False,False,False,1.0,лой,4,0,,
BTCUSDT,W,2021-11-22,False,False,-1,принятие ниже,0.279769520321575,0.6385118433745424,1.431407826705862,False,False,True,False,True,11,False,False,False,1.0,лой,6,0,,
BTCUSDT,W,2021-11-29,False,False,-2,отказ снизу,0.6494272193633468,0.2170263246360321,0.81211973888726,False,False,True,False,True,11,True,False,False,4.0,лой,5,1,,
BTCUSDT,W,2021-12-06,True,False,-3,принятие ниже,0.4305852873865687,0.4586774285383272,2.2335834440587576,False,False,False,False,True,12,True,True,True,,нет,5,1,,
BTCUSDT,W,2021-12-13,False,True,1,внутри,0.6369700674788298,0.126815458225417,0.6006309640828168,True,False,False,False,True,12,False,False,False,0.0,лой,4,0,,
BTCUSDT,W,2021-12-20,True,False,-1,принятие ниже,0.2588165957959182,0.7124400872840337,0.5700658614485522,False,False,False,False,True,12,True,True,True,3.0,хай,0,4,,
BTCUSDT,W,2021-12-27,False,True,1,принятие выше,0.8345088503715313,0.6549594874543082,0.8003401011725452,False,False,False,True,True,12,False,False,False,0.0,хай,4,0,,
BTCUSDT,W,2022-01-03,False,False,-1,отказ сверху,0.2508861154446178,0.5443525741029646,0.8512240894558167,False,False,False,False,False,1,False,False,False,1.0,лой,5,0,,
BTCUSDT,W,2022-01-10,True,False,-2,принятие ниже,0.19290140048097362,0.76694864903098,0.9523880095306163,False,False,False,False,False,1,False,True,True,0.0,лой,0,3,,
BTCUSDT,W,2022-01-17,False,True,1,отказ снизу,0.7054969072164956,0.24887422680412388,0.6432162830003108,False,False,False,False,False,1,False,False,False,4.0,лой,5,3,,
BTCUSDT,W,2022-01-24,True,False,-1,принятие ниже,0.23550068442666136,0.7188701695272192,1.259760925312108,False,False,False,False,False,1,True,True,True,0.0,лой,0,2,,
BTCUSDT,W,2022-01-31,True,True,1,отказ снизу,0.827044334236799,0.2727405998190844,0.767992812905247,False,False,False,False,False,1,True,True,False,1.0,хай,3,6,,
BTCUSDT,W,2022-02-07,False,True,2,принятие выше,0.9570512019981272,0.7023290665001565,0.8731885188931633,False,False,False,False,False,2,True,True,True,0.0,хай,0,3,,
BTCUSDT,W,2022-02-14,False,False,-1,отказ сверху,0.0976755326155958,0.07837083697591679,0.5674149706551675,False,False,False,True,False,2,True,True,True,0.0,лой,6,1,,
BTCUSDT,W,2022-02-21,False,False,-2,принятие ниже,0.05730515152412823,0.543111058447137,1.1144526753780637,False,False,False,True,False,2,False,False,False,0.0,лой,3,5,,
BTCUSDT,W,2022-02-28,True,False,-3,принятие ниже,0.560354254858393,0.11413883113154788,0.9696719749855498,False,False,False,False,False,2,True,True,True,0.0,хай,0,2,,
BTCUSDT,W,2022-03-07,False,True,1,отказ сверху,0.12209569261229475,0.09078558912580467,1.2531518625545175,False,False,False,False,False,3,False,True,True,0.0,лой,0,2,,
BTCUSDT,W,2022-03-14,True,False,-1,отказ снизу,0.11442050648457579,0.11830353038944352,0.8350138845049903,False,False,False,False,False,3,True,True,True,,нет,0,5,,
BTCUSDT,W,2022-03-21,True,True,1,внутри,0.7651413828689372,0.7192487100103203,0.7550678376633758,True,False,False,True,False,3,False,True,True,1.0,хай,0,6,,
BTCUSDT,W,2022-03-28,False,True,2,принятие выше,0.9737806726626309,0.8521817285402374,1.054375983372945,False,False,True,True,False,3,True,True,True,0.0,хай,4,0,,
BTCUSDT,W,2022-04-04,False,False,-1,отказ сверху,0.5532427365508392,0.1053701401559972,0.6271018183852874,False,False,True,True,True,4,True,False,False,2.0,лой,6,1,,
BTCUSDT,W,2022-04-11,False,False,-2,принятие ниже,0.054548012003000475,0.7967948237059269,0.9174703422377742,False,False,False,True,False,4,False,False,False,0.0,лой,0,0,,
BTCUSDT,W,2022-04-18,False,False,-3,принятие ниже,0.14872881224122947,0.771680804800432,0.5596103159324375,False,False,False,False,True,4,True,True,True,0.0,лой,0,3,,
BTCUSDT,W,2022-04-25,False,False,-4,обе сняты,0.20579390875978903,0.05135274547301679,0.8182755184757975,False,True,False,False,True,4,True,False,False,0.0,лой,6,1,,
BTCUSDT,W,2022-05-02,False,False,-5,принятие ниже,0.3172067442017283,0.287830591656822,0.6256456516826565,False,False,False,False,False,5,True,False,True,3.0,лой,6,2,,
BTCUSDT,W,2022-05-09,False,False,-6,принятие ниже,0.051419850328536215,0.7020723253595186,1.2329143193894108,False,False,False,False,False,5,False,False,False,0.0,лой,3,0,,
BTCUSDT,W,2022-05-16,False,False,-7,принятие ниже,0.6136547728734015,0.35920006893671735,1.46577826556195,False,False,False,False,False,5,False,False,False,,нет,2,0,,
BTCUSDT,W,2022-05-23,False,False,-8,внутри,0.6130166054075064,0.38697965547798996,0.5238325055342214,True,False,False,False,False,5,False,False,False,3.0,лой,3,0,,
BTCUSDT,W,2022-05-30,True,False,-9,отказ снизу,0.5464229804409736,0.31152228446406105,0.5489597007108856,False,False,False,False,False,5,True,True,True,0.0,хай,4,1,,
BTCUSDT,W,2022-06-06,False,True,1,отказ сверху,0.20433864674777924,0.14474241490836307,0.6761138293288974,False,False,False,False,False,6,True,True,True,1.0,лой,6,0,,
BTCUSDT,W,2022-06-13,False,False,-1,принятие ниже,0.0027912033870953114,0.6425088941993689,1.2196347121828521,False,False,False,False,False,6,False,False,False,0.0,лой,5,0,,
BTCUSDT,W,2022-06-20,True,False,-2,принятие ниже,0.31831474340726174,0.6470383357918617,2.112599822861121,False,False,False,False,False,6,False,True,False,,нет,0,6,,
BTCUSDT,W,2022-06-27,False,True,1,внутри,0.6224161139419895,0.20616445354669297,0.4705244191004945,True,False,False,False,False,6,False,False,False,3.0,лой,3,0,,
BTCUSDT,W,2022-07-04,True,False,-1,принятие ниже,0.2367417677642988,0.5910565059972205,0.6216099288631715,False,False,False,False,False,7,True,True,True,3.0,хай,0,4,,
BTCUSDT,W,2022-07-11,False,True,1,отказ сверху,0.520486397124474,0.4454531315703071,0.7656103983619039,False,False,False,True,False,7,False,False,False,2.0,лой,2,6,,
BTCUSDT,W,2022-07-18,True,False,-1,отказ снизу,0.6804225555235073,0.022696134987020722,0.6107724170279021,False,False,False,False,False,7,True,True,True,0.0,хай,0,2,,
BTCUSDT,W,2022-07-25,True,True,1,принятие выше,0.5170973368731662,0.5065319026033702,0.8392308274625059,False,False,False,True,False,7,False,False,True,1.0,лой,1,5,,
BTCUSDT,W,2022-08-01,False,True,2,обе сняты,0.652990029029408,0.1807875804619459,1.0467345923389546,False,True,False,True,False,8,False,False,False,,нет,3,2,,
BTCUSDT,W,2022-08-08,True,False,-1,внутри,0.6206639522954598,0.09775743780456618,0.3188278843564082,True,False,False,True,False,8,True,False,True,0.0,хай,2,6,,
BTCUSDT,W,2022-08-15,False,True,1,принятие выше,0.688476501026074,0.47457477747422266,0.63155726983809,False,False,False,True,False,8,False,False,False,0.0,хай,5,0,,
BTCUSDT,W,2022-08-22,False,False,-1,принятие ниже,0.1693951121719234,0.6269671103199969,1.202666212567202,False,True,False,False,False,8,False,True,False,4.0,лой,6,2,,
BTCUSDT,W,2022-08-29,True,False,-2,принятие ниже,0.014962184873949824,0.8239873949579832,0.6567314420939467,False,False,False,False,False,8,True,True,True,,нет,1,1,,
BTCUSDT,W,2022-09-05,True,True,1,внутри,0.4441978287092876,0.42913389626055365,0.35311167631696594,True,False,False,False,False,9,False,False,False,1.0,лой,2,6,,
BTCUSDT,W,2022-09-12,False,True,2,принятие выше,0.9901081741176327,0.5453701298507418,1.1905613347590174,False,True,False,True,True,9,True,False,False,0.0,хай,4,1,,
BTCUSDT,W,2022-09-19,False,False,-1,отказ сверху,0.0276430803192886,0.6929281199428563,1.2178395275651197,False,False,False,False,False,9,True,False,False,0.0,лой,2,2,,
BTCUSDT,W,2022-09-26,True,False,-2,принятие ниже,0.3723456574245097,0.33336794133397424,0.6404531699110689,False,False,False,False,False,9,True,True,True,1.0,хай,2,1,,
BTCUSDT,W,2022-10-03,True,True,1,отказ сверху,0.305821642344535,0.12935996406522476,0.6929289456302428,False,False,False,False,False,10,True,True,True,1.0,хай,0,1,,
BTCUSDT,W,2022-10-10,False,True,2,отказ сверху,0.3163292241902702,0.251616820209592,0.5821316038775989,False,False,False,True,False,10,False,False,False,1.0,лой,3,4,,
BTCUSDT,W,2022-10-17,True,False,-1,отказ снизу,0.609000664067156,0.10045008996123418,0.7470501637525879,False,False,False,True,False,10,True,True,False,,нет,4,1,,
BTCUSDT,W,2022-10-24,True,True,1,внутри,0.8710465050252698,0.29093558949898923,0.4384745140267774,True,False,False,True,False,10,False,True,True,1.0,хай,0,5,,
BTCUSDT,W,2022-10-31,True,True,2,принятие выше,0.7626970954356844,0.5482780082987542,0.8466411444761496,False,False,False,True,False,10,False,False,False,4.0,хай,3,5,,
BTCUSDT,W,2022-11-07,False,True,3,отказ сверху,0.6032385591378563,0.19187117516782842,0.7157255077793996,False,False,True,True,False,11,False,False,False,1.0,лой,2,0,,
BTCUSDT,W,2022-11-14,False,False,-1,принятие ниже,0.13533037686732577,0.8347176185794006,2.837306609152121,False,False,False,False,False,11,True,True,True,,нет,0,0,,
BTCUSDT,W,2022-11-21,True,False,-2,внутри,0.338248023334473,0.03749663584983966,0.5784728928273135,True,False,False,False,False,11,False,False,True,0.0,лой,0,3,,
BTCUSDT,W,2022-11-28,True,True,1,отказ снизу,0.7128225462543846,0.11168386165206431,0.6133747196716508,False,False,False,False,False,11,False,True,True,2.0,хай,0,3,,
BTCUSDT,W,2022-12-05,False,True,2,принятие выше,0.8357077811142976,0.5094563982148371,0.676231166392268,False,False,False,True,False,12,False,False,False,0.0,хай,2,0,,
BTCUSDT,W,2022-12-12,False,False,-1,отказ сверху,0.5449545222827379,0.028976952590488898,0.3892988004863222,False,False,False,True,False,12,True,True,True,1.0,хай,4,2,,
BTCUSDT,W,2022-12-19,True,False,-2,обе сняты,0.11334332994738304,0.18640997941557427,1.0349137307688034,False,True,False,True,False,12,False,True,True,0.0,лой,0,1,,
BTCUSDT,W,2022-12-26,False,True,1,отказ снизу,0.7153185833012417,0.11566890691578624,0.4393003458323039,False,False,False,False,False,12,True,False,False,,нет,4,1,,
BTCUSDT,W,2023-01-02,True,False,-1,внутри,0.4434771736242427,0.3365894065611178,0.3684169007791218,True,False,False,False,False,1,True,True,True,2.0,хай,0,6,,
BTCUSDT,W,2023-01-09,True,True,1,принятие выше,0.92175587706314,0.8127775390345267,0.3706686300676457,False,False,False,True,False,1,True,True,True,0.0,хай,0,5,,
BTCUSDT,W,2023-01-16,True,True,2,принятие выше,0.906942364458484,0.9013637217275731,2.6538116746653606,False,False,True,True,True,1,True,True,False,0.0,хай,2,5,,
BTCUSDT,W,2023-01-23,True,True,3,принятие выше,0.7760545089639591,0.6189229757306935,1.6152257769254221,False,False,True,True,True,1,True,False,True,2.0,хай,2,6,,
BTCUSDT,W,2023-01-30,False,True,4,принятие выше,0.8685728738843982,0.6240620521035316,1.0485007526544965,False,False,True,True,True,1,False,False,False,3.0,хай,0,3,,
BTCUSDT,W,2023-02-06,False,False,-1,отказ сверху,0.24667236467236459,0.4618005698005693,1.0885050762790862,False,False,True,True,True,2,False,True,True,3.0,лой,4,2,,
BTCUSDT,W,2023-02-13,True,False,-2,принятие ниже,0.16618690654672708,0.5743978010994497,1.2096920454133264,False,False,True,False,True,2,False,True,True,0.0,лой,0,3,,
BTCUSDT,W,2023-02-20,False,True,1,принятие выше,0.749100394210719,0.6384803010056603,2.265019603605739,False,True,True,True,True,2,True,True,False,,нет,5,1,,
BTCUSDT,W,2023-02-27,False,False,-1,внутри,0.3294501582278475,0.28388449367088603,1.241212578275441,True,False,True,True,True,2,False,False,True,4.0,лой,4,2,,
BTCUSDT,W,2023-03-06,False,False,-2,принятие ниже,0.22628852513961015,0.554303627142201,0.9645416707274453,False,False,True,True,True,3,False,False,False,1.0,лой,4,0,,
BTCUSDT,W,2023-03-13,True,False,-3,отказ снизу,0.8018145491467694,0.14186564475451222,1.3716588531546439,False,False,True,False,True,3,True,True,True,0.0,хай,0,6,,
BTCUSDT,W,2023-03-20,False,True,1,принятие выше,0.9365547381322401,0.9085492881929136,2.6654890700769944,False,False,True,True,True,3,False,True,False,0.0,хай,2,2,,
BTCUSDT,W,2023-03-27,True,False,-1,отказ сверху,0.6028681742967458,0.0021268615554328554,0.7401292960566174,False,False,True,True,True,3,False,False,True,0.0,лой,0,3,,
BTCUSDT,W,2023-04-03,True,True,1,обе сняты,0.6215972860484054,0.07615055257907584,0.9315355123246941,False,True,True,True,True,4,False,False,False,,нет,0,2,,
BTCUSDT,W,2023-04-10,True,True,2,внутри,0.7134547486601119,0.09645279280652262,0.5536264543698326,True,False,True,True,True,4,True,True,True,0.0,хай,0,4,,
BTCUSDT,W,2023-04-17,False,True,3,принятие выше,0.7542932862190818,0.6999611307420506,0.9979311441615565,False,False,True,True,True,4,False,True,False,3.0,лой,4,1,,
BTCUSDT,W,2023-04-24,True,False,-1,принятие ниже,0.13857142857142815,0.8077559523809528,1.1415497965425314,False,False,True,False,True,4,False,True,True,0.0,лой,0,2,,
BTCUSDT,W,2023-05-01,False,True,1,отказ снизу,0.7404645057836916,0.5310457199387035,1.0045182830849033,False,False,True,True,True,5,False,False,False,,нет,0,5,,
BTCUSDT,W,2023-05-08,False,False,-1,внутри,0.35445066301293426,0.37300573604886206,0.7179963797549064,True,False,True,False,True,5,False,False,False,0.0,лой,4,0,,
BTCUSDT,W,2023-05-15,False,False,-2,принятие ниже,0.3923179230728308,0.5364224787643423,0.9521656276161296,False,False,True,False,True,5,True,True,True,,нет,3,0,,
BTCUSDT,W,2023-05-22,True,False,-3,внутри,0.29682353212171336,0.13039872849146708,0.428380420785688,True,False,True,False,True,5,True,True,False,2.0,лой,3,6,,
BTCUSDT,W,2023-05-29,False,True,1,принятие выше,0.9178381454991359,0.5512695496415467,0.8339505108554607,False,True,True,False,True,5,False,False,False,0.0,хай,4,0,,
BTCUSDT,W,2023-06-05,False,False,-1,отказ сверху,0.3141946512609798,0.48904816336618345,0.7938394001263019,False,False,True,True,True,6,False,True,False,0.0,лой,1,2,,
BTCUSDT,W,2023-06-12,True,False,-2,принятие ниже,0.28152884968761427,0.582947445791989,0.8453446910323665,False,False,False,False,False,6,False,True,False,2.0,лой,3,5,,
BTCUSDT,W,2023-06-19,True,True,1,отказ снизу,0.7548909553478204,0.20315295663214034,0.8678869614235126,False,False,True,False,False,6,True,True,True,0.0,хай,0,4,,
BTCUSDT,W,2023-06-26,True,True,2,принятие выше,0.8127114599455495,0.7966023422660974,2.1590431230413403,False,False,True,True,True,6,False,True,False,,нет,4,4,,
BTCUSDT,W,2023-07-03,False,True,3,внутри,0.6268406285072945,0.08662177328844028,0.6771594718156121,True,False,True,True,True,7,True,True,False,0.0,хай,4,3,,
BTCUSDT,W,2023-07-10,True,False,-1,отказ сверху,0.25552813260847745,0.2536492901533099,0.7272187796737059,False,False,True,True,False,7,True,True,True,3.0,хай,4,3,,
BTCUSDT,W,2023-07-17,False,True,1,отказ сверху,0.17434618212372727,0.03743304274761183,0.8122469193097824,False,False,True,False,True,7,False,False,False,0.0,лой,1,3,,
BTCUSDT,W,2023-07-24,False,False,-1,отказ снизу,0.6314469993152658,0.16372893335983935,0.3903726531337247,False,False,True,False,True,7,False,False,False,0.0,лой,0,0,,
BTCUSDT,W,2023-07-31,False,False,-2,принятие ниже,0.3386901299204953,0.6485198112597761,0.5815982297549843,False,False,True,False,True,7,False,True,False,1.0,лой,1,2,,
BTCUSDT,W,2023-08-07,True,False,-3,отказ снизу,0.3439047749350101,0.13180325625940756,0.6890095946636396,False,False,True,False,True,8,True,True,True,1.0,хай,0,1,,
BTCUSDT,W,2023-08-14,False,True,1,отказ сверху,0.390681607549078,0.13960738057123578,0.7605209497282435,False,False,True,False,True,8,True,False,False,3.0,лой,3,0,,
BTCUSDT,W,2023-08-21,False,False,-1,принятие ниже,0.22608029461376136,0.6874895127745438,2.2772806895816613,False,False,False,False,False,8,False,False,True,,нет,1,2,,
BTCUSDT,W,2023-08-28,False,False,-2,внутри,0.5277337142180127,0.058073943407030704,0.6789205160666432,True,False,False,False,False,8,True,True,True,1.0,хай,4,1,,
BTCUSDT,W,2023-09-04,False,False,-3,отказ сверху,0.2269267736997613,0.04648107934925769,1.2852169624299017,False,False,False,False,True,9,False,False,False,,нет,2,4,,
BTCUSDT,W,2023-09-11,True,False,-4,внутри,0.4371895357831867,0.1207839774834792,0.5505115752165904,True,False,False,False,False,9,False,False,True,0.0,лой,0,4,,
BTCUSDT,W,2023-09-18,False,True,1,принятие выше,0.8185757423251124,0.3451987921489682,1.0579407585121103,False,True,False,True,False,9,True,True,True,0.0,хай,6,1,,
BTCUSDT,W,2023-09-25,True,False,-1,отказ сверху,0.09276601370557218,0.2050106868210559,0.7177148508233343,False,False,False,True,False,9,True,False,True,0.0,лой,0,6,,
BTCUSDT,W,2023-10-02,False,True,1,принятие выше,0.9648490397821745,0.8405484205199879,1.1260872585347215,False,True,True,True,False,10,False,False,False,0.0,хай,1,0,,
BTCUSDT,W,2023-10-09,False,False,-1,отказ сверху,0.5329693554068329,0.053208876364918965,0.7243577607828269,False,False,False,True,False,10,False,False,False,2.0,лой,2,0,,
BTCUSDT,W,2023-10-16,True,False,-2,принятие ниже,0.424689671351785,0.5264098477164363,0.7327505790381372,False,False,False,True,False,10,True,True,True,0.0,хай,0,5,,
BTCUSDT,W,2023-10-23,True,True,1,принятие выше,0.8813924519408807,0.8686970706968682,1.6530085055317332,False,False,True,True,True,10,True,True,True,0.0,хай,0,1,,
BTCUSDT,W,2023-10-30,True,True,2,принятие выше,0.8602568378919279,0.8400841301608478,2.5110840601722084,False,False,True,True,True,10,False,True,True,2.0,хай,1,3,,
BTCUSDT,W,2023-11-06,True,True,3,отказ сверху,0.5035127730243514,0.24796044877780016,0.8766627604283136,False,False,True,True,True,11,True,True,True,2.0,хай,1,3,,
BTCUSDT,W,2023-11-13,True,True,4,принятие выше,0.7367171327677882,0.5949935926799986,1.5129229954048844,False,False,True,True,True,11,False,False,True,2.0,хай,1,2,,
BTCUSDT,W,2023-11-20,True,True,5,отказ сверху,0.804987421383648,0.09299685534591295,1.35675947811692,False,False,True,True,True,11,True,False,True,4.0,хай,2,4,,
BTCUSDT,W,2023-11-27,True,True,6,отказ сверху,0.6525616555055912,0.03148106211740582,1.089045656700414,False,False,True,True,True,11,False,True,True,2.0,хай,0,6,,
BTCUSDT,W,2023-12-04,True,True,7,принятие выше,0.921608806096529,0.7126277166243308,1.3450922923895796,False,False,True,True,True,12,True,True,True,0.0,хай,0,4,,
BTCUSDT,W,2023-12-11,False,True,8,принятие выше,0.8074153824025859,0.8074153824025859,1.6575934612616139,False,False,True,True,True,12,False,False,False,,нет,0,0,,
BTCUSDT,W,2023-12-18,True,False,-1,внутри,0.3217445917655273,0.6740683879972083,1.1491800964894274,True,False,True,True,True,12,True,True,True,2.0,хай,0,4,,
BTCUSDT,W,2023-12-25,False,True,1,отказ сверху,0.6351129475297831,0.4193830359528237,1.1564579121347203,False,False,True,True,True,12,True,False,True,,нет,4,0,,
BTCUSDT,W,2024-01-01,True,False,-1,внутри,0.39306723360721324,0.2829054637296582,0.7000777205116684,True,False,True,False,True,1,True,True,True,0.0,хай,2,1,,
BTCUSDT,W,2024-01-08,False,True,1,принятие выше,0.6197367061561941,0.3207716735904921,1.466511523523769,False,True,True,True,True,1,True,True,True,0.0,хай,4,3,,
BTCUSDT,W,2024-01-15,False,False,-1,отказ сверху,0.03110658305531288,0.2940847287896885,2.1518635802127712,False,False,True,False,True,1,True,True,True,3.0,лой,4,1,,
BTCUSDT,W,2024-01-22,True,False,-2,отказ снизу,0.39427715501165883,0.046094463024671455,0.8199686881311514,False,False,True,False,True,1,False,False,False,0.0,лой,1,6,,
BTCUSDT,W,2024-01-29,True,True,1,отказ снизу,0.8107088215538467,0.10512444958578951,1.0700474170202148,False,False,True,False,True,1,True,True,True,0.0,хай,0,1,,
BTCUSDT,W,2024-02-05,True,True,2,отказ сверху,0.37449217320984984,0.2656246991547421,0.5045160387860615,False,False,True,True,True,2,True,True,True,2.0,хай,0,6,,
BTCUSDT,W,2024-02-12,True,True,3,принятие выше,0.9537978959864607,0.9025267737617129,1.5651257363828937,False,False,True,True,True,2,True,True,True,0.0,хай,0,3,,
BTCUSDT,W,2024-02-19,False,True,4,принятие выше,0.8670448692968517,0.751510297438026,1.1803170850713733,False,False,True,True,True,2,False,True,False,1.0,хай,4,1,,
BTCUSDT,W,2024-02-26,True,False,-1,отказ сверху,0.49019886363636306,0.16592126623376693,0.5645730416372616,False,False,True,True,True,2,True,True,True,0.0,хай,0,2,,
BTCUSDT,W,2024-03-04,True,True,1,принятие выше,0.9323566865365354,0.8691886741748714,3.0801949907231245,False,False,True,True,True,3,True,True,True,0.0,хай,1,4,,
BTCUSDT,W,2024-03-11,False,True,2,принятие выше,0.9058607191624948,0.5318079198907605,2.1219537118543323,False,False,True,True,True,3,True,True,True,0.0,хай,6,3,,
BTCUSDT,W,2024-03-18,False,False,-1,отказ сверху,0.4176200778883596,0.06083946343574305,1.5342481395747556,False,False,True,True,True,3,False,False,False,1.0,лой,2,0,,
BTCUSDT,W,2024-03-25,True,False,-2,отказ снизу,0.7865774355213305,0.14466202175773082,1.2710248894669771,False,False,True,True,True,3,True,True,True,0.0,хай,0,2,,
BTCUSDT,W,2024-04-01,False,True,1,принятие выше,0.909084999851425,0.7558780049326951,0.8274026574713909,False,False,True,True,True,4,False,False,False,1.0,лой,2,0,,
BTCUSDT,W,2024-04-08,False,False,-1,отказ снизу,0.7162921844371586,0.28249665938697566,1.011736010268692,False,False,True,True,True,4,True,False,True,0.0,хай,5,0,,
BTCUSDT,W,2024-04-15,False,False,-2,обе сняты,0.4120537972649867,0.30472209085621216,1.742108787247465,False,True,True,False,True,4,False,False,False,2.0,лой,4,0,,
BTCUSDT,W,2024-04-22,False,False,-3,отказ снизу,0.7349794827619417,0.09917353097401203,0.9114496419764566,False,False,True,False,True,4,True,True,False,0.0,хай,5,0,,
BTCUSDT,W,2024-04-29,True,False,-4,отказ сверху,0.15025066565312573,0.3764694460567919,0.6001627258198875,False,False,True,False,True,4,True,False,False,0.0,лой,2,1,,
BTCUSDT,W,2024-05-06,False,True,1,отказ снизу,0.9117486719519678,0.10919940644259109,1.017587672496968,False,False,True,False,True,5,False,False,False,0.0,хай,4,0,,
BTCUSDT,W,2024-05-13,True,False,-1,отказ сверху,0.24409924560690172,0.47582667028052644,0.6169519654945008,False,False,True,False,True,5,True,True,True,2.0,хай,0,6,,
BTCUSDT,W,2024-05-20,True,True,1,принятие выше,0.7948449025218709,0.6891317389821868,0.887380697565368,False,False,True,True,True,5,True,True,True,0.0,хай,0,1,,
BTCUSDT,W,2024-05-27,False,True,2,принятие выше,0.4134969055652517,0.377392632491311,0.7966462920559478,False,False,True,True,True,5,True,False,False,,нет,4,0,,
BTCUSDT,W,2024-06-03,True,False,-1,внутри,0.27271030177520816,0.18469917064088504,0.5660945498343868,True,False,True,True,False,6,True,True,True,1.0,хай,0,4,,
BTCUSDT,W,2024-06-10,False,True,1,отказ сверху,0.46428131571384906,0.4293540485432909,0.6563060715953125,False,False,True,True,True,6,False,False,False,1.0,лой,4,0,,
BTCUSDT,W,2024-06-17,False,False,-1,принятие ниже,0.312404991070625,0.5805617103756585,0.7777269046364649,False,False,True,False,False,6,False,False,False,1.0,лой,6,0,,
BTCUSDT,W,2024-06-24,False,False,-2,принятие ниже,0.007690832886380587,0.8413683809449848,0.6425297567394052,False,False,False,False,False,6,False,False,False,0.0,лой,0,0,,
BTCUSDT,W,2024-07-01,False,False,-3,принятие ниже,0.8796670558396069,0.08816780063609642,0.8853326832077995,False,False,False,False,False,7,True,False,False,0.0,хай,4,0,,
BTCUSDT,W,2024-07-08,True,False,-4,принятие ниже,0.2285966520268737,0.6663756056142017,1.928127749104398,False,True,False,False,False,7,True,True,True,,нет,0,6,,
BTCUSDT,W,2024-07-15,True,True,1,внутри,0.9130259910928382,0.6899070320213736,1.2065387538185974,True,False,False,False,False,7,True,True,True,0.0,хай,0,6,,
BTCUSDT,W,2024-07-22,True,True,2,принятие выше,0.9739706969936741,0.9525584534466967,1.3260331184244702,False,False,True,True,True,7,False,False,False,0.0,хай,3,5,,
BTCUSDT,W,2024-07-29,False,True,3,отказ сверху,0.806485969892097,0.01422276214016121,0.9783430150490896,False,False,True,True,True,7,False,False,False,0.0,хай,6,0,,
BTCUSDT,W,2024-08-05,True,False,-1,принятие ниже,0.08012752735540514,0.7786299839008675,2.1688979918826314,False,True,False,False,False,8,False,False,False,0.0,лой,0,3,,
BTCUSDT,W,2024-08-12,False,True,1,отказ снизу,0.7066199398478297,0.04012982043107575,2.0582854993354243,False,False,False,False,False,8,True,True,False,,нет,3,2,,
BTCUSDT,W,2024-08-19,True,False,-1,внутри,0.41052633418742734,0.049854407791018025,0.7478334701833054,True,False,False,False,False,8,True,True,True,2.0,хай,0,6,,
BTCUSDT,W,2024-08-26,False,True,1,принятие выше,0.8918574181651808,0.8031181111095711,0.9265575305296249,False,False,True,True,False,8,False,False,False,4.0,лой,6,0,,
BTCUSDT,W,2024-09-02,False,False,-1,принятие ниже,0.013854395604395685,0.9502925824175821,0.9106964551140482,False,False,False,False,False,9,True,True,True,0.0,лой,4,1,,
BTCUSDT,W,2024-09-09,True,False,-2,принятие ниже,0.3195677477564341,0.3349775815638494,0.8736216479922039,False,False,False,False,False,9,True,True,True,4.0,хай,0,4,,
BTCUSDT,W,2024-09-16,True,True,1,отказ сверху,0.7525294047445401,0.7064514738838135,0.7065262071118716,False,False,False,False,False,9,False,True,True,1.0,хай,0,4,,
BTCUSDT,W,2024-09-23,True,True,2,принятие выше,0.9164821792705447,0.6696907539435129,0.8192762283893406,False,False,True,True,True,9,False,True,False,0.0,хай,0,4,,
BTCUSDT,W,2024-09-30,False,True,3,принятие выше,0.773697038580538,0.5110185009787189,0.49166812373706764,False,False,True,True,True,9,False,False,False,1.0,лой,3,0,,
BTCUSDT,W,2024-10-07,True,False,-1,отказ снизу,0.5166569096256235,0.4804436086200419,0.7544698969157325,False,False,True,True,True,10,False,False,False,3.0,лой,3,0,,
BTCUSDT,W,2024-10-14,True,True,1,отказ снизу,0.7093068025501647,0.00905789569772428,0.7222258413505005,False,False,True,False,False,10,True,True,True,0.0,хай,0,6,,
BTCUSDT,W,2024-10-21,False,True,2,принятие выше,0.946989350622787,0.88761183430589,1.0035816852945338,False,False,True,True,True,10,False,False,False,0.0,хай,2,0,,
BTCUSDT,W,2024-10-28,True,False,-1,отказ сверху,0.6483594395612639,0.23718634963564014,0.6829306928407176,False,False,True,True,True,10,True,True,True,0.0,хай,6,1,,
BTCUSDT,W,2024-11-04,True,True,1,отказ сверху,0.21123231060069617,0.12282235780499251,1.0082852768668138,False,False,True,True,True,11,False,True,True,0.0,лой,0,6,,
BTCUSDT,W,2024-11-11,True,True,2,принятие выше,0.9229464711899076,0.7905912035458568,2.450786240301721,False,True,True,True,True,11,True,True,True,0.0,хай,0,2,,
BTCUSDT,W,2024-11-18,True,True,3,принятие выше,0.7387167298996222,0.7269156290254978,1.9412465447063167,False,False,True,True,True,11,True,True,True,1.0,хай,0,4,,
BTCUSDT,W,2024-11-25,False,True,4,принятие выше,0.8346928002930141,0.7877752761452964,1.3985346703021875,False,False,True,True,True,11,False,False,False,,нет,1,0,,
BTCUSDT,W,2024-12-02,True,False,-1,внутри,0.7912779833430259,0.0884663457373755,1.0468449750417759,True,False,True,True,True,12,False,False,True,2.0,хай,3,3,,
BTCUSDT,W,2024-12-09,True,True,1,принятие выше,0.7808058581100968,0.2888151309979392,1.7280569012460243,False,True,True,True,True,12,False,False,True,6.0,хай,0,6,,
BTCUSDT,W,2024-12-16,False,True,2,принятие выше,0.9291879693151776,0.30219865855251604,1.2576362088465016,False,False,True,True,True,12,True,True,False,0.0,хай,4,1,,
BTCUSDT,W,2024-12-23,False,False,-1,обе сняты,0.18322864235884145,0.5755245197717681,1.7228294464617175,False,True,True,False,True,12,False,True,True,,нет,0,3,,
BTCUSDT,W,2024-12-30,True,False,-2,внутри,0.16365517148729766,0.19453766272149633,0.7146550023305946,True,False,True,False,True,12,False,False,True,0.0,лой,0,4,,
BTCUSDT,W,2025-01-06,False,True,1,отказ снизу,0.917638716920523,0.6211568987142876,0.7114942117989149,False,False,True,False,True,1,True,False,False,0.0,хай,3,1,,
BTCUSDT,W,2025-01-13,True,False,-1,обе сняты,0.29003333995908215,0.331450926201597,1.068251698712243,False,True,True,False,True,1,False,True,True,0.0,лой,0,6,,
BTCUSDT,W,2025-01-20,True,True,1,обе сняты,0.7034290394704809,0.39535143838832487,1.5160636646867856,False,True,True,True,True,1,True,True,True,0.0,хай,0,0,,
BTCUSDT,W,2025-01-27,False,True,2,отказ сверху,0.30583781629806733,0.12835525004981002,0.8673902234631561,False,False,True,True,True,1,False,False,True,0.0,лой,6,3,,
BTCUSDT,W,2025-02-03,False,False,-1,принятие ниже,0.1504340554007587,0.477268846580722,0.9144706158009556,False,False,True,True,True,2,True,True,False,0.0,лой,0,0,,
BTCUSDT,W,2025-02-10,False,False,-2,отказ снизу,0.4642599483006939,0.10984460924251528,0.998926879220105,False,False,True,False,True,2,True,False,True,,нет,2,4,,
BTCUSDT,W,2025-02-17,True,False,-3,внутри,0.42844840505132115,0.07274097307383101,0.40843031437988503,True,False,True,False,False,2,False,False,True,1.0,лой,1,4,,
BTCUSDT,W,2025-02-24,False,True,1,обе сняты,0.47148881780739355,0.022980461350669647,0.5680777577143807,False,True,True,False,False,2,False,False,False,0.0,лой,4,0,,
BTCUSDT,W,2025-03-03,False,False,-1,отказ снизу,0.877751147384971,0.10898238520120081,1.785995562787728,False,False,True,False,False,3,False,False,False,,нет,6,0,,
BTCUSDT,W,2025-03-10,True,False,-2,внутри,0.05093968977127499,0.9389003957975817,1.3827780944091936,True,False,False,False,False,3,False,True,True,0.0,лой,1,4,,
BTCUSDT,W,2025-03-17,True,True,1,отказ снизу,0.6857455039287838,0.2114098470652172,0.7824967693062612,False,False,False,False,False,3,True,True,True,2.0,хай,1,3,,
BTCUSDT,W,2025-03-24,False,True,2,принятие выше,0.7830087307980207,0.5551470879140876,0.5617535430466191,False,False,False,False,False,3,True,True,True,0.0,хай,6,0,,
BTCUSDT,W,2025-03-31,False,False,-1,отказ сверху,0.11457510176475655,0.5128179844814821,0.6711464258041129,False,False,False,True,False,3,True,True,True,0.0,лой,6,2,,
BTCUSDT,W,2025-04-07,True,False,-2,принятие ниже,0.11247583986490582,0.34901645224776295,1.1658594688750188,False,False,False,False,False,4,True,False,True,0.0,лой,0,6,,
BTCUSDT,W,2025-04-14,True,True,1,отказ снизу,0.7981366459627329,0.45979986197377504,1.1753208178699865,False,False,False,False,False,4,True,False,True,1.0,хай,2,1,,
BTCUSDT,W,2025-04-21,True,True,2,отказ сверху,0.6108521085565403,0.41930051583854955,0.3387729018110264,False,False,False,True,False,4,True,True,True,0.0,хай,0,4,,
BTCUSDT,W,2025-04-28,True,True,3,принятие выше,0.8107333453936963,0.807484585349675,1.1532573744370236,False,False,True,True,False,4,True,True,True,3.0,хай,0,4,,
BTCUSDT,W,2025-05-05,True,True,4,отказ сверху,0.28997364429015243,0.1036821458218452,0.5204749580278604,False,False,True,True,False,5,True,True,True,3.0,хай,1,5,,
BTCUSDT,W,2025-05-12,True,True,5,принятие выше,0.9253444088642148,0.8477562487238925,1.1977310781557775,False,False,True,True,True,5,False,False,False,0.0,хай,0,6,,
BTCUSDT,W,2025-05-19,True,True,6,принятие выше,0.965373138347557,0.3932018654813566,0.6581402911948155,False,False,True,True,True,5,False,True,True,0.0,хай,0,3,,
BTCUSDT,W,2025-05-26,False,True,7,принятие выше,0.7018226452905814,0.25550300601202386,1.2199855142000569,False,False,True,True,True,5,True,False,False,,нет,5,1,,
BTCUSDT,W,2025-06-02,True,False,-1,внутри,0.3365444574446517,0.4394132911516521,0.9207270439022179,True,False,True,True,True,6,True,False,False,3.0,лой,3,1,,
BTCUSDT,W,2025-06-09,False,True,1,отказ снизу,0.834848600447496,0.014180035220424566,0.7608500695051762,False,False,True,False,True,6,True,True,True,0.0,хай,4,0,,
BTCUSDT,W,2025-06-16,False,False,-1,отказ сверху,0.3724576842201612,0.017798435263276995,0.9405215360068566,False,False,True,False,True,6,True,False,False,4.0,лой,6,0,,
BTCUSDT,W,2025-06-23,True,False,-2,принятие ниже,0.25704727697495755,0.43061629146291397,1.34148777364192,False,False,True,False,True,6,True,True,True,,нет,0,6,,
BTCUSDT,W,2025-06-30,True,True,1,внутри,0.9807552744367177,0.8292674172225543,1.1240485957981932,True,False,True,True,True,6,False,False,True,0.0,хай,2,3,,
BTCUSDT,W,2025-07-07,True,True,2,принятие выше,0.7558772442019605,0.1559977085977327,0.6398834464711571,False,False,True,True,True,7,False,False,True,2.0,хай,1,6,,
BTCUSDT,W,2025-07-14,False,True,3,принятие выше,0.9667154015904226,0.8195751851609205,1.5137536651479864,False,False,True,True,True,7,True,False,False,0.0,хай,1,0,,
BTCUSDT,W,2025-07-21,True,False,-1,отказ сверху,0.20427531853689532,0.24348489790244168,0.8636477453909169,False,False,True,True,True,7,True,True,True,4.0,лой,4,1,,
BTCUSDT,W,2025-07-28,False,True,1,отказ снизу,0.8493567001650786,0.3892452720901276,0.6696906736618041,False,False,True,True,True,7,False,False,False,4.0,лой,6,0,,
BTCUSDT,W,2025-08-04,True,False,-1,принятие ниже,0.29045685279187855,0.6607563451776644,0.9600575839614829,False,False,True,False,True,8,True,False,True,,нет,1,6,,
BTCUSDT,W,2025-08-11,False,True,1,внутри,0.9974328602890501,0.7634163074922943,0.8328635190422018,True,False,True,True,True,8,False,True,True,0.0,хай,4,3,,
BTCUSDT,W,2025-08-18,False,False,-1,отказ сверху,0.0783597413823437,0.2463178014109513,0.9710093939655953,False,False,True,False,True,8,False,False,False,0.0,лой,6,0,,
BTCUSDT,W,2025-08-25,False,False,-2,принятие ниже,0.40992023310872283,0.5698663267164449,0.8554273821759781,False,False,True,False,True,8,False,False,False,0.0,лой,5,0,,
BTCUSDT,W,2025-09-01,True,False,-3,принятие ниже,0.14187501385111728,0.8306301229346,0.7972657730948067,False,False,True,False,True,9,True,True,True,0.0,лой,0,4,,
BTCUSDT,W,2025-09-08,True,True,1,отказ снизу,0.633373683849896,0.47164098263840143,0.8194639704942593,False,False,True,False,True,9,True,True,True,2.0,хай,0,4,,
BTCUSDT,W,2025-09-15,False,True,2,принятие выше,0.7687533608544208,0.683448464141232,0.8392509818466518,False,False,True,True,True,9,True,True,True,0.0,хай,0,3,,
BTCUSDT,W,2025-09-22,False,False,-1,отказ сверху,0.24126564277587986,0.010159271899886566,0.48409967992419634,False,False,True,True,True,9,False,False,False,0.0,лой,4,0,,
BTCUSDT,W,2025-09-29,True,False,-2,принятие ниже,0.5243062028234184,0.45395151482872176,1.0546842085881674,False,False,True,True,True,9,True,True,True,2.0,хай,0,6,,
BTCUSDT,W,2025-10-06,False,True,1,принятие выше,0.8426529410642101,0.8000094714573384,2.23273006978263,False,False,True,True,True,10,True,False,False,0.0,хай,4,0,,
BTCUSDT,W,2025-10-13,False,False,-1,обе сняты,0.5354957906381214,0.35221695538320225,3.3615980447980083,False,True,True,False,False,10,True,False,False,,нет,4,0,,
BTCUSDT,W,2025-10-20,True,False,-2,внутри,0.4112835911151713,0.5078999129915933,1.4082037774564284,True,False,False,False,False,10,True,False,False,,нет,2,6,,
BTCUSDT,W,2025-10-27,False,True,1,внутри,0.8968876525407059,0.6723359139828923,0.9353602904342432,True,False,True,False,True,10,False,False,False,0.0,хай,3,0,,
BTCUSDT,W,2025-11-03,False,False,-1,обе сняты,0.419619915884647,0.39806510916572163,1.0603273702964116,False,True,False,False,False,11,False,False,False,0.0,лой,1,0,,
BTCUSDT,W,2025-11-10,False,False,-2,принятие ниже,0.489477910558005,0.49279242802592627,1.1992168588661762,False,False,False,False,False,11,True,False,False,3.0,лой,6,1,,
BTCUSDT,W,2025-11-17,False,False,-3,принятие ниже,0.08664626805432422,0.7217597080261753,1.3945950200244308,False,False,False,False,False,11,False,False,False,0.0,лой,4,0,,
BTCUSDT,W,2025-11-24,True,False,-4,принятие ниже,0.40341902480088065,0.48121802758531357,1.3751819157389182,False,False,False,False,False,11,True,True,True,,нет,0,4,,
BTCUSDT,W,2025-12-01,True,True,1,внутри,0.6506393861892583,0.4514066496163683,0.6425794156668749,True,False,False,False,False,12,False,True,True,0.0,лой,0,2,,
BTCUSDT,W,2025-12-08,False,True,2,обе сняты,0.6364285133297958,0.0034181446349656726,0.8196155872388973,False,True,False,False,False,12,True,True,True,1.0,хай,6,1,,
BTCUSDT,W,2025-12-15,True,False,-1,отказ сверху,0.08483191497554737,0.31706607450764046,0.5411499410198795,False,False,False,True,False,12,False,False,False,0.0,лой,3,2,,
BTCUSDT,W,2025-12-22,False,True,1,отказ снизу,0.7114543327743816,0.08227064964569633,0.48319022642109305,False,False,False,False,False,12,False,False,False,0.0,хай,2,0,,
BTCUSDT,W,2025-12-29,True,False,-1,отказ сверху,0.36771243429465456,0.16941483555369777,0.40021738055471356,False,False,False,False,False,12,False,True,False,4.0,хай,0,6,,
BTCUSDT,W,2026-01-05,False,True,1,принятие выше,0.9439852103527523,0.714903567502746,0.5218404326994277,False,False,False,True,False,1,True,True,False,0.0,хай,3,0,,
BTCUSDT,W,2026-01-12,True,False,-1,отказ сверху,0.3108114521876266,0.09421001518780502,0.5948926206266176,False,False,False,True,False,1,True,True,True,1.0,хай,0,2,,
BTCUSDT,W,2026-01-19,False,True,1,отказ сверху,0.4546789720435343,0.3411317269642954,0.891307079271973,False,False,False,True,False,1,False,False,False,1.0,лой,6,0,,
BTCUSDT,W,2026-01-26,False,False,-1,принятие ниже,0.07838998107501291,0.9216100189249871,0.9104481510584599,False,False,False,False,False,1,True,True,True,3.0,лой,6,2,,
BTCUSDT,W,2026-02-02,False,False,-2,принятие ниже,0.08511476510067158,0.651151006711409,1.9461354126244623,False,False,False,False,False,2,True,False,False,0.0,лой,4,0,,
BTCUSDT,W,2026-02-09,False,False,-3,принятие ниже,0.533594008264463,0.3428636363636362,2.5467320731306735,False,False,False,False,False,2,False,False,False,,нет,3,0,,
BTCUSDT,W,2026-02-16,False,False,-4,внутри,0.5863092748357284,0.23641273895001733,0.7235727593477264,True,False,False,False,False,2,True,False,False,,нет,3,0,,
BTCUSDT,W,2026-02-23,False,False,-5,внутри,0.4475287218232449,0.26456781553959724,0.5378708030224265,True,False,False,False,False,2,False,False,True,0.0,лой,1,2,,
BTCUSDT,W,2026-03-02,True,False,-6,отказ снизу,0.4367410794873339,0.24963662742109066,0.9227026264739426,False,False,False,False,False,3,True,True,True,0.0,хай,0,2,,
BTCUSDT,W,2026-03-09,True,True,1,отказ сверху,0.08099272079073642,0.022150455192309355,1.0640902422373182,False,False,False,False,False,3,True,True,True,,нет,0,4,,
BTCUSDT,W,2026-03-16,False,True,2,внутри,0.864244782043978,0.845802587073039,0.9275748844281294,True,False,False,True,False,3,True,True,False,0.0,хай,6,1,,
BTCUSDT,W,2026-03-23,False,False,-1,отказ сверху,0.05768264705405699,0.5736838693696511,0.9564830090065727,False,False,False,True,False,3,True,True,True,4.0,лой,6,2,,
BTCUSDT,W,2026-03-30,True,False,-2,принятие ниже,0.14388230153613082,0.2630296509153751,0.7515717178606386,False,False,False,True,False,3,True,True,True,,нет,3,2,,
BTCUSDT,W,2026-04-06,True,True,1,внутри,0.9233381880440685,0.8402865020512068,0.3880566460799961,True,False,False,False,False,4,False,True,True,0.0,хай,1,5,,
BTCUSDT,W,2026-04-13,True,True,2,принятие выше,0.4966944481585474,0.2817436146312558,0.6828613357479631,False,False,False,True,False,4,True,True,True,0.0,хай,0,4,,
BTCUSDT,W,2026-04-20,True,True,3,принятие выше,0.41653307168030823,0.3940543470842811,0.9722974460135222,False,False,False,True,False,4,True,True,True,2.0,хай,0,2,,
BTCUSDT,W,2026-04-27,False,True,4,принятие выше,0.8581771624299162,0.8446971476086833,0.841917380199621,False,False,True,True,True,4,False,False,False,0.0,хай,2,0,,
BTCUSDT,W,2026-05-04,True,False,-1,отказ сверху,0.7983593293082454,0.019564041564242952,0.6718896551235104,False,False,True,True,True,5,True,True,True,0.0,хай,0,2,,
BTCUSDT,W,2026-05-11,False,True,1,принятие выше,0.8623214285714301,0.7834530981067137,0.686101586432784,False,False,True,True,True,5,False,False,False,5.0,лой,6,0,,
BTCUSDT,W,2026-05-18,False,False,-1,принятие ниже,0.12799477044521992,0.8419016305156588,0.8695804883098567,False,False,True,False,True,5,False,False,True,0.0,лой,5,3,,
BTCUSDT,W,2026-05-25,False,False,-2,отказ снизу,0.7097381342062206,0.10042706628477711,0.6330727747137409,False,False,True,False,True,5,True,False,False,2.0,лой,4,1,,
BTCUSDT,W,2026-06-01,False,False,-3,принятие ниже,0.20869293454344856,0.6089921706472032,0.9667964408757493,False,False,False,False,True,6,False,False,False,0.0,лой,4,0,,
BTCUSDT,W,2026-06-08,True,False,-4,принятие ниже,0.28080173302881,0.6912851937926983,2.7443801628788353,False,False,False,False,False,6,False,False,False,,нет,2,6,,
BTCUSDT,W,2026-06-15,False,True,1,внутри,0.9893855302279478,0.4785807730426155,0.8078414907709915,True,False,False,False,False,6,True,False,False,0.0,хай,3,0,,
BTCUSDT,W,2026-06-22,False,False,-1,отказ сверху,0.20715207725773283,0.484944463036446,0.7856458837428505,False,False,False,False,False,6,True,False,False,1.0,лой,3,0,,
BTCUSDT,W,2026-06-29,True,False,-2,принятие ниже,0.19473029454621982,0.4974799608941075,1.1943795997364288,False,False,False,False,False,6,True,False,True,2.0,лой,2,6,,
BTCUSDT,W,2026-07-06,True,True,1,отказ снизу,0.9436988712349628,0.6570599840937211,0.9902032526753798,False,False,False,False,False,7,True,False,False,0.0,хай,0,0,,
BTCUSDT,W,2026-07-13,True,True,2,отказ сверху,0.7288663075127613,0.03830942248523436,0.5381552818013292,False,False,False,True,False,7,False,True,True,1.0,хай,0,2,,
BTCUSDT,W,2026-07-20,True,True,3,принятие выше,0.7675621120891756,0.24967748600673403,0.6098918666274832,False,False,False,True,False,7,True,True,True,0.0,хай,0,1,,
BTCUSDT,W,2026-07-27,False,True,4,отказ сверху,0.5964472336397706,0.17567781336306837,0.6319098108375519,False,False,False,True,False,7,False,False,False,1.0,лой,5,0,,
BTCUSDT,W,2026-08-03,True,False,-1,отказ снизу,0.37324187226193156,0.5274383214203358,0.5857342907619741,False,False,False,False,False,8,False,True,True,,нет,0,6,,
BTCUSDT,W,2026-08-10,False,True,1,внутри,0.8195378111552822,0.41946661794446766,0.539926948638685,True,False,False,True,False,8,False,False,False,,нет,4,0,,
BTCUSDT,W,2026-08-17,True,False,-1,внутри,0.12772155887811262,0.700861374697992,0.5063544747274884,True,False,False,False,False,8,True,True,True,2.0,хай,0,4,,
BTCUSDT,W,2026-08-24,False,True,1,принятие выше,0.8945602397769405,0.8856701037083031,3.7811306255348964,False,False,True,True,True,8,True,True,True,0.0,хай,0,4,,
BTCUSDT,W,2026-08-31,True,False,-1,отказ сверху,0.21044280765087883,0.01081337364780842,0.8587263800959681,False,False,True,True,True,8,True,False,False,1.0,лой,2,3,,
BTCUSDT,W,2026-09-07,False,True,1,обе сняты,0.6755848243870115,0.440661033797217,1.0819397264929502,False,True,True,True,True,9,False,False,False,4.0,лой,4,0,,
BTCUSDT,W,2026-09-14,True,False,-1,отказ снизу,0.18088602154449832,0.7958821215215329,0.8095845728960457,False,False,True,False,True,9,True,False,False,1.0,лой,1,5,,
BTCUSDT,W,2026-09-21,True,True,1,принятие выше,0.8893030675795464,0.6209324605507933,1.3297091314235592,False,True,True,True,True,9,True,True,True,0.0,хай,0,0,,
BTCUSDT,W,2026-09-28,True,True,2,принятие выше,0.5533278842554753,0.5032488217005716,1.166635831812087,False,False,True,True,True,9,False,False,False,,нет,0,4,,
BTCUSDT,M,2018-11-01,False,False,-3,отказ сверху,0.1131728813559324,0.17263728813559281,0.33986057651874474,False,False,False,False,False,11,,,,13.0,лой,24,6,True,False
BTCUSDT,M,2018-12-01,False,False,-4,принятие ниже,0.13119369179305257,0.7858929481618505,0.8597775686249925,False,False,False,False,False,12,,,,5.0,лой,14,1,False,False
BTCUSDT,M,2019-01-01,False,False,-5,отказ снизу,0.4725735478460834,0.2925228877957691,0.395088825222729,False,False,False,False,False,1,,,,,нет,28,7,True,False
BTCUSDT,M,2019-02-01,True,False,-6,внутри,0.11693615602600409,0.3710757348446964,0.29205893271179323,True,False,False,False,False,2,,,,22.0,хай,7,23,False,True
BTCUSDT,M,2019-03-01,True,True,1,отказ сверху,0.5341132258455572,0.4601648684689055,0.40718851362124314,False,False,False,False,False,3,,,,,нет,3,29,True,True
BTCUSDT,M,2019-04-01,True,True,2,внутри,0.923185101532036,0.6172679039440874,0.2643477261679521,True,False,False,True,False,4,,,,0.0,хай,0,22,True,True
BTCUSDT,M,2019-05-01,True,True,3,принятие выше,0.8178799739073714,0.7947619047619053,1.0061847875099192,False,False,False,True,False,5,,,,2.0,хай,0,29,True,True
BTCUSDT,M,2019-06-01,True,True,4,принятие выше,0.8618276451147666,0.860300261305035,2.5509364597531374,False,False,True,True,True,6,,,,15.0,хай,5,25,False,True
BTCUSDT,M,2019-07-01,False,True,5,принятие выше,0.5224981687002523,0.3523298117209314,4.0610341932629135,False,False,True,True,True,7,,,,,нет,16,9,True,False
BTCUSDT,M,2019-08-01,False,False,-1,внутри,0.24969660491108583,0.18927204752537258,1.9721682182650955,True,False,True,True,True,8,,,,,нет,28,5,True,False
BTCUSDT,M,2019-09-01,False,False,-2,внутри,0.08883980469658195,0.16376922310426187,1.2805021463626671,True,False,True,True,True,9,,,,23.0,лой,29,5,True,True
BTCUSDT,M,2019-10-01,True,False,-3,принятие ниже,0.18127771154646466,0.4065872516716886,1.2759201790832404,False,False,True,False,True,10,,,,22.0,лой,22,25,False,True
BTCUSDT,M,2019-11-01,False,True,1,отказ снизу,0.5996254071661239,0.2771596091205215,1.2143530998637313,False,False,True,False,True,11,,,,21.0,лой,24,3,True,False
BTCUSDT,M,2019-12-01,False,False,-1,отказ снизу,0.34244734349780576,0.5332246188322862,1.1026902040212958,False,False,True,False,True,12,,,,17.0,лой,17,3,False,False
BTCUSDT,M,2020-01-01,True,False,-2,отказ снизу,0.5781216730038019,0.2626615969581753,0.4461707690626885,False,False,False,False,True,1,,,,5.0,хай,2,29,True,True
BTCUSDT,M,2020-02-01,False,True,1,принятие выше,0.9168402931701981,0.7970749475426308,0.9034306173722896,False,False,True,True,True,2,,,,2.0,хай,27,12,True,True
BTCUSDT,M,2020-03-01,False,False,-1,отказ сверху,0.038253041362530694,0.402968369829683,0.6381834968542677,False,False,True,True,True,3,,,,0.0,лой,12,6,True,False
BTCUSDT,M,2020-04-01,True,False,-2,принятие ниже,0.48619556149148974,0.3909028518998794,1.6520209016534966,False,False,False,False,True,4,,,,29.0,хай,0,29,True,True
BTCUSDT,M,2020-05-01,True,True,1,отказ сверху,0.7462151310164387,0.6670493581357687,0.9630009153176933,False,False,False,False,True,5,,,,6.0,хай,9,6,True,True
BTCUSDT,M,2020-06-01,False,True,2,отказ сверху,0.6827025641025644,0.42475384615384637,0.6259017398463491,False,False,True,True,True,6,,,,0.0,хай,26,0,True,False
BTCUSDT,M,2020-07-01,True,False,-1,отказ сверху,0.1975113122171941,0.2002068519715586,0.5331179265813563,False,False,True,True,False,7,,,,26.0,хай,4,30,True,True
BTCUSDT,M,2020-08-01,True,True,1,принятие выше,0.9574514792412294,0.8613899810660258,0.9257984334188489,False,False,True,True,True,8,,,,0.0,хай,1,16,True,True
BTCUSDT,M,2020-09-01,False,True,2,принятие выше,0.5801538856116955,0.16109258784303723,0.7244688374346927,False,False,True,True,True,9,,,,2.0,лой,4,0,False,False
BTCUSDT,M,2020-10-01,True,False,-1,отказ снизу,0.42751757755464204,0.3921737763101736,0.8631048975779086,False,False,True,True,True,10,,,,20.0,хай,1,30,False,True
BTCUSDT,M,2020-11-01,True,True,1,принятие выше,0.9170692431561996,0.8090203972088029,1.48944437249061,False,False,True,True,True,11,,,,3.0,хай,1,29,True,True
BTCUSDT,M,2020-12-01,True,True,2,принятие выше,0.9749119315668157,0.8855387808539449,2.431217513811188,False,False,True,True,True,12,,,,0.0,хай,10,30,False,False
BTCUSDT,M,2021-01-01,True,True,3,принятие выше,0.9679075212723415,0.7868366009616576,3.7363320408089784,False,False,True,True,True,1,,,,0.0,хай,3,7,True,True
BTCUSDT,M,2021-02-01,True,True,4,принятие выше,0.3591157742402318,0.30168958031837934,3.3657356421662867,False,False,True,True,True,2,,,,7.0,хай,0,20,True,True
BTCUSDT,M,2021-03-01,True,True,5,принятие выше,0.4927534785759024,0.4621735572967198,5.266628654194776,False,False,True,True,True,3,,,,12.0,хай,0,12,True,True
BTCUSDT,M,2021-04-01,False,True,6,принятие выше,0.8162929226499945,0.8054260018812003,2.339111464221161,False,False,True,True,True,4,,,,12.0,хай,24,13,False,True
BTCUSDT,M,2021-05-01,False,False,-1,отказ сверху,0.6005506583351928,0.05831231867886645,2.056324994800104,False,False,True,True,True,5,,,,12.0,лой,18,7,False,False
BTCUSDT,M,2021-06-01,False,False,-2,принятие ниже,0.24589186440677957,0.692997966101695,2.8490796169021313,False,False,True,False,True,6,,,,21.0,лой,21,14,False,True
BTCUSDT,M,2021-07-01,True,False,-3,отказ снизу,0.49820359281437127,0.17635289421157682,0.959834545215449,False,False,True,False,True,7,,,,29.0,хай,19,30,False,False
BTCUSDT,M,2021-08-01,True,True,1,принятие выше,0.9251199696279424,0.48723082763857267,0.9336006488843508,False,False,True,False,True,8,,,,0.0,хай,4,22,True,True
BTCUSDT,M,2021-09-01,False,True,2,принятие выше,0.7418521640731206,0.428261678552171,0.8662076776209916,False,False,True,True,True,9,,,,2.0,хай,20,6,False,True
BTCUSDT,M,2021-10-01,True,False,-1,отказ сверху,0.31712462462462454,0.24600525525525532,0.825012036070864,False,False,True,True,True,10,,,,5.0,хай,0,19,True,True
BTCUSDT,M,2021-11-01,False,True,1,принятие выше,0.7596573255352603,0.7370161534125144,1.4108503493787894,False,False,True,True,True,11,,,,7.0,хай,27,9,True,True
BTCUSDT,M,2021-12-01,False,False,-1,отказ сверху,0.23463352168787338,0.27625932456603924,0.8741776071946676,False,False,True,True,True,12,,,,2.0,лой,3,0,False,False
BTCUSDT,M,2022-01-01,False,False,-2,принятие ниже,0.24726254526263308,0.6294184393004264,0.936905583519406,False,False,False,True,True,1,,,,6.0,лой,23,1,False,False
BTCUSDT,M,2022-02-01,True,False,-3,принятие ниже,0.368194293971338,0.5141721892969003,0.8711946216867081,False,False,False,False,True,2,,,,,нет,23,9,True,True
BTCUSDT,M,2022-03-01,True,True,1,внутри,0.768582937927004,0.408141080050649,0.6716828070541089,True,False,False,False,False,3,,,,26.0,хай,6,27,False,False
BTCUSDT,M,2022-04-01,False,True,2,отказ сверху,0.7571781738566213,0.21299266686241008,0.6697221653575586,False,False,False,False,False,4,,,,,нет,29,2,False,False
BTCUSDT,M,2022-05-01,False,False,-1,внутри,0.005331489948723007,0.7986642894573327,0.6743511225082156,True,False,False,False,False,5,,,,0.0,лой,11,3,False,False
BTCUSDT,M,2022-06-01,False,False,-2,принятие ниже,0.38285260102808755,0.43754582974638584,0.9275602224902006,False,False,False,False,False,6,,,,11.0,лой,17,0,False,False
BTCUSDT,M,2022-07-01,True,False,-3,принятие ниже,0.16156359911621562,0.8257687328919981,0.9986978166087667,False,False,False,False,False,7,,,,,нет,2,29,True,True
BTCUSDT,M,2022-08-01,False,True,1,внутри,0.7664888737897061,0.5692390011890608,0.40602626569911904,True,False,False,False,False,8,,,,10.0,хай,27,14,False,True
BTCUSDT,M,2022-09-01,False,False,-1,отказ сверху,0.09312778055003065,0.5704019454186375,0.41374080185452466,False,False,False,False,False,9,,,,5.0,лой,20,12,False,True
BTCUSDT,M,2022-10-01,True,False,-2,принятие ниже,0.2774715280482431,0.1339241004746391,0.39094310919497105,False,False,False,False,False,10,,,,,нет,12,28,True,False
BTCUSDT,M,2022-11-01,False,True,1,внутри,0.7947288428324704,0.36895682210708153,0.26691466834861316,True,False,False,False,False,11,,,,3.0,хай,20,4,True,False
BTCUSDT,M,2022-12-01,False,False,-1,принятие ниже,0.2810555153089687,0.5540872490486541,0.6367375167252756,False,True,False,False,False,12,,,,,нет,18,13,False,True
BTCUSDT,M,2023-01-01,True,False,-2,внутри,0.13421527924377924,0.29232284849764123,0.2500903382640038,True,False,False,False,False,1,,,,11.0,хай,0,28,True,True
BTCUSDT,M,2023-02-01,True,True,1,принятие выше,0.888037708083999,0.8823069799357502,0.9834867420615221,False,False,False,True,False,2,,,,1.0,хай,12,15,True,False
BTCUSDT,M,2023-03-01,True,True,2,отказ сверху,0.4592285575786177,0.004216541461374964,0.5393097320112284,False,False,False,True,False,3,,,,8.0,лой,9,29,False,True
BTCUSDT,M,2023-04-01,True,True,3,принятие выше,0.9253475915849471,0.5525131310070271,1.4527218133441404,False,True,True,True,False,4,,,,9.0,хай,23,13,False,True
BTCUSDT,M,2023-05-01,False,True,4,принятие выше,0.5645275782686495,0.18925707018175147,0.6477014721982847,False,False,True,True,False,5,,,,9.0,лой,11,5,False,False
BTCUSDT,M,2023-06-01,True,False,-1,отказ снизу,0.3489774331801601,0.5046351040528476,0.7659259318704362,False,False,True,True,False,6,,,,4.0,лой,14,22,False,False
BTCUSDT,M,2023-07-01,False,True,1,принятие выше,0.8552550234169792,0.4918078269706903,1.3143639358421288,False,True,True,True,True,7,,,,5.0,хай,23,12,False,False
BTCUSDT,M,2023-08-01,False,False,-1,отказ сверху,0.12587091730958727,0.42135064405397205,0.5724538469665081,False,False,True,False,True,8,,,,0.0,лой,16,7,False,True
BTCUSDT,M,2023-09-01,True,False,-2,принятие ниже,0.15257581725088595,0.6481843245372193,1.022402864177665,False,False,True,False,True,9,,,,10.0,лой,10,18,True,True
BTCUSDT,M,2023-10-01,True,True,1,отказ снизу,0.7982590984949107,0.3956485206596534,0.49808188224911276,False,False,True,False,True,10,,,,0.0,хай,10,23,True,False
BTCUSDT,M,2023-11-01,True,True,2,принятие выше,0.9267583688542028,0.878263515662358,1.8050091857579762,False,False,True,True,True,11,,,,0.0,хай,0,28,True,True
BTCUSDT,M,2023-12-01,True,True,3,принятие выше,0.8331943362718,0.7085817475032222,0.7908383892414541,False,False,True,True,True,12,,,,0.0,хай,0,7,True,True
BTCUSDT,M,2024-01-01,True,True,4,принятие выше,0.6588971985308029,0.643636348237048,1.3641972693485336,False,False,True,True,True,1,,,,1.0,хай,22,10,True,False
BTCUSDT,M,2024-02-01,True,True,5,отказ сверху,0.38648113011883445,0.028462294804925275,1.8896179406363627,False,False,True,True,True,2,,,,11.0,хай,0,27,True,True
BTCUSDT,M,2024-03-01,True,True,6,принятие выше,0.8702723673477509,0.8388142009394224,3.9567889417477295,False,False,True,True,True,3,,,,3.0,хай,4,13,True,True
BTCUSDT,M,2024-04-01,False,True,7,принятие выше,0.8309646628757105,0.6870444083401027,1.9975216235907678,False,False,True,True,True,4,,,,,нет,29,7,False,False
BTCUSDT,M,2024-05-01,True,False,-1,внутри,0.10880182032118738,0.7796336868192073,1.6061351518206326,True,False,True,True,True,5,,,,0.0,лой,0,20,True,True
BTCUSDT,M,2024-06-01,False,True,1,отказ снизу,0.7122430828630286,0.44521715680745283,1.6824360027942113,False,False,True,True,True,6,,,,6.0,хай,23,6,True,False
BTCUSDT,M,2024-07-01,True,False,-1,отказ сверху,0.32144196919165996,0.35071665948266284,1.3050371865455526,False,False,True,False,True,7,,,,3.0,лой,4,28,False,False
BTCUSDT,M,2024-08-01,False,True,1,отказ снизу,0.6714493017380916,0.11184664874057328,1.4725347178931314,False,False,True,True,True,8,,,,4.0,лой,4,0,False,False
BTCUSDT,M,2024-09-01,True,False,-1,отказ снизу,0.5986867773764118,0.3393814324078712,1.3148796300987968,False,False,True,False,True,9,,,,25.0,хай,5,26,False,True
BTCUSDT,M,2024-10-01,True,True,1,отказ сверху,0.772697877831947,0.3121300544880984,1.036098694714723,False,False,True,True,True,10,,,,13.0,хай,9,28,False,True
BTCUSDT,M,2024-11-01,True,True,2,принятие выше,0.7731986654054893,0.47460495075684256,1.0175114690993914,False,False,True,True,True,11,,,,5.0,хай,3,21,True,True
BTCUSDT,M,2024-12-01,False,True,3,принятие выше,0.9029090761429258,0.7973612196253113,2.157560566711076,False,False,True,True,True,12,,,,4.0,хай,4,16,True,True
BTCUSDT,M,2025-01-01,True,False,-1,отказ сверху,0.17229597266565844,0.15862824175208678,1.0251844045638476,False,False,True,True,True,1,,,,12.0,лой,12,19,True,True
BTCUSDT,M,2025-02-01,False,True,1,обе сняты,0.6479105379830418,0.43546431587536655,1.1967932246442756,False,True,True,True,True,2,,,,24.0,лой,27,0,False,False
BTCUSDT,M,2025-03-01,False,False,-1,принятие ниже,0.24837401871300477,0.737185726186015,1.3979177143843395,False,False,True,False,True,3,,,,9.0,лой,10,1,True,False
BTCUSDT,M,2025-04-01,True,False,-2,отказ снизу,0.3231493965423505,0.09785473523975222,0.9870161285432628,False,False,True,False,True,4,,,,6.0,лой,6,24,False,True
BTCUSDT,M,2025-05-01,True,True,1,обе сняты,0.9253629640226563,0.54691661756872,1.1223959077469412,False,True,True,False,True,5,,,,0.0,хай,5,21,True,True
BTCUSDT,M,2025-06-01,True,True,2,принятие выше,0.602853303230662,0.5601182604956192,0.9443985661468117,False,False,True,True,True,6,,,,,нет,21,8,True,True
BTCUSDT,M,2025-07-01,True,True,3,внутри,0.7255779928419479,0.2071844913735979,0.6196331550928444,True,False,True,True,True,7,,,,8.0,хай,1,13,True,True
BTCUSDT,M,2025-08-01,False,True,4,принятие выше,0.588586037716479,0.47564081972379707,0.930732494874188,False,False,True,True,True,8,,,,12.0,хай,29,13,True,True
BTCUSDT,M,2025-09-01,True,False,-1,отказ сверху,0.052339128352770124,0.4390191486752436,0.8612260673791118,False,False,True,True,True,9,,,,0.0,лой,0,17,True,True
BTCUSDT,M,2025-10-01,False,True,1,отказ снизу,0.6382273367778293,0.5450981681540622,0.5288615050081868,False,False,True,True,True,10,,,,0.0,хай,9,5,True,False
BTCUSDT,M,2025-11-01,False,False,-1,обе сняты,0.3143853852310962,0.18351230989895329,1.3506261140742868,False,True,True,False,True,11,,,,3.0,лой,20,1,False,False
BTCUSDT,M,2025-12-01,False,False,-2,принятие ниже,0.3184338275909209,0.6279935960869181,1.6521130734925955,False,False,False,False,False,12,,,,,нет,0,8,True,False
BTCUSDT,M,2026-01-01,False,False,-3,внутри,0.35532029317597735,0.2518792557840573,0.5497497303266086,True,False,False,False,False,1,,,,4.0,хай,30,13,True,True
BTCUSDT,M,2026-02-01,False,False,-4,принятие ниже,0.13606150800352543,0.40113868348841414,1.21949778171427,False,True,False,False,False,2,,,,0.0,лой,5,0,False,False
BTCUSDT,M,2026-03-01,True,False,-5,принятие ниже,0.35900226523887946,0.6058401976935756,1.04491690210112,False,False,False,False,False,3,,,,,нет,28,16,True,True
BTCUSDT,M,2026-04-01,True,True,1,внутри,0.2985890909090905,0.11920181818181828,0.5976171158411238,True,False,False,False,False,4,,,,13.0,хай,1,26,True,True
BTCUSDT,M,2026-05-01,False,True,2,принятие выше,0.7720927227132608,0.5853310042298492,0.7805415055785028,False,False,False,False,False,5,,,,3.0,хай,28,5,True,True
BTCUSDT,M,2026-06-01,False,False,-1,отказ сверху,0.11239650554146935,0.25849455042848846,0.5810700571109103,False,False,False,True,False,6,,,,0.0,лой,24,0,False,False
BTCUSDT,M,2026-07-01,True,False,-2,принятие ниже,0.03190212924962694,0.9419596557298967,0.9391356596034629,False,False,False,False,False,7,,,,0.0,лой,0,20,True,True
BTCUSDT,M,2026-08-01,True,True,1,отказ снизу,0.5556697495401902,0.46561693148506567,0.5418449201816805,False,False,False,False,False,8,,,,18.0,хай,0,27,True,True
BTCUSDT,M,2026-09-01,True,True,2,принятие выше,0.8491147878005838,0.8172003872136189,1.1465786956307318,False,False,False,True,False,9,,,,2.0,хай,14,20,True,False
ETHUSDT,W,2017-11-27,False,True,3,принятие выше,0.8391223503161023,0.8009669021941239,2.2926080654787286,False,False,,True,True,11,True,True,False,0.0,хай,2,2,,
ETHUSDT,W,2017-12-04,False,False,-1,отказ сверху,0.5792307692307693,0.019538461538461258,2.179598953792502,False,False,,True,True,12,True,False,False,3.0,лой,3,5,,
ETHUSDT,W,2017-12-11,True,False,-2,отказ снизу,0.4632268342331182,0.29161872732100175,1.6805985245121373,False,False,,True,True,12,True,True,True,0.0,хай,0,3,,
ETHUSDT,W,2017-12-18,False,True,1,принятие выше,0.8752224824355971,0.8752224824355971,4.2911122723801105,False,False,,True,True,12,True,True,True,0.0,хай,4,1,,
ETHUSDT,W,2017-12-25,True,False,-1,отказ сверху,0.42513406129310105,0.1378678002834042,3.4900702067413985,False,False,,True,True,12,True,True,True,,нет,0,2,,
ETHUSDT,W,2018-01-01,True,True,1,внутри,0.8068770323979287,0.4491147777911602,1.2543811941020058,True,False,,True,True,1,True,True,True,1.0,хай,0,6,,
ETHUSDT,W,2018-01-08,True,True,2,принятие выше,0.9953209211170992,0.9556099951004406,2.873474214757353,False,False,True,True,True,1,True,True,True,0.0,хай,0,2,,
ETHUSDT,W,2018-01-15,False,True,3,принятие выше,0.8245283018867925,0.4224716981132077,2.959273693731923,False,False,True,True,True,1,False,False,False,1.0,лой,2,0,,
ETHUSDT,W,2018-01-22,True,False,-1,отказ снизу,0.4680559756738254,0.4760001910432553,2.755306596014406,False,False,True,True,True,1,False,False,True,,нет,0,6,,
ETHUSDT,W,2018-01-29,False,True,1,внутри,0.9321409214092142,0.5500271002710028,1.2902774621046558,True,False,True,True,True,1,False,False,False,4.0,лой,4,0,,
ETHUSDT,W,2018-02-05,False,False,-1,принятие ниже,0.08394006986237948,0.9014772105551112,1.5043415775295272,False,False,True,False,True,2,False,False,False,0.0,лой,1,5,,
ETHUSDT,W,2018-02-12,True,False,-2,отказ снизу,0.7003518029903253,0.03696863090002935,0.9746382609093196,False,False,True,False,True,2,True,True,True,2.0,хай,0,6,,
ETHUSDT,W,2018-02-19,False,True,1,отказ сверху,0.6053554724041159,0.5988072965388213,0.46091741537002195,False,False,True,False,True,2,True,False,False,3.0,лой,4,1,,
ETHUSDT,W,2018-02-26,True,False,-1,отказ снизу,0.3154105479686878,0.39889149191474743,0.4643517621805774,False,False,True,True,True,2,True,True,True,,нет,0,1,,
ETHUSDT,W,2018-03-05,False,True,1,внутри,0.5219413862614353,0.390758257094122,0.1779687443944951,True,False,True,True,True,3,False,False,False,1.0,лой,4,0,,
ETHUSDT,W,2018-03-12,False,False,-1,принятие ниже,0.3488673139158577,0.6289536138079826,0.6963118756103057,False,False,False,False,True,3,False,False,False,2.0,лой,6,0,,
ETHUSDT,W,2018-03-19,False,False,-2,принятие ниже,0.29948364888123924,0.6333907056798623,0.855937347154045,False,False,False,False,False,3,True,True,True,,нет,4,2,,
ETHUSDT,W,2018-03-26,False,False,-3,внутри,0.2031977091039259,0.1628683927932225,0.2558115400581154,True,False,False,False,False,3,False,False,False,0.0,лой,6,0,,
ETHUSDT,W,2018-04-02,True,False,-4,принятие ниже,0.12695438308836451,0.8512619312525623,0.6034169007614706,False,False,False,False,False,4,True,True,False,,нет,4,1,,
ETHUSDT,W,2018-04-09,True,True,1,внутри,0.6696144322603463,0.3859214715245845,0.23829493106979827,True,False,False,False,False,4,False,True,True,0.0,хай,0,6,,
ETHUSDT,W,2018-04-16,True,True,2,принятие выше,0.9924273157538878,0.9025016903313052,0.7178810132849244,False,False,False,True,False,4,False,False,False,0.0,хай,0,6,,
ETHUSDT,W,2018-04-23,True,True,3,принятие выше,0.8456013134491719,0.5954302914215348,0.8435521752427997,False,False,False,True,False,4,True,True,False,0.0,хай,2,1,,
ETHUSDT,W,2018-04-30,True,True,4,принятие выше,0.8141993957703928,0.5889560255119174,0.7747774692943384,False,False,False,True,False,4,False,False,False,3.0,хай,1,6,,
ETHUSDT,W,2018-05-07,False,True,5,принятие выше,0.7848971329033471,0.48702980085683323,1.4293020032164505,False,False,True,True,False,5,False,False,False,,нет,5,0,,
ETHUSDT,W,2018-05-14,False,False,-1,внутри,0.5777992045317586,0.39303362661202806,1.0891953449599936,True,False,False,True,False,5,False,False,False,,нет,4,0,,
ETHUSDT,W,2018-05-21,False,False,-2,внутри,0.6844141069397041,0.14698521046644,0.5409363922804252,True,False,False,True,False,5,False,False,False,1.0,лой,3,0,,
ETHUSDT,W,2018-05-28,True,False,-3,принятие ниже,0.11967617036254824,0.8550979701982867,1.1508935865668322,False,False,False,False,False,5,False,False,False,0.0,лой,0,6,,
ETHUSDT,W,2018-06-04,False,True,1,отказ снизу,0.9254278728606359,0.39812550937245356,0.901496616632502,False,False,False,False,False,6,False,False,False,6.0,лой,6,0,,
ETHUSDT,W,2018-06-11,False,False,-1,отказ снизу,0.1848158275695674,0.7684574553643231,0.888168233378097,False,False,False,False,False,6,True,False,False,1.0,лой,2,1,,
ETHUSDT,W,2018-06-18,False,False,-2,принятие ниже,0.5352928078378979,0.306167891338232,0.6635981470672981,False,False,False,False,False,6,True,True,True,1.0,хай,6,1,,
ETHUSDT,W,2018-06-25,False,False,-3,обе сняты,0.27108106007616406,0.3321675604258951,0.9278127501243868,False,True,False,False,True,6,True,False,False,3.0,лой,4,0,,
ETHUSDT,W,2018-07-02,True,False,-4,отказ снизу,0.6803829118445492,0.03129018431204454,0.511779932435397,False,False,False,False,True,7,True,True,True,0.0,хай,0,6,,
ETHUSDT,W,2018-07-09,False,True,1,принятие выше,0.8222693940563481,0.6682747973755306,0.4012730468719752,False,False,False,False,False,7,False,False,False,1.0,лой,3,0,,
ETHUSDT,W,2018-07-16,True,False,-1,отказ снизу,0.4558578567462516,0.5104108828428655,0.5885380499162618,False,False,False,False,False,7,True,True,True,1.0,хай,4,2,,
ETHUSDT,W,2018-07-23,True,True,1,отказ сверху,0.2314827083609384,0.10176228965151721,0.6964232983906692,False,False,False,True,False,7,False,True,True,,нет,0,2,,
ETHUSDT,W,2018-07-30,False,True,2,внутри,0.4989653388515256,0.23098810139679143,0.3892429596963378,True,False,False,False,False,7,False,False,False,0.0,лой,4,0,,
ETHUSDT,W,2018-08-06,False,False,-1,принятие ниже,0.16643891773708672,0.7872369499863344,0.7752365011599944,False,False,False,False,False,8,False,False,False,1.0,лой,5,0,,
ETHUSDT,W,2018-08-13,False,False,-2,принятие ниже,0.12349535973536709,0.8350638610677203,1.2853582775277843,False,False,False,False,False,8,False,False,False,0.0,лой,1,0,,
ETHUSDT,W,2018-08-20,False,False,-3,принятие ниже,0.6864842339213781,0.25753576885678514,0.8644124780865012,False,False,False,False,False,8,False,False,False,,нет,2,0,,
ETHUSDT,W,2018-08-27,True,False,-4,внутри,0.3320610687022904,0.5615177368657382,0.5706817686778483,True,False,False,False,False,8,True,True,True,,нет,0,5,,
ETHUSDT,W,2018-09-03,False,True,1,внутри,0.7832949687602773,0.6984544557711276,0.4136345706552051,True,False,False,False,False,9,False,False,False,2.0,лой,6,0,,
ETHUSDT,W,2018-09-10,True,False,-1,принятие ниже,0.09668458781362001,0.89336917562724,1.7521548678818706,False,False,False,False,False,9,True,False,False,1.0,лой,2,5,,
ETHUSDT,W,2018-09-17,True,True,1,отказ снизу,0.8793677204658902,0.3999999999999999,0.885725233589766,False,False,False,False,False,9,False,False,False,4.0,хай,0,5,,
ETHUSDT,W,2018-09-24,False,True,2,принятие выше,0.8305435995536427,0.38673680854455594,0.9133397396697821,False,False,False,False,False,9,False,False,False,,нет,1,0,,
ETHUSDT,W,2018-10-01,False,False,-1,внутри,0.688659309697112,0.2723644047898568,0.6286254077430588,True,False,False,True,False,10,False,False,False,,нет,2,0,,
ETHUSDT,W,2018-10-08,False,False,-2,внутри,0.4971605575632418,0.3562209602478061,0.30048244729534784,True,False,False,True,False,10,True,True,True,3.0,лой,3,0,,
ETHUSDT,W,2018-10-15,True,False,-3,принятие ниже,0.18310826276035708,0.6694895857175556,0.6986599289986246,False,False,False,False,False,10,True,True,True,0.0,хай,0,0,,
ETHUSDT,W,2018-10-22,False,True,1,отказ сверху,0.2903153153153156,0.23986486486486497,0.7451539817068056,False,False,False,False,False,10,False,False,False,,нет,1,0,,
ETHUSDT,W,2018-10-29,True,False,-1,внутри,0.3980446927374319,0.34497206703910477,0.13473335591434316,True,False,False,False,False,10,False,False,False,0.0,лой,2,6,,
ETHUSDT,W,2018-11-05,True,True,1,принятие выше,0.7417475728155348,0.27650485436893224,0.5518763796909493,False,True,False,True,False,11,False,True,True,1.0,хай,0,2,,
ETHUSDT,W,2018-11-12,False,True,2,отказ сверху,0.28637951105937054,0.023864959254947405,0.3836534167038858,False,False,False,True,False,11,True,False,False,2.0,лой,3,0,,
ETHUSDT,W,2018-11-19,False,False,-1,принятие ниже,0.184594031922276,0.7779319916724498,0.9947764456819382,False,False,False,False,False,11,False,False,False,0.0,лой,6,0,,
ETHUSDT,W,2018-11-26,False,False,-2,принятие ниже,0.20581304006284362,0.7903901544907042,2.0857454942654297,False,False,False,False,False,11,False,False,True,1.0,лой,1,2,,
ETHUSDT,W,2018-12-03,False,False,-3,отказ снизу,0.5814238952536823,0.08510638297872393,0.6389876594854631,False,False,False,False,False,12,False,False,False,3.0,лой,4,0,,
ETHUSDT,W,2018-12-10,False,False,-4,принятие ниже,0.3207222699914019,0.6698194325021494,1.0136843022749065,False,False,False,False,False,12,False,False,False,5.0,лой,5,0,,
ETHUSDT,W,2018-12-17,True,False,-5,отказ снизу,0.21460506706408333,0.6400894187779442,0.3988231448185677,False,False,False,False,False,12,True,True,True,0.0,хай,0,6,,
ETHUSDT,W,2018-12-24,True,True,1,принятие выше,0.938788388725284,0.9328986116954144,1.4382525564228232,False,False,False,True,False,12,True,False,True,0.0,хай,3,0,,
ETHUSDT,W,2018-12-31,True,True,2,принятие выше,0.5715823466092577,0.18815931108719078,1.3890965638924606,False,False,False,True,False,12,False,True,True,5.0,хай,0,5,,
ETHUSDT,W,2019-01-07,False,True,3,отказ сверху,0.8232984293193725,0.5251963350785344,0.9083343240993937,False,False,False,True,False,1,False,False,False,3.0,лой,6,0,,
ETHUSDT,W,2019-01-14,True,False,-1,принятие ниже,0.05251089199724817,0.9110295803714745,1.2119275233437081,False,False,False,False,False,1,True,True,True,,нет,0,0,,
ETHUSDT,W,2019-01-21,False,True,1,внутри,0.21911855990068269,0.20484171322160113,0.4265289912629075,True,False,False,False,False,1,False,True,False,0.0,лой,6,1,,
ETHUSDT,W,2019-01-28,False,False,-1,принятие ниже,0.11952662721893399,0.6520710059171613,0.22435812335714067,False,False,False,False,False,1,False,False,False,0.0,лой,0,0,,
ETHUSDT,W,2019-02-04,True,False,-2,принятие ниже,0.5392976588628762,0.39130434782608725,0.34986105016820274,False,False,False,False,False,2,True,False,False,4.0,хай,2,6,,
ETHUSDT,W,2019-02-11,True,True,1,принятие выше,0.9458069620253169,0.70371835443038,0.9112208485023251,False,False,False,True,False,2,False,False,False,6.0,хай,1,6,,
ETHUSDT,W,2019-02-18,False,True,2,принятие выше,0.8932874354561094,0.4951233505450368,0.6263700722320051,False,False,False,True,True,2,True,True,True,0.0,хай,6,6,,
ETHUSDT,W,2019-02-25,False,False,-1,отказ сверху,0.011661807580175088,0.04868804664723077,1.3151336221770644,False,False,False,True,True,2,True,True,True,2.0,лой,2,0,,
ETHUSDT,W,2019-03-04,True,False,-2,принятие ниже,0.25560842963970015,0.10197144799456147,0.5222052611026309,False,False,False,True,True,3,False,True,True,0.0,лой,0,2,,
ETHUSDT,W,2019-03-11,True,True,1,отказ снизу,0.7218767665347661,0.26964386659129513,0.7108414369525032,False,False,False,True,True,3,False,False,False,5.0,хай,3,5,,
ETHUSDT,W,2019-03-18,False,True,2,отказ сверху,0.6363636363636354,0.206896551724137,0.7246706042707854,False,False,True,True,True,3,False,False,True,,нет,3,0,,
ETHUSDT,W,2019-03-25,True,False,-1,внутри,0.45185185185185217,0.2388888888888878,0.5255730205849425,True,False,True,True,False,3,False,False,True,4.0,хай,0,5,,
ETHUSDT,W,2019-04-01,True,True,1,отказ сверху,0.6843946815955219,0.3680895731280612,0.8275422747278197,False,False,True,True,False,4,False,True,True,1.0,хай,0,2,,
ETHUSDT,W,2019-04-08,False,True,2,принятие выше,0.9058577405857743,0.8577405857740587,2.2380896640524415,False,False,True,True,True,4,True,True,True,0.0,хай,4,0,,
ETHUSDT,W,2019-04-15,True,False,-1,отказ сверху,0.3285302593659935,0.2543227665706054,1.3835036132569145,False,False,True,True,True,4,False,False,False,0.0,лой,0,5,,
ETHUSDT,W,2019-04-22,False,True,1,отказ снизу,0.6060178655383173,0.0648801128349786,0.9826749826749832,False,False,True,True,True,4,True,True,False,3.0,лой,3,1,,
ETHUSDT,W,2019-04-29,True,False,-1,отказ снизу,0.2943485086342227,0.42150706436420726,1.1993974769346647,False,False,True,False,True,4,False,True,True,,нет,0,5,,
ETHUSDT,W,2019-05-06,True,True,1,внутри,0.5725388601036272,0.2689119170984453,0.8753231439067537,True,False,True,False,True,5,True,True,True,0.0,хай,0,5,,
ETHUSDT,W,2019-05-13,True,True,2,принятие выше,0.6409395973154366,0.525587248322148,2.3203075575453784,False,False,True,True,True,5,True,True,True,0.0,хай,0,3,,
ETHUSDT,W,2019-05-20,True,True,3,принятие выше,0.7855781448538754,0.7564591274883524,3.9604126478235346,False,False,True,True,True,5,False,False,False,,нет,3,6,,
ETHUSDT,W,2019-05-27,True,True,4,внутри,0.8707571801566582,0.1326370757180153,1.2150629738904217,True,False,True,True,True,5,True,True,True,0.0,хай,3,3,,
ETHUSDT,W,2019-06-03,False,True,5,отказ сверху,0.5928217821782178,0.09344059405940534,1.4361891219338792,False,False,True,True,True,6,False,False,False,1.0,лой,6,0,,
ETHUSDT,W,2019-06-10,True,False,-1,принятие ниже,0.10174953959484317,0.8722375690607739,1.1576590981771666,False,False,True,False,True,6,True,True,True,5.0,хай,0,6,,
ETHUSDT,W,2019-06-17,True,True,1,отказ сверху,0.8135118928642817,0.7337597441535081,1.2371720368950763,False,False,True,True,True,6,True,False,True,4.0,хай,1,6,,
ETHUSDT,W,2019-06-24,False,True,2,принятие выше,0.7812448132780082,0.6770124481327795,1.447690902974674,False,False,True,True,True,6,True,True,True,2.0,хай,3,2,,
ETHUSDT,W,2019-07-01,True,False,-1,отказ сверху,0.14621500172830965,0.18112685793294186,1.934383845588072,False,False,True,True,True,7,True,False,True,1.0,лой,1,6,,
ETHUSDT,W,2019-07-08,False,True,1,отказ снизу,0.8658207343412536,0.3193844492440614,0.720356288531477,False,False,True,True,True,7,True,True,False,0.0,хай,6,1,,
ETHUSDT,W,2019-07-15,False,False,-1,принятие ниже,0.03187250996015928,0.8269029146571613,1.8141702330004754,False,True,True,False,True,7,True,False,False,0.0,лой,2,0,,
ETHUSDT,W,2019-07-22,False,False,-2,отказ снизу,0.7668038408779146,0.010288065843621788,0.7267833109017499,False,False,True,False,True,7,False,False,False,,нет,6,0,,
ETHUSDT,W,2019-07-29,True,False,-3,внутри,0.4445182724252491,0.46079734219269125,0.5034370870895982,True,False,False,False,True,7,False,False,True,,нет,1,5,,
ETHUSDT,W,2019-08-05,False,True,1,внутри,0.8647439085032321,0.507707608155146,0.3769093805641455,True,False,True,False,True,8,True,True,True,0.0,хай,5,1,,
ETHUSDT,W,2019-08-12,False,False,-1,обе сняты,0.37811217510259887,0.14692202462380308,0.709212977336231,False,True,False,False,False,8,False,False,False,2.0,лой,4,0,,
ETHUSDT,W,2019-08-19,False,False,-2,принятие ниже,0.42017023471756554,0.5695125096724266,0.7701169973978509,False,False,False,False,False,8,True,True,False,,нет,2,0,,
ETHUSDT,W,2019-08-26,False,False,-3,внутри,0.2913549459684119,0.3233582709891937,0.4823963429304675,True,False,False,False,False,8,True,True,False,2.0,лой,3,0,,
ETHUSDT,W,2019-09-02,True,False,-4,принятие ниже,0.23695579926886012,0.5250913924891989,0.6364347807694742,False,False,False,False,False,9,True,True,True,,нет,4,6,,
ETHUSDT,W,2019-09-09,True,True,1,внутри,0.8441084462982269,0.545359749739312,0.43331902491923296,True,False,False,False,False,9,False,False,False,0.0,хай,2,6,,
ETHUSDT,W,2019-09-16,True,True,2,принятие выше,0.9186246418338115,0.4498567335243553,0.4653085168790995,False,False,False,True,False,9,True,True,True,0.0,хай,0,3,,
ETHUSDT,W,2019-09-23,False,True,3,принятие выше,0.6425364758698088,0.6214927048260378,1.0027290887094504,False,False,False,True,False,9,False,False,False,1.0,лой,1,0,,
ETHUSDT,W,2019-09-30,True,False,-1,принятие ниже,0.3115977291159774,0.6806163828061634,2.084953836788529,False,False,False,False,False,9,True,True,True,,нет,0,1,,
ETHUSDT,W,2019-10-07,True,True,1,внутри,0.24805068226120863,0.040935672514620026,0.654336734693878,True,False,False,False,False,10,True,True,True,2.0,хай,0,4,,
ETHUSDT,W,2019-10-14,False,True,2,отказ сверху,0.44011440829460147,0.39006077940650685,0.9200052628116572,False,False,False,False,False,10,True,False,False,4.0,лой,4,1,,
ETHUSDT,W,2019-10-21,True,False,-1,отказ снизу,0.3328259766615931,0.29223744292237386,0.6319738360908045,False,False,False,True,False,10,False,False,False,2.0,лой,2,5,,
ETHUSDT,W,2019-10-28,False,True,1,обе сняты,0.6841273425152404,0.1934974034770826,1.5011523861171374,False,True,False,True,False,10,False,True,False,,нет,4,1,,
ETHUSDT,W,2019-11-04,True,False,-1,внутри,0.28753180661577493,0.14631043256997528,0.5230236891136545,True,False,False,True,False,11,True,True,True,2.0,хай,0,2,,
ETHUSDT,W,2019-11-11,False,True,1,отказ сверху,0.5838424983027835,0.5044127630685684,0.5040722743138727,False,False,False,True,False,11,False,False,False,4.0,лой,4,0,,
ETHUSDT,W,2019-11-18,False,False,-1,отказ снизу,0.4912140575079873,0.41054313099041617,0.4522141154374056,False,False,False,True,False,11,False,False,False,0.0,лой,4,0,,
ETHUSDT,W,2019-11-25,True,False,-2,принятие ниже,0.042553191489361875,0.9522362136343896,1.704663212435233,False,False,False,False,False,11,True,True,True,0.0,лой,0,4,,
ETHUSDT,W,2019-12-02,False,True,1,отказ снизу,0.737284894837476,0.41070745697896666,0.8751380475887688,False,False,False,False,False,12,False,False,False,,нет,2,2,,
ETHUSDT,W,2019-12-09,False,False,-1,внутри,0.8255945639864105,0.03171007927519837,0.30519839623945744,True,False,False,False,False,12,False,False,False,2.0,лой,3,0,,
ETHUSDT,W,2019-12-16,False,False,-2,принятие ниже,0.26945606694560686,0.6677824267782425,0.505285412262156,False,False,False,True,False,12,False,False,False,0.0,лой,2,0,,
ETHUSDT,W,2019-12-23,True,False,-3,принятие ниже,0.5982615268329555,0.3919123204837493,1.160882727153073,False,False,False,False,False,12,False,False,False,,нет,4,6,,
ETHUSDT,W,2019-12-30,True,True,1,внутри,0.7704207920792091,0.1386138613861392,0.7137178694461618,True,False,False,False,False,12,False,False,False,6.0,хай,4,6,,
ETHUSDT,W,2020-01-06,True,True,2,отказ сверху,0.7709179528838349,0.08204711616571818,0.5523399291066542,False,False,False,False,False,1,True,True,True,0.0,хай,0,5,,
ETHUSDT,W,2020-01-13,True,True,3,принятие выше,0.8855193328278984,0.8468536770280507,0.690973859290691,False,False,False,True,False,1,False,True,True,1.0,хай,0,5,,
ETHUSDT,W,2020-01-20,True,True,4,принятие выше,0.6586086489390274,0.5433789954337899,1.9765342960288808,False,False,True,True,False,1,True,True,True,,нет,4,2,,
ETHUSDT,W,2020-01-27,True,True,5,внутри,0.7732412060301515,0.06721105527638332,0.7550033197382144,True,False,True,True,False,1,True,True,True,0.0,хай,0,6,,
ETHUSDT,W,2020-02-03,True,True,6,принятие выше,0.823112371499468,0.7277561148528889,1.3166246616260624,False,False,True,True,False,2,True,True,True,0.0,хай,1,6,,
ETHUSDT,W,2020-02-10,True,True,7,принятие выше,0.9530026109660575,0.8705395996518714,2.340003054834276,False,False,True,True,True,2,False,True,True,1.0,хай,0,5,,
ETHUSDT,W,2020-02-17,True,True,8,принятие выше,0.5896724042198779,0.4208772903942256,3.331791693645363,False,False,True,True,True,2,True,True,False,,нет,0,1,,
ETHUSDT,W,2020-02-24,False,True,9,внутри,0.7402005469462174,0.35528714676390233,1.5703396199405935,True,False,True,True,True,2,False,False,False,2.0,лой,3,0,,
ETHUSDT,W,2020-03-02,False,False,-1,принятие ниже,0.11622023809523815,0.8436011904761905,2.1582733812949635,False,False,True,False,True,3,True,True,True,6.0,лой,6,5,,
ETHUSDT,W,2020-03-09,False,False,-2,принятие ниже,0.06964380648591185,0.325713273081694,1.6026696961090605,False,False,True,False,True,3,True,True,False,0.0,лой,4,0,,
ETHUSDT,W,2020-03-16,False,False,-3,принятие ниже,0.3081063448050889,0.6169466644919263,3.125111501898718,False,False,False,False,False,3,False,False,False,,нет,0,4,,
ETHUSDT,W,2020-03-23,True,False,-4,внутри,0.4124392614188531,0.02915451895043731,1.0235139651468135,True,False,False,False,False,3,True,True,True,,нет,0,1,,
ETHUSDT,W,2020-03-30,True,True,1,внутри,0.20955574182732595,0.09178541492036867,0.4410840388952566,True,False,False,False,False,3,True,True,True,3.0,хай,0,3,,
ETHUSDT,W,2020-04-06,True,True,2,отказ сверху,0.7245136186770433,0.7085603112840473,0.4871391474117176,False,False,False,True,False,4,True,True,True,0.0,хай,0,1,,
ETHUSDT,W,2020-04-13,True,True,3,принятие выше,0.4756097560975612,0.472932778108269,0.6256629757141527,False,False,False,True,False,4,False,False,False,5.0,хай,3,5,,
ETHUSDT,W,2020-04-20,True,True,4,принятие выше,0.7692307692307694,0.5209900509585055,0.7592674478590903,False,False,True,True,True,4,False,False,True,3.0,хай,0,6,,
ETHUSDT,W,2020-04-27,True,True,5,принятие выше,0.9213213213213212,0.5213213213213207,0.6189476032044016,False,False,True,True,True,4,False,False,True,2.0,хай,0,3,,
ETHUSDT,W,2020-05-04,False,True,6,принятие выше,0.5411733754275194,0.32807156011575955,0.7613115148116254,False,False,True,True,False,5,False,False,False,6.0,лой,6,4,,
ETHUSDT,W,2020-05-11,True,False,-1,принятие ниже,0.21474878444084242,0.60291734197731,0.7503040129712202,False,False,True,True,False,5,False,True,True,0.0,лой,0,6,,
ETHUSDT,W,2020-05-18,False,True,1,отказ снизу,0.9158050221565732,0.5725258493353028,0.7307542852208452,False,False,True,True,False,5,True,True,True,0.0,хай,3,0,,
ETHUSDT,W,2020-05-25,True,False,-1,отказ сверху,0.3229495268138802,0.28075709779179847,0.5755265068990555,False,False,True,False,False,5,True,True,True,3.0,хай,1,5,,
ETHUSDT,W,2020-06-01,True,True,1,принятие выше,0.6920159680638721,0.632135728542914,1.4590249868949847,False,False,True,True,True,6,True,True,True,0.0,хай,1,1,,
ETHUSDT,W,2020-06-08,False,True,2,отказ сверху,0.6791666666666665,0.45138888888888873,0.8420314007543199,False,False,True,True,True,6,True,False,True,,нет,3,2,,
ETHUSDT,W,2020-06-15,False,False,-1,внутри,0.23131229235880477,0.531561461794019,0.6940081275038192,True,False,True,True,True,6,False,True,True,0.0,лой,0,2,,
ETHUSDT,W,2020-06-22,False,False,-2,отказ снизу,0.513399894902784,0.19442984760903925,0.5510351816997249,False,False,True,False,True,6,True,True,True,0.0,хай,5,2,,
ETHUSDT,W,2020-06-29,True,False,-3,обе сняты,0.2686522262334538,0.09326113116726815,1.0049582779054302,False,True,True,False,True,6,True,True,True,,нет,0,2,,
ETHUSDT,W,2020-07-06,True,True,1,внутри,0.5502183406113539,0.23318777292576523,0.35471978685832933,True,False,True,False,True,7,True,True,True,0.0,хай,0,2,,
ETHUSDT,W,2020-07-13,False,True,2,принятие выше,0.7225512528473801,0.6947608200455584,0.7293812720143545,False,False,True,True,True,7,False,False,False,,нет,3,0,,
ETHUSDT,W,2020-07-20,True,False,-1,внутри,0.5937295885042457,0.23840627041149423,0.5374192642516147,True,False,True,True,True,7,False,True,True,1.0,хай,0,6,,
ETHUSDT,W,2020-07-27,True,True,1,принятие выше,0.9085005903187722,0.8486422668240851,3.218451951210244,False,False,True,True,True,7,True,True,True,0.0,хай,1,6,,
ETHUSDT,W,2020-08-03,True,True,2,принятие выше,0.6051459223565778,0.5582325665969636,3.5026431437488066,False,False,True,True,True,8,True,True,True,,нет,4,2,,
ETHUSDT,W,2020-08-10,True,True,3,внутри,0.6181200453001128,0.4006795016987544,1.1074877712278934,True,False,True,True,True,8,True,False,False,3.0,хай,2,4,,
ETHUSDT,W,2020-08-17,False,True,4,принятие выше,0.8593710372812582,0.5513568348972868,2.0081487140310657,False,False,True,True,True,8,False,False,False,0.0,хай,5,0,,
ETHUSDT,W,2020-08-24,True,False,-1,отказ сверху,0.1632869249394668,0.6492130750605334,1.4924564097931157,False,False,True,True,True,8,True,False,False,1.0,лой,1,6,,
ETHUSDT,W,2020-08-31,False,True,1,отказ снизу,0.9841375855735517,0.6381699782935378,1.2354567208515552,False,False,True,True,True,8,True,True,True,0.0,хай,5,1,,
ETHUSDT,W,2020-09-07,True,False,-1,принятие ниже,0.24598159849240664,0.4220152976388427,3.4325177885164186,False,True,True,False,True,9,True,False,False,,нет,0,6,,
ETHUSDT,W,2020-09-14,True,True,1,внутри,0.6439270354441645,0.20124573631914566,1.0022294887039243,True,False,True,False,True,9,True,False,False,3.0,хай,2,3,,
ETHUSDT,W,2020-09-21,False,True,2,отказ сверху,0.40981093510475286,0.1177823198773637,0.5370619391311505,False,False,True,False,True,9,False,False,False,0.0,лой,2,0,,
ETHUSDT,W,2020-09-28,False,False,-1,отказ снизу,0.6959533931664305,0.21335222799559145,0.8513747201630092,False,False,True,True,True,9,False,True,True,,нет,4,3,,
ETHUSDT,W,2020-10-05,True,False,-2,внутри,0.5006904170118753,0.14388290527478548,0.4559477190022286,True,False,True,False,True,10,True,False,False,2.0,лой,2,5,,
ETHUSDT,W,2020-10-12,True,True,1,принятие выше,0.9082648204240599,0.4720900043271325,0.6198369273683079,False,True,True,True,True,10,True,True,True,0.0,хай,4,0,,
ETHUSDT,W,2020-10-19,True,True,2,отказ сверху,0.503569303985723,0.11719214753123133,0.49302693903887623,False,False,True,True,True,10,True,False,True,2.0,хай,1,3,,
ETHUSDT,W,2020-10-26,False,True,3,принятие выше,0.7318788315903355,0.5001803101334293,0.8260597575143742,False,False,True,True,True,10,False,False,False,,нет,4,0,,
ETHUSDT,W,2020-11-02,True,False,-1,внутри,0.6181914331041777,0.24272871496562687,0.583659989505849,True,False,True,True,True,11,False,False,True,1.0,лой,1,5,,
ETHUSDT,W,2020-11-09,False,True,1,принятие выше,0.8574196838347785,0.5876593574706785,1.582166139546892,False,True,True,True,True,11,False,False,True,2.0,хай,0,4,,
ETHUSDT,W,2020-11-16,True,False,-1,отказ сверху,0.33370436331255576,0.13824577025823762,0.6827992947042018,False,False,True,True,True,11,True,True,True,1.0,хай,0,6,,
ETHUSDT,W,2020-11-23,True,True,1,принятие выше,0.8460459277855717,0.8267001402938786,2.5925571423101963,False,False,True,True,True,11,True,True,True,0.0,хай,3,1,,
ETHUSDT,W,2020-11-30,True,True,2,отказ сверху,0.6711267605633799,0.11457746478873226,2.4052305294894816,False,False,True,True,True,11,True,True,True,1.0,хай,1,1,,
ETHUSDT,W,2020-12-07,False,True,3,отказ сверху,0.5487450462351379,0.33315719947159705,1.091973919566096,False,False,True,True,True,12,False,False,False,1.0,лой,2,0,,
ETHUSDT,W,2020-12-14,True,False,-1,отказ снизу,0.8287953795379548,0.1497524752475245,1.0308606098408066,False,False,True,True,True,12,False,False,True,2.0,хай,0,3,,
ETHUSDT,W,2020-12-21,True,True,1,принятие выше,0.6217585692995523,0.47064083457526096,1.3565786990861792,False,False,True,True,True,12,False,False,False,2.0,лой,2,6,,
ETHUSDT,W,2020-12-28,True,True,2,принятие выше,0.8069339764847755,0.2834488996080795,2.082574682622399,False,True,True,True,True,12,True,True,True,0.0,хай,0,6,,
ETHUSDT,W,2021-01-04,True,True,3,принятие выше,0.9006453958731022,0.8883434839257034,3.554059875080767,False,False,True,True,True,1,True,True,True,0.0,хай,0,6,,
ETHUSDT,W,2021-01-11,False,True,4,принятие выше,0.794733052604019,0.6020116509938254,3.8093536241761337,False,False,True,True,True,1,False,False,False,,нет,0,5,,
ETHUSDT,W,2021-01-18,True,False,-1,внутри,0.8288511749347259,0.05689295039164481,2.3588391801340167,True,False,True,True,True,1,True,True,True,1.0,хай,4,1,,
ETHUSDT,W,2021-01-25,False,True,1,принятие выше,0.8843657668122933,0.4040758605015278,2.0747342334554104,False,False,True,True,True,1,False,False,False,0.0,хай,2,0,,
ETHUSDT,W,2021-02-01,True,False,-1,отказ сверху,0.39384328358208937,0.297164179104478,1.1859981413461962,False,False,True,True,True,2,True,True,True,1.0,хай,0,4,,
ETHUSDT,W,2021-02-08,True,True,1,принятие выше,0.6964933741080528,0.6099286442405706,2.050353848018827,False,False,True,True,True,2,True,True,True,0.0,хай,0,5,,
ETHUSDT,W,2021-02-15,True,True,2,принятие выше,0.7683786505538772,0.613845304226359,1.1231515231121179,False,False,True,True,True,2,False,False,True,3.0,хай,0,5,,
ETHUSDT,W,2021-02-22,False,True,3,принятие выше,0.7185972534719528,0.3452556443478937,1.3006491977530352,False,False,True,True,True,2,False,False,False,0.0,лой,6,0,,
ETHUSDT,W,2021-03-01,True,False,-1,принятие ниже,0.19592293697812196,0.7998009671751333,1.9566149961209054,False,False,True,False,True,3,True,True,True,,нет,0,6,,
ETHUSDT,W,2021-03-08,True,True,1,внутри,0.9753276792598303,0.9483114880493446,0.8467582932695448,True,False,True,False,True,3,True,True,True,0.0,хай,0,5,,
ETHUSDT,W,2021-03-15,False,True,2,принятие выше,0.6556168110546285,0.43545500107395974,0.7005022932961524,False,False,True,False,True,3,False,False,False,,нет,1,0,,
ETHUSDT,W,2021-03-22,False,False,-1,внутри,0.3959351399378053,0.3616170590848507,0.457401791202483,True,False,True,True,True,3,False,False,False,0.0,лой,2,0,,
ETHUSDT,W,2021-03-29,True,False,-2,принятие ниже,0.5546768173251043,0.35559333308695834,0.7395654823888901,False,False,True,False,True,3,True,True,True,0.0,хай,0,4,,
ETHUSDT,W,2021-04-05,True,True,1,принятие выше,0.8498130940937735,0.829926305671259,1.3200859472811564,False,False,True,True,True,4,True,True,False,1.0,хай,2,5,,
ETHUSDT,W,2021-04-12,True,True,2,принятие выше,0.8198451794510913,0.28023260120745325,0.7461337784508585,False,False,True,True,True,4,False,True,True,0.0,хай,6,4,,
ETHUSDT,W,2021-04-19,True,True,3,принятие выше,0.48020748474621344,0.14001895293354802,1.661340529372934,False,False,True,True,True,4,False,True,True,3.0,хай,1,3,,
ETHUSDT,W,2021-04-26,True,True,4,отказ сверху,0.4503876363512984,0.14392589953687163,1.579713252043414,False,False,True,True,True,4,True,True,True,1.0,хай,0,6,,
ETHUSDT,W,2021-05-03,True,True,5,принятие выше,0.9479863801808148,0.9233298109663024,1.6978226525862548,False,False,True,True,True,5,True,True,True,0.0,хай,0,6,,
ETHUSDT,W,2021-05-10,False,True,6,принятие выше,0.9422814768980884,0.9422718088037666,2.401046466550444,False,False,True,True,True,5,True,True,False,0.0,хай,6,2,,
ETHUSDT,W,2021-05-17,False,False,-1,отказ сверху,0.23215430336227483,0.33200279703979935,2.1912088613655962,False,False,True,True,True,5,False,False,False,0.0,лой,6,0,,
ETHUSDT,W,2021-05-24,True,False,-2,принятие ниже,0.1978399845021309,0.7993348831202377,3.4384933924943475,False,False,True,False,True,5,True,True,True,,нет,0,2,,
ETHUSDT,W,2021-05-31,True,True,1,внутри,0.3686962388261089,0.34858925860781137,1.1886119161903017,True,False,True,False,True,5,True,True,True,,нет,0,3,,
ETHUSDT,W,2021-06-07,False,True,2,внутри,0.7098676894812335,0.5255354466487245,0.8128859672335595,True,False,True,False,True,6,False,False,False,5.0,лой,5,0,,
ETHUSDT,W,2021-06-14,False,False,-1,отказ снизу,0.42803510730049205,0.3426005783572625,0.7407050182004028,False,False,True,True,True,6,True,True,False,4.0,лой,6,1,,
ETHUSDT,W,2021-06-21,False,False,-2,принятие ниже,0.33836681572448735,0.4436027497830878,0.7393061387623788,False,False,False,False,True,6,False,False,False,0.0,лой,1,0,,
ETHUSDT,W,2021-06-28,True,False,-3,принятие ниже,0.5035020011435106,0.4667131217838763,0.6634541865964898,False,False,False,False,False,6,True,True,True,2.0,хай,0,6,,
ETHUSDT,W,2021-07-05,False,True,1,принятие выше,0.8434130551221448,0.7927621620362828,0.5115653487474444,False,False,True,False,True,7,False,False,False,2.0,хай,4,2,,
ETHUSDT,W,2021-07-12,False,False,-1,отказ сверху,0.2591519766062507,0.5027449033076781,0.4402366777670095,False,False,False,False,False,7,False,False,False,0.0,лой,5,0,,
ETHUSDT,W,2021-07-19,True,False,-2,принятие ниже,0.14592739192281548,0.7696827262044652,0.408560335863936,False,False,False,False,False,7,False,False,True,0.0,лой,1,5,,
ETHUSDT,W,2021-07-26,True,True,1,принятие выше,0.9803242147922998,0.6041337386018234,0.6850208768267224,False,True,False,False,False,7,True,True,True,0.0,хай,1,6,,
ETHUSDT,W,2021-08-02,True,True,2,принятие выше,0.7406006104805248,0.668732064849847,0.8205008998200363,False,False,True,True,False,8,True,False,True,2.0,хай,1,6,,
ETHUSDT,W,2021-08-09,True,True,3,принятие выше,0.7617398049941819,0.6103628606203273,1.3957425995792248,False,False,True,True,False,8,True,True,True,1.0,хай,0,5,,
ETHUSDT,W,2021-08-16,False,True,4,принятие выше,0.9454254711593378,0.6744717304397487,0.8299522220536935,False,False,True,True,True,8,False,False,False,0.0,хай,2,0,,
ETHUSDT,W,2021-08-23,False,False,-1,отказ сверху,0.7480519480519481,0.1801298701298699,0.7561414396933013,False,False,True,True,True,8,True,False,False,0.0,хай,3,0,,
ETHUSDT,W,2021-08-30,True,False,-2,отказ сверху,0.5242613758895831,0.04476416402230572,0.6644204768991112,False,False,True,True,True,8,True,True,True,1.0,хай,0,4,,
ETHUSDT,W,2021-09-06,False,True,1,принятие выше,0.912315794231986,0.8213769098634844,1.919237926681676,False,False,True,True,True,9,False,False,False,1.0,лой,1,0,,
ETHUSDT,W,2021-09-13,False,False,-1,отказ снизу,0.4136891191709845,0.5658756476683939,1.9551114514828463,False,False,True,True,True,9,False,True,True,,нет,0,3,,
ETHUSDT,W,2021-09-20,False,False,-2,внутри,0.3876961552686732,0.133288715898484,1.0377474014734893,True,False,True,True,True,9,False,False,False,0.0,лой,1,0,,
ETHUSDT,W,2021-09-27,True,False,-3,принятие ниже,0.5854531344313182,0.3868816647983677,1.225753831031221,False,False,True,False,True,9,False,False,False,5.0,хай,2,6,,
ETHUSDT,W,2021-10-04,False,True,1,принятие выше,0.9004674220963174,0.5076062322946174,1.1671138398871899,False,False,True,True,True,10,False,True,True,1.0,хай,0,4,,
ETHUSDT,W,2021-10-11,True,False,-1,отказ сверху,0.33934117647058776,0.008258823529412278,0.6787391741101729,False,False,True,True,True,10,True,True,True,3.0,хай,0,5,,
ETHUSDT,W,2021-10-18,True,True,1,принятие выше,0.7930833333333331,0.7210500000000002,0.9772782799902271,False,False,True,True,True,10,False,True,True,2.0,хай,0,3,,
ETHUSDT,W,2021-10-25,True,True,2,принятие выше,0.5813018597997138,0.33666666666666656,1.16658850468054,False,False,True,True,True,10,True,True,False,4.0,хай,3,4,,
ETHUSDT,W,2021-11-01,True,True,3,отказ сверху,0.6961949850955634,0.35924951779765046,0.9120305513442978,False,False,True,True,True,11,True,True,True,1.0,хай,0,2,,
ETHUSDT,W,2021-11-08,True,True,4,принятие выше,0.8974536636064442,0.6257289681852316,0.806988714552418,False,False,True,True,True,11,True,True,True,0.0,хай,2,2,,
ETHUSDT,W,2021-11-15,False,True,5,отказ сверху,0.40527495259437984,0.03425517767872501,0.6121633681874641,False,False,True,True,True,11,False,False,False,1.0,лой,3,0,,
ETHUSDT,W,2021-11-22,True,False,-1,принятие ниже,0.3701337714727127,0.45145113233689266,1.3251496860046634,False,False,True,False,True,11,False,True,True,4.0,лой,4,4,,
ETHUSDT,W,2021-11-29,False,True,1,отказ снизу,0.5984012539184949,0.05498432601880866,1.0624267291910903,False,False,True,False,True,11,True,True,True,1.0,хай,5,2,,
ETHUSDT,W,2021-12-06,False,False,-1,обе сняты,0.5433113476122877,0.07711733473456424,2.0987666513588565,False,True,True,False,True,12,True,True,True,,нет,5,3,,
ETHUSDT,W,2021-12-13,False,False,-2,внутри,0.4573948892054929,0.1007002334111364,0.991467530633038,True,False,True,False,True,12,False,False,False,0.0,лой,2,0,,
ETHUSDT,W,2021-12-20,True,False,-3,отказ снизу,0.5619213658771188,0.4125285559697009,0.7551344055105956,False,False,True,False,True,12,True,True,True,3.0,хай,0,3,,
ETHUSDT,W,2021-12-27,False,True,1,отказ сверху,0.7822670025188916,0.3511838790931992,0.5940997069906231,False,False,True,False,True,12,False,False,False,2.0,лой,3,0,,
ETHUSDT,W,2022-01-03,False,False,-1,отказ снизу,0.4484570290897024,0.43376470154481467,0.837209733030012,False,False,False,False,True,1,False,False,False,2.0,лой,5,1,,
ETHUSDT,W,2022-01-10,True,False,-2,принятие ниже,0.16871870593851632,0.7506577997846194,1.424565543331794,False,False,False,False,False,1,False,True,True,0.0,лой,0,2,,
ETHUSDT,W,2022-01-17,False,True,1,отказ снизу,0.8662453377538339,0.4038748445917952,0.7253576061094769,False,False,False,False,False,1,False,False,False,4.0,лой,5,0,,
ETHUSDT,W,2022-01-24,True,False,-1,принятие ниже,0.22599922463761282,0.7639021530489704,1.5984311473179873,False,False,False,False,False,1,False,False,False,0.0,лой,0,2,,
ETHUSDT,W,2022-01-31,True,True,1,отказ снизу,0.7862877442273531,0.11133214920071019,0.7746498252566113,False,False,False,False,False,1,True,True,True,1.0,хай,0,6,,
ETHUSDT,W,2022-02-07,False,True,2,принятие выше,0.9673010409530649,0.757439556216478,0.8531295481402603,False,False,False,False,False,2,True,True,True,0.0,хай,6,3,,
ETHUSDT,W,2022-02-14,False,False,-1,отказ сверху,0.07703150170037652,0.4113790943261139,0.6407367268181636,False,False,False,True,False,2,True,True,True,0.0,лой,6,1,,
ETHUSDT,W,2022-02-21,False,False,-2,принятие ниже,0.07415469452909557,0.4017317273738694,1.0088310741898072,False,False,False,True,False,2,False,True,False,0.0,лой,3,5,,
ETHUSDT,W,2022-02-28,False,False,-3,отказ снизу,0.5480795847750864,0.008996539792387228,0.946296835963209,False,False,False,False,False,2,True,True,True,0.0,хай,6,2,,
ETHUSDT,W,2022-03-07,False,False,-4,отказ сверху,0.03200958912184859,0.12870645104242404,0.8225472765475995,False,False,False,False,False,3,False,True,True,0.0,лой,0,2,,
ETHUSDT,W,2022-03-14,True,False,-5,принятие ниже,0.2135408795526677,0.10775275804745384,0.5252496066779807,False,False,False,False,False,3,True,True,True,2.0,хай,0,5,,
ETHUSDT,W,2022-03-21,True,True,1,принятие выше,0.7416927386867886,0.706950493834735,0.8033610960524368,False,False,False,True,False,3,True,True,True,1.0,хай,0,6,,
ETHUSDT,W,2022-03-28,True,True,2,принятие выше,0.9920776897521087,0.9248232387767277,0.8273310310804144,False,False,False,True,False,3,True,True,True,0.0,хай,4,6,,
ETHUSDT,W,2022-04-04,False,True,3,принятие выше,0.8419358329275544,0.6120759616945289,0.6528142748156317,False,False,True,True,True,4,False,False,False,2.0,лой,3,1,,
ETHUSDT,W,2022-04-11,False,False,-1,принятие ниже,0.14541702075998517,0.7742139128323423,0.8278974400209058,False,False,False,True,False,4,False,False,False,0.0,лой,0,0,,
ETHUSDT,W,2022-04-18,False,False,-2,принятие ниже,0.1443690020103931,0.815461062853241,0.5465533326422725,False,False,False,False,True,4,True,True,True,0.0,лой,0,3,,
ETHUSDT,W,2022-04-25,False,False,-3,принятие ниже,0.12729968326706712,0.22599231754161372,0.6611802238539962,False,False,False,False,True,4,True,False,False,0.0,лой,5,1,,
ETHUSDT,W,2022-05-02,False,False,-4,принятие ниже,0.34985466876589505,0.29120746033668377,0.7612839579021121,False,False,False,False,False,5,True,False,True,3.0,лой,6,2,,
ETHUSDT,W,2022-05-09,False,False,-5,принятие ниже,0.07411020026979359,0.6331846010169139,1.1901791999604796,False,False,False,False,False,5,False,False,False,0.0,лой,3,0,,
ETHUSDT,W,2022-05-16,False,False,-6,принятие ниже,0.47249514217685196,0.5123566600071157,1.8489525351685059,False,False,False,False,False,5,False,False,False,,нет,3,0,,
ETHUSDT,W,2022-05-23,False,False,-7,внутри,0.5782908595266616,0.42170914047333835,0.5800056057705896,True,False,False,False,False,5,False,False,False,3.0,лой,4,0,,
ETHUSDT,W,2022-05-30,False,False,-8,принятие ниже,0.28700389105058394,0.5954604409857327,0.9435740283390405,False,False,False,False,False,5,True,True,True,,нет,4,1,,
ETHUSDT,W,2022-06-06,False,False,-9,внутри,0.2477366255144033,0.026516371443907963,0.7017830236062281,True,False,False,False,False,6,True,True,False,1.0,лой,6,0,,
ETHUSDT,W,2022-06-13,False,False,-10,принятие ниже,0.023822937625754364,0.7472434607645877,1.3106920295683682,False,False,False,False,False,6,False,False,False,0.0,лой,5,0,,
ETHUSDT,W,2022-06-20,True,False,-11,принятие ниже,0.43068150111607145,0.5341622488839284,1.4631445462501567,False,False,False,False,False,6,False,False,False,,нет,2,6,,
ETHUSDT,W,2022-06-27,False,True,1,внутри,0.6521683943304418,0.29303998307594675,0.5791728133071292,True,False,False,False,False,6,False,False,False,3.0,лой,3,0,,
ETHUSDT,W,2022-07-04,True,False,-1,отказ снизу,0.31652347154775234,0.5127215373760011,0.5943693660356135,False,False,False,False,False,7,True,True,True,3.0,хай,0,4,,
ETHUSDT,W,2022-07-11,True,True,1,отказ сверху,0.5322168851962435,0.40720065775239017,0.5780588289737327,False,False,False,True,False,7,False,False,False,1.0,лой,2,5,,
ETHUSDT,W,2022-07-18,True,True,2,принятие выше,0.7977387839362443,0.40874720948654597,1.0685904835193023,False,True,False,True,False,7,True,True,True,0.0,хай,0,6,,
ETHUSDT,W,2022-07-25,True,True,3,принятие выше,0.7969963749352671,0.789136990891644,0.8563773726664647,False,False,False,True,False,7,False,False,True,3.0,хай,1,3,,
ETHUSDT,W,2022-08-01,True,True,4,принятие выше,0.7511315384256448,0.1876254024543882,1.2493550935223696,False,False,False,True,False,8,False,False,False,,нет,1,5,,
ETHUSDT,W,2022-08-08,True,True,5,внутри,0.7391030684500394,0.11576186729609311,0.5270593048843871,True,False,False,True,False,8,True,True,True,0.0,хай,2,6,,
ETHUSDT,W,2022-08-15,False,True,6,принятие выше,0.7462890520336529,0.6299501634424733,1.090524458054167,False,False,False,True,False,8,False,False,False,4.0,лой,5,0,,
ETHUSDT,W,2022-08-22,False,False,-1,принятие ниже,0.19324877250409175,0.6489157119476265,1.390152894066254,False,False,False,False,False,8,True,True,True,4.0,лой,6,3,,
ETHUSDT,W,2022-08-29,True,False,-2,принятие ниже,0.009261744966442923,0.6421812080536917,0.8494965735071093,False,False,False,False,False,8,True,True,True,0.0,лой,0,4,,
ETHUSDT,W,2022-09-05,True,True,1,отказ снизу,0.6897156897156898,0.6691821691821689,0.7050845779763157,False,False,False,False,True,9,True,False,True,1.0,хай,2,5,,
ETHUSDT,W,2022-09-12,False,True,2,принятие выше,0.923275457531675,0.6261982972447543,0.9253463768070989,False,False,True,True,True,9,False,False,False,3.0,лой,6,0,,
ETHUSDT,W,2022-09-19,False,False,-1,принятие ниже,0.01958684009181339,0.9435129522352167,1.3940271217431055,False,False,False,False,True,9,True,False,False,0.0,лой,2,2,,
ETHUSDT,W,2022-09-26,False,False,-2,принятие ниже,0.3950767601905774,0.21111699311805115,0.5385049574384386,False,False,False,False,True,9,True,True,True,,нет,2,1,,
ETHUSDT,W,2022-10-03,True,False,-3,внутри,0.16021798365122608,0.12193460490463126,0.4475377800540825,True,False,False,False,True,10,True,True,True,,нет,0,3,,
ETHUSDT,W,2022-10-10,False,True,1,внутри,0.4968168664737505,0.38371227780074463,0.39032497498951185,True,False,False,False,False,10,False,False,False,3.0,лой,3,4,,
ETHUSDT,W,2022-10-17,True,False,-1,отказ снизу,0.7572492163009413,0.11219958202716873,0.5486146691364834,False,False,False,True,False,10,True,True,False,6.0,хай,4,6,,
ETHUSDT,W,2022-10-24,True,True,1,принятие выше,0.9381833473507156,0.4898233809924313,0.4318140548392949,False,False,False,True,False,10,False,True,True,1.0,хай,0,5,,
ETHUSDT,W,2022-10-31,False,True,2,принятие выше,0.7857121779928593,0.6676207618991415,1.3560047695644168,False,False,True,True,False,10,False,False,False,4.0,хай,2,4,,
ETHUSDT,W,2022-11-07,False,False,-1,отказ сверху,0.37128545700135074,0.12471859522737547,0.756320048355447,False,False,True,True,False,11,False,False,False,1.0,лой,2,0,,
ETHUSDT,W,2022-11-14,False,False,-2,принятие ниже,0.2768142784980637,0.6487437091915961,2.3980349491913233,False,False,False,False,False,11,True,True,False,,нет,6,0,,
ETHUSDT,W,2022-11-21,True,False,-3,внутри,0.06029643645537652,0.5000946073793755,0.6253105847275134,True,False,False,False,False,11,False,False,True,0.0,лой,1,5,,
ETHUSDT,W,2022-11-28,True,True,1,отказ снизу,0.7399477156728498,0.32161085522220867,0.6706041949285196,False,False,False,False,False,11,False,True,True,2.0,хай,0,2,,
ETHUSDT,W,2022-12-05,False,True,2,принятие выше,0.8087559055118116,0.5387716535433069,0.7563269428669436,False,False,False,True,False,12,False,False,False,,нет,2,0,,
ETHUSDT,W,2022-12-12,False,False,-1,внутри,0.5166475315729052,0.1881745120551104,0.42101497962596823,True,False,False,True,False,12,True,True,True,1.0,хай,4,2,,
ETHUSDT,W,2022-12-19,True,False,-2,принятие ниже,0.14052684903748733,0.4049645390070923,0.9825246004449737,False,True,False,False,False,12,False,True,True,0.0,лой,0,3,,
ETHUSDT,W,2022-12-26,False,True,1,отказ снизу,0.77732053040695,0.4052354823959767,0.41945568576305664,False,False,False,False,False,12,True,False,False,,нет,2,1,,
ETHUSDT,W,2023-01-02,True,False,-1,внутри,0.36605278146952624,0.3451680273400425,0.2607529011049946,True,False,False,False,False,1,True,True,True,2.0,хай,0,6,,
ETHUSDT,W,2023-01-09,True,True,1,принятие выше,0.9433009708737872,0.8721359223300986,0.5272074894174613,False,False,False,True,False,1,True,True,True,0.0,хай,0,5,,
ETHUSDT,W,2023-01-16,True,True,2,принятие выше,0.8491129903986773,0.8341387422903285,1.8310629875422046,False,False,True,True,True,1,True,True,False,0.0,хай,2,5,,
ETHUSDT,W,2023-01-23,True,True,3,принятие выше,0.708663630741553,0.4212064991285777,0.9590437061240329,False,False,True,True,True,1,False,False,False,,нет,2,6,,
ETHUSDT,W,2023-01-30,False,True,4,внутри,0.8923943661971833,0.12176056338028143,0.9479179183188476,True,False,True,True,True,1,False,False,False,3.0,хай,0,3,,
ETHUSDT,W,2023-02-06,False,False,-1,отказ сверху,0.5232635796972392,0.08743321460374015,1.2128493995828473,False,False,True,True,True,2,False,True,True,3.0,лой,4,2,,
ETHUSDT,W,2023-02-13,True,False,-2,принятие ниже,0.11942667500360693,0.5491799336251263,1.3856140327493023,False,False,True,False,True,2,False,True,True,0.0,лой,0,3,,
ETHUSDT,W,2023-02-20,False,True,1,обе сняты,0.7750498149729574,0.5868559635639058,1.8135708063111022,False,True,True,True,True,2,True,False,False,,нет,5,0,,
ETHUSDT,W,2023-02-27,False,False,-1,внутри,0.5169168307086607,0.2360974409448823,0.9323292746574605,True,False,True,True,True,2,False,False,True,4.0,лой,4,3,,
ETHUSDT,W,2023-03-06,True,False,-2,отказ снизу,0.15126994830298837,0.5753352813366306,0.7810972933430858,False,False,True,True,True,3,True,False,False,1.0,лой,4,6,,
ETHUSDT,W,2023-03-13,True,True,1,отказ снизу,0.9386182462356062,0.06979627989371122,1.2868003236946783,False,False,True,False,True,3,True,True,True,0.0,хай,0,6,,
ETHUSDT,W,2023-03-20,False,True,2,принятие выше,0.7804313214647566,0.724960196844696,1.433499146726698,False,False,True,True,True,3,False,True,False,3.0,хай,2,3,,
ETHUSDT,W,2023-03-27,True,False,-1,отказ сверху,0.4336235038084884,0.04617791077257858,0.6997806046934425,False,False,True,True,True,3,False,False,True,0.0,лой,0,4,,
ETHUSDT,W,2023-04-03,True,True,1,отказ снизу,0.6725411107663666,0.1280173751163506,0.8333634995578487,False,False,True,True,True,4,True,True,True,1.0,хай,0,2,,
ETHUSDT,W,2023-04-10,True,True,2,принятие выше,0.5335441984351594,0.3574163475944735,0.9400576940130727,False,False,True,True,True,4,True,True,True,3.0,хай,0,6,,
ETHUSDT,W,2023-04-17,False,True,3,принятие выше,0.9225113505455041,0.8801246865894156,1.5094976524380883,False,False,True,True,True,4,False,False,False,4.0,лой,4,1,,
ETHUSDT,W,2023-04-24,True,False,-1,отказ снизу,0.12333333333333334,0.8555333333333328,1.448799428207159,False,False,True,True,True,4,False,True,True,0.0,лой,2,2,,
ETHUSDT,W,2023-05-01,True,True,1,отказ снизу,0.47345871355441743,0.044958824838637466,0.8309713931670962,False,False,True,True,True,5,False,False,True,4.0,хай,0,5,,
ETHUSDT,W,2023-05-08,False,True,2,отказ сверху,0.301954152574221,0.0015031942878624743,1.0326711780542828,False,False,True,False,True,5,False,False,False,2.0,лой,4,2,,
ETHUSDT,W,2023-05-15,True,False,-1,принятие ниже,0.40150539092696835,0.4828100630636742,0.6983241546191112,False,False,True,False,True,5,True,True,True,,нет,3,0,,
ETHUSDT,W,2023-05-22,True,True,1,внутри,0.44707594601746653,0.07554908706006913,0.35554175663406745,True,False,True,False,True,5,True,True,False,1.0,хай,3,6,,
ETHUSDT,W,2023-05-29,False,True,2,принятие выше,0.9363393538539813,0.659692190282371,0.7959302472729114,False,True,True,True,True,5,False,False,False,0.0,хай,3,0,,
ETHUSDT,W,2023-06-05,False,False,-1,отказ сверху,0.5707601004336915,0.212622688883818,0.4719811681560839,False,False,True,True,True,6,False,False,False,0.0,лой,5,1,,
ETHUSDT,W,2023-06-12,False,False,-2,принятие ниже,0.20588235294117657,0.7488813707301103,1.019805120728321,False,False,False,False,False,6,False,False,False,2.0,лой,3,1,,
ETHUSDT,W,2023-06-19,True,False,-3,отказ снизу,0.6587565917291145,0.22078823202886422,0.7922511983816357,False,False,False,False,False,6,True,True,True,1.0,хай,0,4,,
ETHUSDT,W,2023-06-26,True,True,1,принятие выше,0.8422112238906128,0.7459525207616805,1.3371620219513976,False,False,True,True,True,6,False,False,False,4.0,хай,2,6,,
ETHUSDT,W,2023-07-03,False,True,2,принятие выше,0.8477285473920358,0.2711721817162089,0.8262710637139337,False,False,True,True,True,7,True,False,False,0.0,хай,4,0,,
ETHUSDT,W,2023-07-10,True,False,-1,отказ сверху,0.24507192328183228,0.4974027703782633,0.9570732018228755,False,False,True,True,False,7,True,True,True,3.0,хай,0,4,,
ETHUSDT,W,2023-07-17,False,True,1,отказ сверху,0.41363437088995986,0.3249671196843491,1.1854046083188778,False,False,True,True,True,7,False,False,False,,нет,5,0,,
ETHUSDT,W,2023-07-24,False,False,-1,внутри,0.4417647058823524,0.3928235294117632,0.5632906778706286,True,False,True,False,True,7,False,False,False,0.0,лой,0,0,,
ETHUSDT,W,2023-07-31,False,False,-2,отказ снизу,0.49592509103520005,0.46731402809086386,0.3986809722644681,False,False,True,False,False,7,False,True,False,1.0,лой,1,2,,
ETHUSDT,W,2023-08-07,True,False,-3,принятие ниже,0.24992417349105253,0.47785865938732125,0.4615675376764832,False,False,False,False,True,8,False,True,True,0.0,лой,0,1,,
ETHUSDT,W,2023-08-14,False,True,1,отказ снизу,0.519796000536841,0.14024963092202453,0.557163260575334,False,False,False,False,True,8,True,False,False,2.0,лой,3,0,,
ETHUSDT,W,2023-08-21,False,False,-1,принятие ниже,0.4412398042414356,0.5073083197389886,2.314605044555203,False,False,False,False,False,8,False,False,False,,нет,1,2,,
ETHUSDT,W,2023-08-28,False,False,-2,внутри,0.6414708050118745,0.22029317828187792,0.8436273697009886,True,False,False,False,False,8,False,True,True,1.0,хай,4,1,,
ETHUSDT,W,2023-09-04,False,False,-3,отказ сверху,0.2335028917845446,0.15671381785241453,1.00678391783532,False,False,False,False,False,9,False,False,False,6.0,лой,6,2,,
ETHUSDT,W,2023-09-11,True,False,-4,отказ снизу,0.2488571428571439,0.26314285714285496,0.526110092294742,False,False,False,False,False,9,False,False,False,0.0,лой,0,4,,
ETHUSDT,W,2023-09-18,False,True,1,отказ снизу,0.7432355570000818,0.04111481270821442,0.9783922154736538,False,False,False,False,False,9,True,True,False,0.0,хай,3,0,,
ETHUSDT,W,2023-09-25,True,False,-1,отказ сверху,0.12719944952324833,0.4105966774796026,0.8265423020986525,False,False,False,False,False,9,True,True,True,0.0,лой,0,6,,
ETHUSDT,W,2023-10-02,False,True,1,принятие выше,0.9084525772647479,0.8142986329060052,1.6346387951723422,False,True,False,True,False,10,False,False,False,,нет,3,0,,
ETHUSDT,W,2023-10-09,False,False,-1,внутри,0.19020907700152911,0.7354848109565094,1.095504497099032,True,False,False,True,False,10,False,False,False,0.0,лой,3,0,,
ETHUSDT,W,2023-10-16,True,False,-2,принятие ниже,0.31973913043478247,0.6528695652173907,0.8629552088726805,False,False,False,False,False,10,True,True,True,0.0,хай,3,6,,
ETHUSDT,W,2023-10-23,True,True,1,принятие выше,0.9675093113558927,0.8393692051668121,0.9133018260246515,False,False,False,False,False,10,True,True,True,0.0,хай,0,3,,
ETHUSDT,W,2023-10-30,True,True,2,принятие выше,0.662301530196192,0.6305463615867992,1.4544046547646459,False,False,True,True,False,10,True,True,True,3.0,хай,4,6,,
ETHUSDT,W,2023-11-06,True,True,3,принятие выше,0.8453821186190617,0.7123782826792551,1.0151721658903363,False,False,True,True,True,11,True,False,False,0.0,хай,1,4,,
ETHUSDT,W,2023-11-13,False,True,4,принятие выше,0.6779921163707406,0.533610074301462,2.125386457491528,False,False,True,True,True,11,True,False,True,,нет,4,0,,
ETHUSDT,W,2023-11-20,True,False,-1,внутри,0.5021962616822431,0.15523364485981322,1.4343644224002146,True,False,True,True,True,11,True,False,True,4.0,хай,2,4,,
ETHUSDT,W,2023-11-27,True,True,1,отказ сверху,0.6545134646400464,0.2485704511020963,1.250710596289617,False,False,True,True,True,11,False,False,False,5.0,хай,0,6,,
ETHUSDT,W,2023-12-04,True,True,2,принятие выше,0.8949414661540448,0.5642144369087203,1.3478389976069731,False,False,True,True,True,12,True,True,True,0.0,хай,1,5,,
ETHUSDT,W,2023-12-11,False,True,3,принятие выше,0.7642427912610048,0.7426748031862849,1.162105832994993,False,False,True,True,True,12,False,False,False,0.0,лой,2,0,,
ETHUSDT,W,2023-12-18,True,False,-1,отказ снизу,0.24776912853616792,0.7398424150370231,1.1242682490808078,False,False,True,True,True,12,True,False,True,0.0,лой,0,4,,
ETHUSDT,W,2023-12-25,True,True,1,отказ снизу,0.6508497020525277,0.2980357536967554,1.1633818439512371,False,False,True,True,True,12,True,False,True,2.0,хай,1,3,,
ETHUSDT,W,2024-01-01,False,True,2,отказ сверху,0.3868337385449782,0.06669160276790688,1.2985152193657763,False,False,True,False,True,1,True,True,False,2.0,лой,2,1,,
ETHUSDT,W,2024-01-08,True,False,-1,отказ снизу,0.3664956233021431,0.18246302444913912,1.5058748664803079,False,False,True,True,True,1,True,True,True,2.0,хай,0,4,,
ETHUSDT,W,2024-01-15,False,True,1,принятие выше,0.5563037717355788,0.4564017860384067,2.371797079487532,False,False,True,True,True,1,True,True,True,,нет,4,1,,
ETHUSDT,W,2024-01-22,False,False,-1,внутри,0.21005872609546936,0.07940571199116452,0.7275788274305579,True,False,True,True,True,1,False,False,False,0.0,лой,1,0,,
ETHUSDT,W,2024-01-29,True,False,-2,принятие ниже,0.2980572425594739,0.6716102405798074,1.1242936148059834,False,False,True,True,True,1,True,True,True,,нет,0,1,,
ETHUSDT,W,2024-02-05,True,True,1,внутри,0.35396383866481124,0.2079276773296239,0.5783863831654381,True,False,True,False,True,2,True,True,True,1.0,хай,0,6,,
ETHUSDT,W,2024-02-12,True,True,2,принятие выше,0.8801567351766965,0.8037113706934795,1.0062415842762662,False,False,True,True,True,2,True,True,True,0.0,хай,0,6,,
ETHUSDT,W,2024-02-19,True,True,3,принятие выше,0.9673758865248223,0.884113475177305,1.550899191552549,False,False,True,True,True,2,True,True,True,0.0,хай,0,6,,
ETHUSDT,W,2024-02-26,True,True,4,принятие выше,0.964499943411175,0.8729392236013136,0.9028946310690861,False,False,True,True,True,2,True,True,True,0.0,хай,0,3,,
ETHUSDT,W,2024-03-04,True,True,5,принятие выше,0.9280161243881371,0.7716877133807746,1.6260613945026527,False,False,True,True,True,3,True,True,True,0.0,хай,1,4,,
ETHUSDT,W,2024-03-11,False,True,6,принятие выше,0.8547653543307084,0.49218267716535385,2.4424279349137183,False,False,True,True,True,3,True,True,True,0.0,хай,6,1,,
ETHUSDT,W,2024-03-18,False,False,-1,отказ сверху,0.34125703894885034,0.34279680900985415,1.8058174268584628,False,False,True,True,True,3,False,False,False,1.0,лой,2,0,,
ETHUSDT,W,2024-03-25,True,False,-2,отказ снизу,0.6770553648506271,0.32240084287802023,1.4259267336425274,False,False,True,False,True,3,True,True,True,0.0,хай,0,1,,
ETHUSDT,W,2024-04-01,False,True,1,принятие выше,0.870255855298755,0.735487361830409,0.621316978757943,False,False,True,False,True,4,False,False,False,0.0,лой,2,0,,
ETHUSDT,W,2024-04-08,False,False,-1,отказ снизу,0.5673120317718204,0.43119866413936325,1.0491750495396421,False,False,True,False,True,4,True,True,True,0.0,хай,5,0,,
ETHUSDT,W,2024-04-15,False,False,-2,принятие ниже,0.3449488454666501,0.34037395727828257,2.011229062810424,False,True,True,False,True,4,False,False,False,,нет,4,0,,
ETHUSDT,W,2024-04-22,True,False,-3,внутри,0.6845421280926653,0.018028933530423955,0.8108182452279672,True,False,True,False,True,4,True,True,False,2.0,хай,5,6,,
ETHUSDT,W,2024-04-29,False,True,1,отказ сверху,0.6767701094061784,0.3983692286520328,0.5555746698014035,False,False,True,False,True,4,False,False,False,1.0,лой,2,0,,
ETHUSDT,W,2024-05-06,False,False,-1,отказ снизу,0.679668049792531,0.270305351633153,0.9215862382730378,False,False,True,False,True,5,False,False,False,,нет,4,0,,
ETHUSDT,W,2024-05-13,True,False,-2,внутри,0.14928502781256306,0.6031685936453394,0.6473500444927074,True,False,False,False,True,5,True,False,True,0.0,лой,1,5,,
ETHUSDT,W,2024-05-20,True,True,1,отказ снизу,0.7340515123868343,0.49789458909397105,0.5521380868331981,False,False,True,False,False,5,True,True,True,0.0,хай,0,3,,
ETHUSDT,W,2024-05-27,False,True,2,принятие выше,0.8637785319757767,0.837681062975533,1.9378758634919675,False,False,True,True,True,5,True,True,False,0.0,хай,3,0,,
ETHUSDT,W,2024-06-03,False,False,-1,отказ сверху,0.28543837912688547,0.16602288462939996,0.5632224484434522,False,False,True,True,False,6,False,True,True,4.0,лой,4,2,,
ETHUSDT,W,2024-06-10,False,False,-2,отказ снизу,0.3701255783212167,0.2592270497791075,0.6306545451354453,False,False,True,True,True,6,False,False,False,1.0,лой,4,0,,
ETHUSDT,W,2024-06-17,False,False,-3,отказ снизу,0.745994707037363,0.2333172078199262,0.7660981772439995,False,False,True,False,True,6,False,False,False,1.0,лой,1,0,,
ETHUSDT,W,2024-06-24,True,False,-4,отказ снизу,0.2325934290856473,0.7181423580477824,0.6303751062229991,False,False,True,False,False,6,False,False,False,0.0,лой,0,4,,
ETHUSDT,W,2024-07-01,False,True,1,отказ снизу,0.8,0.06964069438837309,0.6351412336663312,False,False,True,False,False,7,True,False,False,0.0,хай,4,0,,
ETHUSDT,W,2024-07-08,True,False,-1,принятие ниже,0.16924497160600888,0.7093742132206896,1.9141889449657965,False,True,False,False,False,7,True,True,True,,нет,0,6,,
ETHUSDT,W,2024-07-15,True,True,1,внутри,0.9469860064585578,0.7043640114818811,1.0721215224933454,True,False,False,False,True,7,True,True,True,0.0,хай,0,6,,
ETHUSDT,W,2024-07-22,False,True,2,принятие выше,0.9646886353496082,0.9265090190579389,0.758802476301026,False,False,True,True,True,7,False,False,False,0.0,хай,3,0,,
ETHUSDT,W,2024-07-29,False,False,-1,обе сняты,0.3842496160239005,0.5591743987881083,1.1576598848892128,False,True,False,True,True,7,True,True,False,3.0,лой,6,0,,
ETHUSDT,W,2024-08-05,False,False,-2,принятие ниже,0.0768418169724951,0.758036960235794,1.7848796066965869,False,False,False,False,False,8,False,False,False,0.0,лой,0,3,,
ETHUSDT,W,2024-08-12,True,False,-3,принятие ниже,0.7248083510030993,0.2177948132441686,1.4734190965304597,False,False,False,False,False,8,True,True,True,0.0,хай,0,2,,
ETHUSDT,W,2024-08-19,True,True,1,отказ сверху,0.37821818855343575,0.2102982033709947,0.5999222179009942,False,False,False,False,False,8,True,False,True,4.0,хай,2,5,,
ETHUSDT,W,2024-08-26,False,True,2,отказ сверху,0.7396927197124539,0.4721262950172666,0.6331223520435147,False,False,False,True,False,8,False,False,False,1.0,лой,1,0,,
ETHUSDT,W,2024-09-02,False,False,-1,принятие ниже,0.0887708649468886,0.8681985692607851,0.8359534272640782,False,False,False,False,False,9,True,False,True,2.0,лой,4,0,,
ETHUSDT,W,2024-09-09,True,False,-2,принятие ниже,0.35422902384860505,0.30995944771652006,0.9205669882029296,False,False,False,False,False,9,True,True,True,,нет,0,4,,
ETHUSDT,W,2024-09-16,True,True,1,внутри,0.2254973440266625,0.09790646807624065,0.4114552642574756,True,False,False,False,False,9,False,True,True,0.0,лой,0,6,,
ETHUSDT,W,2024-09-23,True,True,2,принятие выше,0.8643537271818609,0.6968015150718072,0.9174382771909766,False,True,False,True,False,9,True,True,False,0.0,хай,0,4,,
ETHUSDT,W,2024-09-30,False,True,3,принятие выше,0.6246628946116018,0.4052138966738938,0.4637106167196725,False,False,False,True,False,9,False,False,False,1.0,лой,3,0,,
ETHUSDT,W,2024-10-07,True,False,-1,принятие ниже,0.3678359264497884,0.6155304101838747,0.8941399057042838,False,False,False,True,False,10,False,True,False,,нет,3,0,,
ETHUSDT,W,2024-10-14,True,True,1,внутри,0.7263318272564878,0.15178102343175293,0.496746900225225,True,False,False,False,False,10,True,True,True,0.0,хай,0,6,,
ETHUSDT,W,2024-10-21,False,True,2,принятие выше,0.9616932289851394,0.8808022559487965,0.9695266181304337,False,False,False,True,False,10,False,False,False,0.0,хай,4,0,,
ETHUSDT,W,2024-10-28,False,False,-1,обе сняты,0.3236320401147615,0.6180309648737361,1.3080285751958367,False,True,False,True,False,10,True,True,True,,нет,6,2,,
ETHUSDT,W,2024-11-04,True,False,-2,внутри,0.1501124317378734,0.16084163186636727,1.0124400357752668,True,False,False,False,False,11,False,False,True,0.0,лой,0,6,,
ETHUSDT,W,2024-11-11,False,True,1,принятие выше,0.9266945775762406,0.8142951747050836,2.871864795778574,False,True,True,True,True,11,True,True,True,0.0,хай,4,1,,
ETHUSDT,W,2024-11-18,True,False,-1,отказ сверху,0.14369158878504673,0.25046728971962573,1.1809633128780184,False,False,True,True,True,11,True,True,False,5.0,хай,2,5,,
ETHUSDT,W,2024-11-25,True,True,1,отказ сверху,0.7088015381328769,0.6092928861354407,1.2867384300746596,False,False,True,True,True,11,True,False,True,0.0,хай,1,6,,
ETHUSDT,W,2024-12-02,True,True,2,принятие выше,0.9207962813257882,0.7000808407437348,1.2641927868450369,False,False,True,True,True,12,False,False,True,0.0,хай,1,4,,
ETHUSDT,W,2024-12-09,False,True,3,принятие выше,0.8577918431933031,0.5045514096608986,1.458901151274146,False,False,True,True,True,12,False,False,False,,нет,0,0,,
ETHUSDT,W,2024-12-16,False,False,-1,внутри,0.9053040207574875,0.09063298268197989,1.1229897000361402,True,False,True,True,True,12,True,False,False,0.0,хай,4,0,,
ETHUSDT,W,2024-12-23,True,False,-2,принятие ниже,0.1788746396262052,0.6732876031414655,2.2006751449942787,False,True,True,False,True,12,True,True,True,,нет,0,2,,
ETHUSDT,W,2024-12-30,True,True,1,внутри,0.421505831168047,0.22554232884162212,0.614470066444751,True,False,True,False,True,12,True,False,True,4.0,хай,0,6,,
ETHUSDT,W,2025-01-06,False,True,2,принятие выше,0.8939635381498982,0.7549223497636726,0.6854196749231737,False,False,True,False,True,1,True,False,False,0.0,хай,3,0,,
ETHUSDT,W,2025-01-13,False,False,-1,принятие ниже,0.18625496310686263,0.628290987168345,1.089716925773793,False,True,True,False,True,1,False,False,True,0.0,лой,0,4,,
ETHUSDT,W,2025-01-20,True,False,-2,отказ снизу,0.4872218186620881,0.08614541372251255,1.0700462311131678,False,False,True,False,True,1,True,True,True,,нет,0,0,,
ETHUSDT,W,2025-01-27,False,True,1,внутри,0.28892605577176667,0.055996912289731166,0.5783855581269018,True,False,True,False,True,1,False,False,False,0.0,лой,6,4,,
ETHUSDT,W,2025-02-03,False,False,-1,принятие ниже,0.17327410428196885,0.5285901543839213,1.305722854333741,False,False,False,False,False,2,True,False,False,0.0,лой,0,0,,
ETHUSDT,W,2025-02-10,True,False,-2,принятие ниже,0.6308747597331622,0.3046520684933229,1.453361305412378,False,False,False,False,False,2,True,False,True,,нет,2,2,,
ETHUSDT,W,2025-02-17,True,True,1,внутри,0.46066873214501225,0.13772985152697884,0.43012557804668633,True,False,False,False,False,2,True,True,True,0.0,хай,1,6,,
ETHUSDT,W,2025-02-24,False,True,2,принятие выше,0.8505359269551406,0.6283445811830097,0.46314682434618915,False,False,False,False,False,2,False,False,False,0.0,лой,4,0,,
ETHUSDT,W,2025-03-03,False,False,-1,принятие ниже,0.5785724574107297,0.39491154787937494,1.4704415618423405,False,False,False,False,False,3,False,False,False,1.0,лой,6,0,,
ETHUSDT,W,2025-03-10,False,False,-2,принятие ниже,0.05759505525379286,0.9322157707435849,1.0782808902532617,False,False,False,False,False,3,False,False,False,0.0,лой,1,0,,
ETHUSDT,W,2025-03-17,True,False,-3,принятие ниже,0.3333668240731437,0.3351502059680499,0.7724006270468273,False,False,False,False,False,3,True,True,True,,нет,1,2,,
ETHUSDT,W,2025-03-24,False,True,1,внутри,0.676552457108153,0.6021559795536208,0.3812866760963998,True,False,False,False,False,3,True,True,True,0.0,хай,6,0,,
ETHUSDT,W,2025-03-31,False,False,-1,принятие ниже,0.11904761904761889,0.5892931454729207,0.7019059243263547,False,True,False,False,False,3,True,True,False,3.0,лой,6,2,,
ETHUSDT,W,2025-04-07,True,False,-2,принятие ниже,0.10312276519666268,0.5410727056019071,0.9273484907099356,False,False,False,False,False,4,False,False,True,0.0,лой,2,2,,
ETHUSDT,W,2025-04-14,False,True,1,отказ снизу,0.6998190491857214,0.055897351538081945,0.6561620296012297,False,False,False,False,False,4,True,False,False,0.0,хай,2,0,,
ETHUSDT,W,2025-04-21,True,False,-1,отказ сверху,0.3212539920484908,0.06778335397249617,0.36104659508329057,False,False,False,False,False,4,False,True,True,,обе в один день,1,6,,
ETHUSDT,W,2025-04-28,True,True,1,принятие выше,0.793323131694825,0.6368633084538273,0.887738665883012,False,True,False,True,False,4,True,True,True,3.0,хай,2,3,,
ETHUSDT,W,2025-05-05,True,True,2,отказ сверху,0.5454159892556715,0.12419594260267147,0.38456415428234364,False,False,False,True,False,5,True,True,True,3.0,хай,1,6,,
ETHUSDT,W,2025-05-12,False,True,3,принятие выше,0.8907175312160537,0.824302383983741,2.399279204546729,False,False,True,True,False,5,False,True,True,0.0,хай,6,1,,
ETHUSDT,W,2025-05-19,True,False,-1,отказ сверху,0.42035685906234244,0.0404536588889685,1.1344489608601585,False,False,True,True,False,5,True,True,True,,нет,0,4,,
ETHUSDT,W,2025-05-26,False,True,1,внутри,0.5256965141894512,0.1384994168718404,1.0893224659877865,True,False,True,True,True,5,True,True,True,3.0,хай,6,3,,
ETHUSDT,W,2025-06-02,False,False,-1,отказ сверху,0.2211682945154022,0.03759704482844904,0.9049701969494368,False,False,True,True,True,6,True,True,True,3.0,лой,4,2,,
ETHUSDT,W,2025-06-09,True,False,-2,отказ снизу,0.4301082475954288,0.09842823150909835,0.8171285076224989,False,False,True,True,True,6,True,True,True,0.0,хай,4,2,,
ETHUSDT,W,2025-06-16,False,True,1,отказ сверху,0.25015828509406696,0.08540611432706223,1.2238008002966514,False,False,True,False,True,6,False,False,False,4.0,лой,6,0,,
ETHUSDT,W,2025-06-23,True,False,-1,принятие ниже,0.2037294397044593,0.5627935614390006,1.5632218677813228,False,False,True,False,True,6,True,True,True,,нет,0,6,,
ETHUSDT,W,2025-06-30,True,True,1,внутри,0.9260830860534129,0.8082789317507428,0.8639032018252197,True,False,True,False,True,6,False,False,True,2.0,хай,2,3,,
ETHUSDT,W,2025-07-07,True,True,2,принятие выше,0.7518095238095235,0.267657142857142,0.6426782422199208,False,False,True,True,True,7,False,True,True,2.0,хай,0,4,,
ETHUSDT,W,2025-07-14,True,True,3,принятие выше,0.8710214901069774,0.7605415128277956,1.3116003933683658,False,False,True,True,True,7,True,True,True,0.0,хай,1,6,,
ETHUSDT,W,2025-07-21,True,True,4,принятие выше,0.923921085080148,0.8795650711803609,2.0213257685614843,False,False,True,True,True,7,True,False,False,0.0,хай,3,6,,
ETHUSDT,W,2025-07-28,False,True,5,принятие выше,0.9795209167838282,0.3061516831578104,0.8472359256620547,False,False,True,True,True,7,False,False,False,0.0,хай,6,0,,
ETHUSDT,W,2025-08-04,True,False,-1,принятие ниже,0.242807472047995,0.6397770657212989,1.3301020836119866,False,True,True,True,True,8,True,True,True,4.0,хай,0,6,,
ETHUSDT,W,2025-08-11,True,True,1,принятие выше,0.9025621533015779,0.8954114055614281,1.8254061180062278,False,False,True,True,True,8,False,True,True,0.0,хай,0,3,,
ETHUSDT,W,2025-08-18,True,True,2,принятие выше,0.4918629171160435,0.3569531413486151,1.2099392527642028,False,False,True,True,True,8,False,False,False,1.0,лой,2,6,,
ETHUSDT,W,2025-08-25,False,True,3,обе сняты,0.8030397644907333,0.3432391444947474,1.643287895140941,False,True,True,True,True,8,False,False,False,,нет,5,0,,
ETHUSDT,W,2025-09-01,False,False,-1,внутри,0.2489598165578712,0.7180871719954868,0.9147345042178578,True,False,True,True,True,9,False,False,True,0.0,лой,0,0,,
ETHUSDT,W,2025-09-08,True,False,-2,отказ снизу,0.3398641681186209,0.3045194324929779,0.47794986140592766,False,False,True,False,True,9,True,True,True,4.0,хай,1,5,,
ETHUSDT,W,2025-09-15,False,True,1,принятие выше,0.6653065367438082,0.6055623223710932,0.8451835177203711,False,False,True,False,True,9,False,False,False,,нет,2,0,,
ETHUSDT,W,2025-09-22,False,False,-1,внутри,0.12765216044602867,0.6175855660523443,0.4263157720989957,True,False,True,True,True,9,False,False,False,0.0,лой,3,0,,
ETHUSDT,W,2025-09-29,True,False,-2,принятие ниже,0.5105811848429985,0.4725950433859785,1.1069438805918586,False,False,True,False,True,9,True,True,True,3.0,хай,0,6,,
ETHUSDT,W,2025-10-06,False,True,1,принятие выше,0.8062210777728013,0.694432004776832,0.9678520410098228,False,False,True,False,True,10,True,False,True,0.0,хай,4,1,,
ETHUSDT,W,2025-10-13,False,False,-1,обе сняты,0.5434015151515151,0.2742651515151513,2.317350636218084,False,True,True,False,True,10,True,False,False,,нет,4,0,,
ETHUSDT,W,2025-10-20,True,False,-2,внутри,0.4989149797570849,0.27483400809716607,0.960425791359745,True,False,True,False,True,10,False,False,False,,нет,2,6,,
ETHUSDT,W,2025-10-27,False,True,1,внутри,0.9566534408464531,0.37518665472076496,0.7554789873442198,True,False,True,False,True,10,False,False,False,0.0,хай,3,0,,
ETHUSDT,W,2025-11-03,False,False,-1,обе сняты,0.39493132538520503,0.4390294917381301,0.9478870307404071,False,True,True,False,False,11,False,False,False,0.0,лой,1,0,,
ETHUSDT,W,2025-11-10,False,False,-2,принятие ниже,0.6140979131915688,0.37690863068506564,1.4962580023596925,False,False,False,False,False,11,False,False,False,6.0,лой,6,0,,
ETHUSDT,W,2025-11-17,False,False,-3,отказ снизу,0.13937830162753057,0.7453204678005436,1.083313485762676,False,False,False,False,False,11,False,True,False,0.0,лой,4,0,,
ETHUSDT,W,2025-11-24,True,False,-4,принятие ниже,0.2977442856904682,0.4887047565062272,0.9343082293456368,False,False,False,False,False,11,True,True,True,,нет,0,4,,
ETHUSDT,W,2025-12-01,True,True,1,внутри,0.6793452380952387,0.5627976190476202,0.5147815855272835,True,False,False,False,False,12,False,True,True,0.0,лой,0,3,,
ETHUSDT,W,2025-12-08,True,True,2,обе сняты,0.6557380175850165,0.13083862600369994,0.7938365663551741,False,True,False,False,False,12,True,True,True,1.0,хай,6,2,,
ETHUSDT,W,2025-12-15,False,True,3,отказ сверху,0.09234042553191477,0.008605200945626177,0.6519417228831546,False,False,False,True,False,12,False,False,False,0.0,лой,3,0,,
ETHUSDT,W,2025-12-22,False,False,-1,принятие ниже,0.5638189455892222,0.15279262260445878,0.6310359052544235,False,False,False,True,False,12,True,False,False,,нет,2,0,,
ETHUSDT,W,2025-12-29,True,False,-2,внутри,0.3296942074301766,0.27092055752822264,0.34573171848947376,True,False,False,False,False,12,False,True,True,4.0,хай,0,6,,
ETHUSDT,W,2026-01-05,False,True,1,принятие выше,0.912363310892322,0.7541347238977317,0.5109875141432798,False,False,False,True,False,1,True,True,True,0.0,хай,3,1,,
ETHUSDT,W,2026-01-12,True,False,-1,отказ сверху,0.27064238228236387,0.08363164312969677,0.5277263404386061,False,False,False,True,False,1,False,True,True,1.0,хай,0,2,,
ETHUSDT,W,2026-01-19,False,True,1,отказ сверху,0.6476551846801453,0.47598861682575533,0.7500494711588697,False,False,False,True,False,1,False,False,False,1.0,лой,6,0,,
ETHUSDT,W,2026-01-26,False,False,-1,принятие ниже,0.06007074239318276,0.9388440049841235,1.2509490599906476,False,False,False,False,False,1,True,True,True,3.0,лой,6,2,,
ETHUSDT,W,2026-02-02,False,False,-2,принятие ниже,0.05845007162106397,0.6637087571924541,2.1563679578663018,False,False,False,False,False,2,True,False,False,0.0,лой,4,0,,
ETHUSDT,W,2026-02-09,False,False,-3,принятие ниже,0.5270182793378747,0.27807404210721015,1.604326206236601,False,False,False,False,False,2,True,False,False,,нет,3,0,,
ETHUSDT,W,2026-02-16,False,False,-4,внутри,0.2768174378218688,0.4916363926703664,0.5749126120894835,True,False,False,False,False,2,True,True,False,,нет,3,2,,
ETHUSDT,W,2026-02-23,False,False,-5,внутри,0.38485422188564905,0.06641423703142738,0.3233991070706971,True,False,False,False,False,2,False,False,True,0.0,лой,1,2,,
ETHUSDT,W,2026-03-02,False,False,-6,обе сняты,0.40101610264358933,0.0519819742242886,0.9186918549458892,False,True,False,False,False,3,True,True,True,2.0,хай,6,2,,
ETHUSDT,W,2026-03-09,True,False,-7,отказ сверху,0.0741002616135184,0.009227179523439611,0.7566500460099722,False,False,False,False,False,3,True,True,True,4.0,хай,0,4,,
ETHUSDT,W,2026-03-16,False,True,1,отказ сверху,0.890006442837712,0.8633044598754391,0.728977766412959,False,False,False,True,False,3,True,True,True,0.0,хай,6,0,,
ETHUSDT,W,2026-03-23,False,False,-1,отказ сверху,0.0774679184489747,0.34553635909116187,0.9339282471659447,False,False,False,True,False,3,True,True,True,0.0,лой,6,2,,
ETHUSDT,W,2026-03-30,True,False,-2,принятие ниже,0.17609531129900136,0.2661798616448885,0.6569529200572626,False,False,False,True,False,3,True,True,True,,нет,0,2,,
ETHUSDT,W,2026-04-06,True,True,1,внутри,0.692488137761903,0.6691901690035721,0.48298344049418435,True,False,False,False,False,4,False,True,True,0.0,хай,1,5,,
ETHUSDT,W,2026-04-13,True,True,2,принятие выше,0.48726315399162107,0.30212466164855944,0.754681606017529,False,False,False,True,False,4,True,True,True,0.0,хай,0,4,,
ETHUSDT,W,2026-04-20,True,True,3,отказ сверху,0.3028385713791797,0.24765757355737683,0.9578833371419488,False,False,False,True,False,4,True,True,True,,нет,0,2,,
ETHUSDT,W,2026-04-27,False,True,4,внутри,0.669002925402243,0.6470014627011208,0.6168699339819839,True,False,False,True,True,4,False,False,False,1.0,лой,2,0,,
ETHUSDT,W,2026-05-04,True,False,-1,отказ снизу,0.5558937014292706,0.25433400358676045,0.7150267926185259,False,False,False,True,True,5,True,True,True,2.0,хай,4,2,,
ETHUSDT,W,2026-05-11,False,True,1,отказ сверху,0.6681844052361986,0.3074685385442357,0.6023013373047449,False,False,True,True,True,5,False,False,False,1.0,лой,6,0,,
ETHUSDT,W,2026-05-18,False,False,-1,принятие ниже,0.13942986169912494,0.8476573525261084,1.1639433797229768,False,False,False,False,True,5,False,False,False,0.0,лой,5,3,,
ETHUSDT,W,2026-05-25,False,False,-2,отказ снизу,0.6109986504723341,0.21018893387314494,0.6084368264394953,False,False,False,False,True,5,True,False,False,3.0,лой,3,0,,
ETHUSDT,W,2026-06-01,False,False,-3,принятие ниже,0.22865470339467361,0.5306320722368278,0.7592739643404195,False,False,False,False,True,6,False,False,False,0.0,лой,5,0,,
ETHUSDT,W,2026-06-08,True,False,-4,принятие ниже,0.35832267069908097,0.613605521305882,2.4336527437686657,False,False,False,False,False,6,False,False,False,,нет,2,6,,
ETHUSDT,W,2026-06-15,False,True,1,внутри,0.9483079788885432,0.27258615336851844,0.54244995052944,True,False,False,False,False,6,True,True,True,0.0,хай,3,0,,
ETHUSDT,W,2026-06-22,False,False,-1,отказ сверху,0.1977496483825603,0.10514767932489483,0.7673478902789652,False,False,False,False,False,6,True,False,False,1.0,лой,4,0,,
ETHUSDT,W,2026-06-29,True,False,-2,принятие ниже,0.22381485628966039,0.5038447181784247,1.2043264043731576,False,False,False,False,False,6,True,True,True,5.0,хай,1,6,,
ETHUSDT,W,2026-07-06,True,True,1,принятие выше,0.9133048875096977,0.8288983708301012,1.1701427501531898,False,False,False,True,False,7,True,False,False,0.0,хай,2,0,,
ETHUSDT,W,2026-07-13,True,True,2,отказ сверху,0.7782594198066012,0.1763087695898621,0.5222759668592478,False,False,False,True,False,7,False,True,True,0.0,хай,0,2,,
ETHUSDT,W,2026-07-20,True,True,3,принятие выше,0.6215872045639772,0.33328239608802,0.8792468716690103,False,False,False,True,False,7,True,True,True,1.0,хай,0,6,,
ETHUSDT,W,2026-07-27,False,True,4,принятие выше,0.898245049106425,0.6639832555144112,0.546981299069576,False,False,False,True,False,7,False,False,False,0.0,хай,5,0,,
ETHUSDT,W,2026-08-03,True,False,-1,обе сняты,0.39766302299283784,0.43573313230305377,0.7537681303538707,False,True,False,True,False,8,False,False,True,,нет,0,4,,
ETHUSDT,W,2026-08-10,False,True,1,внутри,0.7170454545454558,0.22106643356643507,0.538918488578603,True,False,False,True,False,8,False,False,False,,нет,1,0,,
ETHUSDT,W,2026-08-17,True,False,-1,внутри,0.28710711994868626,0.4445157152020535,0.37799620791488686,True,False,False,False,False,8,True,True,True,2.0,хай,0,4,,
ETHUSDT,W,2026-08-24,False,True,1,принятие выше,0.876364337406572,0.8710997745877325,4.151398739164698,False,False,True,True,True,8,True,False,True,3.0,хай,6,3,,
ETHUSDT,W,2026-08-31,True,False,-1,отказ сверху,0.16513249651324916,0.2596373779637376,0.8261130058069868,False,False,True,True,True,8,True,True,False,1.0,лой,2,4,,
ETHUSDT,W,2026-09-07,False,True,1,отказ снизу,0.8308541392904082,0.512956636005257,0.8762031962418827,False,False,True,True,True,9,False,False,False,4.0,хай,3,4,,
ETHUSDT,W,2026-09-14,True,False,-1,отказ сверху,0.2738909817790422,0.14369185823018424,1.2425190456857633,False,False,True,True,True,9,True,False,False,1.0,лой,1,5,,
ETHUSDT,W,2026-09-21,True,True,1,обе сняты,0.9262745859213252,0.5438341097308494,1.4748161966421591,False,True,True,True,True,9,True,True,True,0.0,хай,3,0,,
ETHUSDT,W,2026-09-28,True,True,2,принятие выше,0.4271441671895361,0.20966262850523695,0.9066800866463912,False,False,True,True,True,9,True,False,False,,нет,0,4,,
ETHUSDT,M,2018-11-01,False,False,-6,внутри,0.19443888777755544,0.6863372674534907,0.13679250446032773,True,False,False,False,False,11,,,,13.0,лой,26,6,True,False
ETHUSDT,M,2018-12-01,True,False,-7,принятие ниже,0.09286180986605687,0.6939725579875856,0.380894311472248,False,False,False,False,False,12,,,,5.0,лой,14,23,False,False
ETHUSDT,M,2019-01-01,False,True,1,отказ снизу,0.654454401686874,0.23379019504480758,0.2903075239691174,False,False,False,False,False,1,,,,4.0,хай,27,4,True,False
ETHUSDT,M,2019-02-01,True,False,-1,отказ сверху,0.09477292202227938,0.4286203941730933,0.2785508671596404,False,False,False,False,False,2,,,,22.0,хай,5,23,False,True
ETHUSDT,M,2019-03-01,True,True,1,отказ сверху,0.5267788238925761,0.44559345578021303,0.3952634276092634,False,False,False,True,False,3,,,,,нет,3,29,True,False
ETHUSDT,M,2019-04-01,True,True,2,внутри,0.8063546586517822,0.2601975096607988,0.17279242651313928,True,False,False,True,False,4,,,,1.0,хай,0,7,True,True
ETHUSDT,M,2019-05-01,True,True,3,принятие выше,0.4807775377969765,0.4410367170626352,0.44636401322702873,False,False,False,True,False,5,,,,10.0,хай,5,29,True,True
ETHUSDT,M,2019-06-01,True,True,4,принятие выше,0.8419165331502249,0.8091096360723277,1.525417811088869,False,False,True,True,False,6,,,,20.0,хай,8,25,False,False
ETHUSDT,M,2019-07-01,False,True,5,принятие выше,0.47162007986309173,0.17683970336565893,1.5725851667451616,False,False,True,True,False,7,,,,13.0,лой,16,8,True,False
ETHUSDT,M,2019-08-01,False,False,-1,принятие ниже,0.21036802532647397,0.5893945389790265,1.4916827030919801,False,False,True,True,False,8,,,,13.0,лой,28,5,True,False
ETHUSDT,M,2019-09-01,True,False,-2,принятие ниже,0.10537463595446095,0.6202012178978025,0.9006796232264218,False,False,False,False,False,9,,,,23.0,лой,23,18,True,True
ETHUSDT,M,2019-10-01,True,True,1,отказ снизу,0.4169936409146258,0.12623460966039757,0.8551923633207985,False,False,True,False,False,10,,,,,нет,22,25,False,True
ETHUSDT,M,2019-11-01,False,True,2,внутри,0.6486791600812826,0.029126213592233458,0.5429559162457709,True,False,True,False,False,11,,,,21.0,лой,24,5,True,True
ETHUSDT,M,2019-12-01,False,False,-1,принятие ниже,0.31301068510370855,0.4842866121935887,0.811600117327484,False,False,False,False,True,12,,,,15.0,лой,17,0,False,False
ETHUSDT,M,2020-01-01,True,False,-2,принятие ниже,0.35605851504278196,0.6146839635661057,0.45894454156215964,False,False,False,False,False,1,,,,13.0,хай,2,29,True,True
ETHUSDT,M,2020-02-01,True,True,1,принятие выше,0.8853075916230368,0.8316426701570682,0.8033015272191995,False,False,False,False,True,2,,,,1.0,хай,1,14,True,True
ETHUSDT,M,2020-03-01,False,True,2,принятие выше,0.3486414783642851,0.34095691153599855,1.3686161088782887,False,False,True,True,True,3,,,,11.0,лой,12,6,True,False
ETHUSDT,M,2020-04-01,True,False,-1,принятие ниже,0.2815645151569939,0.5096727535707828,1.9256121620053384,False,False,False,True,False,4,,,,,нет,0,29,True,True
ETHUSDT,M,2020-05-01,True,True,1,внутри,0.7849614916903122,0.7434130522902311,1.1006513786026588,True,False,True,True,True,5,,,,29.0,хай,10,29,True,False
ETHUSDT,M,2020-06-01,False,True,2,принятие выше,0.7826760563380281,0.3591549295774648,0.8304093567251459,False,False,True,True,False,6,,,,0.0,хай,26,1,True,True
ETHUSDT,M,2020-07-01,True,False,-1,отказ сверху,0.25396825396825373,0.15767195767195782,0.47270680922903785,False,False,True,True,False,7,,,,21.0,хай,1,30,True,True
ETHUSDT,M,2020-08-01,True,True,1,принятие выше,0.9753515563280138,0.9538631695370516,1.661351078211337,False,False,True,True,True,8,,,,0.0,хай,1,16,True,True
ETHUSDT,M,2020-09-01,False,True,2,принятие выше,0.8990909090909093,0.7228925619834713,1.4854280733629601,False,False,True,True,True,9,,,,0.0,хай,4,0,False,False
ETHUSDT,M,2020-10-01,True,False,-1,обе сняты,0.2849462365591397,0.4099878062299082,2.024256975844001,False,True,True,True,True,10,,,,,нет,6,21,False,True
ETHUSDT,M,2020-11-01,True,True,1,внутри,0.6129870129870126,0.3007340485601354,0.8784112214429555,True,False,True,True,True,11,,,,5.0,хай,2,23,True,True
ETHUSDT,M,2020-12-01,True,True,2,принятие выше,0.9749179095620524,0.9107884638208648,2.3837456030328457,False,False,True,True,True,12,,,,0.0,хай,8,29,False,False
ETHUSDT,M,2021-01-01,True,True,3,принятие выше,0.9022381849240066,0.5245937541062589,1.8235040414044286,False,False,True,True,True,1,,,,1.0,хай,0,24,True,True
ETHUSDT,M,2021-02-01,True,True,4,принятие выше,0.78644950112395,0.7573582574174126,5.548415801143658,False,False,True,True,True,2,,,,1.0,хай,0,19,True,True
ETHUSDT,M,2021-03-01,True,True,5,отказ сверху,0.19316372111089541,0.13818864504434522,3.92889481234294,False,False,True,True,True,3,,,,,нет,0,30,True,True
ETHUSDT,M,2021-04-01,True,True,6,внутри,0.9480442145223118,0.9317429007406304,2.035923606454277,True,False,True,True,True,4,,,,0.0,хай,0,29,True,True
ETHUSDT,M,2021-05-01,False,True,7,принятие выше,0.9716625788367202,0.9340508934828311,2.940496543641557,False,False,True,True,True,5,,,,0.0,хай,22,11,True,True
ETHUSDT,M,2021-06-01,False,False,-1,обе сняты,0.369673749423218,0.0250644861156287,6.640913258065733,False,True,True,True,True,6,,,,21.0,лой,21,2,False,False
ETHUSDT,M,2021-07-01,True,False,-2,отказ снизу,0.4827649877881943,0.3612931924429489,1.833383342950567,False,False,True,True,True,7,,,,,нет,19,30,True,False
ETHUSDT,M,2021-08-01,True,True,1,внутри,0.9730969735569552,0.3011935932819101,1.1201418376001755,True,False,True,False,True,8,,,,0.0,хай,2,30,True,True
ETHUSDT,M,2021-09-01,False,True,2,принятие выше,0.954724866496401,0.8688375512731213,1.2549747106229947,False,False,True,True,True,9,,,,0.0,хай,20,2,True,True
ETHUSDT,M,2021-10-01,True,False,-1,отказ сверху,0.2533723871267844,0.3114951885338837,1.4984877676357224,False,False,True,True,True,10,,,,19.0,хай,0,28,True,True
ETHUSDT,M,2021-11-01,True,True,1,принятие выше,0.8838272763846049,0.862672656564302,1.447272656697299,False,False,True,True,True,11,,,,1.0,хай,25,9,True,True
ETHUSDT,M,2021-12-01,False,True,2,принятие выше,0.7510575916230369,0.35893193717277555,0.8255539639989316,False,False,True,True,True,12,,,,3.0,лой,3,0,False,False
ETHUSDT,M,2022-01-01,False,False,-1,принятие ниже,0.13532590367587674,0.7482099022014477,1.0840330276102934,False,False,True,True,True,1,,,,4.0,лой,23,3,False,False
ETHUSDT,M,2022-02-01,True,False,-2,принятие ниже,0.30311242270616,0.5679870014296129,1.420081532816959,False,False,False,False,True,2,,,,,нет,23,9,True,True
ETHUSDT,M,2022-03-01,True,True,1,внутри,0.6312648679421751,0.23789724091657666,0.7302950773422622,True,False,False,False,True,3,,,,26.0,хай,6,28,False,False
ETHUSDT,M,2022-04-01,False,True,2,отказ сверху,0.806764589582108,0.3478546008660684,0.765798136299616,False,False,True,False,True,4,,,,1.0,хай,29,2,False,False
ETHUSDT,M,2022-05-01,False,False,-1,отказ сверху,0.019975203196032094,0.6369679019148647,0.7299989440709584,False,False,False,True,False,5,,,,4.0,лой,26,3,False,False
ETHUSDT,M,2022-06-01,False,False,-2,принятие ниже,0.18917527814071355,0.6214277230074831,1.0875172124561778,False,False,False,False,False,6,,,,9.0,лой,17,0,False,False
ETHUSDT,M,2022-07-01,True,False,-3,принятие ниже,0.17364484610731246,0.7982346794742535,0.9071256699386889,False,False,False,False,False,7,,,,,нет,12,27,True,True
ETHUSDT,M,2022-08-01,False,True,1,внутри,0.8629748095623465,0.7798630647295336,0.6441856385337984,True,False,False,False,False,8,,,,7.0,хай,28,13,True,True
ETHUSDT,M,2022-09-01,False,False,-1,отказ сверху,0.21716673246479795,0.2040071061981839,0.5292174299108134,False,False,False,False,False,9,,,,15.0,лой,20,9,True,True
ETHUSDT,M,2022-10-01,True,False,-2,принятие ниже,0.19107205623901585,0.3961159929701228,0.5366066654281019,False,False,False,True,False,10,,,,12.0,лой,12,28,True,False
ETHUSDT,M,2022-11-01,False,True,1,отказ снизу,0.808967150044392,0.5157485308417538,0.46298226503694084,False,False,False,False,False,11,,,,3.0,хай,8,3,False,False
ETHUSDT,M,2022-12-01,False,False,-1,обе сняты,0.36428842317014865,0.4587696011344337,0.6441077948863914,False,True,False,False,False,12,,,,,нет,18,13,False,True
ETHUSDT,M,2023-01-01,True,False,-2,внутри,0.2256070421838688,0.4862766430938129,0.24420317859040638,True,False,False,False,False,1,,,,10.0,хай,0,20,True,True
ETHUSDT,M,2023-02-01,True,True,1,принятие выше,0.8077922609425197,0.7964149051545966,0.651677901572887,False,False,False,True,False,2,,,,1.0,хай,12,15,True,False
ETHUSDT,M,2023-03-01,True,True,2,отказ сверху,0.5098918303444349,0.07084400797039597,0.404329304523096,False,False,False,True,False,3,,,,8.0,лой,9,22,False,True
ETHUSDT,M,2023-04-01,True,True,3,принятие выше,0.9270822677332895,0.4424985166847392,0.768418090376419,False,True,True,True,False,4,,,,3.0,хай,2,15,True,True
ETHUSDT,M,2023-05-01,True,True,4,принятие выше,0.283338173561792,0.12823085249623767,0.6779912827902231,False,False,True,True,False,5,,,,11.0,лой,11,5,True,False
ETHUSDT,M,2023-06-01,True,True,5,отказ снизу,0.4789605734767029,0.012724014336918214,0.5723781388478583,False,False,True,True,False,6,,,,9.0,лой,14,29,False,False
ETHUSDT,M,2023-07-01,False,True,6,отказ снизу,0.9540903313803901,0.1864905917728382,0.7373603691944782,False,False,True,True,True,7,,,,1.0,хай,6,13,False,True
ETHUSDT,M,2023-08-01,False,False,-1,отказ сверху,0.14839249667667823,0.38235438924720544,0.49665003912363037,False,False,True,False,True,8,,,,0.0,лой,16,1,False,False
ETHUSDT,M,2023-09-01,True,False,-2,принятие ниже,0.2904106265542548,0.637987505307212,0.8855147151631035,False,False,True,False,True,9,,,,10.0,лой,10,29,True,False
ETHUSDT,M,2023-10-01,True,True,1,отказ снизу,0.8565305247688455,0.15381789235196944,0.45612349492653026,False,False,True,False,True,10,,,,0.0,хай,11,25,False,False
ETHUSDT,M,2023-11-01,True,True,2,принятие выше,0.8523538631218439,0.41731003657049975,1.0982299672003646,False,True,True,False,True,11,,,,1.0,хай,2,9,True,True
ETHUSDT,M,2023-12-01,True,True,3,принятие выше,0.7637267978214967,0.659358675113927,1.0973423264096398,False,False,True,True,True,12,,,,1.0,хай,0,27,True,True
ETHUSDT,M,2024-01-01,True,True,4,принятие выше,0.5909521908374085,0.5737099510929233,1.2719511227485527,False,False,True,True,True,1,,,,9.0,хай,2,11,False,True
ETHUSDT,M,2024-02-01,True,True,5,отказ сверху,0.29666947450268877,0.0020572798548564464,1.8875574458716946,False,False,True,True,True,2,,,,13.0,хай,0,28,True,True
ETHUSDT,M,2024-03-01,True,True,6,принятие выше,0.8575626943974557,0.8239256008294292,3.7740584050696966,False,False,True,True,True,3,,,,3.0,хай,19,11,True,True
ETHUSDT,M,2024-04-01,False,True,7,принятие выше,0.5675271843911467,0.29419873525102186,2.410749559615716,False,False,True,True,True,4,,,,12.0,лой,12,7,False,False
ETHUSDT,M,2024-05-01,True,False,-1,принятие ниже,0.1844180673942486,0.71837124876239,1.7360938234724643,False,False,True,True,True,5,,,,0.0,лой,0,26,False,False
ETHUSDT,M,2024-06-01,False,True,1,принятие выше,0.8149051724137931,0.6450431034482759,2.0649608191485953,False,True,True,True,True,6,,,,,нет,23,4,False,False
ETHUSDT,M,2024-07-01,False,False,-1,внутри,0.30605279009066044,0.5006100668756857,0.9848306240997315,True,False,True,False,True,7,,,,3.0,лой,4,21,False,False
ETHUSDT,M,2024-08-01,False,False,-2,принятие ниже,0.5615419356552691,0.27286735208947693,1.0922845668121461,False,False,True,True,True,8,,,,3.0,лой,4,0,False,False
ETHUSDT,M,2024-09-01,True,False,-3,принятие ниже,0.35526746025433703,0.6360454943132103,1.5124564435480314,False,False,False,False,True,9,,,,,нет,5,26,False,False
ETHUSDT,M,2024-10-01,False,True,1,внутри,0.7813856932791282,0.15436380935905208,0.6990820806172671,True,False,False,False,True,10,,,,19.0,хай,2,20,False,True
ETHUSDT,M,2024-11-01,True,False,-1,отказ сверху,0.4540132323496129,0.18201009837207202,0.5414010112090796,False,False,False,False,True,11,,,,6.0,хай,3,29,True,True
ETHUSDT,M,2024-12-01,False,True,1,принятие выше,0.974388116317622,0.8578243653131989,1.616494589607037,False,False,True,True,True,12,,,,0.0,хай,19,15,True,True
ETHUSDT,M,2025-01-01,False,False,-1,отказ сверху,0.23449647082214942,0.3636643801570732,1.080490587196525,False,False,True,True,True,1,,,,12.0,лой,12,5,True,False
ETHUSDT,M,2025-02-01,False,False,-2,отказ снизу,0.4619012402555676,0.04460313034201038,0.9131549085273034,False,False,True,True,True,2,,,,1.0,лой,27,0,False,False
ETHUSDT,M,2025-03-01,False,False,-3,принятие ниже,0.12847609339661703,0.8468448380212148,1.4236833094866113,False,False,False,False,False,3,,,,3.0,лой,10,1,False,False
ETHUSDT,M,2025-04-01,False,False,-4,принятие ниже,0.08558332286826585,0.5213612959939723,0.8658041606005287,False,False,False,False,False,4,,,,2.0,лой,8,1,False,False
ETHUSDT,M,2025-05-01,True,False,-5,отказ снизу,0.7143281755398198,0.05038902001923273,0.6474761505309884,False,False,False,False,False,5,,,,7.0,хай,5,28,True,True
ETHUSDT,M,2025-06-01,False,True,1,принятие выше,0.7490926640926641,0.708918918918919,1.1829171238671798,False,False,False,True,False,6,,,,9.0,хай,21,10,False,True
ETHUSDT,M,2025-07-01,True,False,-1,отказ сверху,0.48685702370557643,0.05550415075651956,0.8487046506046217,False,False,False,True,False,7,,,,9.0,хай,1,27,True,True
ETHUSDT,M,2025-08-01,True,True,1,принятие выше,0.8452742346938775,0.773545918367347,1.80708659148664,False,False,True,True,True,8,,,,7.0,хай,2,23,True,True
ETHUSDT,M,2025-09-01,False,True,2,принятие выше,0.6474570982839314,0.43272386895475834,1.6577186067922496,False,False,True,True,True,9,,,,,нет,24,12,False,True
ETHUSDT,M,2025-10-01,False,False,-1,внутри,0.34593863950710396,0.258476885032902,0.8828557473135784,True,False,True,True,True,10,,,,9.0,лой,9,6,True,False
ETHUSDT,M,2025-11-01,False,False,-2,отказ снизу,0.31287121212121194,0.225121212121212,1.2713223389634292,False,False,True,True,True,11,,,,3.0,лой,20,1,False,False
ETHUSDT,M,2025-12-01,False,False,-3,принятие ниже,0.2840050669673892,0.6617490306335253,1.210303085260433,False,False,False,False,False,12,,,,,нет,0,9,True,True
ETHUSDT,M,2026-01-01,False,False,-4,внутри,0.3494667760459391,0.02681159420289872,0.6549760809254561,True,False,False,False,False,1,,,,29.0,лой,30,13,True,True
ETHUSDT,M,2026-02-01,False,False,-5,принятие ниже,0.17516848962173306,0.45078021320334144,1.0832887009631196,False,False,False,False,False,2,,,,0.0,лой,5,0,False,False
ETHUSDT,M,2026-03-01,True,False,-6,принятие ниже,0.2976049877777473,0.6694086626932901,0.6620365866630786,False,False,False,False,False,3,,,,,нет,0,15,True,True
ETHUSDT,M,2026-04-01,True,True,1,внутри,0.4137397881364781,0.2944359708322013,0.42904192797696517,True,False,False,False,True,4,,,,12.0,хай,1,16,True,True
ETHUSDT,M,2026-05-01,False,True,2,отказ сверху,0.5369191953022089,0.3395628195681792,0.42260139480068265,False,False,False,False,True,5,,,,22.0,лой,27,5,True,True
ETHUSDT,M,2026-06-01,False,False,-1,принятие ниже,0.08759907168191972,0.5484520733896754,0.444365747042118,False,False,False,True,False,6,,,,0.0,лой,5,0,False,False
ETHUSDT,M,2026-07-01,True,False,-2,принятие ниже,0.12859136908223787,0.843336822922725,0.5626793757315476,False,False,False,False,False,7,,,,,нет,0,26,True,True
ETHUSDT,M,2026-08-01,True,True,1,внутри,0.7230108330220393,0.6784646992902502,0.5300642408356877,True,False,False,False,False,8,,,,18.0,хай,0,26,True,True
ETHUSDT,M,2026-09-01,True,True,2,принятие выше,0.8671806788722177,0.8127258317998038,0.9854669209966529,False,False,False,True,False,9,,,,10.0,хай,1,20,True,True
