sym,side,body,t,depth,depth_entry,rr,win,R,hit1R,fvg_size_R,days_after_conf
ETHUSDT,bull,strict,2020-06-16,0.4616358571790325,0.24385920486199028,1.1197674418604653,False,-1.0136755813953489,False,0.012154975943276882,1
ETHUSDT,bull,half,2020-06-16,0.4616358571790325,0.24385920486199028,1.1197674418604653,False,-1.0136755813953489,False,0.012154975943276882,1
ETHUSDT,bull,none,2020-06-16,0.4616358571790325,0.24385920486199028,1.1197674418604653,False,-1.0136755813953489,False,0.012154975943276882,1
ETHUSDT,bull,none,2020-11-06,0.6599209371486598,0.11946469372211944,0.22104415514696016,True,0.21798161320628107,True,0.06408443042106414,53
ETHUSDT,bull,none,2021-03-13,0.5030675663973248,0.08197496652655556,0.1946720663144239,True,0.19162694972632632,True,0.06722666684430356,12
ETHUSDT,bull,strict,2021-03-29,0.622806616357954,0.19865843433188496,0.46837035439580166,True,0.4618343756739269,True,0.03430139492339355,7
ETHUSDT,bull,half,2021-03-29,0.622806616357954,0.19865843433188496,0.46837035439580166,True,0.4618343756739269,True,0.03430139492339355,7
ETHUSDT,bull,none,2021-03-29,0.622806616357954,0.19865843433188496,0.46837035439580166,True,0.4618343756739269,True,0.03430139492339355,7
ETHUSDT,bull,strict,2021-07-21,0.9770017993702206,0.582700742240216,1.4778066954258617,True,1.470692395450818,True,0.04731781376518231,2
ETHUSDT,bull,half,2021-07-21,0.9770017993702206,0.582700742240216,1.4778066954258617,True,1.470692395450818,True,0.04731781376518231,2
ETHUSDT,bull,none,2021-07-21,0.9770017993702206,0.582700742240216,1.4778066954258617,True,1.470692395450818,True,0.04731781376518231,2
ETHUSDT,bull,half,2021-10-01,0.5981804397270659,0.3135381487352678,1.1015163897212392,True,1.0965093071824215,True,0.07186487697291333,18
ETHUSDT,bull,none,2021-10-01,0.5981804397270659,0.3135381487352678,1.1015163897212392,True,1.0965093071824215,True,0.07186487697291333,18
ETHUSDT,bull,strict,2022-01-12,0.8757792388350211,0.6761371280956525,3.3867460406604546,False,-1.007570324609682,False,0.019858817619991455,51
ETHUSDT,bull,half,2022-01-12,0.8757792388350211,0.6761371280956525,3.3867460406604546,False,-1.007570324609682,False,0.019858817619991455,51
ETHUSDT,bull,none,2021-11-30,0.43347654883529024,0.110340219038991,0.34146646125660945,False,-1.0064280995406032,False,0.10828168306618692,8
ETHUSDT,bull,strict,2022-02-28,0.8695006890702853,0.32055903035442956,0.5839582863947987,True,0.5792589075927774,True,0.017677303084914855,7
ETHUSDT,bull,half,2022-02-28,0.8695006890702853,0.32055903035442956,0.5839582863947987,True,0.5792589075927774,True,0.017677303084914855,7
ETHUSDT,bull,none,2022-02-28,0.8695006890702853,0.32055903035442956,0.5839582863947987,True,0.5792589075927774,True,0.017677303084914855,7
ETHUSDT,bull,none,2022-03-17,0.8222644234627009,0.3152432663760133,0.621755644650771,True,0.6143417915171986,True,0.12959049937143935,3
ETHUSDT,bull,strict,2022-05-02,0.756152144760445,0.6311847994566259,5.050797853808106,False,-1.0198951989408405,False,0.010623661157456431,21
ETHUSDT,bull,half,2022-05-02,0.756152144760445,0.6311847994566259,5.050797853808106,False,-1.0198951989408405,False,0.010623661157456431,21
ETHUSDT,bull,none,2022-05-02,0.756152144760445,0.6311847994566259,5.050797853808106,False,-1.0198951989408405,False,0.010623661157456431,21
ETHUSDT,bull,none,2022-09-09,0.5945463414634147,0.3048975609756097,1.0526457610562832,False,-1.0057849034996127,False,0.13158048780487794,18
ETHUSDT,bull,none,2023-01-04,0.7296380090497738,0.3464720022624433,0.9042347079988919,True,0.8926433250299833,True,0.23366798642533895,9
ETHUSDT,bull,half,2023-02-15,0.45166959578207383,0.07381370826010544,0.19534883720930232,True,0.1875581395348837,False,0.13532513181019332,2
ETHUSDT,bull,none,2023-02-15,0.45166959578207383,0.07381370826010544,0.19534883720930232,True,0.1875581395348837,False,0.13532513181019332,2
ETHUSDT,bull,half,2023-03-12,0.6320033528918693,0.2770159262363789,0.7803541912632822,True,0.7728960566706021,True,0.13718357082984062,13
ETHUSDT,bull,none,2023-03-12,0.6320033528918693,0.2770159262363789,0.7803541912632822,True,0.7728960566706021,True,0.13718357082984062,13
ETHUSDT,bull,strict,2023-04-27,0.7878597706124215,0.5159705691408784,1.8977236548869758,False,-1.0151836198662847,False,0.041657649859337814,3
ETHUSDT,bull,half,2023-04-27,0.7878597706124215,0.5159705691408784,1.8977236548869758,False,-1.0151836198662847,False,0.041657649859337814,3
ETHUSDT,bull,none,2023-04-27,0.7878597706124215,0.5159705691408784,1.8977236548869758,False,-1.0151836198662847,False,0.041657649859337814,3
ETHUSDT,bull,none,2024-02-09,0.8462764083158425,0.35949014140609453,0.738496884244981,True,0.7306752690879343,True,0.1520383619567046,18
ETHUSDT,bull,strict,2024-05-20,0.6768178381681287,0.22486717690069097,0.4975480648044187,False,-1.0041985265473545,False,0.08782895077518983,56
ETHUSDT,bull,half,2024-05-20,0.6768178381681287,0.22486717690069097,0.4975480648044187,False,-1.0041985265473545,False,0.08782895077518983,56
ETHUSDT,bull,none,2024-05-20,0.6768178381681287,0.22486717690069097,0.4975480648044187,False,-1.0041985265473545,False,0.08782895077518983,56
ETHUSDT,bull,strict,2024-06-19,0.5688321180896012,0.37540334801133834,1.9407834101382493,False,-1.0164002304147466,False,0.021508922681974674,9
ETHUSDT,bull,half,2024-06-19,0.5688321180896012,0.37540334801133834,1.9407834101382493,False,-1.0164002304147466,False,0.021508922681974674,9
ETHUSDT,bull,none,2024-06-19,0.5688321180896012,0.37540334801133834,1.9407834101382493,False,-1.0164002304147466,False,0.021508922681974674,9
ETHUSDT,bull,none,2024-09-27,0.9462783629037959,0.17787516788011554,0.23148676246021316,True,0.22653113903556318,True,0.15665512122711522,25
ETHUSDT,bull,strict,2024-11-06,0.8962784958108725,0.10285553462795834,0.12963518786324388,True,0.12220663592458252,True,0.02606568379121467,2
ETHUSDT,bull,half,2024-11-06,0.8962784958108725,0.10285553462795834,0.12963518786324388,True,0.12220663592458252,True,0.02606568379121467,2
ETHUSDT,bull,none,2024-11-06,0.8962784958108725,0.10285553462795834,0.12963518786324388,True,0.12220663592458252,True,0.02606568379121467,2
ETHUSDT,bull,none,2025-01-04,0.5758242635362801,0.25883841983135597,0.8165614489469238,False,-1.0065756398496375,False,0.06754314448771102,5
ETHUSDT,bull,strict,2025-06-09,0.32639487032251907,0.08753628736402225,0.3664774624373964,True,0.3575321535893162,False,0.04206144128624731,0
ETHUSDT,bull,half,2025-06-09,0.32639487032251907,0.08753628736402225,0.3664774624373964,True,0.3575321535893162,False,0.04206144128624731,0
ETHUSDT,bull,none,2025-06-09,0.32639487032251907,0.08753628736402225,0.3664774624373964,True,0.3575321535893162,False,0.04206144128624731,0
ETHUSDT,bull,strict,2025-09-03,0.46889337721923025,0.31758054059445434,2.0988340954970495,False,-1.0183257940922013,True,0.006576650708158901,2
ETHUSDT,bull,half,2025-09-03,0.46889337721923025,0.31758054059445434,2.0988340954970495,False,-1.0183257940922013,True,0.006576650708158901,2
ETHUSDT,bull,none,2025-09-03,0.46889337721923025,0.31758054059445434,2.0988340954970495,False,-1.0183257940922013,True,0.006576650708158901,2
ETHUSDT,bull,none,2026-01-02,0.9245930911338511,0.4425932284870546,0.9182434742961357,False,-1.0089020004559444,False,0.05550442964082182,11
ETHUSDT,bull,none,2026-04-07,0.7617077554342299,0.24863508426871084,0.48460013218770776,True,0.47720046265697413,False,0.11229611041405269,8
ETHUSDT,bear,none,2021-03-22,0.8685778601694916,0.5149496822033899,1.4561896203100433,False,-1.0062970493522054,False,0.08489141949152529,14
ETHUSDT,bear,strict,2021-08-24,0.665537443972536,0.5953600026859608,8.483637929384749,False,-1.0151850540618124,False,0.0044049757424163205,85
ETHUSDT,bear,half,2021-08-24,0.665537443972536,0.5953600026859608,8.483637929384749,False,-1.0151850540618124,False,0.0044049757424163205,85
ETHUSDT,bear,none,2021-08-24,0.665537443972536,0.5953600026859608,8.483637929384749,False,-1.0151850540618124,False,0.0044049757424163205,85
ETHUSDT,bear,strict,2022-03-31,0.6636008208876971,0.5644501700196233,5.692853905423775,False,-1.0165253059374528,False,0.01547403268571098,52
ETHUSDT,bear,half,2022-03-31,0.6636008208876971,0.5644501700196233,5.692853905423775,False,-1.0165253059374528,False,0.01547403268571098,52
ETHUSDT,bear,none,2022-02-20,0.5652141348472819,0.23454219532533407,0.709289683498429,False,-1.0039573568494806,False,0.11735098940935054,13
ETHUSDT,bear,strict,2022-06-28,0.14876608091903656,0.09824719833010112,1.9447619047619051,False,-1.0083772893772893,True,0.008519741224888593,1
ETHUSDT,bear,half,2022-06-28,0.14876608091903656,0.09824719833010112,1.9447619047619051,False,-1.0083772893772893,True,0.008519741224888593,1
ETHUSDT,bear,none,2022-06-28,0.14876608091903656,0.09824719833010112,1.9447619047619051,False,-1.0083772893772893,True,0.008519741224888593,1
ETHUSDT,bear,strict,2022-09-13,0.604502715741455,0.2482893290231538,0.6970241385664282,True,0.6897830292979558,True,0.06399632431368044,1
ETHUSDT,bear,half,2022-09-13,0.604502715741455,0.2482893290231538,0.6970241385664282,True,0.6897830292979558,True,0.06399632431368044,1
ETHUSDT,bear,none,2022-09-13,0.604502715741455,0.2482893290231538,0.6970241385664282,True,0.6897830292979558,True,0.06399632431368044,1
ETHUSDT,bear,strict,2022-11-08,0.8212339717445921,0.25677836144735566,0.4549132947976881,True,0.4510595375722546,False,0.14077131390909975,15
ETHUSDT,bear,half,2022-11-08,0.8212339717445921,0.25677836144735566,0.4549132947976881,True,0.4510595375722546,False,0.14077131390909975,15
ETHUSDT,bear,none,2022-11-08,0.8212339717445921,0.25677836144735566,0.4549132947976881,True,0.4510595375722546,False,0.14077131390909975,15
ETHUSDT,bear,strict,2022-12-15,0.4656890145661395,0.32078387531647634,2.2137508509189887,False,-1.0143664624461084,True,0.03508368132048819,24
ETHUSDT,bear,half,2022-12-15,0.4656890145661395,0.32078387531647634,2.2137508509189887,False,-1.0143664624461084,True,0.03508368132048819,24
ETHUSDT,bear,none,2022-12-15,0.4656890145661395,0.32078387531647634,2.2137508509189887,False,-1.0143664624461084,True,0.03508368132048819,24
ETHUSDT,bear,half,2023-10-05,0.5334744346663696,0.22013664550146664,0.7025537714048702,False,-1.009546898145405,False,0.02510118450855888,38
ETHUSDT,bear,none,2023-10-05,0.5334744346663696,0.22013664550146664,0.7025537714048702,False,-1.009546898145405,False,0.02510118450855888,38
ETHUSDT,bear,strict,2024-04-12,0.6518627112797514,0.17563527653213765,0.36880545663065184,True,0.3622898935635103,False,0.004417231995707453,11
ETHUSDT,bear,half,2024-04-12,0.6518627112797514,0.17563527653213765,0.36880545663065184,True,0.3622898935635103,False,0.004417231995707453,11
ETHUSDT,bear,none,2024-04-02,0.6031294316047676,0.2163198037637501,0.5592410017587764,False,-1.008126929079244,False,0.06848146870568418,1
ETHUSDT,bear,half,2024-07-25,0.6460423728813559,0.3166694915254238,0.9614315854474353,True,0.9532659136520357,True,0.06469491525423741,10
ETHUSDT,bear,none,2024-07-25,0.6460423728813559,0.3166694915254238,0.9614315854474353,True,0.9532659136520357,True,0.06469491525423741,10
ETHUSDT,bear,none,2024-08-27,0.48771658863844775,0.23717360876490182,0.9466384126372571,False,-1.0067588958912403,False,0.05871077616818248,8
ETHUSDT,bear,strict,2024-10-01,0.8630163591544034,0.4434899529394188,1.0571204729176311,False,-1.008713542964994,False,0.049316501083140694,15
ETHUSDT,bear,half,2024-10-01,0.8630163591544034,0.4434899529394188,1.0571204729176311,False,-1.008713542964994,False,0.049316501083140694,15
ETHUSDT,bear,none,2024-10-01,0.8630163591544034,0.4434899529394188,1.0571204729176311,False,-1.008713542964994,False,0.049316501083140694,15
ETHUSDT,bear,strict,2025-03-28,0.3173403103572715,0.12948394081559,0.6892709634040924,True,0.6801651138219197,True,0.014173583543847018,4
ETHUSDT,bear,half,2025-03-28,0.3173403103572715,0.12948394081559,0.6892709634040924,True,0.6801651138219197,True,0.014173583543847018,4
ETHUSDT,bear,none,2025-03-28,0.3173403103572715,0.12948394081559,0.6892709634040924,True,0.6801651138219197,True,0.014173583543847018,4
ETHUSDT,bear,strict,2025-12-01,0.29332516840171463,0.10867728107777085,0.5885649852419318,False,-1.0092775843199682,False,0.0027556644213104714,0
ETHUSDT,bear,half,2025-12-01,0.29332516840171463,0.10867728107777085,0.5885649852419318,False,-1.0092775843199682,False,0.0027556644213104714,0
ETHUSDT,bear,none,2025-12-01,0.29332516840171463,0.10867728107777085,0.5885649852419318,False,-1.0092775843199682,False,0.0027556644213104714,0
ETHUSDT,bear,none,2026-01-08,0.7948154200401101,0.49391666047686245,1.6414712416687225,False,-1.0153317699333497,False,0.021867340117359062,10
ETHUSDT,bear,strict,2026-04-19,0.43642032678758813,0.3155029230999849,2.6092432807696073,True,2.5980253892690617,True,0.008082746214960287,62
ETHUSDT,bear,half,2026-03-21,0.3896027582071655,0.20827462149602752,1.148606196885022,False,-1.0068892232399722,False,0.034519562284515165,33
ETHUSDT,bear,none,2026-03-21,0.3896027582071655,0.20827462149602752,1.148606196885022,False,-1.0068892232399722,False,0.034519562284515165,33
ETHUSDT,bear,strict,2026-07-17,0.48225090323423153,0.36725721499151176,3.1937162865524726,False,-1.0174229204126053,False,0.016671745092064528,32
ETHUSDT,bear,half,2026-06-23,0.3756366168980978,0.1771644974535326,0.892641737032571,False,-1.0091369667726724,False,0.011263222043268331,8
ETHUSDT,bear,none,2026-06-23,0.3756366168980978,0.1771644974535326,0.892641737032571,False,-1.0091369667726724,False,0.011263222043268331,8
BTCUSDT,bull,strict,2020-06-22,0.8585547556660809,0.4323992592869302,1.0146513724704478,False,-1.012130572530555,False,0.07002086590852037,7
BTCUSDT,bull,half,2020-06-22,0.8585547556660809,0.4323992592869302,1.0146513724704478,False,-1.012130572530555,False,0.07002086590852037,7
BTCUSDT,bull,none,2020-06-22,0.8585547556660809,0.4323992592869302,1.0146513724704478,False,-1.012130572530555,False,0.07002086590852037,7
BTCUSDT,bull,none,2020-10-10,0.7787347340394746,0.34862244602650905,0.810538214653379,True,0.8029384878314629,True,0.15055565202292054,40
BTCUSDT,bull,strict,2021-02-03,0.539081606364703,0.18204750328747754,0.509888275989426,True,0.5055961737290695,True,0.00870270906057716,16
BTCUSDT,bull,half,2021-02-03,0.539081606364703,0.18204750328747754,0.509888275989426,True,0.5055961737290695,True,0.00870270906057716,16
BTCUSDT,bull,none,2021-02-03,0.539081606364703,0.18204750328747754,0.509888275989426,True,0.5055961737290695,True,0.00870270906057716,16
BTCUSDT,bull,none,2021-03-10,0.5227769941612873,0.0852983258392261,0.19497710863568674,True,0.19065544306202767,False,0.044078596546244964,9
BTCUSDT,bull,none,2021-04-02,0.6068160407854147,0.1540346053266976,0.3401963801158139,True,0.33331569082720225,False,0.10644951036919563,11
BTCUSDT,bull,strict,2021-07-21,0.9410645684872729,0.5741432795400733,1.5647587012120547,True,1.5535972422995672,True,0.003200310085821675,9
BTCUSDT,bull,half,2021-07-21,0.9410645684872729,0.5741432795400733,1.5647587012120547,True,1.5535972422995672,True,0.003200310085821675,9
BTCUSDT,bull,none,2021-07-21,0.9410645684872729,0.5741432795400733,1.5647587012120547,True,1.5535972422995672,True,0.003200310085821675,9
BTCUSDT,bull,half,2021-10-01,0.5671737861358475,0.20356457126274258,0.5598443684486492,True,0.5542617779303878,True,0.13541557700938434,11
BTCUSDT,bull,none,2021-10-01,0.5671737861358475,0.20356457126274258,0.5598443684486492,True,0.5542617779303878,True,0.13541557700938434,11
BTCUSDT,bull,strict,2022-02-28,0.8884172062242619,0.20721628300549425,0.3041926044761785,True,0.2993170494729587,False,0.007719143244364597,7
BTCUSDT,bull,half,2022-02-28,0.8884172062242619,0.20721628300549425,0.3041926044761785,True,0.2993170494729587,False,0.007719143244364597,7
BTCUSDT,bull,none,2022-02-28,0.8884172062242619,0.20721628300549425,0.3041926044761785,True,0.2993170494729587,False,0.007719143244364597,7
BTCUSDT,bull,strict,2022-05-04,0.9804807518525213,0.7695644315922646,3.6486718080548415,False,-1.0170025706940875,False,0.0071570576540759415,23
BTCUSDT,bull,half,2022-05-04,0.9804807518525213,0.7695644315922646,3.6486718080548415,False,-1.0170025706940875,False,0.0071570576540759415,23
BTCUSDT,bull,none,2022-05-04,0.9804807518525213,0.7695644315922646,3.6486718080548415,False,-1.0170025706940875,False,0.0071570576540759415,23
BTCUSDT,bull,strict,2022-08-08,0.40179341265735474,0.15444042076220013,0.6243725599553804,True,0.6077771890685986,False,0.0013795481979651664,0
BTCUSDT,bull,half,2022-08-08,0.40179341265735474,0.15444042076220013,0.6243725599553804,True,0.6077771890685986,False,0.0013795481979651664,0
BTCUSDT,bull,none,2022-08-08,0.40179341265735474,0.15444042076220013,0.6243725599553804,True,0.6077771890685986,False,0.0013795481979651664,0
BTCUSDT,bull,none,2023-01-10,0.7406655844155846,0.3284632034632038,0.7968493600262564,True,0.7825493928454228,True,0.15827922077922082,15
BTCUSDT,bull,strict,2023-04-25,0.9040620222756062,0.6054378685302466,2.027424308907413,False,-1.0206864853005704,True,0.02074688796680498,1
BTCUSDT,bull,half,2023-04-25,0.9040620222756062,0.6054378685302466,2.027424308907413,False,-1.0206864853005704,True,0.02074688796680498,1
BTCUSDT,bull,none,2023-04-25,0.9040620222756062,0.6054378685302466,2.027424308907413,False,-1.0206864853005704,True,0.02074688796680498,1
BTCUSDT,bull,none,2023-08-08,0.4665629860031104,0.2956312738583345,1.7295285359801489,False,-1.0246145574855252,False,0.04798529619680496,15
BTCUSDT,bull,strict,2024-05-03,0.49081683476528454,0.3120776309980643,1.7459943001899931,False,-1.0099515041165295,True,0.02573833214475725,39
BTCUSDT,bull,half,2024-05-03,0.49081683476528454,0.3120776309980643,1.7459943001899931,False,-1.0099515041165295,True,0.02573833214475725,39
BTCUSDT,bull,none,2024-05-03,0.49081683476528454,0.3120776309980643,1.7459943001899931,False,-1.0099515041165295,True,0.02573833214475725,39
BTCUSDT,bull,none,2024-09-19,0.7775703918366343,0.13805149993246313,0.2158677432052304,True,0.20982643215790941,True,0.15671009491999913,17
BTCUSDT,bull,strict,2024-10-11,0.5416379706152434,0.28272784664830125,1.0919922416181769,True,1.0746719312829038,True,0.0386679292929293,4
BTCUSDT,bull,half,2024-10-11,0.5416379706152434,0.28272784664830125,1.0919922416181769,True,1.0746719312829038,True,0.0386679292929293,4
BTCUSDT,bull,none,2024-10-11,0.5416379706152434,0.28272784664830125,1.0919922416181769,True,1.0746719312829038,True,0.0386679292929293,4
BTCUSDT,bull,strict,2025-01-03,0.9278904375013761,0.5626252284386906,1.5403197854031994,False,-1.0147905571379057,False,0.0003027500715591078,4
BTCUSDT,bull,half,2025-01-03,0.9278904375013761,0.5626252284386906,1.5403197854031994,False,-1.0147905571379057,False,0.0003027500715591078,4
BTCUSDT,bull,none,2025-01-03,0.9278904375013761,0.5626252284386906,1.5403197854031994,False,-1.0147905571379057,False,0.0003027500715591078,4
BTCUSDT,bull,strict,2025-06-09,0.31076328244783663,0.04617292180521314,0.17450719554964403,False,-1.0111085479904867,False,0.01220985267648808,7
BTCUSDT,bull,half,2025-06-09,0.31076328244783663,0.04617292180521314,0.17450719554964403,False,-1.0111085479904867,False,0.01220985267648808,7
BTCUSDT,bull,none,2025-06-09,0.31076328244783663,0.04617292180521314,0.17450719554964403,False,-1.0111085479904867,False,0.01220985267648808,7
BTCUSDT,bull,none,2025-08-07,0.45464291670306445,0.23347998379962376,1.0556922027325468,True,1.034611052263059,True,0.05455317932387228,10
BTCUSDT,bull,strict,2026-03-31,0.8149251316447503,0.5705145176948192,2.334246080702912,True,2.3137118225859803,True,0.06117435942694107,1
BTCUSDT,bull,half,2026-03-31,0.8149251316447503,0.5705145176948192,2.334246080702912,True,2.3137118225859803,True,0.06117435942694107,1
BTCUSDT,bull,none,2026-03-31,0.8149251316447503,0.5705145176948192,2.334246080702912,True,2.3137118225859803,True,0.06117435942694107,1
BTCUSDT,bull,none,2026-08-04,0.5122797446947792,0.31079591948066154,1.5425353332972385,True,1.5078380354145287,True,0.04907533686105532,1
BTCUSDT,bear,strict,2020-04-10,0.5543632077176255,0.46775384891134814,5.400730999032008,False,-1.0114453419673555,False,0.025583281176145882,18
BTCUSDT,bear,half,2020-04-10,0.5543632077176255,0.46775384891134814,5.400730999032008,False,-1.0114453419673555,False,0.025583281176145882,18
BTCUSDT,bear,none,2020-04-10,0.5543632077176255,0.46775384891134814,5.400730999032008,False,-1.0114453419673555,False,0.025583281176145882,18
BTCUSDT,bear,half,2020-07-16,0.3888508790195438,0.18776214415325596,0.9337278106508886,False,-1.02701775147929,False,0.032650147246928156,10
BTCUSDT,bear,none,2020-07-16,0.3888508790195438,0.18776214415325596,0.9337278106508886,False,-1.02701775147929,False,0.032650147246928156,10
BTCUSDT,bear,strict,2020-09-21,0.5085475167605654,0.22526422975725038,0.7951906804675499,False,-1.0136627835281462,False,0.00445957396203416,7
BTCUSDT,bear,half,2020-09-21,0.5085475167605654,0.22526422975725038,0.7951906804675499,False,-1.0136627835281462,False,0.00445957396203416,7
BTCUSDT,bear,none,2020-09-21,0.5085475167605654,0.22526422975725038,0.7951906804675499,False,-1.0136627835281462,False,0.00445957396203416,7
BTCUSDT,bear,strict,2021-05-12,0.7046851738621863,0.14761725949950386,0.26498969998727434,True,0.26005884130822116,True,0.14661535871260445,9
BTCUSDT,bear,half,2021-05-04,0.6715980788317026,0.3507422594995037,1.0931460125283308,False,-1.0091939992439503,False,0.10130939405217673,1
BTCUSDT,bear,none,2021-05-04,0.6715980788317026,0.3507422594995037,1.0931460125283308,False,-1.0091939992439503,False,0.10130939405217673,1
BTCUSDT,bear,strict,2021-09-07,0.7835044887941613,0.5869789446489698,2.986781933117633,False,-1.0077008533244818,True,0.014787831815539568,99
BTCUSDT,bear,half,2021-08-26,0.7076148033326874,0.586613059484596,4.847971945107203,False,-1.0125043528852877,False,0.03713750565135956,87
BTCUSDT,bear,none,2021-08-26,0.7076148033326874,0.586613059484596,4.847971945107203,False,-1.0125043528852877,False,0.03713750565135956,87
BTCUSDT,bear,none,2021-07-13,0.6208340226660514,0.3110174234286579,1.0038759194769429,False,-1.0083571390246582,False,0.08980296826008724,8
BTCUSDT,bear,strict,2021-12-28,0.3972160180516931,0.23430535210232778,1.4382443944778474,True,1.427940331355147,True,0.027561117506616967,15
BTCUSDT,bear,half,2021-12-28,0.3972160180516931,0.23430535210232778,1.4382443944778474,True,1.427940331355147,True,0.027561117506616967,15
BTCUSDT,bear,none,2021-12-28,0.3972160180516931,0.23430535210232778,1.4382443944778474,True,1.427940331355147,True,0.027561117506616967,15
BTCUSDT,bear,none,2022-02-21,0.673939597005628,0.21434302705837138,0.4663721208427848,False,-1.004174019026983,False,0.18283033811423863,14
BTCUSDT,bear,none,2022-06-10,0.35485154576063666,0.14978267523722075,0.7304018150337337,True,0.7217213863514242,True,0.0995898377716559,18
BTCUSDT,bear,strict,2022-07-22,0.45056389583600165,0.34257767471333317,3.17242025095199,False,-1.0141551282851613,True,0.0075770343056296196,25
BTCUSDT,bear,half,2022-07-22,0.45056389583600165,0.34257767471333317,3.17242025095199,False,-1.0141551282851613,True,0.0075770343056296196,25
BTCUSDT,bear,none,2022-07-11,0.3361601154082094,0.15916490835428693,0.8992611212675184,False,-1.0075999009750152,False,0.03421799478236265,14
BTCUSDT,bear,none,2022-10-10,0.5068930062739997,0.21816312399017995,0.7555959302325587,True,0.7416976744186051,False,0.019115764735505494,7
BTCUSDT,bear,none,2022-12-16,0.49030760301799176,0.19582124201973267,0.6649586125344877,False,-1.0093609437468325,False,0.06989470193184645,11
BTCUSDT,bear,none,2023-06-01,0.5069706103993972,0.19862471740768636,0.6441620333598086,True,0.6277843832101172,True,0.11746420497362471,10
BTCUSDT,bear,strict,2023-10-11,0.711236549656024,0.4028047274651614,1.3059765513297112,False,-1.0153643122676579,False,0.02998765214323514,44
BTCUSDT,bear,half,2023-10-11,0.711236549656024,0.4028047274651614,1.3059765513297112,False,-1.0153643122676579,False,0.02998765214323514,44
BTCUSDT,bear,none,2023-10-11,0.711236549656024,0.4028047274651614,1.3059765513297112,False,-1.0153643122676579,False,0.02998765214323514,44
BTCUSDT,bear,strict,2024-04-02,0.8476156986255298,0.3596939165532745,0.7371958575524472,False,-1.010262945148605,False,0.12383995596801571,1
BTCUSDT,bear,half,2024-04-02,0.8476156986255298,0.3596939165532745,0.7371958575524472,False,-1.010262945148605,False,0.12383995596801571,1
BTCUSDT,bear,none,2024-04-02,0.8476156986255298,0.3596939165532745,0.7371958575524472,False,-1.010262945148605,False,0.12383995596801571,1
BTCUSDT,bear,none,2024-07-31,0.8903505275186692,0.5991283318716949,2.057289385311726,True,2.0454990144546668,True,0.02553881314943262,16
BTCUSDT,bear,strict,2024-10-01,0.8286698438163544,0.5609776813098666,2.0956074173306085,False,-1.0107129662271734,False,0.026187892228566035,43
BTCUSDT,bear,half,2024-08-27,0.768527343934318,0.4952814608597178,1.8125852630851849,False,-1.0102547963183615,True,0.10053791346199203,8
BTCUSDT,bear,none,2024-08-27,0.768527343934318,0.4952814608597178,1.8125852630851849,False,-1.0102547963183615,True,0.10053791346199203,8
BTCUSDT,bear,strict,2025-03-28,0.533065168441073,0.3419452156614128,1.789165446559299,True,1.7698616398243063,True,0.042380254902389565,4
BTCUSDT,bear,half,2025-03-28,0.533065168441073,0.3419452156614128,1.789165446559299,True,1.7698616398243063,True,0.042380254902389565,4
BTCUSDT,bear,none,2025-03-28,0.533065168441073,0.3419452156614128,1.789165446559299,True,1.7698616398243063,True,0.042380254902389565,4
BTCUSDT,bear,strict,2025-07-01,0.8508797116013455,0.5999665023687605,2.39113159567705,False,-1.0335784806102988,False,0.02081638512705171,1
BTCUSDT,bear,half,2025-07-01,0.8508797116013455,0.5999665023687605,2.39113159567705,False,-1.0335784806102988,False,0.02081638512705171,1
BTCUSDT,bear,none,2025-07-01,0.8508797116013455,0.5999665023687605,2.39113159567705,False,-1.0335784806102988,False,0.02081638512705171,1
BTCUSDT,bear,strict,2025-09-22,0.6151862513773425,0.31113239222111305,1.0232805236694804,False,-1.0213650887012617,False,0.02270668797341689,7
BTCUSDT,bear,half,2025-09-22,0.6151862513773425,0.31113239222111305,1.0232805236694804,False,-1.0213650887012617,False,0.02270668797341689,7
BTCUSDT,bear,none,2025-09-22,0.6151862513773425,0.31113239222111305,1.0232805236694804,False,-1.0213650887012617,False,0.02270668797341689,7
BTCUSDT,bear,strict,2025-12-01,0.34879626161955496,0.15767379723981437,0.8249883013570442,False,-1.0126113710809546,False,0.04323061357957721,0
BTCUSDT,bear,half,2025-12-01,0.34879626161955496,0.15767379723981437,0.8249883013570442,False,-1.0126113710809546,False,0.04323061357957721,0
BTCUSDT,bear,none,2025-12-01,0.34879626161955496,0.15767379723981437,0.8249883013570442,False,-1.0126113710809546,False,0.04323061357957721,0
BTCUSDT,bear,strict,2026-03-18,0.4248100681577986,0.299036769545868,2.3775854879065874,False,-1.0148463094245204,True,0.0034196910214755734,30
BTCUSDT,bear,half,2026-03-18,0.4248100681577986,0.299036769545868,2.3775854879065874,False,-1.0148463094245204,True,0.0034196910214755734,30
BTCUSDT,bear,none,2026-03-18,0.4248100681577986,0.299036769545868,2.3775854879065874,False,-1.0148463094245204,True,0.0034196910214755734,30
BTCUSDT,bear,strict,2026-06-17,0.34424621137156963,0.22708190343050366,1.9381491464510388,True,1.914978292902072,True,0.024266591434478645,2
BTCUSDT,bear,half,2026-06-17,0.34424621137156963,0.22708190343050366,1.9381491464510388,True,1.914978292902072,True,0.024266591434478645,2
BTCUSDT,bear,none,2026-06-17,0.34424621137156963,0.22708190343050366,1.9381491464510388,True,1.914978292902072,True,0.024266591434478645,2
BTCUSDT,bear,strict,2026-07-16,0.824604077162834,0.6362564232162417,3.3780958237826417,False,-1.0356689215631465,False,0.00411717631202074,3
BTCUSDT,bear,half,2026-07-16,0.824604077162834,0.6362564232162417,3.3780958237826417,False,-1.0356689215631465,False,0.00411717631202074,3
BTCUSDT,bear,none,2026-07-16,0.824604077162834,0.6362564232162417,3.3780958237826417,False,-1.0356689215631465,False,0.00411717631202074,3
SOLUSDT,bull,strict,2021-07-21,0.8916144070148178,0.6349963926965979,2.4744809688581295,True,2.468712153979237,True,0.06815028580942348,2
SOLUSDT,bull,half,2021-07-21,0.8916144070148178,0.6349963926965979,2.4744809688581295,True,2.468712153979237,True,0.06815028580942348,2
SOLUSDT,bull,none,2021-07-21,0.8916144070148178,0.6349963926965979,2.4744809688581295,True,2.468712153979237,True,0.06815028580942348,2
SOLUSDT,bull,none,2021-10-01,0.5187533125106129,0.2819454664272224,1.1906086351882827,True,1.1870972599465452,True,0.030292427150494756,11
SOLUSDT,bull,strict,2021-12-15,0.9166121861924685,0.6671188546025104,2.673894529970521,False,-1.0058444153291843,False,0.038514971234309796,30
SOLUSDT,bull,half,2021-11-29,0.6478981433054393,0.45591167625523016,2.3747073596390424,False,-1.0086951432341549,True,0.02110028765690371,14
SOLUSDT,bull,none,2021-11-29,0.6478981433054393,0.45591167625523016,2.3747073596390424,False,-1.0086951432341549,True,0.02110028765690371,14
SOLUSDT,bull,strict,2022-07-04,0.7087719298245614,0.3625730994152045,1.0472972972972963,True,1.0410962837837827,True,0.05029239766081869,0
SOLUSDT,bull,half,2022-07-04,0.7087719298245614,0.3625730994152045,1.0472972972972963,True,1.0410962837837827,True,0.05029239766081869,0
SOLUSDT,bull,none,2022-07-04,0.7087719298245614,0.3625730994152045,1.0472972972972963,True,1.0410962837837827,True,0.05029239766081869,0
SOLUSDT,bull,half,2023-02-15,0.37759270898805786,0.15750052377959364,0.7156116135173733,True,0.7099328891004291,False,0.08432851456107268,9
SOLUSDT,bull,none,2023-02-15,0.37759270898805786,0.15750052377959364,0.7156116135173733,True,0.7099328891004291,False,0.08432851456107268,9
SOLUSDT,bull,strict,2023-07-26,0.518566185232852,0.40116306782973454,3.416971173365813,False,-1.0102164027608607,False,0.026121359454692877,2
SOLUSDT,bull,half,2023-07-26,0.518566185232852,0.40116306782973454,3.416971173365813,False,-1.0102164027608607,False,0.026121359454692877,2
SOLUSDT,bull,none,2023-07-26,0.518566185232852,0.40116306782973454,3.416971173365813,False,-1.0102164027608607,False,0.026121359454692877,2
SOLUSDT,bull,none,2024-01-26,0.4521193388492057,0.32677773798978504,2.607097210736035,True,2.6001608149763173,True,0.04554364009875797,18
SOLUSDT,bull,strict,2024-08-06,0.9047397811034175,0.5905472414563324,1.879571176704772,True,1.875466985156117,True,0.0006164842528480395,127
SOLUSDT,bull,half,2024-08-06,0.9047397811034175,0.5905472414563324,1.879571176704772,True,1.875466985156117,True,0.0006164842528480395,127
SOLUSDT,bull,none,2024-05-18,0.8711905293723475,0.34063882063882067,0.6420464113704489,False,-1.002901535818935,False,0.135662273844092,47
SOLUSDT,bull,strict,2024-10-14,0.6966474492514895,0.10273242575456581,0.17297495717432032,True,0.1665502895831628,True,0.06722058039823597,7
SOLUSDT,bull,half,2024-10-14,0.6966474492514895,0.10273242575456581,0.17297495717432032,True,0.1665502895831628,True,0.06722058039823597,7
SOLUSDT,bull,none,2024-10-14,0.6966474492514895,0.10273242575456581,0.17297495717432032,True,0.1665502895831628,True,0.06722058039823597,7
SOLUSDT,bull,strict,2025-01-02,0.8159839430708877,0.5151902198704499,1.7127691841067638,False,-1.0063139217470427,False,0.045616275887236574,31
SOLUSDT,bull,half,2025-01-02,0.8159839430708877,0.5151902198704499,1.7127691841067638,False,-1.0063139217470427,False,0.045616275887236574,31
SOLUSDT,bull,none,2025-01-02,0.8159839430708877,0.5151902198704499,1.7127691841067638,False,-1.0063139217470427,False,0.045616275887236574,31
SOLUSDT,bull,strict,2025-06-23,0.6686851211072664,0.4677768166089965,2.3283100107642625,True,2.320537674919268,True,0.003243944636678324,21
SOLUSDT,bull,half,2025-06-23,0.6686851211072664,0.4677768166089965,2.3283100107642625,True,2.320537674919268,True,0.003243944636678324,21
SOLUSDT,bull,none,2025-06-23,0.6686851211072664,0.4677768166089965,2.3283100107642625,True,2.320537674919268,True,0.003243944636678324,21
SOLUSDT,bull,none,2025-08-07,0.6292023322168465,0.3868006450812555,1.5957011258955998,True,1.5867318321392025,True,0.07654137203820886,3
SOLUSDT,bull,strict,2026-04-07,0.9519927536231884,0.5484601449275359,1.3591470258136908,True,1.3495465768799086,True,0.04619565217391348,8
SOLUSDT,bull,half,2026-04-07,0.9519927536231884,0.5484601449275359,1.3591470258136908,True,1.3495465768799086,True,0.04619565217391348,8
SOLUSDT,bull,none,2026-04-07,0.9519927536231884,0.5484601449275359,1.3591470258136908,True,1.3495465768799086,True,0.04619565217391348,8
SOLUSDT,bull,strict,2026-05-05,0.6676136363636358,0.3174715909090909,0.9066937119675468,True,0.8892008113590275,True,0.06321022727272732,8
SOLUSDT,bull,half,2026-05-05,0.6676136363636358,0.3174715909090909,0.9066937119675468,True,0.8892008113590275,True,0.06321022727272732,8
SOLUSDT,bull,none,2026-05-05,0.6676136363636358,0.3174715909090909,0.9066937119675468,True,0.8892008113590275,True,0.06321022727272732,8
SOLUSDT,bull,none,2026-07-20,0.5330661322645293,0.3086172344689378,1.374999999999998,False,-1.0173660714285715,False,0.057615230460922144,7
SOLUSDT,bear,none,2020-12-11,0.8682359495786615,0.11623372101121252,0.1545656603074644,True,0.15323152435636236,False,0.239153144369385,25
SOLUSDT,bear,strict,2021-07-10,0.7478315003112679,0.4810126582278481,1.802768704308602,False,-1.0049289158500545,True,0.0289271633118904,5
SOLUSDT,bear,half,2021-07-10,0.7478315003112679,0.4810126582278481,1.802768704308602,False,-1.0049289158500545,True,0.0289271633118904,5
SOLUSDT,bear,none,2021-07-10,0.7478315003112679,0.4810126582278481,1.802768704308602,False,-1.0049289158500545,True,0.0289271633118904,5
SOLUSDT,bear,strict,2021-10-05,0.6191997143253914,0.4877199595294306,3.7094681252357624,False,-1.0124288947566955,True,0.006011069891086501,1
SOLUSDT,bear,half,2021-10-05,0.6191997143253914,0.4877199595294306,3.7094681252357624,False,-1.0124288947566955,True,0.006011069891086501,1
SOLUSDT,bear,none,2021-10-05,0.6191997143253914,0.4877199595294306,3.7094681252357624,False,-1.0124288947566955,True,0.006011069891086501,1
SOLUSDT,bear,none,2022-02-11,0.3318024333252759,0.12682297961485775,0.6187106918238993,True,0.6149198113207546,False,0.05680444766739181,4
SOLUSDT,bear,strict,2022-06-28,0.15189198791970154,0.0844732634570972,1.2529644268774711,False,-1.0046534914361,False,0.006928406466512713,1
SOLUSDT,bear,half,2022-06-28,0.15189198791970154,0.0844732634570972,1.2529644268774711,False,-1.0046534914361,False,0.006928406466512713,1
SOLUSDT,bear,none,2022-06-28,0.15189198791970154,0.0844732634570972,1.2529644268774711,False,-1.0046534914361,False,0.006928406466512713,1
SOLUSDT,bear,strict,2022-09-13,0.4886363636363636,0.16558441558441567,0.5125628140703522,True,0.5070418760469017,True,0.014069264069264342,1
SOLUSDT,bear,half,2022-09-13,0.4886363636363636,0.16558441558441567,0.5125628140703522,True,0.5070418760469017,True,0.014069264069264342,1
SOLUSDT,bear,none,2022-09-13,0.4886363636363636,0.16558441558441567,0.5125628140703522,True,0.5070418760469017,True,0.014069264069264342,1
SOLUSDT,bear,none,2023-03-27,0.7095993546652327,0.3490185533745631,0.9679343773303506,False,-1.0049433258762117,False,0.10253652415523873,7
SOLUSDT,bear,none,2023-06-28,0.5297514695266575,0.3472207899350315,1.9022598870056526,False,-1.0090209039548024,False,0.03681550995153133,9
SOLUSDT,bear,half,2023-09-26,0.6803710731604472,0.3575795909761751,1.1077726975832758,False,-1.0124206401045068,False,0.0900274088129875,1
SOLUSDT,bear,none,2023-09-26,0.6803710731604472,0.3575795909761751,1.1077726975832758,False,-1.0124206401045068,False,0.0900274088129875,1
SOLUSDT,bear,none,2024-02-22,0.8311517778982034,0.4761557380466049,1.3412987317989677,False,-1.005977278064819,False,0.03930968360498552,17
SOLUSDT,bear,strict,2024-08-02,0.8817265184346349,0.43330647444413,0.9662959545432476,True,0.9625877567869463,True,0.06109671377861037,102
SOLUSDT,bear,half,2024-05-26,0.827957925913021,0.550839521766589,1.9877406679764227,False,-1.006424557956778,True,0.040996101831485735,34
SOLUSDT,bear,none,2024-05-26,0.827957925913021,0.550839521766589,1.9877406679764227,False,-1.006424557956778,True,0.040996101831485735,34
SOLUSDT,bear,strict,2024-11-04,0.8754529038958587,0.5748545396608089,1.9123674911660777,False,-1.0061982724774243,False,0.018529227791481195,77
SOLUSDT,bear,half,2024-11-04,0.8754529038958587,0.5748545396608089,1.9123674911660777,False,-1.0061982724774243,False,0.018529227791481195,77
SOLUSDT,bear,none,2024-11-04,0.8754529038958587,0.5748545396608089,1.9123674911660777,False,-1.0061982724774243,False,0.018529227791481195,77
SOLUSDT,bear,strict,2024-10-02,0.9865220092720931,0.46845576638149405,0.9042391254209139,False,-1.0064616449098205,False,0.01290445920757043,16
SOLUSDT,bear,half,2024-10-02,0.9865220092720931,0.46845576638149405,0.9042391254209139,False,-1.0064616449098205,False,0.01290445920757043,16
SOLUSDT,bear,none,2024-10-02,0.9865220092720931,0.46845576638149405,0.9042391254209139,False,-1.0064616449098205,False,0.01290445920757043,16
SOLUSDT,bear,half,2025-01-07,0.5360017889087656,0.30042486583184264,1.2752728998576182,True,1.2656824869482683,True,0.03331842576028611,8
SOLUSDT,bear,none,2025-01-07,0.5360017889087656,0.30042486583184264,1.2752728998576182,True,1.2656824869482683,True,0.03331842576028611,8
SOLUSDT,bear,half,2025-03-28,0.19361157969200626,0.09555422539043361,0.9744728079911198,True,0.9672924528301875,True,0.02231049681667298,4
SOLUSDT,bear,none,2025-03-28,0.19361157969200626,0.09555422539043361,0.9744728079911198,True,0.9672924528301875,True,0.02231049681667298,4
SOLUSDT,bear,strict,2025-08-11,0.6119873817034699,0.3751971608832808,1.5845129059117415,False,-1.0145503746877602,False,0.021293375394322012,0
SOLUSDT,bear,half,2025-08-11,0.6119873817034699,0.3751971608832808,1.5845129059117415,False,-1.0145503746877602,False,0.021293375394322012,0
SOLUSDT,bear,none,2025-08-11,0.6119873817034699,0.3751971608832808,1.5845129059117415,False,-1.0145503746877602,False,0.021293375394322012,0
SOLUSDT,bear,strict,2025-10-07,0.7490839573044449,0.46391588338378204,1.6268156424581004,True,1.6145340782122903,True,0.06866337422335513,1
SOLUSDT,bear,half,2025-10-07,0.7490839573044449,0.46391588338378204,1.6268156424581004,True,1.6145340782122903,True,0.06866337422335513,1
SOLUSDT,bear,none,2025-10-07,0.7490839573044449,0.46391588338378204,1.6268156424581004,True,1.6145340782122903,True,0.06866337422335513,1
SOLUSDT,bear,strict,2025-12-05,0.30671570953962984,0.14475557664926436,0.8937728937728936,True,0.8840131868131866,True,0.04805410536307559,4
SOLUSDT,bear,half,2025-12-05,0.30671570953962984,0.14475557664926436,0.8937728937728936,True,0.8840131868131866,True,0.04805410536307559,4
SOLUSDT,bear,none,2025-12-05,0.30671570953962984,0.14475557664926436,0.8937728937728936,True,0.8840131868131866,True,0.04805410536307559,4
SOLUSDT,bear,strict,2026-02-18,0.293215556373451,0.17494785915838534,1.479253112033194,False,-1.0084595435684647,False,0.02429149797570855,2
SOLUSDT,bear,half,2026-02-18,0.293215556373451,0.17494785915838534,1.479253112033194,False,-1.0084595435684647,False,0.02429149797570855,2
SOLUSDT,bear,none,2026-02-18,0.293215556373451,0.17494785915838534,1.479253112033194,False,-1.0084595435684647,False,0.02429149797570855,2
SOLUSDT,bear,none,2026-04-19,0.6698382492863935,0.3225499524262606,0.9287671232876717,False,-1.0114260273972602,False,0.06898192197906766,6
SOLUSDT,bear,strict,2026-07-08,0.624315157839812,0.4633446386642318,2.878444084278775,False,-1.0126077795786061,True,0.035220453952517466,23
SOLUSDT,bear,half,2026-07-08,0.624315157839812,0.4633446386642318,2.878444084278775,False,-1.0126077795786061,True,0.035220453952517466,23
SOLUSDT,bear,none,2026-06-24,0.41821027915470915,0.2097573702061047,1.006257822277845,False,-1.0085193992490613,False,0.02791547091051415,9
BNBUSDT,bull,strict,2020-05-19,0.37870767162423324,0.07747248130409215,0.2571827057182708,True,0.2523807531380755,True,0.0018485841525920901,8
BNBUSDT,bull,half,2020-05-19,0.37870767162423324,0.07747248130409215,0.2571827057182708,True,0.2523807531380755,True,0.0018485841525920901,8
BNBUSDT,bull,none,2020-05-19,0.37870767162423324,0.07747248130409215,0.2571827057182708,True,0.2523807531380755,True,0.0018485841525920901,8
BNBUSDT,bull,strict,2020-07-06,0.767072640278382,0.4140930839495432,1.1731361675908802,True,1.1630782501540349,True,0.04306220095693788,21
BNBUSDT,bull,half,2020-07-06,0.767072640278382,0.4140930839495432,1.1731361675908802,True,1.1630782501540349,True,0.04306220095693788,21
BNBUSDT,bull,none,2020-07-06,0.767072640278382,0.4140930839495432,1.1731361675908802,True,1.1630782501540349,True,0.04306220095693788,21
BNBUSDT,bull,strict,2020-09-28,0.7203477809499093,0.41065403581624715,1.3260004190236752,True,1.3203492562329775,True,0.0021411886841420777,0
BNBUSDT,bull,half,2020-09-28,0.7203477809499093,0.41065403581624715,1.3260004190236752,True,1.3203492562329775,True,0.0021411886841420777,0
BNBUSDT,bull,none,2020-09-28,0.7203477809499093,0.41065403581624715,1.3260004190236752,True,1.3203492562329775,True,0.0021411886841420777,0
BNBUSDT,bull,none,2021-09-30,0.7542640318581411,0.49947404012322494,1.9603361840165152,True,1.9546318195222658,True,0.03106920129235848,24
BNBUSDT,bull,strict,2021-12-08,0.7736918907650614,0.26141338336460307,0.5102954341987472,False,-1.0049405876129243,False,0.03839899937460928,23
BNBUSDT,bull,half,2021-11-25,0.6395247029393369,0.12695434646654177,0.24768179599804832,False,-1.0052000976085895,False,0.15480508651240354,10
BNBUSDT,bull,none,2021-11-25,0.6395247029393369,0.12695434646654177,0.24768179599804832,False,-1.0052000976085895,False,0.15480508651240354,10
BNBUSDT,bull,strict,2022-03-16,0.6611811171713371,0.41480157983825466,1.6835877862595432,True,1.6688835877862607,True,0.008463419221365216,2
BNBUSDT,bull,half,2022-03-16,0.6611811171713371,0.41480157983825466,1.6835877862595432,True,1.6688835877862607,True,0.008463419221365216,2
BNBUSDT,bull,none,2022-03-16,0.6611811171713371,0.41480157983825466,1.6835877862595432,True,1.6688835877862607,True,0.008463419221365216,2
BNBUSDT,bull,strict,2022-09-22,0.8266666666666665,0.6327179487179488,3.2622950819672183,False,-1.014553675304072,True,0.013230769230769445,31
BNBUSDT,bull,half,2022-09-22,0.8266666666666665,0.6327179487179488,3.2622950819672183,False,-1.014553675304072,True,0.013230769230769445,31
BNBUSDT,bull,none,2022-09-10,0.8118974358974358,0.4146666666666663,1.0438936225148445,False,-1.0076547895688097,False,0.11343589743589749,19
BNBUSDT,bull,strict,2023-03-12,0.7534260584986706,0.5127838003681733,2.130896727581807,True,2.1186553336166565,True,0.07189609327060721,27
BNBUSDT,bull,half,2023-03-12,0.7534260584986706,0.5127838003681733,2.130896727581807,True,2.1186553336166565,True,0.07189609327060721,27
BNBUSDT,bull,none,2023-03-12,0.7534260584986706,0.5127838003681733,2.130896727581807,True,2.1186553336166565,True,0.07189609327060721,27
BNBUSDT,bull,half,2023-04-11,0.5948806300762981,0.28550332266797923,0.922832140015911,True,0.9100011933174225,True,0.06965296578882561,15
BNBUSDT,bull,none,2023-04-11,0.5948806300762981,0.28550332266797923,0.922832140015911,True,0.9100011933174225,True,0.06965296578882561,15
BNBUSDT,bull,half,2023-04-25,0.6730662728447485,0.2503230570426435,0.5921397379912656,False,-1.0147615720524017,False,0.18792689680635044,1
BNBUSDT,bull,none,2023-04-25,0.6730662728447485,0.2503230570426435,0.5921397379912656,False,-1.0147615720524017,False,0.18792689680635044,1
BNBUSDT,bull,strict,2023-08-01,0.6525634644101541,0.33623693379790914,1.0629425649095188,False,-1.0195019669551535,False,0.0380786460925834,8
BNBUSDT,bull,half,2023-08-01,0.6525634644101541,0.33623693379790914,1.0629425649095188,False,-1.0195019669551535,False,0.0380786460925834,8
BNBUSDT,bull,none,2023-08-01,0.6525634644101541,0.33623693379790914,1.0629425649095188,False,-1.0195019669551535,False,0.0380786460925834,8
BNBUSDT,bull,none,2023-09-16,0.9694719471947191,0.6672167216721667,2.2074613284804343,False,-1.0195395814376707,False,0.040154015401539574,5
BNBUSDT,bull,half,2024-04-10,0.6641475702909145,0.08963107427271232,0.15601131541725577,True,0.14738288543140005,False,0.17365512758004237,2
BNBUSDT,bull,none,2024-04-10,0.6641475702909145,0.08963107427271232,0.15601131541725577,True,0.14738288543140005,False,0.17365512758004237,2
BNBUSDT,bull,strict,2024-09-09,0.6325157044570746,0.3936583906670657,1.6480901690670025,True,1.6372592360676286,True,0.026373516801276118,7
BNBUSDT,bull,half,2024-09-09,0.6325157044570746,0.3936583906670657,1.6480901690670025,True,1.6372592360676286,True,0.026373516801276118,7
BNBUSDT,bull,none,2024-09-09,0.6325157044570746,0.3936583906670657,1.6480901690670025,True,1.6372592360676286,True,0.026373516801276118,7
BNBUSDT,bull,strict,2024-12-23,0.8790475241606059,0.49865497658662955,1.3108957569408068,False,-1.0090872184389732,False,0.0015442861412770022,7
BNBUSDT,bull,half,2024-12-23,0.8790475241606059,0.49865497658662955,1.3108957569408068,False,-1.0090872184389732,False,0.0015442861412770022,7
BNBUSDT,bull,none,2024-12-23,0.8790475241606059,0.49865497658662955,1.3108957569408068,False,-1.0090872184389732,False,0.0015442861412770022,7
BNBUSDT,bull,none,2025-03-15,0.9679617092837739,0.48005691863222816,0.9839151568714102,True,0.9784390631904557,True,0.07140701134060602,19
BNBUSDT,bull,none,2025-04-12,0.9774240231548484,0.34413892908827765,0.5434186471663611,True,0.5365960923217542,True,0.15130246020260477,5
BNBUSDT,bull,none,2026-01-28,0.7345145187372567,0.40104056809393207,1.202614379084965,False,-1.0190482816782627,False,0.04647402095197928,2
BNBUSDT,bull,half,2026-09-17,0.34746400885935796,0.1884828349944632,1.1855670103092808,True,1.1649793814433014,True,0.04788482834994439,3
BNBUSDT,bull,none,2026-09-17,0.34746400885935796,0.1884828349944632,1.1855670103092808,True,1.1649793814433014,True,0.04788482834994439,3
BNBUSDT,bear,strict,2020-05-21,0.8249389838029728,0.5473707566008433,1.9720223820943286,False,-1.012867306155076,False,0.0015531395606829148,3
BNBUSDT,bear,half,2020-05-21,0.8249389838029728,0.5473707566008433,1.9720223820943286,False,-1.012867306155076,False,0.0015531395606829148,3
BNBUSDT,bear,none,2020-05-21,0.8249389838029728,0.5473707566008433,1.9720223820943286,False,-1.012867306155076,False,0.0015531395606829148,3
BNBUSDT,bear,strict,2020-11-02,0.9230769230769231,0.5050441361916771,1.20814479638009,False,-1.0059915966386554,False,0.02314898216537574,28
BNBUSDT,bear,half,2020-11-02,0.9230769230769231,0.5050441361916771,1.20814479638009,False,-1.0059915966386554,False,0.02314898216537574,28
BNBUSDT,bear,none,2020-10-30,0.9230769230769231,0.5682759863087733,1.6016755521706019,False,-1.0072376237623761,False,0.1109709962168978,25
BNBUSDT,bear,strict,2021-11-10,0.9519470275655929,0.8354159747592163,7.169041681510512,False,,True,0.024244437064098203,163
BNBUSDT,bear,half,2021-06-07,0.45881766854865497,0.30484058452341417,1.9797789161499055,False,-1.0048260986788893,True,0.05529724344071734,7
BNBUSDT,bear,none,2021-06-07,0.45881766854865497,0.30484058452341417,1.9797789161499055,False,-1.0048260986788893,True,0.05529724344071734,7
BNBUSDT,bear,strict,2021-08-03,0.5944106573993627,0.4752389226759339,3.9878493317132437,False,-1.01310085054678,False,0.012935611545516009,29
BNBUSDT,bear,half,2021-08-03,0.5944106573993627,0.4752389226759339,3.9878493317132437,False,-1.01310085054678,False,0.012935611545516009,29
BNBUSDT,bear,none,2021-07-16,0.5523699198764359,0.3750844676127038,2.1157092295126585,False,-1.0082414919684182,True,0.05039096437880103,11
BNBUSDT,bear,none,2021-10-27,0.9344523584200826,0.6455147681426505,2.2340975693845864,False,-1.0077340113773487,False,0.034766150321262936,23
BNBUSDT,bear,none,2022-02-13,0.46464389996191446,0.26295967161779016,1.3038187159043213,True,1.2954716743600494,True,0.029029664423849844,13
BNBUSDT,bear,strict,2022-05-26,0.614796822023177,0.43651637062901666,2.4484814078910007,True,2.439890718137949,True,0.005161682101108151,3
BNBUSDT,bear,half,2022-05-26,0.614796822023177,0.43651637062901666,2.4484814078910007,True,2.439890718137949,True,0.005161682101108151,3
BNBUSDT,bear,none,2022-05-26,0.614796822023177,0.43651637062901666,2.4484814078910007,True,2.439890718137949,True,0.005161682101108151,3
BNBUSDT,bear,strict,2022-07-25,0.5926021560906332,0.39719837324898327,2.0327056491575832,False,-1.008077304261645,False,6.455361177470355e-05,28
BNBUSDT,bear,half,2022-06-29,0.4033955199793429,0.2361371118714093,1.4118101119258981,False,-1.0084735623311463,False,0.04712413659544241,2
BNBUSDT,bear,none,2022-06-29,0.4033955199793429,0.2361371118714093,1.4118101119258981,False,-1.0084735623311463,False,0.04712413659544241,2
BNBUSDT,bear,none,2022-12-14,0.4567942171231513,0.12321772000795797,0.36938369781312086,True,0.3640616302186875,False,0.17017043570528526,9
BNBUSDT,bear,strict,2023-01-18,0.972746542848491,0.6814373675179166,2.3392238392238376,False,-1.0099251559251559,False,0.045220551125466454,23
BNBUSDT,bear,half,2023-01-18,0.972746542848491,0.6814373675179166,2.3392238392238376,False,-1.0099251559251559,False,0.045220551125466454,23
BNBUSDT,bear,none,2023-01-18,0.972746542848491,0.6814373675179166,2.3392238392238376,False,-1.0099251559251559,False,0.045220551125466454,23
BNBUSDT,bear,none,2023-02-28,0.8193548387096777,0.33691756272401446,0.6983655274888558,True,0.6871775631500743,True,0.040860215053763964,1
BNBUSDT,bear,strict,2023-05-31,0.330434782608696,0.11660079051383349,0.5452865064694963,True,0.516922365988905,True,0.0543478260869565,9
BNBUSDT,bear,half,2023-05-31,0.330434782608696,0.11660079051383349,0.5452865064694963,True,0.516922365988905,True,0.0543478260869565,9
BNBUSDT,bear,none,2023-05-31,0.330434782608696,0.11660079051383349,0.5452865064694963,True,0.516922365988905,True,0.0543478260869565,9
BNBUSDT,bear,half,2023-07-05,0.3855914858780188,0.19289807613589838,1.0010621348911302,False,-1.012684545937334,False,0.00869832173557125,9
BNBUSDT,bear,none,2023-07-05,0.3855914858780188,0.19289807613589838,1.0010621348911302,False,-1.012684545937334,False,0.00869832173557125,9
BNBUSDT,bear,none,2023-09-10,0.7871833730244641,0.20870318250703634,0.36077844311377305,True,0.35283383233532994,False,0.048278848235549184,6
BNBUSDT,bear,half,2023-12-17,0.6937099358974356,0.32992788461538447,0.9069383259911895,False,-1.013159140969163,False,0.08293269230769258,6
BNBUSDT,bear,none,2023-12-17,0.6937099358974356,0.32992788461538447,0.9069383259911895,False,-1.013159140969163,False,0.08293269230769258,6
BNBUSDT,bear,none,2024-07-24,0.5669142920501162,0.45145433714011146,3.9100512163892427,True,3.8916523687580007,True,0.026166980818272262,9
BNBUSDT,bear,none,2024-08-27,0.9609543429310594,0.6509845254635173,2.100154559505407,False,-1.0082406491499227,False,0.07516887845542061,8
BNBUSDT,bear,strict,2024-09-16,0.7166390793725858,0.4916055805154883,2.1845884413310017,False,-1.0186819614711033,False,0.019784030897769297,0
BNBUSDT,bear,half,2024-09-16,0.7166390793725858,0.4916055805154883,2.1845884413310017,False,-1.0186819614711033,False,0.019784030897769297,0
BNBUSDT,bear,none,2024-09-16,0.7166390793725858,0.4916055805154883,2.1845884413310017,False,-1.0186819614711033,False,0.019784030897769297,0
BNBUSDT,bear,half,2024-10-31,0.926686901704413,0.5056035489143132,1.2007208206265632,False,-1.0159886332131967,False,0.10786831660051248,17
BNBUSDT,bear,none,2024-10-31,0.926686901704413,0.5056035489143132,1.2007208206265632,False,-1.0159886332131967,False,0.10786831660051248,17
BNBUSDT,bear,half,2025-01-26,0.7279836790207413,0.2782500283350335,0.6186995967741937,True,0.6102993951612905,True,0.07180097472514993,27
BNBUSDT,bear,none,2025-01-26,0.7279836790207413,0.2782500283350335,0.6186995967741937,True,0.6102993951612905,True,0.07180097472514993,27
BNBUSDT,bear,none,2025-02-24,0.9390589569161,0.4657434402332359,0.9840020532124204,False,-1.0052533150825562,False,0.05162779397473275,7
BNBUSDT,bear,none,2025-04-06,0.6156450463292941,0.2177476835352815,0.5472458575906856,False,-1.0062175324675324,False,0.01541339985744798,13
BNBUSDT,bear,strict,2025-07-01,0.8019815418023885,0.6134636264929425,3.2541396688265003,False,-1.0465161987041036,False,0.029858849077090712,1
BNBUSDT,bear,half,2025-07-01,0.8019815418023885,0.6134636264929425,3.2541396688265003,False,-1.0465161987041036,False,0.029858849077090712,1
BNBUSDT,bear,none,2025-07-01,0.8019815418023885,0.6134636264929425,3.2541396688265003,False,-1.0465161987041036,False,0.029858849077090712,1
BNBUSDT,bear,strict,2025-12-05,0.352082482645978,0.23746937525520637,2.0719216210198206,False,-1.0196831440659095,True,0.003981216823193001,4
BNBUSDT,bear,half,2025-12-05,0.352082482645978,0.23746937525520637,2.0719216210198206,False,-1.0196831440659095,True,0.003981216823193001,4
BNBUSDT,bear,none,2025-12-01,0.29621784401796664,0.09072580645161307,0.44150521609538096,False,-1.0102641579731744,False,0.04111371988566765,0
BNBUSDT,bear,half,2026-03-18,0.2982239382239383,0.2055855855855856,2.219227563212003,True,2.2011150319533197,True,0.030321750321750253,30
BNBUSDT,bear,none,2026-03-18,0.2982239382239383,0.2055855855855856,2.219227563212003,True,2.2011150319533197,True,0.030321750321750253,30
BNBUSDT,bear,strict,2026-06-16,0.40208739655263276,0.2556533656633809,1.745860331173508,True,1.7240683945284394,True,0.0007379684782035018,1
BNBUSDT,bear,half,2026-06-16,0.40208739655263276,0.2556533656633809,1.745860331173508,True,1.7240683945284394,True,0.0007379684782035018,1
BNBUSDT,bear,none,2026-06-16,0.40208739655263276,0.2556533656633809,1.745860331173508,True,1.7240683945284394,True,0.0007379684782035018,1
BNBUSDT,bear,half,2026-08-16,0.8718831507563906,0.6886802295253008,3.7591116173120906,False,-1.034357630979499,False,0.017736045905059273,34
BNBUSDT,bear,none,2026-07-23,0.5896713615023482,0.3171622326551913,1.1638591117917338,False,-1.0217346860643186,False,0.013249869587897563,10
XRPUSDT,bull,strict,2020-08-30,0.47127856701667686,0.2865966646077826,1.5518394648829439,False,-1.0094782608695652,False,0.007411982705373557,20
XRPUSDT,bull,half,2020-08-30,0.47127856701667686,0.2865966646077826,1.5518394648829439,False,-1.0094782608695652,False,0.007411982705373557,20
XRPUSDT,bull,none,2020-08-30,0.47127856701667686,0.2865966646077826,1.5518394648829439,False,-1.0094782608695652,False,0.007411982705373557,20
XRPUSDT,bull,strict,2021-01-29,0.662531017369727,0.44119106699751853,1.9932735426008963,True,1.9869215246636767,True,0.004962779156327549,11
XRPUSDT,bull,half,2021-01-29,0.662531017369727,0.44119106699751853,1.9932735426008963,True,1.9869215246636767,True,0.004962779156327549,11
XRPUSDT,bull,none,2021-01-29,0.662531017369727,0.44119106699751853,1.9932735426008963,True,1.9869215246636767,True,0.004962779156327549,11
XRPUSDT,bull,strict,2021-04-26,0.6812334584846435,0.37705422539545763,1.2395791177660864,False,-1.0027608255766896,False,0.047147165630577956,0
XRPUSDT,bull,half,2021-04-26,0.6812334584846435,0.37705422539545763,1.2395791177660864,False,-1.0027608255766896,False,0.047147165630577956,0
XRPUSDT,bull,none,2021-04-26,0.6812334584846435,0.37705422539545763,1.2395791177660864,False,-1.0027608255766896,False,0.047147165630577956,0
XRPUSDT,bull,none,2021-09-01,0.3598035692897353,0.13534555036531318,0.6029882604055495,True,0.5963874066168622,False,0.023835189843094746,9
XRPUSDT,bull,strict,2022-05-04,0.9619433198380567,0.7330634278002697,3.202830188679241,False,-1.0076143867924527,False,0.00944669365721983,62
XRPUSDT,bull,half,2022-05-04,0.9619433198380567,0.7330634278002697,3.202830188679241,False,-1.0076143867924527,False,0.00944669365721983,62
XRPUSDT,bull,none,2022-05-04,0.9619433198380567,0.7330634278002697,3.202830188679241,False,-1.0076143867924527,False,0.00944669365721983,62
XRPUSDT,bull,strict,2022-07-07,0.8143712574850299,0.45009980039920183,1.2356164383561659,False,-1.0093671232876713,False,0.018962075848302964,3
XRPUSDT,bull,half,2022-07-07,0.8143712574850299,0.45009980039920183,1.2356164383561659,False,-1.0093671232876713,False,0.018962075848302964,3
XRPUSDT,bull,none,2022-07-07,0.8143712574850299,0.45009980039920183,1.2356164383561659,False,-1.0093671232876713,False,0.018962075848302964,3
XRPUSDT,bull,none,2022-09-17,0.8941605839416058,0.3093065693430656,0.5288611544461777,True,0.5229937597503899,True,0.23905109489051102,40
XRPUSDT,bull,strict,2023-02-14,0.5329912023460411,0.37683284457478017,2.413145539906105,False,-1.017924882629108,True,0.010263929618768422,8
XRPUSDT,bull,half,2023-02-14,0.5329912023460411,0.37683284457478017,2.413145539906105,False,-1.017924882629108,True,0.010263929618768422,8
XRPUSDT,bull,none,2023-02-14,0.5329912023460411,0.37683284457478017,2.413145539906105,False,-1.017924882629108,True,0.010263929618768422,8
XRPUSDT,bull,strict,2023-05-30,0.7497904442581725,0.2740989103101425,0.5762114537444936,True,0.5716281938325993,True,0.041911148365465244,50
XRPUSDT,bull,half,2023-05-20,0.7497904442581725,0.49119865884325237,1.8995137763371162,True,1.8919222042139394,True,0.008801341156747656,40
XRPUSDT,bull,none,2023-05-20,0.7497904442581725,0.49119865884325237,1.8995137763371162,True,1.8919222042139394,True,0.008801341156747656,40
XRPUSDT,bull,strict,2023-10-16,0.8405172413793105,0.5624999999999997,2.0232558139534835,True,2.003980620155034,True,0.03232758620689658,7
XRPUSDT,bull,half,2023-10-16,0.8405172413793105,0.5624999999999997,2.0232558139534835,True,2.003980620155034,True,0.03232758620689658,7
XRPUSDT,bull,none,2023-10-16,0.8405172413793105,0.5624999999999997,2.0232558139534835,True,2.003980620155034,True,0.03232758620689658,7
XRPUSDT,bull,none,2024-04-08,0.7924610051993071,0.564558058925477,2.477186311787075,False,-1.0116958174904942,False,0.0069324090121314335,14
XRPUSDT,bull,none,2024-12-17,0.4180314377417496,0.1442268126080157,0.5267508265704834,True,0.5228952509768555,True,0.029133404658052732,1
XRPUSDT,bull,strict,2025-01-03,0.9274855212355212,0.33120173745173714,0.5554431404289754,True,0.5504767300687973,True,0.012186293436293434,4
XRPUSDT,bull,half,2025-01-03,0.9274855212355212,0.33120173745173714,0.5554431404289754,True,0.5504767300687973,True,0.012186293436293434,4
XRPUSDT,bull,none,2025-01-03,0.9274855212355212,0.33120173745173714,0.5554431404289754,True,0.5504767300687973,True,0.012186293436293434,4
XRPUSDT,bull,none,2025-01-30,0.5383197447713577,0.19659695143566133,0.575311203319503,False,-1.0064875518672198,False,0.012619638426089907,3
XRPUSDT,bull,strict,2025-03-14,0.8941185936117145,0.5237750422399227,1.4142950249837054,False,-1.005117314794699,False,0.03282645426019788,4
XRPUSDT,bull,half,2025-03-14,0.8941185936117145,0.5237750422399227,1.4142950249837054,False,-1.005117314794699,False,0.03282645426019788,4
XRPUSDT,bull,none,2025-03-14,0.8941185936117145,0.5237750422399227,1.4142950249837054,False,-1.005117314794699,False,0.03282645426019788,4
XRPUSDT,bull,strict,2025-06-03,0.9965469613259672,0.7099447513812158,2.4771084337349407,False,-1.0135168674698796,False,0.050759668508287094,8
XRPUSDT,bull,half,2025-06-03,0.9965469613259672,0.7099447513812158,2.4771084337349407,False,-1.0135168674698796,False,0.050759668508287094,8
XRPUSDT,bull,none,2025-06-03,0.9965469613259672,0.7099447513812158,2.4771084337349407,False,-1.0135168674698796,False,0.050759668508287094,8
XRPUSDT,bull,half,2025-09-08,0.5513768775603095,0.39593764223941735,2.547218155197656,False,-1.0108663982430455,False,0.06121984524351371,42
XRPUSDT,bull,none,2025-09-08,0.5513768775603095,0.39593764223941735,2.547218155197656,False,-1.0108663982430455,False,0.06121984524351371,42
XRPUSDT,bull,strict,2026-02-25,0.6483058525095123,0.42779489037869173,1.9400164338537398,False,-1.0117764995891536,False,0.019387570211995202,2
XRPUSDT,bull,half,2026-02-25,0.6483058525095123,0.42779489037869173,1.9400164338537398,False,-1.0117764995891536,False,0.019387570211995202,2
XRPUSDT,bull,none,2026-02-25,0.6483058525095123,0.42779489037869173,1.9400164338537398,False,-1.0117764995891536,False,0.019387570211995202,2
XRPUSDT,bull,none,2026-04-16,0.9771581133194903,0.45772767724710806,0.8812107367218737,False,-1.0082929754426042,False,0.08602788490062271,17
XRPUSDT,bull,none,2026-05-06,0.7105943152454777,0.3664944013781228,1.065081351689616,True,1.0472578222778512,True,0.07321274763135277,9
XRPUSDT,bull,half,2026-07-14,0.746727376209448,0.41377347751849747,1.2427350427350425,False,-1.0189931623931623,False,0.022766078542970997,1
XRPUSDT,bull,none,2026-07-14,0.746727376209448,0.41377347751849747,1.2427350427350425,False,-1.0189931623931623,False,0.022766078542970997,1
XRPUSDT,bull,strict,2026-09-18,0.6353614289701368,0.4250627965392129,2.0212342402123413,False,,True,0.022885849846497306,18
XRPUSDT,bull,half,2026-09-18,0.6353614289701368,0.4250627965392129,2.0212342402123413,False,,True,0.022885849846497306,18
XRPUSDT,bull,none,2026-09-18,0.6353614289701368,0.4250627965392129,2.0212342402123413,False,,True,0.022885849846497306,18
XRPUSDT,bear,strict,2020-03-29,0.34837398373983736,0.24756097560975612,2.4556451612903243,False,-1.0065524193548387,False,0.015447154471544705,6
XRPUSDT,bear,half,2020-03-29,0.34837398373983736,0.24756097560975612,2.4556451612903243,False,-1.0065524193548387,False,0.015447154471544705,6
XRPUSDT,bear,none,2020-03-29,0.34837398373983736,0.24756097560975612,2.4556451612903243,False,-1.0065524193548387,False,0.015447154471544705,6
XRPUSDT,bear,strict,2021-05-04,0.721358872425009,0.46801590169859053,1.8473609129814557,False,-1.004950784593438,False,0.09179616913624875,1
XRPUSDT,bear,half,2021-05-04,0.721358872425009,0.46801590169859053,1.8473609129814557,False,-1.004950784593438,False,0.09179616913624875,1
XRPUSDT,bear,none,2021-05-04,0.721358872425009,0.46801590169859053,1.8473609129814557,False,-1.004950784593438,False,0.09179616913624875,1
XRPUSDT,bear,half,2021-06-05,0.40215647834610585,0.24300481197647475,1.5268756998880177,True,1.5217094064949606,True,0.03653537693815713,5
XRPUSDT,bear,none,2021-06-05,0.40215647834610585,0.24300481197647475,1.5268756998880177,True,1.5217094064949606,True,0.03653537693815713,5
XRPUSDT,bear,none,2021-10-18,0.6677379039457241,0.40296375647205845,1.521915037086984,False,-1.0073068105192178,True,0.05784681306909518,14
XRPUSDT,bear,strict,2021-12-24,0.5696430872310269,0.43319159902074467,3.1746931067044377,True,3.166075542965061,True,0.009277155005798201,11
XRPUSDT,bear,half,2021-12-24,0.5696430872310269,0.43319159902074467,3.1746931067044377,True,3.166075542965061,True,0.009277155005798201,11
XRPUSDT,bear,none,2021-12-24,0.5696430872310269,0.43319159902074467,3.1746931067044377,True,3.166075542965061,True,0.009277155005798201,11
XRPUSDT,bear,strict,2022-02-10,0.7854568581725674,0.5895696417214331,3.0097402597402585,True,3.0008127705627694,True,0.009751960992156134,10
XRPUSDT,bear,half,2022-02-10,0.7854568581725674,0.5895696417214331,3.0097402597402585,True,3.0008127705627694,True,0.009751960992156134,10
XRPUSDT,bear,none,2022-02-10,0.7854568581725674,0.5895696417214331,3.0097402597402585,True,3.0008127705627694,True,0.009751960992156134,10
XRPUSDT,bear,strict,2022-06-29,0.679322033898305,0.2881355932203388,0.7365684575389941,False,-1.0057071057192375,False,0.034576271186440626,2
XRPUSDT,bear,half,2022-06-29,0.679322033898305,0.2881355932203388,0.7365684575389941,False,-1.0057071057192375,False,0.034576271186440626,2
XRPUSDT,bear,none,2022-06-29,0.679322033898305,0.2881355932203388,0.7365684575389941,False,-1.0057071057192375,False,0.034576271186440626,2
XRPUSDT,bear,none,2022-12-11,0.5457286432160803,0.34974874371859294,1.7846153846153854,True,1.774856410256411,True,0.030150753768844248,20
XRPUSDT,bear,none,2023-11-16,0.6201508620689654,0.36602011494252873,1.4402826855123678,False,,True,0.07219827586206899,80
XRPUSDT,bear,strict,2023-09-27,0.7336898395721922,0.4545454545454542,1.6283524904214546,False,-1.019126436781609,False,0.001069518716577422,2
XRPUSDT,bear,half,2023-09-27,0.7336898395721922,0.4545454545454542,1.6283524904214546,False,-1.019126436781609,False,0.001069518716577422,2
XRPUSDT,bear,none,2023-09-27,0.7336898395721922,0.4545454545454542,1.6283524904214546,False,-1.019126436781609,False,0.001069518716577422,2
XRPUSDT,bear,half,2024-04-28,0.48092967818831944,0.297973778307509,1.6286644951140068,True,1.6203599348534206,True,0.02234803337306335,6
XRPUSDT,bear,none,2024-04-28,0.48092967818831944,0.297973778307509,1.6286644951140068,True,1.6203599348534206,True,0.02234803337306335,6
XRPUSDT,bear,none,2024-05-30,0.851013110846246,0.39213349225268235,0.854545454545456,True,0.8410649350649365,True,0.10011918951132259,3
XRPUSDT,bear,half,2024-06-23,0.6681818181818183,0.29181818181818203,0.7753623188405803,True,0.7637777777777783,True,0.0545454545454546,6
XRPUSDT,bear,none,2024-06-23,0.6681818181818183,0.29181818181818203,0.7753623188405803,True,0.7637777777777783,True,0.0545454545454546,6
XRPUSDT,bear,strict,2025-02-24,0.6531358566465532,0.3128542695191076,0.919398173025255,False,-1.004078273329751,False,0.019930517462058983,7
XRPUSDT,bear,half,2025-02-24,0.6531358566465532,0.3128542695191076,0.919398173025255,False,-1.004078273329751,False,0.019930517462058983,7
XRPUSDT,bear,none,2025-02-24,0.6531358566465532,0.3128542695191076,0.919398173025255,False,-1.004078273329751,False,0.019930517462058983,7
XRPUSDT,bear,none,2025-05-05,0.7684340067685366,0.5300994769767202,2.2241824440619604,False,-1.0091643717728056,False,0.05035380986565495,14
XRPUSDT,bear,none,2025-08-19,0.6979744136460554,0.14147121535181262,0.2542145593869738,True,0.24873697318007723,True,0.20063965884861418,8
XRPUSDT,bear,strict,2025-10-07,0.8320714424383615,0.3504173946806449,0.7275292220878692,True,0.7160382910116903,True,0.06348281887012173,1
XRPUSDT,bear,half,2025-10-07,0.8320714424383615,0.3504173946806449,0.7275292220878692,True,0.7160382910116903,True,0.06348281887012173,1
XRPUSDT,bear,none,2025-10-07,0.8320714424383615,0.3504173946806449,0.7275292220878692,True,0.7160382910116903,True,0.06348281887012173,1
XRPUSDT,bear,none,2025-10-30,0.79055109907282,0.6555891238670695,4.85758394442301,True,4.8481752219220455,True,0.03979581206375665,10
XRPUSDT,bear,none,2025-12-15,0.6118715451434591,0.10055277704659127,0.19665379665379668,True,0.1917722007722008,False,0.07370360621216147,14
XRPUSDT,bear,none,2026-01-09,0.7994071146245061,0.40056818181818166,1.004335707649426,True,0.9978488696190759,True,0.10326086956521756,11
XRPUSDT,bear,strict,2026-02-18,0.4245058072455965,0.2335974155834167,1.2236099919419827,True,1.2178843674456088,True,0.012229828474732732,2
XRPUSDT,bear,half,2026-02-18,0.4245058072455965,0.2335974155834167,1.2236099919419827,True,1.2178843674456088,True,0.012229828474732732,2
XRPUSDT,bear,none,2026-02-18,0.4245058072455965,0.2335974155834167,1.2236099919419827,True,1.2178843674456088,True,0.012229828474732732,2
XRPUSDT,bear,strict,2026-03-18,0.8427500000000001,0.4867499999999998,1.3672752808988746,True,1.3569943820224701,True,0.07150000000000047,9
XRPUSDT,bear,half,2026-03-18,0.8427500000000001,0.4867499999999998,1.3672752808988746,True,1.3569943820224701,True,0.07150000000000047,9
XRPUSDT,bear,none,2026-03-18,0.8427500000000001,0.4867499999999998,1.3672752808988746,True,1.3569943820224701,True,0.07150000000000047,9
XRPUSDT,bear,strict,2026-04-19,0.7049180327868855,0.35367334547662416,1.0069144338807252,False,-1.0120440795159895,False,0.04098360655737656,6
XRPUSDT,bear,half,2026-04-19,0.7049180327868855,0.35367334547662416,1.0069144338807252,False,-1.0120440795159895,False,0.04098360655737656,6
XRPUSDT,bear,none,2026-04-19,0.7049180327868855,0.35367334547662416,1.0069144338807252,False,-1.0120440795159895,False,0.04098360655737656,6
XRPUSDT,bear,strict,2026-06-18,0.48819527811124447,0.1940776310524209,0.659863945578231,True,0.6520680272108841,True,0.03321328531412555,3
XRPUSDT,bear,half,2026-06-18,0.48819527811124447,0.1940776310524209,0.659863945578231,True,0.6520680272108841,True,0.03321328531412555,3
XRPUSDT,bear,none,2026-06-18,0.48819527811124447,0.1940776310524209,0.659863945578231,True,0.6520680272108841,True,0.03321328531412555,3
XRPUSDT,bear,strict,2026-07-07,0.6167076167076168,0.3625833625833625,1.4267955801104961,True,1.4114447513812143,True,0.06563706563706544,1
XRPUSDT,bear,half,2026-07-07,0.6167076167076168,0.3625833625833625,1.4267955801104961,True,1.4114447513812143,True,0.06563706563706544,1
XRPUSDT,bear,none,2026-07-07,0.6167076167076168,0.3625833625833625,1.4267955801104961,True,1.4114447513812143,True,0.06563706563706544,1
ADAUSDT,bull,strict,2020-08-31,0.6169692737430167,0.37930633147113596,1.5959843290891291,False,-1.006005876591577,False,0.019203910614525123,28
ADAUSDT,bull,half,2020-08-31,0.6169692737430167,0.37930633147113596,1.5959843290891291,False,-1.006005876591577,False,0.019203910614525123,28
ADAUSDT,bull,none,2020-08-31,0.6169692737430167,0.37930633147113596,1.5959843290891291,False,-1.006005876591577,False,0.019203910614525123,28
ADAUSDT,bull,half,2021-03-16,0.36887029657839404,0.1722860209678131,0.8763977710460376,True,0.8717167433337073,True,0.00825626020085566,8
ADAUSDT,bull,none,2021-03-16,0.36887029657839404,0.1722860209678131,0.8763977710460376,True,0.8717167433337073,True,0.00825626020085566,8
ADAUSDT,bull,strict,2021-07-21,0.9595959595959596,0.6555555555555554,2.1561461794019925,True,2.148368770764119,True,0.06161616161616155,9
ADAUSDT,bull,half,2021-07-21,0.9595959595959596,0.6555555555555554,2.1561461794019925,True,2.148368770764119,True,0.06161616161616155,9
ADAUSDT,bull,none,2021-07-21,0.9595959595959596,0.6555555555555554,2.1561461794019925,True,2.148368770764119,True,0.06161616161616155,9
ADAUSDT,bull,strict,2022-01-17,0.9787070784577019,0.7218971801266065,2.8110177404295045,False,-1.002987675070028,False,0.006474199117590565,126
ADAUSDT,bull,half,2021-12-02,0.8110972568578554,0.6637253021292921,4.503742271396027,False,-1.0056010413276928,False,0.017360445041243053,80
ADAUSDT,bull,none,2021-12-02,0.8110972568578554,0.6637253021292921,4.503742271396027,False,-1.0056010413276928,False,0.017360445041243053,80
ADAUSDT,bull,strict,2022-03-19,0.8868281604844818,0.4065102195306588,0.8463356973995275,True,0.8392245862884165,True,0.003028009084027339,5
ADAUSDT,bull,half,2022-03-19,0.8868281604844818,0.4065102195306588,0.8463356973995275,True,0.8392245862884165,True,0.003028009084027339,5
ADAUSDT,bull,none,2022-03-19,0.8868281604844818,0.4065102195306588,0.8463356973995275,True,0.8392245862884165,True,0.003028009084027339,5
ADAUSDT,bull,half,2022-09-01,0.8878552971576228,0.7111111111111111,4.023391812865496,False,-1.0133684210526315,True,0.028940568475452164,10
ADAUSDT,bull,none,2022-09-01,0.8878552971576228,0.7111111111111111,4.023391812865496,False,-1.0133684210526315,True,0.028940568475452164,10
ADAUSDT,bull,half,2023-02-14,0.3965714285714287,0.15542857142857144,0.6445497630331751,True,0.6353862559241704,False,0.11257142857142856,1
ADAUSDT,bull,none,2023-02-14,0.3965714285714287,0.15542857142857144,0.6445497630331751,True,0.6353862559241704,False,0.11257142857142856,1
ADAUSDT,bull,half,2023-03-29,0.6826870562534135,0.22446750409612218,0.48986889153754415,True,0.48532896305125095,False,0.06444565811032212,30
ADAUSDT,bull,none,2023-03-29,0.6826870562534135,0.22446750409612218,0.48986889153754415,True,0.48532896305125095,False,0.06444565811032212,30
ADAUSDT,bull,half,2023-05-17,0.6928657799274486,0.5253929866989117,3.1371841155234645,False,-1.0135559566787005,False,0.016324062877872043,23
ADAUSDT,bull,none,2023-05-17,0.6928657799274486,0.5253929866989117,3.1371841155234645,False,-1.0135559566787005,False,0.016324062877872043,23
ADAUSDT,bull,strict,2024-01-10,0.4908639747349425,0.2600947439657116,1.1270772238514164,False,-1.0055347018572824,False,0.012858109632303017,16
ADAUSDT,bull,half,2024-01-10,0.4908639747349425,0.2600947439657116,1.1270772238514164,False,-1.0055347018572824,False,0.012858109632303017,16
ADAUSDT,bull,none,2024-01-10,0.4908639747349425,0.2600947439657116,1.1270772238514164,False,-1.0055347018572824,False,0.012858109632303017,16
ADAUSDT,bull,strict,2024-04-08,0.9648318042813456,0.754587155963303,3.5890909090909133,False,-1.011169090909091,False,0.038990825688073355,14
ADAUSDT,bull,half,2024-04-08,0.9648318042813456,0.754587155963303,3.5890909090909133,False,-1.011169090909091,False,0.038990825688073355,14
ADAUSDT,bull,none,2024-04-08,0.9648318042813456,0.754587155963303,3.5890909090909133,False,-1.011169090909091,False,0.038990825688073355,14
ADAUSDT,bull,none,2024-09-11,0.7773375594294774,0.3819334389857372,0.9659318637274553,True,0.9588577154308622,True,0.055467511885895465,9
ADAUSDT,bull,strict,2024-10-11,0.9441340782122905,0.7150837988826814,3.1219512195121926,False,-1.017151219512195,True,0.024581005586591945,4
ADAUSDT,bull,half,2024-10-11,0.9441340782122905,0.7150837988826814,3.1219512195121926,False,-1.017151219512195,True,0.024581005586591945,4
ADAUSDT,bull,none,2024-10-11,0.9441340782122905,0.7150837988826814,3.1219512195121926,False,-1.017151219512195,True,0.024581005586591945,4
ADAUSDT,bull,strict,2025-01-03,0.5623389494549058,0.23736372646184348,0.7304056114669111,False,-1.003322659347362,False,0.052031714568879964,18
ADAUSDT,bull,half,2025-01-03,0.5623389494549058,0.23736372646184348,0.7304056114669111,False,-1.003322659347362,False,0.052031714568879964,18
ADAUSDT,bull,none,2025-01-03,0.5623389494549058,0.23736372646184348,0.7304056114669111,False,-1.003322659347362,False,0.052031714568879964,18
ADAUSDT,bull,strict,2025-08-04,0.589508350976241,0.42342978122794644,2.549575070821531,True,2.538889518413599,True,0.018113385085861983,0
ADAUSDT,bull,half,2025-08-04,0.589508350976241,0.42342978122794644,2.549575070821531,True,2.538889518413599,True,0.018113385085861983,0
ADAUSDT,bull,none,2025-08-04,0.589508350976241,0.42342978122794644,2.549575070821531,True,2.538889518413599,True,0.018113385085861983,0
ADAUSDT,bull,none,2025-09-11,0.711097887533472,0.37548348705742324,1.1187943262411344,False,-1.0079228723404254,False,0.039869086581374814,17
ADAUSDT,bull,none,2026-03-13,0.7290322580645161,0.5161290322580644,2.424242424242422,False,-1.0134040404040403,True,0.04301075268817208,4
ADAUSDT,bull,strict,2026-07-30,0.7556634304207119,0.4886731391585762,1.830303030303032,True,1.8200181818181835,True,0.0080906148867314,17
ADAUSDT,bull,half,2026-07-30,0.7556634304207119,0.4886731391585762,1.830303030303032,True,1.8200181818181835,True,0.0080906148867314,17
ADAUSDT,bull,none,2026-07-17,0.7216828478964402,0.5388349514563107,2.9469026548672552,False,-1.0147433628318585,True,0.0161812297734628,4
ADAUSDT,bull,strict,2026-08-20,0.694017094017094,0.21709401709401693,0.4551971326164869,True,0.44806451612903175,True,0.03931623931623926,3
ADAUSDT,bull,half,2026-08-20,0.694017094017094,0.21709401709401693,0.4551971326164869,True,0.44806451612903175,True,0.03931623931623926,3
ADAUSDT,bull,none,2026-08-20,0.694017094017094,0.21709401709401693,0.4551971326164869,True,0.44806451612903175,True,0.03931623931623926,3
ADAUSDT,bull,strict,2026-09-03,0.659090909090909,0.35606060606060586,1.174999999999999,True,1.1680874999999988,True,0.03598484848484874,3
ADAUSDT,bull,half,2026-09-03,0.659090909090909,0.35606060606060586,1.174999999999999,True,1.1680874999999988,True,0.03598484848484874,3
ADAUSDT,bull,none,2026-09-03,0.659090909090909,0.35606060606060586,1.174999999999999,True,1.1680874999999988,True,0.03598484848484874,3
ADAUSDT,bear,strict,2020-05-21,0.7300145348837209,0.6288154069767442,6.213644524236986,False,-1.0093590664272891,False,0.008357558139534921,59
ADAUSDT,bear,half,2020-05-21,0.7300145348837209,0.6288154069767442,6.213644524236986,False,-1.0093590664272891,False,0.008357558139534921,59
ADAUSDT,bear,none,2020-04-15,0.35374273255813954,0.2601744186046512,2.7805825242718436,False,-1.0061825242718447,False,0.03561046511627913,23
ADAUSDT,bear,strict,2020-10-20,0.7360454115421002,0.5087984862819298,2.2389675270607814,False,-1.0085245628642798,True,0.03008514664143818,15
ADAUSDT,bear,half,2020-10-20,0.7360454115421002,0.5087984862819298,2.2389675270607814,False,-1.0085245628642798,True,0.03008514664143818,15
ADAUSDT,bear,none,2020-10-20,0.7360454115421002,0.5087984862819298,2.2389675270607814,False,-1.0085245628642798,True,0.03008514664143818,15
ADAUSDT,bear,strict,2021-07-13,0.5557426743011116,0.296845177949927,1.1465741543798778,False,-1.0054830875975715,True,0.013248007185359616,8
ADAUSDT,bear,half,2021-07-13,0.5557426743011116,0.296845177949927,1.1465741543798778,False,-1.0054830875975715,True,0.013248007185359616,8
ADAUSDT,bear,none,2021-07-13,0.5557426743011116,0.296845177949927,1.1465741543798778,False,-1.0054830875975715,True,0.013248007185359616,8
ADAUSDT,bear,strict,2021-12-29,0.3455074875207987,0.12895174708818619,0.5954667691125612,True,0.5903511333077207,True,0.00923460898502505,16
ADAUSDT,bear,half,2021-12-29,0.3455074875207987,0.12895174708818619,0.5954667691125612,True,0.5903511333077207,True,0.00923460898502505,16
ADAUSDT,bear,none,2021-12-29,0.3455074875207987,0.12895174708818619,0.5954667691125612,True,0.5903511333077207,True,0.00923460898502505,16
ADAUSDT,bear,none,2022-04-11,0.969814241486068,0.3372678018575852,0.5331905781584585,True,0.5303765677577243,True,0.17376160990712053,35
ADAUSDT,bear,none,2022-06-13,0.5712304339211415,0.1246284921735685,0.2790594498669033,True,0.27700177462289266,False,0.16861501882306326,21
ADAUSDT,bear,half,2022-08-17,0.6721083709621396,0.4755123306703717,2.4187279151943475,True,2.409219081272086,True,0.05036470996873899,23
ADAUSDT,bear,none,2022-08-17,0.6721083709621396,0.4755123306703717,2.4187279151943475,True,2.409219081272086,True,0.05036470996873899,23
ADAUSDT,bear,strict,2022-09-13,0.5884749708963912,0.23399301513387666,0.6600985221674878,True,0.6524926108374385,True,0.06577415599534361,1
ADAUSDT,bear,half,2022-09-13,0.5884749708963912,0.23399301513387666,0.6600985221674878,True,0.6524926108374385,True,0.06577415599534361,1
ADAUSDT,bear,none,2022-09-13,0.5884749708963912,0.23399301513387666,0.6600985221674878,True,0.6524926108374385,True,0.06577415599534361,1
ADAUSDT,bear,half,2023-06-01,0.33595113438045365,0.14223385689354262,0.7342342342342335,True,0.7178333333333327,True,0.07068062827225129,10
ADAUSDT,bear,none,2023-06-01,0.33595113438045365,0.14223385689354262,0.7342342342342335,True,0.7178333333333327,True,0.07068062827225129,10
ADAUSDT,bear,half,2023-06-28,0.5206367924528302,0.29481132075471694,1.3054830287206263,False,-1.0069634464751958,False,0.08726415094339612,9
ADAUSDT,bear,none,2023-06-28,0.5206367924528302,0.29481132075471694,1.3054830287206263,False,-1.0069634464751958,False,0.08726415094339612,9
ADAUSDT,bear,half,2023-10-09,0.7511415525114151,0.3333333333333333,0.7978142076502741,False,-1.0137213114754098,False,0.0547945205479455,14
ADAUSDT,bear,none,2023-10-09,0.7511415525114151,0.3333333333333333,0.7978142076502741,False,-1.0137213114754098,False,0.0547945205479455,14
ADAUSDT,bear,strict,2024-02-21,0.8408110440034511,0.6540120793787746,3.501154734411084,False,-1.0138337182448036,False,0.01466781708369266,16
ADAUSDT,bear,half,2024-02-21,0.8408110440034511,0.6540120793787746,3.501154734411084,False,-1.0138337182448036,False,0.01466781708369266,16
ADAUSDT,bear,none,2024-02-21,0.8408110440034511,0.6540120793787746,3.501154734411084,False,-1.0138337182448036,False,0.01466781708369266,16
ADAUSDT,bear,strict,2024-04-24,0.30499519692603266,0.18972142170989437,1.6458333333333341,True,1.635952083333334,True,0.02785782901056676,2
ADAUSDT,bear,half,2024-04-24,0.30499519692603266,0.18972142170989437,1.6458333333333341,True,1.635952083333334,True,0.02785782901056676,2
ADAUSDT,bear,none,2024-04-24,0.30499519692603266,0.18972142170989437,1.6458333333333341,True,1.635952083333334,True,0.02785782901056676,2
ADAUSDT,bear,strict,2024-05-22,0.8896353166986568,0.6295585412667948,2.420664206642065,True,2.4028154981549803,True,0.06909788867562368,9
ADAUSDT,bear,half,2024-05-22,0.8896353166986568,0.6295585412667948,2.420664206642065,True,2.4028154981549803,True,0.06909788867562368,9
ADAUSDT,bear,none,2024-05-22,0.8896353166986568,0.6295585412667948,2.420664206642065,True,2.4028154981549803,True,0.06909788867562368,9
ADAUSDT,bear,strict,2024-07-04,0.5137681159420289,0.06884057971014461,0.15472312703582983,True,0.148825732899022,False,0.060144927536232115,3
ADAUSDT,bear,half,2024-07-04,0.5137681159420289,0.06884057971014461,0.15472312703582983,True,0.148825732899022,False,0.060144927536232115,3
ADAUSDT,bear,none,2024-07-04,0.5137681159420289,0.06884057971014461,0.15472312703582983,True,0.148825732899022,False,0.060144927536232115,3
ADAUSDT,bear,half,2024-07-23,0.8043478260869564,0.5371853546910755,2.010706638115633,True,2.0019336188436845,True,0.0377574370709382,8
ADAUSDT,bear,none,2024-07-23,0.8043478260869564,0.5371853546910755,2.010706638115633,True,2.0019336188436845,True,0.0377574370709382,8
ADAUSDT,bear,half,2024-08-26,0.6957001102535834,0.5016538037486218,2.585227272727271,False,-1.0103977272727274,True,0.05678059536934969,7
ADAUSDT,bear,none,2024-08-26,0.6957001102535834,0.5016538037486218,2.585227272727271,False,-1.0103977272727274,True,0.05678059536934969,7
ADAUSDT,bear,strict,2025-01-19,0.7132534367289388,0.4067677123722241,1.3271995399654972,True,1.3214928119608969,True,0.02890377158970739,20
ADAUSDT,bear,half,2025-01-09,0.6880507578427916,0.2506168487839267,0.5729250604351332,False,-1.00364141821112,False,0.03753965456468098,10
ADAUSDT,bear,none,2025-01-08,0.6880507578427916,0.32534367289390204,0.896987366375122,False,-1.004597667638484,False,0.13112442721184356,9
ADAUSDT,bear,strict,2025-02-24,0.4892710394156141,0.26160401765332536,1.1490641711229954,False,-1.004552807486631,False,0.03393699589103635,7
ADAUSDT,bear,half,2025-02-24,0.4892710394156141,0.26160401765332536,1.1490641711229954,False,-1.004552807486631,False,0.03393699589103635,7
ADAUSDT,bear,none,2025-02-24,0.4892710394156141,0.26160401765332536,1.1490641711229954,False,-1.004552807486631,False,0.03393699589103635,7
ADAUSDT,bear,strict,2025-03-28,0.2418745275888133,0.11262282690854117,0.8713450292397656,True,0.8610277777777774,True,0.008881330309901809,4
ADAUSDT,bear,half,2025-03-28,0.2418745275888133,0.11262282690854117,0.8713450292397656,True,0.8610277777777774,True,0.008881330309901809,4
ADAUSDT,bear,none,2025-03-28,0.2418745275888133,0.11262282690854117,0.8713450292397656,True,0.8610277777777774,True,0.008881330309901809,4
ADAUSDT,bear,strict,2025-07-04,0.4585585585585586,0.2824324324324324,1.603580562659845,False,-1.01462915601023,False,0.027477477477477454,4
ADAUSDT,bear,half,2025-07-04,0.4585585585585586,0.2824324324324324,1.603580562659845,False,-1.01462915601023,False,0.027477477477477454,4
ADAUSDT,bear,none,2025-07-04,0.4585585585585586,0.2824324324324324,1.603580562659845,False,-1.01462915601023,False,0.027477477477477454,4
ADAUSDT,bear,strict,2025-08-11,0.6005586592178773,0.3531524341580208,1.4274193548387089,False,-1.0124564516129033,False,0.004389465283319991,0
ADAUSDT,bear,half,2025-08-11,0.6005586592178773,0.3531524341580208,1.4274193548387089,False,-1.0124564516129033,False,0.004389465283319991,0
ADAUSDT,bear,none,2025-08-11,0.6005586592178773,0.3531524341580208,1.4274193548387089,False,-1.0124564516129033,False,0.004389465283319991,0
ADAUSDT,bear,none,2026-01-20,0.7027546444586804,0.14670083279948734,0.26382488479262634,True,0.2597868663594466,True,0.1402946828955796,8
ADAUSDT,bear,strict,2026-02-18,0.37482710926694335,0.2443522360534807,1.8727915194346245,False,-1.009660777385159,False,0.01152604887044722,2
ADAUSDT,bear,half,2026-02-18,0.37482710926694335,0.2443522360534807,1.8727915194346245,False,-1.009660777385159,False,0.01152604887044722,2
ADAUSDT,bear,none,2026-02-18,0.37482710926694335,0.2443522360534807,1.8727915194346245,False,-1.009660777385159,False,0.01152604887044722,2
ADAUSDT,bear,none,2026-03-19,0.73598820058997,0.321533923303835,0.7758007117437739,True,0.7662846975088984,True,0.14306784660767025,3
ADAUSDT,bear,strict,2026-04-18,0.5625990491283682,0.2630744849445326,0.8783068783068773,False,-1.0131746031746032,False,0.02218700475435836,12
ADAUSDT,bear,half,2026-04-18,0.5625990491283682,0.2630744849445326,0.8783068783068773,False,-1.0131746031746032,False,0.02218700475435836,12
ADAUSDT,bear,none,2026-04-18,0.5625990491283682,0.2630744849445326,0.8783068783068773,False,-1.0131746031746032,False,0.02218700475435836,12
ADAUSDT,bear,strict,2026-06-16,0.29550321199143476,0.16987865810135624,1.3522727272727277,True,1.342482954545455,True,0.007137758743754466,1
ADAUSDT,bear,half,2026-06-16,0.29550321199143476,0.16987865810135624,1.3522727272727277,True,1.342482954545455,True,0.007137758743754466,1
ADAUSDT,bear,none,2026-06-16,0.29550321199143476,0.16987865810135624,1.3522727272727277,True,1.342482954545455,True,0.007137758743754466,1
DOGEUSDT,bull,half,2021-04-28,0.7282389417013667,0.33187946558163256,0.8373193668299651,True,0.835328500036927,True,0.06407751359341958,2
DOGEUSDT,bull,none,2021-04-28,0.7282389417013667,0.33187946558163256,0.8373193668299651,True,0.835328500036927,True,0.06407751359341958,2
DOGEUSDT,bull,strict,2021-07-21,0.8420119092867098,0.7972944956981445,17.829620090148097,False,-1.0061297488731487,True,0.00012957396081684396,65
DOGEUSDT,bull,half,2021-06-24,0.8370880987756701,0.6920948366216325,4.773289643530929,False,-1.0026160262138815,False,0.05525609573500109,38
DOGEUSDT,bull,none,2021-06-24,0.8370880987756701,0.6920948366216325,4.773289643530929,False,-1.0026160262138815,False,0.05525609573500109,38
DOGEUSDT,bull,strict,2021-10-01,0.9946577839230721,0.8135880837156684,4.493231516834432,False,-1.0077323845886845,True,0.030356357237131554,32
DOGEUSDT,bull,half,2021-09-05,0.5538306831751618,0.2354346049902583,0.7394393999210424,False,-1.0062131859455192,False,0.10049651184714982,6
DOGEUSDT,bull,none,2021-09-05,0.5538306831751618,0.2354346049902583,0.7394393999210424,False,-1.0062131859455192,False,0.10049651184714982,6
DOGEUSDT,bull,strict,2022-04-19,0.6882260146278505,0.5300444571920264,3.350861287398001,False,-1.0129229374433364,False,0.009321669295855612,1
DOGEUSDT,bull,half,2022-04-19,0.6882260146278505,0.5300444571920264,3.350861287398001,False,-1.0129229374433364,False,0.009321669295855612,1
DOGEUSDT,bull,none,2022-04-19,0.6882260146278505,0.5300444571920264,3.350861287398001,False,-1.0129229374433364,False,0.009321669295855612,1
DOGEUSDT,bull,half,2022-07-18,0.7207116482040953,0.3783148707620003,1.1049019607843118,True,1.0982813725490177,True,0.10406176569318536,7
DOGEUSDT,bull,none,2022-07-18,0.7207116482040953,0.3783148707620003,1.1049019607843118,True,1.0982813725490177,True,0.10406176569318536,7
DOGEUSDT,bull,strict,2023-01-04,0.8979513321150332,0.8252380494373376,11.34920634920633,False,-1.0096666666666667,True,0.008656343175916112,51
DOGEUSDT,bull,half,2023-01-04,0.8979513321150332,0.8252380494373376,11.34920634920633,False,-1.0096666666666667,True,0.008656343175916112,51
DOGEUSDT,bull,none,2023-01-04,0.8979513321150332,0.8252380494373376,11.34920634920633,False,-1.0096666666666667,True,0.008656343175916112,51
DOGEUSDT,bull,strict,2023-05-27,0.8635195139051183,0.7639635428838516,7.673708920187796,False,-1.0170281690140845,False,0.027109137648983275,40
DOGEUSDT,bull,half,2023-05-27,0.8635195139051183,0.7639635428838516,7.673708920187796,False,-1.0170281690140845,False,0.027109137648983275,40
DOGEUSDT,bull,none,2023-05-27,0.8635195139051183,0.7639635428838516,7.673708920187796,False,-1.0170281690140845,False,0.027109137648983275,40
DOGEUSDT,bull,strict,2024-09-09,0.7585024292655045,0.33295227207773664,0.782404298186703,True,0.7754365345869716,True,0.010288653901114579,7
DOGEUSDT,bull,half,2024-09-09,0.7585024292655045,0.33295227207773664,0.782404298186703,True,0.7754365345869716,True,0.010288653901114579,7
DOGEUSDT,bull,none,2024-09-09,0.7585024292655045,0.33295227207773664,0.782404298186703,True,0.7754365345869716,True,0.010288653901114579,7
DOGEUSDT,bull,none,2024-10-14,0.7198892478080293,0.35902168897092784,0.9948849104859355,True,0.9874271099744266,True,0.08606368251038292,7
DOGEUSDT,bull,none,2025-01-03,0.5799479166666667,0.27393229166666666,0.895157858905625,False,-1.0032321504552804,False,0.05122395833333339,18
DOGEUSDT,bull,strict,2025-06-23,0.9018475750577366,0.739183987682833,4.544249881684813,True,4.536502129673455,True,0.0043879907621248255,35
DOGEUSDT,bull,half,2025-06-23,0.9018475750577366,0.739183987682833,4.544249881684813,True,4.536502129673455,True,0.0043879907621248255,35
DOGEUSDT,bull,none,2025-06-23,0.9018475750577366,0.739183987682833,4.544249881684813,True,4.536502129673455,True,0.0043879907621248255,35
DOGEUSDT,bull,strict,2025-08-04,0.6834378661520435,0.5331862981597629,3.548623853211011,True,3.5389766055045886,True,0.0317044593011234,0
DOGEUSDT,bull,half,2025-08-04,0.6834378661520435,0.5331862981597629,3.548623853211011,True,3.5389766055045886,True,0.0317044593011234,0
DOGEUSDT,bull,none,2025-08-04,0.6834378661520435,0.5331862981597629,3.548623853211011,True,3.5389766055045886,True,0.0317044593011234,0
DOGEUSDT,bull,none,2025-09-07,0.7609632822952285,0.4028541697636393,1.1249481112494817,True,1.1154553756745544,True,0.11015311431544522,13
DOGEUSDT,bull,half,2025-10-02,0.8451076320939334,0.43913894324853253,1.0817064352856125,False,-1.0063126054470957,False,0.15968688845401174,10
DOGEUSDT,bull,none,2025-10-02,0.8451076320939334,0.43913894324853253,1.0817064352856125,False,-1.0063126054470957,False,0.15968688845401174,10
DOGEUSDT,bull,strict,2026-02-25,0.7356687898089169,0.44267515923566875,1.510869565217392,False,-1.0091403985507246,False,0.025212314225053246,2
DOGEUSDT,bull,half,2026-02-25,0.7356687898089169,0.44267515923566875,1.510869565217392,False,-1.0091403985507246,False,0.025212314225053246,2
DOGEUSDT,bull,none,2026-02-25,0.7356687898089169,0.44267515923566875,1.510869565217392,False,-1.0091403985507246,False,0.025212314225053246,2
DOGEUSDT,bull,strict,2026-04-07,0.9257812500000001,0.5323660714285716,1.353191489361703,True,1.3397290780141853,True,0.09263392857142826,8
DOGEUSDT,bull,half,2026-04-07,0.9257812500000001,0.5323660714285716,1.353191489361703,True,1.3397290780141853,True,0.09263392857142826,8
DOGEUSDT,bull,none,2026-04-07,0.9257812500000001,0.5323660714285716,1.353191489361703,True,1.3397290780141853,True,0.09263392857142826,8
DOGEUSDT,bull,strict,2026-09-03,0.6266068759342303,0.39641255605381137,1.7220779220779185,False,-1.0114012987012986,False,0.004783258594918007,3
DOGEUSDT,bull,half,2026-09-03,0.6266068759342303,0.39641255605381137,1.7220779220779185,False,-1.0114012987012986,False,0.004783258594918007,3
DOGEUSDT,bull,none,2026-09-03,0.6266068759342303,0.39641255605381137,1.7220779220779185,False,-1.0114012987012986,False,0.004783258594918007,3
DOGEUSDT,bear,none,2021-06-08,0.4580781869440422,0.23691687120927535,1.071240105540897,True,1.068554419525066,True,0.038422402065728445,8
DOGEUSDT,bear,strict,2021-07-08,0.44559366754617413,0.15546174142480212,0.5358312113495818,True,0.5333219352491816,False,0.018012313104661438,3
DOGEUSDT,bear,half,2021-07-08,0.44559366754617413,0.15546174142480212,0.5358312113495818,True,0.5333219352491816,False,0.018012313104661438,3
DOGEUSDT,bear,none,2021-07-08,0.44559366754617413,0.15546174142480212,0.5358312113495818,True,0.5333219352491816,False,0.018012313104661438,3
DOGEUSDT,bear,none,2021-08-24,0.6705252546320436,0.4502033580143915,2.043389081729252,True,2.0388318081413694,True,0.036986825181631676,22
DOGEUSDT,bear,none,2021-10-12,0.6144578313253012,0.2541144972045042,0.7052010489510484,False,-1.0049438374125874,False,0.044649184975194954,8
DOGEUSDT,bear,strict,2022-02-11,0.5605362379555928,0.26162547130289054,0.8752627890679741,True,0.8701997196916601,True,0.005446166736489241,11
DOGEUSDT,bear,half,2022-02-11,0.5605362379555928,0.26162547130289054,0.8752627890679741,True,0.8701997196916601,True,0.005446166736489241,11
DOGEUSDT,bear,none,2022-02-11,0.5605362379555928,0.26162547130289054,0.8752627890679741,True,0.8701997196916601,True,0.005446166736489241,11
DOGEUSDT,bear,strict,2022-06-28,0.24402031454783746,0.13949868938401053,1.3346394984326029,False,-1.0051755485893417,False,0.009092398427260812,1
DOGEUSDT,bear,half,2022-06-28,0.24402031454783746,0.13949868938401053,1.3346394984326029,False,-1.0051755485893417,False,0.009092398427260812,1
DOGEUSDT,bear,none,2022-06-28,0.24402031454783746,0.13949868938401053,1.3346394984326029,False,-1.0051755485893417,False,0.009092398427260812,1
DOGEUSDT,bear,none,2022-12-16,0.46886281588447654,0.06103339350180503,0.14965421853388652,True,0.14756154910096814,False,0.02865523465703972,25
DOGEUSDT,bear,strict,2023-01-18,0.5916162489196197,0.31244598098530685,1.1191950464396285,False,-1.0061904024767803,False,0.01620570440795161,9
DOGEUSDT,bear,half,2023-01-18,0.5916162489196197,0.31244598098530685,1.1191950464396285,False,-1.0061904024767803,False,0.01620570440795161,9
DOGEUSDT,bear,none,2023-01-18,0.5916162489196197,0.31244598098530685,1.1191950464396285,False,-1.0061904024767803,False,0.01620570440795161,9
DOGEUSDT,bear,half,2023-02-24,0.6322975517890772,0.10687382297551765,0.20340501792114637,True,0.1961577060931894,True,0.032956685499058024,4
DOGEUSDT,bear,none,2023-02-24,0.6322975517890772,0.10687382297551765,0.20340501792114637,True,0.1961577060931894,True,0.032956685499058024,4
DOGEUSDT,bear,half,2023-06-28,0.818945403639757,0.46336910872608456,1.3031496062992116,False,-1.0082034120734908,False,0.07746150256649531,9
DOGEUSDT,bear,none,2023-06-28,0.818945403639757,0.46336910872608456,1.3031496062992116,False,-1.0082034120734908,False,0.07746150256649531,9
DOGEUSDT,bear,none,2024-06-07,0.5028367496339676,0.2579612005856516,1.0534379671150982,True,1.0478994768310923,True,0.043557833089311736,25
DOGEUSDT,bear,strict,2024-07-31,0.627887592283877,0.3677065968087641,1.413272311212816,True,1.4076947368421067,True,0.003929507025482222,16
DOGEUSDT,bear,half,2024-07-31,0.627887592283877,0.3677065968087641,1.413272311212816,True,1.4076947368421067,True,0.003929507025482222,16
DOGEUSDT,bear,none,2024-07-31,0.627887592283877,0.3677065968087641,1.413272311212816,True,1.4076947368421067,True,0.003929507025482222,16
DOGEUSDT,bear,strict,2024-08-27,0.5526773021639554,0.2911072500394883,1.1129227053140094,False,-1.0059685990338165,False,0.0020533880903489377,8
DOGEUSDT,bear,half,2024-08-27,0.5526773021639554,0.2911072500394883,1.1129227053140094,False,-1.0059685990338165,False,0.0020533880903489377,8
DOGEUSDT,bear,none,2024-08-27,0.5526773021639554,0.2911072500394883,1.1129227053140094,False,-1.0059685990338165,False,0.0020533880903489377,8
DOGEUSDT,bear,strict,2025-01-19,0.7709923664122138,0.4307139649753031,1.2657693322776455,True,1.2610422275006596,True,0.02397844634036801,20
DOGEUSDT,bear,half,2025-01-19,0.7709923664122138,0.4307139649753031,1.2657693322776455,True,1.2610422275006596,True,0.02397844634036801,20
DOGEUSDT,bear,none,2025-01-08,0.6122137404580154,0.3581499775482712,1.4096854012018376,False,-1.0060455991516437,False,0.14140098787606628,9
DOGEUSDT,bear,strict,2025-03-28,0.21643609900106417,0.1285228794068175,1.4619289340101527,True,1.4548953533775872,True,0.0009955030723284902,4
DOGEUSDT,bear,half,2025-03-28,0.21643609900106417,0.1285228794068175,1.4619289340101527,True,1.4548953533775872,True,0.0009955030723284902,4
DOGEUSDT,bear,none,2025-03-28,0.21643609900106417,0.1285228794068175,1.4619289340101527,True,1.4548953533775872,True,0.0009955030723284902,4
DOGEUSDT,bear,strict,2025-07-04,0.5115408608858392,0.31519026824703655,1.6052422557585344,False,-1.0129301032565527,False,0.016843418590143447,4
DOGEUSDT,bear,half,2025-07-04,0.5115408608858392,0.31519026824703655,1.6052422557585344,False,-1.0129301032565527,False,0.016843418590143447,4
DOGEUSDT,bear,none,2025-07-04,0.5115408608858392,0.31519026824703655,1.6052422557585344,False,-1.0129301032565527,False,0.016843418590143447,4
DOGEUSDT,bear,strict,2025-08-11,0.5871319080274305,0.33753529649052044,1.3523232323232326,False,-1.0089688888888888,False,0.06736587333602252,0
DOGEUSDT,bear,half,2025-08-11,0.5871319080274305,0.33753529649052044,1.3523232323232326,False,-1.0089688888888888,False,0.06736587333602252,0
DOGEUSDT,bear,none,2025-08-11,0.5871319080274305,0.33753529649052044,1.3523232323232326,False,-1.0089688888888888,False,0.06736587333602252,0
DOGEUSDT,bear,none,2025-10-07,0.5785573694569875,0.3043880977191155,1.1102195945945945,True,1.0998010979729729,True,0.04063911080236176,1
DOGEUSDT,bear,strict,2026-05-16,0.504631441617743,0.38382257012393994,3.177105831533476,True,3.165299136069113,True,0.0035225048923678073,89
DOGEUSDT,bear,half,2026-05-16,0.504631441617743,0.38382257012393994,3.177105831533476,True,3.165299136069113,True,0.0035225048923678073,89
DOGEUSDT,bear,none,2026-02-22,0.49158512720156555,0.20365296803652963,0.7072949705482553,False,-1.0043280471227911,False,0.04905414220482712,6
DOGEUSDT,bear,strict,2026-03-18,0.9124236252545825,0.4414460285132387,0.937297297297299,False,-1.010291891891892,False,0.009674134419551715,2
DOGEUSDT,bear,half,2026-03-18,0.9124236252545825,0.4414460285132387,0.937297297297299,False,-1.010291891891892,False,0.009674134419551715,2
DOGEUSDT,bear,none,2026-03-18,0.9124236252545825,0.4414460285132387,0.937297297297299,False,-1.010291891891892,False,0.009674134419551715,2
LTCUSDT,bull,strict,2020-07-25,0.9178187403993856,0.1282642089093703,0.16245136186770442,True,0.15766342412451376,True,0.02227342549923188,75
LTCUSDT,bull,half,2020-07-06,0.9178187403993856,0.5222734254992316,1.3203883495145612,True,1.3118271844660174,True,0.06605222734254987,56
LTCUSDT,bull,none,2020-07-06,0.9178187403993856,0.5222734254992316,1.3203883495145612,True,1.3118271844660174,True,0.06605222734254987,56
LTCUSDT,bull,strict,2020-06-22,0.7558770343580468,0.5171790235081373,2.1666666666666656,False,-1.0167954545454545,False,0.015370705244123116,7
LTCUSDT,bull,half,2020-06-22,0.7558770343580468,0.5171790235081373,2.1666666666666656,False,-1.0167954545454545,False,0.015370705244123116,7
LTCUSDT,bull,none,2020-06-22,0.7558770343580468,0.5171790235081373,2.1666666666666656,False,-1.0167954545454545,False,0.015370705244123116,7
LTCUSDT,bull,strict,2020-08-13,0.5651644336175398,0.33414535119772637,1.4463971880492086,True,1.4363444639718799,True,0.04303694681282967,3
LTCUSDT,bull,half,2020-08-13,0.5651644336175398,0.33414535119772637,1.4463971880492086,True,1.4363444639718799,True,0.04303694681282967,3
LTCUSDT,bull,none,2020-08-13,0.5651644336175398,0.33414535119772637,1.4463971880492086,True,1.4363444639718799,True,0.04303694681282967,3
LTCUSDT,bull,strict,2021-03-12,0.7315363881401619,0.2069310743165191,0.3944509688784498,True,0.39120478567234296,True,0.08902579899884484,11
LTCUSDT,bull,half,2021-03-12,0.7315363881401619,0.2069310743165191,0.3944509688784498,True,0.39120478567234296,True,0.08902579899884484,11
LTCUSDT,bull,none,2021-03-12,0.7315363881401619,0.2069310743165191,0.3944509688784498,True,0.39120478567234296,True,0.08902579899884484,11
LTCUSDT,bull,strict,2021-03-26,0.8062685412098541,0.6050561073132981,3.007051282051283,True,2.995280128205129,True,0.03663098155552694,4
LTCUSDT,bull,half,2021-03-26,0.8062685412098541,0.6050561073132981,3.007051282051283,True,2.995280128205129,True,0.03663098155552694,4
LTCUSDT,bull,none,2021-03-26,0.8062685412098541,0.6050561073132981,3.007051282051283,True,2.995280128205129,True,0.03663098155552694,4
LTCUSDT,bull,none,2021-05-04,0.7800190408187552,0.18189932167083184,0.3041185833664942,True,0.3010791882212495,True,0.08580268951564927,8
LTCUSDT,bull,half,2022-07-14,0.7075705096486886,0.45571499257793174,1.809430255402752,True,1.7993536345776047,True,0.0638297872340425,10
LTCUSDT,bull,none,2022-07-14,0.7075705096486886,0.45571499257793174,1.809430255402752,True,1.7993536345776047,True,0.0638297872340425,10
LTCUSDT,bull,none,2023-01-02,0.6400850611376927,0.2740563530037215,0.7487291212781413,True,0.7433050108932466,True,0.10366826156299819,14
LTCUSDT,bull,strict,2023-03-12,0.9092122830440588,0.657543391188251,2.6127320954907156,True,2.605984969053934,True,0.024477080551846782,13
LTCUSDT,bull,half,2023-03-12,0.9092122830440588,0.657543391188251,2.6127320954907156,True,2.605984969053934,True,0.024477080551846782,13
LTCUSDT,bull,none,2023-03-12,0.9092122830440588,0.657543391188251,2.6127320954907156,True,2.605984969053934,True,0.024477080551846782,13
LTCUSDT,bull,strict,2023-05-15,0.7407983411093831,0.43286677034733034,1.4057239057239066,False,-1.0073131313131314,False,0.034214618973561255,14
LTCUSDT,bull,half,2023-05-15,0.7407983411093831,0.43286677034733034,1.4057239057239066,False,-1.0073131313131314,False,0.034214618973561255,14
LTCUSDT,bull,none,2023-05-15,0.7407983411093831,0.43286677034733034,1.4057239057239066,False,-1.0073131313131314,False,0.034214618973561255,14
LTCUSDT,bull,strict,2023-07-21,0.5782783229259587,0.4687778768956288,4.281059063136459,False,-1.0191507128309572,False,0.0006690454950936917,4
LTCUSDT,bull,half,2023-07-21,0.5782783229259587,0.4687778768956288,4.281059063136459,False,-1.0191507128309572,False,0.0006690454950936917,4
LTCUSDT,bull,none,2023-07-21,0.5782783229259587,0.4687778768956288,4.281059063136459,False,-1.0191507128309572,False,0.0006690454950936917,4
LTCUSDT,bull,half,2023-10-16,0.7823371989295268,0.5049063336306866,1.819935691318327,False,-1.0203118971061094,False,0.08831400535236412,7
LTCUSDT,bull,none,2023-10-16,0.7823371989295268,0.5049063336306866,1.819935691318327,False,-1.0203118971061094,False,0.08831400535236412,7
LTCUSDT,bull,none,2023-12-28,0.7891156462585038,0.20748299319727964,0.35672514619883183,False,-1.0089590643274853,False,0.1795918367346939,10
LTCUSDT,bull,none,2024-02-09,0.6676163342830008,0.3133903133903132,0.8847184986595166,True,0.8752493297587123,True,0.09876543209876537,18
LTCUSDT,bull,strict,2024-08-30,0.48544203282159865,0.17046056114346203,0.5411764705882348,True,0.5302689075630247,True,0.02382212811011131,4
LTCUSDT,bull,half,2024-08-30,0.48544203282159865,0.17046056114346203,0.5411764705882348,True,0.5302689075630247,True,0.02382212811011131,4
LTCUSDT,bull,none,2024-08-30,0.48544203282159865,0.17046056114346203,0.5411764705882348,True,0.5302689075630247,True,0.02382212811011131,4
LTCUSDT,bull,strict,2024-10-29,0.661312849162011,0.15432960893854705,0.3044077134986215,False,-1.0101900826446282,False,0.138966480446928,1
LTCUSDT,bull,half,2024-10-29,0.661312849162011,0.15432960893854705,0.3044077134986215,False,-1.0101900826446282,False,0.138966480446928,1
LTCUSDT,bull,none,2024-10-29,0.661312849162011,0.15432960893854705,0.3044077134986215,False,-1.0101900826446282,False,0.138966480446928,1
LTCUSDT,bull,strict,2024-12-23,0.7334780511336229,0.4897491558128316,2.0094012864918347,False,-1.005279564571994,True,0.02677279305354557,7
LTCUSDT,bull,half,2024-12-23,0.7334780511336229,0.4897491558128316,2.0094012864918347,False,-1.005279564571994,True,0.02677279305354557,7
LTCUSDT,bull,none,2024-12-23,0.7334780511336229,0.4897491558128316,2.0094012864918347,False,-1.005279564571994,True,0.02677279305354557,7
LTCUSDT,bull,strict,2025-01-30,0.6444485025566107,0.20434623813002184,0.4643153526970952,False,-1.0053966804979253,False,0.0023739956172390366,3
LTCUSDT,bull,half,2025-01-30,0.6444485025566107,0.20434623813002184,0.4643153526970952,False,-1.0053966804979253,False,0.0023739956172390366,3
LTCUSDT,bull,none,2025-01-30,0.6444485025566107,0.20434623813002184,0.4643153526970952,False,-1.0053966804979253,False,0.0023739956172390366,3
LTCUSDT,bull,strict,2025-03-19,0.9420625724217845,0.7627876179440488,4.254847645429358,False,-1.0086832871652816,False,0.005628207250455278,16
LTCUSDT,bull,half,2025-03-19,0.9420625724217845,0.7627876179440488,4.254847645429358,False,-1.0086832871652816,False,0.005628207250455278,16
LTCUSDT,bull,none,2025-03-19,0.9420625724217845,0.7627876179440488,4.254847645429358,False,-1.0086832871652816,False,0.005628207250455278,16
LTCUSDT,bull,strict,2025-06-23,0.7031072805624858,0.5046495804037197,2.5428571428571427,True,2.533158857142857,True,0.002268088001814664,35
LTCUSDT,bull,half,2025-06-23,0.7031072805624858,0.5046495804037197,2.5428571428571427,True,2.533158857142857,True,0.002268088001814664,35
LTCUSDT,bull,none,2025-06-10,0.5715581764572466,0.3139033794511228,1.21830985915493,False,-1.0082103873239436,False,0.11045588568836483,22
LTCUSDT,bull,strict,2025-08-04,0.41699092088197154,0.025291828793774354,0.06456953642384114,True,0.057880794701986836,False,0.03610030263726765,0
LTCUSDT,bull,half,2025-08-04,0.41699092088197154,0.025291828793774354,0.06456953642384114,True,0.057880794701986836,False,0.03610030263726765,0
LTCUSDT,bull,none,2025-08-04,0.41699092088197154,0.025291828793774354,0.06456953642384114,True,0.057880794701986836,False,0.03610030263726765,0
LTCUSDT,bull,strict,2025-09-02,0.8964963034394086,0.7232401157184185,4.174397031539888,False,-1.020721706864564,True,0.0012857602057218338,8
LTCUSDT,bull,half,2025-09-02,0.8964963034394086,0.7232401157184185,4.174397031539888,False,-1.020721706864564,True,0.0012857602057218338,8
LTCUSDT,bull,none,2025-09-02,0.8964963034394086,0.7232401157184185,4.174397031539888,False,-1.020721706864564,True,0.0012857602057218338,8
LTCUSDT,bull,half,2026-04-16,0.862788144895719,0.3183315038419318,0.5846774193548383,True,0.5733225806451608,False,0.06695938529088985,17
LTCUSDT,bull,none,2026-04-16,0.862788144895719,0.3183315038419318,0.5846774193548383,True,0.5733225806451608,False,0.06695938529088985,17
LTCUSDT,bull,strict,2026-07-14,0.47314949201741624,0.11175616835994238,0.30923694779116656,True,0.29101606425702997,True,0.004354136429608292,1
LTCUSDT,bull,half,2026-07-14,0.47314949201741624,0.11175616835994238,0.30923694779116656,True,0.29101606425702997,True,0.004354136429608292,1
LTCUSDT,bull,none,2026-07-14,0.47314949201741624,0.11175616835994238,0.30923694779116656,True,0.29101606425702997,True,0.004354136429608292,1
LTCUSDT,bull,none,2026-08-05,0.8694029850746277,0.5485074626865681,1.7093023255813993,False,-1.0263372093023255,False,0.02052238805970139,2
LTCUSDT,bull,strict,2026-09-03,0.6699669966996701,0.3316831683168318,0.9804878048780492,True,0.9679341463414638,True,0.028877887788778398,3
LTCUSDT,bull,half,2026-09-03,0.6699669966996701,0.3316831683168318,0.9804878048780492,True,0.9679341463414638,True,0.028877887788778398,3
LTCUSDT,bull,none,2026-09-03,0.6699669966996701,0.3316831683168318,0.9804878048780492,True,0.9679341463414638,True,0.028877887788778398,3
LTCUSDT,bear,strict,2020-05-06,0.4453355155482815,0.34811783960720133,3.5808080808080827,False,-1.0075673400673402,True,0.006219312602291367,44
LTCUSDT,bear,half,2020-05-06,0.4453355155482815,0.34811783960720133,3.5808080808080827,False,-1.0075673400673402,True,0.006219312602291367,44
LTCUSDT,bear,none,2020-04-15,0.3934533551554828,0.2541734860883797,1.8249118683901298,False,-1.0046075205640423,False,0.04320785597381343,23
LTCUSDT,bear,strict,2020-06-11,0.9301934398654332,0.35576114381833446,0.6193265007320635,True,0.6129970717423124,False,0.011774600504625784,24
LTCUSDT,bear,half,2020-06-11,0.9301934398654332,0.35576114381833446,0.6193265007320635,True,0.6129970717423124,False,0.011774600504625784,24
LTCUSDT,bear,none,2020-06-11,0.9301934398654332,0.35576114381833446,0.6193265007320635,True,0.6129970717423124,False,0.011774600504625784,24
LTCUSDT,bear,strict,2020-07-16,0.6330935251798557,0.28597122302158257,0.8238341968911918,False,-1.0109119170984455,False,0.07464028776978462,10
LTCUSDT,bear,half,2020-07-16,0.6330935251798557,0.28597122302158257,0.8238341968911918,False,-1.0109119170984455,False,0.07464028776978462,10
LTCUSDT,bear,none,2020-07-16,0.6330935251798557,0.28597122302158257,0.8238341968911918,False,-1.0109119170984455,False,0.07464028776978462,10
LTCUSDT,bear,strict,2020-10-16,0.4380165289256198,0.2640278381905176,1.5175,False,-1.011895,False,0.018268812527185804,11
LTCUSDT,bear,half,2020-10-16,0.4380165289256198,0.2640278381905176,1.5175,False,-1.011895,False,0.018268812527185804,11
LTCUSDT,bear,none,2020-10-16,0.4380165289256198,0.2640278381905176,1.5175,False,-1.011895,False,0.018268812527185804,11
LTCUSDT,bear,strict,2021-03-15,0.8161911780187387,0.5024739446257502,1.6016778523489947,False,-1.0067362416107382,True,0.09379934729971601,7
LTCUSDT,bear,half,2021-03-15,0.8161911780187387,0.5024739446257502,1.6016778523489947,False,-1.0067362416107382,True,0.09379934729971601,7
LTCUSDT,bear,none,2021-03-15,0.8161911780187387,0.5024739446257502,1.6016778523489947,False,-1.0067362416107382,True,0.09379934729971601,7
LTCUSDT,bear,half,2021-07-08,0.1433793795089127,0.0881239688136909,1.5948477751756425,True,1.5871153395784527,True,0.01478438096470519,3
LTCUSDT,bear,none,2021-07-08,0.1433793795089127,0.0881239688136909,1.5948477751756425,True,1.5871153395784527,True,0.01478438096470519,3
LTCUSDT,bear,strict,2021-08-24,0.28476565018374056,0.22496937657146537,3.7622641509433934,False,-1.009353638814016,False,0.0017407001482818386,22
LTCUSDT,bear,half,2021-08-24,0.28476565018374056,0.22496937657146537,3.7622641509433934,False,-1.009353638814016,False,0.0017407001482818386,22
LTCUSDT,bear,none,2021-08-24,0.28476565018374056,0.22496937657146537,3.7622641509433934,False,-1.009353638814016,False,0.0017407001482818386,22
LTCUSDT,bear,strict,2021-10-22,0.7787875658370341,0.5323763296499018,2.16051969823973,False,-1.008010896898575,False,0.03408034699989685,11
LTCUSDT,bear,half,2021-10-22,0.7787875658370341,0.5323763296499018,2.16051969823973,False,-1.008010896898575,False,0.03408034699989685,11
LTCUSDT,bear,none,2021-10-22,0.7787875658370341,0.5323763296499018,2.16051969823973,False,-1.008010896898575,False,0.03408034699989685,11
LTCUSDT,bear,strict,2022-02-11,0.6750815487164942,0.41667848532123103,1.6125137211855103,True,1.605624039517014,True,0.034037725145369534,11
LTCUSDT,bear,half,2022-02-11,0.6750815487164942,0.41667848532123103,1.6125137211855103,True,1.605624039517014,True,0.034037725145369534,11
LTCUSDT,bear,none,2022-02-11,0.6750815487164942,0.41667848532123103,1.6125137211855103,True,1.605624039517014,True,0.034037725145369534,11
LTCUSDT,bear,strict,2022-03-31,0.7980688497061292,0.582703610411419,2.705653021442498,True,2.6935799220272933,True,0.021410579345088377,10
LTCUSDT,bear,half,2022-03-31,0.7980688497061292,0.582703610411419,2.705653021442498,True,2.6935799220272933,True,0.021410579345088377,10
LTCUSDT,bear,none,2022-03-31,0.7980688497061292,0.582703610411419,2.705653021442498,True,2.6935799220272933,True,0.021410579345088377,10
LTCUSDT,bear,strict,2022-06-28,0.3022282039778675,0.18513533722147452,1.5810983397190301,False,-1.0067266922094509,False,0.011664423508299595,1
LTCUSDT,bear,half,2022-06-28,0.3022282039778675,0.18513533722147452,1.5810983397190301,False,-1.0067266922094509,False,0.011664423508299595,1
LTCUSDT,bear,none,2022-06-28,0.3022282039778675,0.18513533722147452,1.5810983397190301,False,-1.0067266922094509,False,0.011664423508299595,1
LTCUSDT,bear,strict,2022-09-06,0.7816901408450704,0.1746478873239439,0.28770301624129985,False,-1.0062749419953596,False,0.08661971830985941,1
LTCUSDT,bear,half,2022-09-06,0.7816901408450704,0.1746478873239439,0.28770301624129985,False,-1.0062749419953596,False,0.08661971830985941,1
LTCUSDT,bear,none,2022-09-06,0.7816901408450704,0.1746478873239439,0.28770301624129985,False,-1.0062749419953596,False,0.08661971830985941,1
LTCUSDT,bear,strict,2023-04-19,0.9441997063142438,0.6223690651003428,1.9338403041825112,False,-1.0068768060836502,True,0.003181595692609145,30
LTCUSDT,bear,half,2023-04-19,0.9441997063142438,0.6223690651003428,1.9338403041825112,False,-1.0068768060836502,True,0.003181595692609145,30
LTCUSDT,bear,none,2023-04-19,0.9441997063142438,0.6223690651003428,1.9338403041825112,False,-1.0068768060836502,True,0.003181595692609145,30
LTCUSDT,bear,strict,2023-05-24,0.6994401679496149,0.37683694891532526,1.1681127982646418,False,-1.0093026030368764,False,0.03533939818054602,2
LTCUSDT,bear,half,2023-05-24,0.6994401679496149,0.37683694891532526,1.1681127982646418,False,-1.0093026030368764,False,0.03533939818054602,2
LTCUSDT,bear,none,2023-05-24,0.6994401679496149,0.37683694891532526,1.1681127982646418,False,-1.0093026030368764,False,0.03533939818054602,2
LTCUSDT,bear,strict,2023-12-11,0.41049125728559543,0.2947543713572024,2.546762589928057,False,-1.0104604316546764,True,0.015320566194837664,105
LTCUSDT,bear,half,2023-11-20,0.3648626144879267,0.24196502914238138,1.9688346883468848,False,-1.009421409214092,False,0.004662781015820169,84
LTCUSDT,bear,none,2023-11-20,0.3648626144879267,0.24196502914238138,1.9688346883468848,False,-1.009421409214092,False,0.004662781015820169,84
LTCUSDT,bear,none,2023-10-09,0.8563789152024449,0.4132925897631784,0.9327586206896563,False,-1.0108672413793103,False,0.06493506493506451,14
LTCUSDT,bear,none,2024-01-22,0.9691670501610675,0.51449608835711,1.1315789473684215,False,-1.0068178137651822,False,0.07915324436263227,7
LTCUSDT,bear,strict,2024-04-30,0.4252413468330587,0.20955968919237122,0.9716157205240185,False,-1.0086713973799126,False,0.01177301624676242,8
LTCUSDT,bear,half,2024-04-30,0.4252413468330587,0.20955968919237122,0.9716157205240185,False,-1.0086713973799126,False,0.01177301624676242,8
LTCUSDT,bear,none,2024-04-30,0.4252413468330587,0.20955968919237122,0.9716157205240185,False,-1.0086713973799126,False,0.01177301624676242,8
LTCUSDT,bear,strict,2024-05-19,0.7290780141843968,0.5581560283687943,3.2655601659751103,False,-1.0341742738589212,False,0.00921985815602804,6
LTCUSDT,bear,half,2024-05-19,0.7290780141843968,0.5581560283687943,3.2655601659751103,False,-1.0341742738589212,False,0.00921985815602804,6
LTCUSDT,bear,none,2024-05-19,0.7290780141843968,0.5581560283687943,3.2655601659751103,False,-1.0341742738589212,False,0.00921985815602804,6
LTCUSDT,bear,strict,2024-08-02,0.6117293233082708,0.25864661654135324,0.7325383304940364,True,0.7269999999999989,True,0.004210526315789491,18
LTCUSDT,bear,half,2024-08-02,0.6117293233082708,0.25864661654135324,0.7325383304940364,True,0.7269999999999989,True,0.004210526315789491,18
LTCUSDT,bear,none,2024-08-02,0.6117293233082708,0.25864661654135324,0.7325383304940364,True,0.7269999999999989,True,0.004210526315789491,18
LTCUSDT,bear,strict,2024-08-26,0.6861605521249546,0.49909189974573187,2.667961165048541,False,-1.0122271844660193,False,0.0036324010170723352,7
LTCUSDT,bear,half,2024-08-26,0.6861605521249546,0.49909189974573187,2.667961165048541,False,-1.0122271844660193,False,0.0036324010170723352,7
LTCUSDT,bear,none,2024-08-26,0.6861605521249546,0.49909189974573187,2.667961165048541,False,-1.0122271844660193,False,0.0036324010170723352,7
LTCUSDT,bear,strict,2025-01-07,0.5080565603419928,0.26603091088457753,1.0991847826086962,False,-1.0069748641304348,False,0.022032226241368025,8
LTCUSDT,bear,half,2025-01-07,0.5080565603419928,0.26603091088457753,1.0991847826086962,False,-1.0069748641304348,False,0.022032226241368025,8
LTCUSDT,bear,none,2025-01-07,0.5080565603419928,0.26603091088457753,1.0991847826086962,False,-1.0069748641304348,False,0.022032226241368025,8
LTCUSDT,bear,strict,2025-04-30,0.749102870813397,0.6118421052631581,4.457516339869292,False,-1.0181873638344228,False,0.017045454545454346,9
LTCUSDT,bear,half,2025-04-30,0.749102870813397,0.6118421052631581,4.457516339869292,False,-1.0181873638344228,False,0.017045454545454346,9
LTCUSDT,bear,none,2025-04-30,0.749102870813397,0.6118421052631581,4.457516339869292,False,-1.0181873638344228,False,0.017045454545454346,9
LTCUSDT,bear,strict,2025-07-01,0.6842105263157893,0.3905817174515234,1.3301886792452833,False,-1.0156905660377358,False,0.010526315789473559,1
LTCUSDT,bear,half,2025-07-01,0.6842105263157893,0.3905817174515234,1.3301886792452833,False,-1.0156905660377358,False,0.010526315789473559,1
LTCUSDT,bear,none,2025-07-01,0.6842105263157893,0.3905817174515234,1.3301886792452833,False,-1.0156905660377358,False,0.010526315789473559,1
LTCUSDT,bear,strict,2026-01-11,0.8210455764075066,0.41286863270777546,1.0114942528735669,True,0.9985615763546835,True,0.0475871313672918,13
LTCUSDT,bear,half,2026-01-11,0.8210455764075066,0.41286863270777546,1.0114942528735669,True,0.9985615763546835,True,0.0475871313672918,13
LTCUSDT,bear,none,2026-01-11,0.8210455764075066,0.41286863270777546,1.0114942528735669,True,0.9985615763546835,True,0.0475871313672918,13
LTCUSDT,bear,strict,2026-03-18,0.35683814303638645,0.2772898368883312,3.485804416403783,False,-1.0176813880126183,True,0.022082810539523278,30
LTCUSDT,bear,half,2026-03-18,0.35683814303638645,0.2772898368883312,3.485804416403783,False,-1.0176813880126183,True,0.022082810539523278,30
LTCUSDT,bear,none,2026-02-18,0.29234629861982436,0.208030112923463,2.467261904761905,False,-1.015860119047619,False,0.026348808030113035,2
LTCUSDT,bear,strict,2026-06-18,0.29218516674962686,0.1672473867595818,1.3386454183266903,True,1.321183266932268,True,0.018417122946739542,3
LTCUSDT,bear,half,2026-06-18,0.29218516674962686,0.1672473867595818,1.3386454183266903,True,1.321183266932268,True,0.018417122946739542,3
LTCUSDT,bear,none,2026-06-18,0.29218516674962686,0.1672473867595818,1.3386454183266903,True,1.321183266932268,True,0.018417122946739542,3
LINKUSDT,bull,strict,2020-06-16,0.7240089753178757,0.43156320119670893,1.475703324808184,True,1.4653503836317132,True,0.013462976813761999,1
LINKUSDT,bull,half,2020-06-16,0.7240089753178757,0.43156320119670893,1.475703324808184,True,1.4653503836317132,True,0.013462976813761999,1
LINKUSDT,bull,none,2020-06-16,0.7240089753178757,0.43156320119670893,1.475703324808184,True,1.4653503836317132,True,0.013462976813761999,1
LINKUSDT,bull,strict,2020-09-24,0.9375541438059485,0.7530320531331215,4.080985915492957,True,4.077126369327073,True,0.027505053421888553,31
LINKUSDT,bull,half,2020-09-24,0.9375541438059485,0.7530320531331215,4.080985915492957,True,4.077126369327073,True,0.027505053421888553,31
LINKUSDT,bull,none,2020-09-24,0.9375541438059485,0.7530320531331215,4.080985915492957,True,4.077126369327073,True,0.027505053421888553,31
LINKUSDT,bull,strict,2020-11-05,0.7017275311611635,0.4327574896129455,1.6089430894308931,True,1.6000235772357712,True,0.008965668051607343,3
LINKUSDT,bull,half,2020-11-05,0.7017275311611635,0.4327574896129455,1.6089430894308931,True,1.6000235772357712,True,0.008965668051607343,3
LINKUSDT,bull,none,2020-11-05,0.7017275311611635,0.4327574896129455,1.6089430894308931,True,1.6000235772357712,True,0.008965668051607343,3
LINKUSDT,bull,none,2021-04-06,0.5646232747048497,0.0791656627542768,0.16307430516165658,True,0.16060869256948415,True,0.05452104774033648,36
LINKUSDT,bull,strict,2021-09-01,0.38866608544027903,0.04719558267945371,0.138212765957447,True,0.13314791489361721,True,0.05178727114210995,2
LINKUSDT,bull,half,2021-09-01,0.38866608544027903,0.04719558267945371,0.138212765957447,True,0.13314791489361721,True,0.05178727114210995,2
LINKUSDT,bull,none,2021-09-01,0.38866608544027903,0.04719558267945371,0.138212765957447,True,0.13314791489361721,True,0.05178727114210995,2
LINKUSDT,bull,strict,2022-03-16,0.7710520437793165,0.2689300871119054,0.5355871886121001,True,0.5290653914590752,True,0.03707840071476443,2
LINKUSDT,bull,half,2022-03-16,0.7710520437793165,0.2689300871119054,0.5355871886121001,True,0.5290653914590752,True,0.03707840071476443,2
LINKUSDT,bull,none,2022-03-16,0.7710520437793165,0.2689300871119054,0.5355871886121001,True,0.5290653914590752,True,0.03707840071476443,2
LINKUSDT,bull,none,2022-09-04,0.9667832167832168,0.6858974358974359,2.441908713692945,False,-1.0074159751037344,True,0.11276223776223762,13
LINKUSDT,bull,half,2023-09-25,0.8344729344729344,0.2831908831908833,0.513695090439277,True,0.5098263565891478,True,0.06666666666666665,56
LINKUSDT,bull,none,2023-08-08,0.4427350427350427,0.29259259259259257,1.9487666034155595,False,-1.0141423149905124,False,0.019088319088319133,8
LINKUSDT,bull,half,2023-10-16,0.4601735015772871,0.2949526813880124,1.7852028639618103,True,1.7672577565632424,True,0.0425867507886434,7
LINKUSDT,bull,none,2023-10-16,0.4601735015772871,0.2949526813880124,1.7852028639618103,True,1.7672577565632424,True,0.0425867507886434,7
LINKUSDT,bull,half,2023-12-02,0.39979123173277664,0.0710855949895615,0.21625912988250207,True,0.2111784693553506,False,0.04561586638830891,12
LINKUSDT,bull,none,2023-12-02,0.39979123173277664,0.0710855949895615,0.21625912988250207,True,0.2111784693553506,False,0.04561586638830891,12
LINKUSDT,bull,none,2023-12-27,0.3625730994152046,0.061598440545808764,0.20466321243523242,True,0.19924611398963657,False,0.06354775828460031,9
LINKUSDT,bull,none,2024-01-29,0.681404132415019,0.347922683848034,1.0433044636908737,True,1.0333104596935385,True,0.013996889580093451,0
LINKUSDT,bull,strict,2024-09-13,0.707114706492429,0.2580377515038373,0.5745958429561198,True,0.5693113163972283,True,0.020535158680771663,4
LINKUSDT,bull,half,2024-09-13,0.707114706492429,0.2580377515038373,0.5745958429561198,True,0.5693113163972283,True,0.020535158680771663,4
LINKUSDT,bull,none,2024-09-13,0.707114706492429,0.2580377515038373,0.5745958429561198,True,0.5693113163972283,True,0.020535158680771663,4
LINKUSDT,bull,strict,2024-10-11,0.7386486486486485,0.560810810810811,3.1534954407294875,False,-1.0165668693009118,True,0.013513513513513702,4
LINKUSDT,bull,half,2024-10-11,0.7386486486486485,0.560810810810811,3.1534954407294875,False,-1.0165668693009118,True,0.013513513513513702,4
LINKUSDT,bull,none,2024-10-11,0.7386486486486485,0.560810810810811,3.1534954407294875,False,-1.0165668693009118,True,0.013513513513513702,4
LINKUSDT,bull,strict,2025-01-03,0.5390913008091156,0.3574950926413558,1.9686264170841024,False,-1.0061903506459267,False,0.002106573466749676,11
LINKUSDT,bull,half,2025-01-03,0.5390913008091156,0.3574950926413558,1.9686264170841024,False,-1.0061903506459267,False,0.002106573466749676,11
LINKUSDT,bull,none,2024-12-24,0.5235792598266864,0.2647101067649734,1.022563343813575,False,-1.0047009432217495,False,0.042322976013788496,1
LINKUSDT,bull,half,2025-08-04,0.5189021785561725,0.3395984621956429,1.8939845145920207,True,1.883795711733176,True,0.06343442973088399,0
LINKUSDT,bull,none,2025-08-04,0.5189021785561725,0.3395984621956429,1.8939845145920207,True,1.883795711733176,True,0.06343442973088399,0
LINKUSDT,bull,strict,2025-09-03,0.4655408122235624,0.33590671491757135,2.591191066997521,False,-1.0146935483870967,False,0.0036188178528345923,2
LINKUSDT,bull,half,2025-09-03,0.4655408122235624,0.33590671491757135,2.591191066997521,False,-1.0146935483870967,False,0.0036188178528345923,2
LINKUSDT,bull,none,2025-09-03,0.4655408122235624,0.33590671491757135,2.591191066997521,False,-1.0146935483870967,False,0.0036188178528345923,2
LINKUSDT,bull,none,2026-04-01,0.9338924518993593,0.5614208189442528,1.5072847682119188,True,1.495445033112581,True,0.05525407005426746,2
LINKUSDT,bear,strict,2020-06-27,0.9966564502646975,0.8481471161883534,5.711069418386498,False,-1.0082701688555347,False,0.0039008080245194294,96
LINKUSDT,bear,half,2020-06-27,0.9966564502646975,0.8481471161883534,5.711069418386498,False,-1.0082701688555347,False,0.0039008080245194294,96
LINKUSDT,bear,none,2020-06-27,0.9966564502646975,0.8481471161883534,5.711069418386498,False,-1.0082701688555347,False,0.0039008080245194294,96
LINKUSDT,bear,strict,2020-12-23,0.701008701008701,0.28205128205128205,0.6732218342216503,False,-1.0020165410770079,False,0.013783013783013668,79
LINKUSDT,bear,half,2020-10-06,0.29837529837529836,0.11211211211211215,0.6019016122364619,False,-1.0036233980983877,False,0.04404404404404399,1
LINKUSDT,bear,none,2020-10-06,0.29837529837529836,0.11211211211211215,0.6019016122364619,False,-1.0036233980983877,False,0.04404404404404399,1
LINKUSDT,bear,strict,2021-04-03,0.7698122409168494,0.5273713728358935,2.1752577319587627,False,-1.0073728941413125,False,0.005120702267739552,26
LINKUSDT,bear,half,2021-03-12,0.6948914898805169,0.47073884418434525,2.1000815882512924,False,-1.007721784063095,True,0.07620092660326748,4
LINKUSDT,bear,none,2021-03-12,0.6948914898805169,0.47073884418434525,2.1000815882512924,False,-1.007721784063095,True,0.07620092660326748,4
LINKUSDT,bear,strict,2021-07-08,0.16548575027554713,0.0891723088227575,1.168500687757908,True,1.1621863823933964,True,0.009683514407179966,3
LINKUSDT,bear,half,2021-07-08,0.16548575027554713,0.0891723088227575,1.168500687757908,True,1.1621863823933964,True,0.009683514407179966,3
LINKUSDT,bear,none,2021-07-08,0.16548575027554713,0.0891723088227575,1.168500687757908,True,1.1621863823933964,True,0.009683514407179966,3
LINKUSDT,bear,strict,2021-12-28,0.40526067771923063,0.2290194062459839,1.2994652406417126,False,-1.0049535731648032,False,0.015250824658355897,15
LINKUSDT,bear,half,2021-12-28,0.40526067771923063,0.2290194062459839,1.2994652406417126,False,-1.0049535731648032,False,0.015250824658355897,15
LINKUSDT,bear,none,2021-12-28,0.40526067771923063,0.2290194062459839,1.2994652406417126,False,-1.0049535731648032,False,0.015250824658355897,15
LINKUSDT,bear,strict,2022-02-11,0.39789612097304417,0.1780407626561473,0.8098086124401912,True,0.8049674043062199,True,0.07094017094017076,4
LINKUSDT,bear,half,2022-02-11,0.39789612097304417,0.1780407626561473,0.8098086124401912,True,0.8049674043062199,True,0.07094017094017076,4
LINKUSDT,bear,none,2022-02-11,0.39789612097304417,0.1780407626561473,0.8098086124401912,True,0.8049674043062199,True,0.07094017094017076,4
LINKUSDT,bear,strict,2022-04-06,0.8515653775322284,0.4924493554327807,1.3712820512820498,True,1.3660174358974344,True,0.045549416820135316,30
LINKUSDT,bear,half,2022-04-06,0.8515653775322284,0.4924493554327807,1.3712820512820498,True,1.3660174358974344,True,0.045549416820135316,30
LINKUSDT,bear,none,2022-04-06,0.8515653775322284,0.4924493554327807,1.3712820512820498,True,1.3660174358974344,True,0.045549416820135316,30
LINKUSDT,bear,strict,2022-06-10,0.32432643498633346,0.19632955876610692,1.5338621110433177,True,1.5289609517998766,True,0.0018742678641156506,18
LINKUSDT,bear,half,2022-06-10,0.32432643498633346,0.19632955876610692,1.5338621110433177,True,1.5289609517998766,True,0.0018742678641156506,18
LINKUSDT,bear,none,2022-06-10,0.32432643498633346,0.19632955876610692,1.5338621110433177,True,1.5289609517998766,True,0.0018742678641156506,18
LINKUSDT,bear,strict,2022-07-25,0.5228102189781021,0.25935218978102176,0.9844155844155839,False,-1.0055627705627705,False,0.004333941605839445,28
LINKUSDT,bear,half,2022-07-25,0.5228102189781021,0.25935218978102176,0.9844155844155839,False,-1.0055627705627705,False,0.004333941605839445,28
LINKUSDT,bear,none,2022-07-25,0.5228102189781021,0.25935218978102176,0.9844155844155839,False,-1.0055627705627705,False,0.004333941605839445,28
LINKUSDT,bear,strict,2022-09-13,0.6392405063291137,0.2507534659433395,0.6454615981380927,False,-1.0054437548487198,False,0.031946955997589135,1
LINKUSDT,bear,half,2022-09-13,0.6392405063291137,0.2507534659433395,0.6454615981380927,False,-1.0054437548487198,False,0.031946955997589135,1
LINKUSDT,bear,none,2022-09-13,0.6392405063291137,0.2507534659433395,0.6454615981380927,False,-1.0054437548487198,False,0.031946955997589135,1
LINKUSDT,bear,strict,2022-11-02,0.9057358826144947,0.5068919519786569,1.2709030100334453,False,-1.0082809364548495,False,0.0008892841262782478,9
LINKUSDT,bear,half,2022-11-02,0.9057358826144947,0.5068919519786569,1.2709030100334453,False,-1.0082809364548495,False,0.0008892841262782478,9
LINKUSDT,bear,none,2022-11-02,0.9057358826144947,0.5068919519786569,1.2709030100334453,False,-1.0082809364548495,False,0.0008892841262782478,9
LINKUSDT,bear,strict,2022-12-15,0.5778170793329964,0.23471450227387552,0.684094256259204,True,0.6793438880706915,False,0.025265285497726258,10
LINKUSDT,bear,half,2022-12-15,0.5778170793329964,0.23471450227387552,0.684094256259204,True,0.6793438880706915,False,0.025265285497726258,10
LINKUSDT,bear,none,2022-12-15,0.5778170793329964,0.23471450227387552,0.684094256259204,True,0.6793438880706915,False,0.025265285497726258,10
LINKUSDT,bear,strict,2023-01-18,0.716344174557431,0.39151914368052715,1.205323193916351,False,-1.0080240811153358,False,0.003293536434746812,9
LINKUSDT,bear,half,2023-01-18,0.716344174557431,0.39151914368052715,1.205323193916351,False,-1.0080240811153358,False,0.003293536434746812,9
LINKUSDT,bear,none,2023-01-18,0.716344174557431,0.39151914368052715,1.205323193916351,False,-1.0080240811153358,False,0.003293536434746812,9
LINKUSDT,bear,strict,2023-06-28,0.8481649069884366,0.5635997988939163,1.9805653710247317,False,-1.0102650176678445,False,0.03770739064856676,9
LINKUSDT,bear,half,2023-06-28,0.8481649069884366,0.5635997988939163,1.9805653710247317,False,-1.0102650176678445,False,0.03770739064856676,9
LINKUSDT,bear,none,2023-06-28,0.8481649069884366,0.5635997988939163,1.9805653710247317,False,-1.0102650176678445,False,0.03770739064856676,9
LINKUSDT,bear,none,2023-09-10,0.3877378435517969,0.19492600422832954,1.0109649122806996,False,-1.0131842105263158,False,0.019450317124735463,13
LINKUSDT,bear,none,2024-01-23,0.8007471980074718,0.39601494396014925,0.9784615384615379,False,-1.0062821978021979,False,0.05710727628535842,8
LINKUSDT,bear,none,2024-04-01,0.6781245288707978,0.3181064375094225,0.8835845896147395,True,0.875889028475711,True,0.10658827076737537,0
LINKUSDT,bear,none,2024-04-28,0.4770267285177823,0.23039540534570357,0.9341692789968651,False,-1.00617868338558,False,0.044842058758559816,6
LINKUSDT,bear,half,2024-07-25,0.485669176584892,0.2337867379159583,0.9281581485053042,True,0.9219228543876572,True,0.03218362885596293,10
LINKUSDT,bear,none,2024-07-24,0.485669176584892,0.28989555501578823,1.480769230769231,True,1.4724602977667496,True,0.0348554772892882,9
LINKUSDT,bear,half,2024-08-27,0.6750210025203025,0.4596751610193223,2.134590377113134,False,-1.0072477243172953,True,0.03990478857462897,8
LINKUSDT,bear,none,2024-08-27,0.6750210025203025,0.4596751610193223,2.134590377113134,False,-1.0072477243172953,True,0.03990478857462897,8
LINKUSDT,bear,strict,2024-09-16,0.6679378116749781,0.36990319741859806,1.2411417322834655,False,-1.010371062992126,False,0.012907010853622902,0
LINKUSDT,bear,half,2024-09-16,0.6679378116749781,0.36990319741859806,1.2411417322834655,False,-1.010371062992126,False,0.012907010853622902,0
LINKUSDT,bear,none,2024-09-16,0.6679378116749781,0.36990319741859806,1.2411417322834655,False,-1.010371062992126,False,0.012907010853622902,0
LINKUSDT,bear,none,2024-11-01,0.8141236736187337,0.3677277716794727,0.8237704918032774,True,0.8145508196721299,False,0.14379802414928672,11
LINKUSDT,bear,half,2025-02-02,0.7163512490537471,0.20537471612414843,0.4019259259259261,True,0.39889629629629647,True,0.06646479939439792,6
LINKUSDT,bear,none,2025-02-02,0.7163512490537471,0.20537471612414843,0.4019259259259261,True,0.39889629629629647,True,0.06646479939439792,6
LINKUSDT,bear,strict,2025-03-28,0.27049020246077726,0.15656532777813942,1.3742857142857139,True,1.3661462857142854,True,0.0244775730746697,4
LINKUSDT,bear,half,2025-03-28,0.27049020246077726,0.15656532777813942,1.3742857142857139,True,1.3661462857142854,True,0.0244775730746697,4
LINKUSDT,bear,none,2025-03-28,0.27049020246077726,0.15656532777813942,1.3742857142857139,True,1.3661462857142854,True,0.0244775730746697,4
LINKUSDT,bear,none,2025-05-05,0.8905666779776045,0.5992534781133356,2.05707629586488,False,-1.0079394292370414,False,0.055310485239226416,14
LINKUSDT,bear,strict,2025-07-01,0.6233079526226732,0.41539763113367184,1.9979654120040722,False,-1.0131098677517802,False,0.0016920473773267546,1
LINKUSDT,bear,half,2025-07-01,0.6233079526226732,0.41539763113367184,1.9979654120040722,False,-1.0131098677517802,False,0.0016920473773267546,1
LINKUSDT,bear,none,2025-07-01,0.6233079526226732,0.41539763113367184,1.9979654120040722,False,-1.0131098677517802,False,0.0016920473773267546,1
LINKUSDT,bear,half,2025-09-15,0.6296604527296941,0.2821238348868177,0.8117816091954021,True,0.8005028735632181,True,0.037782956058588606,0
LINKUSDT,bear,none,2025-09-15,0.6296604527296941,0.2821238348868177,0.8117816091954021,True,0.8005028735632181,True,0.037782956058588606,0
LINKUSDT,bear,strict,2025-10-07,0.6729116534891713,0.3387762117566173,1.0138888888888895,True,1.0026795267489719,True,0.010140941904434082,1
LINKUSDT,bear,half,2025-10-07,0.6729116534891713,0.3387762117566173,1.0138888888888895,True,1.0026795267489719,True,0.010140941904434082,1
LINKUSDT,bear,none,2025-10-07,0.6729116534891713,0.3387762117566173,1.0138888888888895,True,1.0026795267489719,True,0.010140941904434082,1
LINKUSDT,bear,strict,2026-01-08,0.7635753508236729,0.45179987797437454,1.4491193737769075,False,-1.0129246575342465,False,0.004575960951800051,10
LINKUSDT,bear,half,2026-01-08,0.7635753508236729,0.45179987797437454,1.4491193737769075,False,-1.0129246575342465,False,0.004575960951800051,10
LINKUSDT,bear,none,2026-01-08,0.7635753508236729,0.45179987797437454,1.4491193737769075,False,-1.0129246575342465,False,0.004575960951800051,10
LINKUSDT,bear,half,2026-05-15,0.5150267599835322,0.404418828049952,3.6563275434243216,True,3.6438411910670014,True,0.019898449293261913,88
LINKUSDT,bear,none,2026-02-19,0.2912035131055305,0.1996706463565252,2.181409295352317,False,-1.0128515742128936,False,0.02181967888019771,3
LINKUSDT,bear,half,2026-06-18,0.42003605459696125,0.2642286891578676,1.6958677685950398,False,-1.0132446280991736,True,0.010816379088333718,3
LINKUSDT,bear,none,2026-06-18,0.42003605459696125,0.2642286891578676,1.6958677685950398,False,-1.0132446280991736,True,0.010816379088333718,3
