leg,sym,side,body,t,depth,depth_entry,rr,win,R,hit1R,fvg_size_R,days_after_conf
D,ETHUSDT,bull,none,2020-01-10 16:00:00,0.5740072202166066,0.20577617328519868,0.5588235294117652,True,0.5412524509803927,True,0.046931407942237914,4
D,ETHUSDT,bull,strict,2020-02-17 20:00:00,0.7134486607142855,0.29296874999999994,0.6967485069674854,False,-1.0088918380889185,False,0.043666294642857074,5
D,ETHUSDT,bull,half,2020-02-17 20:00:00,0.7134486607142855,0.29296874999999994,0.6967485069674854,False,-1.0088918380889185,False,0.043666294642857074,5
D,ETHUSDT,bull,none,2020-02-17 20:00:00,0.7134486607142855,0.29296874999999994,0.6967485069674854,False,-1.0088918380889185,False,0.043666294642857074,5
D,ETHUSDT,bull,strict,2020-03-04 00:00:00,0.6445647271087055,0.36671177266576455,1.3198051948051948,True,1.283056818181818,True,0.018042399639152273,0
D,ETHUSDT,bull,half,2020-03-04 00:00:00,0.6445647271087055,0.36671177266576455,1.3198051948051948,True,1.283056818181818,True,0.018042399639152273,0
D,ETHUSDT,bull,none,2020-03-04 00:00:00,0.6445647271087055,0.36671177266576455,1.3198051948051948,True,1.283056818181818,True,0.018042399639152273,0
D,ETHUSDT,bull,half,2020-03-30 04:00:00,0.8060556464811786,0.5519639934533556,2.1723027375201327,True,2.151376811594207,True,0.06382978723404265,25
D,ETHUSDT,bull,none,2020-03-30 04:00:00,0.8060556464811786,0.5519639934533556,2.1723027375201327,True,2.151376811594207,True,0.06382978723404265,25
D,ETHUSDT,bull,strict,2020-04-04 16:00:00,0.5663594470046083,0.33317972350230385,1.4288537549407088,True,1.400644268774701,True,0.015668202764977122,4
D,ETHUSDT,bull,half,2020-04-04 16:00:00,0.5663594470046083,0.33317972350230385,1.4288537549407088,True,1.400644268774701,True,0.015668202764977122,4
D,ETHUSDT,bull,none,2020-04-04 16:00:00,0.5663594470046083,0.33317972350230385,1.4288537549407088,True,1.400644268774701,True,0.015668202764977122,4
D,ETHUSDT,bull,strict,2020-04-16 04:00:00,0.5865525161829195,0.24305700563792002,0.7075987841945273,True,0.6975975683890562,True,0.04113593652119439,43
D,ETHUSDT,bull,half,2020-04-16 04:00:00,0.5865525161829195,0.24305700563792002,0.7075987841945273,True,0.6975975683890562,True,0.04113593652119439,43
D,ETHUSDT,bull,none,2020-04-12 16:00:00,0.5044894550010441,0.25830027145541884,1.0491942324003403,False,-1.0138922815945717,False,0.07099603257464979,22
D,ETHUSDT,bull,strict,2020-04-22 04:00:00,0.554674357125691,0.35231915404950714,1.7410926365795687,True,1.720306413301659,True,0.0019226147560685528,13
D,ETHUSDT,bull,half,2020-04-22 04:00:00,0.554674357125691,0.35231915404950714,1.7410926365795687,True,1.720306413301659,True,0.0019226147560685528,13
D,ETHUSDT,bull,none,2020-04-22 04:00:00,0.554674357125691,0.35231915404950714,1.7410926365795687,True,1.720306413301659,True,0.0019226147560685528,13
D,ETHUSDT,bull,none,2020-05-05 04:00:00,0.8528560147407211,0.49513029744669645,1.3841059602649004,False,-1.0153561442236938,False,0.08291655698868136,19
D,ETHUSDT,bull,strict,2020-05-17 04:00:00,0.4840722495894905,0.12939244663382593,0.3648148148148152,True,0.34611018518518555,True,0.004269293924466191,7
D,ETHUSDT,bull,half,2020-05-17 04:00:00,0.4840722495894905,0.12939244663382593,0.3648148148148152,True,0.34611018518518555,True,0.004269293924466191,7
D,ETHUSDT,bull,none,2020-05-17 04:00:00,0.4840722495894905,0.12939244663382593,0.3648148148148152,True,0.34611018518518555,True,0.004269293924466191,7
D,ETHUSDT,bull,none,2020-05-22 12:00:00,0.9846094651789148,0.46402462485571416,0.8913525498891373,True,0.876190687361421,True,0.1500577145055794,15
D,ETHUSDT,bull,strict,2020-06-15 16:00:00,0.6307958477508648,0.3830449826989618,1.54608938547486,False,-1.0162248603351955,True,0.03840830449826989,70
D,ETHUSDT,bull,half,2020-06-15 16:00:00,0.6307958477508648,0.3830449826989618,1.54608938547486,False,-1.0162248603351955,True,0.03840830449826989,70
D,ETHUSDT,bull,none,2020-06-15 16:00:00,0.6307958477508648,0.3830449826989618,1.54608938547486,False,-1.0162248603351955,True,0.03840830449826989,70
D,ETHUSDT,bull,none,2020-07-13 08:00:00,0.5155400155400157,0.16627816627816627,0.4760845383759729,False,-1.0272213570634037,False,0.13752913752913717,20
D,ETHUSDT,bull,none,2020-08-13 00:00:00,0.8788646730866694,0.14368981246832263,0.1954498448810761,True,0.18183178214408885,True,0.021540800810946913,12
D,ETHUSDT,bull,none,2020-10-01 00:00:00,0.3276876448564807,0.10839721875557116,0.49430894308942913,True,0.46484796747967305,False,0.09538242110893252,6
D,ETHUSDT,bull,none,2020-10-18 12:00:00,0.5521278278753369,0.3116595475399461,1.2960526315789427,True,1.2713335526315743,True,0.06470495174814164,27
D,ETHUSDT,bull,strict,2020-10-21 00:00:00,0.8179166666666665,0.25833333333333286,0.4616530156366333,True,0.433482501861503,True,0.006249999999999052,0
D,ETHUSDT,bull,half,2020-10-21 00:00:00,0.8179166666666665,0.25833333333333286,0.4616530156366333,True,0.433482501861503,True,0.006249999999999052,0
D,ETHUSDT,bull,none,2020-10-21 00:00:00,0.8179166666666665,0.25833333333333286,0.4616530156366333,True,0.433482501861503,True,0.006249999999999052,0
D,ETHUSDT,bull,strict,2020-10-27 08:00:00,0.6968421052631574,0.34263157894736795,0.9673105497771162,False,-1.0199291728578503,False,0.09017543859649099,20
D,ETHUSDT,bull,half,2020-10-27 08:00:00,0.6968421052631574,0.34263157894736795,0.9673105497771162,False,-1.0199291728578503,False,0.09017543859649099,20
D,ETHUSDT,bull,none,2020-10-27 08:00:00,0.6968421052631574,0.34263157894736795,0.9673105497771162,False,-1.0199291728578503,False,0.09017543859649099,20
D,ETHUSDT,bull,strict,2020-11-16 04:00:00,0.3568807339449539,0.22256880733944945,1.657103825136613,True,1.6260423497267769,True,0.02935779816513751,7
D,ETHUSDT,bull,half,2020-11-16 04:00:00,0.3568807339449539,0.22256880733944945,1.657103825136613,True,1.6260423497267769,True,0.02935779816513751,7
D,ETHUSDT,bull,none,2020-11-16 04:00:00,0.3568807339449539,0.22256880733944945,1.657103825136613,True,1.6260423497267769,True,0.02935779816513751,7
D,ETHUSDT,bull,none,2020-11-29 20:00:00,0.8519304450338933,0.2845269672855879,0.5014543943486389,True,0.49546665281529173,True,0.10621868552903026,23
D,ETHUSDT,bull,none,2020-12-09 20:00:00,0.6790715276901728,0.4124511164374921,1.5469600189259525,True,1.5333979181452568,True,0.0855304654976666,41
D,ETHUSDT,bull,half,2020-12-22 20:00:00,0.6188572610104077,0.2825832242056654,0.8403361344537802,False,-1.0130600532896086,False,0.11716865393893443,23
D,ETHUSDT,bull,none,2020-12-22 20:00:00,0.6188572610104077,0.2825832242056654,0.8403361344537802,False,-1.0130600532896086,False,0.11716865393893443,23
D,ETHUSDT,bull,strict,2021-01-28 12:00:00,0.6255762723411988,0.29171303340676324,0.8737500850282297,True,0.8645465614584045,True,0.011809324824562985,9
D,ETHUSDT,bull,half,2021-01-28 12:00:00,0.6255762723411988,0.29171303340676324,0.8737500850282297,True,0.8645465614584045,True,0.011809324824562985,9
D,ETHUSDT,bull,none,2021-01-28 12:00:00,0.6255762723411988,0.29171303340676324,0.8737500850282297,True,0.8645465614584045,True,0.011809324824562985,9
D,ETHUSDT,bull,none,2021-02-01 20:00:00,0.729957805907173,0.280675105485232,0.6247182569496617,True,0.611791134485349,True,0.0797468354430374,11
D,ETHUSDT,bull,none,2021-02-08 04:00:00,0.556547798628291,0.2552344174259339,0.8470729590815042,True,0.83612382350978,True,0.053902934491844065,7
D,ETHUSDT,bull,strict,2021-03-05 16:00:00,0.5992187500000001,0.3488146551724138,1.3930069930069926,True,1.3764979020979018,True,0.04997306034482746,4
D,ETHUSDT,bull,half,2021-03-05 16:00:00,0.5992187500000001,0.3488146551724138,1.3930069930069926,True,1.3764979020979018,True,0.04997306034482746,4
D,ETHUSDT,bull,none,2021-03-05 16:00:00,0.5992187500000001,0.3488146551724138,1.3930069930069926,True,1.3764979020979018,True,0.04997306034482746,4
D,ETHUSDT,bull,strict,2021-03-13 04:00:00,0.36884948528411377,0.20382295587501673,1.2350920582577618,True,1.2104602912888143,True,0.003854700467099101,7
D,ETHUSDT,bull,half,2021-03-13 04:00:00,0.36884948528411377,0.20382295587501673,1.2350920582577618,True,1.2104602912888143,True,0.003854700467099101,7
D,ETHUSDT,bull,none,2021-03-13 04:00:00,0.36884948528411377,0.20382295587501673,1.2350920582577618,True,1.2104602912888143,True,0.003854700467099101,7
D,ETHUSDT,bull,strict,2021-06-20 16:00:00,0.7381328379006037,0.5834142633956846,3.7708094536324426,False,-1.012128977675891,False,0.04518853185829516,142
D,ETHUSDT,bull,half,2021-06-20 16:00:00,0.7381328379006037,0.5834142633956846,3.7708094536324426,False,-1.012128977675891,False,0.04518853185829516,142
D,ETHUSDT,bull,none,2021-05-31 08:00:00,0.6197441202550351,0.3048600261791158,0.9681658486872103,False,-1.0068442084372569,False,0.01062365409787605,20
D,ETHUSDT,bull,strict,2021-06-13 20:00:00,0.8930164072360118,0.5378207824989483,1.5141537368234042,False,-1.0099044968218247,False,0.010517458981909972,53
D,ETHUSDT,bull,half,2021-06-13 20:00:00,0.8930164072360118,0.5378207824989483,1.5141537368234042,False,-1.0099044968218247,False,0.010517458981909972,53
D,ETHUSDT,bull,none,2021-06-09 20:00:00,0.8227878277941384,0.3954985275557429,0.9255989497866767,False,-1.0085664588119463,False,0.05634553358575276,29
D,ETHUSDT,bull,half,2021-06-27 20:00:00,0.9526770993028841,0.1837378149315901,0.23894970469849153,True,0.2314982131437385,True,0.1334933904139311,17
D,ETHUSDT,bull,none,2021-06-27 20:00:00,0.9526770993028841,0.1837378149315901,0.23894970469849153,True,0.2314982131437385,True,0.1334933904139311,17
D,ETHUSDT,bull,strict,2021-07-02 12:00:00,0.47577391304347816,0.2896347826086956,1.5560123329907503,True,1.5361724750070074,True,0.0527478260869564,3
D,ETHUSDT,bull,half,2021-07-02 12:00:00,0.47577391304347816,0.2896347826086956,1.5560123329907503,True,1.5361724750070074,True,0.0527478260869564,3
D,ETHUSDT,bull,none,2021-07-02 12:00:00,0.47577391304347816,0.2896347826086956,1.5560123329907503,True,1.5361724750070074,True,0.0527478260869564,3
D,ETHUSDT,bull,strict,2021-07-06 04:00:00,0.6289584281393048,0.1440693845865572,0.2971182510765165,True,0.2842211549078072,False,0.01903257756243844,1
D,ETHUSDT,bull,half,2021-07-06 04:00:00,0.6289584281393048,0.1440693845865572,0.2971182510765165,True,0.2842211549078072,False,0.01903257756243844,1
D,ETHUSDT,bull,none,2021-07-06 04:00:00,0.6289584281393048,0.1440693845865572,0.2971182510765165,True,0.2842211549078072,False,0.043499210322028005,1
D,ETHUSDT,bull,none,2021-07-29 20:00:00,0.3945973028266045,0.07108958568187879,0.21974618197462,True,0.20949688104968991,True,0.130154621240589,11
D,ETHUSDT,bull,strict,2021-08-04 12:00:00,0.46994535519125685,0.04846994535519149,0.11500064825619145,True,0.10345135917714741,True,0.0669034608378871,9
D,ETHUSDT,bull,half,2021-08-04 12:00:00,0.46994535519125685,0.04846994535519149,0.11500064825619145,True,0.10345135917714741,True,0.0669034608378871,9
D,ETHUSDT,bull,none,2021-08-04 12:00:00,0.46994535519125685,0.04846994535519149,0.11500064825619145,True,0.10345135917714741,True,0.0669034608378871,9
D,ETHUSDT,bull,strict,2021-08-13 00:00:00,0.7665939704939069,0.4167030147530476,1.1909510889491857,True,1.168091442399358,True,0.04438742783835839,0
D,ETHUSDT,bull,half,2021-08-13 00:00:00,0.7665939704939069,0.4167030147530476,1.1909510889491857,True,1.168091442399358,True,0.04438742783835839,0
D,ETHUSDT,bull,none,2021-08-13 00:00:00,0.7665939704939069,0.4167030147530476,1.1909510889491857,True,1.168091442399358,True,0.04438742783835839,0
D,ETHUSDT,bull,strict,2021-09-27 00:00:00,0.841882209848154,0.08360098063437127,0.11025062656641549,True,0.10240601503759343,True,0.003838917501282775,12
D,ETHUSDT,bull,half,2021-09-27 00:00:00,0.841882209848154,0.08360098063437127,0.11025062656641549,True,0.10240601503759343,True,0.003838917501282775,12
D,ETHUSDT,bull,none,2021-09-27 00:00:00,0.841882209848154,0.08360098063437127,0.11025062656641549,True,0.10240601503759343,True,0.003838917501282775,12
D,ETHUSDT,bull,strict,2021-09-29 00:00:00,0.8973307398467345,0.629022052447799,2.3443968905581345,False,-1.0252903310332782,False,0.006140001406106936,0
D,ETHUSDT,bull,half,2021-09-29 00:00:00,0.8973307398467345,0.629022052447799,2.3443968905581345,False,-1.0252903310332782,False,0.006140001406106936,0
D,ETHUSDT,bull,none,2021-09-29 00:00:00,0.8973307398467345,0.629022052447799,2.3443968905581345,False,-1.0252903310332782,False,0.006140001406106936,0
D,ETHUSDT,bull,strict,2021-10-11 12:00:00,0.9156192291654258,0.23729671769821922,0.34982875208571246,True,0.3340399578466679,True,0.0007148388634055575,9
D,ETHUSDT,bull,half,2021-10-11 12:00:00,0.9156192291654258,0.23729671769821922,0.34982875208571246,True,0.3340399578466679,True,0.0007148388634055575,9
D,ETHUSDT,bull,none,2021-10-11 12:00:00,0.9156192291654258,0.23729671769821922,0.34982875208571246,True,0.3340399578466679,True,0.0007148388634055575,9
D,ETHUSDT,bull,none,2021-10-19 20:00:00,0.5648366013071893,0.16098039215686272,0.39860818902735085,True,0.3829038679397962,True,0.06704248366013105,11
D,ETHUSDT,bull,strict,2021-10-28 08:00:00,0.6644555661476541,0.3114474102319675,0.8822668967069258,True,0.8666852824244263,True,0.12253733714648893,32
D,ETHUSDT,bull,half,2021-10-28 08:00:00,0.6644555661476541,0.3114474102319675,0.8822668967069258,True,0.8666852824244263,True,0.12253733714648893,32
D,ETHUSDT,bull,none,2021-10-23 12:00:00,0.6641245630759457,0.39668732125834194,1.4832912520421848,False,-1.0202484776474083,True,0.123133142675564,3
D,ETHUSDT,bull,none,2021-11-01 04:00:00,0.5565725514530978,0.2775881683731511,0.994995366079701,True,0.9683852332406525,True,0.1093356775950637,7
D,ETHUSDT,bull,strict,2021-11-06 16:00:00,0.6593032015065916,0.3334274952919024,1.0231738326398534,True,0.9971743527508103,True,0.08988700564971841,10
D,ETHUSDT,bull,half,2021-11-06 16:00:00,0.6593032015065916,0.3334274952919024,1.0231738326398534,True,0.9971743527508103,True,0.08988700564971841,10
D,ETHUSDT,bull,none,2021-11-06 16:00:00,0.6593032015065916,0.3334274952919024,1.0231738326398534,True,0.9971743527508103,True,0.08988700564971841,10
D,ETHUSDT,bull,strict,2021-11-23 00:00:00,0.8715824704528818,0.5391277063068725,1.6216573334172324,True,1.595367268608826,True,0.02826064219223975,6
D,ETHUSDT,bull,half,2021-11-23 00:00:00,0.8715824704528818,0.5391277063068725,1.6216573334172324,True,1.595367268608826,True,0.02826064219223975,6
D,ETHUSDT,bull,none,2021-11-23 00:00:00,0.8715824704528818,0.5391277063068725,1.6216573334172324,True,1.595367268608826,True,0.02826064219223975,6
D,ETHUSDT,bull,half,2021-12-26 16:00:00,0.3757895519060713,0.19714646652299953,1.1035773710482566,False,-1.0564908485856905,False,0.085234450471873,10
D,ETHUSDT,bull,none,2021-12-26 16:00:00,0.3757895519060713,0.19714646652299953,1.1035773710482566,False,-1.0564908485856905,False,0.085234450471873,10
D,ETHUSDT,bull,none,2022-01-02 12:00:00,0.8241327942115335,0.16505639497765387,0.25043590571520674,True,0.22604991927671786,False,0.25069163651840876,3
D,ETHUSDT,bull,strict,2022-01-15 12:00:00,0.47262556044588927,0.10373904816749635,0.2812221231043712,False,-1.0187363960749332,False,0.02050512113857884,9
D,ETHUSDT,bull,half,2022-01-15 12:00:00,0.47262556044588927,0.10373904816749635,0.2812221231043712,False,-1.0187363960749332,False,0.02050512113857884,9
D,ETHUSDT,bull,none,2022-01-15 12:00:00,0.47262556044588927,0.10373904816749635,0.2812221231043712,False,-1.0187363960749332,False,0.02050512113857884,9
D,ETHUSDT,bull,strict,2022-01-28 00:00:00,0.712982813763048,0.4827610445295748,2.0969391649492355,True,2.0782738722234892,True,0.018469054229782036,0
D,ETHUSDT,bull,half,2022-01-28 00:00:00,0.712982813763048,0.4827610445295748,2.0969391649492355,True,2.0782738722234892,True,0.018469054229782036,0
D,ETHUSDT,bull,none,2022-01-28 00:00:00,0.712982813763048,0.4827610445295748,2.0969391649492355,True,2.0782738722234892,True,0.018469054229782036,0
D,ETHUSDT,bull,strict,2022-01-31 08:00:00,0.5320855614973261,0.2951639153685188,1.2458292443572125,True,1.2144645485770358,True,0.04028132992327404,2
D,ETHUSDT,bull,half,2022-01-31 08:00:00,0.5320855614973261,0.2951639153685188,1.2458292443572125,True,1.2144645485770358,True,0.04028132992327404,2
D,ETHUSDT,bull,none,2022-01-31 08:00:00,0.5320855614973261,0.2951639153685188,1.2458292443572125,True,1.2144645485770358,True,0.04028132992327404,2
D,ETHUSDT,bull,strict,2022-02-04 04:00:00,0.7117680163502269,0.027161517727555668,0.039674641976377226,True,0.027543936312897803,True,0.06415686739136828,7
D,ETHUSDT,bull,half,2022-02-04 04:00:00,0.7117680163502269,0.027161517727555668,0.039674641976377226,True,0.027543936312897803,True,0.06415686739136828,7
D,ETHUSDT,bull,none,2022-02-04 04:00:00,0.7117680163502269,0.027161517727555668,0.039674641976377226,True,0.027543936312897803,True,0.06415686739136828,7
D,ETHUSDT,bull,strict,2022-02-28 12:00:00,0.5628857495542451,0.11620491016321523,0.26015199201658173,True,0.24935050280187382,False,0.08008160746125363,3
D,ETHUSDT,bull,half,2022-02-28 12:00:00,0.5628857495542451,0.11620491016321523,0.26015199201658173,True,0.24935050280187382,False,0.08008160746125363,3
D,ETHUSDT,bull,none,2022-02-28 12:00:00,0.5628857495542451,0.11620491016321523,0.26015199201658173,True,0.24935050280187382,False,0.08008160746125363,3
D,ETHUSDT,bull,none,2022-03-05 08:00:00,0.9655627257599735,0.8106254312269164,5.231958087753772,False,-1.0346692861820563,False,0.023763139737814097,8
D,ETHUSDT,bull,strict,2022-03-16 08:00:00,0.8283413848631238,0.25287659200702634,0.43943017044009064,True,0.4257603663190019,True,0.04221929439320763,32
D,ETHUSDT,bull,half,2022-03-16 08:00:00,0.8283413848631238,0.25287659200702634,0.43943017044009064,True,0.4257603663190019,True,0.04221929439320763,32
D,ETHUSDT,bull,none,2022-03-15 16:00:00,0.8283413848631238,0.3351485873225009,0.6795488275452679,True,0.6637655090531337,True,0.12697994437124832,28
D,ETHUSDT,bull,half,2022-03-21 12:00:00,0.3478026905829601,0.07547583457897337,0.27715163934426085,True,0.2555318354800923,True,0.03133034379671202,3
D,ETHUSDT,bull,none,2022-03-21 12:00:00,0.3478026905829601,0.07547583457897337,0.27715163934426085,True,0.2555318354800923,True,0.03133034379671202,3
D,ETHUSDT,bull,strict,2022-04-01 12:00:00,0.40745045357805915,0.0721498543418215,0.21517961645809044,True,0.19972899972990102,False,0.04327481849330517,9
D,ETHUSDT,bull,half,2022-04-01 12:00:00,0.40745045357805915,0.0721498543418215,0.21517961645809044,True,0.19972899972990102,False,0.04327481849330517,9
D,ETHUSDT,bull,none,2022-04-01 12:00:00,0.40745045357805915,0.0721498543418215,0.21517961645809044,True,0.19972899972990102,False,0.04327481849330517,9
D,ETHUSDT,bull,strict,2022-05-04 04:00:00,0.7574780058651032,0.3168914956011742,0.719249201277959,True,0.6816011714590026,True,0.08217008797654086,1
D,ETHUSDT,bull,half,2022-05-04 04:00:00,0.7574780058651032,0.3168914956011742,0.719249201277959,True,0.6816011714590026,True,0.08217008797654086,1
D,ETHUSDT,bull,none,2022-05-04 04:00:00,0.7574780058651032,0.3168914956011742,0.719249201277959,True,0.6816011714590026,True,0.08217008797654086,1
D,ETHUSDT,bull,none,2022-05-22 20:00:00,0.8754906771344456,0.1356108930323829,0.18328773936831347,True,0.16635472104782936,False,0.30428115799803857,5
D,ETHUSDT,bull,none,2022-06-05 12:00:00,0.8817899316345558,0.6408949658172779,2.660474716202271,False,-1.0233556501547987,True,0.07970789310130545,21
D,ETHUSDT,bull,strict,2022-06-23 16:00:00,0.48107355361438153,0.21486897075579217,0.8071572940197382,True,0.793768755201524,True,0.02044562602861133,4
D,ETHUSDT,bull,half,2022-06-23 16:00:00,0.48107355361438153,0.21486897075579217,0.8071572940197382,True,0.793768755201524,True,0.02044562602861133,4
D,ETHUSDT,bull,none,2022-06-23 16:00:00,0.48107355361438153,0.21486897075579217,0.8071572940197382,True,0.793768755201524,True,0.02044562602861133,4
D,ETHUSDT,bull,strict,2022-06-28 08:00:00,0.5042016806722689,0.2403361344537817,0.9108280254777084,False,-1.0194713375796178,False,0.025210084033613446,2
D,ETHUSDT,bull,half,2022-06-28 08:00:00,0.5042016806722689,0.2403361344537817,0.9108280254777084,False,-1.0194713375796178,False,0.025210084033613446,2
D,ETHUSDT,bull,none,2022-06-28 08:00:00,0.5042016806722689,0.2403361344537817,0.9108280254777084,False,-1.0194713375796178,False,0.025210084033613446,2
D,ETHUSDT,bull,half,2022-07-13 08:00:00,0.9763594323074476,0.7809759209057573,3.997143440114265,False,-1.0220587635176495,False,0.03388614256099507,20
D,ETHUSDT,bull,none,2022-07-13 08:00:00,0.9763594323074476,0.7809759209057573,3.997143440114265,False,-1.0220587635176495,False,0.03388614256099507,20
D,ETHUSDT,bull,none,2022-07-22 04:00:00,0.2798425196850394,0.061165354330708535,0.27970617888520727,True,0.2681754284891249,False,0.024456692913385782,7
D,ETHUSDT,bull,none,2022-07-24 04:00:00,0.8737499999999999,0.22423913043478255,0.34524307589323067,True,0.3318129026859677,False,0.14570652173913015,1
D,ETHUSDT,bull,strict,2022-08-02 12:00:00,0.5278230500582073,0.362351571594878,2.1898128605600147,True,2.166893626002536,True,0.024447031431897557,21
D,ETHUSDT,bull,half,2022-08-02 12:00:00,0.5278230500582073,0.362351571594878,2.1898128605600147,True,2.166893626002536,True,0.024447031431897557,21
D,ETHUSDT,bull,none,2022-08-02 12:00:00,0.5278230500582073,0.362351571594878,2.1898128605600147,True,2.166893626002536,True,0.024447031431897557,21
D,ETHUSDT,bull,strict,2022-08-08 04:00:00,0.49122807017543857,0.11076023391812898,0.2911158930218271,True,0.264493390716263,True,0.013567251461987931,1
D,ETHUSDT,bull,half,2022-08-08 04:00:00,0.49122807017543857,0.11076023391812898,0.2911158930218271,True,0.264493390716263,True,0.013567251461987931,1
D,ETHUSDT,bull,none,2022-08-08 04:00:00,0.49122807017543857,0.11076023391812898,0.2911158930218271,True,0.264493390716263,True,0.013567251461987931,1
D,ETHUSDT,bull,none,2022-10-03 12:00:00,0.915031619912437,0.44713799254094294,0.9556402703170997,True,0.9327986484144832,True,0.05042970650235148,9
D,ETHUSDT,bull,strict,2022-10-16 16:00:00,0.48542065009560265,0.21534416826003816,0.7973451327433613,False,-1.0289230088495576,False,0.0021510516252384094,4
D,ETHUSDT,bull,half,2022-10-16 16:00:00,0.48542065009560265,0.21534416826003816,0.7973451327433613,False,-1.0289230088495576,False,0.0021510516252384094,4
D,ETHUSDT,bull,none,2022-10-16 16:00:00,0.48542065009560265,0.21534416826003816,0.7973451327433613,False,-1.0289230088495576,False,0.0021510516252384094,4
D,ETHUSDT,bull,strict,2022-10-20 04:00:00,0.9013520280420618,0.6280671006509765,2.298213467705004,False,-1.0591768208886856,False,0.04819729594391467,1
D,ETHUSDT,bull,half,2022-10-20 04:00:00,0.9013520280420618,0.6280671006509765,2.298213467705004,False,-1.0591768208886856,False,0.04819729594391467,1
D,ETHUSDT,bull,none,2022-10-20 04:00:00,0.9013520280420618,0.6280671006509765,2.298213467705004,False,-1.0591768208886856,False,0.04819729594391467,1
D,ETHUSDT,bull,none,2022-10-28 16:00:00,0.345821325648415,0.10988472622478418,0.4657383657017242,True,0.44672199828997383,True,0.03818443804034582,4
D,ETHUSDT,bull,strict,2022-10-31 08:00:00,0.5473684210526316,0.23236842105263206,0.737677527151214,False,-1.0270818713450294,False,0.05584210526315857,2
D,ETHUSDT,bull,half,2022-10-31 08:00:00,0.5473684210526316,0.23236842105263206,0.737677527151214,False,-1.0270818713450294,False,0.05584210526315857,2
D,ETHUSDT,bull,none,2022-10-31 08:00:00,0.5473684210526316,0.23236842105263206,0.737677527151214,False,-1.0270818713450294,False,0.05584210526315857,2
D,ETHUSDT,bull,strict,2022-11-22 12:00:00,0.9986373090439651,0.7717851251524066,3.402149857730004,True,3.3842115080619672,True,0.005343182959191026,63
D,ETHUSDT,bull,half,2022-11-22 12:00:00,0.9986373090439651,0.7717851251524066,3.402149857730004,True,3.3842115080619672,True,0.005343182959191026,63
D,ETHUSDT,bull,none,2022-11-22 12:00:00,0.9986373090439651,0.7717851251524066,3.402149857730004,True,3.3842115080619672,True,0.005343182959191026,63
D,ETHUSDT,bull,half,2022-12-05 00:00:00,0.4781860636598251,0.139179058621114,0.41054921152800716,False,-1.023388435744064,False,0.030109376920240034,18
D,ETHUSDT,bull,none,2022-12-05 00:00:00,0.4781860636598251,0.139179058621114,0.41054921152800716,False,-1.023388435744064,False,0.030109376920240034,18
D,ETHUSDT,bull,none,2022-12-12 20:00:00,0.733531819873465,0.28222304924947234,0.6253435953820762,True,0.5903001649257816,True,0.09242029524872887,11
D,ETHUSDT,bull,half,2023-01-02 04:00:00,0.6793129688009567,0.2953581911077299,0.7692525481313738,True,0.7349144960362435,True,0.09718447657354119,55
D,ETHUSDT,bull,none,2023-01-02 04:00:00,0.6793129688009567,0.2953581911077299,0.7692525481313738,True,0.7349144960362435,True,0.09718447657354119,55
D,ETHUSDT,bull,strict,2023-01-20 16:00:00,0.36979568730379286,0.11407030003602527,0.446065606761926,True,0.42995985107667745,True,0.010061242344706534,28
D,ETHUSDT,bull,half,2023-01-20 16:00:00,0.36979568730379286,0.11407030003602527,0.446065606761926,True,0.42995985107667745,True,0.010061242344706534,28
D,ETHUSDT,bull,none,2023-01-20 16:00:00,0.36979568730379286,0.11407030003602527,0.446065606761926,True,0.42995985107667745,True,0.010061242344706534,28
D,ETHUSDT,bull,half,2023-01-25 20:00:00,0.9388070407769138,0.391932902941014,0.7166784380990806,True,0.7004196347492673,True,0.2719748386028801,17
D,ETHUSDT,bull,none,2023-01-25 20:00:00,0.9388070407769138,0.391932902941014,0.7166784380990806,True,0.7004196347492673,True,0.2719748386028801,17
D,ETHUSDT,bull,strict,2023-02-08 00:00:00,0.7079972911407988,0.2257587884011578,0.4681475807481183,False,-1.0214519341248565,False,0.003817028873975809,24
D,ETHUSDT,bull,none,2023-02-04 12:00:00,0.5848673274641382,0.22483531367358225,0.6244870041039666,False,-1.028735978112175,False,0.0954872868312503,3
D,ETHUSDT,bull,none,2023-02-27 12:00:00,0.6622847100175749,0.35521968365553586,1.156822344322342,False,-1.0188122710622711,False,0.10811950790861156,57
D,ETHUSDT,bull,strict,2023-03-20 04:00:00,0.47735800784581295,0.23447893569844794,0.9654143258426962,False,-1.0314459269662921,False,0.025626812212178027,1
D,ETHUSDT,bull,half,2023-03-20 04:00:00,0.47735800784581295,0.23447893569844794,0.9654143258426962,False,-1.0314459269662921,False,0.025626812212178027,1
D,ETHUSDT,bull,none,2023-03-20 04:00:00,0.47735800784581295,0.23447893569844794,0.9654143258426962,False,-1.0314459269662921,False,0.025626812212178027,1
D,ETHUSDT,bull,half,2023-04-03 16:00:00,0.9952960073428169,0.3439651216154198,0.5280958252598208,True,0.4960715166461164,True,0.12586048646167985,10
D,ETHUSDT,bull,none,2023-04-03 16:00:00,0.9952960073428169,0.3439651216154198,0.5280958252598208,True,0.4960715166461164,True,0.12586048646167985,10
D,ETHUSDT,bull,none,2023-04-10 16:00:00,0.6785850340136057,0.30944217687074776,0.838272150965646,True,0.8104357953707766,True,0.01507482993197269,22
D,ETHUSDT,bull,strict,2023-04-18 04:00:00,0.33295008792100594,0.1558568916542666,0.8800840175673016,False,-1.040099484437655,False,0.014912755309075671,1
D,ETHUSDT,bull,half,2023-04-18 04:00:00,0.33295008792100594,0.1558568916542666,0.8800840175673016,False,-1.040099484437655,False,0.014912755309075671,1
D,ETHUSDT,bull,none,2023-04-18 04:00:00,0.33295008792100594,0.1558568916542666,0.8800840175673016,False,-1.040099484437655,False,0.014912755309075671,1
D,ETHUSDT,bull,strict,2023-05-17 16:00:00,0.5948681523572754,0.18378762319097955,0.4470842332613405,False,-1.0394665226781858,False,0.01305158483530166,4
D,ETHUSDT,bull,half,2023-05-17 16:00:00,0.5948681523572754,0.18378762319097955,0.4470842332613405,False,-1.0394665226781858,False,0.01305158483530166,4
D,ETHUSDT,bull,none,2023-05-17 16:00:00,0.5948681523572754,0.18378762319097955,0.4470842332613405,False,-1.0394665226781858,False,0.01305158483530166,4
D,ETHUSDT,bull,half,2023-06-06 16:00:00,0.9011627906976745,0.2259883720930226,0.33471109962972406,False,-1.0162845948505985,False,0.2237790697674419,46
D,ETHUSDT,bull,none,2023-06-02 04:00:00,0.5352325581395345,0.26168604651162786,0.9566418703506915,False,-1.0400635494155155,False,0.054593023255814534,19
D,ETHUSDT,bull,strict,2023-06-19 20:00:00,0.573311036789298,0.25946488294314357,0.8267263427109954,True,0.7897227195225897,True,0.05117056856187352,5
D,ETHUSDT,bull,half,2023-06-19 20:00:00,0.573311036789298,0.25946488294314357,0.8267263427109954,True,0.7897227195225897,True,0.05117056856187352,5
D,ETHUSDT,bull,none,2023-06-19 20:00:00,0.573311036789298,0.25946488294314357,0.8267263427109954,True,0.7897227195225897,True,0.05117056856187352,5
D,ETHUSDT,bull,half,2023-06-30 04:00:00,0.5080059392431474,0.20719129981138928,0.688767342582714,True,0.663595917822842,True,0.058589831052610994,31
D,ETHUSDT,bull,none,2023-06-30 04:00:00,0.5080059392431474,0.20719129981138928,0.688767342582714,True,0.663595917822842,True,0.058589831052610994,31
D,ETHUSDT,bull,half,2023-08-13 16:00:00,0.5574358974358977,0.25410256410256327,0.8377007607776783,False,-1.078536770921386,False,0.03320512820512716,22
D,ETHUSDT,bull,none,2023-08-13 16:00:00,0.5574358974358977,0.25410256410256327,0.8377007607776783,False,-1.078536770921386,False,0.03320512820512716,22
D,ETHUSDT,bull,strict,2023-08-28 12:00:00,0.6662786185486999,0.4335273573923162,1.8626208736245375,True,1.8076695565188357,True,0.03220799379122908,21
D,ETHUSDT,bull,half,2023-08-28 12:00:00,0.6662786185486999,0.4335273573923162,1.8626208736245375,True,1.8076695565188357,True,0.03220799379122908,21
D,ETHUSDT,bull,none,2023-08-28 12:00:00,0.6662786185486999,0.4335273573923162,1.8626208736245375,True,1.8076695565188357,True,0.03220799379122908,21
D,ETHUSDT,bull,strict,2023-09-18 00:00:00,0.4415802075019958,0.1960095770151647,0.7981800454988686,True,0.7452274943126482,True,0.0037509976057464216,6
D,ETHUSDT,bull,half,2023-09-18 00:00:00,0.4415802075019958,0.1960095770151647,0.7981800454988686,True,0.7452274943126482,True,0.0037509976057464216,6
D,ETHUSDT,bull,none,2023-09-18 00:00:00,0.4415802075019958,0.1960095770151647,0.7981800454988686,True,0.7452274943126482,True,0.0037509976057464216,6
D,ETHUSDT,bull,half,2023-09-27 08:00:00,0.7615510961936724,0.28372491608940914,0.5937826931699293,True,0.5694379016589444,True,0.1410412054559735,44
D,ETHUSDT,bull,none,2023-09-27 08:00:00,0.7615510961936724,0.28372491608940914,0.5937826931699293,True,0.5694379016589444,True,0.1410412054559735,44
D,ETHUSDT,bull,half,2023-10-08 16:00:00,0.7803221730890698,0.46967782691092924,1.511947127605503,False,-1.0831143873919682,False,0.059696778269108915,4
D,ETHUSDT,bull,none,2023-10-08 16:00:00,0.7803221730890698,0.46967782691092924,1.511947127605503,False,-1.0831143873919682,False,0.059696778269108915,4
D,ETHUSDT,bull,none,2023-10-20 00:00:00,0.807843137254902,0.4383529411764714,1.1863723201018939,True,1.1527040967947404,True,0.019450980392157004,12
D,ETHUSDT,bull,strict,2023-11-17 20:00:00,0.8144732297063902,0.616200345423143,3.107839721254348,True,3.0736722996515606,True,0.01740932642487034,35
D,ETHUSDT,bull,half,2023-11-13 12:00:00,0.442487046632124,0.11374784110535349,0.34601239886518664,False,-1.0221358621414312,False,0.03906735751295318,9
D,ETHUSDT,bull,none,2023-11-13 12:00:00,0.442487046632124,0.11374784110535349,0.34601239886518664,False,-1.0221358621414312,False,0.03906735751295318,9
D,ETHUSDT,bull,strict,2023-11-28 16:00:00,0.727237467274314,0.3678367109473475,1.0234722784297825,True,0.9956949952785618,True,0.0024726073887337257,16
D,ETHUSDT,bull,half,2023-11-28 16:00:00,0.727237467274314,0.3678367109473475,1.0234722784297825,True,0.9956949952785618,True,0.0024726073887337257,16
D,ETHUSDT,bull,none,2023-11-28 16:00:00,0.727237467274314,0.3678367109473475,1.0234722784297825,True,0.9956949952785618,True,0.0024726073887337257,16
D,ETHUSDT,bull,strict,2023-12-27 08:00:00,0.7284973189764147,0.25384715985875606,0.5348089639970629,True,0.5137975753122722,True,0.0838746240027891,20
D,ETHUSDT,bull,half,2023-12-27 08:00:00,0.7284973189764147,0.25384715985875606,0.5348089639970629,True,0.5137975753122722,True,0.0838746240027891,20
D,ETHUSDT,bull,none,2023-12-27 08:00:00,0.7284973189764147,0.25384715985875606,0.5348089639970629,True,0.5137975753122722,True,0.0838746240027891,20
D,ETHUSDT,bull,none,2024-01-29 20:00:00,0.9962666378097605,0.7275006312448146,2.7068178767950606,True,2.691272849281975,True,0.14962305666774886,95
D,ETHUSDT,bull,none,2024-02-02 04:00:00,0.9689132056702313,0.49944043770206326,1.0638326049529823,True,1.033207389749698,True,0.11781895050982219,7
D,ETHUSDT,bull,half,2024-02-22 04:00:00,0.5305199698568199,0.12839110776186846,0.31927851955961445,True,0.2958855313500416,True,0.10028887214267788,1
D,ETHUSDT,bull,none,2024-02-22 04:00:00,0.5305199698568199,0.12839110776186846,0.31927851955961445,True,0.2958855313500416,True,0.10028887214267788,1
D,ETHUSDT,bull,none,2024-03-03 16:00:00,0.6099825424535792,0.16656086335502251,0.3756263421617733,True,0.3549389763779509,True,0.0723430143363485,10
D,ETHUSDT,bull,half,2024-03-23 12:00:00,0.6356880100087766,0.3416428584766492,1.1618721026227201,True,1.1402326157363292,True,0.06617743170317264,3
D,ETHUSDT,bull,none,2024-03-23 12:00:00,0.6356880100087766,0.3416428584766492,1.1618721026227201,True,1.1402326157363292,True,0.06617743170317264,3
D,ETHUSDT,bull,none,2024-03-31 16:00:00,0.5140324622999886,0.09462415103027494,0.2256134379974743,False,-1.0199997255310973,False,0.052492229768620204,22
D,ETHUSDT,bull,none,2024-04-07 00:00:00,0.9799474030243257,0.23352235371466099,0.3128543903110372,True,0.29419405450041236,True,0.09808514135437163,6
D,ETHUSDT,bull,none,2024-04-11 04:00:00,0.6108550947260628,0.2842730082873454,0.8704488705650082,False,-1.0208199872248997,False,0.08469401300942493,7
D,ETHUSDT,bull,none,2024-04-27 16:00:00,0.5342199156665585,0.13333487790185858,0.3326012830145077,True,0.3139003063052665,False,0.03164820907279518,10
D,ETHUSDT,bull,strict,2024-05-15 12:00:00,0.8927633677701164,0.6046722779809084,2.098892674616692,True,2.073547359454852,True,0.036907069765160186,45
D,ETHUSDT,bull,half,2024-05-15 12:00:00,0.8927633677701164,0.6046722779809084,2.098892674616692,True,2.073547359454852,True,0.036907069765160186,45
D,ETHUSDT,bull,none,2024-05-15 12:00:00,0.8927633677701164,0.6046722779809084,2.098892674616692,True,2.073547359454852,True,0.036907069765160186,45
D,ETHUSDT,bull,strict,2024-06-05 16:00:00,0.6044571303106824,0.2195630694917116,0.5704506560182538,False,-1.0221334854535082,False,0.010934240860687276,46
D,ETHUSDT,bull,half,2024-06-05 16:00:00,0.6044571303106824,0.2195630694917116,0.5704506560182538,False,-1.0221334854535082,False,0.010934240860687276,46
D,ETHUSDT,bull,none,2024-06-05 16:00:00,0.6044571303106824,0.2195630694917116,0.5704506560182538,False,-1.0221334854535082,False,0.010934240860687276,46
D,ETHUSDT,bull,strict,2024-06-04 12:00:00,0.9011819414842076,0.29987728476393577,0.49871106337272114,True,0.45775402792696385,False,0.044177484983531155,15
D,ETHUSDT,bull,half,2024-06-04 12:00:00,0.9011819414842076,0.29987728476393577,0.49871106337272114,True,0.45775402792696385,False,0.044177484983531155,15
D,ETHUSDT,bull,none,2024-06-04 12:00:00,0.9011819414842076,0.29987728476393577,0.49871106337272114,True,0.45775402792696385,False,0.044177484983531155,15
D,ETHUSDT,bull,strict,2024-06-30 16:00:00,0.858655503570549,0.3740458015267188,0.7718495934959397,True,0.7283127540650454,True,0.010711647377491881,4
D,ETHUSDT,bull,half,2024-06-30 16:00:00,0.858655503570549,0.3740458015267188,0.7718495934959397,True,0.7283127540650454,True,0.010711647377491881,4
D,ETHUSDT,bull,none,2024-06-30 16:00:00,0.858655503570549,0.3740458015267188,0.7718495934959397,True,0.7283127540650454,True,0.0396454075350902,4
D,ETHUSDT,bull,none,2024-07-19 12:00:00,0.3227048642701481,0.11330216025220524,0.5410730524401293,True,0.506076689906028,False,0.014747265302667636,3
D,ETHUSDT,bull,strict,2024-07-31 00:00:00,0.5345249597423518,0.3322061191626412,1.6419929958611879,False,-1.0524183381088823,False,0.019355877616747886,0
D,ETHUSDT,bull,half,2024-07-31 00:00:00,0.5345249597423518,0.3322061191626412,1.6419929958611879,False,-1.0524183381088823,False,0.019355877616747886,0
D,ETHUSDT,bull,none,2024-07-31 00:00:00,0.5345249597423518,0.3322061191626412,1.6419929958611879,False,-1.0524183381088823,False,0.019355877616747886,0
D,ETHUSDT,bull,strict,2024-08-10 04:00:00,0.4139933296542457,0.2176500227943471,1.1085176585604315,False,-1.0321771966271538,True,0.01967512057009927,1
D,ETHUSDT,bull,half,2024-08-10 04:00:00,0.4139933296542457,0.2176500227943471,1.1085176585604315,False,-1.0321771966271538,True,0.01967512057009927,1
D,ETHUSDT,bull,none,2024-08-10 04:00:00,0.4139933296542457,0.2176500227943471,1.1085176585604315,False,-1.0321771966271538,True,0.01967512057009927,1
D,ETHUSDT,bull,none,2024-08-18 08:00:00,0.9734040671971708,0.49821396993810746,1.0484519202143476,True,1.0287435992854999,True,0.1536339522546421,14
D,ETHUSDT,bull,strict,2024-09-15 04:00:00,0.4785338085864761,0.22434431026227653,0.8825868564252888,False,-1.0506822938467981,False,0.0003191998723197611,1
D,ETHUSDT,bull,half,2024-09-15 04:00:00,0.4785338085864761,0.22434431026227653,0.8825868564252888,False,-1.0506822938467981,False,0.0003191998723197611,1
D,ETHUSDT,bull,none,2024-09-15 04:00:00,0.4785338085864761,0.22434431026227653,0.8825868564252888,False,-1.0506822938467981,False,0.0003191998723197611,1
D,ETHUSDT,bull,strict,2024-09-26 00:00:00,0.8335283954745588,0.559271024912222,2.039219670798615,True,1.9863513513513482,True,0.055620576269297374,6
D,ETHUSDT,bull,half,2024-09-26 00:00:00,0.8335283954745588,0.559271024912222,2.039219670798615,True,1.9863513513513482,True,0.055620576269297374,6
D,ETHUSDT,bull,none,2024-09-26 00:00:00,0.8335283954745588,0.559271024912222,2.039219670798615,True,1.9863513513513482,True,0.055620576269297374,6
D,ETHUSDT,bull,strict,2024-09-29 12:00:00,0.5413765551877627,0.3578358634859028,1.949626865671645,False,-1.0828656716417915,False,0.0444013240497672,3
D,ETHUSDT,bull,half,2024-09-29 12:00:00,0.5413765551877627,0.3578358634859028,1.949626865671645,False,-1.0828656716417915,False,0.0444013240497672,3
D,ETHUSDT,bull,none,2024-09-29 12:00:00,0.5413765551877627,0.3578358634859028,1.949626865671645,False,-1.0828656716417915,False,0.0444013240497672,3
D,ETHUSDT,bull,strict,2024-10-11 12:00:00,0.8993684012066369,0.36712858220211125,0.6897803754870689,True,0.6681512575274515,True,0.023708521870287536,15
D,ETHUSDT,bull,half,2024-10-11 12:00:00,0.8993684012066369,0.36712858220211125,0.6897803754870689,True,0.6681512575274515,True,0.023708521870287536,15
D,ETHUSDT,bull,none,2024-10-11 00:00:00,0.8993684012066369,0.5180524132730012,1.3585908529048174,True,1.3287967861557446,True,0.02375565610859713,12
D,ETHUSDT,bull,half,2024-11-25 04:00:00,0.4620869268209376,0.20768935189138407,0.816396744147016,True,0.787852227909708,True,0.0849201605328328,1
D,ETHUSDT,bull,none,2024-11-25 04:00:00,0.4620869268209376,0.20768935189138407,0.816396744147016,True,0.787852227909708,True,0.0849201605328328,1
D,ETHUSDT,bull,strict,2024-12-08 12:00:00,0.34914090785425766,0.20699830483644785,1.45627208480565,False,-1.0588032979976443,False,0.004792499424481435,3
D,ETHUSDT,bull,half,2024-12-08 12:00:00,0.34914090785425766,0.20699830483644785,1.45627208480565,False,-1.0588032979976443,False,0.004792499424481435,3
D,ETHUSDT,bull,none,2024-12-08 12:00:00,0.34914090785425766,0.20699830483644785,1.45627208480565,False,-1.0588032979976443,False,0.004792499424481435,3
D,ETHUSDT,bull,none,2024-12-24 12:00:00,0.746980782792666,0.1370548307475318,0.22470732764850415,True,0.21209145107674524,False,0.04605959097320187,9
D,ETHUSDT,bull,half,2024-12-27 08:00:00,0.7353401565322095,0.39009632751354617,1.1299154241869394,False,-1.0297970180486529,False,0.12727272727272776,2
D,ETHUSDT,bull,none,2024-12-27 08:00:00,0.7353401565322095,0.39009632751354617,1.1299154241869394,False,-1.0297970180486529,False,0.12727272727272776,2
D,ETHUSDT,bull,none,2025-01-02 04:00:00,0.9304405874499329,0.21568758344459216,0.30176520033622767,True,0.269826375268515,True,0.18204272363150834,1
D,ETHUSDT,bull,strict,2025-01-17 08:00:00,0.3663100204213428,0.08870193566404225,0.3195221628418714,True,0.2980062244577155,False,0.04688181802314442,2
D,ETHUSDT,bull,half,2025-01-17 08:00:00,0.3663100204213428,0.08870193566404225,0.3195221628418714,True,0.2980062244577155,False,0.04688181802314442,2
D,ETHUSDT,bull,none,2025-01-17 08:00:00,0.3663100204213428,0.08870193566404225,0.3195221628418714,True,0.2980062244577155,False,0.04688181802314442,2
D,ETHUSDT,bull,strict,2025-01-19 12:00:00,0.6325038009122187,0.22595822997519416,0.5558004960044097,False,-1.0133199228437586,False,0.03288789309434221,3
D,ETHUSDT,bull,half,2025-01-19 12:00:00,0.6325038009122187,0.22595822997519416,0.5558004960044097,False,-1.0133199228437586,False,0.03288789309434221,3
D,ETHUSDT,bull,none,2025-01-19 12:00:00,0.6325038009122187,0.22595822997519416,0.5558004960044097,False,-1.0133199228437586,False,0.03288789309434221,3
D,ETHUSDT,bull,none,2025-02-14 12:00:00,0.6655470076209054,0.22266767797161,0.5027727939977121,True,0.48048165062795195,False,0.09834940585834517,3
D,ETHUSDT,bull,strict,2025-02-19 04:00:00,0.7978470070135385,0.46243679660740544,1.3787200933670491,True,1.352392530636063,True,0.002087750774752331,1
D,ETHUSDT,bull,half,2025-02-19 04:00:00,0.7978470070135385,0.46243679660740544,1.3787200933670491,True,1.352392530636063,True,0.002087750774752331,1
D,ETHUSDT,bull,none,2025-02-19 04:00:00,0.7978470070135385,0.46243679660740544,1.3787200933670491,True,1.352392530636063,True,0.002087750774752331,1
D,ETHUSDT,bull,none,2025-03-10 08:00:00,0.9799115044247789,0.5659587020648962,1.3672058718734372,False,-1.0151580560108315,False,0.0777581120943957,14
D,ETHUSDT,bull,none,2025-03-17 16:00:00,0.7317427989525758,0.11958102996799573,0.19534220532319438,True,0.17227614068441113,True,0.16562409077684012,4
D,ETHUSDT,bull,strict,2025-04-22 04:00:00,0.5090548493025977,0.2372468056052282,0.8728468899521544,True,0.8534856459330157,True,0.08993074747212046,37
D,ETHUSDT,bull,half,2025-04-22 04:00:00,0.5090548493025977,0.2372468056052282,0.8728468899521544,True,0.8534856459330157,True,0.08993074747212046,37
D,ETHUSDT,bull,none,2025-04-22 04:00:00,0.5090548493025977,0.2372468056052282,0.8728468899521544,True,0.8534856459330157,True,0.08993074747212046,37
D,ETHUSDT,bull,strict,2025-05-05 04:00:00,0.6522412215889098,0.3305186123425514,1.0273403324584427,False,-1.0399330708661416,False,0.024347336570262706,13
D,ETHUSDT,bull,half,2025-05-05 04:00:00,0.6522412215889098,0.3305186123425514,1.0273403324584427,False,-1.0399330708661416,False,0.024347336570262706,13
D,ETHUSDT,bull,none,2025-05-05 04:00:00,0.6522412215889098,0.3305186123425514,1.0273403324584427,False,-1.0399330708661416,False,0.024347336570262706,13
D,ETHUSDT,bull,strict,2025-05-18 12:00:00,0.8912879814496946,0.48351251242207993,1.185732220663172,False,-1.0190389188390814,False,0.044599030324931364,21
D,ETHUSDT,bull,half,2025-05-18 12:00:00,0.8912879814496946,0.48351251242207993,1.185732220663172,False,-1.0190389188390814,False,0.044599030324931364,21
D,ETHUSDT,bull,none,2025-05-18 12:00:00,0.8912879814496946,0.48351251242207993,1.185732220663172,False,-1.0190389188390814,False,0.044599030324931364,21
D,ETHUSDT,bull,strict,2025-05-25 20:00:00,0.6561847846708406,0.4369901346992977,1.993616791085139,True,1.96602802120523,True,0.009130146082337096,5
D,ETHUSDT,bull,half,2025-05-25 20:00:00,0.6561847846708406,0.4369901346992977,1.993616791085139,True,1.96602802120523,True,0.009130146082337096,5
D,ETHUSDT,bull,none,2025-05-25 20:00:00,0.6561847846708406,0.4369901346992977,1.993616791085139,True,1.96602802120523,True,0.009130146082337096,5
D,ETHUSDT,bull,none,2025-07-06 12:00:00,0.6054136912550939,0.28904176169290013,0.9136138028834796,True,0.8833882060978497,True,0.08640221333233687,9
D,ETHUSDT,bull,strict,2025-07-24 12:00:00,0.3806739099942816,0.13741462835687243,0.5648895591235701,True,0.5483435642686069,False,0.01457656743955225,9
D,ETHUSDT,bull,half,2025-07-24 12:00:00,0.3806739099942816,0.13741462835687243,0.5648895591235701,True,0.5483435642686069,False,0.01457656743955225,9
D,ETHUSDT,bull,none,2025-07-24 12:00:00,0.3806739099942816,0.13741462835687243,0.5648895591235701,True,0.5483435642686069,False,0.01457656743955225,9
D,ETHUSDT,bull,strict,2025-07-30 00:00:00,0.5244716734356719,0.28725820885248177,1.2109692396982001,False,-1.0369086863996904,False,0.03476285537275439,0
D,ETHUSDT,bull,half,2025-07-30 00:00:00,0.5244716734356719,0.28725820885248177,1.2109692396982001,False,-1.0369086863996904,False,0.03476285537275439,0
D,ETHUSDT,bull,none,2025-07-30 00:00:00,0.5244716734356719,0.28725820885248177,1.2109692396982001,False,-1.0369086863996904,False,0.03476285537275439,0
D,ETHUSDT,bull,strict,2025-08-19 08:00:00,0.4179064068476698,0.33787114107005245,4.221528319888975,False,-1.0373605689999132,False,0.03709154523807828,20
D,ETHUSDT,bull,half,2025-08-19 08:00:00,0.4179064068476698,0.33787114107005245,4.221528319888975,False,-1.0373605689999132,False,0.03709154523807828,20
D,ETHUSDT,bull,none,2025-08-19 08:00:00,0.4179064068476698,0.33787114107005245,4.221528319888975,False,-1.0373605689999132,False,0.03709154523807828,20
D,ETHUSDT,bull,half,2025-08-31 00:00:00,0.7828043713168533,0.5257499972150119,2.0452871072589374,False,-1.0194397399783315,False,0.03959138658972669,30
D,ETHUSDT,bull,none,2025-08-26 16:00:00,0.7215012198246572,0.4053048447647798,1.2818136978579473,False,-1.016184611048478,False,0.15492330143594038,4
D,ETHUSDT,bull,half,2025-09-17 20:00:00,0.7381744421906695,0.3645030425963485,0.975464118988164,False,-1.0249066333731407,False,0.09131845841784894,17
D,ETHUSDT,bull,none,2025-09-17 20:00:00,0.7381744421906695,0.3645030425963485,0.975464118988164,False,-1.0249066333731407,False,0.09131845841784894,17
D,ETHUSDT,bull,strict,2025-11-12 08:00:00,0.5482497634815516,0.23598090651070788,0.755697858569166,False,-1.024431935550506,False,0.011481895587856167,2
D,ETHUSDT,bull,half,2025-11-12 08:00:00,0.5482497634815516,0.23598090651070788,0.755697858569166,False,-1.024431935550506,False,0.011481895587856167,2
D,ETHUSDT,bull,none,2025-11-12 08:00:00,0.5482497634815516,0.23598090651070788,0.755697858569166,False,-1.024431935550506,False,0.011481895587856167,2
D,ETHUSDT,bull,strict,2025-11-30 12:00:00,0.4116758485871685,0.21133226704579092,1.0548492016558255,False,-1.0447612359550562,False,0.018274983709496106,3
D,ETHUSDT,bull,half,2025-11-30 12:00:00,0.4116758485871685,0.21133226704579092,1.0548492016558255,False,-1.0447612359550562,False,0.018274983709496106,3
D,ETHUSDT,bull,none,2025-11-30 12:00:00,0.4116758485871685,0.21133226704579092,1.0548492016558255,False,-1.0447612359550562,False,0.018274983709496106,3
D,ETHUSDT,bull,half,2025-12-07 16:00:00,0.643745203376823,0.19666155026861096,0.43987640545875895,True,0.4264150287528968,True,0.06387183422870295,10
D,ETHUSDT,bull,none,2025-12-07 16:00:00,0.643745203376823,0.19666155026861096,0.43987640545875895,True,0.4264150287528968,True,0.06387183422870295,10
D,ETHUSDT,bull,none,2026-01-01 20:00:00,0.8710192023633683,0.3161595273264415,0.5698008731764488,True,0.5378288787136652,True,0.21317577548005864,11
D,ETHUSDT,bull,half,2026-01-13 16:00:00,0.6398527865404839,0.23421461118622044,0.5773978521170238,True,0.5575580175287014,True,0.03965750337990121,34
D,ETHUSDT,bull,none,2026-01-13 16:00:00,0.6398527865404839,0.23421461118622044,0.5773978521170238,True,0.5575580175287014,True,0.03965750337990121,34
D,ETHUSDT,bull,strict,2026-02-25 00:00:00,0.855810375498822,0.5928890812058274,2.255005943128832,True,2.2375846210112496,True,0.05380066349343744,90
D,ETHUSDT,bull,half,2026-02-13 08:00:00,0.6207750372614068,0.4633636232511178,2.943646915088576,False,-1.0299213500305437,True,0.01728448483100162,20
D,ETHUSDT,bull,none,2026-02-13 08:00:00,0.6207750372614068,0.4633636232511178,2.943646915088576,False,-1.0299213500305437,True,0.01728448483100162,20
D,ETHUSDT,bull,none,2026-02-20 12:00:00,0.9449941383352871,0.6751230949589685,2.5016507384882734,False,-1.034110338835795,False,0.03657678780773718,27
D,ETHUSDT,bull,strict,2026-02-27 00:00:00,0.4985449922305408,0.29797994066958566,1.4857022115790925,False,-1.0287995492322863,False,0.01887272213589509,0
D,ETHUSDT,bull,half,2026-02-27 00:00:00,0.4985449922305408,0.29797994066958566,1.4857022115790925,False,-1.0287995492322863,False,0.01887272213589509,0
D,ETHUSDT,bull,none,2026-02-27 00:00:00,0.4985449922305408,0.29797994066958566,1.4857022115790925,False,-1.0287995492322863,False,0.01887272213589509,0
D,ETHUSDT,bull,none,2026-03-10 04:00:00,0.801401165813743,0.40904737144577286,1.042547255353281,True,1.0282485875706209,True,0.142689034235516,25
D,ETHUSDT,bull,none,2026-03-15 20:00:00,0.4932972330449706,0.10486693521759162,0.2699761985719126,True,0.25146438286297,True,0.009608399920756495,5
D,ETHUSDT,bull,none,2026-04-06 04:00:00,0.6574611983005287,0.14371802653255725,0.27974683544303436,True,0.2617379746835407,True,0.31119396514350034,19
D,ETHUSDT,bull,strict,2026-04-09 12:00:00,0.4635682871746105,0.2218788383057965,0.9180327868852459,True,0.881688524590164,True,0.012005230001189424,3
D,ETHUSDT,bull,half,2026-04-09 12:00:00,0.4635682871746105,0.2218788383057965,0.9180327868852459,True,0.881688524590164,True,0.012005230001189424,3
D,ETHUSDT,bull,none,2026-04-09 12:00:00,0.4635682871746105,0.2218788383057965,0.9180327868852459,True,0.881688524590164,True,0.012005230001189424,3
D,ETHUSDT,bull,none,2026-04-27 00:00:00,0.8117264222209305,0.1703759660642695,0.2656518981607338,False,-1.0216877774757633,False,0.08646638386890637,18
D,ETHUSDT,bull,none,2026-05-09 12:00:00,0.7810398154057642,0.5203986449997544,1.9966095309851142,False,-1.0436338293463927,True,0.06338062742402821,9
D,ETHUSDT,bull,strict,2026-06-11 08:00:00,0.5483323393127493,0.2560444097811623,0.8760006278449209,True,0.8498546539004852,True,0.027480845987980035,14
D,ETHUSDT,bull,half,2026-06-11 08:00:00,0.5483323393127493,0.2560444097811623,0.8760006278449209,True,0.8498546539004852,True,0.027480845987980035,14
D,ETHUSDT,bull,none,2026-06-11 08:00:00,0.5483323393127493,0.2560444097811623,0.8760006278449209,True,0.8498546539004852,True,0.027480845987980035,14
D,ETHUSDT,bull,none,2026-06-20 12:00:00,0.9119844437621532,0.5572101115545995,1.5706043559786476,False,-1.0250957738352804,False,0.15975846893869622,21
D,ETHUSDT,bull,strict,2026-07-10 00:00:00,0.42150349650349633,0.20136363636363608,0.9147077509529842,True,0.8865087357052078,True,0.019230769230769232,12
D,ETHUSDT,bull,half,2026-07-10 00:00:00,0.42150349650349633,0.20136363636363608,0.9147077509529842,True,0.8865087357052078,True,0.019230769230769232,12
D,ETHUSDT,bull,none,2026-07-10 00:00:00,0.42150349650349633,0.20136363636363608,0.9147077509529842,True,0.8865087357052078,True,0.019230769230769232,12
D,ETHUSDT,bull,strict,2026-07-18 16:00:00,0.7259874213836476,0.4495597484276725,1.626319621405166,True,1.592511831088457,True,0.015144654088051412,10
D,ETHUSDT,bull,half,2026-07-18 16:00:00,0.7259874213836476,0.4495597484276725,1.626319621405166,True,1.592511831088457,True,0.015144654088051412,10
D,ETHUSDT,bull,none,2026-07-18 16:00:00,0.7259874213836476,0.4495597484276725,1.626319621405166,True,1.592511831088457,True,0.015144654088051412,10
D,ETHUSDT,bull,half,2026-07-26 12:00:00,0.9629629629629617,0.3849114703618165,0.6658774785439486,True,0.6375591891092046,True,0.15986656402360827,15
D,ETHUSDT,bull,none,2026-07-26 12:00:00,0.9629629629629617,0.3849114703618165,0.6658774785439486,True,0.6375591891092046,True,0.15986656402360827,15
D,ETHUSDT,bull,none,2026-07-29 04:00:00,0.9289553117867932,0.42597364352499395,0.8468969555035094,False,-1.0281636416861826,False,0.20687624236177687,1
D,ETHUSDT,bull,half,2026-08-12 08:00:00,0.7838024520808152,0.24287687791400556,0.4490023942537936,True,0.4184378292098989,True,0.29165947159385247,20
D,ETHUSDT,bull,none,2026-08-12 08:00:00,0.7838024520808152,0.24287687791400556,0.4490023942537936,True,0.4184378292098989,True,0.29165947159385247,20
D,ETHUSDT,bull,half,2026-08-24 08:00:00,0.2847414843188188,0.08200883488163915,0.4045171565078917,True,0.3864664832778352,False,0.07110465372253814,8
D,ETHUSDT,bull,none,2026-08-24 08:00:00,0.2847414843188188,0.08200883488163915,0.4045171565078917,True,0.3864664832778352,False,0.07110465372253814,8
D,ETHUSDT,bull,none,2026-09-14 00:00:00,0.7831118894430265,0.5863631172193244,2.980263157894746,False,-1.048606424148607,True,0.053070392507709487,6
D,ETHUSDT,bull,half,2026-09-25 08:00:00,0.7394150132951516,0.37128247085293564,1.0085565062784803,False,-1.030181131236804,False,0.14890570668848455,14
D,ETHUSDT,bull,none,2026-09-23 00:00:00,0.3777868684802629,0.1381468602986312,0.5764766131785674,False,-1.0473368043700921,False,0.0730210677030063,0
D,ETHUSDT,bull,none,2026-09-28 12:00:00,0.9315045006429507,0.5668238319759974,1.554301833568405,True,1.4913836389280664,True,0.07338191170167142,9
D,ETHUSDT,bear,strict,2020-02-19 20:00:00,0.9550254204145481,0.4022291748142354,0.7276264591439691,True,0.7184849663954724,True,0.030700039108329948,11
D,ETHUSDT,bear,half,2020-02-19 20:00:00,0.9550254204145481,0.4022291748142354,0.7276264591439691,True,0.7184849663954724,True,0.030700039108329948,11
D,ETHUSDT,bear,none,2020-02-19 20:00:00,0.9550254204145481,0.4022291748142354,0.7276264591439691,True,0.7184849663954724,True,0.030700039108329948,11
D,ETHUSDT,bear,strict,2020-02-24 16:00:00,0.7685707281196372,0.4322137778867376,1.2849854227405293,True,1.2657769679300337,True,0.028928658985045527,16
D,ETHUSDT,bear,half,2020-02-24 16:00:00,0.7685707281196372,0.4322137778867376,1.2849854227405293,True,1.2657769679300337,True,0.028928658985045527,16
D,ETHUSDT,bear,none,2020-02-24 16:00:00,0.7685707281196372,0.4322137778867376,1.2849854227405293,True,1.2657769679300337,True,0.028928658985045527,16
D,ETHUSDT,bear,strict,2020-03-07 16:00:00,0.6214126394052047,0.43063197026022315,2.257209664848011,True,2.238583787996881,True,0.04996282527881061,46
D,ETHUSDT,bear,half,2020-03-07 16:00:00,0.6214126394052047,0.43063197026022315,2.257209664848011,True,2.238583787996881,True,0.04996282527881061,46
D,ETHUSDT,bear,none,2020-03-07 16:00:00,0.6214126394052047,0.43063197026022315,2.257209664848011,True,2.238583787996881,True,0.04996282527881061,46
D,ETHUSDT,bear,strict,2020-04-12 20:00:00,0.5339403973509936,0.2781456953642384,1.0873786407766977,True,1.0616957928802575,True,0.11465231788079513,5
D,ETHUSDT,bear,half,2020-04-12 20:00:00,0.5339403973509936,0.2781456953642384,1.0873786407766977,True,1.0616957928802575,True,0.11465231788079513,5
D,ETHUSDT,bear,none,2020-04-12 20:00:00,0.5339403973509936,0.2781456953642384,1.0873786407766977,True,1.0616957928802575,True,0.11465231788079513,5
D,ETHUSDT,bear,none,2020-04-15 08:00:00,0.8000000000000004,0.527035830618891,1.9307875894987887,True,1.893164677804278,True,0.05928338762214964,2
D,ETHUSDT,bear,half,2020-05-24 12:00:00,0.7655334114888626,0.5361469323954675,2.337308347529822,False,-1.0349795570698468,True,0.02032043767096564,9
D,ETHUSDT,bear,none,2020-05-24 12:00:00,0.7655334114888626,0.5361469323954675,2.337308347529822,False,-1.0349795570698468,True,0.02032043767096564,9
D,ETHUSDT,bear,half,2020-06-14 20:00:00,0.5473315153876116,0.25671990650564774,0.8833780160857866,True,0.8522895442359206,True,0.04090377873003442,11
D,ETHUSDT,bear,none,2020-06-14 20:00:00,0.5473315153876116,0.25671990650564774,0.8833780160857866,True,0.8522895442359206,True,0.04090377873003442,11
D,ETHUSDT,bear,none,2020-06-24 12:00:00,0.9517889630078834,0.4275318374772589,0.8155002891844998,True,0.8020751879699249,True,0.11613098847786493,45
D,ETHUSDT,bear,strict,2020-06-30 16:00:00,0.46175321049692897,0.3149078726968175,2.1444866920152132,False,-1.0427509505703423,False,0.02037967615857035,10
D,ETHUSDT,bear,half,2020-06-30 16:00:00,0.46175321049692897,0.3149078726968175,2.1444866920152132,False,-1.0427509505703423,False,0.02037967615857035,10
D,ETHUSDT,bear,none,2020-06-30 16:00:00,0.46175321049692897,0.3149078726968175,2.1444866920152132,False,-1.0427509505703423,False,0.02037967615857035,10
D,ETHUSDT,bear,strict,2020-07-13 16:00:00,0.7407686510926906,0.21024868123587176,0.39630681818182156,True,0.3624261363636397,True,0.18462697814619555,10
D,ETHUSDT,bear,half,2020-07-13 16:00:00,0.7407686510926906,0.21024868123587176,0.39630681818182156,True,0.3624261363636397,True,0.18462697814619555,10
D,ETHUSDT,bear,none,2020-07-13 16:00:00,0.7407686510926906,0.21024868123587176,0.39630681818182156,True,0.3624261363636397,True,0.18462697814619555,10
D,ETHUSDT,bear,strict,2020-08-09 08:00:00,0.8465994421797903,0.6668096974898098,3.7088305489260214,False,-1.0468198090692125,True,0.00021454623471460515,2
D,ETHUSDT,bear,half,2020-08-09 08:00:00,0.8465994421797903,0.6668096974898098,3.7088305489260214,False,-1.0468198090692125,True,0.00021454623471460515,2
D,ETHUSDT,bear,none,2020-08-09 08:00:00,0.8465994421797903,0.6668096974898098,3.7088305489260214,False,-1.0468198090692125,True,0.00021454623471460515,2
D,ETHUSDT,bear,half,2020-08-21 08:00:00,0.4702081837760236,0.22272074659009367,0.8999274836838294,True,0.8705083393763602,True,0.028715003589374823,2
D,ETHUSDT,bear,none,2020-08-21 08:00:00,0.4702081837760236,0.22272074659009367,0.8999274836838294,True,0.8705083393763602,True,0.028715003589374823,2
D,ETHUSDT,bear,strict,2020-08-25 04:00:00,0.4449275362318839,0.22782608695652212,1.0493991989319138,True,1.022982643524704,True,0.025362318840579712,7
D,ETHUSDT,bear,half,2020-08-25 04:00:00,0.4449275362318839,0.22782608695652212,1.0493991989319138,True,1.022982643524704,True,0.025362318840579712,7
D,ETHUSDT,bear,none,2020-08-25 04:00:00,0.4449275362318839,0.22782608695652212,1.0493991989319138,True,1.022982643524704,True,0.025362318840579712,7
D,ETHUSDT,bear,none,2020-08-27 00:00:00,0.5744575936883631,0.34886587771203237,1.5464480874317015,False,-1.0419989071038251,False,0.012327416173570018,0
D,ETHUSDT,bear,strict,2020-09-11 00:00:00,0.38272147724774674,0.27220268190811153,2.4629537543510662,False,-1.0177468920934858,False,0.023796438777753268,24
D,ETHUSDT,bear,half,2020-09-11 00:00:00,0.38272147724774674,0.27220268190811153,2.4629537543510662,False,-1.0177468920934858,False,0.023796438777753268,24
D,ETHUSDT,bear,none,2020-09-11 00:00:00,0.38272147724774674,0.27220268190811153,2.4629537543510662,False,-1.0177468920934858,False,0.023796438777753268,24
D,ETHUSDT,bear,strict,2020-09-28 20:00:00,0.686452086647901,0.5077713866111861,2.8417808219178156,False,-1.024236301369863,False,0.008077346713988805,23
D,ETHUSDT,bear,half,2020-09-28 20:00:00,0.686452086647901,0.5077713866111861,2.8417808219178156,False,-1.024236301369863,False,0.008077346713988805,23
D,ETHUSDT,bear,none,2020-09-28 20:00:00,0.686452086647901,0.5077713866111861,2.8417808219178156,False,-1.024236301369863,False,0.008077346713988805,23
D,ETHUSDT,bear,half,2020-10-06 08:00:00,0.6176228383200658,0.32939884710403505,1.1428571428571428,True,1.1099038095238094,True,0.03074389239637517,14
D,ETHUSDT,bear,none,2020-10-06 08:00:00,0.6176228383200658,0.32939884710403505,1.1428571428571428,True,1.1099038095238094,True,0.03074389239637517,14
D,ETHUSDT,bear,strict,2020-10-20 04:00:00,0.6876790830945552,0.43524355300859713,1.724177071509665,False,-1.0426469920544839,True,0.02464183381088699,13
D,ETHUSDT,bear,half,2020-10-20 04:00:00,0.6876790830945552,0.43524355300859713,1.724177071509665,False,-1.0426469920544839,True,0.02464183381088699,13
D,ETHUSDT,bear,none,2020-10-20 04:00:00,0.6876790830945552,0.43524355300859713,1.724177071509665,False,-1.0426469920544839,True,0.02464183381088699,13
D,ETHUSDT,bear,none,2020-10-28 08:00:00,0.7952954354522541,0.12713525623074834,0.19027661357921327,True,0.17406873428332054,False,0.15429851582189846,2
D,ETHUSDT,bear,strict,2020-11-02 08:00:00,0.7126616139099424,0.2498885421310752,0.5399807321772659,True,0.5214720616570347,False,0.14065983058403925,8
D,ETHUSDT,bear,half,2020-11-02 08:00:00,0.7126616139099424,0.2498885421310752,0.5399807321772659,True,0.5214720616570347,False,0.14065983058403925,8
D,ETHUSDT,bear,none,2020-11-02 08:00:00,0.7126616139099424,0.2498885421310752,0.5399807321772659,True,0.5214720616570347,False,0.14065983058403925,8
D,ETHUSDT,bear,strict,2020-12-08 08:00:00,0.7364864864864854,0.2038026398491516,0.3825958702064907,True,0.3656628318584081,True,0.09318038969201846,8
D,ETHUSDT,bear,half,2020-12-08 08:00:00,0.7364864864864854,0.2038026398491516,0.3825958702064907,True,0.3656628318584081,True,0.09318038969201846,8
D,ETHUSDT,bear,none,2020-12-08 08:00:00,0.7364864864864854,0.2038026398491516,0.3825958702064907,True,0.3656628318584081,True,0.09318038969201846,8
D,ETHUSDT,bear,strict,2020-12-14 08:00:00,0.8380345768880809,0.633952944235019,3.106369426751582,False,-1.036928025477707,False,0.0025997660210586976,20
D,ETHUSDT,bear,half,2020-12-14 08:00:00,0.8380345768880809,0.633952944235019,3.106369426751582,False,-1.036928025477707,False,0.0025997660210586976,20
D,ETHUSDT,bear,none,2020-12-14 08:00:00,0.8380345768880809,0.633952944235019,3.106369426751582,False,-1.036928025477707,False,0.0025997660210586976,20
D,ETHUSDT,bear,strict,2021-01-15 12:00:00,0.7845992809356936,0.5185454876439263,1.9490249743414279,False,-1.0097765993841943,False,0.06305465798935064,15
D,ETHUSDT,bear,half,2021-01-15 12:00:00,0.7845992809356936,0.5185454876439263,1.9490249743414279,False,-1.0097765993841943,False,0.06305465798935064,15
D,ETHUSDT,bear,none,2021-01-15 12:00:00,0.7845992809356936,0.5185454876439263,1.9490249743414279,False,-1.0097765993841943,False,0.06305465798935064,15
D,ETHUSDT,bear,none,2021-01-31 12:00:00,0.8603790023959921,0.3835039570173531,0.8042021924482352,False,-1.0099850791717417,False,0.16677557540114735,15
D,ETHUSDT,bear,none,2021-02-25 20:00:00,0.5227983938956603,0.1913607590414813,0.5773658115973263,True,0.5709761155421419,False,0.04066701913321812,5
D,ETHUSDT,bear,strict,2021-03-03 20:00:00,0.4915254237288136,0.3652409957627121,2.8922092901331706,False,-1.0164478347488728,True,0.013652012711864635,11
D,ETHUSDT,bear,half,2021-03-03 20:00:00,0.4915254237288136,0.3652409957627121,2.8922092901331706,False,-1.0164478347488728,True,0.013652012711864635,11
D,ETHUSDT,bear,none,2021-03-03 20:00:00,0.4915254237288136,0.3652409957627121,2.8922092901331706,False,-1.0164478347488728,True,0.013652012711864635,11
D,ETHUSDT,bear,half,2021-03-18 16:00:00,0.5955649419218585,0.23974656810982045,0.6737891737891736,False,-1.0209966761633429,False,0.13262935586061284,4
D,ETHUSDT,bear,none,2021-03-18 16:00:00,0.5955649419218585,0.23974656810982045,0.6737891737891736,False,-1.0209966761633429,False,0.13262935586061284,4
D,ETHUSDT,bear,strict,2021-03-28 16:00:00,0.5834782087404836,0.4066902463881066,2.3004408273991186,False,-1.0284147168531705,False,0.03560937593669478,16
D,ETHUSDT,bear,half,2021-03-28 16:00:00,0.5834782087404836,0.4066902463881066,2.3004408273991186,False,-1.0284147168531705,False,0.03560937593669478,16
D,ETHUSDT,bear,none,2021-03-28 16:00:00,0.5834782087404836,0.4066902463881066,2.3004408273991186,False,-1.0284147168531705,False,0.03560937593669478,16
D,ETHUSDT,bear,strict,2021-05-15 00:00:00,0.769976905311778,0.6061060102517881,3.698680049498141,True,3.670978000824966,True,0.016695769729059548,0
D,ETHUSDT,bear,half,2021-05-15 00:00:00,0.769976905311778,0.6061060102517881,3.698680049498141,True,3.670978000824966,True,0.016695769729059548,0
D,ETHUSDT,bear,none,2021-05-15 00:00:00,0.769976905311778,0.6061060102517881,3.698680049498141,True,3.670978000824966,True,0.016695769729059548,0
D,ETHUSDT,bear,strict,2021-05-21 12:00:00,0.5731669952816416,0.36833473310095993,1.7982261640798236,False,,True,0.007767809189444496,3
D,ETHUSDT,bear,half,2021-05-21 12:00:00,0.5731669952816416,0.36833473310095993,1.7982261640798236,False,,True,0.007767809189444496,3
D,ETHUSDT,bear,none,2021-05-21 12:00:00,0.5731669952816416,0.36833473310095993,1.7982261640798236,False,,True,0.007767809189444496,3
D,ETHUSDT,bear,strict,2021-06-02 20:00:00,0.8515268371782467,0.7195961137531167,5.45434827514975,False,-1.0279613716174343,False,0.025522231457887665,11
D,ETHUSDT,bear,half,2021-06-02 20:00:00,0.8515268371782467,0.7195961137531167,5.45434827514975,False,-1.0279613716174343,False,0.025522231457887665,11
D,ETHUSDT,bear,none,2021-06-02 20:00:00,0.8515268371782467,0.7195961137531167,5.45434827514975,False,-1.0279613716174343,False,0.025522231457887665,11
D,ETHUSDT,bear,half,2021-06-07 20:00:00,0.8789033615835279,0.1488823161367383,0.20394249873388093,True,0.19384097549573376,True,0.040640464137420985,11
D,ETHUSDT,bear,none,2021-06-07 20:00:00,0.8789033615835279,0.1488823161367383,0.20394249873388093,True,0.19384097549573376,True,0.040640464137420985,11
D,ETHUSDT,bear,strict,2021-06-10 12:00:00,0.5915280713038685,0.3790315170449324,1.7837066505232189,True,1.761984346622847,True,0.0011210144261694886,3
D,ETHUSDT,bear,half,2021-06-10 12:00:00,0.5915280713038685,0.3790315170449324,1.7837066505232189,True,1.761984346622847,True,0.0011210144261694886,3
D,ETHUSDT,bear,none,2021-06-10 12:00:00,0.5915280713038685,0.3790315170449324,1.7837066505232189,True,1.761984346622847,True,0.0011210144261694886,3
D,ETHUSDT,bear,strict,2021-06-29 20:00:00,0.5796887448876613,0.4955755032665854,5.8917655973730865,False,-1.0273446577418541,False,0.01407552982418867,35
D,ETHUSDT,bear,half,2021-06-29 20:00:00,0.5796887448876613,0.4955755032665854,5.8917655973730865,False,-1.0273446577418541,False,0.01407552982418867,35
D,ETHUSDT,bear,none,2021-06-29 20:00:00,0.5796887448876613,0.4955755032665854,5.8917655973730865,False,-1.0273446577418541,False,0.01407552982418867,35
D,ETHUSDT,bear,strict,2021-08-22 12:00:00,0.9259541984732826,0.5899491094147581,1.7557743279060931,False,-1.0240957970465732,False,0.03343511450381647,15
D,ETHUSDT,bear,half,2021-08-22 12:00:00,0.9259541984732826,0.5899491094147581,1.7557743279060931,False,-1.0240957970465732,False,0.03343511450381647,15
D,ETHUSDT,bear,none,2021-08-22 12:00:00,0.9259541984732826,0.5899491094147581,1.7557743279060931,False,-1.0240957970465732,False,0.03343511450381647,15
D,ETHUSDT,bear,none,2021-08-30 00:00:00,0.7241691842900296,0.3329003021148038,0.8508223303219848,False,-1.0244165701490233,False,0.14120845921450084,12
D,ETHUSDT,bear,half,2021-09-17 08:00:00,0.7067633980809735,0.49466885092440893,2.332303482367478,True,2.3170700887143023,True,0.0237584835010528,50
D,ETHUSDT,bear,none,2021-09-17 08:00:00,0.7067633980809735,0.49466885092440893,2.332303482367478,True,2.3170700887143023,True,0.0237584835010528,50
D,ETHUSDT,bear,strict,2021-09-13 00:00:00,0.7766774359694708,0.2694666853958896,0.5312716362797164,True,0.5162321717055184,False,0.1184155077960385,6
D,ETHUSDT,bear,half,2021-09-13 00:00:00,0.7766774359694708,0.2694666853958896,0.5312716362797164,True,0.5162321717055184,False,0.1184155077960385,6
D,ETHUSDT,bear,none,2021-09-13 00:00:00,0.7766774359694708,0.2694666853958896,0.5312716362797164,True,0.5162321717055184,False,0.1184155077960385,6
D,ETHUSDT,bear,strict,2021-09-23 08:00:00,0.4854882547078235,0.4004562220927973,4.709474885844751,False,-1.034935502283105,False,0.015967773247913295,2
D,ETHUSDT,bear,half,2021-09-23 08:00:00,0.4854882547078235,0.4004562220927973,4.709474885844751,False,-1.034935502283105,False,0.015967773247913295,2
D,ETHUSDT,bear,none,2021-09-23 08:00:00,0.4854882547078235,0.4004562220927973,4.709474885844751,False,-1.034935502283105,False,0.015967773247913295,2
D,ETHUSDT,bear,none,2021-09-28 12:00:00,0.9772229621436157,0.2512020587372181,0.34599838318512605,False,-1.008837385734718,False,0.241630736585476,15
D,ETHUSDT,bear,strict,2021-10-24 08:00:00,0.6055023923444977,0.28433014354066943,0.8852886405959005,False,-1.0250193668528864,False,0.03484848484848486,2
D,ETHUSDT,bear,half,2021-10-24 08:00:00,0.6055023923444977,0.28433014354066943,0.8852886405959005,False,-1.0250193668528864,False,0.03484848484848486,2
D,ETHUSDT,bear,none,2021-10-24 08:00:00,0.6055023923444977,0.28433014354066943,0.8852886405959005,False,-1.0250193668528864,False,0.03484848484848486,2
D,ETHUSDT,bear,strict,2021-11-20 12:00:00,0.4632680894983228,0.3167704916018534,2.1622913696217507,False,-1.0353582990858008,False,0.012299261552828117,3
D,ETHUSDT,bear,half,2021-11-20 12:00:00,0.4632680894983228,0.3167704916018534,2.1622913696217507,False,-1.0353582990858008,False,0.012299261552828117,3
D,ETHUSDT,bear,none,2021-11-20 12:00:00,0.4632680894983228,0.3167704916018534,2.1622913696217507,False,-1.0353582990858008,False,0.012299261552828117,3
D,ETHUSDT,bear,none,2021-11-24 16:00:00,0.8823741179858874,0.4665194643114278,1.1218329774340576,False,-1.0243188665089167,False,0.08592137474199625,4
D,ETHUSDT,bear,strict,2021-12-09 16:00:00,0.8684647793046425,0.5784147733984326,1.9941898349261467,False,,True,0.043682324684018004,22
D,ETHUSDT,bear,half,2021-12-09 12:00:00,0.8684647793046425,0.6389573571681693,2.784037880867411,False,,True,0.06686616529511348,21
D,ETHUSDT,bear,none,2021-12-09 12:00:00,0.8684647793046425,0.6389573571681693,2.784037880867411,False,,True,0.06686616529511348,21
D,ETHUSDT,bear,strict,2021-12-13 00:00:00,0.518758712649251,0.24499969695132975,0.8949465877013314,True,0.872847179941327,True,0.08670222437723468,0
D,ETHUSDT,bear,half,2021-12-13 00:00:00,0.518758712649251,0.24499969695132975,0.8949465877013314,True,0.872847179941327,True,0.08670222437723468,0
D,ETHUSDT,bear,none,2021-12-13 00:00:00,0.518758712649251,0.24499969695132975,0.8949465877013314,True,0.872847179941327,True,0.08670222437723468,0
D,ETHUSDT,bear,strict,2021-12-28 16:00:00,0.9631821416532457,0.31255852279111596,0.4803983650912442,True,0.4694424903574925,True,0.04140604517023048,70
D,ETHUSDT,bear,none,2021-12-28 16:00:00,0.9631821416532457,0.31255852279111596,0.4803983650912442,True,0.4694424903574925,True,0.0587849732199714,70
D,ETHUSDT,bear,none,2021-12-23 00:00:00,0.8975180898955843,0.6251679355127631,2.295456512332331,False,-1.0342660320207704,False,0.054493600773092295,24
D,ETHUSDT,bear,strict,2022-01-03 16:00:00,0.5128205128205128,0.2885897435897439,1.2870211549456863,False,-1.0305282202074655,False,0.0023992673992672994,16
D,ETHUSDT,bear,half,2022-01-03 16:00:00,0.5128205128205128,0.2885897435897439,1.2870211549456863,False,-1.0305282202074655,False,0.0023992673992672994,16
D,ETHUSDT,bear,none,2022-01-03 16:00:00,0.5128205128205128,0.2885897435897439,1.2870211549456863,False,-1.0305282202074655,False,0.0023992673992672994,16
D,ETHUSDT,bear,strict,2022-01-10 08:00:00,0.23747128487633007,0.12015745924125161,1.024239543726233,True,0.9947319391634954,True,0.010716595668755855,2
D,ETHUSDT,bear,half,2022-01-10 08:00:00,0.23747128487633007,0.12015745924125161,1.024239543726233,True,0.9947319391634954,True,0.010716595668755855,2
D,ETHUSDT,bear,none,2022-01-10 08:00:00,0.23747128487633007,0.12015745924125161,1.024239543726233,True,0.9947319391634954,True,0.010716595668755855,2
D,ETHUSDT,bear,none,2022-01-13 16:00:00,0.5020807302692041,0.3571317933519893,2.4638455510436716,True,2.4405454869274075,True,0.04068524695118813,10
D,ETHUSDT,bear,strict,2022-01-26 20:00:00,0.5075273804002712,0.27702365238485976,1.2018185335654878,False,-1.0095245115109306,False,0.011612143698048576,5
D,ETHUSDT,bear,half,2022-01-26 20:00:00,0.5075273804002712,0.27702365238485976,1.2018185335654878,False,-1.0095245115109306,False,0.011612143698048576,5
D,ETHUSDT,bear,none,2022-01-26 20:00:00,0.5075273804002712,0.27702365238485976,1.2018185335654878,False,-1.0095245115109306,False,0.011612143698048576,5
D,ETHUSDT,bear,none,2022-02-17 12:00:00,0.8125165504457585,0.34707388118986626,0.7456855679878612,True,0.7315234212023501,True,0.05750728219613371,9
D,ETHUSDT,bear,strict,2022-03-03 12:00:00,0.8314874121519439,0.5880704563650921,2.4158976701690267,False,-1.012917131110096,True,0.06679788275064513,33
D,ETHUSDT,bear,half,2022-03-03 12:00:00,0.8314874121519439,0.5880704563650921,2.4158976701690267,False,-1.012917131110096,True,0.06679788275064513,33
D,ETHUSDT,bear,none,2022-02-27 00:00:00,0.6486077751089762,0.46225869584556556,2.4806062775987616,False,-1.0161977562955007,False,0.014300329152210797,6
D,ETHUSDT,bear,strict,2022-03-06 08:00:00,0.2400538029885875,0.07656417477564541,0.46831212238076686,True,0.43479778891888227,True,0.0005254198104285325,2
D,ETHUSDT,bear,half,2022-03-06 08:00:00,0.2400538029885875,0.07656417477564541,0.46831212238076686,True,0.43479778891888227,True,0.0005254198104285325,2
D,ETHUSDT,bear,none,2022-03-06 08:00:00,0.2400538029885875,0.07656417477564541,0.46831212238076686,True,0.43479778891888227,True,0.0005254198104285325,2
D,ETHUSDT,bear,strict,2022-03-09 16:00:00,0.5555103766833649,0.45807039229718344,4.701051577366066,False,-1.0452889334001003,True,0.005481100774185715,4
D,ETHUSDT,bear,half,2022-03-09 16:00:00,0.5555103766833649,0.45807039229718344,4.701051577366066,False,-1.0452889334001003,True,0.005481100774185715,4
D,ETHUSDT,bear,none,2022-03-09 16:00:00,0.5555103766833649,0.45807039229718344,4.701051577366066,False,-1.0452889334001003,True,0.005481100774185715,4
D,ETHUSDT,bear,strict,2022-04-14 12:00:00,0.5603512550741446,0.19266561731974693,0.52399549380398,True,0.5013529853548625,True,0.026675503272305116,9
D,ETHUSDT,bear,half,2022-04-14 12:00:00,0.5603512550741446,0.19266561731974693,0.52399549380398,True,0.5013529853548625,True,0.026675503272305116,9
D,ETHUSDT,bear,none,2022-04-14 12:00:00,0.5603512550741446,0.19266561731974693,0.52399549380398,True,0.5013529853548625,True,0.026675503272305116,9
D,ETHUSDT,bear,half,2022-04-29 08:00:00,0.5217920855921482,0.19234351491414506,0.5838347227256238,True,0.5632344327654933,True,0.037924199364744955,8
D,ETHUSDT,bear,none,2022-04-29 08:00:00,0.5217920855921482,0.19234351491414506,0.5838347227256238,True,0.5632344327654933,True,0.037924199364744955,8
D,ETHUSDT,bear,strict,2022-05-05 12:00:00,0.9449479691171526,0.10816455932266601,0.1292623133496769,True,0.11704635613995992,True,0.05960240199917948,21
D,ETHUSDT,bear,half,2022-05-05 12:00:00,0.9449479691171526,0.10816455932266601,0.1292623133496769,True,0.11704635613995992,True,0.05960240199917948,21
D,ETHUSDT,bear,none,2022-05-05 12:00:00,0.9449479691171526,0.10816455932266601,0.1292623133496769,True,0.11704635613995992,True,0.05960240199917948,21
D,ETHUSDT,bear,none,2022-05-14 12:00:00,0.3148700791042139,0.1573846011584018,0.9993594534002367,False,-1.0104764065335754,False,0.05363282530662337,3
D,ETHUSDT,bear,none,2022-05-23 20:00:00,0.685569657398576,0.259518744039322,0.6091261300043055,True,0.592144210073182,True,0.048859217959063644,17
D,ETHUSDT,bear,strict,2022-05-29 16:00:00,0.4089147878085242,0.28327790828934896,2.254735308402131,False,-1.0434147644487615,False,0.010068035512706942,4
D,ETHUSDT,bear,half,2022-05-29 16:00:00,0.4089147878085242,0.28327790828934896,2.254735308402131,False,-1.0434147644487615,False,0.010068035512706942,4
D,ETHUSDT,bear,none,2022-05-29 16:00:00,0.4089147878085242,0.28327790828934896,2.254735308402131,False,-1.0434147644487615,False,0.010068035512706942,4
D,ETHUSDT,bear,none,2022-06-06 16:00:00,0.6566112207499293,0.4587327318861012,2.3182546749777453,True,2.285072484416748,True,0.015506061460389383,10
D,ETHUSDT,bear,strict,2022-06-20 00:00:00,0.7513249835201056,0.5301516150296637,2.3969957081545026,False,-1.0128648068669528,False,0.047541199736321614,0
D,ETHUSDT,bear,half,2022-06-20 00:00:00,0.7513249835201056,0.5301516150296637,2.3969957081545026,False,-1.0128648068669528,False,0.047541199736321614,0
D,ETHUSDT,bear,none,2022-06-20 00:00:00,0.7513249835201056,0.5301516150296637,2.3969957081545026,False,-1.0128648068669528,False,0.047541199736321614,0
D,ETHUSDT,bear,strict,2022-07-05 08:00:00,0.7398021744461699,0.4773154581868713,1.818436624104639,False,-1.0173120523201495,False,0.02386986021417443,20
D,ETHUSDT,bear,half,2022-07-02 00:00:00,0.503596828251451,0.1728112482628953,0.5224267885827251,False,-1.0128170023477079,False,0.013283740701381505,0
D,ETHUSDT,bear,none,2022-07-02 00:00:00,0.503596828251451,0.1728112482628953,0.5224267885827251,False,-1.0128170023477079,False,0.013283740701381505,0
D,ETHUSDT,bear,half,2022-08-04 16:00:00,0.6478381795195961,0.16404551201011405,0.3390822619420929,False,-1.0166221386014425,False,0.12667509481668865,4
D,ETHUSDT,bear,none,2022-08-04 16:00:00,0.6478381795195961,0.16404551201011405,0.3390822619420929,False,-1.0166221386014425,False,0.12667509481668865,4
D,ETHUSDT,bear,strict,2022-08-22 00:00:00,0.29300324898183305,0.16768864686770688,1.3381413182399122,False,-1.0291022457549754,True,0.011668878414862742,0
D,ETHUSDT,bear,half,2022-08-22 00:00:00,0.29300324898183305,0.16768864686770688,1.3381413182399122,False,-1.0291022457549754,True,0.011668878414862742,0
D,ETHUSDT,bear,none,2022-08-22 00:00:00,0.29300324898183305,0.16768864686770688,1.3381413182399122,False,-1.0291022457549754,True,0.011668878414862742,0
D,ETHUSDT,bear,strict,2022-09-06 16:00:00,0.8830496665671345,0.5150127732988288,1.3993509420355172,False,-1.014205535022086,False,0.013801798215056171,40
D,ETHUSDT,bear,half,2022-09-06 16:00:00,0.8830496665671345,0.5150127732988288,1.3993509420355172,False,-1.014205535022086,False,0.013801798215056171,40
D,ETHUSDT,bear,none,2022-09-06 16:00:00,0.8830496665671345,0.5150127732988288,1.3993509420355172,False,-1.014205535022086,False,0.013801798215056171,40
D,ETHUSDT,bear,strict,2022-09-18 08:00:00,0.28316326530612285,0.11942700156985898,0.7293863854266549,True,0.6950280441035485,True,0.025745682888540716,2
D,ETHUSDT,bear,half,2022-09-18 08:00:00,0.28316326530612285,0.11942700156985898,0.7293863854266549,True,0.6950280441035485,True,0.025745682888540716,2
D,ETHUSDT,bear,none,2022-09-18 08:00:00,0.28316326530612285,0.11942700156985898,0.7293863854266549,True,0.6950280441035485,True,0.025745682888540716,2
D,ETHUSDT,bear,half,2022-09-27 16:00:00,0.41382446566621195,0.24045020463847205,1.3868852459016394,True,1.3695245901639346,True,0.0852887676216462,28
D,ETHUSDT,bear,none,2022-09-27 16:00:00,0.41382446566621195,0.24045020463847205,1.3868852459016394,True,1.3695245901639346,True,0.0852887676216462,28
D,ETHUSDT,bear,strict,2022-10-07 12:00:00,0.8885999999999997,0.5564666666666669,1.6754315535929372,True,1.64866579686873,True,0.05373333333333297,45
D,ETHUSDT,bear,half,2022-10-07 12:00:00,0.8885999999999997,0.5564666666666669,1.6754315535929372,True,1.64866579686873,True,0.05373333333333297,45
D,ETHUSDT,bear,none,2022-10-07 12:00:00,0.8885999999999997,0.5564666666666669,1.6754315535929372,True,1.64866579686873,True,0.05373333333333297,45
D,ETHUSDT,bear,none,2022-10-05 12:00:00,0.9704058125110764,0.614389509126351,1.7257341961174666,False,-1.0330965654554505,False,0.09799751905015024,3
D,ETHUSDT,bear,half,2022-10-10 04:00:00,0.4419977857054998,0.17480624923114826,0.6542357274401481,True,0.5936367403314926,True,0.033091401156354484,1
D,ETHUSDT,bear,none,2022-10-10 04:00:00,0.4419977857054998,0.17480624923114826,0.6542357274401481,True,0.5936367403314926,True,0.033091401156354484,1
D,ETHUSDT,bear,strict,2022-10-13 00:00:00,0.5704099821746863,0.28808446455505243,1.0203982515784398,True,0.9579402622632379,True,0.04675716440422431,0
D,ETHUSDT,bear,half,2022-10-13 00:00:00,0.5704099821746863,0.28808446455505243,1.0203982515784398,True,0.9579402622632379,True,0.04675716440422431,0
D,ETHUSDT,bear,none,2022-10-13 00:00:00,0.5704099821746863,0.28808446455505243,1.0203982515784398,True,0.9579402622632379,True,0.04675716440422431,0
D,ETHUSDT,bear,strict,2022-10-19 20:00:00,0.9832594780896122,0.2748645987198443,0.388010425716771,True,0.36569157254561546,False,0.03175775480058994,17
D,ETHUSDT,bear,half,2022-10-19 20:00:00,0.9832594780896122,0.2748645987198443,0.388010425716771,True,0.36569157254561546,False,0.03175775480058994,17
D,ETHUSDT,bear,none,2022-10-19 20:00:00,0.9832594780896122,0.2748645987198443,0.388010425716771,True,0.36569157254561546,False,0.03175775480058994,17
D,ETHUSDT,bear,none,2022-11-14 00:00:00,0.4584552658402655,0.19937197908789003,0.7695285233834637,False,,False,0.03845395061322477,18
D,ETHUSDT,bear,half,2022-11-25 00:00:00,0.8881208710545635,0.6984952287741623,3.683548387096776,False,-1.0382487096774193,False,0.04905798874480047,6
D,ETHUSDT,bear,none,2022-11-25 00:00:00,0.8881208710545635,0.6984952287741623,3.683548387096776,False,-1.0382487096774193,False,0.04905798874480047,6
D,ETHUSDT,bear,none,2022-12-12 00:00:00,0.9164392905866313,0.2966120964074569,0.47853998532648234,False,-1.0228009904622155,False,0.24181446111869,18
D,ETHUSDT,bear,strict,2023-01-30 08:00:00,0.8897378629364054,0.40860467850005844,0.8492548253115059,False,-1.0193234791106767,False,0.020336193722816705,20
D,ETHUSDT,bear,half,2023-01-30 08:00:00,0.8897378629364054,0.40860467850005844,0.8492548253115059,False,-1.0193234791106767,False,0.020336193722816705,20
D,ETHUSDT,bear,none,2023-01-30 08:00:00,0.8897378629364054,0.40860467850005844,0.8492548253115059,False,-1.0193234791106767,False,0.020336193722816705,20
D,ETHUSDT,bear,none,2023-02-01 04:00:00,0.5691473559120622,0.3417260843731429,1.5026126714565582,False,-1.0514386022207705,False,0.01671122994652405,1
D,ETHUSDT,bear,strict,2023-02-12 20:00:00,0.28873636705528427,0.1326156449793157,0.8494429388738334,True,0.8038395061728397,True,0.03248401654757359,5
D,ETHUSDT,bear,half,2023-02-12 20:00:00,0.28873636705528427,0.1326156449793157,0.8494429388738334,True,0.8038395061728397,True,0.03248401654757359,5
D,ETHUSDT,bear,none,2023-02-12 20:00:00,0.28873636705528427,0.1326156449793157,0.8494429388738334,True,0.8038395061728397,True,0.03248401654757359,5
D,ETHUSDT,bear,strict,2023-02-24 12:00:00,0.6313850155335594,0.07954627555812444,0.1441476826394345,True,0.12317124901806761,True,0.049418394624666954,3
D,ETHUSDT,bear,half,2023-02-24 12:00:00,0.6313850155335594,0.07954627555812444,0.1441476826394345,True,0.12317124901806761,True,0.049418394624666954,3
D,ETHUSDT,bear,none,2023-02-24 12:00:00,0.6313850155335594,0.07954627555812444,0.1441476826394345,True,0.12317124901806761,True,0.049418394624666954,3
D,ETHUSDT,bear,strict,2023-03-01 16:00:00,0.9301110385369045,0.6396962769431754,2.202698903570432,False,-1.0459496766938432,False,0.06833768778576003,16
D,ETHUSDT,bear,half,2023-02-28 20:00:00,0.8890431090790339,0.39712606139778,0.807302904564317,False,-1.026634356846473,False,0.05470280862181617,11
D,ETHUSDT,bear,none,2023-02-28 20:00:00,0.8890431090790339,0.39712606139778,0.807302904564317,False,-1.026634356846473,False,0.05470280862181617,11
D,ETHUSDT,bear,strict,2023-04-11 16:00:00,0.9438607747213089,0.5873766942016199,1.6476940382452179,False,-1.0425995500562428,False,0.01844574544871426,4
D,ETHUSDT,bear,half,2023-04-11 16:00:00,0.9438607747213089,0.5873766942016199,1.6476940382452179,False,-1.0425995500562428,False,0.01844574544871426,4
D,ETHUSDT,bear,none,2023-04-11 16:00:00,0.9438607747213089,0.5873766942016199,1.6476940382452179,False,-1.0425995500562428,False,0.01844574544871426,4
D,ETHUSDT,bear,none,2023-04-23 16:00:00,0.2117063882870461,0.07872102947935135,0.5919526042952363,False,-1.0455687484571712,False,0.03588076948329085,4
D,ETHUSDT,bear,strict,2023-05-24 12:00:00,0.9157818373672758,0.37683835652575387,0.6992168379833588,False,-1.0219347772883016,False,0.02215920332387982,63
D,ETHUSDT,bear,half,2023-05-24 12:00:00,0.9157818373672758,0.37683835652575387,0.6992168379833588,False,-1.0219347772883016,False,0.02215920332387982,63
D,ETHUSDT,bear,none,2023-05-17 08:00:00,0.7427949614192444,0.35639385345907904,0.9223416965352494,False,-1.030541218637993,False,0.09371496405724478,20
D,ETHUSDT,bear,strict,2023-06-28 04:00:00,0.8157726692209457,0.1475095785440602,0.220735785953175,True,0.1912747252747231,False,0.0101106853980422,1
D,ETHUSDT,bear,half,2023-06-28 04:00:00,0.8157726692209457,0.1475095785440602,0.220735785953175,True,0.1912747252747231,False,0.0101106853980422,1
D,ETHUSDT,bear,none,2023-06-28 04:00:00,0.8157726692209457,0.1475095785440602,0.220735785953175,True,0.1912747252747231,False,0.0101106853980422,1
D,ETHUSDT,bear,strict,2023-07-20 12:00:00,0.356667503766951,0.09630838774485134,0.36990595611285043,True,0.3243949843260166,True,0.06943746860873899,9
D,ETHUSDT,bear,half,2023-07-19 20:00:00,0.3327473631341035,0.09762682069311877,0.4152202937249649,False,-1.0504018691588783,False,0.029256654947261772,5
D,ETHUSDT,bear,none,2023-07-19 20:00:00,0.3327473631341035,0.09762682069311877,0.4152202937249649,False,-1.0504018691588783,False,0.029256654947261772,5
D,ETHUSDT,bear,strict,2023-07-24 00:00:00,0.740526653821451,0.34489402697495025,0.8717532467532405,True,0.821222673160167,True,0.001819738813959249,0
D,ETHUSDT,bear,half,2023-07-24 00:00:00,0.740526653821451,0.34489402697495025,0.8717532467532405,True,0.821222673160167,True,0.001819738813959249,0
D,ETHUSDT,bear,none,2023-07-24 00:00:00,0.740526653821451,0.34489402697495025,0.8717532467532405,True,0.821222673160167,True,0.001819738813959249,0
D,ETHUSDT,bear,strict,2023-07-27 16:00:00,0.7779542146354376,0.4092894005557773,1.1101938262742346,True,1.0434339554917504,True,0.06179700939526368,10
D,ETHUSDT,bear,half,2023-07-27 16:00:00,0.7779542146354376,0.4092894005557773,1.1101938262742346,True,1.0434339554917504,True,0.06179700939526368,10
D,ETHUSDT,bear,none,2023-07-27 16:00:00,0.7779542146354376,0.4092894005557773,1.1101938262742346,True,1.0434339554917504,True,0.06179700939526368,10
D,ETHUSDT,bear,half,2023-08-09 16:00:00,0.9839788066103193,0.6012362810647167,1.5708635464733096,True,1.509965062623606,True,0.07026617888230308,4
D,ETHUSDT,bear,none,2023-08-09 16:00:00,0.9839788066103193,0.6012362810647167,1.5708635464733096,True,1.509965062623606,True,0.07026617888230308,4
D,ETHUSDT,bear,strict,2023-08-24 12:00:00,0.5719121510006224,0.40655888645164756,2.4587291188994436,False,-1.0269045201441205,False,0.01808974463129915,33
D,ETHUSDT,bear,half,2023-08-24 12:00:00,0.5719121510006224,0.40655888645164756,2.4587291188994436,False,-1.0269045201441205,False,0.01808974463129915,33
D,ETHUSDT,bear,none,2023-08-24 12:00:00,0.5719121510006224,0.40655888645164756,2.4587291188994436,False,-1.0269045201441205,False,0.01808974463129915,33
D,ETHUSDT,bear,none,2023-09-18 20:00:00,0.9249620186273869,0.7069159125437621,3.2420478642835575,False,-1.0495495304453195,True,0.07695356364357014,35
D,ETHUSDT,bear,strict,2023-10-08 08:00:00,0.3542972247090417,0.08935765443151313,0.3372756071805714,True,0.3031203801478364,True,0.015890778871978053,8
D,ETHUSDT,bear,half,2023-10-08 08:00:00,0.3542972247090417,0.08935765443151313,0.3372756071805714,True,0.3031203801478364,True,0.015890778871978053,8
D,ETHUSDT,bear,none,2023-10-08 08:00:00,0.3542972247090417,0.08935765443151313,0.3372756071805714,True,0.3031203801478364,True,0.015890778871978053,8
D,ETHUSDT,bear,strict,2023-10-17 16:00:00,0.8494337108594275,0.3263157894736845,0.623790117167601,False,-1.0199118695873663,False,0.05089940039973421,22
D,ETHUSDT,bear,half,2023-10-17 16:00:00,0.8494337108594275,0.3263157894736845,0.623790117167601,False,-1.0199118695873663,False,0.05089940039973421,22
D,ETHUSDT,bear,none,2023-10-17 16:00:00,0.8494337108594275,0.3263157894736845,0.623790117167601,False,-1.0199118695873663,False,0.05089940039973421,22
D,ETHUSDT,bear,strict,2023-10-30 00:00:00,0.5658451217733692,0.34774682805891804,1.5944500167168267,False,-1.0596185222333672,False,0.026833892372756553,6
D,ETHUSDT,bear,half,2023-10-30 00:00:00,0.5658451217733692,0.34774682805891804,1.5944500167168267,False,-1.0596185222333672,False,0.026833892372756553,6
D,ETHUSDT,bear,none,2023-10-30 00:00:00,0.5658451217733692,0.34774682805891804,1.5944500167168267,False,-1.0596185222333672,False,0.026833892372756553,6
D,ETHUSDT,bear,strict,2023-11-16 12:00:00,0.865,0.3821500000000003,0.7914466190328271,True,0.7707732214973606,False,0.05964999999999918,3
D,ETHUSDT,bear,half,2023-11-16 12:00:00,0.865,0.3821500000000003,0.7914466190328271,True,0.7707732214973606,False,0.05964999999999918,3
D,ETHUSDT,bear,none,2023-11-16 12:00:00,0.865,0.3821500000000003,0.7914466190328271,True,0.7707732214973606,False,0.05964999999999918,3
D,ETHUSDT,bear,none,2023-11-21 20:00:00,0.8720862624874475,0.15661504307838733,0.21889775413711643,False,-1.0142836879432624,False,0.05338548549077597,17
D,ETHUSDT,bear,none,2023-11-29 20:00:00,0.8366678792288103,0.3947799199708991,0.893393702407906,False,-1.0417454208684915,False,0.05392870134594454,5
D,ETHUSDT,bear,strict,2023-12-15 12:00:00,0.7462798634812282,0.4046416382252558,1.184415584415585,False,-1.0223095904095905,True,0.02805460750853174,15
D,ETHUSDT,bear,half,2023-12-15 12:00:00,0.7462798634812282,0.4046416382252558,1.184415584415585,False,-1.0223095904095905,True,0.02805460750853174,15
D,ETHUSDT,bear,none,2023-12-15 12:00:00,0.7462798634812282,0.4046416382252558,1.184415584415585,False,-1.0223095904095905,True,0.02805460750853174,15
D,ETHUSDT,bear,none,2024-01-03 08:00:00,0.8952689243027879,0.2746015936254994,0.44242959159111356,True,0.4238958517210983,True,0.10313745019920327,20
D,ETHUSDT,bear,none,2024-01-05 12:00:00,0.6217570032395948,0.4303215092695946,2.247866894197949,False,-1.0316443401592719,False,0.07622573707565405,3
D,ETHUSDT,bear,strict,2024-01-31 08:00:00,0.5049070132198075,0.2949137351557245,1.404396073410153,False,-1.0245317968416559,False,0.03959220255433579,38
D,ETHUSDT,bear,half,2024-01-28 12:00:00,0.3148106654716557,0.22778400179251582,2.6174047373841267,False,-1.058423274974253,False,0.012032265292403962,21
D,ETHUSDT,bear,none,2024-01-28 12:00:00,0.3148106654716557,0.22778400179251582,2.6174047373841267,False,-1.058423274974253,False,0.012032265292403962,21
D,ETHUSDT,bear,strict,2024-02-05 12:00:00,0.6481006160164265,0.3863578028747432,1.476097082618291,False,-1.0563179700907086,False,0.07520533880903356,15
D,ETHUSDT,bear,half,2024-02-05 12:00:00,0.6481006160164265,0.3863578028747432,1.476097082618291,False,-1.0563179700907086,False,0.07520533880903356,15
D,ETHUSDT,bear,none,2024-02-05 12:00:00,0.6481006160164265,0.3863578028747432,1.476097082618291,False,-1.0563179700907086,False,0.07520533880903356,15
D,ETHUSDT,bear,strict,2024-04-09 04:00:00,0.6518627112797514,0.564476256180292,6.459539473684225,True,6.419582127192997,True,0.008221225710014875,109
D,ETHUSDT,bear,half,2024-04-09 04:00:00,0.6518627112797514,0.564476256180292,6.459539473684225,True,6.419582127192997,True,0.008221225710014875,109
D,ETHUSDT,bear,none,2024-03-22 08:00:00,0.5131367138093595,0.33799011153271213,1.9297554570818916,False,-1.0186429235734995,False,0.08240389406308686,2
D,ETHUSDT,bear,half,2024-03-29 04:00:00,0.692659112285574,0.27410758274734753,0.6548956661316254,False,-1.0376926698769395,False,0.13530702736596964,1
D,ETHUSDT,bear,none,2024-03-29 04:00:00,0.692659112285574,0.27410758274734753,0.6548956661316254,False,-1.0376926698769395,False,0.13530702736596964,1
D,ETHUSDT,bear,strict,2024-04-24 12:00:00,0.604447496175298,0.46136147350414985,3.2243643711062395,False,-1.0267267216703149,False,0.015816799778348108,57
D,ETHUSDT,bear,half,2024-04-24 12:00:00,0.604447496175298,0.46136147350414985,3.2243643711062395,False,-1.0267267216703149,False,0.015816799778348108,57
D,ETHUSDT,bear,none,2024-04-15 16:00:00,0.5856070735908832,0.37014684447014334,1.7179358157217965,False,-1.0173257296209326,True,0.08409526218785006,4
D,ETHUSDT,bear,half,2024-04-23 04:00:00,0.8972546757055632,0.7143853069859126,3.9065334560273297,False,-1.04152662021822,False,0.03394393961248224,13
D,ETHUSDT,bear,none,2024-04-23 04:00:00,0.8972546757055632,0.7143853069859126,3.9065334560273297,False,-1.04152662021822,False,0.03394393961248224,13
D,ETHUSDT,bear,strict,2024-05-05 00:00:00,0.6403809523809519,0.49190022675736933,3.312889431887601,False,-1.0376982284667073,False,0.00685714285714322,12
D,ETHUSDT,bear,half,2024-05-05 00:00:00,0.6403809523809519,0.49190022675736933,3.312889431887601,False,-1.0376982284667073,False,0.00685714285714322,12
D,ETHUSDT,bear,none,2024-05-05 00:00:00,0.6403809523809519,0.49190022675736933,3.312889431887601,False,-1.0376982284667073,False,0.00685714285714322,12
D,ETHUSDT,bear,strict,2024-06-06 16:00:00,0.6805666545586633,0.32255721031601936,0.9009740259740283,True,0.8624847808441581,True,0.06160552124954604,34
D,ETHUSDT,bear,half,2024-06-06 16:00:00,0.6805666545586633,0.32255721031601936,0.9009740259740283,True,0.8624847808441581,True,0.06160552124954604,34
D,ETHUSDT,bear,none,2024-06-06 16:00:00,0.6805666545586633,0.32255721031601936,0.9009740259740283,True,0.8624847808441581,True,0.06160552124954604,34
D,ETHUSDT,bear,strict,2024-06-13 00:00:00,0.7750302378712537,0.25621556242440463,0.49384794715710223,True,0.47116079523377624,True,0.005745195538234233,0
D,ETHUSDT,bear,half,2024-06-13 00:00:00,0.7750302378712537,0.25621556242440463,0.49384794715710223,True,0.47116079523377624,True,0.005745195538234233,0
D,ETHUSDT,bear,none,2024-06-13 00:00:00,0.7750302378712537,0.25621556242440463,0.49384794715710223,True,0.47116079523377624,True,0.005745195538234233,0
D,ETHUSDT,bear,half,2024-06-17 04:00:00,0.8047734271887372,0.5238396392432904,1.8646373690907274,True,1.829876088871485,True,0.04523207215134261,7
D,ETHUSDT,bear,none,2024-06-17 04:00:00,0.8047734271887372,0.5238396392432904,1.8646373690907274,True,1.829876088871485,True,0.04523207215134261,7
D,ETHUSDT,bear,strict,2024-06-23 20:00:00,0.9078812363729639,0.24858920097473441,0.3770547612100002,True,0.3604251531952156,True,0.09288829036808961,23
D,ETHUSDT,bear,none,2024-06-21 04:00:00,0.9078812363729639,0.4222777991535213,0.8695939253879197,True,0.8466586332122842,True,0.1369757599076561,7
D,ETHUSDT,bear,strict,2024-07-03 00:00:00,0.7552427184466016,0.35524271844660227,0.8881067961165071,True,0.8677223300970897,True,0.006432038834951677,42
D,ETHUSDT,bear,half,2024-06-28 12:00:00,0.6674271844660195,0.48249999999999993,2.6091350570941043,False,-1.0447800236251477,False,0.06422330097087388,15
D,ETHUSDT,bear,none,2024-06-28 12:00:00,0.6674271844660195,0.48249999999999993,2.6091350570941043,False,-1.0447800236251477,False,0.06422330097087388,15
D,ETHUSDT,bear,strict,2024-07-11 00:00:00,0.4833186036235087,0.3807169686257179,3.710632570659477,False,-1.0413956931359354,False,0.0004418912947417198,24
D,ETHUSDT,bear,half,2024-07-07 04:00:00,0.38665488289880695,0.28029717189571374,2.6354193715917953,False,-1.0389896130875098,True,0.035199403446751806,1
D,ETHUSDT,bear,none,2024-07-07 04:00:00,0.38665488289880695,0.28029717189571374,2.6354193715917953,False,-1.0389896130875098,True,0.035199403446751806,1
D,ETHUSDT,bear,strict,2024-07-29 12:00:00,0.6512710797885732,0.46419582179713076,2.481331987891017,True,2.4442551855589167,True,0.007865592751069725,15
D,ETHUSDT,bear,half,2024-07-29 12:00:00,0.6512710797885732,0.46419582179713076,2.481331987891017,True,2.4442551855589167,True,0.007865592751069725,15
D,ETHUSDT,bear,none,2024-07-29 12:00:00,0.6512710797885732,0.46419582179713076,2.481331987891017,True,2.4442551855589167,True,0.007865592751069725,15
D,ETHUSDT,bear,strict,2024-08-07 16:00:00,0.34751999501584785,0.18509894320403078,1.139624088991177,False,-1.0112662063674722,False,0.0007865614802933003,4
D,ETHUSDT,bear,half,2024-08-07 16:00:00,0.34751999501584785,0.18509894320403078,1.139624088991177,False,-1.0112662063674722,False,0.0007865614802933003,4
D,ETHUSDT,bear,none,2024-08-07 16:00:00,0.34751999501584785,0.18509894320403078,1.139624088991177,False,-1.0112662063674722,False,0.0007865614802933003,4
D,ETHUSDT,bear,none,2024-08-19 08:00:00,0.6343785197834535,0.2645060494858835,0.7151277013752416,False,-1.0254071709233792,False,0.1161210623841879,14
D,ETHUSDT,bear,strict,2024-09-03 12:00:00,0.8500279514153569,0.23225085124764863,0.37594603487989336,True,0.3558495393221441,True,0.1286781521573419,3
D,ETHUSDT,bear,half,2024-09-03 12:00:00,0.8500279514153569,0.23225085124764863,0.37594603487989336,True,0.3558495393221441,True,0.1286781521573419,3
D,ETHUSDT,bear,none,2024-09-03 12:00:00,0.8500279514153569,0.23225085124764863,0.37594603487989336,True,0.3558495393221441,True,0.1286781521573419,3
D,ETHUSDT,bear,strict,2024-09-10 12:00:00,0.5609544259210122,0.41892446138628187,2.9495498556140456,False,-1.0394706981484625,False,0.02680402422253886,15
D,ETHUSDT,bear,half,2024-09-10 12:00:00,0.5609544259210122,0.41892446138628187,2.9495498556140456,False,-1.0394706981484625,False,0.02680402422253886,15
D,ETHUSDT,bear,none,2024-09-10 12:00:00,0.5609544259210122,0.41892446138628187,2.9495498556140456,False,-1.0394706981484625,False,0.02680402422253886,15
D,ETHUSDT,bear,none,2024-09-18 12:00:00,0.6655070283484553,0.20676037797940863,0.45070711211313846,False,-1.0235195736831317,False,0.014479808189553509,3
D,ETHUSDT,bear,strict,2024-10-07 20:00:00,0.5056605572371714,0.2708963939271157,1.153908629441623,False,-1.0245862944162436,False,0.009533570083657085,17
D,ETHUSDT,bear,none,2024-10-07 20:00:00,0.5056605572371714,0.2708963939271157,1.153908629441623,False,-1.0245862944162436,False,0.076816740949067,17
D,ETHUSDT,bear,strict,2024-10-28 00:00:00,0.3765570023371085,0.24688599532578304,1.9039413745296203,False,-1.0490544662309371,False,0.0038010118910034637,6
D,ETHUSDT,bear,half,2024-10-27 08:00:00,0.32480673909135227,0.2267765878213518,2.3133350799056736,False,-1.06468247314645,False,0.007858848909777194,2
D,ETHUSDT,bear,none,2024-10-27 08:00:00,0.32480673909135227,0.2267765878213518,2.3133350799056736,False,-1.06468247314645,False,0.007858848909777194,2
D,ETHUSDT,bear,strict,2024-11-18 08:00:00,0.4772113007923491,0.09713784102196803,0.2555764906096133,False,-1.0185872485261047,False,0.02418628288941718,8
D,ETHUSDT,bear,half,2024-11-18 08:00:00,0.4772113007923491,0.09713784102196803,0.2555764906096133,False,-1.0185872485261047,False,0.02418628288941718,8
D,ETHUSDT,bear,none,2024-11-18 08:00:00,0.4772113007923491,0.09713784102196803,0.2555764906096133,False,-1.0185872485261047,False,0.02418628288941718,8
D,ETHUSDT,bear,strict,2024-12-16 08:00:00,0.8899859184565336,0.7026042762572232,3.7495897037229007,False,-1.033766001554807,False,0.013790201188029042,32
D,ETHUSDT,bear,half,2024-12-16 08:00:00,0.8899859184565336,0.7026042762572232,3.7495897037229007,False,-1.033766001554807,False,0.013790201188029042,32
D,ETHUSDT,bear,none,2024-12-15 04:00:00,0.8286098117605168,0.5963452729715295,2.5675261324041814,False,-1.0267835540069687,False,0.07453506628036868,25
D,ETHUSDT,bear,strict,2025-01-07 12:00:00,0.6379073060129311,0.35763720432875584,1.2760447945737796,True,1.2638173949906377,True,0.09680293864295686,99
D,ETHUSDT,bear,half,2025-01-07 12:00:00,0.6379073060129311,0.35763720432875584,1.2760447945737796,True,1.2638173949906377,True,0.015871444271725214,99
D,ETHUSDT,bear,none,2025-01-07 12:00:00,0.6379073060129311,0.35763720432875584,1.2760447945737796,True,1.2638173949906377,True,0.015871444271725214,99
D,ETHUSDT,bear,none,2024-12-26 08:00:00,0.9800855583419383,0.4632541672813095,0.8963351980819713,False,-1.019247802260532,False,0.1411122584451981,8
D,ETHUSDT,bear,strict,2025-01-11 00:00:00,0.2838784252396817,0.13595566736927991,0.9190990576878882,False,-1.0371866237646519,False,0.004555653770313177,0
D,ETHUSDT,bear,half,2025-01-11 00:00:00,0.2838784252396817,0.13595566736927991,0.9190990576878882,False,-1.0371866237646519,False,0.004555653770313177,0
D,ETHUSDT,bear,none,2025-01-11 00:00:00,0.2838784252396817,0.13595566736927991,0.9190990576878882,False,-1.0371866237646519,False,0.004555653770313177,0
D,ETHUSDT,bear,strict,2025-01-18 00:00:00,0.7400980717297576,0.5718363576064811,3.398493594255949,True,3.374681191046038,True,0.0010541526507792112,18
D,ETHUSDT,bear,half,2025-01-18 00:00:00,0.7400980717297576,0.5718363576064811,3.398493594255949,True,3.374681191046038,True,0.0010541526507792112,18
D,ETHUSDT,bear,none,2025-01-16 08:00:00,0.6786018856303593,0.5327024209977731,3.651160902743957,False,-1.027193943822049,False,0.07550812526649925,8
D,ETHUSDT,bear,none,2025-02-08 08:00:00,0.6187509216929657,0.3921987907388292,1.7311635475996747,True,1.7226620341741254,True,0.03353487686181981,20
D,ETHUSDT,bear,strict,2025-02-13 08:00:00,0.8159794877840321,0.4025227667914295,0.9735547793855582,False,-1.018922945327536,False,0.010609766879845463,14
D,ETHUSDT,bear,half,2025-02-13 08:00:00,0.8159794877840321,0.4025227667914295,0.9735547793855582,False,-1.018922945327536,False,0.010609766879845463,14
D,ETHUSDT,bear,none,2025-02-13 08:00:00,0.8159794877840321,0.4025227667914295,0.9735547793855582,False,-1.018922945327536,False,0.010609766879845463,14
D,ETHUSDT,bear,none,2025-03-03 12:00:00,0.6069035276267543,0.2735238336072827,0.8204573899192167,True,0.8117862100352708,True,0.23786825135921114,9
D,ETHUSDT,bear,none,2025-03-06 16:00:00,0.5947264083086258,0.3809231416992682,1.7816525806186927,True,1.7636241897103477,True,0.03831511727864449,4
D,ETHUSDT,bear,none,2025-03-26 12:00:00,0.6209112252643469,0.45668943847199445,2.780930882511026,True,2.759311942384185,True,0.08291408497943445,81
D,ETHUSDT,bear,strict,2025-04-02 20:00:00,0.5675044352454174,0.0829686575990537,0.17123329468481066,True,0.16028498199792474,True,0.030898876404494534,11
D,ETHUSDT,bear,half,2025-04-02 20:00:00,0.5675044352454174,0.0829686575990537,0.17123329468481066,True,0.16028498199792474,True,0.030898876404494534,11
D,ETHUSDT,bear,none,2025-04-02 20:00:00,0.5675044352454174,0.0829686575990537,0.17123329468481066,True,0.16028498199792474,True,0.030898876404494534,11
D,ETHUSDT,bear,strict,2025-04-16 04:00:00,0.535864243775807,0.31264700245657445,1.400640024976586,False,-1.0122030128004995,False,0.018903427008380068,31
D,ETHUSDT,bear,half,2025-04-16 04:00:00,0.535864243775807,0.31264700245657445,1.400640024976586,False,-1.0122030128004995,False,0.018903427008380068,31
D,ETHUSDT,bear,none,2025-04-16 04:00:00,0.535864243775807,0.31264700245657445,1.400640024976586,False,-1.0122030128004995,False,0.009164242033555745,31
D,ETHUSDT,bear,half,2025-04-21 16:00:00,0.7820271410947345,0.2292058957210568,0.41461122856471594,True,0.3961374207188151,False,0.1973897798844237,22
D,ETHUSDT,bear,none,2025-04-21 16:00:00,0.7820271410947345,0.2292058957210568,0.41461122856471594,True,0.3961374207188151,False,0.1973897798844237,22
D,ETHUSDT,bear,strict,2025-05-28 00:00:00,0.9186844958438743,0.6754969280809545,2.7776787041165165,False,-1.0393001931936394,False,0.011203469461510322,6
D,ETHUSDT,bear,half,2025-05-28 00:00:00,0.9186844958438743,0.6754969280809545,2.7776787041165165,False,-1.0393001931936394,False,0.011203469461510322,6
D,ETHUSDT,bear,none,2025-05-28 00:00:00,0.9186844958438743,0.6754969280809545,2.7776787041165165,False,-1.0393001931936394,False,0.011203469461510322,6
D,ETHUSDT,bear,strict,2025-06-05 16:00:00,0.6627145856490052,0.19476349265159906,0.4162048033781997,True,0.3995244127738186,False,0.06993330863282723,16
D,ETHUSDT,bear,half,2025-06-05 16:00:00,0.6627145856490052,0.19476349265159906,0.4162048033781997,True,0.3995244127738186,False,0.06993330863282723,16
D,ETHUSDT,bear,none,2025-06-05 16:00:00,0.6627145856490052,0.19476349265159906,0.4162048033781997,True,0.3995244127738186,False,0.06993330863282723,16
D,ETHUSDT,bear,strict,2025-06-09 00:00:00,0.5612959136057599,0.3864075728284791,2.2094530207737892,False,-1.0475614636935393,False,0.01576561562562502,6
D,ETHUSDT,bear,half,2025-06-09 00:00:00,0.5612959136057599,0.3864075728284791,2.2094530207737892,False,-1.0475614636935393,False,0.01576561562562502,6
D,ETHUSDT,bear,none,2025-06-09 00:00:00,0.5612959136057599,0.3864075728284791,2.2094530207737892,False,-1.0475614636935393,False,0.01576561562562502,6
D,ETHUSDT,bear,strict,2025-06-16 20:00:00,0.5530098831985623,0.2455525606468997,0.7986557568673263,True,0.7800765634132059,True,0.030592991913746398,11
D,ETHUSDT,bear,half,2025-06-16 20:00:00,0.5530098831985623,0.2455525606468997,0.7986557568673263,True,0.7800765634132059,True,0.030592991913746398,11
D,ETHUSDT,bear,none,2025-06-16 20:00:00,0.5530098831985623,0.2455525606468997,0.7986557568673263,True,0.7800765634132059,True,0.030592991913746398,11
D,ETHUSDT,bear,strict,2025-06-20 12:00:00,0.5112923738104638,0.1775643555672508,0.5320630749014492,True,0.49931064388962265,True,0.04131035390080281,9
D,ETHUSDT,bear,half,2025-06-20 12:00:00,0.5112923738104638,0.1775643555672508,0.5320630749014492,True,0.49931064388962265,True,0.04131035390080281,9
D,ETHUSDT,bear,none,2025-06-20 12:00:00,0.5112923738104638,0.1775643555672508,0.5320630749014492,True,0.49931064388962265,True,0.04131035390080281,9
D,ETHUSDT,bear,half,2025-08-05 12:00:00,0.7273541916909759,0.4098266887833894,1.290680917497297,False,-1.021427044553861,False,0.13876337013098397,3
D,ETHUSDT,bear,none,2025-08-05 12:00:00,0.7273541916909759,0.4098266887833894,1.290680917497297,False,-1.021427044553861,False,0.13876337013098397,3
D,ETHUSDT,bear,strict,2025-08-28 16:00:00,0.5442586502385474,0.19482143684283706,0.5575291622481462,True,0.5379278013432328,True,0.04506924822826377,4
D,ETHUSDT,bear,half,2025-08-28 16:00:00,0.5442586502385474,0.19482143684283706,0.5575291622481462,True,0.5379278013432328,True,0.04506924822826377,4
D,ETHUSDT,bear,none,2025-08-28 16:00:00,0.5442586502385474,0.19482143684283706,0.5575291622481462,True,0.5379278013432328,True,0.04506924822826377,4
D,ETHUSDT,bear,none,2025-09-01 12:00:00,0.5963487350624491,0.2569626775942861,0.7571397585134773,True,0.725618610368007,True,0.13368340981031973,3
D,ETHUSDT,bear,none,2025-09-04 04:00:00,0.9670438617483152,0.5583056989504642,1.3659250585480185,False,-1.0365406490465041,False,0.23298348774400734,7
D,ETHUSDT,bear,none,2025-09-19 08:00:00,0.6554187733567828,0.29506484941745464,0.8188195821259711,True,0.7844177215189863,True,0.12510991426687113,2
D,ETHUSDT,bear,strict,2025-10-05 16:00:00,0.970558128198878,0.8083475505727512,4.983322064457979,False,-1.0336964164976337,False,0.04177431147940498,52
D,ETHUSDT,bear,half,2025-10-05 16:00:00,0.970558128198878,0.8083475505727512,4.983322064457979,False,-1.0336964164976337,False,0.04177431147940498,52
D,ETHUSDT,bear,none,2025-10-05 16:00:00,0.970558128198878,0.8083475505727512,4.983322064457979,False,-1.0336964164976337,False,0.04177431147940498,52
D,ETHUSDT,bear,strict,2025-10-14 00:00:00,0.6595494830132937,0.5548670605612999,5.300479751657973,True,5.271191689008051,True,0.03920974889217078,12
D,ETHUSDT,bear,half,2025-10-14 00:00:00,0.6595494830132937,0.5548670605612999,5.300479751657973,True,5.271191689008051,True,0.03920974889217078,12
D,ETHUSDT,bear,none,2025-10-14 00:00:00,0.6595494830132937,0.5548670605612999,5.300479751657973,True,5.271191689008051,True,0.03920974889217078,12
D,ETHUSDT,bear,strict,2025-10-21 20:00:00,0.7031975949713037,0.32170474092889445,0.8432785503581979,False,-1.0163131479140328,False,0.10801729820105153,17
D,ETHUSDT,bear,half,2025-10-21 20:00:00,0.7031975949713037,0.32170474092889445,0.8432785503581979,False,-1.0163131479140328,False,0.10801729820105153,17
D,ETHUSDT,bear,none,2025-10-21 20:00:00,0.7031975949713037,0.32170474092889445,0.8432785503581979,False,-1.0163131479140328,False,0.10801729820105153,17
D,ETHUSDT,bear,strict,2025-11-03 00:00:00,0.41595689205631864,0.09913088823222697,0.3128874746255566,True,0.29239737751687167,True,0.023952720319833472,12
D,ETHUSDT,bear,half,2025-11-03 00:00:00,0.41595689205631864,0.09913088823222697,0.3128874746255566,True,0.29239737751687167,True,0.023952720319833472,12
D,ETHUSDT,bear,none,2025-11-03 00:00:00,0.41595689205631864,0.09913088823222697,0.3128874746255566,True,0.29239737751687167,True,0.023952720319833472,12
D,ETHUSDT,bear,strict,2025-11-06 04:00:00,0.4918793503480278,0.3757540603248261,3.2357642357642398,False,-1.0337552447552447,True,0.018503480278422062,1
D,ETHUSDT,bear,half,2025-11-06 04:00:00,0.4918793503480278,0.3757540603248261,3.2357642357642398,False,-1.0337552447552447,True,0.018503480278422062,1
D,ETHUSDT,bear,none,2025-11-06 04:00:00,0.4918793503480278,0.3757540603248261,3.2357642357642398,False,-1.0337552447552447,True,0.018503480278422062,1
D,ETHUSDT,bear,strict,2025-12-01 12:00:00,0.762132060461416,0.19890214797136072,0.35314556908387323,False,-1.0077544845899602,False,0.014112967382656947,51
D,ETHUSDT,bear,half,2025-12-01 00:00:00,0.762132060461416,0.3258552108194116,0.7469000729394614,False,-1.0103019693654267,False,0.09247414478918041,48
D,ETHUSDT,bear,none,2025-12-01 00:00:00,0.762132060461416,0.3258552108194116,0.7469000729394614,False,-1.0103019693654267,False,0.09247414478918041,48
D,ETHUSDT,bear,none,2025-12-29 12:00:00,0.8850135954821178,0.24717632294499078,0.38752254467945546,False,-1.024053287424168,False,0.2431499686258108,21
D,ETHUSDT,bear,half,2026-01-12 20:00:00,0.4634738036545768,0.16202997221896265,0.5375129802699938,False,-1.040158878504673,False,0.023281292796495164,17
D,ETHUSDT,bear,none,2026-01-12 20:00:00,0.4634738036545768,0.16202997221896265,0.5375129802699938,False,-1.040158878504673,False,0.023281292796495164,17
D,ETHUSDT,bear,strict,2026-01-18 20:00:00,0.7650804069576633,0.2057761732851981,0.36791456401830647,True,0.329388921488087,True,0.02448309812930765,5
D,ETHUSDT,bear,half,2026-01-18 20:00:00,0.7650804069576633,0.2057761732851981,0.36791456401830647,True,0.329388921488087,True,0.02448309812930765,5
D,ETHUSDT,bear,none,2026-01-18 20:00:00,0.7650804069576633,0.2057761732851981,0.36791456401830647,True,0.329388921488087,True,0.02448309812930765,5
D,ETHUSDT,bear,none,2026-01-29 08:00:00,0.4467910179333024,0.24652724251922623,1.231012658227846,True,1.205969209716043,True,0.057191305688299464,14
D,ETHUSDT,bear,none,2026-02-09 04:00:00,0.3177894238261853,0.2508823664227109,3.749714546700164,False,-1.0235718200502397,True,0.006142187046402515,7
D,ETHUSDT,bear,half,2026-02-15 16:00:00,0.8258141966464004,0.1835572938852964,0.28580042206813455,True,0.27409605064817677,False,0.23870193238585793,10
D,ETHUSDT,bear,none,2026-02-15 16:00:00,0.8258141966464004,0.1835572938852964,0.28580042206813455,True,0.27409605064817677,False,0.23870193238585793,10
D,ETHUSDT,bear,strict,2026-02-22 12:00:00,0.6864502523160361,0.356330496347066,1.079397672826826,True,1.0348434861966642,True,0.021465692551027413,9
D,ETHUSDT,bear,half,2026-02-22 12:00:00,0.6864502523160361,0.356330496347066,1.079397672826826,True,1.0348434861966642,True,0.021465692551027413,9
D,ETHUSDT,bear,none,2026-02-22 12:00:00,0.6864502523160361,0.356330496347066,1.079397672826826,True,1.0348434861966642,True,0.021465692551027413,9
D,ETHUSDT,bear,half,2026-03-03 08:00:00,0.8070530881002885,0.3989679951881985,0.9776588317430758,False,-1.0152051043363588,False,0.1504637690335243,8
D,ETHUSDT,bear,none,2026-03-03 08:00:00,0.8070530881002885,0.3989679951881985,0.9776588317430758,False,-1.0152051043363588,False,0.1504637690335243,8
D,ETHUSDT,bear,strict,2026-03-26 04:00:00,0.490197693574959,0.2767435475013726,1.2965011577051666,True,1.269200282994593,True,0.007633168588686829,7
D,ETHUSDT,bear,half,2026-03-26 04:00:00,0.490197693574959,0.2767435475013726,1.2965011577051666,True,1.269200282994593,True,0.007633168588686829,7
D,ETHUSDT,bear,none,2026-03-26 04:00:00,0.490197693574959,0.2767435475013726,1.2965011577051666,True,1.269200282994593,True,0.007633168588686829,7
D,ETHUSDT,bear,strict,2026-04-02 00:00:00,0.8751375346207828,0.44841977463292476,1.0508580065795348,False,-1.0182691384369165,False,0.026520468945630298,12
D,ETHUSDT,bear,half,2026-04-02 00:00:00,0.8751375346207828,0.44841977463292476,1.0508580065795348,False,-1.0182691384369165,False,0.026520468945630298,12
D,ETHUSDT,bear,none,2026-04-02 00:00:00,0.8751375346207828,0.44841977463292476,1.0508580065795348,False,-1.0182691384369165,False,0.026520468945630298,12
D,ETHUSDT,bear,strict,2026-04-22 20:00:00,0.8081239727635592,0.5735149096031931,2.4445556445156127,True,2.3970568454763814,True,0.013899976520310085,11
D,ETHUSDT,bear,half,2026-04-22 20:00:00,0.8081239727635592,0.5735149096031931,2.4445556445156127,True,2.3970568454763814,True,0.013899976520310085,11
D,ETHUSDT,bear,none,2026-04-22 20:00:00,0.8081239727635592,0.5735149096031931,2.4445556445156127,True,2.3970568454763814,True,0.013899976520310085,11
D,ETHUSDT,bear,strict,2026-04-27 04:00:00,0.8639129501037998,0.22328012026630426,0.3485305620739762,True,0.3226673371326419,True,0.01517646216622768,13
D,ETHUSDT,bear,half,2026-04-27 04:00:00,0.8639129501037998,0.22328012026630426,0.3485305620739762,True,0.3226673371326419,True,0.01517646216622768,13
D,ETHUSDT,bear,none,2026-04-27 04:00:00,0.8639129501037998,0.22328012026630426,0.3485305620739762,True,0.3226673371326419,True,0.01517646216622768,13
D,ETHUSDT,bear,strict,2026-05-11 00:00:00,0.7445471116977822,0.41360236344207757,1.2497625830959178,True,1.2055226970560318,True,0.036457351184865025,6
D,ETHUSDT,bear,half,2026-05-11 00:00:00,0.7445471116977822,0.41360236344207757,1.2497625830959178,True,1.2055226970560318,True,0.036457351184865025,6
D,ETHUSDT,bear,none,2026-05-11 00:00:00,0.7445471116977822,0.41360236344207757,1.2497625830959178,True,1.2055226970560318,True,0.036457351184865025,6
D,ETHUSDT,bear,none,2026-05-15 04:00:00,0.5749596990865116,0.20754970445996823,0.5648994515539341,True,0.5235118829981752,True,0.15132993014508453,1
D,ETHUSDT,bear,strict,2026-05-21 08:00:00,0.26896820752876865,0.1294454196736224,0.927772600186385,True,0.8785163094128529,True,0.015213575190169163,8
D,ETHUSDT,bear,half,2026-05-21 08:00:00,0.26896820752876865,0.1294454196736224,0.927772600186385,True,0.8785163094128529,True,0.015213575190169163,8
D,ETHUSDT,bear,none,2026-05-21 08:00:00,0.26896820752876865,0.1294454196736224,0.927772600186385,True,0.8785163094128529,True,0.015213575190169163,8
D,ETHUSDT,bear,none,2026-05-27 16:00:00,0.9524000000000008,0.33226666666666765,0.5357987529563552,True,0.5136869490432182,True,0.03786666666666558,16
D,ETHUSDT,bear,none,2026-06-18 12:00:00,0.6464650248150576,0.33263414177357453,1.0599152592946244,False,-1.0100328817807482,True,0.06790898024159563,63
D,ETHUSDT,bear,strict,2026-06-21 20:00:00,0.44085961171585764,0.20059477050836041,0.8348902382064424,False,-1.0398484353106023,False,0.014476489731791756,11
D,ETHUSDT,bear,half,2026-06-21 20:00:00,0.44085961171585764,0.20059477050836041,0.8348902382064424,False,-1.0398484353106023,False,0.014476489731791756,11
D,ETHUSDT,bear,none,2026-06-21 20:00:00,0.44085961171585764,0.20059477050836041,0.8348902382064424,False,-1.0398484353106023,False,0.014476489731791756,11
D,ETHUSDT,bear,strict,2026-07-11 20:00:00,0.9711323102447116,0.6159270012442972,1.7340028024287741,False,-1.041725829051845,False,0.055661551223559015,11
D,ETHUSDT,bear,half,2026-07-11 20:00:00,0.9711323102447116,0.6159270012442972,1.7340028024287741,False,-1.041725829051845,False,0.055661551223559015,11
D,ETHUSDT,bear,none,2026-07-11 20:00:00,0.9711323102447116,0.6159270012442972,1.7340028024287741,False,-1.041725829051845,False,0.055661551223559015,11
D,ETHUSDT,bear,strict,2026-07-31 00:00:00,0.6399587890315419,0.41210968457758734,1.808695652173913,True,1.742336695652174,True,0.013948327785702885,6
D,ETHUSDT,bear,half,2026-07-31 00:00:00,0.6399587890315419,0.41210968457758734,1.808695652173913,True,1.742336695652174,True,0.013948327785702885,6
D,ETHUSDT,bear,none,2026-07-31 00:00:00,0.6399587890315419,0.41210968457758734,1.808695652173913,True,1.742336695652174,True,0.013948327785702885,6
D,ETHUSDT,bear,strict,2026-08-03 00:00:00,0.6716971369437744,0.30674370472576884,0.8405009451795893,False,-1.0438605860113421,False,0.11236633321835089,0
D,ETHUSDT,bear,half,2026-08-03 00:00:00,0.6716971369437744,0.30674370472576884,0.8405009451795893,False,-1.0438605860113421,False,0.11236633321835089,0
D,ETHUSDT,bear,none,2026-08-03 00:00:00,0.6716971369437744,0.30674370472576884,0.8405009451795893,False,-1.0438605860113421,False,0.11236633321835089,0
D,ETHUSDT,bear,none,2026-09-01 12:00:00,0.5819978046103172,0.349615806805709,1.5044874822862715,True,1.4466721776098421,True,0.013830954994511405,3
D,ETHUSDT,bear,strict,2026-10-02 12:00:00,0.9454916259810879,0.4318027315987882,0.8405919153031759,True,0.8081583253128005,True,0.04400222483159195,39
D,ETHUSDT,bear,half,2026-10-02 12:00:00,0.9454916259810879,0.4318027315987882,0.8405919153031759,True,0.8081583253128005,True,0.04400222483159195,39
D,ETHUSDT,bear,none,2026-10-02 12:00:00,0.9454916259810879,0.4318027315987882,0.8405919153031759,True,0.8081583253128005,True,0.04400222483159195,39
D,BTCUSDT,bull,strict,2020-01-10 20:00:00,0.49746414285536256,0.16282445887176156,0.4865664972351,True,0.4712858366381795,True,0.044922678164214094,5
D,BTCUSDT,bull,half,2020-01-10 20:00:00,0.49746414285536256,0.16282445887176156,0.4865664972351,True,0.4712858366381795,True,0.044922678164214094,5
D,BTCUSDT,bull,none,2020-01-10 20:00:00,0.49746414285536256,0.16282445887176156,0.4865664972351,True,0.4712858366381795,True,0.044922678164214094,5
D,BTCUSDT,bull,strict,2020-01-23 20:00:00,0.7039919296728632,0.6370594546124155,9.517942583732003,False,-1.1005933014354063,False,0.011753214520184062,17
D,BTCUSDT,bull,half,2020-01-23 20:00:00,0.7039919296728632,0.6370594546124155,9.517942583732003,False,-1.1005933014354063,False,0.011753214520184062,17
D,BTCUSDT,bull,none,2020-01-23 20:00:00,0.7039919296728632,0.6370594546124155,9.517942583732003,False,-1.1005933014354063,False,0.011753214520184062,17
D,BTCUSDT,bull,strict,2020-03-23 20:00:00,0.5049291657657224,0.17905164612513907,0.5494446082768109,True,0.5415022117369505,True,0.019696642080900988,11
D,BTCUSDT,bull,half,2020-03-23 20:00:00,0.5049291657657224,0.17905164612513907,0.5494446082768109,True,0.5415022117369505,True,0.019696642080900988,11
D,BTCUSDT,bull,none,2020-03-23 20:00:00,0.5049291657657224,0.17905164612513907,0.5494446082768109,True,0.5415022117369505,True,0.019696642080900988,11
D,BTCUSDT,bull,half,2020-03-30 04:00:00,0.8605418723028411,0.5594827652997189,1.8583818004014623,True,1.8423269854341453,True,0.07857690728358815,19
D,BTCUSDT,bull,none,2020-03-30 04:00:00,0.8605418723028411,0.5594827652997189,1.8583818004014623,True,1.8423269854341453,True,0.07857690728358815,19
D,BTCUSDT,bull,none,2020-04-06 04:00:00,0.6,0.23128695652173875,0.6272817319937722,True,0.6107164284703536,True,0.05703478260869578,13
D,BTCUSDT,bull,strict,2020-04-16 04:00:00,0.7529764616552772,0.4317767653758539,1.3442626826154769,True,1.327978937166089,True,0.017463933181473046,43
D,BTCUSDT,bull,half,2020-04-16 04:00:00,0.7529764616552772,0.4317767653758539,1.3442626826154769,True,1.327978937166089,True,0.017463933181473046,43
D,BTCUSDT,bull,none,2020-04-16 04:00:00,0.7529764616552772,0.4317767653758539,1.3442626826154769,True,1.327978937166089,True,0.017463933181473046,43
D,BTCUSDT,bull,strict,2020-04-22 04:00:00,0.6718444953739073,0.4305237246413716,1.784030953218429,True,1.7491836591126053,True,0.02887215492257447,13
D,BTCUSDT,bull,half,2020-04-22 04:00:00,0.6718444953739073,0.4305237246413716,1.784030953218429,True,1.7491836591126053,True,0.02887215492257447,13
D,BTCUSDT,bull,none,2020-04-22 04:00:00,0.6718444953739073,0.4305237246413716,1.784030953218429,True,1.7491836591126053,True,0.02887215492257447,13
D,BTCUSDT,bull,none,2020-05-03 00:00:00,0.39352800110794445,0.1240205261278075,0.4601747173689634,True,0.44781538378320046,True,0.03432076448163511,6
D,BTCUSDT,bull,strict,2020-05-09 16:00:00,0.35506435006435033,0.2102059202059201,1.451112789303003,False,-1.0433269956909954,False,0.0008815958815963967,4
D,BTCUSDT,bull,half,2020-05-09 16:00:00,0.35506435006435033,0.2102059202059201,1.451112789303003,False,-1.0433269956909954,False,0.0008815958815963967,4
D,BTCUSDT,bull,none,2020-05-09 16:00:00,0.35506435006435033,0.2102059202059201,1.451112789303003,False,-1.0433269956909954,False,0.0008815958815963967,4
D,BTCUSDT,bull,strict,2020-06-15 12:00:00,0.8585547556660809,0.644249601092925,3.006225409631954,False,-1.0231336470939787,True,0.00836237305682895,75
D,BTCUSDT,bull,half,2020-06-15 12:00:00,0.8585547556660809,0.644249601092925,3.006225409631954,False,-1.0231336470939787,True,0.00836237305682895,75
D,BTCUSDT,bull,none,2020-06-15 12:00:00,0.8585547556660809,0.644249601092925,3.006225409631954,False,-1.0231336470939787,True,0.00836237305682895,75
D,BTCUSDT,bull,none,2020-06-22 12:00:00,0.6085738143425282,0.1488599855640635,0.3238101102148894,True,0.2945944830983325,False,0.05194106741016565,27
D,BTCUSDT,bull,half,2020-07-06 04:00:00,0.8245908518673934,0.19574066302979606,0.3112675586400225,True,0.28057218644690235,True,0.08493495593789244,19
D,BTCUSDT,bull,none,2020-07-06 04:00:00,0.8245908518673934,0.19574066302979606,0.3112675586400225,True,0.28057218644690235,True,0.08493495593789244,19
D,BTCUSDT,bull,none,2020-07-19 20:00:00,0.7473333333333325,0.45524561403508734,1.558592107634093,True,1.5032704066310296,True,0.06845614035087796,59
D,BTCUSDT,bull,half,2020-08-28 12:00:00,0.997814080237828,0.7053234432608093,2.4114393901649143,False,-1.0287265706741069,True,0.043383220879906204,57
D,BTCUSDT,bull,none,2020-08-22 20:00:00,0.811967182057971,0.6040060622841409,2.904418205388743,False,-1.0408901930556043,False,0.042931464129056754,23
D,BTCUSDT,bull,none,2020-09-21 00:00:00,0.440087190983378,0.22934121220260545,1.088235294117647,False,-1.0537009803921569,False,0.02479364456244383,0
D,BTCUSDT,bull,none,2020-10-30 12:00:00,0.8597560975609756,0.2813501742160277,0.48642339723799294,True,0.46603212301019514,True,0.13019163763066127,3
D,BTCUSDT,bull,half,2020-11-03 12:00:00,0.747626582278481,0.34704905063291147,0.8663717338494661,True,0.839311654454605,True,0.08359177215189861,9
D,BTCUSDT,bull,none,2020-11-03 12:00:00,0.747626582278481,0.34704905063291147,0.8663717338494661,True,0.839311654454605,True,0.08359177215189861,9
D,BTCUSDT,bull,none,2020-11-08 12:00:00,0.5859027678187295,0.2276172379176827,0.6352956480842172,True,0.6199360271381834,True,0.09104402696113596,3
D,BTCUSDT,bull,strict,2020-11-16 04:00:00,0.3661942074845427,0.11695829557885278,0.4692674289374054,True,0.4386933335844942,True,0.005000023474288437,7
D,BTCUSDT,bull,half,2020-11-16 04:00:00,0.3661942074845427,0.11695829557885278,0.4692674289374054,True,0.4386933335844942,True,0.005000023474288437,7
D,BTCUSDT,bull,none,2020-11-16 04:00:00,0.3661942074845427,0.11695829557885278,0.4692674289374054,True,0.4386933335844942,True,0.005000023474288437,7
D,BTCUSDT,bull,half,2020-12-12 00:00:00,0.6360264900662251,0.4462940397350989,2.352228303361994,True,2.3267183625600283,True,0.046982781456953795,54
D,BTCUSDT,bull,none,2020-12-12 00:00:00,0.6360264900662251,0.4462940397350989,2.352228303361994,True,2.3267183625600283,True,0.046982781456953795,54
D,BTCUSDT,bull,half,2020-12-22 20:00:00,0.36006450667057616,0.08048819821140572,0.2878934865940555,True,0.2753989323488838,True,0.0745931681571616,5
D,BTCUSDT,bull,none,2020-12-22 20:00:00,0.36006450667057616,0.08048819821140572,0.2878934865940555,True,0.2753989323488838,True,0.0745931681571616,5
D,BTCUSDT,bull,strict,2021-01-11 20:00:00,0.8151549229311906,0.4688873205910297,1.3541183680545763,False,-1.007138140414397,False,0.035350922933982676,11
D,BTCUSDT,bull,half,2021-01-11 20:00:00,0.8151549229311906,0.4688873205910297,1.3541183680545763,False,-1.007138140414397,False,0.035350922933982676,11
D,BTCUSDT,bull,none,2021-01-11 20:00:00,0.8151549229311906,0.4688873205910297,1.3541183680545763,False,-1.007138140414397,False,0.035350922933982676,11
D,BTCUSDT,bull,strict,2021-01-17 12:00:00,0.8142067781383094,0.5714554167058161,2.35407708254906,False,-1.0189549105793652,True,0.021362037431510217,9
D,BTCUSDT,bull,half,2021-01-17 12:00:00,0.8142067781383094,0.5714554167058161,2.35407708254906,False,-1.0189549105793652,True,0.021362037431510217,9
D,BTCUSDT,bull,none,2021-01-17 12:00:00,0.8142067781383094,0.5714554167058161,2.35407708254906,False,-1.0189549105793652,True,0.021362037431510217,9
D,BTCUSDT,bull,half,2021-02-01 00:00:00,0.685883566816649,0.5361851272723401,3.581768313046684,True,3.5578930528021075,True,0.013440980310814756,6
D,BTCUSDT,bull,none,2021-02-01 00:00:00,0.685883566816649,0.5361851272723401,3.581768313046684,True,3.5578930528021075,True,0.013440980310814756,6
D,BTCUSDT,bull,strict,2021-03-05 16:00:00,0.6572174480807816,0.3495122661801386,1.135867339058966,True,1.119315469275658,True,0.00026034510189584944,4
D,BTCUSDT,bull,half,2021-03-05 16:00:00,0.6572174480807816,0.3495122661801386,1.135867339058966,True,1.119315469275658,True,0.00026034510189584944,4
D,BTCUSDT,bull,none,2021-03-05 16:00:00,0.6572174480807816,0.3495122661801386,1.135867339058966,True,1.119315469275658,True,0.00026034510189584944,4
D,BTCUSDT,bull,strict,2021-03-17 20:00:00,0.5511836212412028,0.19136276391554702,0.5318278805120911,False,-1.0104834637268847,False,0.021250799744081988,17
D,BTCUSDT,bull,half,2021-03-17 20:00:00,0.5511836212412028,0.19136276391554702,0.5318278805120911,False,-1.0104834637268847,False,0.021250799744081988,17
D,BTCUSDT,bull,none,2021-03-17 20:00:00,0.5511836212412028,0.19136276391554702,0.5318278805120911,False,-1.0104834637268847,False,0.021250799744081988,17
D,BTCUSDT,bull,strict,2021-03-21 16:00:00,0.7117003484320553,0.4100543554006968,1.3593893665879668,False,-1.0265987127537184,False,0.01266759581881525,10
D,BTCUSDT,bull,half,2021-03-21 16:00:00,0.7117003484320553,0.4100543554006968,1.3593893665879668,False,-1.0265987127537184,False,0.01266759581881525,10
D,BTCUSDT,bull,none,2021-03-21 16:00:00,0.7117003484320553,0.4100543554006968,1.3593893665879668,False,-1.0265987127537184,False,0.01266759581881525,10
D,BTCUSDT,bull,strict,2021-05-03 00:00:00,0.38906872895341754,0.07878895501427877,0.2539287495733872,True,0.22347297261820095,False,0.018173168876066147,0
D,BTCUSDT,bull,half,2021-05-03 00:00:00,0.38906872895341754,0.07878895501427877,0.2539287495733872,True,0.22347297261820095,False,0.018173168876066147,0
D,BTCUSDT,bull,none,2021-05-03 00:00:00,0.38906872895341754,0.07878895501427877,0.2539287495733872,True,0.22347297261820095,False,0.018173168876066147,0
D,BTCUSDT,bull,strict,2021-05-16 04:00:00,0.8509571006016832,0.3592917253414366,0.730764750621818,False,-1.0169244156965391,False,0.0018242519387943676,1
D,BTCUSDT,bull,half,2021-05-16 04:00:00,0.8509571006016832,0.3592917253414366,0.730764750621818,False,-1.0169244156965391,False,0.0018242519387943676,1
D,BTCUSDT,bull,none,2021-05-16 04:00:00,0.8509571006016832,0.3592917253414366,0.730764750621818,False,-1.0169244156965391,False,0.0018242519387943676,1
D,BTCUSDT,bull,strict,2021-05-30 04:00:00,0.7695367886323994,0.49983270939377583,1.853263438969136,False,-1.0136157814515183,True,0.01952403782399819,13
D,BTCUSDT,bull,half,2021-05-30 04:00:00,0.7695367886323994,0.49983270939377583,1.853263438969136,False,-1.0136157814515183,True,0.01952403782399819,13
D,BTCUSDT,bull,none,2021-05-30 04:00:00,0.7695367886323994,0.49983270939377583,1.853263438969136,False,-1.0136157814515183,True,0.01952403782399819,13
D,BTCUSDT,bull,strict,2021-06-05 00:00:00,0.6407409224730124,0.3362659470068695,1.1044124282859553,False,-1.0200982348138121,False,0.04926234870788393,0
D,BTCUSDT,bull,half,2021-06-05 00:00:00,0.6407409224730124,0.3362659470068695,1.1044124282859553,False,-1.0200982348138121,False,0.04926234870788393,0
D,BTCUSDT,bull,none,2021-06-05 00:00:00,0.6407409224730124,0.3362659470068695,1.1044124282859553,False,-1.0200982348138121,False,0.04926234870788393,0
D,BTCUSDT,bull,half,2021-06-13 16:00:00,0.5190292553191488,0.11684441489361679,0.290524164883961,True,0.27808865472171557,True,0.13922872340425532,10
D,BTCUSDT,bull,none,2021-06-13 16:00:00,0.5190292553191488,0.11684441489361679,0.290524164883961,True,0.27808865472171557,True,0.13922872340425532,10
D,BTCUSDT,bull,none,2021-06-27 04:00:00,0.8005964294589722,0.3345243073278382,0.7177522349936143,True,0.7071353767560664,True,0.04815929785609868,1
D,BTCUSDT,bull,half,2021-07-03 04:00:00,0.6075595878825156,0.3299308011686915,1.1883882974598725,False,-1.019096642332532,False,0.05750269106566236,13
D,BTCUSDT,bull,none,2021-07-03 04:00:00,0.6075595878825156,0.3299308011686915,1.1883882974598725,False,-1.019096642332532,False,0.05750269106566236,13
D,BTCUSDT,bull,strict,2021-08-13 00:00:00,0.7471980074719801,0.40787795765877893,1.2020449657581966,True,1.168895109258127,True,0.02317559153175664,6
D,BTCUSDT,bull,half,2021-08-13 00:00:00,0.7471980074719801,0.40787795765877893,1.2020449657581966,True,1.168895109258127,True,0.02317559153175664,6
D,BTCUSDT,bull,none,2021-08-13 00:00:00,0.7471980074719801,0.40787795765877893,1.2020449657581966,True,1.168895109258127,True,0.02317559153175664,6
D,BTCUSDT,bull,strict,2021-08-18 12:00:00,0.9050400000000001,0.5495044444444437,1.5455681882105814,False,-1.0286436299541848,False,0.03218222222222216,15
D,BTCUSDT,bull,half,2021-08-18 12:00:00,0.9050400000000001,0.5495044444444437,1.5455681882105814,False,-1.0286436299541848,False,0.03218222222222216,15
D,BTCUSDT,bull,none,2021-08-18 12:00:00,0.9050400000000001,0.5495044444444437,1.5455681882105814,False,-1.0286436299541848,False,0.03218222222222216,15
D,BTCUSDT,bull,none,2021-08-31 08:00:00,0.870735412128855,0.5078470709618244,1.399458217171193,False,-1.037906807035279,False,0.21361916771752873,2
D,BTCUSDT,bull,strict,2021-09-18 00:00:00,0.33655624342814877,0.11043033886062675,0.48835775393284,True,0.44732281434920346,False,0.0014949448787489644,0
D,BTCUSDT,bull,half,2021-09-18 00:00:00,0.33655624342814877,0.11043033886062675,0.48835775393284,True,0.44732281434920346,False,0.0014949448787489644,0
D,BTCUSDT,bull,none,2021-09-18 00:00:00,0.33655624342814877,0.11043033886062675,0.48835775393284,True,0.44732281434920346,False,0.0014949448787489644,0
D,BTCUSDT,bull,strict,2021-10-13 16:00:00,0.3756351918331634,0.05630435000104623,0.176319799484471,True,0.1600105526994128,True,0.02484376577463175,4
D,BTCUSDT,bull,half,2021-10-13 16:00:00,0.3756351918331634,0.05630435000104623,0.176319799484471,True,0.1600105526994128,True,0.02484376577463175,4
D,BTCUSDT,bull,none,2021-10-13 16:00:00,0.3756351918331634,0.05630435000104623,0.176319799484471,True,0.1600105526994128,True,0.02484376577463175,4
D,BTCUSDT,bull,strict,2021-10-17 20:00:00,0.5023229806754941,0.23675374062830293,0.8914953425563601,True,0.868870840912016,True,0.012139415922346913,5
D,BTCUSDT,bull,half,2021-10-17 20:00:00,0.5023229806754941,0.23675374062830293,0.8914953425563601,True,0.868870840912016,True,0.012139415922346913,5
D,BTCUSDT,bull,none,2021-10-17 20:00:00,0.5023229806754941,0.23675374062830293,0.8914953425563601,True,0.868870840912016,True,0.012139415922346913,5
D,BTCUSDT,bull,none,2021-10-25 12:00:00,0.9211493975903615,0.4211566265060239,0.8423254312110529,False,-1.0153386314018997,False,0.17473855421686768,21
D,BTCUSDT,bull,strict,2021-10-31 20:00:00,0.5546867498473651,0.31180985957595575,1.283818560207665,False,-1.0457617129515668,False,0.04831413244536404,5
D,BTCUSDT,bull,half,2021-10-31 20:00:00,0.5546867498473651,0.31180985957595575,1.283818560207665,False,-1.0457617129515668,False,0.04831413244536404,5
D,BTCUSDT,bull,none,2021-10-31 20:00:00,0.5546867498473651,0.31180985957595575,1.283818560207665,False,-1.0457617129515668,False,0.04831413244536404,5
D,BTCUSDT,bull,none,2021-12-26 20:00:00,0.6486129458388376,0.27457595772787236,0.734087714465325,True,0.6982293728323865,False,0.09839101717305244,5
D,BTCUSDT,bull,strict,2022-01-20 12:00:00,0.6854521296598061,0.23417901342893244,0.5189296791815208,False,-1.020034137308458,False,0.005851655009317948,33
D,BTCUSDT,bull,half,2022-01-20 12:00:00,0.6854521296598061,0.23417901342893244,0.5189296791815208,False,-1.020034137308458,False,0.005851655009317948,33
D,BTCUSDT,bull,none,2022-01-20 12:00:00,0.6854521296598061,0.23417901342893244,0.5189296791815208,False,-1.020034137308458,False,0.005851655009317948,33
D,BTCUSDT,bull,none,2022-01-28 20:00:00,0.5660851187269492,0.19731797273217067,0.5350747073736458,True,0.5181301535501746,True,0.04899921263105525,5
D,BTCUSDT,bull,strict,2022-02-15 00:00:00,0.4481396217023396,0.23979591836734715,1.1509631178139481,False,-1.0216689562490668,False,0.03804235108677603,18
D,BTCUSDT,bull,half,2022-02-15 00:00:00,0.4481396217023396,0.23979591836734715,1.1509631178139481,False,-1.0216689562490668,False,0.03804235108677603,18
D,BTCUSDT,bull,none,2022-02-15 00:00:00,0.4481396217023396,0.23979591836734715,1.1509631178139481,False,-1.0216689562490668,False,0.03804235108677603,18
D,BTCUSDT,bull,strict,2022-03-09 00:00:00,0.9763053449628061,0.49332176723625726,1.0214048468446304,True,1.0112686677328084,True,0.07739382560543798,30
D,BTCUSDT,bull,half,2022-03-09 00:00:00,0.9763053449628061,0.49332176723625726,1.0214048468446304,True,1.0112686677328084,True,0.07739382560543798,30
D,BTCUSDT,bull,none,2022-03-09 00:00:00,0.9763053449628061,0.49332176723625726,1.0214048468446304,True,1.0112686677328084,True,0.05628965943389465,30
D,BTCUSDT,bull,none,2022-03-16 12:00:00,0.9336174843565793,0.3697288473746259,0.6556770665808942,True,0.6426153103891927,True,0.21764759227351047,33
D,BTCUSDT,bull,strict,2022-04-01 12:00:00,0.5140025740025744,0.21576576576576575,0.723471281232468,False,-1.0200765977646398,False,0.044761904761905134,15
D,BTCUSDT,bull,half,2022-04-01 12:00:00,0.5140025740025744,0.21576576576576575,0.723471281232468,False,-1.0200765977646398,False,0.044761904761905134,15
D,BTCUSDT,bull,none,2022-04-01 12:00:00,0.5140025740025744,0.21576576576576575,0.723471281232468,False,-1.0200765977646398,False,0.044761904761905134,15
D,BTCUSDT,bull,strict,2022-05-15 08:00:00,0.5561734510086456,0.1908771613832852,0.5225269645608625,True,0.5038984283513093,False,0.015152197406339898,2
D,BTCUSDT,bull,half,2022-05-15 08:00:00,0.5561734510086456,0.1908771613832852,0.5225269645608625,True,0.5038984283513093,False,0.015152197406339898,2
D,BTCUSDT,bull,none,2022-05-15 08:00:00,0.5561734510086456,0.1908771613832852,0.5225269645608625,True,0.5038984283513093,False,0.015152197406339898,2
D,BTCUSDT,bull,strict,2022-05-17 00:00:00,0.8426408364513761,0.3917893485330633,0.8689986814550548,False,-1.0235333902117427,False,0.0017134664475299695,0
D,BTCUSDT,bull,half,2022-05-17 00:00:00,0.8426408364513761,0.3917893485330633,0.8689986814550548,False,-1.0235333902117427,False,0.0017134664475299695,0
D,BTCUSDT,bull,none,2022-05-17 00:00:00,0.8426408364513761,0.3917893485330633,0.8689986814550548,False,-1.0235333902117427,False,0.0017134664475299695,0
D,BTCUSDT,bull,half,2022-05-25 00:00:00,0.9962873584555412,0.2763597549656577,0.3838715915683613,False,-1.0194603880616258,False,0.202895860404678,18
D,BTCUSDT,bull,none,2022-05-22 20:00:00,0.9664005940226464,0.23222572860590346,0.3163084702907721,False,-1.0191428571428571,False,0.3563207722294404,5
D,BTCUSDT,bull,half,2022-06-06 00:00:00,0.7166957143495551,0.26645662957501,0.5918114143920595,False,-1.015501240694789,False,0.08421593600572046,24
D,BTCUSDT,bull,none,2022-06-06 00:00:00,0.7166957143495551,0.26645662957501,0.5918114143920595,False,-1.015501240694789,False,0.08421593600572046,24
D,BTCUSDT,bull,strict,2022-06-23 16:00:00,0.4809250506414584,0.20244525899488766,0.7269657083477663,True,0.7088669033598896,False,0.03228995852223349,4
D,BTCUSDT,bull,half,2022-06-23 16:00:00,0.4809250506414584,0.20244525899488766,0.7269657083477663,True,0.7088669033598896,False,0.03228995852223349,4
D,BTCUSDT,bull,none,2022-06-23 16:00:00,0.4809250506414584,0.20244525899488766,0.7269657083477663,True,0.7088669033598896,False,0.03228995852223349,4
D,BTCUSDT,bull,strict,2022-07-13 04:00:00,0.8820464234959734,0.7580398968366754,6.112903225806445,False,-1.041807088285229,False,0.03592294331280591,19
D,BTCUSDT,bull,half,2022-07-13 04:00:00,0.8820464234959734,0.7580398968366754,6.112903225806445,False,-1.041807088285229,False,0.03592294331280591,19
D,BTCUSDT,bull,none,2022-07-13 04:00:00,0.8820464234959734,0.7580398968366754,6.112903225806445,False,-1.041807088285229,False,0.03592294331280591,19
D,BTCUSDT,bull,half,2022-07-24 04:00:00,0.43591889880952384,0.294754464285714,2.088022137303987,False,-1.0299016998286994,False,0.05091145833333347,13
D,BTCUSDT,bull,none,2022-07-24 04:00:00,0.43591889880952384,0.294754464285714,2.088022137303987,False,-1.0299016998286994,False,0.05091145833333347,13
D,BTCUSDT,bull,strict,2022-08-05 08:00:00,0.5809894274885297,0.32590265310193484,1.2776148582600195,True,1.2547478005865103,True,0.008652503490923776,26
D,BTCUSDT,bull,half,2022-08-05 08:00:00,0.5809894274885297,0.32590265310193484,1.2776148582600195,True,1.2547478005865103,True,0.008652503490923776,26
D,BTCUSDT,bull,none,2022-08-05 08:00:00,0.5809894274885297,0.32590265310193484,1.2776148582600195,True,1.2547478005865103,True,0.008652503490923776,26
D,BTCUSDT,bull,none,2022-09-17 20:00:00,0.8160919540229885,0.6317241379310344,3.42643391521197,False,-1.025064837905237,False,0.01698850574712677,17
D,BTCUSDT,bull,strict,2022-10-16 16:00:00,0.48367075513521524,0.2847150386680456,1.4310472889328991,False,-1.0479571676157462,False,0.04448056745973064,4
D,BTCUSDT,bull,half,2022-10-16 16:00:00,0.48367075513521524,0.2847150386680456,1.4310472889328991,False,-1.0479571676157462,False,0.04448056745973064,4
D,BTCUSDT,bull,none,2022-10-16 16:00:00,0.48367075513521524,0.2847150386680456,1.4310472889328991,False,-1.0479571676157462,False,0.04448056745973064,4
D,BTCUSDT,bull,none,2022-10-28 16:00:00,0.544949494949495,0.21853535353535392,0.6695033266285025,True,0.6376337614111112,True,0.08151515151515042,4
D,BTCUSDT,bull,half,2022-11-04 04:00:00,0.9340369393139841,0.4262972735268256,0.8395981292222437,True,0.8039090594145181,True,0.06921723834652659,25
D,BTCUSDT,bull,none,2022-11-04 04:00:00,0.9340369393139841,0.4262972735268256,0.8395981292222437,True,0.8039090594145181,True,0.06921723834652659,25
D,BTCUSDT,bull,strict,2022-11-07 16:00:00,0.6289286454375903,0.44021551426400424,2.3327232796486004,False,-1.0762679355783307,False,0.001795952200040439,4
D,BTCUSDT,bull,half,2022-11-07 16:00:00,0.6289286454375903,0.44021551426400424,2.3327232796486004,False,-1.0762679355783307,False,0.001795952200040439,4
D,BTCUSDT,bull,none,2022-11-07 16:00:00,0.6289286454375903,0.44021551426400424,2.3327232796486004,False,-1.0762679355783307,False,0.001795952200040439,4
D,BTCUSDT,bull,half,2022-11-29 04:00:00,0.601341391509434,0.25361143867924435,0.729334463755824,True,0.6944554896142386,True,0.11563974056603753,19
D,BTCUSDT,bull,none,2022-11-26 00:00:00,0.34515035377358455,0.13635023584905667,0.653018002117898,False,-1.0586480762442643,False,0.02491155660377306,0
D,BTCUSDT,bull,strict,2022-12-12 20:00:00,0.7043918918918926,0.23282657657657815,0.4937313432835864,True,0.44238805970149686,True,0.06517454954955351,11
D,BTCUSDT,bull,half,2022-12-12 20:00:00,0.7043918918918926,0.23282657657657815,0.4937313432835864,True,0.44238805970149686,True,0.06517454954955351,11
D,BTCUSDT,bull,none,2022-12-12 20:00:00,0.7043918918918926,0.23282657657657815,0.4937313432835864,True,0.44238805970149686,True,0.06517454954955351,11
D,BTCUSDT,bull,strict,2022-12-22 20:00:00,0.5877798951881859,0.2788232491662684,0.9024672320740063,False,-1.0648245952197375,False,0.15650309671272233,5
D,BTCUSDT,bull,half,2022-12-22 20:00:00,0.5877798951881859,0.2788232491662684,0.9024672320740063,False,-1.0648245952197375,False,0.15650309671272233,5
D,BTCUSDT,bull,none,2022-12-22 20:00:00,0.5877798951881859,0.2788232491662684,0.9024672320740063,False,-1.0648245952197375,False,0.15650309671272233,5
D,BTCUSDT,bull,strict,2023-01-24 00:00:00,0.3671770972037284,0.10379494007989323,0.3940849342770462,True,0.36491632962588344,True,0.0018974700399469798,6
D,BTCUSDT,bull,half,2023-01-24 00:00:00,0.3671770972037284,0.10379494007989323,0.3940849342770462,True,0.36491632962588344,True,0.0018974700399469798,6
D,BTCUSDT,bull,none,2023-01-24 00:00:00,0.3671770972037284,0.10379494007989323,0.3940849342770462,True,0.36491632962588344,True,0.0018974700399469798,6
D,BTCUSDT,bull,none,2023-02-18 12:00:00,0.4908906882591093,0.15688259109311742,0.4696969696969697,True,0.4510075757575758,False,0.1759362348178136,3
D,BTCUSDT,bull,strict,2023-04-05 00:00:00,0.7463768115942029,0.23983288967761052,0.47346908984745745,True,0.4526413400481727,True,0.004991126885536825,24
D,BTCUSDT,bull,none,2023-04-05 00:00:00,0.7463768115942029,0.23983288967761052,0.47346908984745745,True,0.4526413400481727,True,0.02543626146110592,24
D,BTCUSDT,bull,none,2023-04-18 08:00:00,0.6009647472847525,0.2091195922577511,0.5336791576339409,False,-1.0235132393930009,False,0.07056610642558052,14
D,BTCUSDT,bull,none,2023-06-02 04:00:00,0.757870370370371,0.5415509259259262,2.5034777956126253,False,-1.048222400570715,False,0.04452160493827217,13
D,BTCUSDT,bull,strict,2023-06-29 08:00:00,0.25217908671723954,0.12485497545738532,0.9806074766355157,False,-1.0358184579439251,False,0.00797263126580374,26
D,BTCUSDT,bull,half,2023-06-29 08:00:00,0.25217908671723954,0.12485497545738532,0.9806074766355157,False,-1.0358184579439251,False,0.00797263126580374,26
D,BTCUSDT,bull,none,2023-06-29 08:00:00,0.25217908671723954,0.12485497545738532,0.9806074766355157,False,-1.0358184579439251,False,0.00797263126580374,26
D,BTCUSDT,bull,half,2023-07-06 04:00:00,0.9792017987633519,0.484140367782865,0.9779399837794022,True,0.9279930251419326,True,0.2447602987232017,7
D,BTCUSDT,bull,none,2023-07-06 04:00:00,0.9792017987633519,0.484140367782865,0.9779399837794022,True,0.9279930251419326,True,0.2447602987232017,7
D,BTCUSDT,bull,strict,2023-08-07 00:00:00,0.8476720312603485,0.6033512153122718,2.46950393060449,False,-1.0790157224179993,False,0.0006622955162593543,18
D,BTCUSDT,bull,half,2023-08-07 00:00:00,0.8476720312603485,0.6033512153122718,2.46950393060449,False,-1.0790157224179993,False,0.0006622955162593543,18
D,BTCUSDT,bull,none,2023-08-07 00:00:00,0.8476720312603485,0.6033512153122718,2.46950393060449,False,-1.0790157224179993,False,0.0006622955162593543,18
D,BTCUSDT,bull,strict,2023-10-08 00:00:00,0.5813499804916114,0.2197034724931715,0.6075089006365278,False,-1.0302620563167548,False,0.006086617245414961,24
D,BTCUSDT,bull,half,2023-10-08 00:00:00,0.5813499804916114,0.2197034724931715,0.6075089006365278,False,-1.0302620563167548,False,0.006086617245414961,24
D,BTCUSDT,bull,none,2023-10-08 00:00:00,0.5813499804916114,0.2197034724931715,0.6075089006365278,False,-1.0302620563167548,False,0.006086617245414961,24
D,BTCUSDT,bull,none,2023-11-19 20:00:00,0.7074035512282982,0.17561977657089767,0.3302465869404157,True,0.31046888559635816,True,0.13839097278892515,17
D,BTCUSDT,bull,half,2023-11-28 16:00:00,0.6129410510606539,0.11370500657357058,0.2277580071174377,True,0.20063701067615658,True,0.05596418292292927,16
D,BTCUSDT,bull,none,2023-11-28 16:00:00,0.6129410510606539,0.11370500657357058,0.2277580071174377,True,0.20063701067615658,True,0.05596418292292927,16
D,BTCUSDT,bull,strict,2024-01-01 16:00:00,0.8144114803317911,0.23606941122589273,0.40818301803783674,True,0.3890205895292578,True,0.025469441758688774,52
D,BTCUSDT,bull,half,2024-01-01 16:00:00,0.8144114803317911,0.23606941122589273,0.40818301803783674,True,0.3890205895292578,True,0.025469441758688774,52
D,BTCUSDT,bull,none,2023-12-27 20:00:00,0.7345682153579975,0.2621240649330817,0.5548255062473048,False,-1.0234025204653165,False,0.1448017912574421,23
D,BTCUSDT,bull,strict,2024-02-01 16:00:00,0.3782893505521237,0.12758749766048982,0.5089212392683815,True,0.4766656961552796,True,0.06501965188096602,4
D,BTCUSDT,bull,half,2024-02-01 16:00:00,0.3782893505521237,0.12758749766048982,0.5089212392683815,True,0.4766656961552796,True,0.06501965188096602,4
D,BTCUSDT,bull,none,2024-02-01 16:00:00,0.3782893505521237,0.12758749766048982,0.5089212392683815,True,0.4766656961552796,True,0.06501965188096602,4
D,BTCUSDT,bull,strict,2024-02-05 08:00:00,0.8078973468881758,0.18546987354326658,0.2979782890150337,True,0.2549738073896978,True,0.0055169848747794415,8
D,BTCUSDT,bull,half,2024-02-05 08:00:00,0.8078973468881758,0.18546987354326658,0.2979782890150337,True,0.2549738073896978,True,0.0055169848747794415,8
D,BTCUSDT,bull,none,2024-02-05 08:00:00,0.8078973468881758,0.18546987354326658,0.2979782890150337,True,0.2549738073896978,True,0.0055169848747794415,8
D,BTCUSDT,bull,strict,2024-02-18 08:00:00,0.2070247044175879,0.09341621186448622,0.8222643375082421,True,0.7795310646011887,True,0.0031828351572226947,8
D,BTCUSDT,bull,half,2024-02-18 08:00:00,0.2070247044175879,0.09341621186448622,0.8222643375082421,True,0.7795310646011887,True,0.0031828351572226947,8
D,BTCUSDT,bull,none,2024-02-18 08:00:00,0.2070247044175879,0.09341621186448622,0.8222643375082421,True,0.7795310646011887,True,0.0031828351572226947,8
D,BTCUSDT,bull,none,2024-03-24 16:00:00,0.8006378521197239,0.3212079157714932,0.66997884658205,True,0.6516402805611192,True,0.14308971296654566,10
D,BTCUSDT,bull,none,2024-04-07 00:00:00,0.7700646237231603,0.25910986032937194,0.5071091980987722,True,0.4929515717753598,False,0.22972691265374193,54
D,BTCUSDT,bull,half,2024-04-10 16:00:00,0.6369422196796339,0.33006769641494993,1.0755786857231595,False,-1.027233571539537,False,0.019891781083143694,4
D,BTCUSDT,bull,none,2024-04-10 16:00:00,0.6369422196796339,0.33006769641494993,1.0755786857231595,False,-1.027233571539537,False,0.019891781083143694,4
D,BTCUSDT,bull,strict,2024-04-25 16:00:00,0.5859523499544327,0.32554354901705507,1.2501249875012517,False,-1.0323575142485752,False,0.00821507616195789,10
D,BTCUSDT,bull,half,2024-04-25 16:00:00,0.5859523499544327,0.32554354901705507,1.2501249875012517,False,-1.0323575142485752,False,0.00821507616195789,10
D,BTCUSDT,bull,none,2024-04-25 16:00:00,0.5859523499544327,0.32554354901705507,1.2501249875012517,False,-1.0323575142485752,False,0.00821507616195789,10
D,BTCUSDT,bull,strict,2024-05-09 12:00:00,0.5523135802193632,0.37685638731129273,2.14785373608903,False,-1.0395055643879174,False,0.013813418430537124,9
D,BTCUSDT,bull,half,2024-05-09 12:00:00,0.5523135802193632,0.37685638731129273,2.14785373608903,False,-1.0395055643879174,False,0.013813418430537124,9
D,BTCUSDT,bull,none,2024-05-09 12:00:00,0.5523135802193632,0.37685638731129273,2.14785373608903,False,-1.0395055643879174,False,0.013813418430537124,9
D,BTCUSDT,bull,none,2024-05-27 12:00:00,0.9490551056058436,0.2717643322216933,0.40125208093976533,True,0.38474020492860445,False,0.21642051770684498,27
D,BTCUSDT,bull,strict,2024-06-07 00:00:00,0.38040237627260953,0.17479737638303075,0.8501611170784104,True,0.773863694951665,True,0.008193281950488261,0
D,BTCUSDT,bull,half,2024-06-07 00:00:00,0.38040237627260953,0.17479737638303075,0.8501611170784104,True,0.773863694951665,True,0.008193281950488261,0
D,BTCUSDT,bull,none,2024-06-07 00:00:00,0.38040237627260953,0.17479737638303075,0.8501611170784104,True,0.773863694951665,True,0.008193281950488261,0
D,BTCUSDT,bull,strict,2024-07-08 08:00:00,0.8223432182790474,0.2595430238210981,0.4611637067237907,True,0.4414217054799237,True,0.140787554691298,2
D,BTCUSDT,bull,half,2024-07-08 08:00:00,0.8223432182790474,0.2595430238210981,0.4611637067237907,True,0.4414217054799237,True,0.140787554691298,2
D,BTCUSDT,bull,none,2024-07-08 08:00:00,0.8223432182790474,0.2595430238210981,0.4611637067237907,True,0.4414217054799237,True,0.140787554691298,2
D,BTCUSDT,bull,none,2024-07-19 12:00:00,0.30141980645631705,0.03213575141407723,0.11933774322076522,True,0.09388747050404245,True,0.0499692705132342,3
D,BTCUSDT,bull,strict,2024-08-01 08:00:00,0.9844813791645906,0.8205697205742486,5.006170565481656,False,-1.0595370233928898,False,0.004800507223405174,8
D,BTCUSDT,bull,half,2024-08-01 08:00:00,0.9844813791645906,0.8205697205742486,5.006170565481656,False,-1.0595370233928898,False,0.004800507223405174,8
D,BTCUSDT,bull,none,2024-08-01 08:00:00,0.9844813791645906,0.8205697205742486,5.006170565481656,False,-1.0595370233928898,False,0.004800507223405174,8
D,BTCUSDT,bull,strict,2024-08-12 08:00:00,0.3698552985009963,0.2114201542327355,1.3344271260596134,False,-1.0272578616352201,False,0.03301273719781628,14
D,BTCUSDT,bull,half,2024-08-12 08:00:00,0.3698552985009963,0.2114201542327355,1.3344271260596134,False,-1.0272578616352201,False,0.03301273719781628,14
D,BTCUSDT,bull,none,2024-08-12 08:00:00,0.3698552985009963,0.2114201542327355,1.3344271260596134,False,-1.0272578616352201,False,0.03301273719781628,14
D,BTCUSDT,bull,strict,2024-09-11 16:00:00,0.5789277327890802,0.12998441854851012,0.2895341447915111,True,0.26139663684801995,True,0.13637061908837578,4
D,BTCUSDT,bull,half,2024-09-11 16:00:00,0.5789277327890802,0.12998441854851012,0.2895341447915111,True,0.26139663684801995,True,0.13637061908837578,4
D,BTCUSDT,bull,none,2024-09-11 16:00:00,0.5789277327890802,0.12998441854851012,0.2895341447915111,True,0.26139663684801995,True,0.13637061908837578,4
D,BTCUSDT,bull,strict,2024-09-17 04:00:00,0.6199968515093068,0.37957023102050463,1.5787362907186187,True,1.530718530037656,True,0.04203235074186281,13
D,BTCUSDT,bull,half,2024-09-15 12:00:00,0.24339800857963728,0.05753866740131475,0.3095817893065129,False,-1.0638481736368448,False,0.024676295800700812,3
D,BTCUSDT,bull,none,2024-09-15 12:00:00,0.24339800857963728,0.05753866740131475,0.3095817893065129,False,-1.0638481736368448,False,0.024676295800700812,3
D,BTCUSDT,bull,strict,2024-10-27 12:00:00,0.907491298823271,0.299044251698803,0.4914877196168372,True,0.46072551868162126,True,0.005579802220874995,9
D,BTCUSDT,bull,half,2024-10-27 12:00:00,0.907491298823271,0.299044251698803,0.4914877196168372,True,0.46072551868162126,True,0.005579802220874995,9
D,BTCUSDT,bull,none,2024-10-27 12:00:00,0.907491298823271,0.299044251698803,0.4914877196168372,True,0.46072551868162126,True,0.005579802220874995,9
D,BTCUSDT,bull,strict,2024-11-05 00:00:00,0.8453867798785601,0.6705953497556394,3.8365459295346933,True,3.788373720256998,True,0.009910154514489174,30
D,BTCUSDT,bull,half,2024-11-05 00:00:00,0.8453867798785601,0.6705953497556394,3.8365459295346933,True,3.788373720256998,True,0.009910154514489174,30
D,BTCUSDT,bull,none,2024-11-05 00:00:00,0.8453867798785601,0.6705953497556394,3.8365459295346933,True,3.788373720256998,True,0.009910154514489174,30
D,BTCUSDT,bull,half,2024-11-15 16:00:00,0.2520414413534203,0.11283637279180533,0.8105766115970242,True,0.7861682323723185,True,0.022776209927436508,4
D,BTCUSDT,bull,none,2024-11-15 16:00:00,0.2520414413534203,0.11283637279180533,0.8105766115970242,True,0.7861682323723185,True,0.022776209927436508,4
D,BTCUSDT,bull,strict,2024-11-24 20:00:00,0.35133056875291757,0.1555854594055243,0.7948370200626736,False,-1.0458122807838004,False,0.040242038099946545,5
D,BTCUSDT,bull,half,2024-11-24 20:00:00,0.35133056875291757,0.1555854594055243,0.7948370200626736,False,-1.0458122807838004,False,0.040242038099946545,5
D,BTCUSDT,bull,none,2024-11-24 04:00:00,0.2276201722827929,0.10709545125824978,0.8885766367917279,False,-1.0748063952605191,False,0.02969635386629399,1
D,BTCUSDT,bull,strict,2024-12-02 12:00:00,0.4953930851673908,0.20476876218634124,0.7045823284367476,False,-1.0425812321859242,False,0.028622768226943835,9
D,BTCUSDT,bull,half,2024-12-02 12:00:00,0.4953930851673908,0.20476876218634124,0.7045823284367476,False,-1.0425812321859242,False,0.028622768226943835,9
D,BTCUSDT,bull,none,2024-12-02 12:00:00,0.4953930851673908,0.20476876218634124,0.7045823284367476,False,-1.0425812321859242,False,0.028622768226943835,9
D,BTCUSDT,bull,none,2024-12-24 12:00:00,0.9734069103211153,0.1721341023792359,0.21482583793324198,True,0.19782604557803096,False,0.1005074593755192,9
D,BTCUSDT,bull,half,2024-12-28 20:00:00,0.8696697659506245,0.6266565138399047,2.57869276015611,False,-1.0523660601396294,False,0.013385700545048035,5
D,BTCUSDT,bull,none,2024-12-28 20:00:00,0.8696697659506245,0.6266565138399047,2.57869276015611,False,-1.0523660601396294,False,0.013385700545048035,5
D,BTCUSDT,bull,strict,2025-02-03 16:00:00,0.8946801953439855,0.3872789341425255,0.7632596994841905,False,-1.0095155771099649,False,0.00284007396519815,76
D,BTCUSDT,bull,half,2025-02-03 16:00:00,0.8946801953439855,0.3872789341425255,0.7632596994841905,False,-1.0095155771099649,False,0.00284007396519815,76
D,BTCUSDT,bull,none,2025-01-28 00:00:00,0.5841354132094259,0.35168081172063925,1.5129010545209798,False,-1.020923715503702,False,0.05220236119671898,36
D,BTCUSDT,bull,strict,2025-03-04 16:00:00,0.8211295823693561,0.405806520857681,0.9770864140812304,False,-1.012657789327093,False,0.027607508288215225,4
D,BTCUSDT,bull,half,2025-03-04 16:00:00,0.8211295823693561,0.405806520857681,0.9770864140812304,False,-1.012657789327093,False,0.027607508288215225,4
D,BTCUSDT,bull,none,2025-03-04 16:00:00,0.8211295823693561,0.405806520857681,0.9770864140812304,False,-1.012657789327093,False,0.027607508288215225,4
D,BTCUSDT,bull,none,2025-03-14 08:00:00,0.5782263151255211,0.162003279929355,0.3892222828393022,True,0.3640047281323859,True,0.1395483789579913,2
D,BTCUSDT,bull,strict,2025-03-19 08:00:00,0.7745211299098149,0.2649250950286953,0.5198727558594486,True,0.4892140846100427,True,0.08550719236789035,20
D,BTCUSDT,bull,half,2025-03-17 16:00:00,0.6232019080271278,0.15539986584184234,0.33219150800605546,False,-1.0336318808253009,False,0.08764999627338338,10
D,BTCUSDT,bull,none,2025-03-17 16:00:00,0.6232019080271278,0.15539986584184234,0.33219150800605546,False,-1.0336318808253009,False,0.08764999627338338,10
D,BTCUSDT,bull,none,2025-04-11 08:00:00,0.5648446344760876,0.1602897371920981,0.396212574036838,True,0.37390735206216,True,0.1416920388221449,2
D,BTCUSDT,bull,half,2025-05-06 20:00:00,0.904550256113847,0.2125645267374888,0.30718050635098987,True,0.279299835824765,True,0.08968967372889822,17
D,BTCUSDT,bull,none,2025-05-06 20:00:00,0.904550256113847,0.2125645267374888,0.30718050635098987,True,0.279299835824765,True,0.08968967372889822,17
D,BTCUSDT,bull,strict,2025-05-25 20:00:00,0.5506163879564951,0.3027608938885368,1.2215218186994237,False,-1.0443108300459556,False,0.04405939097039584,11
D,BTCUSDT,bull,half,2025-05-25 20:00:00,0.5506163879564951,0.3027608938885368,1.2215218186994237,False,-1.0443108300459556,False,0.04405939097039584,11
D,BTCUSDT,bull,none,2025-05-25 20:00:00,0.5506163879564951,0.3027608938885368,1.2215218186994237,False,-1.0443108300459556,False,0.04405939097039584,11
D,BTCUSDT,bull,none,2025-05-29 08:00:00,0.9460147513680718,0.4663335712586248,0.9721739993055872,False,-1.05393581667576,False,0.09162502974066282,2
D,BTCUSDT,bull,half,2025-06-16 04:00:00,0.7768855389670006,0.3507561482340439,0.8231212299877546,False,-1.0242695360333802,False,0.0927670676909697,31
D,BTCUSDT,bull,none,2025-06-16 04:00:00,0.7768855389670006,0.3507561482340439,0.8231212299877546,False,-1.0242695360333802,False,0.0927670676909697,31
D,BTCUSDT,bull,strict,2025-06-20 04:00:00,0.89086859688196,0.4989659560929049,1.2731885528719302,False,-1.0429322102699412,False,0.027585109767736905,13
D,BTCUSDT,bull,half,2025-06-20 04:00:00,0.89086859688196,0.4989659560929049,1.2731885528719302,False,-1.0429322102699412,False,0.027585109767736905,13
D,BTCUSDT,bull,none,2025-06-20 04:00:00,0.89086859688196,0.4989659560929049,1.2731885528719302,False,-1.0429322102699412,False,0.027585109767736905,13
D,BTCUSDT,bull,half,2025-07-06 12:00:00,0.5999269272926562,0.2972597734746067,0.9821342346692384,True,0.9164311926605471,True,0.10738034344172238,9
D,BTCUSDT,bull,none,2025-07-06 12:00:00,0.5999269272926562,0.2972597734746067,0.9821342346692384,True,0.9164311926605471,True,0.10738034344172238,9
D,BTCUSDT,bull,none,2025-07-18 00:00:00,0.4793647798742135,0.19416352201257844,0.6807947604031136,False,-1.0265095375658808,False,0.10966666666666648,12
D,BTCUSDT,bull,strict,2025-07-22 04:00:00,0.9645579701900113,0.5673758865248233,1.4285032227261876,False,-1.0563186918118883,True,0.024670990252966096,19
D,BTCUSDT,bull,half,2025-07-22 04:00:00,0.9645579701900113,0.5673758865248233,1.4285032227261876,False,-1.0563186918118883,True,0.024670990252966096,19
D,BTCUSDT,bull,none,2025-07-20 12:00:00,0.7893579095080993,0.4327758182576705,1.213677940863639,False,-1.0631085407360132,False,0.0627868168544025,9
D,BTCUSDT,bull,none,2025-07-31 00:00:00,0.7992691507765277,0.26882033937838956,0.5067790399413704,False,-1.0433964822279223,False,0.019398604388983415,6
D,BTCUSDT,bull,none,2025-09-07 04:00:00,0.8574548488417759,0.6462259521005108,3.059363382899618,True,2.930749535315975,True,0.06426678445229543,1
D,BTCUSDT,bull,none,2025-10-08 16:00:00,0.3226583534079637,0.16022105710641898,0.9863563402889225,False,-1.0430531788680297,False,0.06869207878702048,4
D,BTCUSDT,bull,none,2025-10-25 04:00:00,0.9613784531087491,0.3164049618223798,0.4905704902558475,True,0.46865442174195393,False,0.3305979046700998,13
D,BTCUSDT,bull,strict,2025-10-29 04:00:00,0.4335472409904284,0.2862603419195805,1.9435560374034595,False,-1.0769155034557534,False,0.057136298765456776,1
D,BTCUSDT,bull,half,2025-10-29 04:00:00,0.4335472409904284,0.2862603419195805,1.9435560374034595,False,-1.0769155034557534,False,0.057136298765456776,1
D,BTCUSDT,bull,none,2025-10-29 04:00:00,0.4335472409904284,0.2862603419195805,1.9435560374034595,False,-1.0769155034557534,False,0.057136298765456776,1
D,BTCUSDT,bull,strict,2025-11-30 12:00:00,0.2393669871794874,0.13415064102564078,1.2749980961084377,False,-1.0696106922549689,False,0.008445512820512355,3
D,BTCUSDT,bull,half,2025-11-30 12:00:00,0.2393669871794874,0.13415064102564078,1.2749980961084377,False,-1.0696106922549689,False,0.008445512820512355,3
D,BTCUSDT,bull,none,2025-11-30 12:00:00,0.2393669871794874,0.13415064102564078,1.2749980961084377,False,-1.0696106922549689,False,0.008445512820512355,3
D,BTCUSDT,bull,strict,2025-12-07 16:00:00,0.624771612655063,0.26976632368497,0.7598938158571945,True,0.7351410732183018,False,0.04619674968746939,16
D,BTCUSDT,bull,half,2025-12-07 16:00:00,0.624771612655063,0.26976632368497,0.7598938158571945,True,0.7351410732183018,False,0.015097605538994134,16
D,BTCUSDT,bull,none,2025-12-07 16:00:00,0.624771612655063,0.26976632368497,0.7598938158571945,True,0.7351410732183018,False,0.015097605538994134,16
D,BTCUSDT,bull,half,2025-12-11 20:00:00,0.7798165137614679,0.3025338575797291,0.6338672768878718,False,-1.028215865751335,False,0.2008737439930092,5
D,BTCUSDT,bull,none,2025-12-11 20:00:00,0.7798165137614679,0.3025338575797291,0.6338672768878718,False,-1.028215865751335,False,0.2008737439930092,5
D,BTCUSDT,bull,none,2026-01-02 08:00:00,0.9626748368189674,0.24379912082056515,0.33913945817736735,True,0.305985879998514,True,0.34583721859597866,14
D,BTCUSDT,bull,strict,2026-01-13 12:00:00,0.6897616339387274,0.1690436608627187,0.3246357329748699,True,0.30221371132288594,True,0.026074022224165494,39
D,BTCUSDT,bull,half,2026-01-13 12:00:00,0.6897616339387274,0.1690436608627187,0.3246357329748699,True,0.30221371132288594,True,0.026074022224165494,39
D,BTCUSDT,bull,none,2026-01-13 12:00:00,0.6897616339387274,0.1690436608627187,0.3246357329748699,True,0.30221371132288594,True,0.026074022224165494,39
D,BTCUSDT,bull,strict,2026-02-13 12:00:00,0.57752,0.29184,1.0215625875105012,False,-1.019224866984038,False,0.0027280000000004657,21
D,BTCUSDT,bull,half,2026-02-13 12:00:00,0.57752,0.29184,1.0215625875105012,False,-1.019224866984038,False,0.0027280000000004657,21
D,BTCUSDT,bull,none,2026-02-12 08:00:00,0.52652,0.34145599999999976,1.8450698136860726,False,-1.0294089828383695,False,0.0685920000000007,14
D,BTCUSDT,bull,none,2026-03-01 00:00:00,0.9239466652626588,0.3322627775657144,0.5615545470724338,True,0.5465441582132061,True,0.1444460532031108,12
D,BTCUSDT,bull,half,2026-03-09 08:00:00,0.7659980121080693,0.5713562844492633,2.9354254677127245,True,2.903986212339251,True,0.011068943706514863,20
D,BTCUSDT,bull,none,2026-03-09 08:00:00,0.7659980121080693,0.5713562844492633,2.9354254677127245,True,2.903986212339251,True,0.011068943706514863,20
D,BTCUSDT,bull,strict,2026-03-15 08:00:00,0.4353797224363915,0.24937355435620653,1.3406735751295338,True,1.2941709844559586,True,0.02986459136468703,2
D,BTCUSDT,bull,half,2026-03-15 08:00:00,0.4353797224363915,0.24937355435620653,1.3406735751295338,True,1.2941709844559586,True,0.02986459136468703,2
D,BTCUSDT,bull,none,2026-03-15 08:00:00,0.4353797224363915,0.24937355435620653,1.3406735751295338,True,1.2941709844559586,True,0.02986459136468703,2
D,BTCUSDT,bull,none,2026-03-25 04:00:00,0.6470889571918573,0.19818254710677588,0.44147854130488856,True,0.40630116596378213,False,0.18568755846585516,1
D,BTCUSDT,bull,half,2026-04-05 20:00:00,0.8265595679436111,0.06638747768776732,0.08733216930580012,True,0.0665609308206414,True,0.2353654629502493,17
D,BTCUSDT,bull,none,2026-04-05 20:00:00,0.8265595679436111,0.06638747768776732,0.08733216930580012,True,0.0665609308206414,True,0.2353654629502493,17
D,BTCUSDT,bull,strict,2026-04-13 12:00:00,0.9909726789023743,0.5828301548394786,1.4280064449977852,True,1.3754038377032198,True,0.033090213427392025,3
D,BTCUSDT,bull,half,2026-04-13 12:00:00,0.9909726789023743,0.5828301548394786,1.4280064449977852,True,1.3754038377032198,True,0.033090213427392025,3
D,BTCUSDT,bull,none,2026-04-13 12:00:00,0.9909726789023743,0.5828301548394786,1.4280064449977852,True,1.3754038377032198,True,0.033090213427392025,3
D,BTCUSDT,bull,none,2026-04-20 12:00:00,0.9182661802030462,0.5218710342639585,1.3165424440998381,True,1.278691361112494,True,0.08369685913705704,9
D,BTCUSDT,bull,strict,2026-04-26 20:00:00,0.508987012987012,0.1438095238095238,0.3938071980653432,True,0.3565301816112675,False,0.008969696969697474,17
D,BTCUSDT,bull,half,2026-04-26 20:00:00,0.508987012987012,0.1438095238095238,0.3938071980653432,True,0.3565301816112675,False,0.008969696969697474,17
D,BTCUSDT,bull,none,2026-04-26 20:00:00,0.508987012987012,0.1438095238095238,0.3938071980653432,True,0.3565301816112675,False,0.008969696969697474,17
D,BTCUSDT,bull,strict,2026-05-14 12:00:00,0.516901779994221,0.19887698317987082,0.6253505549630679,False,-1.0320912825374255,False,0.08388709535593643,39
D,BTCUSDT,bull,half,2026-05-14 12:00:00,0.516901779994221,0.19887698317987082,0.6253505549630679,False,-1.0320912825374255,False,0.08388709535593643,39
D,BTCUSDT,bull,none,2026-05-09 16:00:00,0.46369037898677307,0.24266710213925957,1.0979255470304081,False,-1.0459772094344983,False,0.036026982551786026,10
D,BTCUSDT,bull,strict,2026-06-10 12:00:00,0.6882205029013537,0.3182205029013534,0.8600554132469004,True,0.8273277223064435,True,0.07311411992263056,9
D,BTCUSDT,bull,half,2026-06-10 12:00:00,0.6882205029013537,0.3182205029013534,0.8600554132469004,True,0.8273277223064435,True,0.07311411992263056,9
D,BTCUSDT,bull,none,2026-06-10 12:00:00,0.6882205029013537,0.3182205029013534,0.8600554132469004,True,0.8273277223064435,True,0.07311411992263056,9
D,BTCUSDT,bull,strict,2026-06-22 08:00:00,0.7653386150681802,0.40086843909499414,1.0998662319204022,False,-1.0270145890811804,False,0.008440618572407136,32
D,BTCUSDT,bull,half,2026-06-22 08:00:00,0.7653386150681802,0.40086843909499414,1.0998662319204022,False,-1.0270145890811804,False,0.008440618572407136,32
D,BTCUSDT,bull,none,2026-06-22 08:00:00,0.7653386150681802,0.40086843909499414,1.0998662319204022,False,-1.0270145890811804,False,0.008440618572407136,32
D,BTCUSDT,bull,strict,2026-07-09 04:00:00,0.4574877763835403,0.24781849912740017,1.1819495081516185,True,1.138629909885126,True,0.005884643676171937,7
D,BTCUSDT,bull,half,2026-07-09 04:00:00,0.4574877763835403,0.24781849912740017,1.1819495081516185,True,1.138629909885126,True,0.005884643676171937,7
D,BTCUSDT,bull,none,2026-07-09 04:00:00,0.4574877763835403,0.24781849912740017,1.1819495081516185,True,1.138629909885126,True,0.005884643676171937,7
D,BTCUSDT,bull,strict,2026-07-17 12:00:00,0.8152337658905306,0.5701561963157749,2.326431575541884,True,2.258026097271637,True,0.0054444062689955755,3
D,BTCUSDT,bull,half,2026-07-17 12:00:00,0.8152337658905306,0.5701561963157749,2.326431575541884,True,2.258026097271637,True,0.0054444062689955755,3
D,BTCUSDT,bull,none,2026-07-17 12:00:00,0.8152337658905306,0.5701561963157749,2.326431575541884,True,2.258026097271637,True,0.0054444062689955755,3
D,BTCUSDT,bull,half,2026-07-24 00:00:00,0.7177227101631118,0.47010664993726503,1.8985305295160901,False,-1.082879908791487,False,0.1389899623588449,6
D,BTCUSDT,bull,none,2026-07-24 00:00:00,0.7177227101631118,0.47010664993726503,1.8985305295160901,False,-1.082879908791487,False,0.1389899623588449,6
D,BTCUSDT,bull,half,2026-08-12 08:00:00,0.7065173432882248,0.39676466013376704,1.2809079039871332,False,-1.0644845837099526,False,0.116005599626692,8
D,BTCUSDT,bull,none,2026-08-12 08:00:00,0.7065173432882248,0.39676466013376704,1.2809079039871332,False,-1.0644845837099526,False,0.116005599626692,8
D,BTCUSDT,bull,strict,2026-08-23 20:00:00,0.23511947091452137,0.1088275731285257,0.8617146074797002,True,0.8252456008633988,True,0.013019722182714471,5
D,BTCUSDT,bull,half,2026-08-23 20:00:00,0.23511947091452137,0.1088275731285257,0.8617146074797002,True,0.8252456008633988,True,0.013019722182714471,5
D,BTCUSDT,bull,none,2026-08-23 20:00:00,0.23511947091452137,0.1088275731285257,0.8617146074797002,True,0.8252456008633988,True,0.013019722182714471,5
D,BTCUSDT,bull,strict,2026-09-28 12:00:00,0.6701695659331603,0.556535696647095,4.89762163467351,False,,True,0.006393019810130844,33
D,BTCUSDT,bull,half,2026-09-28 12:00:00,0.6701695659331603,0.556535696647095,4.89762163467351,False,,True,0.006393019810130844,33
D,BTCUSDT,bull,none,2026-09-28 12:00:00,0.6701695659331603,0.556535696647095,4.89762163467351,False,,True,0.006393019810130844,33
D,BTCUSDT,bear,strict,2020-02-24 00:00:00,0.5820936219354733,0.37384616618414807,1.795201602033349,True,1.757618400277274,True,0.014836438292446245,18
D,BTCUSDT,bear,half,2020-02-24 00:00:00,0.5820936219354733,0.37384616618414807,1.795201602033349,True,1.757618400277274,True,0.014836438292446245,18
D,BTCUSDT,bear,none,2020-02-24 00:00:00,0.5820936219354733,0.37384616618414807,1.795201602033349,True,1.757618400277274,True,0.014836438292446245,18
D,BTCUSDT,bear,strict,2020-03-03 04:00:00,0.3497111621839867,0.2174793465432641,1.6446824502066992,False,-1.0411458098459228,False,0.02733710168333451,1
D,BTCUSDT,bear,half,2020-03-03 04:00:00,0.3497111621839867,0.2174793465432641,1.6446824502066992,False,-1.0411458098459228,False,0.02733710168333451,1
D,BTCUSDT,bear,none,2020-03-03 04:00:00,0.3497111621839867,0.2174793465432641,1.6446824502066992,False,-1.0411458098459228,False,0.02733710168333451,1
D,BTCUSDT,bear,strict,2020-03-20 16:00:00,0.5892293168093525,0.45931077229546113,3.5353749844876825,False,-1.0085293906760613,False,0.0069865052963084375,34
D,BTCUSDT,bear,half,2020-03-20 16:00:00,0.5892293168093525,0.45931077229546113,3.5353749844876825,False,-1.0085293906760613,False,0.0069865052963084375,34
D,BTCUSDT,bear,none,2020-03-20 16:00:00,0.5892293168093525,0.45931077229546113,3.5353749844876825,False,-1.0085293906760613,False,0.0069865052963084375,34
D,BTCUSDT,bear,strict,2020-04-15 08:00:00,0.6779440890938028,0.3591512711451666,1.1265977491470116,True,1.0920750114579554,True,0.002435143998181761,2
D,BTCUSDT,bear,half,2020-04-15 08:00:00,0.6779440890938028,0.3591512711451666,1.1265977491470116,True,1.0920750114579554,True,0.002435143998181761,2
D,BTCUSDT,bear,none,2020-04-15 08:00:00,0.6779440890938028,0.3591512711451666,1.1265977491470116,True,1.0920750114579554,True,0.002435143998181761,2
D,BTCUSDT,bear,strict,2020-05-20 12:00:00,0.943303738317757,0.6869299065420564,2.679407261592305,False,-1.0171515565762612,True,0.014485981308411215,51
D,BTCUSDT,bear,half,2020-05-15 16:00:00,0.9392523364485982,0.6529485981308408,2.280614992900159,False,-1.015239860288237,False,0.0416168224299063,22
D,BTCUSDT,bear,none,2020-05-15 16:00:00,0.9392523364485982,0.6529485981308408,2.280614992900159,False,-1.015239860288237,False,0.0416168224299063,22
D,BTCUSDT,bear,half,2020-06-05 20:00:00,0.5026761819803748,0.2863839104695492,1.3240598402759642,False,-1.0360589779160887,False,0.05679182548049683,11
D,BTCUSDT,bear,none,2020-06-05 20:00:00,0.5026761819803748,0.2863839104695492,1.3240598402759642,False,-1.0360589779160887,False,0.05679182548049683,11
D,BTCUSDT,bear,none,2020-06-14 16:00:00,0.5150584856179498,0.3499042584190146,2.1186515437933084,True,2.0594751102709394,True,0.03226075011447363,10
D,BTCUSDT,bear,strict,2020-06-17 16:00:00,0.6266362765617794,0.35934229664053396,1.344371080659614,False,-1.0308358273333555,False,0.06753520876937784,4
D,BTCUSDT,bear,half,2020-06-17 16:00:00,0.6266362765617794,0.35934229664053396,1.344371080659614,False,-1.0308358273333555,False,0.06753520876937784,4
D,BTCUSDT,bear,none,2020-06-17 16:00:00,0.6266362765617794,0.35934229664053396,1.344371080659614,False,-1.0308358273333555,False,0.06753520876937784,4
D,BTCUSDT,bear,none,2020-07-02 08:00:00,0.4870222767218477,0.39047619047619114,4.044453852667258,False,-1.0973594411515668,True,0.030461884324544736,20
D,BTCUSDT,bear,strict,2020-07-18 00:00:00,0.46881762738540156,0.2854613417273251,1.5568669527896883,False,-1.1632882689556507,False,0.017247032592301877,0
D,BTCUSDT,bear,half,2020-07-18 00:00:00,0.46881762738540156,0.2854613417273251,1.5568669527896883,False,-1.1632882689556507,False,0.017247032592301877,0
D,BTCUSDT,bear,none,2020-07-18 00:00:00,0.46881762738540156,0.2854613417273251,1.5568669527896883,False,-1.1632882689556507,False,0.017247032592301877,0
D,BTCUSDT,bear,half,2020-08-25 00:00:00,0.40103736673965273,0.2602570085071254,1.8486741458439693,True,1.7742536970933314,True,0.059155030690261706,6
D,BTCUSDT,bear,none,2020-08-25 00:00:00,0.40103736673965273,0.2602570085071254,1.8486741458439693,True,1.7742536970933314,True,0.059155030690261706,6
D,BTCUSDT,bear,strict,2020-09-13 08:00:00,0.3424743284098931,0.22816083534222142,1.9959221717348274,False,-1.0400889743291002,False,0.02146069460907713,38
D,BTCUSDT,bear,half,2020-09-13 08:00:00,0.3424743284098931,0.22816083534222142,1.9959221717348274,False,-1.0400889743291002,False,0.02146069460907713,38
D,BTCUSDT,bear,none,2020-09-08 08:00:00,0.28200347171352635,0.0792411952994241,0.39080837274478747,False,-1.0218669425468558,False,0.02579367721943288,8
D,BTCUSDT,bear,none,2020-09-30 08:00:00,0.8535590884292539,0.5216837833440219,1.5719270923458541,False,-1.030793274499625,False,0.021056863101675916,32
D,BTCUSDT,bear,strict,2020-10-06 16:00:00,0.7462551630001245,0.34385137650458203,0.8544933920704817,False,-1.0465418502202644,False,0.02495967098615511,16
D,BTCUSDT,bear,half,2020-10-06 16:00:00,0.7462551630001245,0.34385137650458203,0.8544933920704817,False,-1.0465418502202644,False,0.02495967098615511,16
D,BTCUSDT,bear,none,2020-10-06 16:00:00,0.7462551630001245,0.34385137650458203,0.8544933920704817,False,-1.0465418502202644,False,0.02495967098615511,16
D,BTCUSDT,bear,strict,2020-11-04 04:00:00,0.9259259259259259,0.4209841269841269,0.8337280214598568,False,-1.0284863465850744,False,0.07723809523809501,1
D,BTCUSDT,bear,half,2020-11-04 04:00:00,0.9259259259259259,0.4209841269841269,0.8337280214598568,False,-1.0284863465850744,False,0.07723809523809501,1
D,BTCUSDT,bear,none,2020-11-04 04:00:00,0.9259259259259259,0.4209841269841269,0.8337280214598568,False,-1.0284863465850744,False,0.07723809523809501,1
D,BTCUSDT,bear,strict,2020-11-09 12:00:00,0.9295067923142818,0.4019703830620483,0.7619765688435209,False,-1.0174073773344159,False,0.04099865377554765,3
D,BTCUSDT,bear,half,2020-11-09 12:00:00,0.9295067923142818,0.4019703830620483,0.7619765688435209,False,-1.0174073773344159,False,0.04099865377554765,3
D,BTCUSDT,bear,none,2020-11-09 12:00:00,0.9295067923142818,0.4019703830620483,0.7619765688435209,False,-1.0174073773344159,False,0.04099865377554765,3
D,BTCUSDT,bear,strict,2020-12-08 08:00:00,0.8310619469026536,0.22649557522123778,0.3746413724456917,True,0.34717205339890905,True,0.027539823008848656,8
D,BTCUSDT,bear,half,2020-12-08 08:00:00,0.8310619469026536,0.22649557522123778,0.3746413724456917,True,0.34717205339890905,True,0.027539823008848656,8
D,BTCUSDT,bear,none,2020-12-08 08:00:00,0.8310619469026536,0.22649557522123778,0.3746413724456917,True,0.34717205339890905,True,0.027539823008848656,8
D,BTCUSDT,bear,strict,2020-12-23 08:00:00,0.8841449511400647,0.4723127035830619,1.1468570185672207,False,-1.0228184999901133,False,0.006046416938111638,2
D,BTCUSDT,bear,half,2020-12-23 08:00:00,0.8841449511400647,0.4723127035830619,1.1468570185672207,False,-1.0228184999901133,False,0.006046416938111638,2
D,BTCUSDT,bear,none,2020-12-23 08:00:00,0.8841449511400647,0.4723127035830619,1.1468570185672207,False,-1.0228184999901133,False,0.006046416938111638,2
D,BTCUSDT,bear,strict,2021-01-15 12:00:00,0.8342009555119198,0.44900924940333997,1.1656773556717523,True,1.1577425679400979,True,0.06982738614653324,15
D,BTCUSDT,bear,half,2021-01-15 12:00:00,0.8342009555119198,0.44900924940333997,1.1656773556717523,True,1.1577425679400979,True,0.06982738614653324,15
D,BTCUSDT,bear,none,2021-01-15 12:00:00,0.8342009555119198,0.44900924940333997,1.1656773556717523,True,1.1577425679400979,True,0.06982738614653324,15
D,BTCUSDT,bear,strict,2021-01-25 20:00:00,0.6607201850016517,0.3715097456227288,1.2845654756465323,False,-1.0122809406317586,True,0.07435194361854407,11
D,BTCUSDT,bear,half,2021-01-25 20:00:00,0.6607201850016517,0.3715097456227288,1.2845654756465323,False,-1.0122809406317586,True,0.07435194361854407,11
D,BTCUSDT,bear,none,2021-01-25 20:00:00,0.6607201850016517,0.3715097456227288,1.2845654756465323,False,-1.0122809406317586,True,0.07435194361854407,11
D,BTCUSDT,bear,strict,2021-01-29 04:00:00,0.9113475177304965,0.5436436170212768,1.4784820502929352,False,-1.0155778624297804,False,0.10575886524822752,1
D,BTCUSDT,bear,half,2021-01-29 04:00:00,0.9113475177304965,0.5436436170212768,1.4784820502929352,False,-1.0155778624297804,False,0.10575886524822752,1
D,BTCUSDT,bear,none,2021-01-29 04:00:00,0.9113475177304965,0.5436436170212768,1.4784820502929352,False,-1.0155778624297804,False,0.10575886524822752,1
D,BTCUSDT,bear,none,2021-02-25 20:00:00,0.5332868867429844,0.16169526126943562,0.43514237185344123,True,0.4258095941208074,False,0.040898284913008516,5
D,BTCUSDT,bear,strict,2021-03-08 04:00:00,0.8724909651953701,0.5445200903559061,1.6602696523660496,False,-1.0238612963060598,False,0.022743027991781864,7
D,BTCUSDT,bear,half,2021-03-08 04:00:00,0.8724909651953701,0.5445200903559061,1.6602696523660496,False,-1.0238612963060598,False,0.022743027991781864,7
D,BTCUSDT,bear,none,2021-03-08 04:00:00,0.8724909651953701,0.5445200903559061,1.6602696523660496,False,-1.0238612963060598,False,0.022743027991781864,7
D,BTCUSDT,bear,none,2021-03-18 16:00:00,0.832849680789321,0.4671712130005804,1.2775464079839511,True,1.2593388354198942,True,0.05160766105629699,4
D,BTCUSDT,bear,strict,2021-04-29 16:00:00,0.5341089341414998,0.3303254156032894,1.6209623720936566,False,-1.0143757028903777,False,0.007441425634481813,16
D,BTCUSDT,bear,half,2021-04-29 12:00:00,0.5341089341414998,0.37762853572947663,2.41326415040915,False,-1.0190236890166209,False,0.008816616156245296,15
D,BTCUSDT,bear,none,2021-04-29 12:00:00,0.5341089341414998,0.37762853572947663,2.41326415040915,False,-1.0190236890166209,False,0.008816616156245296,15
D,BTCUSDT,bear,none,2021-05-07 00:00:00,0.9017860467827362,0.4678662156889095,1.078231927103932,False,-1.0208098642527184,False,0.19562806316495038,0
D,BTCUSDT,bear,strict,2021-05-21 12:00:00,0.6028452615451959,0.3558796235500109,1.4410086619295168,False,,True,0.006005690523090264,3
D,BTCUSDT,bear,half,2021-05-21 12:00:00,0.6028452615451959,0.3558796235500109,1.4410086619295168,False,,True,0.006005690523090264,3
D,BTCUSDT,bear,none,2021-05-21 12:00:00,0.6028452615451959,0.3558796235500109,1.4410086619295168,False,,True,0.006005690523090264,3
D,BTCUSDT,bear,half,2021-06-01 16:00:00,0.6015058324496291,0.3464488335100743,1.3583192578541168,False,-1.0186937660785282,False,0.04566145281018043,4
D,BTCUSDT,bear,none,2021-06-01 16:00:00,0.6015058324496291,0.3464488335100743,1.3583192578541168,False,-1.0186937660785282,False,0.04566145281018043,4
D,BTCUSDT,bear,half,2021-06-30 00:00:00,0.6208340226660514,0.5013840745540049,4.1974407061583365,False,-1.023269554211039,True,0.02216419074185921,36
D,BTCUSDT,bear,none,2021-06-25 12:00:00,0.5319397862263804,0.3038314761588509,1.331961453175048,False,-1.0113191599373978,False,0.03749706126578087,9
D,BTCUSDT,bear,half,2021-07-05 00:00:00,0.8310663737420786,0.4235907222548436,1.0395485489962177,True,1.018214799493137,True,0.1448888371433771,12
D,BTCUSDT,bear,none,2021-07-05 00:00:00,0.8310663737420786,0.4235907222548436,1.0395485489962177,True,1.018214799493137,True,0.1448888371433771,12
D,BTCUSDT,bear,strict,2021-07-12 08:00:00,0.6676170765255625,0.3750536694476224,1.2819568694307237,True,1.2524959224563665,True,0.00409816045558029,14
D,BTCUSDT,bear,half,2021-07-12 08:00:00,0.6676170765255625,0.3750536694476224,1.2819568694307237,True,1.2524959224563665,True,0.00409816045558029,14
D,BTCUSDT,bear,none,2021-07-12 08:00:00,0.6676170765255625,0.3750536694476224,1.2819568694307237,True,1.2524959224563665,True,0.00409816045558029,14
D,BTCUSDT,bear,half,2021-08-30 20:00:00,0.8076851851851845,0.1723842592592586,0.2713426853707404,False,-1.017134159227546,False,0.047423611111111715,17
D,BTCUSDT,bear,none,2021-08-29 00:00:00,0.8076851851851845,0.45436805555555615,1.2860063026999466,False,-1.0316071033131762,True,0.06256712962962983,6
D,BTCUSDT,bear,strict,2021-09-13 00:00:00,0.7293292682926821,0.15426829268292683,0.2682642349697809,False,-1.0236592089916234,False,0.07442378048780506,6
D,BTCUSDT,bear,half,2021-09-13 00:00:00,0.7293292682926821,0.15426829268292683,0.2682642349697809,False,-1.0236592089916234,False,0.07442378048780506,6
D,BTCUSDT,bear,none,2021-09-13 00:00:00,0.7293292682926821,0.15426829268292683,0.2682642349697809,False,-1.0236592089916234,False,0.07442378048780506,6
D,BTCUSDT,bear,strict,2021-09-23 08:00:00,0.5253209250172789,0.44188256038140783,5.295915881259222,False,-1.055951272680644,False,0.002039283490363685,2
D,BTCUSDT,bear,half,2021-09-23 08:00:00,0.5253209250172789,0.44188256038140783,5.295915881259222,False,-1.055951272680644,False,0.002039283490363685,2
D,BTCUSDT,bear,none,2021-09-23 08:00:00,0.5253209250172789,0.44188256038140783,5.295915881259222,False,-1.055951272680644,False,0.002039283490363685,2
D,BTCUSDT,bear,half,2021-10-26 16:00:00,0.5613102540827729,0.33758374163237675,1.5089125465504434,True,1.4726160794149108,True,0.03432066276548176,4
D,BTCUSDT,bear,none,2021-10-26 16:00:00,0.5613102540827729,0.33758374163237675,1.5089125465504434,True,1.4726160794149108,True,0.03432066276548176,4
D,BTCUSDT,bear,none,2021-10-31 08:00:00,0.8837220099968294,0.4761366510939838,1.168188799459498,False,-1.02377431582586,False,0.08805663802958058,8
D,BTCUSDT,bear,strict,2021-11-15 12:00:00,0.5928300681121752,0.29567799933194855,0.9950393431406047,True,0.9635897805581308,True,0.15960033112101993,9
D,BTCUSDT,bear,half,2021-11-15 12:00:00,0.5928300681121752,0.29567799933194855,0.9950393431406047,True,0.9635897805581308,True,0.15960033112101993,9
D,BTCUSDT,bear,none,2021-11-15 12:00:00,0.5928300681121752,0.29567799933194855,0.9950393431406047,True,0.9635897805581308,True,0.15960033112101993,9
D,BTCUSDT,bear,strict,2021-11-21 00:00:00,0.7914439295644109,0.576372567191844,2.67991312666443,False,-1.0506015892304643,False,0.08896200185356758,0
D,BTCUSDT,bear,half,2021-11-21 00:00:00,0.7914439295644109,0.576372567191844,2.67991312666443,False,-1.0506015892304643,False,0.08896200185356758,0
D,BTCUSDT,bear,none,2021-11-21 00:00:00,0.7914439295644109,0.576372567191844,2.67991312666443,False,-1.0506015892304643,False,0.08896200185356758,0
D,BTCUSDT,bear,strict,2021-11-26 00:00:00,0.8744071191508328,0.5650825973074148,1.8268276758008315,True,1.7878112383298597,True,0.03152314681791145,6
D,BTCUSDT,bear,half,2021-11-26 00:00:00,0.8744071191508328,0.5650825973074148,1.8268276758008315,True,1.7878112383298597,True,0.03152314681791145,6
D,BTCUSDT,bear,none,2021-11-26 00:00:00,0.8744071191508328,0.5650825973074148,1.8268276758008315,True,1.7878112383298597,True,0.03152314681791145,6
D,BTCUSDT,bear,none,2021-12-03 16:00:00,0.9637963324103644,0.10304418320541762,0.1197141166601753,True,0.1096246236406121,True,0.3608182289971017,22
D,BTCUSDT,bear,strict,2021-12-27 20:00:00,0.670105255254271,0.5851120694638198,6.884223294163846,True,6.848670864065968,True,0.016823678529012665,131
D,BTCUSDT,bear,half,2021-12-08 08:00:00,0.6578891384419744,0.4941079582935813,3.016878727127851,False,-1.0178940595176156,True,0.05561133917839768,14
D,BTCUSDT,bear,none,2021-12-08 08:00:00,0.6578891384419744,0.4941079582935813,3.016878727127851,False,-1.0178940595176156,True,0.05561133917839768,14
D,BTCUSDT,bear,strict,2021-12-13 00:00:00,0.7769302450693131,0.4089842736783457,1.1115335007806686,True,1.086023211124632,True,0.026899022989057855,0
D,BTCUSDT,bear,half,2021-12-13 00:00:00,0.7769302450693131,0.4089842736783457,1.1115335007806686,True,1.086023211124632,True,0.026899022989057855,0
D,BTCUSDT,bear,none,2021-12-13 00:00:00,0.7769302450693131,0.4089842736783457,1.1115335007806686,True,1.086023211124632,True,0.026899022989057855,0
D,BTCUSDT,bear,strict,2021-12-15 12:00:00,0.6161435758513938,0.19782894736842055,0.47291902768461946,False,-1.021565964336101,False,0.1345046439628488,3
D,BTCUSDT,bear,half,2021-12-15 12:00:00,0.6161435758513938,0.19782894736842055,0.47291902768461946,False,-1.021565964336101,False,0.1345046439628488,3
D,BTCUSDT,bear,none,2021-12-15 12:00:00,0.6161435758513938,0.19782894736842055,0.47291902768461946,False,-1.021565964336101,False,0.1345046439628488,3
D,BTCUSDT,bear,none,2021-12-19 16:00:00,0.7519675452437998,0.3124257300372073,0.7107986526614347,False,-1.0258476986659575,False,0.07880895330489146,4
D,BTCUSDT,bear,strict,2022-01-03 16:00:00,0.3624305983960518,0.11020203578038293,0.43691338775260885,True,0.40856366749213,True,0.007188463911166037,10
D,BTCUSDT,bear,half,2022-01-03 16:00:00,0.3624305983960518,0.11020203578038293,0.43691338775260885,True,0.40856366749213,True,0.007188463911166037,10
D,BTCUSDT,bear,none,2022-01-03 16:00:00,0.3624305983960518,0.11020203578038293,0.43691338775260885,True,0.40856366749213,True,0.007188463911166037,10
D,BTCUSDT,bear,strict,2022-01-26 20:00:00,0.5669254414693122,0.36965859957128766,1.873901341018982,False,-1.017524917228402,False,0.004085077110881714,5
D,BTCUSDT,bear,half,2022-01-26 20:00:00,0.5669254414693122,0.36965859957128766,1.873901341018982,False,-1.017524917228402,False,0.004085077110881714,5
D,BTCUSDT,bear,none,2022-01-26 20:00:00,0.5669254414693122,0.36965859957128766,1.873901341018982,False,-1.017524917228402,False,0.004085077110881714,5
D,BTCUSDT,bear,strict,2022-01-31 00:00:00,0.9602816942650915,0.44717939708056925,0.8715209414074292,False,-1.0211147083497405,False,0.021112428807776893,12
D,BTCUSDT,bear,half,2022-01-31 00:00:00,0.9602816942650915,0.44717939708056925,0.8715209414074292,False,-1.0211147083497405,False,0.021112428807776893,12
D,BTCUSDT,bear,none,2022-01-31 00:00:00,0.9602816942650915,0.44717939708056925,0.8715209414074292,False,-1.0211147083497405,False,0.021112428807776893,12
D,BTCUSDT,bear,half,2022-02-16 12:00:00,0.7522850861969224,0.47726483859770913,1.735380732015145,True,1.6987055111485065,True,0.05162559296540519,3
D,BTCUSDT,bear,none,2022-02-16 12:00:00,0.7522850861969224,0.47726483859770913,1.735380732015145,True,1.6987055111485065,True,0.05162559296540519,3
D,BTCUSDT,bear,none,2022-03-21 00:00:00,0.9609713453132586,0.6432831471588155,2.024888399682023,False,-1.0249564605882713,False,0.10412821758135017,36
D,BTCUSDT,bear,strict,2022-04-04 00:00:00,0.8117081476288248,0.44669237317842625,1.2237618328988864,True,1.192214158320755,True,0.002629075066352845,6
D,BTCUSDT,bear,half,2022-04-04 00:00:00,0.8117081476288248,0.44669237317842625,1.2237618328988864,True,1.192214158320755,True,0.002629075066352845,6
D,BTCUSDT,bear,none,2022-04-04 00:00:00,0.8117081476288248,0.44669237317842625,1.2237618328988864,True,1.192214158320755,True,0.002629075066352845,6
D,BTCUSDT,bear,strict,2022-04-14 12:00:00,0.5731813170056538,0.18919933375560072,0.4927297165200382,True,0.4683264907135867,False,0.14075585896262918,9
D,BTCUSDT,bear,half,2022-04-14 12:00:00,0.5731813170056538,0.18919933375560072,0.4927297165200382,True,0.4683264907135867,False,0.14075585896262918,9
D,BTCUSDT,bear,none,2022-04-14 12:00:00,0.5731813170056538,0.18919933375560072,0.4927297165200382,True,0.4683264907135867,False,0.14075585896262918,9
D,BTCUSDT,bear,strict,2022-04-29 16:00:00,0.5108987193532539,0.12134033470590354,0.3114817688130303,True,0.2929042862684221,True,0.028993993426768932,10
D,BTCUSDT,bear,half,2022-04-29 16:00:00,0.5108987193532539,0.12134033470590354,0.3114817688130303,True,0.2929042862684221,True,0.028993993426768932,10
D,BTCUSDT,bear,none,2022-04-29 16:00:00,0.5108987193532539,0.12134033470590354,0.3114817688130303,True,0.2929042862684221,True,0.028993993426768932,10
D,BTCUSDT,bear,strict,2022-05-18 12:00:00,0.3594306844137583,0.17416503604722983,0.9400827276013023,False,-1.011634833942412,False,0.001584738890087516,27
D,BTCUSDT,bear,half,2022-05-18 12:00:00,0.3594306844137583,0.17416503604722983,0.9400827276013023,False,-1.011634833942412,False,0.001584738890087516,27
D,BTCUSDT,bear,none,2022-05-18 12:00:00,0.3594306844137583,0.17416503604722983,0.9400827276013023,False,-1.011634833942412,False,0.001584738890087516,27
D,BTCUSDT,bear,strict,2022-05-20 12:00:00,0.7607682530716007,0.18090665160288136,0.31198246468582624,True,0.29423891865562657,False,0.1511439062279346,3
D,BTCUSDT,bear,half,2022-05-20 12:00:00,0.7607682530716007,0.18090665160288136,0.31198246468582624,True,0.29423891865562657,False,0.1511439062279346,3
D,BTCUSDT,bear,none,2022-05-20 12:00:00,0.7607682530716007,0.18090665160288136,0.31198246468582624,True,0.29423891865562657,False,0.1511439062279346,3
D,BTCUSDT,bear,strict,2022-06-20 16:00:00,0.6485721683805581,0.45703558481911644,2.3861529548088,False,-1.0193745654692932,False,0.014056373455648445,4
D,BTCUSDT,bear,half,2022-06-20 16:00:00,0.6485721683805581,0.45703558481911644,2.3861529548088,False,-1.0193745654692932,False,0.014056373455648445,4
D,BTCUSDT,bear,none,2022-06-20 16:00:00,0.6485721683805581,0.45703558481911644,2.3861529548088,False,-1.0193745654692932,False,0.014056373455648445,4
D,BTCUSDT,bear,strict,2022-06-24 04:00:00,0.8190843905129622,0.5807551521837242,2.436776772564701,False,-1.0439804334104776,False,0.006518577947149378,1
D,BTCUSDT,bear,half,2022-06-24 04:00:00,0.8190843905129622,0.5807551521837242,2.436776772564701,False,-1.0439804334104776,False,0.006518577947149378,1
D,BTCUSDT,bear,none,2022-06-24 04:00:00,0.8190843905129622,0.5807551521837242,2.436776772564701,False,-1.0439804334104776,False,0.006518577947149378,1
D,BTCUSDT,bear,strict,2022-07-05 08:00:00,0.7892186553603873,0.34207706285235046,0.7650307387725332,False,-1.020333750130249,False,0.04104738386991494,2
D,BTCUSDT,bear,half,2022-07-05 08:00:00,0.7892186553603873,0.34207706285235046,0.7650307387725332,False,-1.020333750130249,False,0.04104738386991494,2
D,BTCUSDT,bear,none,2022-07-05 08:00:00,0.7892186553603873,0.34207706285235046,0.7650307387725332,False,-1.020333750130249,False,0.04104738386991494,2
D,BTCUSDT,bear,strict,2022-08-22 04:00:00,0.28740423919222474,0.09371700820226773,0.4838574423480043,False,-1.0294746331236897,False,0.007796215587016942,1
D,BTCUSDT,bear,half,2022-08-22 04:00:00,0.28740423919222474,0.09371700820226773,0.4838574423480043,False,-1.0294746331236897,False,0.007796215587016942,1
D,BTCUSDT,bear,none,2022-08-22 04:00:00,0.28740423919222474,0.09371700820226773,0.4838574423480043,False,-1.0294746331236897,False,0.007796215587016942,1
D,BTCUSDT,bear,strict,2022-08-24 00:00:00,0.8547568710359431,0.4171247357293892,0.9531400966183627,False,-1.051336231884058,False,0.01575052854122391,0
D,BTCUSDT,bear,half,2022-08-24 00:00:00,0.8547568710359431,0.4171247357293892,0.9531400966183627,False,-1.051336231884058,False,0.01575052854122391,0
D,BTCUSDT,bear,none,2022-08-24 00:00:00,0.8547568710359431,0.4171247357293892,0.9531400966183627,False,-1.051336231884058,False,0.01575052854122391,0
D,BTCUSDT,bear,strict,2022-08-30 12:00:00,0.45177148669266004,0.09993219189693144,0.2840279450734751,True,0.2602459648277512,True,0.06602814036277463,3
D,BTCUSDT,bear,half,2022-08-30 12:00:00,0.45177148669266004,0.09993219189693144,0.2840279450734751,True,0.2602459648277512,True,0.06602814036277463,3
D,BTCUSDT,bear,none,2022-08-30 12:00:00,0.45177148669266004,0.09993219189693144,0.2840279450734751,True,0.2602459648277512,True,0.06602814036277463,3
D,BTCUSDT,bear,none,2022-09-18 12:00:00,0.24861971830985874,0.14211267605633804,1.334303094419471,True,1.2819240941549905,True,0.005211267605633803,3
D,BTCUSDT,bear,half,2022-09-23 12:00:00,0.6769766001048471,0.29552494876805147,0.7747376311844126,False,-1.023368815592204,False,0.057046180241147965,3
D,BTCUSDT,bear,none,2022-09-23 12:00:00,0.6769766001048471,0.29552494876805147,0.7747376311844126,False,-1.023368815592204,False,0.057046180241147965,3
D,BTCUSDT,bear,none,2022-10-02 12:00:00,0.8943603133159272,0.3537859007832898,0.6544629057187012,False,-1.0184867658423493,False,0.057441253263707574,15
D,BTCUSDT,bear,none,2022-10-20 00:00:00,0.8036498950952062,0.4415502157475953,1.2194162020334542,False,-1.0208081338143653,False,0.10937809271208544,30
D,BTCUSDT,bear,half,2022-10-18 16:00:00,0.7540482737549652,0.2480904369080336,0.4903381642512019,True,0.45167149758453545,True,0.1047968224870163,10
D,BTCUSDT,bear,none,2022-10-18 16:00:00,0.7540482737549652,0.2480904369080336,0.4903381642512019,True,0.45167149758453545,True,0.1047968224870163,10
D,BTCUSDT,bear,half,2022-11-11 12:00:00,0.4603816273227861,0.23326845336128144,1.0271022560796939,True,1.0147489012598871,True,0.026783783334165125,3
D,BTCUSDT,bear,none,2022-11-11 12:00:00,0.4603816273227861,0.23326845336128144,1.0271022560796939,True,1.0147489012598871,True,0.026783783334165125,3
D,BTCUSDT,bear,half,2022-11-28 00:00:00,0.8803529717103546,0.4708668569945488,1.149897005228963,False,-1.0256201869751227,False,0.12276148455748809,30
D,BTCUSDT,bear,none,2022-11-28 00:00:00,0.8803529717103546,0.4708668569945488,1.149897005228963,False,-1.0256201869751227,False,0.12276148455748809,30
D,BTCUSDT,bear,half,2022-12-12 00:00:00,0.9166451612903245,0.327741935483871,0.55652936021034,False,-1.0370486415425064,False,0.25277419354838426,18
D,BTCUSDT,bear,none,2022-12-12 00:00:00,0.9166451612903245,0.327741935483871,0.55652936021034,False,-1.0370486415425064,False,0.25277419354838426,18
D,BTCUSDT,bear,half,2023-02-01 12:00:00,0.5720662833953326,0.33243151843084207,1.3872424499012166,False,-1.0648481512842225,False,0.05816706121068651,3
D,BTCUSDT,bear,none,2023-02-01 12:00:00,0.5720662833953326,0.33243151843084207,1.3872424499012166,False,-1.0648481512842225,False,0.05816706121068651,3
D,BTCUSDT,bear,strict,2023-02-13 08:00:00,0.33051344743276356,0.09334963325183446,0.3936082474226834,True,0.349080618556704,False,0.011833740831296199,8
D,BTCUSDT,bear,half,2023-02-13 08:00:00,0.33051344743276356,0.09334963325183446,0.3936082474226834,True,0.349080618556704,False,0.011833740831296199,8
D,BTCUSDT,bear,none,2023-02-13 08:00:00,0.33051344743276356,0.09334963325183446,0.3936082474226834,True,0.349080618556704,False,0.011833740831296199,8
D,BTCUSDT,bear,strict,2023-03-01 16:00:00,0.7005826271186445,0.34051906779661095,0.945719329214478,True,0.9113814357163903,True,0.09645127118643991,16
D,BTCUSDT,bear,half,2023-03-01 16:00:00,0.7005826271186445,0.34051906779661095,0.945719329214478,True,0.9113814357163903,True,0.09645127118643991,16
D,BTCUSDT,bear,none,2023-03-01 16:00:00,0.7005826271186445,0.34051906779661095,0.945719329214478,True,0.9113814357163903,True,0.09645127118643991,16
D,BTCUSDT,bear,none,2023-04-02 16:00:00,0.7984924026590693,0.2574192782526121,0.4757569109258462,True,0.44511441421676323,False,0.16132478632478597,4
D,BTCUSDT,bear,half,2023-04-24 12:00:00,0.26627218934911245,0.046153846153846156,0.20967741935483872,True,0.1730430107526882,False,0.04748520710059172,9
D,BTCUSDT,bear,none,2023-04-24 12:00:00,0.26627218934911245,0.046153846153846156,0.20967741935483872,True,0.1730430107526882,False,0.04748520710059172,9
D,BTCUSDT,bear,strict,2023-04-26 16:00:00,0.8787317100570115,0.26753166512202714,0.4377153885034244,True,0.4249083766024916,False,0.09902547251944799,4
D,BTCUSDT,bear,half,2023-04-26 16:00:00,0.8787317100570115,0.26753166512202714,0.4377153885034244,True,0.4249083766024916,False,0.09902547251944799,4
D,BTCUSDT,bear,none,2023-04-26 16:00:00,0.8787317100570115,0.26753166512202714,0.4377153885034244,True,0.4249083766024916,False,0.09902547251944799,4
D,BTCUSDT,bear,half,2023-05-06 12:00:00,0.9521739130434783,0.39473913043478326,0.708135090866549,True,0.6858607752905409,True,0.05147826086956585,21
D,BTCUSDT,bear,none,2023-05-06 12:00:00,0.9521739130434783,0.39473913043478326,0.708135090866549,True,0.6858607752905409,True,0.05147826086956585,21
D,BTCUSDT,bear,strict,2023-05-15 20:00:00,0.7458758837391988,0.550471327572663,2.8170854271356784,False,-1.0545778894472362,True,0.003534956794972506,11
D,BTCUSDT,bear,half,2023-05-15 20:00:00,0.7458758837391988,0.550471327572663,2.8170854271356784,False,-1.0545778894472362,True,0.003534956794972506,11
D,BTCUSDT,bear,none,2023-05-15 20:00:00,0.7458758837391988,0.550471327572663,2.8170854271356784,False,-1.0545778894472362,True,0.003534956794972506,11
D,BTCUSDT,bear,strict,2023-06-05 00:00:00,0.5001018122581963,0.18239666055793252,0.5741067136676875,True,0.5311073545906164,True,0.011606597434330715,6
D,BTCUSDT,bear,half,2023-06-05 00:00:00,0.5001018122581963,0.18239666055793252,0.5741067136676875,True,0.5311073545906164,True,0.011606597434330715,6
D,BTCUSDT,bear,none,2023-06-05 00:00:00,0.5001018122581963,0.18239666055793252,0.5741067136676875,True,0.5311073545906164,True,0.005752392588067229,6
D,BTCUSDT,bear,none,2023-06-10 04:00:00,0.9693228582117478,0.14758698092031516,0.17960391531982817,True,0.16501411336216826,False,0.3483913206135426,13
D,BTCUSDT,bear,strict,2023-06-13 12:00:00,0.5397727272727268,0.21528838808250628,0.6634785167745768,True,0.6255872572101271,True,0.0012891520244464887,9
D,BTCUSDT,bear,half,2023-06-13 12:00:00,0.5397727272727268,0.21528838808250628,0.6634785167745768,True,0.6255872572101271,True,0.0012891520244464887,9
D,BTCUSDT,bear,none,2023-06-13 12:00:00,0.5397727272727268,0.21528838808250628,0.6634785167745768,True,0.6255872572101271,True,0.0012891520244464887,9
D,BTCUSDT,bear,strict,2023-07-20 12:00:00,0.9792626728110613,0.37711213517665115,0.6262755102040798,True,0.5787742346938758,True,0.10915898617511256,3
D,BTCUSDT,bear,half,2023-07-20 12:00:00,0.9792626728110613,0.37711213517665115,0.6262755102040798,True,0.5787742346938758,True,0.10915898617511256,3
D,BTCUSDT,bear,none,2023-07-20 12:00:00,0.9792626728110613,0.37711213517665115,0.6262755102040798,True,0.5787742346938758,True,0.10915898617511256,3
D,BTCUSDT,bear,none,2023-08-31 20:00:00,0.7025481324793856,0.26382278629766726,0.6013392857142857,False,,False,0.2544802867383511,77
D,BTCUSDT,bear,none,2023-09-10 08:00:00,0.39880952380952384,0.16488095238095288,0.7048346055979681,True,0.6662432270618207,True,0.006512605042016297,44
D,BTCUSDT,bear,half,2023-11-07 08:00:00,0.7097874154190399,0.2718844903830798,0.6208784523664759,False,-1.042138094658718,False,0.07528371250466344,14
D,BTCUSDT,bear,none,2023-11-07 08:00:00,0.7097874154190399,0.2718844903830798,0.6208784523664759,False,-1.042138094658718,False,0.07528371250466344,14
D,BTCUSDT,bear,strict,2023-12-24 20:00:00,0.9351131619424295,0.6108767303889252,1.8840471672539993,False,-1.0291463811330985,True,0.10428477257745679,71
D,BTCUSDT,bear,half,2023-12-15 12:00:00,0.7227642276422754,0.37398373983739835,1.0722610722610753,False,-1.0264161154161155,False,0.13205888815644914,15
D,BTCUSDT,bear,none,2023-12-15 12:00:00,0.7227642276422754,0.37398373983739835,1.0722610722610753,False,-1.0264161154161155,False,0.13205888815644914,15
D,BTCUSDT,bear,strict,2023-12-28 04:00:00,0.7803948735711812,0.5161759612054025,1.9535920293654843,True,1.8971064499213313,True,0.023934880498787166,1
D,BTCUSDT,bear,half,2023-12-28 04:00:00,0.7803948735711812,0.5161759612054025,1.9535920293654843,True,1.8971064499213313,True,0.023934880498787166,1
D,BTCUSDT,bear,none,2023-12-28 04:00:00,0.7803948735711812,0.5161759612054025,1.9535920293654843,True,1.8971064499213313,True,0.023934880498787166,1
D,BTCUSDT,bear,strict,2024-01-28 16:00:00,0.8507137192704203,0.6394924662965897,3.027595269382386,False,-1.0392064952130655,False,0.0033505154639178144,22
D,BTCUSDT,bear,half,2024-01-28 16:00:00,0.8507137192704203,0.6394924662965897,3.027595269382386,False,-1.0392064952130655,False,0.0033505154639178144,22
D,BTCUSDT,bear,none,2024-01-28 16:00:00,0.8507137192704203,0.6394924662965897,3.027595269382386,False,-1.0392064952130655,False,0.0033505154639178144,22
D,BTCUSDT,bear,none,2024-02-26 08:00:00,0.5962687146070903,0.2380342874873956,0.6644651364226996,False,-1.0553555651797315,False,0.10480179970522221,8
D,BTCUSDT,bear,strict,2024-04-15 12:00:00,0.545585024815114,0.3701720061339038,2.1102881012876367,True,2.082488781706223,True,0.012849470082112617,3
D,BTCUSDT,bear,half,2024-04-15 12:00:00,0.545585024815114,0.3701720061339038,2.1102881012876367,True,2.082488781706223,True,0.012849470082112617,3
D,BTCUSDT,bear,none,2024-04-15 12:00:00,0.545585024815114,0.3701720061339038,2.1102881012876367,True,2.082488781706223,True,0.012849470082112617,3
D,BTCUSDT,bear,none,2024-05-14 08:00:00,0.9978377079704496,0.49636614811700336,0.9898191400167642,False,-1.0369925739609533,False,0.152832001922038,14
D,BTCUSDT,bear,strict,2024-05-28 00:00:00,0.7686155081824565,0.32017000769719806,0.7139552238805948,False,-1.0253992537313432,False,0.02366052006291527,18
D,BTCUSDT,bear,half,2024-05-28 00:00:00,0.7686155081824565,0.32017000769719806,0.7139552238805948,False,-1.0253992537313432,False,0.02366052006291527,18
D,BTCUSDT,bear,none,2024-05-28 00:00:00,0.7686155081824565,0.32017000769719806,0.7139552238805948,False,-1.0253992537313432,False,0.02366052006291527,18
D,BTCUSDT,bear,none,2024-05-31 12:00:00,0.6738193869096919,0.034161833747582734,0.05340644158535413,True,0.024370650202917343,False,0.0712234189450412,3
D,BTCUSDT,bear,strict,2024-06-17 00:00:00,0.38345124206125936,0.2306455502853925,1.5094041825595084,False,-1.0870708930685253,True,0.021223571026611033,6
D,BTCUSDT,bear,half,2024-06-17 00:00:00,0.38345124206125936,0.2306455502853925,1.5094041825595084,False,-1.0870708930685253,True,0.021223571026611033,6
D,BTCUSDT,bear,none,2024-06-17 00:00:00,0.38345124206125936,0.2306455502853925,1.5094041825595084,False,-1.0870708930685253,True,0.021223571026611033,6
D,BTCUSDT,bear,strict,2024-06-20 12:00:00,0.7512535159593967,0.23988015164485688,0.46909003945952366,True,0.43035130933875354,True,0.053381435734378646,3
D,BTCUSDT,bear,half,2024-06-20 12:00:00,0.7512535159593967,0.23988015164485688,0.46909003945952366,True,0.43035130933875354,True,0.053381435734378646,3
D,BTCUSDT,bear,none,2024-06-20 12:00:00,0.7512535159593967,0.23988015164485688,0.46909003945952366,True,0.43035130933875354,True,0.053381435734378646,3
D,BTCUSDT,bear,strict,2024-06-28 16:00:00,0.5148624075645531,0.23205236998424017,0.8205238115650032,False,-1.0257757297783874,False,0.020450963753181853,16
D,BTCUSDT,bear,half,2024-06-28 16:00:00,0.5148624075645531,0.23205236998424017,0.8205238115650032,False,-1.0257757297783874,False,0.020450963753181853,16
D,BTCUSDT,bear,none,2024-06-28 16:00:00,0.5148624075645531,0.23205236998424017,0.8205238115650032,False,-1.0257757297783874,False,0.020450963753181853,16
D,BTCUSDT,bear,strict,2024-07-07 04:00:00,0.48885403298635866,0.3816626265506917,3.5605711245122444,False,-1.0508552678254701,True,0.035381909786586535,1
D,BTCUSDT,bear,half,2024-07-07 04:00:00,0.48885403298635866,0.3816626265506917,3.5605711245122444,False,-1.0508552678254701,True,0.035381909786586535,1
D,BTCUSDT,bear,none,2024-07-07 04:00:00,0.48885403298635866,0.3816626265506917,3.5605711245122444,False,-1.0508552678254701,True,0.035381909786586535,1
D,BTCUSDT,bear,none,2024-08-15 16:00:00,0.653479922615958,0.3828811399990564,1.4149403640929077,False,-1.009939736346516,False,0.07377907799745193,52
D,BTCUSDT,bear,half,2024-08-14 16:00:00,0.9634435575826675,0.28255416191562144,0.4149780620959913,True,0.3952661017516834,False,0.02282782212086626,4
D,BTCUSDT,bear,none,2024-08-14 16:00:00,0.9634435575826675,0.28255416191562144,0.4149780620959913,True,0.3952661017516834,False,0.02282782212086626,4
D,BTCUSDT,bear,half,2024-08-20 12:00:00,0.9227179041681576,0.47944878804912505,1.0816201052914707,False,-1.0225891326903125,False,0.16243378132079633,21
D,BTCUSDT,bear,none,2024-08-20 12:00:00,0.9227179041681576,0.47944878804912505,1.0816201052914707,False,-1.0225891326903125,False,0.16243378132079633,21
D,BTCUSDT,bear,half,2024-09-08 12:00:00,0.317260138476755,0.1583690515441252,0.9967145080408067,False,-1.0463977174476915,False,0.008421255082976555,3
D,BTCUSDT,bear,none,2024-09-08 12:00:00,0.317260138476755,0.1583690515441252,0.9967145080408067,False,-1.0463977174476915,False,0.008421255082976555,3
D,BTCUSDT,bear,half,2024-10-07 20:00:00,0.6982969103240387,0.35805576488319474,1.0523588039867098,True,1.0248103211517152,True,0.059321778447626004,17
D,BTCUSDT,bear,none,2024-10-07 20:00:00,0.6982969103240387,0.35805576488319474,1.0523588039867098,True,1.0248103211517152,True,0.059321778447626004,17
D,BTCUSDT,bear,strict,2024-10-13 00:00:00,0.8223568004037347,0.6824195234490463,4.876609994848003,False,-1.0807395672333846,False,0.001982624995494035,6
D,BTCUSDT,bear,half,2024-10-13 00:00:00,0.8223568004037347,0.6824195234490463,4.876609994848003,False,-1.0807395672333846,False,0.001982624995494035,6
D,BTCUSDT,bear,none,2024-10-13 00:00:00,0.8223568004037347,0.6824195234490463,4.876609994848003,False,-1.0807395672333846,False,0.001982624995494035,6
D,BTCUSDT,bear,strict,2024-10-25 16:00:00,0.8334369316481339,0.36915532840665816,0.7951108246144704,False,-1.0331362126245847,False,0.0004604369546699821,4
D,BTCUSDT,bear,half,2024-10-25 16:00:00,0.8334369316481339,0.36915532840665816,0.7951108246144704,False,-1.0331362126245847,False,0.0004604369546699821,4
D,BTCUSDT,bear,none,2024-10-25 16:00:00,0.8334369316481339,0.36915532840665816,0.7951108246144704,False,-1.0331362126245847,False,0.0004604369546699821,4
D,BTCUSDT,bear,none,2024-11-30 08:00:00,0.9648697833411213,0.6707449032289803,2.2804765886287663,False,-1.040268102006689,True,0.01691955832083291,14
D,BTCUSDT,bear,none,2024-12-27 12:00:00,0.4770289918107141,0.14087683761852027,0.41908652335446406,True,0.4016118186355125,False,0.18046874029153362,33
D,BTCUSDT,bear,none,2025-01-13 04:00:00,0.4167584975611419,0.21373961029531027,1.0528065303374505,True,1.0134402507784168,True,0.05652511895304212,13
D,BTCUSDT,bear,strict,2025-02-11 12:00:00,0.7015542903172656,0.4234846127089325,1.5229442359602383,True,1.4591063927842554,True,0.010819618109588624,3
D,BTCUSDT,bear,half,2025-02-11 12:00:00,0.7015542903172656,0.4234846127089325,1.5229442359602383,True,1.4591063927842554,True,0.010819618109588624,3
D,BTCUSDT,bear,none,2025-02-11 12:00:00,0.7015542903172656,0.4234846127089325,1.5229442359602383,True,1.4591063927842554,True,0.010819618109588624,3
D,BTCUSDT,bear,strict,2025-03-03 16:00:00,0.789909237776302,0.34627177798815906,0.7805287185476169,True,0.7714458010404505,False,0.047877426252749475,10
D,BTCUSDT,bear,half,2025-03-03 16:00:00,0.789909237776302,0.34627177798815906,0.7805287185476169,True,0.7714458010404505,False,0.047877426252749475,10
D,BTCUSDT,bear,none,2025-03-03 16:00:00,0.789909237776302,0.34627177798815906,0.7805287185476169,True,0.7714458010404505,False,0.047877426252749475,10
D,BTCUSDT,bear,strict,2025-03-06 12:00:00,0.8409193232154529,0.6955123084743297,4.783210147822589,True,4.73787559928084,True,0.016120833635901534,3
D,BTCUSDT,bear,half,2025-03-06 12:00:00,0.8409193232154529,0.6955123084743297,4.783210147822589,True,4.73787559928084,True,0.016120833635901534,3
D,BTCUSDT,bear,none,2025-03-06 12:00:00,0.8409193232154529,0.6955123084743297,4.783210147822589,True,4.73787559928084,True,0.016120833635901534,3
D,BTCUSDT,bear,strict,2025-03-16 08:00:00,0.5369937670696594,0.3580636609680458,2.0011370292526576,False,-1.0283802156910036,False,0.01043753814664358,20
D,BTCUSDT,bear,half,2025-03-16 08:00:00,0.5369937670696594,0.3580636609680458,2.0011370292526576,False,-1.0283802156910036,False,0.01043753814664358,20
D,BTCUSDT,bear,none,2025-03-16 08:00:00,0.5369937670696594,0.3580636609680458,2.0011370292526576,False,-1.0283802156910036,False,0.01043753814664358,20
D,BTCUSDT,bear,strict,2025-04-02 20:00:00,0.9665338645418327,0.16774236387782282,0.20999517863971257,True,0.19628171706927913,True,0.0249667994687915,5
D,BTCUSDT,bear,half,2025-04-02 20:00:00,0.9665338645418327,0.16774236387782282,0.20999517863971257,True,0.19628171706927913,True,0.0249667994687915,5
D,BTCUSDT,bear,none,2025-04-02 04:00:00,0.5808100929614873,0.42069057104913715,2.6273534046612013,False,-1.0699923695778388,False,0.02543160690571049,1
D,BTCUSDT,bear,half,2025-04-20 04:00:00,0.7505252877985267,0.49498387144506023,1.9370005790388023,False,-1.098131441806601,False,0.03642981859074637,13
D,BTCUSDT,bear,none,2025-04-20 04:00:00,0.7505252877985267,0.49498387144506023,1.9370005790388023,False,-1.098131441806601,False,0.03642981859074637,13
D,BTCUSDT,bear,strict,2025-05-28 12:00:00,0.7694279176201373,0.10407322654462242,0.15641766405282706,True,0.12695955427156416,True,0.13338215102974935,9
D,BTCUSDT,bear,half,2025-05-28 12:00:00,0.7694279176201373,0.10407322654462242,0.15641766405282706,True,0.12695955427156416,True,0.13338215102974935,9
D,BTCUSDT,bear,none,2025-05-28 12:00:00,0.7694279176201373,0.10407322654462242,0.15641766405282706,True,0.12695955427156416,True,0.13338215102974935,9
D,BTCUSDT,bear,none,2025-06-02 08:00:00,0.3740137456148354,0.12622751992070774,0.5094210526315759,False,-1.0547368421052632,False,0.00953324899907483,2
D,BTCUSDT,bear,none,2025-06-09 00:00:00,0.9548061021035883,0.821017326388352,6.136668207023981,False,-1.1220159426987053,False,0.0342972843475161,12
D,BTCUSDT,bear,strict,2025-06-16 20:00:00,0.7818796955072386,0.5144658938255638,1.9238569235778487,True,1.8742034048095337,True,0.007226727697896136,11
D,BTCUSDT,bear,half,2025-06-16 20:00:00,0.7818796955072386,0.5144658938255638,1.9238569235778487,True,1.8742034048095337,True,0.007226727697896136,11
D,BTCUSDT,bear,none,2025-06-16 20:00:00,0.7818796955072386,0.5144658938255638,1.9238569235778487,True,1.8742034048095337,True,0.007226727697896136,11
D,BTCUSDT,bear,strict,2025-06-20 12:00:00,0.5689642857142851,0.1550892857142857,0.37472494283125557,True,0.32978016999611726,True,0.16875,9
D,BTCUSDT,bear,half,2025-06-20 12:00:00,0.5689642857142851,0.1550892857142857,0.37472494283125557,True,0.32978016999611726,True,0.16875,9
D,BTCUSDT,bear,none,2025-06-20 12:00:00,0.5689642857142851,0.1550892857142857,0.37472494283125557,True,0.32978016999611726,True,0.16875,9
D,BTCUSDT,bear,strict,2025-07-07 16:00:00,0.7566077953714972,0.24357490864798848,0.47477445394111634,False,-1.064102504748338,False,0.03727161997564212,10
D,BTCUSDT,bear,half,2025-07-07 16:00:00,0.7566077953714972,0.24357490864798848,0.47477445394111634,False,-1.064102504748338,False,0.03727161997564212,10
D,BTCUSDT,bear,none,2025-07-07 16:00:00,0.7566077953714972,0.24357490864798848,0.47477445394111634,False,-1.064102504748338,False,0.03727161997564212,10
D,BTCUSDT,bear,strict,2025-07-28 12:00:00,0.9133468257349798,0.6187863939781277,2.1007111861137933,True,2.0295004821600804,True,0.022368981678738804,9
D,BTCUSDT,bear,half,2025-07-28 12:00:00,0.9133468257349798,0.6187863939781277,2.1007111861137933,True,2.0295004821600804,True,0.022368981678738804,9
D,BTCUSDT,bear,none,2025-07-28 12:00:00,0.9133468257349798,0.6187863939781277,2.1007111861137933,True,2.0295004821600804,True,0.022368981678738804,9
D,BTCUSDT,bear,strict,2025-08-08 00:00:00,0.8132861189801703,0.6858640226628892,5.382614495331221,False,-1.1297156514006217,False,0.0275637393767693,18
D,BTCUSDT,bear,half,2025-08-08 00:00:00,0.8132861189801703,0.6858640226628892,5.382614495331221,False,-1.1297156514006217,False,0.0275637393767693,18
D,BTCUSDT,bear,none,2025-08-08 00:00:00,0.8132861189801703,0.6858640226628892,5.382614495331221,False,-1.1297156514006217,False,0.0275637393767693,18
D,BTCUSDT,bear,strict,2025-08-17 16:00:00,0.23327314868169957,0.10125107243927071,0.7669253152279312,True,0.6529321047526644,True,0.018247474165418148,4
D,BTCUSDT,bear,half,2025-08-17 16:00:00,0.23327314868169957,0.10125107243927071,0.7669253152279312,True,0.6529321047526644,True,0.018247474165418148,4
D,BTCUSDT,bear,none,2025-08-17 16:00:00,0.23327314868169957,0.10125107243927071,0.7669253152279312,True,0.6529321047526644,True,0.018247474165418148,4
D,BTCUSDT,bear,half,2025-08-28 16:00:00,0.5509691435554505,0.3739660771467691,2.11276609346033,True,2.0412550661637754,True,0.08908426400534111,4
D,BTCUSDT,bear,none,2025-08-28 16:00:00,0.5509691435554505,0.3739660771467691,2.11276609346033,True,2.0412550661637754,True,0.08908426400534111,4
D,BTCUSDT,bear,half,2025-09-06 16:00:00,0.9863771612384403,0.4463530357860872,0.8265427686442675,False,-1.0327575351441505,False,0.039276236429432586,22
D,BTCUSDT,bear,none,2025-09-06 16:00:00,0.9863771612384403,0.4463530357860872,0.8265427686442675,False,-1.0327575351441505,False,0.039276236429432586,22
D,BTCUSDT,bear,strict,2025-09-09 12:00:00,0.9695790287038883,0.2804853618750551,0.4070351758794004,False,-1.0460277004859007,False,0.03376928140113897,9
D,BTCUSDT,bear,half,2025-09-09 12:00:00,0.9695790287038883,0.2804853618750551,0.4070351758794004,False,-1.0460277004859007,False,0.03376928140113897,9
D,BTCUSDT,bear,none,2025-09-09 12:00:00,0.9695790287038883,0.2804853618750551,0.4070351758794004,False,-1.0460277004859007,False,0.06275935094296503,9
D,BTCUSDT,bear,half,2025-10-14 00:00:00,0.5830025919326097,0.48292969382796047,4.825779036827195,False,-1.0459089437474707,True,0.020751660456827886,12
D,BTCUSDT,bear,none,2025-10-14 00:00:00,0.5830025919326097,0.48292969382796047,4.825779036827195,False,-1.0459089437474707,True,0.020751660456827886,12
D,BTCUSDT,bear,strict,2025-10-21 20:00:00,0.8415045812570326,0.3844799871403309,0.8412676081107213,False,-1.019037634314053,False,0.19960617264105449,17
D,BTCUSDT,bear,half,2025-10-21 20:00:00,0.8415045812570326,0.3844799871403309,0.8412676081107213,False,-1.019037634314053,False,0.19960617264105449,17
D,BTCUSDT,bear,none,2025-10-21 00:00:00,0.6574505706478058,0.444864169747629,2.0926275992438566,False,-1.0412117202268432,False,0.011895193698762256,12
D,BTCUSDT,bear,strict,2025-10-24 12:00:00,0.7553992902093749,0.4814834360198954,1.7577786340429655,False,-1.0529861285039979,False,0.016966370700686215,3
D,BTCUSDT,bear,half,2025-10-24 12:00:00,0.7553992902093749,0.4814834360198954,1.7577786340429655,False,-1.0529861285039979,False,0.016966370700686215,3
D,BTCUSDT,bear,none,2025-10-24 12:00:00,0.7553992902093749,0.4814834360198954,1.7577786340429655,False,-1.0529861285039979,False,0.016966370700686215,3
D,BTCUSDT,bear,strict,2025-11-03 00:00:00,0.4943910728669379,0.16561560676607537,0.5037346877801016,True,0.4715010457125784,True,0.07491994263373974,12
D,BTCUSDT,bear,half,2025-11-03 00:00:00,0.4943910728669379,0.16561560676607537,0.5037346877801016,True,0.4715010457125784,True,0.07491994263373974,12
D,BTCUSDT,bear,none,2025-11-03 00:00:00,0.4943910728669379,0.16561560676607537,0.5037346877801016,True,0.4715010457125784,True,0.07491994263373974,12
D,BTCUSDT,bear,strict,2025-11-06 12:00:00,0.45499383477188693,0.25089233564799823,1.2292527821939598,False,-1.040533227344992,True,0.06472678304886827,3
D,BTCUSDT,bear,half,2025-11-06 12:00:00,0.45499383477188693,0.25089233564799823,1.2292527821939598,False,-1.040533227344992,True,0.06472678304886827,3
D,BTCUSDT,bear,none,2025-11-06 12:00:00,0.45499383477188693,0.25089233564799823,1.2292527821939598,False,-1.040533227344992,True,0.06472678304886827,3
D,BTCUSDT,bear,strict,2025-11-24 08:00:00,0.5976095617529881,0.448804780876494,3.0160642570281126,False,-1.0461753681392236,False,0.0015537848605577688,8
D,BTCUSDT,bear,half,2025-11-24 08:00:00,0.5976095617529881,0.448804780876494,3.0160642570281126,False,-1.0461753681392236,False,0.0015537848605577688,8
D,BTCUSDT,bear,none,2025-11-24 08:00:00,0.5976095617529881,0.448804780876494,3.0160642570281126,False,-1.0461753681392236,False,0.0015537848605577688,8
D,BTCUSDT,bear,strict,2025-12-26 12:00:00,0.7546182846371362,0.17554194156456174,0.30314127604166596,False,-1.0354410807291665,False,0.03800659754948231,3
D,BTCUSDT,bear,half,2025-12-26 12:00:00,0.7546182846371362,0.17554194156456174,0.30314127604166596,False,-1.0354410807291665,False,0.03800659754948231,3
D,BTCUSDT,bear,none,2025-12-26 12:00:00,0.7546182846371362,0.17554194156456174,0.30314127604166596,False,-1.0354410807291665,False,0.03800659754948231,3
D,BTCUSDT,bear,strict,2026-01-29 00:00:00,0.8835752807685612,0.38302437515705623,0.7652056381540838,True,0.7312210079165863,True,0.018614810662440386,12
D,BTCUSDT,bear,half,2026-01-29 00:00:00,0.8835752807685612,0.38302437515705623,0.7652056381540838,True,0.7312210079165863,True,0.018614810662440386,12
D,BTCUSDT,bear,none,2026-01-29 00:00:00,0.8835752807685612,0.38302437515705623,0.7652056381540838,True,0.7312210079165863,True,0.018614810662440386,12
D,BTCUSDT,bear,half,2026-02-09 08:00:00,0.40594036898355784,0.29552134109707806,2.6763624599276428,False,-1.0202640804682215,True,0.03117622033793724,8
D,BTCUSDT,bear,none,2026-02-09 08:00:00,0.40594036898355784,0.29552134109707806,2.6763624599276428,False,-1.0202640804682215,True,0.03117622033793724,8
D,BTCUSDT,bear,strict,2026-02-15 12:00:00,0.81140047097936,0.5523064136306975,2.131683062446545,True,2.0947561484174604,True,0.02041834049037384,9
D,BTCUSDT,bear,half,2026-02-15 12:00:00,0.81140047097936,0.5523064136306975,2.131683062446545,True,2.0947561484174604,True,0.02041834049037384,9
D,BTCUSDT,bear,none,2026-02-15 12:00:00,0.81140047097936,0.5523064136306975,2.131683062446545,True,2.0947561484174604,True,0.02041834049037384,9
D,BTCUSDT,bear,strict,2026-03-13 16:00:00,0.9791796916471046,0.6580868908732734,2.0495224099926537,False,-1.026138133725202,False,0.005933492975358061,22
D,BTCUSDT,bear,half,2026-03-13 16:00:00,0.9791796916471046,0.6580868908732734,2.0495224099926537,False,-1.026138133725202,False,0.005933492975358061,22
D,BTCUSDT,bear,none,2026-03-13 16:00:00,0.9791796916471046,0.6580868908732734,2.0495224099926537,False,-1.026138133725202,False,0.005933492975358061,22
D,BTCUSDT,bear,none,2026-03-26 08:00:00,0.5402867029164604,0.22293623331685664,0.7024922118380095,True,0.6774109613852093,True,0.04552299716056056,14
D,BTCUSDT,bear,strict,2026-04-02 00:00:00,0.6170552268523102,0.2287868732084101,0.5892493453593227,False,-1.0241993017166133,False,0.004095061920160415,12
D,BTCUSDT,bear,half,2026-04-02 00:00:00,0.6170552268523102,0.2287868732084101,0.5892493453593227,False,-1.0241993017166133,False,0.004095061920160415,12
D,BTCUSDT,bear,none,2026-04-02 00:00:00,0.6170552268523102,0.2287868732084101,0.5892493453593227,False,-1.0241993017166133,False,0.004095061920160415,12
D,BTCUSDT,bear,strict,2026-05-11 00:00:00,0.9002519437596519,0.4215317096957708,0.8805387357817864,True,0.8348744270273302,True,0.044997697288219785,6
D,BTCUSDT,bear,half,2026-05-11 00:00:00,0.9002519437596519,0.4215317096957708,0.8805387357817864,True,0.8348744270273302,True,0.044997697288219785,6
D,BTCUSDT,bear,none,2026-05-11 00:00:00,0.9002519437596519,0.4215317096957708,0.8805387357817864,True,0.8348744270273302,True,0.044997697288219785,6
D,BTCUSDT,bear,half,2026-05-22 12:00:00,0.3618834380430427,0.12403087822483667,0.5214611872146139,True,0.4675402177730965,True,0.04516441652185583,15
D,BTCUSDT,bear,none,2026-05-22 12:00:00,0.3618834380430427,0.12403087822483667,0.5214611872146139,True,0.4675402177730965,True,0.04516441652185583,15
D,BTCUSDT,bear,strict,2026-05-26 00:00:00,0.9265415954129348,0.6099486973141529,1.9266025895623207,False,-1.060869806974343,False,0.023740066391709665,6
D,BTCUSDT,bear,half,2026-05-26 00:00:00,0.9265415954129348,0.6099486973141529,1.9266025895623207,False,-1.060869806974343,False,0.023740066391709665,6
D,BTCUSDT,bear,none,2026-05-26 00:00:00,0.9265415954129348,0.6099486973141529,1.9266025895623207,False,-1.060869806974343,False,0.023740066391709665,6
D,BTCUSDT,bear,strict,2026-06-14 16:00:00,0.372972972972973,0.3096440342781808,4.889455605287829,False,-1.06638628083689,False,0.00023731048121282432,46
D,BTCUSDT,bear,half,2026-06-07 16:00:00,0.25460777851021765,0.1465919578114702,1.3571341388990632,False,-1.0374123031856464,False,0.02989452867501648,4
D,BTCUSDT,bear,none,2026-06-07 16:00:00,0.25460777851021765,0.1465919578114702,1.3571341388990632,False,-1.0374123031856464,False,0.02989452867501648,4
D,BTCUSDT,bear,none,2026-06-21 08:00:00,0.46501303923715553,0.3817809010013347,4.586940923224132,False,-1.1534319540779723,True,0.009754543825771912,8
D,BTCUSDT,bear,strict,2026-07-27 12:00:00,0.6311960958841031,0.26122586783708207,0.7060726729716256,True,0.6525492782478824,True,0.023541327767716447,9
D,BTCUSDT,bear,half,2026-07-27 12:00:00,0.6311960958841031,0.26122586783708207,0.7060726729716256,True,0.6525492782478824,True,0.023541327767716447,9
D,BTCUSDT,bear,none,2026-07-27 12:00:00,0.6311960958841031,0.26122586783708207,0.7060726729716256,True,0.6525492782478824,True,0.023541327767716447,9
D,BTCUSDT,bear,none,2026-07-31 04:00:00,0.8918495297805653,0.40785005224660376,0.8426663068411795,True,0.799548576440424,True,0.13551462904911174,7
D,BTCUSDT,bear,strict,2026-08-03 00:00:00,0.4901818181818173,0.19316996047430646,0.6503779410199002,False,-1.0669005642499731,False,0.028806324110671477,0
D,BTCUSDT,bear,half,2026-08-03 00:00:00,0.4901818181818173,0.19316996047430646,0.6503779410199002,False,-1.0669005642499731,False,0.028806324110671477,0
D,BTCUSDT,bear,none,2026-08-03 00:00:00,0.4901818181818173,0.19316996047430646,0.6503779410199002,False,-1.0669005642499731,False,0.028806324110671477,0
D,BTCUSDT,bear,strict,2026-08-16 20:00:00,0.2954143738535944,0.13066533266633415,0.7931174089068885,False,-1.1272793522267206,False,0.006169751542437886,5
D,BTCUSDT,bear,half,2026-08-16 20:00:00,0.2954143738535944,0.13066533266633415,0.7931174089068885,False,-1.1272793522267206,False,0.006169751542437886,5
D,BTCUSDT,bear,none,2026-08-16 20:00:00,0.2954143738535944,0.13066533266633415,0.7931174089068885,False,-1.1272793522267206,False,0.006169751542437886,5
D,SOLUSDT,bull,strict,2020-09-21 16:00:00,0.8873601789709175,0.46722595078299767,1.1120873269435558,True,1.1045441959531406,True,0.06588366890380307,4
D,SOLUSDT,bull,half,2020-09-21 00:00:00,0.6300894854586128,0.2891498881431769,0.8480971128608937,False,-1.0098175853018372,False,0.07986577181208067,0
D,SOLUSDT,bull,none,2020-09-21 00:00:00,0.6300894854586128,0.2891498881431769,0.8480971128608937,False,-1.0098175853018372,False,0.07986577181208067,0
D,SOLUSDT,bull,strict,2020-09-27 12:00:00,0.3605023393252894,0.1684314208323073,0.8769230769230764,False,-1.0200833333333332,False,0.07030288106377701,3
D,SOLUSDT,bull,half,2020-09-27 12:00:00,0.3605023393252894,0.1684314208323073,0.8769230769230764,False,-1.0200833333333332,False,0.07030288106377701,3
D,SOLUSDT,bull,none,2020-09-27 12:00:00,0.3605023393252894,0.1684314208323073,0.8769230769230764,False,-1.0200833333333332,False,0.07030288106377701,3
D,SOLUSDT,bull,strict,2020-10-11 08:00:00,0.4716461438755666,0.28353856124432897,1.5073212747631355,True,1.4861851851851855,True,0.027867790019442455,2
D,SOLUSDT,bull,half,2020-10-11 08:00:00,0.4716461438755666,0.28353856124432897,1.5073212747631355,True,1.4861851851851855,True,0.027867790019442455,2
D,SOLUSDT,bull,none,2020-10-11 08:00:00,0.4716461438755666,0.28353856124432897,1.5073212747631355,True,1.4861851851851855,True,0.027867790019442455,2
D,SOLUSDT,bull,strict,2020-11-13 00:00:00,0.5492130799967382,0.4410829323982712,4.079185520361989,True,4.064411010558067,True,0.025768572127538,24
D,SOLUSDT,bull,half,2020-11-13 00:00:00,0.5492130799967382,0.4410829323982712,4.079185520361989,True,4.064411010558067,True,0.025768572127538,24
D,SOLUSDT,bull,none,2020-11-13 00:00:00,0.5492130799967382,0.4410829323982712,4.079185520361989,True,4.064411010558067,True,0.025768572127538,24
D,SOLUSDT,bull,none,2020-11-20 08:00:00,0.7529672098169381,0.37940052303359517,1.0156165858912243,True,1.0038589122240191,True,0.06839670086501673,14
D,SOLUSDT,bull,none,2020-11-24 00:00:00,0.937822842930936,0.23799502582743462,0.34007654455986885,False,-1.006550027337343,False,0.15898220776736255,6
D,SOLUSDT,bull,strict,2020-12-19 00:00:00,0.4803947026746301,0.17943391326928054,0.5962036238136313,False,-1.0150785159620361,False,0.019735133731498444,0
D,SOLUSDT,bull,half,2020-12-19 00:00:00,0.4803947026746301,0.17943391326928054,0.5962036238136313,False,-1.0150785159620361,False,0.019735133731498444,0
D,SOLUSDT,bull,none,2020-12-19 00:00:00,0.4803947026746301,0.17943391326928054,0.5962036238136313,False,-1.0150785159620361,False,0.019735133731498444,0
D,SOLUSDT,bull,half,2021-01-01 00:00:00,0.66814066119183,0.2861655085281114,0.7491730981256898,True,0.740389195148843,True,0.025689618867129893,6
D,SOLUSDT,bull,none,2021-01-01 00:00:00,0.66814066119183,0.2861655085281114,0.7491730981256898,True,0.740389195148843,True,0.025689618867129893,6
D,SOLUSDT,bull,strict,2021-01-07 00:00:00,0.7600073448402497,0.35705104663973564,0.8860788334472549,True,0.8812661198450676,True,0.04030481087036362,0
D,SOLUSDT,bull,half,2021-01-07 00:00:00,0.7600073448402497,0.35705104663973564,0.8860788334472549,True,0.8812661198450676,True,0.04030481087036362,0
D,SOLUSDT,bull,none,2021-01-07 00:00:00,0.7600073448402497,0.35705104663973564,0.8860788334472549,True,0.8812661198450676,True,0.04030481087036362,0
D,SOLUSDT,bull,half,2021-01-16 00:00:00,0.7042477474066783,0.34557431665026117,0.9634789951446061,True,0.9562009710787417,True,0.09366245173014305,12
D,SOLUSDT,bull,none,2021-01-15 08:00:00,0.5526614674036494,0.3972893162716739,2.557017543859647,False,-1.0164683235867447,False,0.04149314757325641,8
D,SOLUSDT,bull,none,2021-01-28 12:00:00,0.8826614716019782,0.3175483290873674,0.5619199151418733,True,0.5515900291699826,True,0.09276187621759266,3
D,SOLUSDT,bull,strict,2021-02-07 08:00:00,0.4770883364704354,0.16709937041604467,0.5390494137353435,True,0.5320717127303184,True,0.1549944830271954,2
D,SOLUSDT,bull,half,2021-02-07 08:00:00,0.4770883364704354,0.16709937041604467,0.5390494137353435,True,0.5320717127303184,True,0.1549944830271954,2
D,SOLUSDT,bull,none,2021-02-07 08:00:00,0.4770883364704354,0.16709937041604467,0.5390494137353435,True,0.5320717127303184,True,0.1549944830271954,2
D,SOLUSDT,bull,strict,2021-02-17 16:00:00,0.9098079172798971,0.5757198384844708,1.72325765277307,True,1.7137555630859584,True,0.025623608438054214,22
D,SOLUSDT,bull,half,2021-02-17 16:00:00,0.9098079172798971,0.5757198384844708,1.72325765277307,True,1.7137555630859584,True,0.025623608438054214,22
D,SOLUSDT,bull,none,2021-02-17 16:00:00,0.9098079172798971,0.5757198384844708,1.72325765277307,True,1.7137555630859584,True,0.025623608438054214,22
D,SOLUSDT,bull,strict,2021-02-21 08:00:00,0.4677141927385989,0.2540560643391753,1.189077458659704,False,-1.0116798302872063,False,0.005369345916043241,2
D,SOLUSDT,bull,half,2021-02-21 08:00:00,0.4677141927385989,0.2540560643391753,1.189077458659704,False,-1.0116798302872063,False,0.005369345916043241,2
D,SOLUSDT,bull,none,2021-02-21 08:00:00,0.4677141927385989,0.2540560643391753,1.189077458659704,False,-1.0116798302872063,False,0.005369345916043241,2
D,SOLUSDT,bull,strict,2021-02-28 16:00:00,0.726380196571822,0.5272705765963397,2.6481421473320386,False,,True,0.06019743209239297,16
D,SOLUSDT,bull,half,2021-02-28 16:00:00,0.726380196571822,0.5272705765963397,2.6481421473320386,False,,True,0.06019743209239297,16
D,SOLUSDT,bull,none,2021-02-28 16:00:00,0.726380196571822,0.5272705765963397,2.6481421473320386,False,,True,0.06019743209239297,16
D,SOLUSDT,bull,strict,2021-03-07 08:00:00,0.8861317759953475,0.4603436159643297,1.0811564509703477,True,1.0733871151328882,True,0.049724961833910786,26
D,SOLUSDT,bull,half,2021-03-07 08:00:00,0.8861317759953475,0.4603436159643297,1.0811564509703477,True,1.0733871151328882,True,0.049724961833910786,26
D,SOLUSDT,bull,none,2021-03-06 16:00:00,0.8861317759953475,0.6380885453267746,2.5724892536146937,True,2.559869089488082,True,0.0409043545690259,22
D,SOLUSDT,bull,strict,2021-04-06 16:00:00,0.5593645008826379,0.19221570525596507,0.5235362543621561,True,0.5141411787514543,True,0.060816582199191775,4
D,SOLUSDT,bull,half,2021-04-06 16:00:00,0.5593645008826379,0.19221570525596507,0.5235362543621561,True,0.5141411787514543,True,0.060816582199191775,4
D,SOLUSDT,bull,none,2021-04-06 16:00:00,0.5593645008826379,0.19221570525596507,0.5235362543621561,True,0.5141411787514543,True,0.060816582199191775,4
D,SOLUSDT,bull,strict,2021-04-11 12:00:00,0.47806540789350094,0.20191365728625685,0.7311692098357467,True,0.7177577995917969,True,0.0002683951313121693,3
D,SOLUSDT,bull,half,2021-04-11 12:00:00,0.47806540789350094,0.20191365728625685,0.7311692098357467,True,0.7177577995917969,True,0.0002683951313121693,3
D,SOLUSDT,bull,none,2021-04-11 12:00:00,0.47806540789350094,0.20191365728625685,0.7311692098357467,True,0.7177577995917969,True,0.0002683951313121693,3
D,SOLUSDT,bull,half,2021-04-28 12:00:00,0.4626217964464097,0.15905183001719497,0.5239379635873237,True,0.5151063481360184,False,0.03164075750663794,9
D,SOLUSDT,bull,none,2021-04-28 12:00:00,0.4626217964464097,0.15905183001719497,0.5239379635873237,True,0.5151063481360184,False,0.03164075750663794,9
D,SOLUSDT,bull,strict,2021-05-04 08:00:00,0.7598851034279583,0.31564992319185187,0.7105468842519118,False,-1.0111684232964637,False,0.0809221186422846,2
D,SOLUSDT,bull,half,2021-05-04 08:00:00,0.7598851034279583,0.31564992319185187,0.7105468842519118,False,-1.0111684232964637,False,0.0809221186422846,2
D,SOLUSDT,bull,none,2021-05-04 08:00:00,0.7598851034279583,0.31564992319185187,0.7105468842519118,False,-1.0111684232964637,False,0.0809221186422846,2
D,SOLUSDT,bull,strict,2021-05-30 04:00:00,0.6426251169960909,0.42735230964047793,1.9851662404092072,True,1.9776143222506395,True,0.011506909651489271,13
D,SOLUSDT,bull,half,2021-05-30 04:00:00,0.6426251169960909,0.42735230964047793,1.9851662404092072,True,1.9776143222506395,True,0.011506909651489271,13
D,SOLUSDT,bull,none,2021-05-30 04:00:00,0.6426251169960909,0.42735230964047793,1.9851662404092072,True,1.9776143222506395,True,0.011506909651489271,13
D,SOLUSDT,bull,strict,2021-06-20 16:00:00,0.6972812920592193,0.49345895020188413,2.4210248283148426,False,-1.0092517168515585,False,0.02126514131897729,70
D,SOLUSDT,bull,half,2021-06-20 16:00:00,0.6972812920592193,0.49345895020188413,2.4210248283148426,False,-1.0092517168515585,False,0.02126514131897729,70
D,SOLUSDT,bull,none,2021-06-20 16:00:00,0.6972812920592193,0.49345895020188413,2.4210248283148426,False,-1.0092517168515585,False,0.02126514131897729,70
D,SOLUSDT,bull,none,2021-06-13 16:00:00,0.9398165838746654,0.5681123423767673,1.5283988691853008,False,-1.0097843741968646,False,0.05626671761559022,16
D,SOLUSDT,bull,half,2021-06-17 00:00:00,0.563492063492064,0.193915343915344,0.5246957766642802,False,-1.014414459556192,False,0.04378306878306824,0
D,SOLUSDT,bull,none,2021-06-17 00:00:00,0.563492063492064,0.193915343915344,0.5246957766642802,False,-1.014414459556192,False,0.04378306878306824,0
D,SOLUSDT,bull,strict,2021-06-27 20:00:00,0.49294135898231456,0.08819422897921193,0.21789957838252214,True,0.21179513223457272,True,0.0003878374185543404,5
D,SOLUSDT,bull,half,2021-06-27 20:00:00,0.49294135898231456,0.08819422897921193,0.21789957838252214,True,0.21179513223457272,True,0.0003878374185543404,5
D,SOLUSDT,bull,none,2021-06-27 20:00:00,0.49294135898231456,0.08819422897921193,0.21789957838252214,True,0.21179513223457272,True,0.0003878374185543404,5
D,SOLUSDT,bull,none,2021-07-02 20:00:00,0.4967431927389217,0.21676454885210908,0.7742181540808548,True,0.7612623951182309,True,0.058836091831286165,5
D,SOLUSDT,bull,none,2021-07-07 04:00:00,0.759638267491671,0.13398381722988947,0.21414986686952994,True,0.20084176492962885,True,0.10590195145168979,7
D,SOLUSDT,bull,half,2021-07-29 12:00:00,0.9249836921069801,0.33702978908458375,0.573224852071006,True,0.562287352071006,True,0.21526418786692725,9
D,SOLUSDT,bull,none,2021-07-29 12:00:00,0.9249836921069801,0.33702978908458375,0.573224852071006,True,0.562287352071006,True,0.21526418786692725,9
D,SOLUSDT,bull,none,2021-08-03 12:00:00,0.4814432989690724,0.21340206185567015,0.7961538461538459,True,0.7827192307692306,True,0.04360824742267987,9
D,SOLUSDT,bull,strict,2021-08-09 08:00:00,0.5147684453628294,0.15522061504801268,0.43171061528059557,True,0.4184313725490202,True,0.03962562294882708,2
D,SOLUSDT,bull,half,2021-08-09 08:00:00,0.5147684453628294,0.15522061504801268,0.43171061528059557,True,0.4184313725490202,True,0.03962562294882708,2
D,SOLUSDT,bull,none,2021-08-09 08:00:00,0.5147684453628294,0.15522061504801268,0.43171061528059557,True,0.4184313725490202,True,0.03962562294882708,2
D,SOLUSDT,bull,strict,2021-08-23 00:00:00,0.2550483187869994,0.15504129910850062,1.5503041647168903,False,-1.0176588675713618,False,0.00390762103095682,0
D,SOLUSDT,bull,half,2021-08-23 00:00:00,0.2550483187869994,0.15504129910850062,1.5503041647168903,False,-1.0176588675713618,False,0.00390762103095682,0
D,SOLUSDT,bull,none,2021-08-23 00:00:00,0.2550483187869994,0.15504129910850062,1.5503041647168903,False,-1.0176588675713618,False,0.00390762103095682,0
D,SOLUSDT,bull,strict,2021-09-06 04:00:00,0.19011478318079808,0.059776542876276116,0.45862628447809595,True,0.4454575446187125,True,0.005486565550947673,1
D,SOLUSDT,bull,half,2021-09-06 04:00:00,0.19011478318079808,0.059776542876276116,0.45862628447809595,True,0.4454575446187125,True,0.005486565550947673,1
D,SOLUSDT,bull,none,2021-09-06 04:00:00,0.19011478318079808,0.059776542876276116,0.45862628447809595,True,0.4454575446187125,True,0.005486565550947673,1
D,SOLUSDT,bull,strict,2021-09-17 20:00:00,0.9536983447158236,0.7959717559902766,5.046528695141638,False,-1.010834140613533,True,0.005614075703206548,41
D,SOLUSDT,bull,half,2021-09-17 20:00:00,0.9536983447158236,0.7959717559902766,5.046528695141638,False,-1.010834140613533,True,0.005614075703206548,41
D,SOLUSDT,bull,none,2021-09-17 20:00:00,0.9536983447158236,0.7959717559902766,5.046528695141638,False,-1.010834140613533,True,0.005614075703206548,41
D,SOLUSDT,bull,strict,2021-09-26 08:00:00,0.7548947725729801,0.46908350305498964,1.6412351543942985,True,1.6283964845605692,True,0.0357909029192128,8
D,SOLUSDT,bull,half,2021-09-26 08:00:00,0.7548947725729801,0.46908350305498964,1.6412351543942985,True,1.6283964845605692,True,0.0357909029192128,8
D,SOLUSDT,bull,none,2021-09-26 08:00:00,0.7548947725729801,0.46908350305498964,1.6412351543942985,True,1.6283964845605692,True,0.0357909029192128,8
D,SOLUSDT,bull,half,2021-09-29 00:00:00,0.8582670710713993,0.4201573899499962,0.9590232949761448,True,0.9460427542333251,True,0.02602672350192602,0
D,SOLUSDT,bull,none,2021-09-29 00:00:00,0.8582670710713993,0.4201573899499962,0.9590232949761448,True,0.9460427542333251,True,0.02602672350192602,0
D,SOLUSDT,bull,strict,2021-10-06 12:00:00,0.5585702843412097,0.34449339207048474,1.6092040033673187,False,-1.0150403142830418,False,0.030096115338405807,9
D,SOLUSDT,bull,half,2021-10-06 12:00:00,0.5585702843412097,0.34449339207048474,1.6092040033673187,False,-1.0150403142830418,False,0.030096115338405807,9
D,SOLUSDT,bull,none,2021-10-06 12:00:00,0.5585702843412097,0.34449339207048474,1.6092040033673187,False,-1.0150403142830418,False,0.030096115338405807,9
D,SOLUSDT,bull,none,2021-11-06 04:00:00,0.30607225211375855,0.0711145272867026,0.30266945825700126,True,0.2865811305940858,False,0.023566487317447912,1
D,SOLUSDT,bull,strict,2021-11-10 12:00:00,0.8336728457934416,0.5014259523324516,1.5091968117719223,False,-1.0250659104843654,False,0.0395532016024995,15
D,SOLUSDT,bull,half,2021-11-10 12:00:00,0.8336728457934416,0.5014259523324516,1.5091968117719223,False,-1.0250659104843654,False,0.0395532016024995,15
D,SOLUSDT,bull,none,2021-11-10 12:00:00,0.8336728457934416,0.5014259523324516,1.5091968117719223,False,-1.0250659104843654,False,0.0395532016024995,15
D,SOLUSDT,bull,strict,2021-11-25 12:00:00,0.7158884974852883,0.42517969497668556,1.4625621629193821,False,-1.0150324297821671,False,0.0041538555517089725,15
D,SOLUSDT,bull,half,2021-11-25 12:00:00,0.7158884974852883,0.42517969497668556,1.4625621629193821,False,-1.0150324297821671,False,0.0041538555517089725,15
D,SOLUSDT,bull,none,2021-11-25 12:00:00,0.7158884974852883,0.42517969497668556,1.4625621629193821,False,-1.0150324297821671,False,0.0041538555517089725,15
D,SOLUSDT,bull,strict,2022-01-18 20:00:00,0.830742049469964,0.5851590106007065,2.3827338129496445,False,-1.0203151079136692,False,0.02332155477031789,23
D,SOLUSDT,bull,half,2022-01-18 20:00:00,0.830742049469964,0.5851590106007065,2.3827338129496445,False,-1.0203151079136692,False,0.02332155477031789,23
D,SOLUSDT,bull,none,2022-01-18 20:00:00,0.830742049469964,0.5851590106007065,2.3827338129496445,False,-1.0203151079136692,False,0.02332155477031789,23
D,SOLUSDT,bull,strict,2022-01-28 00:00:00,0.7936842105263161,0.5103157894736844,1.8008915304606237,True,1.7871723625557203,True,0.00042105263157916277,0
D,SOLUSDT,bull,half,2022-01-28 00:00:00,0.7936842105263161,0.5103157894736844,1.8008915304606237,True,1.7871723625557203,True,0.00042105263157916277,0
D,SOLUSDT,bull,none,2022-01-28 00:00:00,0.7936842105263161,0.5103157894736844,1.8008915304606237,True,1.7871723625557203,True,0.00042105263157916277,0
D,SOLUSDT,bull,none,2022-01-31 12:00:00,0.7326807228915654,0.2635542168674699,0.5617977528089897,True,0.5464879614767264,True,0.04743975903614423,3
D,SOLUSDT,bull,strict,2022-02-04 04:00:00,0.8058053965658217,0.3569092395748163,0.7950819672131159,True,0.7855300546448098,True,0.01839738348323806,7
D,SOLUSDT,bull,half,2022-02-04 04:00:00,0.8058053965658217,0.3569092395748163,0.7950819672131159,True,0.7855300546448098,True,0.01839738348323806,7
D,SOLUSDT,bull,none,2022-02-04 04:00:00,0.8058053965658217,0.3569092395748163,0.7950819672131159,True,0.7855300546448098,True,0.01839738348323806,7
D,SOLUSDT,bull,strict,2022-03-07 12:00:00,0.8139833226427198,0.6869788325849903,5.4090909090908985,False,-1.0214671717171717,False,0.0224502886465684,21
D,SOLUSDT,bull,half,2022-03-07 12:00:00,0.8139833226427198,0.6869788325849903,5.4090909090908985,False,-1.0214671717171717,False,0.0224502886465684,21
D,SOLUSDT,bull,none,2022-03-07 12:00:00,0.8139833226427198,0.6869788325849903,5.4090909090908985,False,-1.0214671717171717,False,0.0224502886465684,21
D,SOLUSDT,bull,strict,2022-04-25 16:00:00,0.8629785675032059,0.7440923246015754,6.258859784283505,False,-1.0154992295839753,False,0.011723758930207008,124
D,SOLUSDT,bull,half,2022-04-05 00:00:00,0.2843011540575199,0.14416559809488924,1.0287581699346404,False,-1.0174300653594772,False,0.02894302985894823,0
D,SOLUSDT,bull,none,2022-04-05 00:00:00,0.2843011540575199,0.14416559809488924,1.0287581699346404,False,-1.0174300653594772,False,0.02894302985894823,0
D,SOLUSDT,bull,none,2022-04-28 08:00:00,0.9493670886075942,0.27721518987341726,0.41242937853107287,False,-1.0187966101694914,False,0.24177215189873538,2
D,SOLUSDT,bull,strict,2022-05-17 00:00:00,0.3375394321766563,0.16088328075709782,0.9107142857142854,False,-1.0142142857142857,False,0.003154574132492127,0
D,SOLUSDT,bull,half,2022-05-17 00:00:00,0.3375394321766563,0.16088328075709782,0.9107142857142854,False,-1.0142142857142857,False,0.003154574132492127,0
D,SOLUSDT,bull,none,2022-05-17 00:00:00,0.3375394321766563,0.16088328075709782,0.9107142857142854,False,-1.0142142857142857,False,0.003154574132492127,0
D,SOLUSDT,bull,none,2022-06-09 08:00:00,0.8490364025695928,0.40792291220556753,0.9247572815533992,False,-1.009995145631068,False,0.14882226980728053,8
D,SOLUSDT,bull,strict,2022-06-18 20:00:00,0.8775119617224879,0.4095693779904304,0.8752556237218808,True,0.8687157464212674,True,0.011483253588516842,5
D,SOLUSDT,bull,half,2022-06-18 20:00:00,0.8775119617224879,0.4095693779904304,0.8752556237218808,True,0.8687157464212674,True,0.011483253588516842,5
D,SOLUSDT,bull,none,2022-06-18 20:00:00,0.8775119617224879,0.4095693779904304,0.8752556237218808,True,0.8687157464212674,True,0.011483253588516842,5
D,SOLUSDT,bull,none,2022-06-23 04:00:00,0.4629934210526318,0.27302631578947373,1.4372294372294359,True,1.4216753246753233,True,0.023848684210526244,1
D,SOLUSDT,bull,strict,2022-07-10 16:00:00,0.38832772166105495,0.2704826038159375,2.295238095238105,False,-1.0355142857142858,False,0.003367003367003493,4
D,SOLUSDT,bull,half,2022-07-10 16:00:00,0.38832772166105495,0.2704826038159375,2.295238095238105,False,-1.0355142857142858,False,0.003367003367003493,4
D,SOLUSDT,bull,none,2022-07-10 16:00:00,0.38832772166105495,0.2704826038159375,2.295238095238105,False,-1.0355142857142858,False,0.003367003367003493,4
D,SOLUSDT,bull,strict,2022-07-21 16:00:00,0.7037037037037036,0.32520325203252043,0.8591885441527455,False,-1.010453460620525,False,0.05781391147244811,4
D,SOLUSDT,bull,half,2022-07-21 16:00:00,0.7037037037037036,0.32520325203252043,0.8591885441527455,False,-1.010453460620525,False,0.05781391147244811,4
D,SOLUSDT,bull,none,2022-07-21 16:00:00,0.7037037037037036,0.32520325203252043,0.8591885441527455,False,-1.010453460620525,False,0.05781391147244811,4
D,SOLUSDT,bull,strict,2022-08-02 12:00:00,0.5724999999999998,0.43249999999999983,3.0892857142857135,False,-1.024672619047619,False,0.009999999999999787,9
D,SOLUSDT,bull,half,2022-08-02 12:00:00,0.5724999999999998,0.43249999999999983,3.0892857142857135,False,-1.024672619047619,False,0.009999999999999787,9
D,SOLUSDT,bull,none,2022-08-02 12:00:00,0.5724999999999998,0.43249999999999983,3.0892857142857135,False,-1.024672619047619,False,0.009999999999999787,9
D,SOLUSDT,bull,strict,2022-09-26 12:00:00,0.6166666666666668,0.3520833333333328,1.3307086614173178,True,1.3046535433070816,True,0.01874999999999923,3
D,SOLUSDT,bull,half,2022-09-26 12:00:00,0.6166666666666668,0.3520833333333328,1.3307086614173178,True,1.3046535433070816,True,0.01874999999999923,3
D,SOLUSDT,bull,none,2022-09-26 12:00:00,0.6166666666666668,0.3520833333333328,1.3307086614173178,True,1.3046535433070816,True,0.01874999999999923,3
D,SOLUSDT,bull,strict,2022-10-04 04:00:00,0.980392156862745,0.41456582633053174,0.7326732673267313,False,-1.0166881188118813,False,0.11484593837535129,13
D,SOLUSDT,bull,half,2022-10-04 04:00:00,0.980392156862745,0.41456582633053174,0.7326732673267313,False,-1.0166881188118813,False,0.11484593837535129,13
D,SOLUSDT,bull,none,2022-10-03 12:00:00,0.980392156862745,0.6638655462184873,2.0973451327433623,False,-1.0290442477876107,True,0.03641456582632929,9
D,SOLUSDT,bull,half,2022-10-17 12:00:00,0.5309917355371901,0.21694214876033074,0.6907894736842112,False,-1.0203355263157894,False,0.10537190082644587,9
D,SOLUSDT,bull,none,2022-10-17 12:00:00,0.5309917355371901,0.21694214876033074,0.6907894736842112,False,-1.0203355263157894,False,0.10537190082644587,9
D,SOLUSDT,bull,strict,2022-11-03 00:00:00,0.9676674364896073,0.6374133949191687,1.9300699300699315,True,1.9079510489510505,True,0.023094688221709327,6
D,SOLUSDT,bull,half,2022-11-03 00:00:00,0.9676674364896073,0.6374133949191687,1.9300699300699315,True,1.9079510489510505,True,0.023094688221709327,6
D,SOLUSDT,bull,none,2022-11-03 00:00:00,0.9676674364896073,0.6374133949191687,1.9300699300699315,True,1.9079510489510505,True,0.023094688221709327,6
D,SOLUSDT,bull,strict,2022-12-20 04:00:00,0.8154073344819099,0.6468126999753876,3.836496350364961,False,-1.0180087591240876,False,0.0022151119862171644,133
D,SOLUSDT,bull,half,2022-12-06 20:00:00,0.5466404134875708,0.16810238739847397,0.4440832249674901,False,-1.0092854356306893,False,0.00959881860694061,53
D,SOLUSDT,bull,none,2022-12-06 20:00:00,0.5466404134875708,0.16810238739847397,0.4440832249674901,False,-1.0092854356306893,False,0.00959881860694061,53
D,SOLUSDT,bull,none,2022-12-05 00:00:00,0.7064868336544644,0.2581888246628137,0.5759312320916917,True,0.5560200573065914,False,0.06615285806037234,18
D,SOLUSDT,bull,none,2022-12-11 16:00:00,0.6819973718791057,0.3955321944809458,1.3807339449541294,False,-1.0629266055045872,False,0.05256241787122322,4
D,SOLUSDT,bull,strict,2023-01-06 16:00:00,0.24225439825626643,0.13186984275260777,1.1946403385049364,True,1.1758067700987305,True,0.014012143858010256,4
D,SOLUSDT,bull,half,2023-01-06 16:00:00,0.24225439825626643,0.13186984275260777,1.1946403385049364,True,1.1758067700987305,True,0.014012143858010256,4
D,SOLUSDT,bull,none,2023-01-06 16:00:00,0.24225439825626643,0.13186984275260777,1.1946403385049364,True,1.1758067700987305,True,0.014012143858010256,4
D,SOLUSDT,bull,strict,2023-01-26 00:00:00,0.7177356123569076,0.29543672573310326,0.6995915336056441,True,0.6903813590790938,False,0.009408812921436208,18
D,SOLUSDT,bull,half,2023-01-26 00:00:00,0.7177356123569076,0.29543672573310326,0.6995915336056441,True,0.6903813590790938,False,0.009408812921436208,18
D,SOLUSDT,bull,none,2023-01-26 00:00:00,0.7177356123569076,0.29543672573310326,0.6995915336056441,True,0.6903813590790938,False,0.009408812921436208,18
D,SOLUSDT,bull,none,2023-02-14 04:00:00,0.9790867898222382,0.5214360404322059,1.1393754760091364,True,1.1233564356435615,True,0.05054025792959205,1
D,SOLUSDT,bull,strict,2023-02-28 12:00:00,0.6990566037735843,0.4674528301886789,2.0183299389002043,False,-1.0458839103869655,False,0.04575471698113267,3
D,SOLUSDT,bull,half,2023-02-28 12:00:00,0.6990566037735843,0.4674528301886789,2.0183299389002043,False,-1.0458839103869655,False,0.04575471698113267,3
D,SOLUSDT,bull,none,2023-02-28 12:00:00,0.6990566037735843,0.4674528301886789,2.0183299389002043,False,-1.0458839103869655,False,0.04575471698113267,3
D,SOLUSDT,bull,none,2023-03-17 08:00:00,0.5713589868485146,0.24208475401850943,0.735207100591715,True,0.7250192307692298,True,0.12063646695892165,8
D,SOLUSDT,bull,strict,2023-03-29 04:00:00,0.8741709304529086,0.5131703619480762,1.4215223097112843,True,1.4103926509186335,True,0.0018950161076365375,43
D,SOLUSDT,bull,half,2023-03-29 04:00:00,0.8741709304529086,0.5131703619480762,1.4215223097112843,True,1.4103926509186335,True,0.0018950161076365375,43
D,SOLUSDT,bull,none,2023-03-29 04:00:00,0.8741709304529086,0.5131703619480762,1.4215223097112843,True,1.4103926509186335,True,0.0018950161076365375,43
D,SOLUSDT,bull,none,2023-04-04 08:00:00,0.7292724196277495,0.29357021996616006,0.6737864077669944,False,-1.0203563106796116,False,0.1252115059221655,20
D,SOLUSDT,bull,half,2023-04-25 20:00:00,0.8570284982388733,0.6633045148895296,3.4239669421487586,False,-1.0181190082644629,False,0.016970861351265076,41
D,SOLUSDT,bull,none,2023-04-25 20:00:00,0.8570284982388733,0.6633045148895296,3.4239669421487586,False,-1.0181190082644629,False,0.016970861351265076,41
D,SOLUSDT,bull,strict,2023-05-02 12:00:00,0.6724184416284713,0.4912375303316256,2.71130952380952,False,-1.0330029761904762,False,0.042059854408195964,3
D,SOLUSDT,bull,half,2023-05-02 12:00:00,0.6724184416284713,0.4912375303316256,2.71130952380952,False,-1.0330029761904762,False,0.042059854408195964,3
D,SOLUSDT,bull,none,2023-05-02 12:00:00,0.6724184416284713,0.4912375303316256,2.71130952380952,False,-1.0330029761904762,False,0.042059854408195964,3
D,SOLUSDT,bull,strict,2023-05-30 00:00:00,0.34700790365073414,0.12231840421528146,0.5443886097152497,True,0.5094438860971592,True,0.006774557771923479,0
D,SOLUSDT,bull,half,2023-05-30 00:00:00,0.34700790365073414,0.12231840421528146,0.5443886097152497,True,0.5094438860971592,True,0.006774557771923479,0
D,SOLUSDT,bull,none,2023-05-30 00:00:00,0.34700790365073414,0.12231840421528146,0.5443886097152497,True,0.5094438860971592,True,0.006774557771923479,0
D,SOLUSDT,bull,half,2023-06-02 04:00:00,0.9786666666666659,0.3573333333333342,0.5751072961373421,True,0.5450815450643807,True,0.12533333333333177,7
D,SOLUSDT,bull,none,2023-06-02 04:00:00,0.9786666666666659,0.3573333333333342,0.5751072961373421,True,0.5450815450643807,True,0.12533333333333177,7
D,SOLUSDT,bull,half,2023-06-27 04:00:00,0.4908415184496946,0.26652508627555044,1.1881656804733693,False,-1.0198023668639054,False,0.10698168303690005,19
D,SOLUSDT,bull,none,2023-06-27 04:00:00,0.4908415184496946,0.26652508627555044,1.1881656804733693,False,-1.0198023668639054,False,0.10698168303690005,19
D,SOLUSDT,bull,none,2023-07-02 04:00:00,0.4683461117196061,0.18159912376779863,0.6333078686019862,True,0.6186333078686019,True,0.07798466593647353,1
D,SOLUSDT,bull,strict,2023-07-10 16:00:00,0.47116052814454457,0.2084781097984708,0.7936507936507922,True,0.7746313932980585,True,0.020152883947185486,4
D,SOLUSDT,bull,half,2023-07-10 16:00:00,0.47116052814454457,0.2084781097984708,0.7936507936507922,True,0.7746313932980585,True,0.020152883947185486,4
D,SOLUSDT,bull,none,2023-07-10 16:00:00,0.47116052814454457,0.2084781097984708,0.7936507936507922,True,0.7746313932980585,True,0.020152883947185486,4
D,SOLUSDT,bull,strict,2023-08-06 00:00:00,0.932869991823385,0.879067865903516,16.338905775076046,False,-1.0346930091185411,True,0.001635322976287782,126
D,SOLUSDT,bull,half,2023-07-26 12:00:00,0.8895339329517581,0.7102207686017988,3.9607843137254877,False,-1.0113511171910625,False,0.030907604251839745,63
D,SOLUSDT,bull,none,2023-07-19 08:00:00,0.7218315617334423,0.5810302534750614,4.126596980255523,False,-1.0153734030197445,False,0.024775143090760492,20
D,SOLUSDT,bull,strict,2023-08-27 08:00:00,0.6866738120757404,0.5105394783851371,2.8985801217038594,False,-1.0417241379310347,False,0.029653447659879234,8
D,SOLUSDT,bull,half,2023-08-27 08:00:00,0.6866738120757404,0.5105394783851371,2.8985801217038594,False,-1.0417241379310347,False,0.029653447659879234,8
D,SOLUSDT,bull,none,2023-08-27 08:00:00,0.6866738120757404,0.5105394783851371,2.8985801217038594,False,-1.0417241379310347,False,0.029653447659879234,8
D,SOLUSDT,bull,strict,2023-09-18 00:00:00,0.42988505747126526,0.1379310344827589,0.4724409448818897,True,0.4422125984251969,True,0.028965517241378764,6
D,SOLUSDT,bull,half,2023-09-18 00:00:00,0.42988505747126526,0.1379310344827589,0.4724409448818897,True,0.4422125984251969,True,0.028965517241378764,6
D,SOLUSDT,bull,none,2023-09-18 00:00:00,0.42988505747126526,0.1379310344827589,0.4724409448818897,True,0.4422125984251969,True,0.028965517241378764,6
D,SOLUSDT,bull,none,2023-09-24 04:00:00,0.7131353799698038,0.4710619023653745,1.9459459459459392,False,-1.0407713097713096,False,0.04328132863613588,13
D,SOLUSDT,bull,half,2023-10-13 20:00:00,0.6558717697088648,0.49084069349034987,2.974231912784932,True,2.9525976214073304,True,0.017500817795224555,59
D,SOLUSDT,bull,none,2023-10-13 20:00:00,0.6558717697088648,0.49084069349034987,2.974231912784932,True,2.9525976214073304,True,0.017500817795224555,59
D,SOLUSDT,bull,half,2023-11-03 12:00:00,0.5708135201130958,0.4487212440560338,3.675263157894738,True,3.6543068421052642,True,0.0256393779719831,3
D,SOLUSDT,bull,none,2023-11-03 12:00:00,0.5708135201130958,0.4487212440560338,3.675263157894738,True,3.6543068421052642,True,0.0256393779719831,3
D,SOLUSDT,bull,half,2023-12-02 20:00:00,0.9980221058755087,0.271785922047702,0.37423902595322006,True,0.36913777635373274,True,0.021291448516579388,89
D,SOLUSDT,bull,none,2023-12-02 20:00:00,0.9980221058755087,0.271785922047702,0.37423902595322006,True,0.36913777635373274,True,0.021291448516579388,89
D,SOLUSDT,bull,strict,2023-11-28 08:00:00,0.7448379282500869,0.42750028838389714,1.3471464921846623,True,1.3267310069065816,True,0.03252970354135386,8
D,SOLUSDT,bull,half,2023-11-28 08:00:00,0.7448379282500869,0.42750028838389714,1.3471464921846623,True,1.3267310069065816,True,0.03252970354135386,8
D,SOLUSDT,bull,none,2023-11-28 08:00:00,0.7448379282500869,0.42750028838389714,1.3471464921846623,True,1.3267310069065816,True,0.03252970354135386,8
D,SOLUSDT,bull,none,2023-12-14 20:00:00,0.7615869484612534,0.11271783463107153,0.17371428571428563,True,0.16753053061224482,True,0.03299962921764873,23
D,SOLUSDT,bull,strict,2023-12-18 12:00:00,0.7998004863146082,0.5560820500031172,2.281657712970065,True,2.263555896648755,True,0.020761892886090053,9
D,SOLUSDT,bull,half,2023-12-18 12:00:00,0.7998004863146082,0.5560820500031172,2.281657712970065,True,2.263555896648755,True,0.020761892886090053,9
D,SOLUSDT,bull,none,2023-12-18 12:00:00,0.7998004863146082,0.5560820500031172,2.281657712970065,True,2.263555896648755,True,0.020761892886090053,9
D,SOLUSDT,bull,strict,2024-01-02 00:00:00,0.4929186013613595,0.2566278895601378,1.0860684603465272,False,-1.007854486547401,False,0.0077221362357914125,36
D,SOLUSDT,bull,half,2024-01-02 00:00:00,0.4929186013613595,0.2566278895601378,1.0860684603465272,False,-1.007854486547401,False,0.0077221362357914125,36
D,SOLUSDT,bull,none,2024-01-02 00:00:00,0.4929186013613595,0.2566278895601378,1.0860684603465272,False,-1.007854486547401,False,0.0077221362357914125,36
D,SOLUSDT,bull,half,2024-01-14 04:00:00,0.9694323144104803,0.4232751091703055,0.7750059966418801,False,-1.0078601583113456,False,0.03510917030567694,19
D,SOLUSDT,bull,none,2024-01-14 04:00:00,0.9694323144104803,0.4232751091703055,0.7750059966418801,False,-1.0078601583113456,False,0.03510917030567694,19
D,SOLUSDT,bull,strict,2024-02-01 12:00:00,0.48656499636891803,0.3827523602033404,3.686953480237833,True,3.6533896467296136,True,0.0028322440087147037,3
D,SOLUSDT,bull,half,2024-02-01 12:00:00,0.48656499636891803,0.3827523602033404,3.686953480237833,True,3.6533896467296136,True,0.0028322440087147037,3
D,SOLUSDT,bull,none,2024-02-01 12:00:00,0.48656499636891803,0.3827523602033404,3.686953480237833,True,3.6533896467296136,True,0.0028322440087147037,3
D,SOLUSDT,bull,strict,2024-02-05 04:00:00,0.8942256940779046,0.5316161722791077,1.4660844250363854,False,-1.0283950509461426,False,0.02111263591259399,7
D,SOLUSDT,bull,half,2024-02-05 04:00:00,0.8942256940779046,0.5316161722791077,1.4660844250363854,False,-1.0283950509461426,False,0.02111263591259399,7
D,SOLUSDT,bull,none,2024-02-05 04:00:00,0.8942256940779046,0.5316161722791077,1.4660844250363854,False,-1.0283950509461426,False,0.02111263591259399,7
D,SOLUSDT,bull,strict,2024-02-12 12:00:00,0.420752694239124,0.11312983129267029,0.3677549523110778,True,0.3477927366104175,True,0.04604186650115683,3
D,SOLUSDT,bull,half,2024-02-12 12:00:00,0.420752694239124,0.11312983129267029,0.3677549523110778,True,0.3477927366104175,True,0.04604186650115683,3
D,SOLUSDT,bull,none,2024-02-12 12:00:00,0.420752694239124,0.11312983129267029,0.3677549523110778,True,0.3477927366104175,True,0.04604186650115683,3
D,SOLUSDT,bull,strict,2024-03-11 04:00:00,0.33794725005111415,0.09533837661010039,0.39297151525366736,True,0.3804789314006419,True,0.015375178900020638,7
D,SOLUSDT,bull,half,2024-03-11 04:00:00,0.33794725005111415,0.09533837661010039,0.39297151525366736,True,0.3804789314006419,True,0.015375178900020638,7
D,SOLUSDT,bull,none,2024-03-11 04:00:00,0.33794725005111415,0.09533837661010039,0.39297151525366736,True,0.3804789314006419,True,0.015375178900020638,7
D,SOLUSDT,bull,strict,2024-03-20 16:00:00,0.6477975531369002,0.3738488130283307,1.364667028146103,False,-1.0090077389461232,True,0.040092365030923297,4
D,SOLUSDT,bull,half,2024-03-20 16:00:00,0.6477975531369002,0.3738488130283307,1.364667028146103,False,-1.0090077389461232,True,0.040092365030923297,4
D,SOLUSDT,bull,none,2024-03-20 16:00:00,0.6477975531369002,0.3738488130283307,1.364667028146103,False,-1.0090077389461232,True,0.040092365030923297,4
D,SOLUSDT,bull,none,2024-03-24 20:00:00,0.8432795698924735,0.35585424133811205,0.7300692444389959,True,0.718792879465652,True,0.10498805256869735,11
D,SOLUSDT,bull,strict,2024-03-29 20:00:00,0.5674728596949292,0.15830699464064873,0.3869017632241818,True,0.3707640638119232,True,0.01202418579084768,11
D,SOLUSDT,bull,half,2024-03-29 20:00:00,0.5674728596949292,0.15830699464064873,0.3869017632241818,True,0.3707640638119232,True,0.01202418579084768,11
D,SOLUSDT,bull,none,2024-03-29 20:00:00,0.5674728596949292,0.15830699464064873,0.3869017632241818,True,0.3707640638119232,True,0.01202418579084768,11
D,SOLUSDT,bull,half,2024-04-18 20:00:00,0.6875796990563633,0.32670237184391754,0.9053003533568911,True,0.8961800835207202,True,0.022953328232593936,11
D,SOLUSDT,bull,none,2024-04-18 20:00:00,0.6875796990563633,0.32670237184391754,0.9053003533568911,True,0.8961800835207202,True,0.022953328232593936,11
D,SOLUSDT,bull,strict,2024-05-09 16:00:00,0.47159715605072194,0.2057465366854796,0.7739178384339668,False,-1.013856538921055,False,0.0030052041339878933,4
D,SOLUSDT,bull,half,2024-05-09 16:00:00,0.47159715605072194,0.2057465366854796,0.7739178384339668,False,-1.013856538921055,False,0.0030052041339878933,4
D,SOLUSDT,bull,none,2024-05-09 16:00:00,0.47159715605072194,0.2057465366854796,0.7739178384339668,False,-1.013856538921055,False,0.0030052041339878933,4
D,SOLUSDT,bull,half,2024-06-04 20:00:00,0.9728136008577125,0.16633481390718322,0.20624821954230327,True,0.18992612287532007,False,0.056517077653545716,29
D,SOLUSDT,bull,none,2024-06-04 20:00:00,0.9728136008577125,0.16633481390718322,0.20624821954230327,True,0.18992612287532007,False,0.056517077653545716,29
D,SOLUSDT,bull,strict,2024-06-30 16:00:00,0.4740368509212733,0.21805695142378517,0.8518518518518479,True,0.8329091741918557,True,0.025226130653266815,10
D,SOLUSDT,bull,half,2024-06-30 16:00:00,0.4740368509212733,0.21805695142378517,0.8518518518518479,True,0.8329091741918557,True,0.025226130653266815,10
D,SOLUSDT,bull,none,2024-06-30 16:00:00,0.4740368509212733,0.21805695142378517,0.8518518518518479,True,0.8329091741918557,True,0.025226130653266815,10
D,SOLUSDT,bull,strict,2024-07-08 08:00:00,0.6889198149891533,0.1614342433793127,0.30604485140063503,True,0.2951380460929606,True,0.15533543448896844,2
D,SOLUSDT,bull,half,2024-07-08 08:00:00,0.6889198149891533,0.1614342433793127,0.30604485140063503,True,0.2951380460929606,True,0.15533543448896844,2
D,SOLUSDT,bull,none,2024-07-08 08:00:00,0.6889198149891533,0.1614342433793127,0.30604485140063503,True,0.2951380460929606,True,0.15533543448896844,2
D,SOLUSDT,bull,strict,2024-07-12 12:00:00,0.6693002868120567,0.40029222360517297,1.488030577348619,True,1.4601184872259074,True,0.0041668921478434,3
D,SOLUSDT,bull,half,2024-07-12 12:00:00,0.6693002868120567,0.40029222360517297,1.488030577348619,True,1.4601184872259074,True,0.0041668921478434,3
D,SOLUSDT,bull,none,2024-07-12 12:00:00,0.6693002868120567,0.40029222360517297,1.488030577348619,True,1.4601184872259074,True,0.0041668921478434,3
D,SOLUSDT,bull,none,2024-07-19 00:00:00,0.30545721728675485,0.06459154365105861,0.26816417082639943,True,0.24573100388241723,True,0.040578451673235025,0
D,SOLUSDT,bull,strict,2024-07-26 00:00:00,0.38835855646100104,0.18686457120682967,0.9273952816562357,True,0.9104777082330292,True,0.04778812572759011,18
D,SOLUSDT,bull,half,2024-07-26 00:00:00,0.38835855646100104,0.18686457120682967,0.9273952816562357,True,0.9104777082330292,True,0.04778812572759011,18
D,SOLUSDT,bull,none,2024-07-26 00:00:00,0.38835855646100104,0.18686457120682967,0.9273952816562357,True,0.9104777082330292,True,0.04778812572759011,18
D,SOLUSDT,bull,strict,2024-08-17 20:00:00,0.5070944087992665,0.401136571952337,3.7858131487889226,False,-1.024538062283737,True,0.0055912007332723545,47
D,SOLUSDT,bull,half,2024-08-12 08:00:00,0.41565536205316195,0.24872593950504102,1.4900065890621559,False,-1.0164884691412255,False,0.04001833180568274,14
D,SOLUSDT,bull,none,2024-08-12 08:00:00,0.41565536205316195,0.24872593950504102,1.4900065890621559,False,-1.0164884691412255,False,0.04001833180568274,14
D,SOLUSDT,bull,half,2024-09-12 00:00:00,0.5638711151736747,0.13973948811700168,0.3294719827586201,True,0.3112153825431029,False,0.048331809872029445,0
D,SOLUSDT,bull,none,2024-09-12 00:00:00,0.5638711151736747,0.13973948811700168,0.3294719827586201,True,0.3112153825431029,False,0.048331809872029445,0
D,SOLUSDT,bull,strict,2024-09-17 12:00:00,0.9379428083653433,0.44583866837388064,0.9059843885516089,False,-1.0233486556808327,False,0.09227486128894481,15
D,SOLUSDT,bull,half,2024-09-17 12:00:00,0.9379428083653433,0.44583866837388064,0.9059843885516089,False,-1.0233486556808327,False,0.08886043533930828,15
D,SOLUSDT,bull,none,2024-09-17 12:00:00,0.9379428083653433,0.44583866837388064,0.9059843885516089,False,-1.0233486556808327,False,0.08886043533930828,15
D,SOLUSDT,bull,strict,2024-09-23 00:00:00,0.4528191072826936,0.18915426781519137,0.7174042174042148,True,0.6954753489753464,True,0.04541895066562352,6
D,SOLUSDT,bull,half,2024-09-23 00:00:00,0.4528191072826936,0.18915426781519137,0.7174042174042148,True,0.6954753489753464,True,0.04541895066562352,6
D,SOLUSDT,bull,none,2024-09-23 00:00:00,0.4528191072826936,0.18915426781519137,0.7174042174042148,True,0.6954753489753464,True,0.04541895066562352,6
D,SOLUSDT,bull,strict,2024-09-26 04:00:00,0.5760712382981971,0.17581246670218437,0.4392470051340551,True,0.4103890473474037,True,0.0030443717177861336,1
D,SOLUSDT,bull,half,2024-09-26 04:00:00,0.5760712382981971,0.17581246670218437,0.4392470051340551,True,0.4103890473474037,True,0.0030443717177861336,1
D,SOLUSDT,bull,none,2024-09-26 04:00:00,0.5760712382981971,0.17581246670218437,0.4392470051340551,True,0.4103890473474037,True,0.0030443717177861336,1
D,SOLUSDT,bull,strict,2024-10-18 04:00:00,0.792409283241441,0.392999102449032,0.9839486356340298,True,0.9592536115569832,True,0.016027695858443405,7
D,SOLUSDT,bull,half,2024-10-18 04:00:00,0.792409283241441,0.392999102449032,0.9839486356340298,True,0.9592536115569832,True,0.016027695858443405,7
D,SOLUSDT,bull,none,2024-10-18 04:00:00,0.792409283241441,0.392999102449032,0.9839486356340298,True,0.9592536115569832,True,0.016027695858443405,7
D,SOLUSDT,bull,strict,2024-10-26 16:00:00,0.6369949494949496,0.248106060606061,0.6379870129870144,True,0.62407142857143,False,0.07386363636363645,4
D,SOLUSDT,bull,half,2024-10-26 16:00:00,0.6369949494949496,0.248106060606061,0.6379870129870144,True,0.62407142857143,False,0.07386363636363645,4
D,SOLUSDT,bull,none,2024-10-26 16:00:00,0.6369949494949496,0.248106060606061,0.6379870129870144,True,0.62407142857143,False,0.07386363636363645,4
D,SOLUSDT,bull,none,2024-11-10 00:00:00,0.20497017892644134,0.07753479125248519,0.6084243369734802,True,0.5770000000000013,True,0.005367793240556297,0
D,SOLUSDT,bull,half,2024-11-21 04:00:00,0.5293311403508774,0.19791666666666669,0.5971877584780808,True,0.5772175351530188,True,0.05921052631579018,7
D,SOLUSDT,bull,none,2024-11-21 04:00:00,0.5293311403508774,0.19791666666666669,0.5971877584780808,True,0.5772175351530188,True,0.05921052631579018,7
D,SOLUSDT,bull,none,2024-12-24 08:00:00,0.9566192969334322,0.34031413612565414,0.5521844660194175,True,0.5404830097087379,True,0.17726252804786757,8
D,SOLUSDT,bull,half,2024-12-28 16:00:00,0.7520661157024799,0.3175914994096821,0.7309782608695677,True,0.7134329710144953,True,0.12317985045257757,10
D,SOLUSDT,bull,none,2024-12-28 16:00:00,0.7520661157024799,0.3175914994096821,0.7309782608695677,True,0.7134329710144953,True,0.12317985045257757,10
D,SOLUSDT,bull,none,2025-01-06 08:00:00,0.2641983056165669,0.11044869783495481,0.7183673469387809,True,0.6742510204081684,True,0.040476937558833394,8
D,SOLUSDT,bull,strict,2025-01-27 12:00:00,0.58519039799828,0.4854171553678943,4.865203761755479,False,-1.0183009404388714,False,0.03815779185237309,39
D,SOLUSDT,bull,half,2025-01-27 12:00:00,0.58519039799828,0.4854171553678943,4.865203761755479,False,-1.0183009404388714,False,0.03815779185237309,39
D,SOLUSDT,bull,none,2025-01-22 16:00:00,0.5186488388458832,0.23762608491672563,0.845575959933224,False,-1.007379243183083,False,0.087575259989053,10
D,SOLUSDT,bull,half,2025-02-06 04:00:00,0.533505154639175,0.38573883161512007,2.6104651162790686,False,-1.0293502906976744,False,0.016967353951890484,1
D,SOLUSDT,bull,none,2025-02-06 04:00:00,0.533505154639175,0.38573883161512007,2.6104651162790686,False,-1.0293502906976744,False,0.016967353951890484,1
D,SOLUSDT,bull,none,2025-02-14 16:00:00,0.9475620975160987,0.3408463661453539,0.561789234268385,False,-1.015275966641395,False,0.05105795768169334,16
D,SOLUSDT,bull,half,2025-03-19 08:00:00,0.937578027465668,0.5037453183520592,1.1611510791366868,True,1.142646043165464,True,0.15605493133583012,8
D,SOLUSDT,bull,none,2025-03-19 08:00:00,0.937578027465668,0.5037453183520592,1.1611510791366868,True,1.142646043165464,True,0.15605493133583012,8
D,SOLUSDT,bull,strict,2025-03-22 00:00:00,0.7864077669902916,0.5041608876560334,1.7862407862407854,True,1.7545921375921367,True,0.0020804438280167203,0
D,SOLUSDT,bull,half,2025-03-22 00:00:00,0.7864077669902916,0.5041608876560334,1.7862407862407854,True,1.7545921375921367,True,0.0020804438280167203,0
D,SOLUSDT,bull,none,2025-03-22 00:00:00,0.7864077669902916,0.5041608876560334,1.7862407862407854,True,1.7545921375921367,True,0.0020804438280167203,0
D,SOLUSDT,bull,strict,2025-03-27 00:00:00,0.5130127922364356,0.3348037053374505,1.8787128712871333,False,-1.0346089108910892,False,0.017203352448170037,0
D,SOLUSDT,bull,half,2025-03-27 00:00:00,0.5130127922364356,0.3348037053374505,1.8787128712871333,False,-1.0346089108910892,False,0.017203352448170037,0
D,SOLUSDT,bull,none,2025-03-27 00:00:00,0.5130127922364356,0.3348037053374505,1.8787128712871333,False,-1.0346089108910892,False,0.017203352448170037,0
D,SOLUSDT,bull,none,2025-04-11 00:00:00,0.4894117647058825,0.20980392156862723,0.7503506311360431,True,0.7341739130434765,True,0.058431372549019964,0
D,SOLUSDT,bull,strict,2025-04-16 16:00:00,0.3637406769936892,0.10585197934595518,0.4104560622914343,True,0.395728587319243,True,0.014916810097533283,4
D,SOLUSDT,bull,half,2025-04-16 16:00:00,0.3637406769936892,0.10585197934595518,0.4104560622914343,True,0.395728587319243,True,0.014916810097533283,4
D,SOLUSDT,bull,none,2025-04-16 16:00:00,0.3637406769936892,0.10585197934595518,0.4104560622914343,True,0.395728587319243,True,0.014916810097533283,4
D,SOLUSDT,bull,half,2025-04-27 12:00:00,0.972906403940888,0.6806239737274233,2.328651685393263,False,-1.0418398876404493,False,0.03776683087027978,3
D,SOLUSDT,bull,none,2025-04-27 12:00:00,0.972906403940888,0.6806239737274233,2.328651685393263,False,-1.0418398876404493,False,0.03776683087027978,3
D,SOLUSDT,bull,strict,2025-05-04 12:00:00,0.6830520909757891,0.5245781364636837,3.310185185185193,False,-1.0679305555555556,False,0.004402054292003103,9
D,SOLUSDT,bull,half,2025-05-04 12:00:00,0.6830520909757891,0.5245781364636837,3.310185185185193,False,-1.0679305555555556,False,0.004402054292003103,9
D,SOLUSDT,bull,none,2025-05-04 12:00:00,0.6830520909757891,0.5245781364636837,3.310185185185193,False,-1.0679305555555556,False,0.004402054292003103,9
D,SOLUSDT,bull,strict,2025-05-25 20:00:00,0.6558647411060228,0.4233885170834797,1.82121212121212,False,-1.0266136363636365,False,0.032758013384994976,5
D,SOLUSDT,bull,half,2025-05-25 20:00:00,0.6558647411060228,0.4233885170834797,1.82121212121212,False,-1.0266136363636365,False,0.032758013384994976,5
D,SOLUSDT,bull,none,2025-05-25 20:00:00,0.6558647411060228,0.4233885170834797,1.82121212121212,False,-1.0266136363636365,False,0.032758013384994976,5
D,SOLUSDT,bull,strict,2025-06-19 20:00:00,0.8830083565459599,0.6529247910863503,2.837772397094434,False,-1.0355835351089588,False,0.006128133704734547,11
D,SOLUSDT,bull,half,2025-06-19 20:00:00,0.8830083565459599,0.6529247910863503,2.837772397094434,False,-1.0355835351089588,False,0.006128133704734547,11
D,SOLUSDT,bull,none,2025-06-19 20:00:00,0.8830083565459599,0.6529247910863503,2.837772397094434,False,-1.0355835351089588,False,0.006128133704734547,11
D,SOLUSDT,bull,strict,2025-06-28 04:00:00,0.49593862815884493,0.06633574007220208,0.15441176470588205,True,0.13902100840336107,True,0.0013537906137184622,1
D,SOLUSDT,bull,half,2025-06-28 04:00:00,0.49593862815884493,0.06633574007220208,0.15441176470588205,True,0.13902100840336107,True,0.0013537906137184622,1
D,SOLUSDT,bull,none,2025-06-28 04:00:00,0.49593862815884493,0.06633574007220208,0.15441176470588205,True,0.13902100840336107,True,0.0013537906137184622,1
D,SOLUSDT,bull,none,2025-07-03 00:00:00,0.6665217391304353,0.2908695652173912,0.7743055555555539,True,0.756561342592591,True,0.13478260869565192,6
D,SOLUSDT,bull,none,2025-07-06 12:00:00,0.962264150943394,0.4159519725557472,0.7613814756671964,True,0.7376012558869766,True,0.1706689536878196,9
D,SOLUSDT,bull,half,2025-07-08 08:00:00,0.7199100112485957,0.3160854893138365,0.7827298050139274,True,0.7406155988857938,True,0.22497187851518594,2
D,SOLUSDT,bull,none,2025-07-08 08:00:00,0.7199100112485957,0.3160854893138365,0.7827298050139274,True,0.7406155988857938,True,0.22497187851518594,2
D,SOLUSDT,bull,strict,2025-07-13 04:00:00,0.45600346770697936,0.24317295188556634,1.142566191446032,True,1.1094562118126308,True,0.009536194191590764,1
D,SOLUSDT,bull,half,2025-07-13 04:00:00,0.45600346770697936,0.24317295188556634,1.142566191446032,True,1.1094562118126308,True,0.009536194191590764,1
D,SOLUSDT,bull,none,2025-07-13 04:00:00,0.45600346770697936,0.24317295188556634,1.142566191446032,True,1.1094562118126308,True,0.009536194191590764,1
D,SOLUSDT,bull,strict,2025-07-25 20:00:00,0.6272045408473547,0.4003648895195623,1.7649687220732801,False,-1.0166836461126005,False,0.026150415568619925,11
D,SOLUSDT,bull,half,2025-07-25 20:00:00,0.6272045408473547,0.4003648895195623,1.7649687220732801,False,-1.0166836461126005,False,0.026150415568619925,11
D,SOLUSDT,bull,none,2025-07-25 20:00:00,0.6272045408473547,0.4003648895195623,1.7649687220732801,False,-1.0166836461126005,False,0.026150415568619925,11
D,SOLUSDT,bull,strict,2025-08-19 08:00:00,0.8936343852013058,0.7489118607181722,5.174812030075195,False,-1.0343176691729323,False,0.0399891186071817,20
D,SOLUSDT,bull,half,2025-08-19 08:00:00,0.8936343852013058,0.7489118607181722,5.174812030075195,False,-1.0343176691729323,False,0.0399891186071817,20
D,SOLUSDT,bull,none,2025-08-17 12:00:00,0.730957562568009,0.4004352557127313,1.2115226337448552,False,-1.016080658436214,False,0.1838955386289443,9
D,SOLUSDT,bull,strict,2025-08-31 00:00:00,0.6250380749314649,0.3798355162960708,1.5490683229813695,False,-1.0255254658385093,False,0.05147730734084674,0
D,SOLUSDT,bull,half,2025-08-31 00:00:00,0.6250380749314649,0.3798355162960708,1.5490683229813695,False,-1.0255254658385093,False,0.05147730734084674,0
D,SOLUSDT,bull,none,2025-08-31 00:00:00,0.6250380749314649,0.3798355162960708,1.5490683229813695,False,-1.0255254658385093,False,0.05147730734084674,0
D,SOLUSDT,bull,strict,2025-09-05 04:00:00,0.6431974589730008,0.2742191635786121,0.7431850789096096,False,-1.0298091822094693,False,0.0735839068290094,1
D,SOLUSDT,bull,half,2025-09-05 04:00:00,0.6431974589730008,0.2742191635786121,0.7431850789096096,False,-1.0298091822094693,False,0.0735839068290094,1
D,SOLUSDT,bull,none,2025-09-05 04:00:00,0.6431974589730008,0.2742191635786121,0.7431850789096096,False,-1.0298091822094693,False,0.0735839068290094,1
D,SOLUSDT,bull,none,2025-09-17 20:00:00,0.38734629115430375,0.09520031733439131,0.3258655804480662,True,0.3092498302783445,False,0.01983339944466481,11
D,SOLUSDT,bull,none,2025-09-21 00:00:00,0.7890924584576059,0.5027694929697492,1.755952380952383,False,-1.0359657738095238,False,0.0579463144439704,6
D,SOLUSDT,bull,strict,2025-10-01 04:00:00,0.624480095068331,0.2745098039215687,0.7843803056027153,True,0.7487164685908309,True,0.04337492572786626,1
D,SOLUSDT,bull,half,2025-10-01 04:00:00,0.624480095068331,0.2745098039215687,0.7843803056027153,True,0.7487164685908309,True,0.04337492572786626,1
D,SOLUSDT,bull,none,2025-10-01 04:00:00,0.624480095068331,0.2745098039215687,0.7843803056027153,True,0.7487164685908309,True,0.04337492572786626,1
D,SOLUSDT,bull,strict,2025-10-05 00:00:00,0.3937633751146436,0.18587587893610463,0.8941176470588197,True,0.8601764705882315,True,0.005808621216753215,0
D,SOLUSDT,bull,half,2025-10-05 00:00:00,0.3937633751146436,0.18587587893610463,0.8941176470588197,True,0.8601764705882315,True,0.005808621216753215,0
D,SOLUSDT,bull,none,2025-10-05 00:00:00,0.3937633751146436,0.18587587893610463,0.8941176470588197,True,0.8601764705882315,True,0.005808621216753215,0
D,SOLUSDT,bull,strict,2025-10-23 00:00:00,0.8796960742929508,0.6302237230899117,2.5262267343485645,True,2.4953028764805443,True,0.018573237653018056,0
D,SOLUSDT,bull,half,2025-10-23 00:00:00,0.8796960742929508,0.6302237230899117,2.5262267343485645,True,2.4953028764805443,True,0.018573237653018056,0
D,SOLUSDT,bull,none,2025-10-23 00:00:00,0.8796960742929508,0.6302237230899117,2.5262267343485645,True,2.4953028764805443,True,0.018573237653018056,0
D,SOLUSDT,bull,half,2025-10-29 08:00:00,0.5370826010544812,0.23374340949033398,0.7705677867902676,False,-1.023018539976825,False,0.0439367311072056,2
D,SOLUSDT,bull,none,2025-10-29 08:00:00,0.5370826010544812,0.23374340949033398,0.7705677867902676,False,-1.023018539976825,False,0.0439367311072056,2
D,SOLUSDT,bull,half,2025-12-02 12:00:00,0.9142736486486486,0.2918074324324324,0.46879240162822244,True,0.45944436906377195,False,0.24451013513513487,27
D,SOLUSDT,bull,none,2025-12-02 12:00:00,0.9142736486486486,0.2918074324324324,0.46879240162822244,True,0.45944436906377195,False,0.24451013513513487,27
D,SOLUSDT,bull,half,2025-12-07 16:00:00,0.8110831234256928,0.4706129303106635,1.3822441430332932,False,-1.0167274969173858,True,0.043240973971452594,10
D,SOLUSDT,bull,none,2025-12-07 16:00:00,0.8110831234256928,0.4706129303106635,1.3822441430332932,False,-1.0167274969173858,True,0.043240973971452594,10
D,SOLUSDT,bull,strict,2025-12-15 04:00:00,0.9896253602305471,0.7273775216138327,2.773626373626376,False,-1.0290725274725274,False,0.010951008645533005,25
D,SOLUSDT,bull,half,2025-12-15 04:00:00,0.9896253602305471,0.7273775216138327,2.773626373626376,False,-1.0290725274725274,False,0.010951008645533005,25
D,SOLUSDT,bull,none,2025-12-15 04:00:00,0.9896253602305471,0.7273775216138327,2.773626373626376,False,-1.0290725274725274,False,0.010951008645533005,25
D,SOLUSDT,bull,none,2026-01-02 00:00:00,0.72875226039783,0.24412296564195318,0.5037313432835827,True,0.47994216417910507,True,0.16455696202531708,12
D,SOLUSDT,bull,strict,2026-02-19 16:00:00,0.7931740614334478,0.6341296928327643,3.9871244635192884,False,-1.0351502145922744,True,0.002047781569964979,16
D,SOLUSDT,bull,half,2026-02-19 16:00:00,0.7931740614334478,0.6341296928327643,3.9871244635192884,False,-1.0351502145922744,True,0.002047781569964979,16
D,SOLUSDT,bull,none,2026-02-19 16:00:00,0.7931740614334478,0.6341296928327643,3.9871244635192884,False,-1.0351502145922744,True,0.002047781569964979,16
D,SOLUSDT,bull,strict,2026-02-28 20:00:00,0.9098062953995153,0.47215496368038695,1.078838174273858,True,1.067179806362378,True,0.03813559322033869,11
D,SOLUSDT,bull,half,2026-02-28 20:00:00,0.9098062953995153,0.47215496368038695,1.078838174273858,True,1.067179806362378,True,0.03813559322033869,11
D,SOLUSDT,bull,none,2026-02-28 20:00:00,0.9098062953995153,0.47215496368038695,1.078838174273858,True,1.067179806362378,True,0.03813559322033869,11
D,SOLUSDT,bull,strict,2026-03-09 12:00:00,0.8174370977179635,0.534815681685196,1.8923395445134583,True,1.8747391304347834,True,0.002340550029256409,21
D,SOLUSDT,bull,half,2026-03-09 12:00:00,0.8174370977179635,0.534815681685196,1.8923395445134583,True,1.8747391304347834,True,0.002340550029256409,21
D,SOLUSDT,bull,none,2026-03-09 12:00:00,0.8174370977179635,0.534815681685196,1.8923395445134583,True,1.8747391304347834,True,0.002340550029256409,21
D,SOLUSDT,bull,strict,2026-04-20 12:00:00,0.9790382244143031,0.6029593094944514,1.6032786885245918,False,-1.028137704918033,True,0.0221948212083838,9
D,SOLUSDT,bull,half,2026-04-20 12:00:00,0.9790382244143031,0.6029593094944514,1.6032786885245918,False,-1.028137704918033,True,0.0221948212083838,9
D,SOLUSDT,bull,none,2026-04-20 12:00:00,0.9790382244143031,0.6029593094944514,1.6032786885245918,False,-1.028137704918033,True,0.0221948212083838,9
D,SOLUSDT,bull,none,2026-04-26 16:00:00,0.7469325153374229,0.375766871165644,1.0123966942148765,False,-1.0358842975206612,False,0.0874233128834344,16
D,SOLUSDT,bull,strict,2026-06-11 08:00:00,0.7220172201722018,0.2841328413284137,0.6488764044943836,True,0.6303792134831476,True,0.02583025830258402,8
D,SOLUSDT,bull,half,2026-06-11 08:00:00,0.7220172201722018,0.2841328413284137,0.6488764044943836,True,0.6303792134831476,True,0.02583025830258402,8
D,SOLUSDT,bull,none,2026-06-11 08:00:00,0.7220172201722018,0.2841328413284137,0.6488764044943836,True,0.6303792134831476,True,0.02583025830258402,8
D,SOLUSDT,bull,half,2026-06-20 04:00:00,0.5954974582425564,0.32752360203340625,1.2222222222222243,False,-1.019390243902439,False,0.08424110384894672,19
D,SOLUSDT,bull,none,2026-06-20 04:00:00,0.5954974582425564,0.32752360203340625,1.2222222222222243,False,-1.019390243902439,False,0.08424110384894672,19
D,SOLUSDT,bull,strict,2026-07-01 00:00:00,0.6773722627737233,0.15328467153284642,0.2924791086350964,True,0.27146518105849476,True,0.09197080291970744,0
D,SOLUSDT,bull,half,2026-07-01 00:00:00,0.6773722627737233,0.15328467153284642,0.2924791086350964,True,0.27146518105849476,True,0.09197080291970744,0
D,SOLUSDT,bull,none,2026-07-01 00:00:00,0.6773722627737233,0.15328467153284642,0.2924791086350964,True,0.27146518105849476,True,0.09197080291970744,0
D,SOLUSDT,bull,strict,2026-07-08 20:00:00,0.5391061452513968,0.4308659217877088,3.980645161290285,False,-1.050187096774193,True,0.00907821229050248,17
D,SOLUSDT,bull,half,2026-07-08 20:00:00,0.5391061452513968,0.4308659217877088,3.980645161290285,False,-1.050187096774193,True,0.00907821229050248,17
D,SOLUSDT,bull,none,2026-07-08 20:00:00,0.5391061452513968,0.4308659217877088,3.980645161290285,False,-1.050187096774193,True,0.00907821229050248,17
D,SOLUSDT,bull,none,2026-07-26 00:00:00,0.9927927927927916,0.6972972972972967,2.3597560975609775,False,-1.045731707317073,True,0.1261261261261264,18
D,SOLUSDT,bull,half,2026-08-12 08:00:00,0.5921288014311286,0.19499105545617018,0.49099099099098326,False,-1.03459009009009,False,0.04472271914132388,8
D,SOLUSDT,bull,none,2026-08-12 08:00:00,0.5921288014311286,0.19499105545617018,0.49099099099098326,False,-1.03459009009009,False,0.04472271914132388,8
D,SOLUSDT,bull,strict,2026-09-17 12:00:00,0.9429657794676802,0.5937896070975912,1.7005444646097971,True,1.6821724137931002,True,0.008238276299113412,117
D,SOLUSDT,bull,half,2026-09-17 12:00:00,0.9429657794676802,0.5937896070975912,1.7005444646097971,True,1.6821724137931002,True,0.008238276299113412,117
D,SOLUSDT,bull,none,2026-09-03 12:00:00,0.8403041825095051,0.3460076045627372,0.6999999999999994,False,-1.0134794871794872,False,0.039923954372623284,33
D,SOLUSDT,bull,strict,2026-09-11 20:00:00,0.9980039920159685,0.49500998003991975,0.9841269841269816,False,-1.0203174603174603,False,0.006986027944111099,23
D,SOLUSDT,bull,half,2026-09-11 20:00:00,0.9980039920159685,0.49500998003991975,0.9841269841269816,False,-1.0203174603174603,False,0.006986027944111099,23
D,SOLUSDT,bull,none,2026-09-11 20:00:00,0.9980039920159685,0.49500998003991975,0.9841269841269816,False,-1.0203174603174603,False,0.006986027944111099,23
D,SOLUSDT,bull,none,2026-09-24 16:00:00,0.6007905138339921,0.21897233201581012,0.573498964803312,True,0.5492298136645956,True,0.09486166007905167,10
D,SOLUSDT,bull,strict,2026-10-02 00:00:00,0.6936507936507935,0.29920634920634903,0.7585513078470819,False,,False,0.05476190476190461,18
D,SOLUSDT,bull,half,2026-09-29 04:00:00,0.6936507936507935,0.4373015873015868,1.7058823529411715,False,,True,0.04365079365079345,1
D,SOLUSDT,bull,none,2026-09-29 04:00:00,0.6936507936507935,0.4373015873015868,1.7058823529411715,False,,True,0.04365079365079345,1
D,SOLUSDT,bull,none,2026-10-04 12:00:00,0.9411764705882351,0.3137254901960777,0.4999999999999984,False,,False,0.1302521008403351,3
D,SOLUSDT,bear,half,2020-10-06 04:00:00,0.44324512534818944,0.18976323119777164,0.7486263736263737,True,0.7312403846153848,True,0.10323816155988923,13
D,SOLUSDT,bear,none,2020-10-06 04:00:00,0.44324512534818944,0.18976323119777164,0.7486263736263737,True,0.7312403846153848,True,0.10323816155988923,13
D,SOLUSDT,bear,none,2020-10-10 20:00:00,0.9277017886667666,0.5941680444912071,1.7814330779630492,False,-1.010847228481298,False,0.1851796182173458,5
D,SOLUSDT,bear,strict,2020-10-19 00:00:00,0.26689746125947866,0.018628420705571826,0.07503320053120768,True,0.06099402390438164,True,0.020276953511375213,6
D,SOLUSDT,bear,half,2020-10-19 00:00:00,0.26689746125947866,0.018628420705571826,0.07503320053120768,True,0.06099402390438164,True,0.020276953511375213,6
D,SOLUSDT,bear,none,2020-10-19 00:00:00,0.26689746125947866,0.018628420705571826,0.07503320053120768,True,0.06099402390438164,True,0.020276953511375213,6
D,SOLUSDT,bear,strict,2020-11-02 08:00:00,0.3997927192641535,0.19328928617696597,0.9360100376411544,True,0.926680677540778,True,0.01684155978753712,8
D,SOLUSDT,bear,half,2020-11-02 08:00:00,0.3997927192641535,0.19328928617696597,0.9360100376411544,True,0.926680677540778,True,0.01684155978753712,8
D,SOLUSDT,bear,none,2020-11-02 08:00:00,0.3997927192641535,0.19328928617696597,0.9360100376411544,True,0.926680677540778,True,0.01684155978753712,8
D,SOLUSDT,bear,strict,2020-11-14 04:00:00,0.5070422535211269,0.2660186470938304,1.1037037037037012,False,-1.0161366255144033,False,0.033921840904582654,1
D,SOLUSDT,bear,half,2020-11-14 04:00:00,0.5070422535211269,0.2660186470938304,1.1037037037037012,False,-1.0161366255144033,False,0.033921840904582654,1
D,SOLUSDT,bear,none,2020-11-14 04:00:00,0.5070422535211269,0.2660186470938304,1.1037037037037012,False,-1.0161366255144033,False,0.033921840904582654,1
D,SOLUSDT,bear,strict,2020-11-25 20:00:00,0.9290085679314563,0.483680130558956,1.086120018323411,True,1.0757338524965672,True,0.01876784985720088,11
D,SOLUSDT,bear,half,2020-11-25 20:00:00,0.9290085679314563,0.483680130558956,1.086120018323411,True,1.0757338524965672,True,0.01876784985720088,11
D,SOLUSDT,bear,none,2020-11-25 20:00:00,0.9290085679314563,0.483680130558956,1.086120018323411,True,1.0757338524965672,True,0.01876784985720088,11
D,SOLUSDT,bear,strict,2020-12-04 20:00:00,0.6596432264736302,0.17360392967942104,0.3571808510638299,True,0.3522704787234044,True,0.021845915201654784,41
D,SOLUSDT,bear,half,2020-12-04 20:00:00,0.6596432264736302,0.17360392967942104,0.3571808510638299,True,0.3522704787234044,True,0.021845915201654784,41
D,SOLUSDT,bear,none,2020-12-04 20:00:00,0.6596432264736302,0.17360392967942104,0.3571808510638299,True,0.3522704787234044,True,0.021845915201654784,41
D,SOLUSDT,bear,strict,2020-12-17 16:00:00,0.6897725237327601,0.43363782912412674,1.6930069930069926,True,1.6813027972027967,True,0.010388679921189373,28
D,SOLUSDT,bear,half,2020-12-17 16:00:00,0.6897725237327601,0.43363782912412674,1.6930069930069926,True,1.6813027972027967,True,0.010388679921189373,28
D,SOLUSDT,bear,none,2020-12-17 16:00:00,0.6897725237327601,0.43363782912412674,1.6930069930069926,True,1.6813027972027967,True,0.010388679921189373,28
D,SOLUSDT,bear,strict,2020-12-26 20:00:00,0.5458957887223412,0.36045681655960016,1.9438029253271725,False,-1.0101732101616627,False,0.027694503925767423,11
D,SOLUSDT,bear,half,2020-12-26 20:00:00,0.5458957887223412,0.36045681655960016,1.9438029253271725,False,-1.0101732101616627,False,0.027694503925767423,11
D,SOLUSDT,bear,none,2020-12-26 20:00:00,0.5458957887223412,0.36045681655960016,1.9438029253271725,False,-1.0101732101616627,False,0.027694503925767423,11
D,SOLUSDT,bear,none,2021-03-02 16:00:00,0.6109194806732888,0.3384506062265909,1.2421624558543867,False,-1.0074494430861178,False,0.01635849531451243,4
D,SOLUSDT,bear,strict,2021-03-10 00:00:00,0.9173594399474954,0.6451815795230805,2.370441073043304,False,-1.014321008741083,False,0.018267337562896693,12
D,SOLUSDT,bear,half,2021-03-10 00:00:00,0.9173594399474954,0.6451815795230805,2.370441073043304,False,-1.014321008741083,False,0.018267337562896693,12
D,SOLUSDT,bear,none,2021-03-10 00:00:00,0.9173594399474954,0.6451815795230805,2.370441073043304,False,-1.014321008741083,False,0.018267337562896693,12
D,SOLUSDT,bear,strict,2021-03-20 20:00:00,0.5555745895788723,0.3320199857244822,1.4851851851851812,False,-1.018121583652618,False,0.02018558172733774,11
D,SOLUSDT,bear,half,2021-03-20 20:00:00,0.5555745895788723,0.3320199857244822,1.4851851851851812,False,-1.018121583652618,False,0.02018558172733774,11
D,SOLUSDT,bear,none,2021-03-20 20:00:00,0.5555745895788723,0.3320199857244822,1.4851851851851812,False,-1.018121583652618,False,0.02018558172733774,11
D,SOLUSDT,bear,none,2021-05-10 16:00:00,0.6598536113796433,0.06921235556783112,0.11718171544366908,True,0.10898515256615066,False,0.02988767665607907,10
D,SOLUSDT,bear,strict,2021-05-15 04:00:00,0.6404418011894649,0.2887000849617674,0.8207729468599041,False,-1.009862077294686,False,0.05395072217502106,1
D,SOLUSDT,bear,half,2021-05-15 04:00:00,0.6404418011894649,0.2887000849617674,0.8207729468599041,False,-1.009862077294686,False,0.05395072217502106,1
D,SOLUSDT,bear,none,2021-05-15 04:00:00,0.6404418011894649,0.2887000849617674,0.8207729468599041,False,-1.009862077294686,False,0.05395072217502106,1
D,SOLUSDT,bear,strict,2021-05-21 12:00:00,0.8091140758506971,0.35083195922650273,0.765537092764621,True,0.7631211566138949,True,0.040803477739469476,3
D,SOLUSDT,bear,half,2021-05-21 12:00:00,0.8091140758506971,0.35083195922650273,0.765537092764621,True,0.7631211566138949,True,0.040803477739469476,3
D,SOLUSDT,bear,none,2021-05-21 12:00:00,0.8091140758506971,0.35083195922650273,0.765537092764621,True,0.7631211566138949,True,0.040803477739469476,3
D,SOLUSDT,bear,strict,2021-05-25 08:00:00,0.356675790754258,0.18126520681265207,1.0333766796705675,False,-1.0037969946539518,False,0.007755474452554768,2
D,SOLUSDT,bear,half,2021-05-25 08:00:00,0.356675790754258,0.18126520681265207,1.0333766796705675,False,-1.0037969946539518,False,0.007755474452554768,2
D,SOLUSDT,bear,none,2021-05-25 08:00:00,0.356675790754258,0.18126520681265207,1.0333766796705675,False,-1.0037969946539518,False,0.007755474452554768,2
D,SOLUSDT,bear,none,2021-06-15 20:00:00,0.7684488717218948,0.544826184183777,2.436363636363633,True,2.4183909090909057,True,0.047570644439927166,11
D,SOLUSDT,bear,strict,2021-06-25 08:00:00,0.5956935588208114,0.4374364661306719,2.764087591240876,False,-1.0086321167883212,False,0.003788928934479287,8
D,SOLUSDT,bear,half,2021-06-25 08:00:00,0.5956935588208114,0.4374364661306719,2.764087591240876,False,-1.0086321167883212,False,0.003788928934479287,8
D,SOLUSDT,bear,none,2021-06-25 08:00:00,0.5956935588208114,0.4374364661306719,2.764087591240876,False,-1.0086321167883212,False,0.003788928934479287,8
D,SOLUSDT,bear,half,2021-07-04 00:00:00,0.8705932932072235,0.5315993121238174,1.5681674064679714,False,-1.021446417247939,False,0.05395528804815082,0
D,SOLUSDT,bear,none,2021-07-04 00:00:00,0.8705932932072235,0.5315993121238174,1.5681674064679714,False,-1.021446417247939,False,0.05395528804815082,0
D,SOLUSDT,bear,strict,2021-07-23 08:00:00,0.7044178408729739,0.5794045979446977,4.634745762711867,False,-1.0233220338983051,False,0.00603877529399286,8
D,SOLUSDT,bear,half,2021-07-23 08:00:00,0.7044178408729739,0.5794045979446977,4.634745762711867,False,-1.0233220338983051,False,0.00603877529399286,8
D,SOLUSDT,bear,none,2021-07-23 08:00:00,0.7044178408729739,0.5794045979446977,4.634745762711867,False,-1.0233220338983051,False,0.00603877529399286,8
D,SOLUSDT,bear,strict,2021-09-19 08:00:00,0.4549095764049035,0.27049399198931917,1.4667631959984215,True,1.4564771620376475,True,0.0191770845976455,2
D,SOLUSDT,bear,half,2021-09-19 08:00:00,0.4549095764049035,0.27049399198931917,1.4667631959984215,True,1.4564771620376475,True,0.0191770845976455,2
D,SOLUSDT,bear,none,2021-09-19 08:00:00,0.4549095764049035,0.27049399198931917,1.4667631959984215,True,1.4564771620376475,True,0.0191770845976455,2
D,SOLUSDT,bear,strict,2021-09-24 08:00:00,0.6587185174585006,0.3452704636519747,1.1015237116932013,False,-1.0076971979683844,False,0.03248425872925019,8
D,SOLUSDT,bear,half,2021-09-24 08:00:00,0.6587185174585006,0.3452704636519747,1.1015237116932013,False,-1.0076971979683844,False,0.03248425872925019,8
D,SOLUSDT,bear,none,2021-09-24 08:00:00,0.6587185174585006,0.3452704636519747,1.1015237116932013,False,-1.0076971979683844,False,0.03248425872925019,8
D,SOLUSDT,bear,half,2021-09-28 12:00:00,0.8776574696931541,0.20835281844670672,0.3112974309362573,False,-1.007008169407718,False,0.0931328465052699,3
D,SOLUSDT,bear,none,2021-09-28 12:00:00,0.8776574696931541,0.20835281844670672,0.3112974309362573,False,-1.007008169407718,False,0.0931328465052699,3
D,SOLUSDT,bear,strict,2021-10-08 20:00:00,0.677361534325148,0.3164366373902131,0.8767381803734592,True,0.8609523241954695,True,0.030435561928660666,5
D,SOLUSDT,bear,half,2021-10-08 20:00:00,0.677361534325148,0.3164366373902131,0.8767381803734592,True,0.8609523241954695,True,0.030435561928660666,5
D,SOLUSDT,bear,none,2021-10-08 20:00:00,0.677361534325148,0.3164366373902131,0.8767381803734592,True,0.8609523241954695,True,0.030435561928660666,5
D,SOLUSDT,bear,strict,2021-10-17 16:00:00,0.958982877587529,0.6776450293892152,2.4086522084705297,False,-1.0180434881344385,False,0.05829925888065386,22
D,SOLUSDT,bear,half,2021-10-17 16:00:00,0.958982877587529,0.6776450293892152,2.4086522084705297,False,-1.0180434881344385,False,0.05829925888065386,22
D,SOLUSDT,bear,none,2021-10-17 16:00:00,0.958982877587529,0.6776450293892152,2.4086522084705297,False,-1.0180434881344385,False,0.05829925888065386,22
D,SOLUSDT,bear,none,2021-10-31 04:00:00,0.6931526264505272,0.37270794578793537,1.1630960608154812,False,-1.0131879751209398,False,0.07573744352909946,13
D,SOLUSDT,bear,none,2021-11-22 16:00:00,0.8170595770875271,0.44034804598466054,1.168926379013381,True,1.1595258578810221,True,0.1851365065632957,16
D,SOLUSDT,bear,half,2021-11-26 00:00:00,0.46114682291370385,0.1523408612549063,0.49332228055632266,True,0.47437625495072255,True,0.01493259002218573,0
D,SOLUSDT,bear,none,2021-11-26 00:00:00,0.46114682291370385,0.1523408612549063,0.49332228055632266,True,0.47437625495072255,True,0.01493259002218573,0
D,SOLUSDT,bear,strict,2021-12-15 12:00:00,0.719105789528325,0.3346368135100526,0.8703870387038682,False,-1.0141827182718273,False,0.030452988199466926,3
D,SOLUSDT,bear,half,2021-12-15 12:00:00,0.719105789528325,0.3346368135100526,0.8703870387038682,False,-1.0141827182718273,False,0.030452988199466926,3
D,SOLUSDT,bear,none,2021-12-15 12:00:00,0.719105789528325,0.3346368135100526,0.8703870387038682,False,-1.0141827182718273,False,0.030452988199466926,3
D,SOLUSDT,bear,strict,2021-12-22 16:00:00,0.9085278704144824,0.5688423058599329,1.6746143057503513,False,-1.0252945301542777,False,0.05526441162458295,4
D,SOLUSDT,bear,half,2021-12-22 16:00:00,0.9085278704144824,0.5688423058599329,1.6746143057503513,False,-1.0252945301542777,False,0.05526441162458295,4
D,SOLUSDT,bear,none,2021-12-22 16:00:00,0.9085278704144824,0.5688423058599329,1.6746143057503513,False,-1.0252945301542777,False,0.05526441162458295,4
D,SOLUSDT,bear,half,2022-01-03 00:00:00,0.32438238453276075,0.14097744360902253,0.7686676427525608,True,0.7433645680819899,True,0.05075187969924774,6
D,SOLUSDT,bear,none,2022-01-03 00:00:00,0.32438238453276075,0.14097744360902253,0.7686676427525608,True,0.7433645680819899,True,0.05075187969924774,6
D,SOLUSDT,bear,strict,2022-01-13 00:00:00,0.4750996015936258,0.3828685258964142,4.151187904967581,False,-1.0321101511879047,False,0.050796812749004196,6
D,SOLUSDT,bear,half,2022-01-13 00:00:00,0.4750996015936258,0.3828685258964142,4.151187904967581,False,-1.0321101511879047,False,0.050796812749004196,6
D,SOLUSDT,bear,none,2022-01-13 00:00:00,0.4750996015936258,0.3828685258964142,4.151187904967581,False,-1.0321101511879047,False,0.050796812749004196,6
D,SOLUSDT,bear,none,2022-01-17 00:00:00,0.6325757575757581,0.06250000000000056,0.10963455149501761,True,0.09380952380952481,True,0.013888888888888814,6
D,SOLUSDT,bear,strict,2022-01-27 00:00:00,0.37650602409638556,0.09559289790741918,0.34029345372460507,False,-1.0048944695259594,False,0.022828154724159763,6
D,SOLUSDT,bear,half,2022-01-27 00:00:00,0.37650602409638556,0.09559289790741918,0.34029345372460507,False,-1.0048944695259594,False,0.022828154724159763,6
D,SOLUSDT,bear,none,2022-01-27 00:00:00,0.37650602409638556,0.09559289790741918,0.34029345372460507,False,-1.0048944695259594,False,0.022828154724159763,6
D,SOLUSDT,bear,none,2022-01-30 16:00:00,0.7045092838196284,0.33633952254641913,0.9135446685878971,False,-1.0132478386167147,False,0.07320954907161777,10
D,SOLUSDT,bear,none,2022-02-17 16:00:00,0.4867792290538388,0.13921631092704698,0.40054995417048633,True,0.39185517873510595,True,0.10003185727938836,10
D,SOLUSDT,bear,half,2022-03-10 04:00:00,0.3807201800450113,0.10690172543135812,0.3904109589041109,True,0.3790931506849328,False,0.1410352588147038,7
D,SOLUSDT,bear,none,2022-03-10 04:00:00,0.3807201800450113,0.10690172543135812,0.3904109589041109,True,0.3790931506849328,False,0.1410352588147038,7
D,SOLUSDT,bear,none,2022-05-05 12:00:00,0.6665027053615346,0.15937038858829292,0.31425800193986364,True,0.3060223084384087,True,0.02164289227742242,21
D,SOLUSDT,bear,strict,2022-05-16 04:00:00,0.3817962835512732,0.2869924294562973,3.0272232304900193,True,3.0174627949183312,True,0.0030970406056434916,13
D,SOLUSDT,bear,half,2022-05-16 04:00:00,0.3817962835512732,0.2869924294562973,3.0272232304900193,True,3.0174627949183312,True,0.0030970406056434916,13
D,SOLUSDT,bear,none,2022-05-16 04:00:00,0.3817962835512732,0.2869924294562973,3.0272232304900193,True,3.0174627949183312,True,0.0030970406056434916,13
D,SOLUSDT,bear,strict,2022-05-23 16:00:00,0.5984388551604508,0.19947961838681735,0.5000000000000016,True,0.4891173913043494,True,0.06678230702515142,10
D,SOLUSDT,bear,half,2022-05-23 16:00:00,0.5984388551604508,0.19947961838681735,0.5000000000000016,True,0.4891173913043494,True,0.06678230702515142,10
D,SOLUSDT,bear,none,2022-05-23 16:00:00,0.5984388551604508,0.19947961838681735,0.5000000000000016,True,0.4891173913043494,True,0.06678230702515142,10
D,SOLUSDT,bear,strict,2022-05-29 00:00:00,0.35186440677966135,0.1640677966101696,0.8736462093862812,False,-1.0152815884476534,False,0.012203389830508456,0
D,SOLUSDT,bear,half,2022-05-29 00:00:00,0.35186440677966135,0.1640677966101696,0.8736462093862812,False,-1.0152815884476534,False,0.012203389830508456,0
D,SOLUSDT,bear,none,2022-05-29 00:00:00,0.35186440677966135,0.1640677966101696,0.8736462093862812,False,-1.0152815884476534,False,0.012203389830508456,0
D,SOLUSDT,bear,none,2022-06-07 00:00:00,0.7223511214230475,0.2993039443155456,0.7074954296160887,True,0.700270566727606,True,0.07579273008507378,6
D,SOLUSDT,bear,strict,2022-06-10 12:00:00,0.6179066834804539,0.11097099621689728,0.21890547263681462,True,0.209467661691541,True,0.006305170239597007,9
D,SOLUSDT,bear,half,2022-06-10 12:00:00,0.6179066834804539,0.11097099621689728,0.21890547263681462,True,0.209467661691541,True,0.006305170239597007,9
D,SOLUSDT,bear,none,2022-06-10 12:00:00,0.6179066834804539,0.11097099621689728,0.21890547263681462,True,0.209467661691541,True,0.006305170239597007,9
D,SOLUSDT,bear,strict,2022-06-16 04:00:00,0.6470588235294117,0.41981424148606833,1.8474114441416933,False,-1.0088801089918256,True,0.04643962848297213,1
D,SOLUSDT,bear,half,2022-06-16 04:00:00,0.6470588235294117,0.41981424148606833,1.8474114441416933,False,-1.0088801089918256,True,0.04643962848297213,1
D,SOLUSDT,bear,none,2022-06-16 04:00:00,0.6470588235294117,0.41981424148606833,1.8474114441416933,False,-1.0088801089918256,True,0.04643962848297213,1
D,SOLUSDT,bear,strict,2022-07-05 08:00:00,0.50990099009901,0.26155115511551175,1.0531561461794032,False,-1.011282392026578,False,0.000825082508250661,20
D,SOLUSDT,bear,half,2022-07-05 08:00:00,0.50990099009901,0.26155115511551175,1.0531561461794032,False,-1.011282392026578,False,0.000825082508250661,20
D,SOLUSDT,bear,none,2022-07-05 08:00:00,0.50990099009901,0.26155115511551175,1.0531561461794032,False,-1.011282392026578,False,0.000825082508250661,20
D,SOLUSDT,bear,half,2022-08-11 20:00:00,0.8572972972972973,0.5794594594594594,2.0856031128404666,False,-1.0166342412451361,False,0.10378378378378388,41
D,SOLUSDT,bear,none,2022-08-09 08:00:00,0.6843243243243241,0.37297297297297327,1.1979166666666696,False,-1.0141805555555556,False,0.030270270270270395,26
D,SOLUSDT,bear,strict,2022-08-22 04:00:00,0.27289896128423036,0.06987724268177542,0.34418604651162904,True,0.32795813953488484,True,0.007554296506137702,1
D,SOLUSDT,bear,half,2022-08-22 04:00:00,0.27289896128423036,0.06987724268177542,0.34418604651162904,True,0.32795813953488484,True,0.007554296506137702,1
D,SOLUSDT,bear,none,2022-08-22 04:00:00,0.27289896128423036,0.06987724268177542,0.34418604651162904,True,0.32795813953488484,True,0.007554296506137702,1
D,SOLUSDT,bear,strict,2022-08-24 20:00:00,0.24365942028985488,0.10416666666666655,0.7467532467532463,False,-1.0226298701298702,False,0.019927536231883956,5
D,SOLUSDT,bear,half,2022-08-24 20:00:00,0.24365942028985488,0.10416666666666655,0.7467532467532463,False,-1.0226298701298702,False,0.019927536231883956,5
D,SOLUSDT,bear,none,2022-08-24 20:00:00,0.24365942028985488,0.10416666666666655,0.7467532467532463,False,-1.0226298701298702,False,0.019927536231883956,5
D,SOLUSDT,bear,strict,2022-09-06 16:00:00,0.6021180030257193,0.16641452344931945,0.3819444444444446,False,-1.0107638888888888,False,0.010590015128593085,40
D,SOLUSDT,bear,half,2022-09-06 16:00:00,0.6021180030257193,0.16641452344931945,0.3819444444444446,False,-1.0107638888888888,False,0.010590015128593085,40
D,SOLUSDT,bear,none,2022-09-06 16:00:00,0.6021180030257193,0.16641452344931945,0.3819444444444446,False,-1.0107638888888888,False,0.010590015128593085,40
D,SOLUSDT,bear,strict,2022-09-05 04:00:00,0.7607142857142851,0.4642857142857144,1.566265060240968,False,-1.0381566265060242,False,0.03928571428571407,13
D,SOLUSDT,bear,half,2022-09-05 04:00:00,0.7607142857142851,0.4642857142857144,1.566265060240968,False,-1.0381566265060242,False,0.03928571428571407,13
D,SOLUSDT,bear,none,2022-09-05 04:00:00,0.7607142857142851,0.4642857142857144,1.566265060240968,False,-1.0381566265060242,False,0.03928571428571407,13
D,SOLUSDT,bear,strict,2022-09-18 12:00:00,0.7462686567164173,0.41791044776119496,1.2727272727272811,True,1.242836363636372,True,0.02985074626865716,3
D,SOLUSDT,bear,half,2022-09-18 12:00:00,0.7462686567164173,0.41791044776119496,1.2727272727272811,True,1.242836363636372,True,0.02985074626865716,3
D,SOLUSDT,bear,none,2022-09-18 12:00:00,0.7462686567164173,0.41791044776119496,1.2727272727272811,True,1.242836363636372,True,0.02985074626865716,3
D,SOLUSDT,bear,half,2022-10-07 12:00:00,0.7971428571428567,0.3371428571428564,0.7329192546583829,True,0.7125031055900599,True,0.06571428571428692,15
D,SOLUSDT,bear,none,2022-10-07 12:00:00,0.7971428571428567,0.3371428571428564,0.7329192546583829,True,0.7125031055900599,True,0.06571428571428692,15
D,SOLUSDT,bear,strict,2022-10-10 08:00:00,0.5345622119815666,0.17511520737327024,0.4871794871794806,True,0.44526923076922426,True,0.013824884792627286,2
D,SOLUSDT,bear,half,2022-10-10 08:00:00,0.5345622119815666,0.17511520737327024,0.4871794871794806,True,0.44526923076922426,True,0.013824884792627286,2
D,SOLUSDT,bear,none,2022-10-10 08:00:00,0.5345622119815666,0.17511520737327024,0.4871794871794806,True,0.44526923076922426,True,0.013824884792627286,2
D,SOLUSDT,bear,none,2022-10-13 00:00:00,0.3762057877813511,0.12218649517684858,0.4810126582278452,True,0.4421012658227821,True,0.009646302250803084,0
D,SOLUSDT,bear,strict,2022-10-18 12:00:00,0.8093385214007774,0.3540856031128405,0.7777777777777791,True,0.7518803418803431,True,0.015564202334630017,9
D,SOLUSDT,bear,half,2022-10-18 12:00:00,0.8093385214007774,0.3540856031128405,0.7777777777777791,True,0.7518803418803431,True,0.015564202334630017,9
D,SOLUSDT,bear,none,2022-10-18 12:00:00,0.8093385214007774,0.3540856031128405,0.7777777777777791,True,0.7518803418803431,True,0.015564202334630017,9
D,SOLUSDT,bear,none,2022-11-12 20:00:00,0.3188613069091157,0.1749242346851909,1.2152827064111669,False,,False,0.04416521946402421,11
D,SOLUSDT,bear,half,2022-12-15 12:00:00,0.9981990094552006,0.565511031067087,1.306971904266389,True,1.2924047866805408,True,0.037820801440792265,93
D,SOLUSDT,bear,none,2022-12-06 12:00:00,0.7339036470058528,0.5565060783430882,3.137055837563448,False,-1.035479695431472,True,0.004052228725799343,39
D,SOLUSDT,bear,strict,2022-12-21 00:00:00,0.8691983122362864,0.4398734177215186,1.024570024570024,True,0.9949189189189184,True,0.036919831223628824,0
D,SOLUSDT,bear,half,2022-12-21 00:00:00,0.8691983122362864,0.4398734177215186,1.024570024570024,True,0.9949189189189184,True,0.036919831223628824,0
D,SOLUSDT,bear,none,2022-12-21 00:00:00,0.8691983122362864,0.4398734177215186,1.024570024570024,True,0.9949189189189184,True,0.036919831223628824,0
D,SOLUSDT,bear,strict,2023-02-13 00:00:00,0.6264192139737993,0.27139737991266355,0.7644526445264438,False,-1.0128554735547355,False,0.0641921397379914,6
D,SOLUSDT,bear,half,2023-02-13 00:00:00,0.6264192139737993,0.27139737991266355,0.7644526445264438,False,-1.0128554735547355,False,0.0641921397379914,6
D,SOLUSDT,bear,none,2023-02-13 00:00:00,0.6264192139737993,0.27139737991266355,0.7644526445264438,False,-1.0128554735547355,False,0.0641921397379914,6
D,SOLUSDT,bear,strict,2023-03-27 04:00:00,0.2745046923879035,0.0941084462982266,0.5216763005780304,True,0.49214595375722114,True,0.04588112617309657,1
D,SOLUSDT,bear,half,2023-03-27 04:00:00,0.2745046923879035,0.0941084462982266,0.5216763005780304,True,0.49214595375722114,True,0.04588112617309657,1
D,SOLUSDT,bear,none,2023-03-27 04:00:00,0.2745046923879035,0.0941084462982266,0.5216763005780304,True,0.49214595375722114,True,0.04588112617309657,1
D,SOLUSDT,bear,half,2023-04-02 16:00:00,0.8940036341611141,0.196850393700787,0.28236316246741905,True,0.2646959165942653,False,0.16111447607510496,4
D,SOLUSDT,bear,none,2023-04-02 16:00:00,0.8940036341611141,0.196850393700787,0.28236316246741905,True,0.2646959165942653,False,0.16111447607510496,4
D,SOLUSDT,bear,strict,2023-04-06 04:00:00,0.8138051044083519,0.40081206496519656,0.970505617977527,True,0.9415337078651674,True,0.017981438515082573,7
D,SOLUSDT,bear,half,2023-04-06 04:00:00,0.8138051044083519,0.40081206496519656,0.970505617977527,True,0.9415337078651674,True,0.017981438515082573,7
D,SOLUSDT,bear,none,2023-04-06 04:00:00,0.8138051044083519,0.40081206496519656,0.970505617977527,True,0.9415337078651674,True,0.017981438515082573,7
D,SOLUSDT,bear,strict,2023-04-23 12:00:00,0.27310764549258276,0.15823507036896106,1.3774834437085983,True,1.3416539735099229,True,0.021871434005324927,3
D,SOLUSDT,bear,half,2023-04-23 12:00:00,0.27310764549258276,0.15823507036896106,1.3774834437085983,True,1.3416539735099229,True,0.021871434005324927,3
D,SOLUSDT,bear,none,2023-04-23 12:00:00,0.27310764549258276,0.15823507036896106,1.3774834437085983,True,1.3416539735099229,True,0.021871434005324927,3
D,SOLUSDT,bear,strict,2023-05-03 00:00:00,0.3464314354450685,0.14795509222133113,0.7454545454545435,True,0.7012626262626244,True,0.038492381716118726,0
D,SOLUSDT,bear,half,2023-05-03 00:00:00,0.3464314354450685,0.14795509222133113,0.7454545454545435,True,0.7012626262626244,True,0.038492381716118726,0
D,SOLUSDT,bear,none,2023-05-03 00:00:00,0.3464314354450685,0.14795509222133113,0.7454545454545435,True,0.7012626262626244,True,0.038492381716118726,0
D,SOLUSDT,bear,half,2023-05-06 12:00:00,0.7241007194244607,0.19532374100719518,0.369387755102043,True,0.3545829931972811,True,0.10143884892086327,9
D,SOLUSDT,bear,none,2023-05-06 12:00:00,0.7241007194244607,0.19532374100719518,0.369387755102043,True,0.3545829931972811,True,0.10143884892086327,9
D,SOLUSDT,bear,strict,2023-05-13 12:00:00,0.46132520099805885,0.3415580815081784,2.8518518518518596,False,-1.0482824074074075,False,0.010812309398392428,9
D,SOLUSDT,bear,half,2023-05-13 12:00:00,0.46132520099805885,0.3415580815081784,2.8518518518518596,False,-1.0482824074074075,False,0.010812309398392428,9
D,SOLUSDT,bear,none,2023-05-13 12:00:00,0.46132520099805885,0.3415580815081784,2.8518518518518596,False,-1.0482824074074075,False,0.010812309398392428,9
D,SOLUSDT,bear,none,2023-06-07 04:00:00,0.49764373232799236,0.2777254162739555,1.2628571428571447,True,1.2342885714285732,True,0.028589381087025162,1
D,SOLUSDT,bear,strict,2023-06-20 04:00:00,0.5482443198583652,0.496901740926527,9.67816091954026,False,-1.0458850574712646,False,0.0016228976099143158,49
D,SOLUSDT,bear,half,2023-06-20 04:00:00,0.5482443198583652,0.496901740926527,9.67816091954026,False,-1.0458850574712646,False,0.0016228976099143158,49
D,SOLUSDT,bear,none,2023-06-13 12:00:00,0.5281794039539687,0.32310416051932717,1.5755395683453228,False,-1.0106402877697842,False,0.03998229566243715,9
D,SOLUSDT,bear,none,2023-07-20 16:00:00,0.29848210240144973,0.07249660172179395,0.32080200501252965,True,0.3080746867167903,True,0.05539193475305854,4
D,SOLUSDT,bear,half,2023-07-31 12:00:00,0.6448997012377299,0.2612035851472472,0.68075639599555,True,0.6674505005561729,True,0.11203585147247165,27
D,SOLUSDT,bear,none,2023-07-31 12:00:00,0.6448997012377299,0.2612035851472472,0.68075639599555,True,0.6674505005561729,True,0.11203585147247165,27
D,SOLUSDT,bear,none,2023-08-05 00:00:00,0.6125933831376736,0.16808964781216537,0.37815126050419806,True,0.35087995198078875,False,0.02347918890074734,0
D,SOLUSDT,bear,none,2023-08-24 16:00:00,0.4442857142857142,0.2720634920634924,1.5797235023041534,False,-1.0192755760368664,False,0.03888888888888904,4
D,SOLUSDT,bear,none,2023-08-28 04:00:00,0.4365244536940686,0.15712799167533822,0.5623836126629426,True,0.5244338919925514,False,0.06243496357960334,7
D,SOLUSDT,bear,strict,2023-09-06 12:00:00,0.520956123117224,0.12049770792403364,0.3008994276369565,True,0.285055600981192,True,0.0052390307793064176,21
D,SOLUSDT,bear,half,2023-09-06 12:00:00,0.520956123117224,0.12049770792403364,0.3008994276369565,True,0.285055600981192,True,0.0052390307793064176,21
D,SOLUSDT,bear,none,2023-09-06 12:00:00,0.520956123117224,0.12049770792403364,0.3008994276369565,True,0.285055600981192,True,0.0052390307793064176,21
D,SOLUSDT,bear,strict,2023-09-24 16:00:00,0.38179251940719816,0.22794636556104447,1.481651376146791,True,1.3924174311926627,True,0.0021171489061398096,4
D,SOLUSDT,bear,half,2023-09-24 16:00:00,0.38179251940719816,0.22794636556104447,1.481651376146791,True,1.3924174311926627,True,0.0021171489061398096,4
D,SOLUSDT,bear,none,2023-09-24 16:00:00,0.38179251940719816,0.22794636556104447,1.481651376146791,True,1.3924174311926627,True,0.0021171489061398096,4
D,SOLUSDT,bear,half,2023-11-20 16:00:00,0.5649582836710373,0.2433569375306737,0.7567037279267482,True,0.7441543492478732,True,0.058613194980018164,10
D,SOLUSDT,bear,none,2023-11-20 16:00:00,0.5649582836710373,0.2433569375306737,0.7567037279267482,True,0.7441543492478732,True,0.058613194980018164,10
D,SOLUSDT,bear,strict,2023-12-01 12:00:00,0.9804584056250566,0.8170030134234312,4.9983240223463685,False,-1.0336016759776536,False,0.005661583417039971,51
D,SOLUSDT,bear,half,2023-12-01 12:00:00,0.9804584056250566,0.8170030134234312,4.9983240223463685,False,-1.0336016759776536,False,0.005661583417039971,51
D,SOLUSDT,bear,none,2023-11-27 08:00:00,0.7916172039083186,0.3493744863482787,0.7900061945075374,False,-1.011361965723725,False,0.10282166012236303,26
D,SOLUSDT,bear,strict,2023-12-30 00:00:00,0.4348031602403942,0.21348504287933032,0.9646071700991632,False,-1.015811289092296,False,0.005132014315618914,0
D,SOLUSDT,bear,half,2023-12-30 00:00:00,0.4348031602403942,0.21348504287933032,0.9646071700991632,False,-1.015811289092296,False,0.005132014315618914,0
D,SOLUSDT,bear,none,2023-12-30 00:00:00,0.4348031602403942,0.21348504287933032,0.9646071700991632,False,-1.015811289092296,False,0.005132014315618914,0
D,SOLUSDT,bear,none,2024-01-05 12:00:00,0.738017267043763,0.4328371539148558,1.4183006535947726,True,1.4087358306506697,True,0.06528728788329856,3
D,SOLUSDT,bear,strict,2024-01-12 00:00:00,0.9584960322458744,0.3545156820758285,0.5869655891553713,True,0.5767725755995841,True,0.054792795062350706,0
D,SOLUSDT,bear,half,2024-01-12 00:00:00,0.9584960322458744,0.3545156820758285,0.5869655891553713,True,0.5767725755995841,True,0.054792795062350706,0
D,SOLUSDT,bear,none,2024-01-12 00:00:00,0.9584960322458744,0.3545156820758285,0.5869655891553713,True,0.5767725755995841,True,0.054792795062350706,0
D,SOLUSDT,bear,strict,2024-01-18 16:00:00,0.8279559909010729,0.30560326818624944,0.5850515463917519,True,0.5768411837895479,True,0.0006963465020194314,28
D,SOLUSDT,bear,half,2024-01-18 16:00:00,0.8279559909010729,0.30560326818624944,0.5850515463917519,True,0.5768411837895479,True,0.0006963465020194314,28
D,SOLUSDT,bear,none,2024-01-18 16:00:00,0.8279559909010729,0.30560326818624944,0.5850515463917519,True,0.5768411837895479,True,0.0006963465020194314,28
D,SOLUSDT,bear,strict,2024-01-28 16:00:00,0.8295035460992906,0.6282066869300911,3.120797261928731,False,-1.0190177169317496,False,0.02917933130699082,22
D,SOLUSDT,bear,half,2024-01-28 16:00:00,0.8295035460992906,0.6282066869300911,3.120797261928731,False,-1.0190177169317496,False,0.02917933130699082,22
D,SOLUSDT,bear,none,2024-01-28 16:00:00,0.8295035460992906,0.6282066869300911,3.120797261928731,False,-1.0190177169317496,False,0.02917933130699082,22
D,SOLUSDT,bear,strict,2024-02-03 12:00:00,0.7069402985074623,0.3626865671641789,1.053544331237806,False,-1.0212356384131802,True,0.019179104477612306,3
D,SOLUSDT,bear,half,2024-02-03 12:00:00,0.7069402985074623,0.3626865671641789,1.053544331237806,False,-1.0212356384131802,True,0.019179104477612306,3
D,SOLUSDT,bear,none,2024-02-03 12:00:00,0.7069402985074623,0.3626865671641789,1.053544331237806,False,-1.0212356384131802,True,0.019179104477612306,3
D,SOLUSDT,bear,strict,2024-02-20 00:00:00,0.7128556375131719,0.3028752069847961,0.7387552781347528,True,0.7186387002019458,True,0.07353605298810807,6
D,SOLUSDT,bear,half,2024-02-20 00:00:00,0.7128556375131719,0.3028752069847961,0.7387552781347528,True,0.7186387002019458,True,0.07353605298810807,6
D,SOLUSDT,bear,none,2024-02-20 00:00:00,0.7128556375131719,0.3028752069847961,0.7387552781347528,True,0.7186387002019458,True,0.07353605298810807,6
D,SOLUSDT,bear,none,2024-02-26 08:00:00,0.40551991284348143,0.15458176976153015,0.6160154365653646,False,-1.0243738543174143,False,0.06554896501634173,2
D,SOLUSDT,bear,strict,2024-03-27 12:00:00,0.7161469190361041,0.3914992078712583,1.2059201232823953,False,-1.011636959034288,False,0.003877261736012228,33
D,SOLUSDT,bear,half,2024-03-27 12:00:00,0.7161469190361041,0.3914992078712583,1.2059201232823953,False,-1.011636959034288,False,0.003877261736012228,33
D,SOLUSDT,bear,none,2024-03-27 12:00:00,0.7161469190361041,0.3914992078712583,1.2059201232823953,False,-1.011636959034288,False,0.003877261736012228,33
D,SOLUSDT,bear,strict,2024-04-08 16:00:00,0.4555722275269407,0.31059882689946855,2.1424538953707253,True,2.10867802032368,True,0.0041194925658166815,10
D,SOLUSDT,bear,half,2024-04-08 16:00:00,0.4555722275269407,0.31059882689946855,2.1424538953707253,True,2.10867802032368,True,0.0041194925658166815,10
D,SOLUSDT,bear,none,2024-04-08 16:00:00,0.4555722275269407,0.31059882689946855,2.1424538953707253,True,2.10867802032368,True,0.0041194925658166815,10
D,SOLUSDT,bear,strict,2024-04-23 20:00:00,0.7405251482780864,0.6577096738668725,7.941869300911884,False,-1.0293926671732523,True,0.024054874691251147,53
D,SOLUSDT,bear,half,2024-04-23 20:00:00,0.7405251482780864,0.6577096738668725,7.941869300911884,False,-1.0293926671732523,True,0.024054874691251147,53
D,SOLUSDT,bear,none,2024-04-15 16:00:00,0.67855513427623,0.391627204505766,1.3648974668275031,False,-1.007556201337866,False,0.05017069678901238,4
D,SOLUSDT,bear,strict,2024-04-20 08:00:00,0.7114580523334237,0.5081602373887237,2.499585337535235,False,-1.0234635926355946,False,0.010149716752090223,14
D,SOLUSDT,bear,half,2024-04-20 08:00:00,0.7114580523334237,0.5081602373887237,2.499585337535235,False,-1.0234635926355946,False,0.010149716752090223,14
D,SOLUSDT,bear,none,2024-04-20 08:00:00,0.7114580523334237,0.5081602373887237,2.499585337535235,False,-1.0234635926355946,False,0.010149716752090223,14
D,SOLUSDT,bear,strict,2024-05-10 12:00:00,0.8189824888612578,0.36058439539944104,0.7866184448462952,True,0.7700212477396043,True,0.017770179256035096,3
D,SOLUSDT,bear,half,2024-05-10 12:00:00,0.8189824888612578,0.36058439539944104,0.7866184448462952,True,0.7700212477396043,True,0.017770179256035096,3
D,SOLUSDT,bear,none,2024-05-10 12:00:00,0.8189824888612578,0.36058439539944104,0.7866184448462952,True,0.7700212477396043,True,0.017770179256035096,3
D,SOLUSDT,bear,strict,2024-05-28 04:00:00,0.40818516796050497,0.1860980932279182,0.837951030927835,False,-1.0267725515463917,False,0.00794190247916175,1
D,SOLUSDT,bear,half,2024-05-28 04:00:00,0.40818516796050497,0.1860980932279182,0.837951030927835,False,-1.0267725515463917,False,0.00794190247916175,1
D,SOLUSDT,bear,none,2024-05-28 04:00:00,0.40818516796050497,0.1860980932279182,0.837951030927835,False,-1.0267725515463917,False,0.00794190247916175,1
D,SOLUSDT,bear,strict,2024-06-13 08:00:00,0.9197411361247859,0.24647380939211205,0.36608609924416613,True,0.35379748603351874,True,0.05935062780021067,2
D,SOLUSDT,bear,half,2024-06-13 08:00:00,0.9197411361247859,0.24647380939211205,0.36608609924416613,True,0.35379748603351874,True,0.05935062780021067,2
D,SOLUSDT,bear,none,2024-06-13 08:00:00,0.9197411361247859,0.24647380939211205,0.36608609924416613,True,0.35379748603351874,True,0.05935062780021067,2
D,SOLUSDT,bear,none,2024-06-17 08:00:00,0.5504517056946387,0.19600880938469104,0.5530053258939864,True,0.5347627441034717,True,0.08229583352060718,8
D,SOLUSDT,bear,strict,2024-07-07 04:00:00,0.70111347069965,0.5453997589393335,3.502580169554009,False,-1.0256310357537781,True,0.0019227457957873872,1
D,SOLUSDT,bear,half,2024-07-07 04:00:00,0.70111347069965,0.5453997589393335,3.502580169554009,False,-1.0256310357537781,True,0.0019227457957873872,1
D,SOLUSDT,bear,none,2024-07-07 04:00:00,0.70111347069965,0.5453997589393335,3.502580169554009,False,-1.0256310357537781,True,0.0019227457957873872,1
D,SOLUSDT,bear,strict,2024-08-07 12:00:00,0.5396608089129127,0.46298285161275077,6.038017546559935,False,-1.0228399261197476,True,0.011507004520187351,3
D,SOLUSDT,bear,half,2024-08-07 12:00:00,0.5396608089129127,0.46298285161275077,6.038017546559935,False,-1.0228399261197476,True,0.011507004520187351,3
D,SOLUSDT,bear,none,2024-08-07 12:00:00,0.5396608089129127,0.46298285161275077,6.038017546559935,False,-1.0228399261197476,True,0.011507004520187351,3
D,SOLUSDT,bear,strict,2024-08-20 12:00:00,0.7915422885572135,0.3746268656716422,0.8985680190930817,False,-1.0211924224343676,False,0.0516169154228864,15
D,SOLUSDT,bear,half,2024-08-20 12:00:00,0.7915422885572135,0.3746268656716422,0.8985680190930817,False,-1.0211924224343676,False,0.0516169154228864,15
D,SOLUSDT,bear,none,2024-08-20 12:00:00,0.7915422885572135,0.3746268656716422,0.8985680190930817,False,-1.0211924224343676,False,0.0516169154228864,15
D,SOLUSDT,bear,strict,2024-08-23 08:00:00,0.7126573495886608,0.4684309644166914,1.9180194805194812,False,-1.0582041396103896,False,0.05927247497274109,2
D,SOLUSDT,bear,half,2024-08-23 08:00:00,0.7126573495886608,0.4684309644166914,1.9180194805194812,False,-1.0582041396103896,False,0.05927247497274109,2
D,SOLUSDT,bear,none,2024-08-23 08:00:00,0.7126573495886608,0.4684309644166914,1.9180194805194812,False,-1.0582041396103896,False,0.05927247497274109,2
D,SOLUSDT,bear,strict,2024-09-08 12:00:00,0.69498403406067,0.4145822245875466,1.4785290628707035,False,-1.0300619217081852,False,0.04390633315593379,3
D,SOLUSDT,bear,half,2024-09-08 12:00:00,0.69498403406067,0.4145822245875466,1.4785290628707035,False,-1.0300619217081852,False,0.04390633315593379,3
D,SOLUSDT,bear,none,2024-09-08 12:00:00,0.69498403406067,0.4145822245875466,1.4785290628707035,False,-1.0300619217081852,False,0.04390633315593379,3
D,SOLUSDT,bear,none,2024-09-13 08:00:00,0.8712259371833825,0.444376899696048,1.041063375267031,False,-1.0314500356040825,False,0.12097264437689846,2
D,SOLUSDT,bear,strict,2024-10-07 20:00:00,0.6703292882228172,0.37925518967975197,1.302950663003222,False,-1.0171913749850674,True,0.018359470078932516,17
D,SOLUSDT,bear,none,2024-10-07 20:00:00,0.6703292882228172,0.37925518967975197,1.302950663003222,False,-1.0171913749850674,True,0.03995271045585735,17
D,SOLUSDT,bear,strict,2024-10-28 12:00:00,0.9588701684836466,0.7046580773042613,2.771929824561406,False,-1.0337894736842106,False,0.026263627353815707,9
D,SOLUSDT,bear,half,2024-10-28 12:00:00,0.9588701684836466,0.7046580773042613,2.771929824561406,False,-1.0337894736842106,False,0.026263627353815707,9
D,SOLUSDT,bear,none,2024-10-28 12:00:00,0.9588701684836466,0.7046580773042613,2.771929824561406,False,-1.0337894736842106,False,0.026263627353815707,9
D,SOLUSDT,bear,none,2024-11-15 00:00:00,0.8933172302737518,0.33494363929146503,0.5998558038932942,False,-1.015080749819755,False,0.038244766505636754,0
D,SOLUSDT,bear,strict,2024-11-28 08:00:00,0.5513626834381551,0.35406475658047976,1.794569067296339,False,-1.0279704840613932,False,0.013044491031912474,2
D,SOLUSDT,bear,half,2024-11-28 08:00:00,0.5513626834381551,0.35406475658047976,1.794569067296339,False,-1.0279704840613932,False,0.013044491031912474,2
D,SOLUSDT,bear,none,2024-11-28 08:00:00,0.5513626834381551,0.35406475658047976,1.794569067296339,False,-1.0279704840613932,False,0.013044491031912474,2
D,SOLUSDT,bear,half,2024-12-13 04:00:00,0.7324598478444633,0.5224006762468302,2.4869215291750506,True,2.4643138832997993,True,0.039095519864750516,13
D,SOLUSDT,bear,none,2024-12-13 04:00:00,0.7324598478444633,0.5224006762468302,2.4869215291750506,True,2.4643138832997993,True,0.039095519864750516,13
D,SOLUSDT,bear,strict,2025-01-04 12:00:00,0.8284916201117317,0.727001862197393,7.163302752293597,False,-1.0393100917431193,False,0.02476722532588424,81
D,SOLUSDT,bear,half,2025-01-04 12:00:00,0.8284916201117317,0.727001862197393,7.163302752293597,False,-1.0393100917431193,False,0.02476722532588424,81
D,SOLUSDT,bear,none,2025-01-04 12:00:00,0.8284916201117317,0.727001862197393,7.163302752293597,False,-1.0393100917431193,False,0.02476722532588424,81
D,SOLUSDT,bear,strict,2024-12-26 04:00:00,0.9933541829554344,0.6653635652853789,2.028605482717515,False,-1.0230488676996423,True,0.04573885848318953,7
D,SOLUSDT,bear,half,2024-12-26 04:00:00,0.9933541829554344,0.6653635652853789,2.028605482717515,False,-1.0230488676996423,True,0.04573885848318953,7
D,SOLUSDT,bear,none,2024-12-26 04:00:00,0.9933541829554344,0.6653635652853789,2.028605482717515,False,-1.0230488676996423,True,0.04573885848318953,7
D,SOLUSDT,bear,strict,2024-12-29 20:00:00,0.7859759288330717,0.376242804814233,0.918263090676882,False,-1.0242464878671775,False,0.07378335949764647,5
D,SOLUSDT,bear,half,2024-12-29 20:00:00,0.7859759288330717,0.376242804814233,0.918263090676882,False,-1.0242464878671775,False,0.07378335949764647,5
D,SOLUSDT,bear,none,2024-12-29 20:00:00,0.7859759288330717,0.376242804814233,0.918263090676882,False,-1.0242464878671775,False,0.07378335949764647,5
D,SOLUSDT,bear,strict,2025-02-05 12:00:00,0.6533819814762838,0.3972775750771818,1.5512328767123273,True,1.5401841095890396,True,0.01838338478809995,3
D,SOLUSDT,bear,half,2025-02-05 12:00:00,0.6533819814762838,0.3972775750771818,1.5512328767123273,True,1.5401841095890396,True,0.01838338478809995,3
D,SOLUSDT,bear,none,2025-02-05 12:00:00,0.6533819814762838,0.3972775750771818,1.5512328767123273,True,1.5401841095890396,True,0.01838338478809995,3
D,SOLUSDT,bear,strict,2025-02-11 16:00:00,0.6642224259089525,0.25542315918117986,0.6248131539611372,True,0.6102002989536633,True,0.0024442407577150178,22
D,SOLUSDT,bear,half,2025-02-11 16:00:00,0.6642224259089525,0.25542315918117986,0.6248131539611372,True,0.6102002989536633,True,0.0024442407577150178,22
D,SOLUSDT,bear,none,2025-02-09 12:00:00,0.614115490375802,0.40788267644362963,1.977777777777777,False,-1.0297051851851853,True,0.08982584784601279,9
D,SOLUSDT,bear,strict,2025-02-21 16:00:00,0.4426229508196717,0.17044688973725586,0.6262376237623778,True,0.6123465346534669,True,0.01908825510891521,10
D,SOLUSDT,bear,half,2025-02-21 16:00:00,0.4426229508196717,0.17044688973725586,0.6262376237623778,True,0.6123465346534669,True,0.01908825510891521,10
D,SOLUSDT,bear,none,2025-02-21 16:00:00,0.4426229508196717,0.17044688973725586,0.6262376237623778,True,0.6123465346534669,True,0.01908825510891521,10
D,SOLUSDT,bear,strict,2025-03-03 16:00:00,0.9912663755458517,0.29621542940320267,0.42617801047120474,True,0.42246596858638796,False,0.22762008733624492,10
D,SOLUSDT,bear,half,2025-03-03 16:00:00,0.9912663755458517,0.29621542940320267,0.42617801047120474,True,0.42246596858638796,False,0.22762008733624492,10
D,SOLUSDT,bear,none,2025-03-03 16:00:00,0.9912663755458517,0.29621542940320267,0.42617801047120474,True,0.42246596858638796,False,0.22762008733624492,10
D,SOLUSDT,bear,strict,2025-03-06 16:00:00,0.4512934518997572,0.2623282134195633,1.3882352941176468,True,1.372887700534759,True,0.017178658043654465,4
D,SOLUSDT,bear,half,2025-03-06 16:00:00,0.4512934518997572,0.2623282134195633,1.3882352941176468,True,1.372887700534759,True,0.017178658043654465,4
D,SOLUSDT,bear,none,2025-03-06 16:00:00,0.4512934518997572,0.2623282134195633,1.3882352941176468,True,1.372887700534759,True,0.017178658043654465,4
D,SOLUSDT,bear,strict,2025-03-26 12:00:00,0.8673817649926865,0.6679668454412481,3.349633251833737,True,3.332612469437649,True,0.010482691370063552,81
D,SOLUSDT,bear,half,2025-03-13 16:00:00,0.4736713798147244,0.23354461238420282,0.97258883248731,False,-1.0123258883248731,False,0.026328620185275438,4
D,SOLUSDT,bear,none,2025-03-13 16:00:00,0.4736713798147244,0.23354461238420282,0.97258883248731,False,-1.0123258883248731,False,0.026328620185275438,4
D,SOLUSDT,bear,strict,2025-03-20 08:00:00,0.9600532623169112,0.5945406125166445,1.6265938069216743,False,-1.0237868852459016,True,0.015312916111850174,2
D,SOLUSDT,bear,half,2025-03-20 08:00:00,0.9600532623169112,0.5945406125166445,1.6265938069216743,False,-1.0237868852459016,True,0.015312916111850174,2
D,SOLUSDT,bear,none,2025-03-20 08:00:00,0.9600532623169112,0.5945406125166445,1.6265938069216743,False,-1.0237868852459016,True,0.015312916111850174,2
D,SOLUSDT,bear,strict,2025-03-23 16:00:00,0.8156966490299824,0.5044091710758382,1.6203966005665755,False,-1.036957507082153,False,0.005291005291005483,4
D,SOLUSDT,bear,half,2025-03-23 16:00:00,0.8156966490299824,0.5044091710758382,1.6203966005665755,False,-1.036957507082153,False,0.005291005291005483,4
D,SOLUSDT,bear,none,2025-03-23 16:00:00,0.8156966490299824,0.5044091710758382,1.6203966005665755,False,-1.036957507082153,False,0.005291005291005483,4
D,SOLUSDT,bear,strict,2025-06-03 20:00:00,0.4530979577708549,0.15922464520595433,0.541813898704362,True,0.5235477031802159,True,0.03288335064036056,5
D,SOLUSDT,bear,half,2025-06-03 20:00:00,0.4530979577708549,0.15922464520595433,0.541813898704362,True,0.5235477031802159,True,0.03288335064036056,5
D,SOLUSDT,bear,none,2025-06-03 20:00:00,0.4530979577708549,0.15922464520595433,0.541813898704362,True,0.5235477031802159,True,0.03288335064036056,5
D,SOLUSDT,bear,none,2025-06-09 04:00:00,0.6264679313459807,0.42186088527551985,2.0618101545253866,False,-1.0332825607064018,False,0.031616982836494535,13
D,SOLUSDT,bear,strict,2025-06-16 20:00:00,0.6510700036271311,0.3605368153790348,1.2409488139825187,True,1.2221385767790232,True,0.09067827348567276,11
D,SOLUSDT,bear,half,2025-06-16 20:00:00,0.6510700036271311,0.3605368153790348,1.2409488139825187,True,1.2221385767790232,True,0.09067827348567276,11
D,SOLUSDT,bear,none,2025-06-16 20:00:00,0.6510700036271311,0.3605368153790348,1.2409488139825187,True,1.2221385767790232,True,0.09067827348567276,11
D,SOLUSDT,bear,strict,2025-06-26 20:00:00,0.9668411867364751,0.5737347294938914,1.4594894561598184,False,-1.0154250832408436,False,0.08813263525305454,17
D,SOLUSDT,bear,half,2025-06-26 20:00:00,0.9668411867364751,0.5737347294938914,1.4594894561598184,False,-1.0154250832408436,False,0.08813263525305454,17
D,SOLUSDT,bear,none,2025-06-26 20:00:00,0.9668411867364751,0.5737347294938914,1.4594894561598184,False,-1.0154250832408436,False,0.08813263525305454,17
D,SOLUSDT,bear,strict,2025-07-03 12:00:00,0.7606001304631451,0.3535551206784091,0.8685897435897448,False,-1.0240528846153847,False,0.006523157208088339,3
D,SOLUSDT,bear,half,2025-07-03 12:00:00,0.7606001304631451,0.3535551206784091,0.8685897435897448,False,-1.0240528846153847,False,0.006523157208088339,3
D,SOLUSDT,bear,none,2025-07-03 12:00:00,0.7606001304631451,0.3535551206784091,0.8685897435897448,False,-1.0240528846153847,False,0.006523157208088339,3
D,SOLUSDT,bear,strict,2025-07-28 12:00:00,0.6405946994182287,0.3762120232708464,1.4229828850855717,True,1.4001051344743247,True,0.02876535229476454,9
D,SOLUSDT,bear,half,2025-07-28 12:00:00,0.6405946994182287,0.3762120232708464,1.4229828850855717,True,1.4001051344743247,True,0.02876535229476454,9
D,SOLUSDT,bear,none,2025-07-28 12:00:00,0.6405946994182287,0.3762120232708464,1.4229828850855717,True,1.4001051344743247,True,0.02876535229476454,9
D,SOLUSDT,bear,strict,2025-08-05 12:00:00,0.5916852264291017,0.29547141796585036,0.9974937343358419,False,-1.0205112781954888,False,0.034521158129175146,9
D,SOLUSDT,bear,half,2025-08-05 12:00:00,0.5916852264291017,0.29547141796585036,0.9974937343358419,False,-1.0205112781954888,False,0.034521158129175146,9
D,SOLUSDT,bear,none,2025-08-05 12:00:00,0.5916852264291017,0.29547141796585036,0.9974937343358419,False,-1.0205112781954888,False,0.034521158129175146,9
D,SOLUSDT,bear,strict,2025-08-21 08:00:00,0.7190287413280483,0.41526263627353777,1.367047308319733,False,-1.0300081566068515,True,0.0371655104063429,2
D,SOLUSDT,bear,half,2025-08-21 08:00:00,0.7190287413280483,0.41526263627353777,1.367047308319733,False,-1.0300081566068515,True,0.0371655104063429,2
D,SOLUSDT,bear,none,2025-08-21 08:00:00,0.7190287413280483,0.41526263627353777,1.367047308319733,False,-1.0300081566068515,True,0.0371655104063429,2
D,SOLUSDT,bear,strict,2025-09-04 04:00:00,0.7907074089577227,0.5228128924236088,1.9515625000000083,False,-1.0322734375000002,True,0.012557555462535919,7
D,SOLUSDT,bear,half,2025-09-04 04:00:00,0.7907074089577227,0.5228128924236088,1.9515625000000083,False,-1.0322734375000002,True,0.012557555462535919,7
D,SOLUSDT,bear,none,2025-09-04 04:00:00,0.7907074089577227,0.5228128924236088,1.9515625000000083,False,-1.0322734375000002,True,0.012557555462535919,7
D,SOLUSDT,bear,strict,2025-10-07 12:00:00,0.9217800431287987,0.6455596941776125,2.3371185237757275,True,2.3212455642299505,True,0.017643599294256143,57
D,SOLUSDT,bear,half,2025-10-05 16:00:00,0.9119780435208786,0.710448931582043,3.5252918287937747,False,-1.0220778210116732,False,0.05097039796118398,46
D,SOLUSDT,bear,none,2025-09-30 12:00:00,0.4697118212115274,0.29798078808076833,1.735159817351593,False,-1.0235068493150685,False,0.04175651832973919,15
D,SOLUSDT,bear,half,2025-10-14 04:00:00,0.7257930748496785,0.5500725689404935,3.130383480825961,False,,True,0.09413228281152822,13
D,SOLUSDT,bear,none,2025-10-14 04:00:00,0.7257930748496785,0.5500725689404935,3.130383480825961,False,,True,0.09413228281152822,13
D,SOLUSDT,bear,strict,2025-10-21 20:00:00,0.6352909627245911,0.3094663448645748,0.9497942386831265,False,-1.015270781893004,False,0.14373826763207256,17
D,SOLUSDT,bear,half,2025-10-20 16:00:00,0.5481362295521588,0.3944757307589169,2.5671902268760967,False,-1.032933682373473,True,0.012335746849021402,10
D,SOLUSDT,bear,none,2025-10-20 16:00:00,0.5481362295521588,0.3944757307589169,2.5671902268760967,False,-1.032933682373473,True,0.012335746849021402,10
D,SOLUSDT,bear,strict,2025-10-24 12:00:00,0.957293666026872,0.5974088291746649,1.6600000000000024,False,-1.02524,False,0.02495201535508686,3
D,SOLUSDT,bear,half,2025-10-24 12:00:00,0.957293666026872,0.5974088291746649,1.6600000000000024,False,-1.02524,False,0.02495201535508686,3
D,SOLUSDT,bear,none,2025-10-24 12:00:00,0.957293666026872,0.5974088291746649,1.6600000000000024,False,-1.02524,False,0.02495201535508686,3
D,SOLUSDT,bear,strict,2025-11-02 12:00:00,0.4388059701492532,0.19291044776119348,0.784522003034899,True,0.7566509863429416,True,0.0014925373134325383,9
D,SOLUSDT,bear,half,2025-11-02 12:00:00,0.4388059701492532,0.19291044776119348,0.784522003034899,True,0.7566509863429416,True,0.0014925373134325383,9
D,SOLUSDT,bear,none,2025-11-02 12:00:00,0.4388059701492532,0.19291044776119348,0.784522003034899,True,0.7566509863429416,True,0.0014925373134325383,9
D,SOLUSDT,bear,strict,2025-11-06 04:00:00,0.4192954179138845,0.30094404789316187,2.5428015564202444,False,-1.0308832684824905,True,0.013585079438176452,1
D,SOLUSDT,bear,half,2025-11-06 04:00:00,0.4192954179138845,0.30094404789316187,2.5428015564202444,False,-1.0308832684824905,True,0.013585079438176452,1
D,SOLUSDT,bear,none,2025-11-06 04:00:00,0.4192954179138845,0.30094404789316187,2.5428015564202444,False,-1.0308832684824905,True,0.013585079438176452,1
D,SOLUSDT,bear,strict,2025-11-19 12:00:00,0.32545749362983567,0.13458420199212418,0.7050970873786403,False,-1.0163240291262137,False,0.02710215427380161,3
D,SOLUSDT,bear,half,2025-11-19 12:00:00,0.32545749362983567,0.13458420199212418,0.7050970873786403,False,-1.0163240291262137,False,0.02710215427380161,3
D,SOLUSDT,bear,none,2025-11-19 12:00:00,0.32545749362983567,0.13458420199212418,0.7050970873786403,False,-1.0163240291262137,False,0.02710215427380161,3
D,SOLUSDT,bear,strict,2025-12-01 00:00:00,0.9966329966329961,0.2470538720538722,0.3295901179112863,False,-1.0071246490735541,False,0.04713804713804732,48
D,SOLUSDT,bear,half,2025-12-01 00:00:00,0.9966329966329961,0.2470538720538722,0.3295901179112863,False,-1.0071246490735541,False,0.04713804713804732,48
D,SOLUSDT,bear,none,2025-12-01 00:00:00,0.9966329966329961,0.2470538720538722,0.3295901179112863,False,-1.0071246490735541,False,0.19528619528619467,48
D,SOLUSDT,bear,half,2025-12-11 00:00:00,0.898033126293996,0.08954451345755711,0.11075544174135746,True,0.10247887323943684,False,0.2608695652173908,12
D,SOLUSDT,bear,none,2025-12-11 00:00:00,0.898033126293996,0.08954451345755711,0.11075544174135746,True,0.10247887323943684,False,0.2608695652173908,12
D,SOLUSDT,bear,strict,2025-12-29 12:00:00,0.7826086956521741,0.3855072463768116,0.9708029197080288,False,-1.0180087591240876,False,0.01275362318840572,57
D,SOLUSDT,bear,half,2025-12-29 12:00:00,0.7826086956521741,0.3855072463768116,0.9708029197080288,False,-1.0180087591240876,False,0.01275362318840572,57
D,SOLUSDT,bear,none,2025-12-24 04:00:00,0.6973913043478264,0.26260869565217376,0.603999999999999,False,-1.0161653333333334,False,0.07768115942028998,25
D,SOLUSDT,bear,none,2026-01-29 00:00:00,0.3553459119496858,0.1883647798742136,1.1280602636534796,True,1.1048983050847414,True,0.021069182389937154,12
D,SOLUSDT,bear,strict,2026-02-15 12:00:00,0.39173905917062757,0.32896246516964417,5.240208877284596,False,-1.022809399477807,True,0.003114243566628384,45
D,SOLUSDT,bear,half,2026-02-15 12:00:00,0.39173905917062757,0.32896246516964417,5.240208877284596,False,-1.022809399477807,True,0.003114243566628384,45
D,SOLUSDT,bear,none,2026-02-15 12:00:00,0.39173905917062757,0.32896246516964417,5.240208877284596,False,-1.022809399477807,True,0.003114243566628384,45
D,SOLUSDT,bear,strict,2026-02-22 12:00:00,0.8788627935723128,0.478368355995056,1.1944444444444424,True,1.1686913580246894,True,0.02719406674907278,9
D,SOLUSDT,bear,half,2026-02-22 12:00:00,0.8788627935723128,0.478368355995056,1.1944444444444424,True,1.1686913580246894,True,0.02719406674907278,9
D,SOLUSDT,bear,none,2026-02-22 12:00:00,0.8788627935723128,0.478368355995056,1.1944444444444424,True,1.1686913580246894,True,0.02719406674907278,9
D,SOLUSDT,bear,half,2026-03-03 08:00:00,0.8822355289421151,0.47172322022621443,1.1491085899513804,False,-1.0136385737439222,False,0.1383898868928808,8
D,SOLUSDT,bear,none,2026-03-03 08:00:00,0.8822355289421151,0.47172322022621443,1.1491085899513804,False,-1.0136385737439222,False,0.1383898868928808,8
D,SOLUSDT,bear,none,2026-03-14 08:00:00,0.9448818897637787,0.48103078024337864,1.0370370370370385,False,-1.0134104938271604,False,0.06585540443808072,26
D,SOLUSDT,bear,strict,2026-03-21 20:00:00,0.36740331491712663,0.06537753222836039,0.21646341463414437,True,0.1897865853658517,False,0.04604051565377532,5
D,SOLUSDT,bear,half,2026-03-21 20:00:00,0.36740331491712663,0.06537753222836039,0.21646341463414437,True,0.1897865853658517,False,0.04604051565377532,5
D,SOLUSDT,bear,none,2026-03-21 20:00:00,0.36740331491712663,0.06537753222836039,0.21646341463414437,True,0.1897865853658517,False,0.04604051565377532,5
D,SOLUSDT,bear,none,2026-03-31 08:00:00,0.4227365554799189,0.13682777399591595,0.4785714285714295,False,-1.0192333333333332,False,0.06943498978897183,2
D,SOLUSDT,bear,strict,2026-04-06 20:00:00,0.657630522088354,0.3343373493975899,1.034161490683225,False,-1.0248322981366458,False,0.14357429718875558,17
D,SOLUSDT,bear,half,2026-04-06 20:00:00,0.657630522088354,0.3343373493975899,1.034161490683225,False,-1.0248322981366458,False,0.14357429718875558,17
D,SOLUSDT,bear,none,2026-04-06 20:00:00,0.657630522088354,0.3343373493975899,1.034161490683225,False,-1.0248322981366458,False,0.14357429718875558,17
D,SOLUSDT,bear,half,2026-04-23 00:00:00,0.8211586901763239,0.3715365239294715,0.8263305322128842,True,0.8023193277310916,True,0.10327455919395562,12
D,SOLUSDT,bear,none,2026-04-23 00:00:00,0.8211586901763239,0.3715365239294715,0.8263305322128842,True,0.8023193277310916,True,0.10327455919395562,12
D,SOLUSDT,bear,strict,2026-05-22 16:00:00,0.3129568106312289,0.0797342192691032,0.34188034188034355,True,0.3178034188034204,True,0.02126245847176129,22
D,SOLUSDT,bear,half,2026-05-22 16:00:00,0.3129568106312289,0.0797342192691032,0.34188034188034355,True,0.3178034188034204,True,0.02126245847176129,22
D,SOLUSDT,bear,none,2026-05-22 16:00:00,0.3129568106312289,0.0797342192691032,0.34188034188034355,True,0.3178034188034204,True,0.02126245847176129,22
D,SOLUSDT,bear,strict,2026-05-26 00:00:00,0.9234234234234248,0.4204204204204202,0.835820895522385,True,0.8106985074626836,True,0.03453453453453515,6
D,SOLUSDT,bear,half,2026-05-26 00:00:00,0.9234234234234248,0.4204204204204202,0.835820895522385,True,0.8106985074626836,True,0.03453453453453515,6
D,SOLUSDT,bear,none,2026-05-26 00:00:00,0.9234234234234248,0.4204204204204202,0.835820895522385,True,0.8106985074626836,True,0.03453453453453515,6
D,SOLUSDT,bear,strict,2026-05-31 12:00:00,0.42663378545006264,0.2367447595561038,1.2467532467532427,True,1.1936168831168794,True,0.008631319358815436,9
D,SOLUSDT,bear,half,2026-05-31 12:00:00,0.42663378545006264,0.2367447595561038,1.2467532467532427,True,1.1936168831168794,True,0.008631319358815436,9
D,SOLUSDT,bear,none,2026-05-31 12:00:00,0.42663378545006264,0.2367447595561038,1.2467532467532427,True,1.1936168831168794,True,0.008631319358815436,9
D,SOLUSDT,bear,strict,2026-06-14 12:00:00,0.4078834618680375,0.31533847472150806,3.4074074074074123,False,-1.0311990740740742,False,0.012425021422450385,39
D,SOLUSDT,bear,half,2026-06-14 12:00:00,0.4078834618680375,0.31533847472150806,3.4074074074074123,False,-1.0311990740740742,False,0.012425021422450385,39
D,SOLUSDT,bear,none,2026-06-14 12:00:00,0.4078834618680375,0.31533847472150806,3.4074074074074123,False,-1.0311990740740742,False,0.012425021422450385,39
D,SOLUSDT,bear,strict,2026-06-23 04:00:00,0.867073170731707,0.25487804878048814,0.4163346613545827,True,0.40240039840637554,True,0.12926829268292706,13
D,SOLUSDT,bear,half,2026-06-23 04:00:00,0.867073170731707,0.25487804878048814,0.4163346613545827,True,0.40240039840637554,True,0.12926829268292706,13
D,SOLUSDT,bear,none,2026-06-22 20:00:00,0.867073170731707,0.49390243902438974,1.323529411764704,True,1.300029411764704,True,0.09878048780487829,11
D,SOLUSDT,bear,none,2026-06-27 20:00:00,0.9033728350045577,0.5897903372835004,1.880813953488373,False,-1.0204854651162791,False,0.10118505013673651,5
D,SOLUSDT,bear,strict,2026-07-10 12:00:00,0.4527296937416782,0.2490013315579232,1.2222222222222243,True,1.171169934640525,True,0.05592543275632509,3
D,SOLUSDT,bear,half,2026-07-10 12:00:00,0.4527296937416782,0.2490013315579232,1.2222222222222243,True,1.171169934640525,True,0.05592543275632509,3
D,SOLUSDT,bear,none,2026-07-10 12:00:00,0.4527296937416782,0.2490013315579232,1.2222222222222243,True,1.171169934640525,True,0.05592543275632509,3
D,SOLUSDT,bear,none,2026-07-16 20:00:00,0.8870967741935492,0.21684587813619965,0.3235294117647034,True,0.30340374331550557,True,0.21326164874552192,11
D,SOLUSDT,bear,strict,2026-07-22 04:00:00,0.9753954305799648,0.6572934973637964,2.066298342541439,True,2.02372375690608,True,0.008787346221443105,19
D,SOLUSDT,bear,half,2026-07-22 04:00:00,0.9753954305799648,0.6572934973637964,2.066298342541439,True,2.02372375690608,True,0.008787346221443105,19
D,SOLUSDT,bear,none,2026-07-22 04:00:00,0.9753954305799648,0.6572934973637964,2.066298342541439,True,2.02372375690608,True,0.008787346221443105,19
D,SOLUSDT,bear,strict,2026-07-27 20:00:00,0.7477313974591653,0.14519056261342947,0.24096385542168536,True,0.21862650602409506,True,0.021778584392015323,11
D,SOLUSDT,bear,half,2026-07-27 20:00:00,0.7477313974591653,0.14519056261342947,0.24096385542168536,True,0.21862650602409506,True,0.021778584392015323,11
D,SOLUSDT,bear,none,2026-07-27 20:00:00,0.7477313974591653,0.14519056261342947,0.24096385542168536,True,0.21862650602409506,True,0.021778584392015323,11
D,SOLUSDT,bear,strict,2026-07-31 00:00:00,0.5785440613026813,0.3544061302681982,1.581196581196574,True,1.5178547008546939,True,0.015325670498083968,0
D,SOLUSDT,bear,half,2026-07-31 00:00:00,0.5785440613026813,0.3544061302681982,1.581196581196574,True,1.5178547008546939,True,0.015325670498083968,0
D,SOLUSDT,bear,none,2026-07-31 00:00:00,0.5785440613026813,0.3544061302681982,1.581196581196574,True,1.5178547008546939,True,0.015325670498083968,0
D,SOLUSDT,bear,strict,2026-08-03 00:00:00,0.798742138364778,0.4905660377358472,1.5918367346938713,False,-1.0495578231292517,False,0.04612159329140441,0
D,SOLUSDT,bear,half,2026-08-03 00:00:00,0.798742138364778,0.4905660377358472,1.5918367346938713,False,-1.0495578231292517,False,0.04612159329140441,0
D,SOLUSDT,bear,none,2026-08-03 00:00:00,0.798742138364778,0.4905660377358472,1.5918367346938713,False,-1.0495578231292517,False,0.04612159329140441,0
D,SOLUSDT,bear,half,2026-09-07 12:00:00,0.9920792079207923,0.582178217821782,1.4202898550724625,True,1.395357487922704,True,0.06336633663366346,21
D,SOLUSDT,bear,none,2026-09-07 12:00:00,0.9920792079207923,0.582178217821782,1.4202898550724625,True,1.395357487922704,True,0.06336633663366346,21
D,SOLUSDT,bear,half,2026-10-02 16:00:00,0.8604118993135011,0.19336384439359253,0.289879931389365,False,,False,0.25057208237986256,10
D,SOLUSDT,bear,none,2026-10-02 16:00:00,0.8604118993135011,0.19336384439359253,0.289879931389365,False,,False,0.25057208237986256,10
D,BNBUSDT,bull,half,2020-03-24 08:00:00,0.6375775813428625,0.2403611058867781,0.6051136363636357,True,0.5992334280303023,True,0.022004889975550293,14
D,BNBUSDT,bull,none,2020-03-24 08:00:00,0.6375775813428625,0.2403611058867781,0.6051136363636357,True,0.5992334280303023,True,0.022004889975550293,14
D,BNBUSDT,bull,none,2020-03-30 04:00:00,0.824494467760397,0.5597100343380387,2.113832853025932,True,2.096658501440918,True,0.03624570774513503,7
D,BNBUSDT,bull,strict,2020-04-12 12:00:00,0.5791103603603606,0.27027027027027056,0.8751139471285335,True,0.8618486782133101,True,0.07770270270270266,21
D,BNBUSDT,bull,half,2020-04-12 12:00:00,0.5791103603603606,0.27027027027027056,0.8751139471285335,True,0.8618486782133101,True,0.07770270270270266,21
D,BNBUSDT,bull,none,2020-04-12 12:00:00,0.5791103603603606,0.27027027027027056,0.8751139471285335,True,0.8618486782133101,True,0.07770270270270266,21
D,BNBUSDT,bull,strict,2020-04-16 04:00:00,0.7681336593317031,0.3162184189079053,0.6997294860234444,True,0.6860432822362488,True,0.025264873675631367,1
D,BNBUSDT,bull,half,2020-04-16 04:00:00,0.7681336593317031,0.3162184189079053,0.6997294860234444,True,0.6860432822362488,True,0.025264873675631367,1
D,BNBUSDT,bull,none,2020-04-16 04:00:00,0.7681336593317031,0.3162184189079053,0.6997294860234444,True,0.6860432822362488,True,0.025264873675631367,1
D,BNBUSDT,bull,half,2020-04-22 12:00:00,0.7832244008714598,0.3925199709513434,1.0046468401486979,True,0.9900167286245343,True,0.05228758169934646,15
D,BNBUSDT,bull,none,2020-04-22 12:00:00,0.7832244008714598,0.3925199709513434,1.0046468401486979,True,0.9900167286245343,True,0.05228758169934646,15
D,BNBUSDT,bull,none,2020-04-25 08:00:00,0.4479688369504737,0.1713967723984417,0.6197183098591525,True,0.5872132796780661,True,0.025041736227046016,2
D,BNBUSDT,bull,half,2020-05-07 16:00:00,0.6087582829155861,0.3059636992221265,1.0104662226451027,False,-1.0162464319695528,False,0.053298761163930355,34
D,BNBUSDT,bull,none,2020-05-07 16:00:00,0.6087582829155861,0.3059636992221265,1.0104662226451027,False,-1.0162464319695528,False,0.053298761163930355,34
D,BNBUSDT,bull,half,2020-05-22 08:00:00,0.8947951273532672,0.42967884828349956,0.9238095238095237,True,0.9040809523809523,True,0.06312292358803835,2
D,BNBUSDT,bull,none,2020-05-22 08:00:00,0.8947951273532672,0.42967884828349956,0.9238095238095237,True,0.9040809523809523,True,0.06312292358803835,2
D,BNBUSDT,bull,half,2020-06-22 16:00:00,0.7738853503184708,0.2070063694267528,0.3651685393258459,True,0.3421348314606773,False,0.04777070063694165,22
D,BNBUSDT,bull,none,2020-06-22 16:00:00,0.7738853503184708,0.2070063694267528,0.3651685393258459,True,0.3421348314606773,False,0.04777070063694165,22
D,BNBUSDT,bull,none,2020-07-06 04:00:00,0.7149569303054039,0.14643696162881714,0.2575757575757564,True,0.23582506887052226,True,0.13782302270947552,13
D,BNBUSDT,bull,half,2020-08-12 08:00:00,0.6077138289368504,0.36171063149480454,1.470349309504472,True,1.452688870836722,True,0.026978417266186647,32
D,BNBUSDT,bull,none,2020-08-12 08:00:00,0.6077138289368504,0.36171063149480454,1.470349309504472,True,1.452688870836722,True,0.026978417266186647,32
D,BNBUSDT,bull,none,2020-10-04 12:00:00,0.559319651391622,0.08602755130728117,0.18176418176418122,True,0.17316988416988363,True,0.14478493112173194,15
D,BNBUSDT,bull,strict,2020-10-08 12:00:00,0.7399723374827104,0.4824343015214386,1.8732545649838932,True,1.8437798066595108,True,0.05449515905947519,9
D,BNBUSDT,bull,half,2020-10-08 12:00:00,0.7399723374827104,0.4824343015214386,1.8732545649838932,True,1.8437798066595108,True,0.05449515905947519,9
D,BNBUSDT,bull,none,2020-10-08 12:00:00,0.7399723374827104,0.4824343015214386,1.8732545649838932,True,1.8437798066595108,True,0.05449515905947519,9
D,BNBUSDT,bull,strict,2020-10-21 00:00:00,0.8356333169048789,0.6079349433218332,2.6699134199134202,True,2.6380692640692645,True,0.032281912272055256,18
D,BNBUSDT,bull,half,2020-10-21 00:00:00,0.8356333169048789,0.6079349433218332,2.6699134199134202,True,2.6380692640692645,True,0.032281912272055256,18
D,BNBUSDT,bull,none,2020-10-21 00:00:00,0.8356333169048789,0.6079349433218332,2.6699134199134202,True,2.6380692640692645,True,0.032281912272055256,18
D,BNBUSDT,bull,strict,2020-12-05 08:00:00,0.5934537649794314,0.40654623502056864,2.1751196172248766,False,-1.028446889952153,False,0.003577177606868104,14
D,BNBUSDT,bull,half,2020-12-05 08:00:00,0.5934537649794314,0.40654623502056864,2.1751196172248766,False,-1.028446889952153,False,0.003577177606868104,14
D,BNBUSDT,bull,none,2020-12-05 08:00:00,0.5934537649794314,0.40654623502056864,2.1751196172248766,False,-1.028446889952153,False,0.003577177606868104,14
D,BNBUSDT,bull,none,2020-12-27 12:00:00,0.9732761464863083,0.14203233256351105,0.17086723556261255,True,0.16395336376265224,True,0.3013856812933022,33
D,BNBUSDT,bull,none,2021-01-28 20:00:00,0.5622641509433964,0.14837735849056666,0.35849744711889314,True,0.3430153172866539,True,0.04075471698113255,11
D,BNBUSDT,bull,strict,2021-02-08 00:00:00,0.32108965055264016,0.17131852182650417,1.1438688035780826,True,1.1309355199403637,True,0.017109523277883208,0
D,BNBUSDT,bull,half,2021-02-08 00:00:00,0.32108965055264016,0.17131852182650417,1.1438688035780826,True,1.1309355199403637,True,0.017109523277883208,0
D,BNBUSDT,bull,none,2021-02-08 00:00:00,0.32108965055264016,0.17131852182650417,1.1438688035780826,True,1.1309355199403637,True,0.017109523277883208,0
D,BNBUSDT,bull,strict,2021-02-21 12:00:00,0.5440378676265296,0.20539407502222826,0.6065195332318618,False,-1.0038328513444952,False,0.009582880533995364,3
D,BNBUSDT,bull,half,2021-02-21 12:00:00,0.5440378676265296,0.20539407502222826,0.6065195332318618,False,-1.0038328513444952,False,0.009582880533995364,3
D,BNBUSDT,bull,none,2021-02-21 12:00:00,0.5440378676265296,0.20539407502222826,0.6065195332318618,False,-1.0038328513444952,False,0.009582880533995364,3
D,BNBUSDT,bull,strict,2021-02-28 20:00:00,0.8818221989292063,0.7265468446527112,4.679086697551284,True,4.665181336862998,True,0.037960764970044386,17
D,BNBUSDT,bull,half,2021-02-28 20:00:00,0.8818221989292063,0.7265468446527112,4.679086697551284,True,4.665181336862998,True,0.037960764970044386,17
D,BNBUSDT,bull,none,2021-02-28 20:00:00,0.8818221989292063,0.7265468446527112,4.679086697551284,True,4.665181336862998,True,0.037960764970044386,17
D,BNBUSDT,bull,strict,2021-03-07 08:00:00,0.7067324039442369,0.34640995126374236,0.9613887469036281,True,0.9519076396807287,True,0.031976085231780645,20
D,BNBUSDT,bull,half,2021-03-07 08:00:00,0.7067324039442369,0.34640995126374236,0.9613887469036281,True,0.9519076396807287,True,0.031976085231780645,20
D,BNBUSDT,bull,none,2021-03-07 08:00:00,0.7067324039442369,0.34640995126374236,0.9613887469036281,True,0.9519076396807287,True,0.031976085231780645,20
D,BNBUSDT,bull,strict,2021-03-17 16:00:00,0.7589070452718991,0.5199174529471874,2.1754815675855164,False,-1.0109634672866157,False,0.010020735978410682,28
D,BNBUSDT,bull,half,2021-03-17 16:00:00,0.7589070452718991,0.5199174529471874,2.1754815675855164,False,-1.0109634672866157,False,0.010020735978410682,28
D,BNBUSDT,bull,none,2021-03-17 16:00:00,0.7589070452718991,0.5199174529471874,2.1754815675855164,False,-1.0109634672866157,False,0.010020735978410682,28
D,BNBUSDT,bull,strict,2021-03-24 08:00:00,0.7123355736290173,0.388660791338685,1.2007756322210514,False,-1.021279550779672,False,0.018672036402625568,26
D,BNBUSDT,bull,half,2021-03-24 08:00:00,0.7123355736290173,0.388660791338685,1.2007756322210514,False,-1.021279550779672,False,0.018672036402625568,26
D,BNBUSDT,bull,none,2021-03-24 08:00:00,0.7123355736290173,0.388660791338685,1.2007756322210514,False,-1.021279550779672,False,0.018672036402625568,26
D,BNBUSDT,bull,none,2021-04-04 12:00:00,0.318914371734703,0.10291773665102276,0.4764784257456184,True,0.46471008848348183,True,0.013540836506390656,3
D,BNBUSDT,bull,strict,2021-04-14 00:00:00,0.37712839635842,0.24650803776923286,1.8872099298435012,False,-1.015395574743659,False,0.019490841419271515,0
D,BNBUSDT,bull,half,2021-04-14 00:00:00,0.37712839635842,0.24650803776923286,1.8872099298435012,False,-1.015395574743659,False,0.019490841419271515,0
D,BNBUSDT,bull,none,2021-04-14 00:00:00,0.37712839635842,0.24650803776923286,1.8872099298435012,False,-1.015395574743659,False,0.019490841419271515,0
D,BNBUSDT,bull,half,2021-04-27 08:00:00,0.8426041645669132,0.1955290370698863,0.3021736252268245,True,0.29768774872861187,False,0.18883670301759753,26
D,BNBUSDT,bull,none,2021-04-27 08:00:00,0.8426041645669132,0.1955290370698863,0.3021736252268245,True,0.29768774872861187,False,0.18883670301759753,26
D,BNBUSDT,bull,strict,2021-05-30 04:00:00,0.5497998985401049,0.3237697987712079,1.432418952618453,True,1.4241618453865328,True,0.028183304210585645,13
D,BNBUSDT,bull,half,2021-05-30 04:00:00,0.5497998985401049,0.3237697987712079,1.432418952618453,True,1.4241618453865328,True,0.028183304210585645,13
D,BNBUSDT,bull,none,2021-05-30 04:00:00,0.5497998985401049,0.3237697987712079,1.432418952618453,True,1.4241618453865328,True,0.028183304210585645,13
D,BNBUSDT,bull,strict,2021-06-20 16:00:00,0.8654813345611674,0.6869731529361763,3.8484126984127007,False,-1.0133015873015874,False,0.04689381596656516,94
D,BNBUSDT,bull,half,2021-06-05 04:00:00,0.4735425373662961,0.09527520011333844,0.2518726591760296,False,-1.0078413857677904,False,0.031238931784373623,1
D,BNBUSDT,bull,none,2021-06-05 04:00:00,0.4735425373662961,0.09527520011333844,0.2518726591760296,False,-1.0078413857677904,False,0.031238931784373623,1
D,BNBUSDT,bull,half,2021-06-12 12:00:00,0.897544453852667,0.6306519898391194,2.36294416243655,True,2.341310913705586,True,0.06198137171888175,9
D,BNBUSDT,bull,none,2021-06-12 12:00:00,0.897544453852667,0.6306519898391194,2.36294416243655,True,2.341310913705586,True,0.06198137171888175,9
D,BNBUSDT,bull,half,2021-06-29 08:00:00,0.576213857064921,0.09972722313147833,0.20929700022898975,True,0.2022553240210667,False,0.05848336061102035,20
D,BNBUSDT,bull,none,2021-06-29 08:00:00,0.576213857064921,0.09972722313147833,0.20929700022898975,True,0.2022553240210667,False,0.05848336061102035,20
D,BNBUSDT,bull,strict,2021-07-03 04:00:00,0.766602316602316,0.4231660231660223,1.232152894884763,True,1.2156424957841447,True,0.022972972972974022,13
D,BNBUSDT,bull,half,2021-07-03 04:00:00,0.766602316602316,0.4231660231660223,1.232152894884763,True,1.2156424957841447,True,0.022972972972974022,13
D,BNBUSDT,bull,none,2021-07-03 04:00:00,0.766602316602316,0.4231660231660223,1.232152894884763,True,1.2156424957841447,True,0.022972972972974022,13
D,BNBUSDT,bull,half,2021-07-09 12:00:00,0.8011831819142199,0.5015846186351155,1.6741889985895626,False,-1.0222637517630466,True,0.046904711599409,3
D,BNBUSDT,bull,none,2021-07-09 12:00:00,0.8011831819142199,0.5015846186351155,1.6741889985895626,False,-1.0222637517630466,True,0.046904711599409,3
D,BNBUSDT,bull,none,2021-07-28 08:00:00,0.8610583446404342,0.32320217096336545,0.6009081735620599,True,0.5849071644803243,True,0.22876526458616014,2
D,BNBUSDT,bull,strict,2021-08-04 12:00:00,0.7371293001186242,0.3788849347568204,1.0576158940397316,True,1.0356172185430428,True,0.014946619217081751,9
D,BNBUSDT,bull,half,2021-08-04 12:00:00,0.7371293001186242,0.3788849347568204,1.0576158940397316,True,1.0356172185430428,True,0.014946619217081751,9
D,BNBUSDT,bull,none,2021-08-04 12:00:00,0.7371293001186242,0.3788849347568204,1.0576158940397316,True,1.0356172185430428,True,0.014946619217081751,9
D,BNBUSDT,bull,strict,2021-08-25 04:00:00,0.6847900894700621,0.3072264280798348,0.8137076193948227,True,0.79590120306234,True,0.0640055058499653,1
D,BNBUSDT,bull,half,2021-08-25 04:00:00,0.6847900894700621,0.3072264280798348,0.8137076193948227,True,0.79590120306234,True,0.0640055058499653,1
D,BNBUSDT,bull,none,2021-08-25 04:00:00,0.6847900894700621,0.3072264280798348,0.8137076193948227,True,0.79590120306234,True,0.0640055058499653,1
D,BNBUSDT,bull,none,2021-08-31 12:00:00,0.8318649045521299,0.5811306901615277,2.3177159590043948,False,-1.0230517325524646,True,0.10095447870778264,21
D,BNBUSDT,bull,strict,2021-09-18 04:00:00,0.6631122356768482,0.3410446412434486,1.0589225589225595,False,-1.0234466891133558,False,0.06181095246701639,7
D,BNBUSDT,bull,half,2021-09-18 04:00:00,0.6631122356768482,0.3410446412434486,1.0589225589225595,False,-1.0234466891133558,False,0.06181095246701639,7
D,BNBUSDT,bull,none,2021-09-18 04:00:00,0.6631122356768482,0.3410446412434486,1.0589225589225595,False,-1.0234466891133558,False,0.06181095246701639,7
D,BNBUSDT,bull,strict,2021-10-04 16:00:00,0.25614358030372747,0.10427979751495615,0.6866666666666656,True,0.6607993939393929,True,0.029268292682926897,4
D,BNBUSDT,bull,half,2021-10-04 16:00:00,0.25614358030372747,0.10427979751495615,0.6866666666666656,True,0.6607993939393929,True,0.029268292682926897,4
D,BNBUSDT,bull,none,2021-10-04 16:00:00,0.25614358030372747,0.10427979751495615,0.6866666666666656,True,0.6607993939393929,True,0.029268292682926897,4
D,BNBUSDT,bull,half,2021-10-18 12:00:00,0.989260143198092,0.20435560859188623,0.26035727860129315,True,0.24218358038768617,True,0.20465393794749284,3
D,BNBUSDT,bull,none,2021-10-18 12:00:00,0.989260143198092,0.20435560859188623,0.26035727860129315,True,0.24218358038768617,True,0.20465393794749284,3
D,BNBUSDT,bull,strict,2021-11-13 12:00:00,0.6169594260267194,0.13137060860959926,0.2705387848681698,False,-1.008260221627818,False,0.036182582879762636,27
D,BNBUSDT,bull,half,2021-11-13 12:00:00,0.6169594260267194,0.13137060860959926,0.2705387848681698,False,-1.008260221627818,False,0.036182582879762636,27
D,BNBUSDT,bull,none,2021-11-13 12:00:00,0.6169594260267194,0.13137060860959926,0.2705387848681698,False,-1.008260221627818,False,0.036182582879762636,27
D,BNBUSDT,bull,strict,2021-11-23 00:00:00,0.5750533288424828,0.42618165487818516,2.8627450980392117,True,2.819949472096527,True,0.015605703379364403,0
D,BNBUSDT,bull,half,2021-11-23 00:00:00,0.5750533288424828,0.42618165487818516,2.8627450980392117,True,2.819949472096527,True,0.015605703379364403,0
D,BNBUSDT,bull,none,2021-11-23 00:00:00,0.5750533288424828,0.42618165487818516,2.8627450980392117,True,2.819949472096527,True,0.015605703379364403,0
D,BNBUSDT,bull,strict,2022-02-04 04:00:00,0.6514604034929242,0.378801565793436,1.3892876863611268,True,1.3684561016013255,True,0.0021077988557661295,43
D,BNBUSDT,bull,half,2022-02-04 04:00:00,0.6514604034929242,0.378801565793436,1.3892876863611268,True,1.3684561016013255,True,0.0021077988557661295,43
D,BNBUSDT,bull,none,2022-02-04 04:00:00,0.6514604034929242,0.378801565793436,1.3892876863611268,True,1.3684561016013255,True,0.0021077988557661295,43
D,BNBUSDT,bull,none,2022-02-01 00:00:00,0.855754072517078,0.36468733578560153,0.7426431246655965,False,-1.0205168539325842,False,0.03625853914871244,6
D,BNBUSDT,bull,strict,2022-02-21 00:00:00,0.8209197266303715,0.6690605814896324,4.40579710144927,False,-1.029574370709382,False,0.05282057222286575,66
D,BNBUSDT,bull,half,2022-02-14 20:00:00,0.6390594231437506,0.48870612764971594,3.250385208012322,False,-1.0310701078582434,True,0.015406000231668984,29
D,BNBUSDT,bull,none,2022-02-14 20:00:00,0.6390594231437506,0.48870612764971594,3.250385208012322,False,-1.0310701078582434,True,0.015406000231668984,29
D,BNBUSDT,bull,none,2022-02-19 04:00:00,0.9709379128137381,0.7286280430269864,3.0070093457943994,False,-1.0315179127725858,False,0.04566899414983881,13
D,BNBUSDT,bull,none,2022-02-28 12:00:00,0.5341837465959584,0.1471979360756777,0.3803703703703718,True,0.3662029629629644,True,0.02422244517701013,3
D,BNBUSDT,bull,strict,2022-03-09 00:00:00,0.9073672806067168,0.41671180931744345,0.8492961634004988,False,-1.0110016560861166,False,0.0024377031419285855,36
D,BNBUSDT,bull,half,2022-03-07 12:00:00,0.8699891657638134,0.6474810400866736,2.9099208764455256,False,-1.0232227632379793,False,0.016657638136511613,27
D,BNBUSDT,bull,none,2022-03-05 08:00:00,0.8496749729144093,0.6691495124593717,3.7066766691672983,False,-1.028503375843961,False,0.07191224268689057,14
D,BNBUSDT,bull,none,2022-03-11 08:00:00,0.9900224494886511,0.6310800698428543,1.758165392633776,False,-1.0262091730368312,False,0.10850586181092463,2
D,BNBUSDT,bull,half,2022-03-21 12:00:00,0.4488804393747362,0.1624419095901986,0.5671091445427726,True,0.5377064896755159,True,0.02513730460498518,3
D,BNBUSDT,bull,none,2022-03-21 12:00:00,0.4488804393747362,0.1624419095901986,0.5671091445427726,True,0.5377064896755159,True,0.02513730460498518,3
D,BNBUSDT,bull,strict,2022-04-18 16:00:00,0.867577362698634,0.33258990800111526,0.6216779572694116,True,0.6000552371026581,False,0.05464176191803678,16
D,BNBUSDT,bull,half,2022-04-18 16:00:00,0.867577362698634,0.33258990800111526,0.6216779572694116,True,0.6000552371026581,False,0.05464176191803678,16
D,BNBUSDT,bull,none,2022-04-18 16:00:00,0.867577362698634,0.33258990800111526,0.6216779572694116,True,0.6000552371026581,False,0.05464176191803678,16
D,BNBUSDT,bull,strict,2022-04-23 08:00:00,0.9929952367609974,0.739142616979546,2.911699779249447,False,-1.0447086092715232,False,0.01288876435976566,8
D,BNBUSDT,bull,half,2022-04-23 08:00:00,0.9929952367609974,0.739142616979546,2.911699779249447,False,-1.0447086092715232,False,0.01288876435976566,8
D,BNBUSDT,bull,none,2022-04-23 08:00:00,0.9929952367609974,0.739142616979546,2.911699779249447,False,-1.0447086092715232,False,0.01288876435976566,8
D,BNBUSDT,bull,strict,2022-05-04 00:00:00,0.736389684813753,0.40401146131805116,1.2155172413793098,True,1.1490862068965513,True,0.01146131805157525,0
D,BNBUSDT,bull,half,2022-05-04 00:00:00,0.736389684813753,0.40401146131805116,1.2155172413793098,True,1.1490862068965513,True,0.01146131805157525,0
D,BNBUSDT,bull,none,2022-05-04 00:00:00,0.736389684813753,0.40401146131805116,1.2155172413793098,True,1.1490862068965513,True,0.01146131805157525,0
D,BNBUSDT,bull,half,2022-06-06 00:00:00,0.919121894858463,0.5089543616406702,1.2408450704225364,False,-1.0216338028169014,False,0.15915655690352368,24
D,BNBUSDT,bull,none,2022-06-02 16:00:00,0.7992489890236861,0.5670132871172731,2.441542288557207,False,-1.0379589552238806,False,0.03726169844020856,4
D,BNBUSDT,bull,strict,2022-07-13 04:00:00,0.6879302432308394,0.5332721431849473,3.448071216617222,False,-1.0334955489614244,False,0.01858650757228091,19
D,BNBUSDT,bull,half,2022-07-13 04:00:00,0.6879302432308394,0.5332721431849473,3.448071216617222,False,-1.0334955489614244,False,0.01858650757228091,19
D,BNBUSDT,bull,none,2022-07-13 04:00:00,0.6879302432308394,0.5332721431849473,3.448071216617222,False,-1.0334955489614244,False,0.01858650757228091,19
D,BNBUSDT,bull,strict,2022-07-21 16:00:00,0.5913297613248901,0.25304432537749616,0.7480201583873287,False,-1.0190338372930166,False,0.05918168533852919,4
D,BNBUSDT,bull,half,2022-07-21 16:00:00,0.5913297613248901,0.25304432537749616,0.7480201583873287,False,-1.0190338372930166,False,0.05918168533852919,4
D,BNBUSDT,bull,none,2022-07-21 16:00:00,0.5913297613248901,0.25304432537749616,0.7480201583873287,False,-1.0190338372930166,False,0.05918168533852919,4
D,BNBUSDT,bull,half,2022-08-13 00:00:00,0.7805958132045091,0.33776167471819624,0.7627272727272715,False,-1.0298645454545454,False,0.018921095008052648,6
D,BNBUSDT,bull,none,2022-08-13 00:00:00,0.7805958132045091,0.33776167471819624,0.7627272727272715,False,-1.0298645454545454,False,0.018921095008052648,6
D,BNBUSDT,bull,strict,2022-09-04 08:00:00,0.7698713096139312,0.3414080242240725,0.7968197879858606,False,-1.0492915194346288,False,0.014383043149129297,2
D,BNBUSDT,bull,half,2022-09-04 08:00:00,0.7698713096139312,0.3414080242240725,0.7968197879858606,False,-1.0492915194346288,False,0.014383043149129297,2
D,BNBUSDT,bull,none,2022-09-04 08:00:00,0.7698713096139312,0.3414080242240725,0.7968197879858606,False,-1.0492915194346288,False,0.014383043149129297,2
D,BNBUSDT,bull,strict,2022-09-27 00:00:00,0.5839589095219292,0.07941525088897632,0.15740015661707007,True,0.13521534847298244,False,0.0363492690636096,6
D,BNBUSDT,bull,half,2022-09-27 00:00:00,0.5839589095219292,0.07941525088897632,0.15740015661707007,True,0.13521534847298244,False,0.0363492690636096,6
D,BNBUSDT,bull,none,2022-09-27 00:00:00,0.5839589095219292,0.07941525088897632,0.15740015661707007,True,0.13521534847298244,False,0.0363492690636096,6
D,BNBUSDT,bull,strict,2022-10-16 16:00:00,0.4374133949191677,0.15889145496535803,0.5704809286898861,False,-1.045308457711443,False,0.06189376443417905,4
D,BNBUSDT,bull,half,2022-10-16 16:00:00,0.4374133949191677,0.15889145496535803,0.5704809286898861,False,-1.045308457711443,False,0.06189376443417905,4
D,BNBUSDT,bull,none,2022-10-16 16:00:00,0.4374133949191677,0.15889145496535803,0.5704809286898861,False,-1.045308457711443,False,0.06189376443417905,4
D,BNBUSDT,bull,half,2022-11-02 00:00:00,0.2807862013638186,0.15817622676828427,1.2900763358778586,False,-1.035556161395856,False,0.024735927263003374,0
D,BNBUSDT,bull,none,2022-11-02 00:00:00,0.2807862013638186,0.15817622676828427,1.2900763358778586,False,-1.035556161395856,False,0.024735927263003374,0
D,BNBUSDT,bull,strict,2022-12-02 08:00:00,0.47459349593495936,0.38719512195121975,4.430232558139551,False,-1.0483936877076414,False,0.0034843205574914215,26
D,BNBUSDT,bull,half,2022-12-02 08:00:00,0.47459349593495936,0.38719512195121975,4.430232558139551,False,-1.0483936877076414,False,0.0034843205574914215,26
D,BNBUSDT,bull,none,2022-12-02 08:00:00,0.47459349593495936,0.38719512195121975,4.430232558139551,False,-1.0483936877076414,False,0.0034843205574914215,26
D,BNBUSDT,bull,strict,2022-12-12 08:00:00,0.9925619834710765,0.6925619834710727,2.3085399449035466,False,-1.0781597796143239,False,0.03801652892562277,8
D,BNBUSDT,bull,half,2022-12-12 08:00:00,0.9925619834710765,0.6925619834710727,2.3085399449035466,False,-1.0781597796143239,False,0.03801652892562277,8
D,BNBUSDT,bull,none,2022-12-12 08:00:00,0.9925619834710765,0.6925619834710727,2.3085399449035466,False,-1.0781597796143239,False,0.03801652892562277,8
D,BNBUSDT,bull,strict,2022-12-20 00:00:00,0.502977034306776,0.18769492486532405,0.5953237410071919,True,0.5730593525179832,True,0.04054437198752422,0
D,BNBUSDT,bull,half,2022-12-20 00:00:00,0.502977034306776,0.18769492486532405,0.5953237410071919,True,0.5730593525179832,True,0.04054437198752422,0
D,BNBUSDT,bull,none,2022-12-20 00:00:00,0.502977034306776,0.18769492486532405,0.5953237410071919,True,0.5730593525179832,True,0.04054437198752422,0
D,BNBUSDT,bull,strict,2023-01-20 20:00:00,0.7561353084236121,0.22241874861817373,0.4167357083678545,True,0.4040911350455678,True,0.01901392880831336,29
D,BNBUSDT,bull,half,2023-01-20 20:00:00,0.7561353084236121,0.22241874861817373,0.4167357083678545,True,0.4040911350455678,True,0.01901392880831336,29
D,BNBUSDT,bull,none,2023-01-16 00:00:00,0.5151448153880168,0.24076940084014994,0.8775181305398844,False,-1.024529411764706,False,0.08246738890117215,0
D,BNBUSDT,bull,none,2023-01-27 16:00:00,0.7277803629595161,0.35155886458817986,0.9344465058750737,True,0.9153388991960385,True,0.12843182875756134,10
D,BNBUSDT,bull,half,2023-02-12 16:00:00,0.9857908847184979,0.5126005361930295,1.0832861189801717,False,-1.0180770538243626,False,0.18632707774798893,34
D,BNBUSDT,bull,none,2023-02-07 20:00:00,0.47131367292225146,0.13485254691689083,0.4007968127490078,False,-1.0265458167330679,False,0.09651474530831004,5
D,BNBUSDT,bull,strict,2023-03-06 12:00:00,0.984470691163605,0.8814523184601922,8.556263269639002,False,-1.0611040339702755,True,0.0008748906386706133,99
D,BNBUSDT,bull,half,2023-02-26 16:00:00,0.7224409448818899,0.43022747156605434,1.4723053892215565,False,-1.0230860778443114,False,0.08573928258967659,52
D,BNBUSDT,bull,none,2023-02-26 16:00:00,0.7224409448818899,0.43022747156605434,1.4723053892215565,False,-1.0230860778443114,False,0.08573928258967659,52
D,BNBUSDT,bull,strict,2023-02-20 00:00:00,0.7143730886850147,0.15840978593272345,0.2849284928492892,True,0.25013641364136835,False,0.10152905198776897,0
D,BNBUSDT,bull,half,2023-02-20 00:00:00,0.7143730886850147,0.15840978593272345,0.2849284928492892,True,0.25013641364136835,False,0.10152905198776897,0
D,BNBUSDT,bull,none,2023-02-20 00:00:00,0.7143730886850147,0.15840978593272345,0.2849284928492892,True,0.25013641364136835,False,0.10152905198776897,0
D,BNBUSDT,bull,strict,2023-02-22 20:00:00,0.9590403744880053,0.42129900526623754,0.7834602829162123,False,-1.0339923830250273,False,0.00760678759508459,5
D,BNBUSDT,bull,half,2023-02-22 20:00:00,0.9590403744880053,0.42129900526623754,0.7834602829162123,False,-1.0339923830250273,False,0.00760678759508459,5
D,BNBUSDT,bull,none,2023-02-22 20:00:00,0.9590403744880053,0.42129900526623754,0.7834602829162123,False,-1.0339923830250273,False,0.00760678759508459,5
D,BNBUSDT,bull,strict,2023-03-02 16:00:00,0.9687712152070619,0.6347589952477943,1.900406504065039,False,-1.0610670731707315,False,0.012898845892735742,16
D,BNBUSDT,bull,half,2023-03-02 16:00:00,0.9687712152070619,0.6347589952477943,1.900406504065039,False,-1.0610670731707315,False,0.012898845892735742,16
D,BNBUSDT,bull,none,2023-03-02 16:00:00,0.9687712152070619,0.6347589952477943,1.900406504065039,False,-1.0610670731707315,False,0.012898845892735742,16
D,BNBUSDT,bull,strict,2023-04-13 08:00:00,0.6951369023293817,0.4033510420923577,1.382352941176474,True,1.3369915966386587,True,0.010216591744993859,2
D,BNBUSDT,bull,half,2023-04-13 08:00:00,0.6951369023293817,0.4033510420923577,1.382352941176474,True,1.3369915966386587,True,0.010216591744993859,2
D,BNBUSDT,bull,none,2023-04-13 08:00:00,0.6951369023293817,0.4033510420923577,1.382352941176474,True,1.3369915966386587,True,0.010216591744993859,2
D,BNBUSDT,bull,strict,2023-04-18 04:00:00,0.41881812966150367,0.20166379804934098,0.9286657859973627,False,-1.0455178335535007,False,0.012908777969018601,1
D,BNBUSDT,bull,half,2023-04-18 04:00:00,0.41881812966150367,0.20166379804934098,0.9286657859973627,False,-1.0455178335535007,False,0.012908777969018601,1
D,BNBUSDT,bull,none,2023-04-18 04:00:00,0.41881812966150367,0.20166379804934098,0.9286657859973627,False,-1.0455178335535007,False,0.012908777969018601,1
D,BNBUSDT,bull,none,2023-05-04 00:00:00,0.9939091915836095,0.6771871539313378,2.138111888111871,False,-1.0570122377622375,False,0.03875968992248313,6
D,BNBUSDT,bull,strict,2023-05-17 16:00:00,0.6285714285714262,0.18116883116882906,0.4049346879535514,False,-1.0455166908563136,False,0.046753246753248594,4
D,BNBUSDT,bull,half,2023-05-17 16:00:00,0.6285714285714262,0.18116883116882906,0.4049346879535514,False,-1.0455166908563136,False,0.046753246753248594,4
D,BNBUSDT,bull,none,2023-05-17 00:00:00,0.47272727272727166,0.27792207792207657,1.4266666666666576,False,-1.10404,False,0.04350649350649091,0
D,BNBUSDT,bull,strict,2023-06-17 04:00:00,0.687594783136184,0.194115862905672,0.3933620159803327,True,0.37820712968654047,False,0.06824385805277525,7
D,BNBUSDT,bull,half,2023-06-17 04:00:00,0.687594783136184,0.194115862905672,0.3933620159803327,True,0.37820712968654047,False,0.06824385805277525,7
D,BNBUSDT,bull,none,2023-06-17 04:00:00,0.687594783136184,0.194115862905672,0.3933620159803327,True,0.37820712968654047,False,0.06824385805277525,7
D,BNBUSDT,bull,strict,2023-06-20 20:00:00,0.6388319672131153,0.09682377049180267,0.17863894139886427,True,0.15520510396975276,False,0.043545081967212865,11
D,BNBUSDT,bull,half,2023-06-20 20:00:00,0.6388319672131153,0.09682377049180267,0.17863894139886427,True,0.15520510396975276,False,0.043545081967212865,11
D,BNBUSDT,bull,none,2023-06-20 20:00:00,0.6388319672131153,0.09682377049180267,0.17863894139886427,True,0.15520510396975276,False,0.043545081967212865,11
D,BNBUSDT,bull,none,2023-07-10 08:00:00,0.9923301680058444,0.5756026296566845,1.381244522348819,True,1.360042068361089,True,0.09057706355003617,32
D,BNBUSDT,bull,none,2023-08-31 08:00:00,0.725752508361205,0.5957357859531776,4.5819935691318125,False,-1.0722668810289386,False,0.03553511705685597,2
D,BNBUSDT,bull,strict,2023-10-19 20:00:00,0.6852589641434261,0.5019920318725097,2.7391304347826075,True,2.673503105590061,True,0.01878201479795177,11
D,BNBUSDT,bull,half,2023-10-19 20:00:00,0.6852589641434261,0.5019920318725097,2.7391304347826075,True,2.673503105590061,True,0.01878201479795177,11
D,BNBUSDT,bull,none,2023-10-19 20:00:00,0.6852589641434261,0.5019920318725097,2.7391304347826075,True,2.673503105590061,True,0.01878201479795177,11
D,BNBUSDT,bull,strict,2023-12-18 20:00:00,0.796196513470682,0.48399366085578416,1.5502538071065937,True,1.5256994923857816,True,0.0044374009508721035,29
D,BNBUSDT,bull,half,2023-12-18 20:00:00,0.796196513470682,0.48399366085578416,1.5502538071065937,True,1.5256994923857816,True,0.0044374009508721035,29
D,BNBUSDT,bull,none,2023-12-18 20:00:00,0.796196513470682,0.48399366085578416,1.5502538071065937,True,1.5256994923857816,True,0.0044374009508721035,29
D,BNBUSDT,bull,strict,2023-12-26 00:00:00,0.35211267605633817,0.11472058155383817,0.48325358851673994,True,0.45732248803827114,True,0.008178100863244293,12
D,BNBUSDT,bull,half,2023-12-26 00:00:00,0.35211267605633817,0.11472058155383817,0.48325358851673994,True,0.45732248803827114,True,0.008178100863244293,12
D,BNBUSDT,bull,none,2023-12-26 00:00:00,0.35211267605633817,0.11472058155383817,0.48325358851673994,True,0.45732248803827114,True,0.008178100863244293,12
D,BNBUSDT,bull,strict,2024-01-18 04:00:00,0.49422222222222245,0.3194074074074083,1.8271186440678087,False,-1.0527881355932205,False,0.009777777777777306,7
D,BNBUSDT,bull,half,2024-01-18 04:00:00,0.49422222222222245,0.3194074074074083,1.8271186440678087,False,-1.0527881355932205,False,0.009777777777777306,7
D,BNBUSDT,bull,none,2024-01-18 04:00:00,0.49422222222222245,0.3194074074074083,1.8271186440678087,False,-1.0527881355932205,False,0.009777777777777306,7
D,BNBUSDT,bull,none,2024-02-02 04:00:00,0.6521231008959875,0.3860537592520437,1.4509516837481564,True,1.4065563689604554,True,0.06700428515777274,7
D,BNBUSDT,bull,none,2024-02-06 16:00:00,0.7414548641542522,0.381244522348818,1.0583941605839435,True,0.9845620437956226,True,0.11656441717791247,4
D,BNBUSDT,bull,strict,2024-03-02 00:00:00,0.6175360329444062,0.21619766643788635,0.5386917486105186,True,0.5209781958101766,False,0.013212079615648274,6
D,BNBUSDT,bull,half,2024-03-02 00:00:00,0.6175360329444062,0.21619766643788635,0.5386917486105186,True,0.5209781958101766,False,0.013212079615648274,6
D,BNBUSDT,bull,none,2024-03-02 00:00:00,0.6175360329444062,0.21619766643788635,0.5386917486105186,True,0.5209781958101766,False,0.013212079615648274,6
D,BNBUSDT,bull,none,2024-03-24 16:00:00,0.5938125973736925,0.2625194747384824,0.7924084648975495,True,0.7734541484716173,True,0.10082350322724175,4
D,BNBUSDT,bull,half,2024-03-28 04:00:00,0.5599937587767198,0.1201435481354352,0.2731465058531416,True,0.25218552678254913,True,0.12966141363707373,7
D,BNBUSDT,bull,none,2024-03-28 04:00:00,0.5599937587767198,0.1201435481354352,0.2731465058531416,True,0.25218552678254913,True,0.12966141363707373,7
D,BNBUSDT,bull,strict,2024-04-10 04:00:00,0.4785216404603665,0.21170367968876574,0.7934386391251468,True,0.7577181044957423,True,0.027070838061273476,1
D,BNBUSDT,bull,half,2024-04-10 04:00:00,0.4785216404603665,0.21170367968876574,0.7934386391251468,True,0.7577181044957423,True,0.027070838061273476,1
D,BNBUSDT,bull,none,2024-04-10 04:00:00,0.4785216404603665,0.21170367968876574,0.7934386391251468,True,0.7577181044957423,True,0.027070838061273476,1
D,BNBUSDT,bull,strict,2024-04-30 04:00:00,0.43040216711814894,0.22212961033548587,1.066533266633313,False,-1.0299189594797398,False,0.0013544488435090168,31
D,BNBUSDT,bull,half,2024-04-30 04:00:00,0.43040216711814894,0.22212961033548587,1.066533266633313,False,-1.0299189594797398,False,0.0013544488435090168,31
D,BNBUSDT,bull,none,2024-04-30 04:00:00,0.43040216711814894,0.22212961033548587,1.066533266633313,False,-1.0299189594797398,False,0.0013544488435090168,31
D,BNBUSDT,bull,none,2024-05-11 16:00:00,0.7899349731410814,0.44698897370652935,1.3033800494641223,False,-1.0489027205276171,False,0.08651399491093992,4
D,BNBUSDT,bull,none,2024-05-27 12:00:00,0.8500539374325778,0.2994298042841725,0.5438007276798192,True,0.5266314021830378,True,0.13253197719217,27
D,BNBUSDT,bull,none,2024-06-15 04:00:00,0.9743964886613021,0.8517190929041699,6.942754919499117,False,-1.0361818723911747,False,0.022457937088515356,43
D,BNBUSDT,bull,none,2024-06-23 00:00:00,0.8960807600950117,0.4456650831353923,0.9894528675016501,False,-1.0390685563612394,False,0.05522565320665132,6
D,BNBUSDT,bull,strict,2024-07-08 04:00:00,0.7774082128693874,0.3740565434309833,0.9273707580082438,True,0.9114633682207398,True,0.06357937827811146,1
D,BNBUSDT,bull,half,2024-07-08 04:00:00,0.7774082128693874,0.3740565434309833,0.9273707580082438,True,0.9114633682207398,True,0.06357937827811146,1
D,BNBUSDT,bull,none,2024-07-08 04:00:00,0.7774082128693874,0.3740565434309833,0.9273707580082438,True,0.9114633682207398,True,0.06357937827811146,1
D,BNBUSDT,bull,strict,2024-08-01 20:00:00,0.9851885098743275,0.49977558348294454,1.0295885344429028,False,-1.0266005547850208,False,0.16315080789946118,11
D,BNBUSDT,bull,half,2024-08-01 20:00:00,0.9851885098743275,0.49977558348294454,1.0295885344429028,False,-1.0266005547850208,False,0.16315080789946118,11
D,BNBUSDT,bull,none,2024-08-01 20:00:00,0.9851885098743275,0.49977558348294454,1.0295885344429028,False,-1.0266005547850208,False,0.16315080789946118,11
D,BNBUSDT,bull,strict,2024-08-10 04:00:00,0.18650060265166765,0.07689835275210968,0.7016129032258108,True,0.6640637829912067,True,0.004660506227400435,1
D,BNBUSDT,bull,half,2024-08-10 04:00:00,0.18650060265166765,0.07689835275210968,0.7016129032258108,True,0.6640637829912067,True,0.004660506227400435,1
D,BNBUSDT,bull,none,2024-08-10 04:00:00,0.18650060265166765,0.07689835275210968,0.7016129032258108,True,0.6640637829912067,True,0.004660506227400435,1
D,BNBUSDT,bull,strict,2024-09-11 12:00:00,0.37360890302066824,0.167638226461756,0.8138936535162941,True,0.769457975986277,True,0.027556968733440358,3
D,BNBUSDT,bull,half,2024-09-11 12:00:00,0.37360890302066824,0.167638226461756,0.8138936535162941,True,0.769457975986277,True,0.027556968733440358,3
D,BNBUSDT,bull,none,2024-09-11 12:00:00,0.37360890302066824,0.167638226461756,0.8138936535162941,True,0.769457975986277,True,0.027556968733440358,3
D,BNBUSDT,bull,none,2024-09-17 12:00:00,0.638658492607284,0.219798052650558,0.5247524752475218,True,0.501087817477397,True,0.12693833393436854,3
D,BNBUSDT,bull,strict,2024-09-26 04:00:00,0.3940569907972065,0.226300033263112,1.3489755452742953,True,1.3095651024454784,True,0.02594522674354175,7
D,BNBUSDT,bull,half,2024-09-26 04:00:00,0.3940569907972065,0.226300033263112,1.3489755452742953,True,1.3095651024454784,True,0.02594522674354175,7
D,BNBUSDT,bull,none,2024-09-26 04:00:00,0.3940569907972065,0.226300033263112,1.3489755452742953,True,1.3095651024454784,True,0.02594522674354175,7
D,BNBUSDT,bull,half,2024-10-12 00:00:00,0.6653558052434455,0.18558052434456876,0.3868071818891478,True,0.3642900078064,True,0.057490636704118685,12
D,BNBUSDT,bull,none,2024-10-12 00:00:00,0.6653558052434455,0.18558052434456876,0.3868071818891478,True,0.3642900078064,True,0.057490636704118685,12
D,BNBUSDT,bull,none,2024-11-22 00:00:00,0.6005747126436783,0.2604565772669221,0.7657826801220368,True,0.7508596573574275,True,0.02179118773946375,48
D,BNBUSDT,bull,half,2024-11-27 12:00:00,0.92995372318048,0.540281867900715,1.3865047233468262,True,1.369312550607285,True,0.10527976440891866,9
D,BNBUSDT,bull,none,2024-11-27 12:00:00,0.92995372318048,0.540281867900715,1.3865047233468262,True,1.369312550607285,True,0.10527976440891866,9
D,BNBUSDT,bull,none,2024-12-03 00:00:00,0.6270360395023723,0.3265358471206878,1.0866410584720483,False,-1.0278459240290228,False,0.03578299345902222,6
D,BNBUSDT,bull,strict,2024-12-07 12:00:00,0.6064139941690962,0.22274052478134138,0.5805471124620072,False,-1.0114863221884498,False,0.033469387755102095,9
D,BNBUSDT,bull,half,2024-12-07 12:00:00,0.6064139941690962,0.22274052478134138,0.5805471124620072,False,-1.0114863221884498,False,0.033469387755102095,9
D,BNBUSDT,bull,none,2024-12-07 12:00:00,0.6064139941690962,0.22274052478134138,0.5805471124620072,False,-1.0114863221884498,False,0.033469387755102095,9
D,BNBUSDT,bull,none,2024-12-23 16:00:00,0.7302527646129542,0.12006319115323855,0.19676375404530744,True,0.1819982740021575,True,0.08399157451290143,4
D,BNBUSDT,bull,strict,2024-12-30 16:00:00,0.8921370967741932,0.43266129032258116,0.9416410706450229,True,0.9104962702939917,True,0.12096774193548382,4
D,BNBUSDT,bull,half,2024-12-30 16:00:00,0.8921370967741932,0.43266129032258116,0.9416410706450229,True,0.9104962702939917,True,0.12096774193548382,4
D,BNBUSDT,bull,none,2024-12-30 16:00:00,0.8921370967741932,0.43266129032258116,0.9416410706450229,True,0.9104962702939917,True,0.12096774193548382,4
D,BNBUSDT,bull,strict,2025-01-06 00:00:00,0.7640141121128975,0.3669149353194832,0.9239881539980275,True,0.8536416584402782,True,0.0442963543708348,0
D,BNBUSDT,bull,half,2025-01-06 00:00:00,0.7640141121128975,0.3669149353194832,0.9239881539980275,True,0.8536416584402782,True,0.0442963543708348,0
D,BNBUSDT,bull,none,2025-01-06 00:00:00,0.7640141121128975,0.3669149353194832,0.9239881539980275,True,0.8536416584402782,True,0.0442963543708348,0
D,BNBUSDT,bull,strict,2025-01-20 04:00:00,0.7629117527450181,0.4267317337671144,1.2693548387096805,False,-1.0281907258064518,False,0.08390944828521155,7
D,BNBUSDT,bull,half,2025-01-20 04:00:00,0.7629117527450181,0.4267317337671144,1.2693548387096805,False,-1.0281907258064518,False,0.08390944828521155,7
D,BNBUSDT,bull,none,2025-01-20 04:00:00,0.7629117527450181,0.4267317337671144,1.2693548387096805,False,-1.0281907258064518,False,0.08390944828521155,7
D,BNBUSDT,bull,half,2025-01-30 08:00:00,0.5102602073196534,0.09519779987306963,0.22935779816513757,True,0.194762996941896,False,0.017135603977153784,2
D,BNBUSDT,bull,none,2025-01-30 08:00:00,0.5102602073196534,0.09519779987306963,0.22935779816513757,True,0.194762996941896,False,0.017135603977153784,2
D,BNBUSDT,bull,none,2025-02-22 16:00:00,0.7499814746202297,0.41311596887736185,1.2263528376594799,False,-1.0148526176858776,False,0.04312708410522367,46
D,BNBUSDT,bull,none,2025-03-10 08:00:00,0.9390740461468864,0.6725984014477452,2.524052065647982,False,-1.0321007357102432,False,0.04071784044638883,14
D,BNBUSDT,bull,none,2025-03-20 16:00:00,0.28668319719953367,0.12339556592765513,0.7556945064761091,True,0.7277056721750819,False,0.04886231038506368,10
D,BNBUSDT,bull,strict,2025-04-16 16:00:00,0.37155054124104275,0.2317426436956859,1.6575790621592272,True,1.5938069792802738,True,0.0032017075773734197,16
D,BNBUSDT,bull,half,2025-04-16 16:00:00,0.37155054124104275,0.2317426436956859,1.6575790621592272,True,1.5938069792802738,True,0.0032017075773734197,16
D,BNBUSDT,bull,none,2025-04-14 08:00:00,0.3174264369568538,0.11800579356609248,0.5917431192660539,False,-1.0452790519877675,False,0.024546424759870393,2
D,BNBUSDT,bull,strict,2025-04-29 04:00:00,0.8340348767288038,0.3205051112447376,0.6241217798594815,False,-1.0356908665105387,False,0.013229104028865145,31
D,BNBUSDT,bull,half,2025-04-29 04:00:00,0.8340348767288038,0.3205051112447376,0.6241217798594815,False,-1.0356908665105387,False,0.013229104028865145,31
D,BNBUSDT,bull,none,2025-04-29 04:00:00,0.8340348767288038,0.3205051112447376,0.6241217798594815,False,-1.0356908665105387,False,0.013229104028865145,31
D,BNBUSDT,bull,none,2025-04-28 08:00:00,0.8079355951696358,0.15066129959747018,0.22922134733158495,True,0.1760901137357842,False,0.2265669925244361,8
D,BNBUSDT,bull,strict,2025-05-18 12:00:00,0.5358726137700165,0.3580928254772454,2.014249363867683,False,-1.0332809160305343,False,0.012575771283814229,27
D,BNBUSDT,bull,half,2025-05-18 12:00:00,0.5358726137700165,0.3580928254772454,2.014249363867683,False,-1.0332809160305343,False,0.012575771283814229,27
D,BNBUSDT,bull,none,2025-05-18 12:00:00,0.5358726137700165,0.3580928254772454,2.014249363867683,False,-1.0332809160305343,False,0.012575771283814229,27
D,BNBUSDT,bull,none,2025-06-16 12:00:00,0.7049866768176631,0.32375333079558366,0.8492261607588576,False,-1.0328297553669494,False,0.05443471640654541,27
D,BNBUSDT,bull,none,2025-07-02 04:00:00,0.7703081232493012,0.10924369747899329,0.1652542372881382,True,0.11880932203390082,True,0.21895424836601604,1
D,BNBUSDT,bull,half,2025-07-05 00:00:00,0.6939534883720911,0.4269767441860442,1.5993031358884906,True,1.4850487804877939,True,0.06139534883721163,0
D,BNBUSDT,bull,none,2025-07-05 00:00:00,0.6939534883720911,0.4269767441860442,1.5993031358884906,True,1.4850487804877939,True,0.06139534883721163,0
D,BNBUSDT,bull,none,2025-08-17 00:00:00,0.7254901960784321,0.3160025300442762,0.7717021933889409,True,0.745592523941922,True,0.18583175205566177,6
D,BNBUSDT,bull,strict,2025-08-20 00:00:00,0.8889318885448916,0.5352167182662526,1.51312910284463,True,1.4673512035010854,True,0.011803405572755667,6
D,BNBUSDT,bull,half,2025-08-20 00:00:00,0.8889318885448916,0.5352167182662526,1.51312910284463,True,1.4673512035010854,True,0.011803405572755667,6
D,BNBUSDT,bull,none,2025-08-20 00:00:00,0.8889318885448916,0.5352167182662526,1.51312910284463,True,1.4673512035010854,True,0.011803405572755667,6
D,BNBUSDT,bull,strict,2025-08-24 20:00:00,0.5018024513338137,0.2987262677241048,1.471005917159766,False,-1.051887573964497,False,0.02823840422975273,5
D,BNBUSDT,bull,half,2025-08-24 20:00:00,0.5018024513338137,0.2987262677241048,1.471005917159766,False,-1.051887573964497,False,0.02823840422975273,5
D,BNBUSDT,bull,none,2025-08-24 20:00:00,0.5018024513338137,0.2987262677241048,1.471005917159766,False,-1.051887573964497,False,0.02823840422975273,5
D,BNBUSDT,bull,strict,2025-09-02 00:00:00,0.8095146748513341,0.5630155380778827,2.2840466926070015,True,2.2176762645914376,True,0.028006905812392797,18
D,BNBUSDT,bull,half,2025-09-02 00:00:00,0.8095146748513341,0.5630155380778827,2.2840466926070015,True,2.2176762645914376,True,0.028006905812392797,18
D,BNBUSDT,bull,none,2025-09-02 00:00:00,0.8095146748513341,0.5630155380778827,2.2840466926070015,True,2.2176762645914376,True,0.028006905812392797,18
D,BNBUSDT,bull,strict,2025-10-01 08:00:00,0.4185957160695411,0.12822975698780156,0.4416142904399625,True,0.40775951042011455,True,0.017961771203534763,2
D,BNBUSDT,bull,half,2025-10-01 08:00:00,0.4185957160695411,0.12822975698780156,0.4416142904399625,True,0.40775951042011455,True,0.017961771203534763,2
D,BNBUSDT,bull,none,2025-10-01 08:00:00,0.4185957160695411,0.12822975698780156,0.4416142904399625,True,0.40775951042011455,True,0.017961771203534763,2
D,BNBUSDT,bull,none,2025-10-05 04:00:00,0.21245013807916566,0.05768640687327471,0.37273853779430544,True,0.3435353159851356,True,0.043034673212642,1
D,BNBUSDT,bull,none,2025-10-10 08:00:00,0.3192636667906287,0.21316009669021943,2.0089813800657144,False,-1.0278466593647315,False,0.045858125697285264,8
D,BNBUSDT,bull,half,2025-11-07 16:00:00,0.8995299540843178,0.7121104880129216,3.7995545657015586,False,-1.0095112811077758,False,0.0330302535344185,142
D,BNBUSDT,bull,none,2025-10-26 20:00:00,0.6417487885882288,0.42964737482078375,2.025669547360317,False,-1.0097362026182939,False,0.10515235658155037,71
D,BNBUSDT,bull,none,2025-10-26 04:00:00,0.583662593035009,0.36451346136175566,1.6633123689727303,True,1.6163450733752462,True,0.0537535605991008,7
D,BNBUSDT,bull,strict,2025-11-12 08:00:00,0.48498466367073284,0.34260646265782146,2.406312625250495,False,-1.0486533066132264,False,0.037805834938297714,2
D,BNBUSDT,bull,half,2025-11-12 08:00:00,0.48498466367073284,0.34260646265782146,2.406312625250495,False,-1.0486533066132264,False,0.037805834938297714,2
D,BNBUSDT,bull,none,2025-11-12 08:00:00,0.48498466367073284,0.34260646265782146,2.406312625250495,False,-1.0486533066132264,False,0.037805834938297714,2
D,BNBUSDT,bull,strict,2025-11-30 12:00:00,0.49928562150928757,0.16391739186907395,0.48876839659178856,False,-1.034638652207591,False,0.012079490842965968,3
D,BNBUSDT,bull,half,2025-11-30 12:00:00,0.49928562150928757,0.16391739186907395,0.48876839659178856,False,-1.034638652207591,False,0.012079490842965968,3
D,BNBUSDT,bull,none,2025-11-30 12:00:00,0.49928562150928757,0.16391739186907395,0.48876839659178856,False,-1.034638652207591,False,0.012079490842965968,3
D,BNBUSDT,bull,none,2025-12-12 00:00:00,0.546595544399121,0.28318167555695023,1.0750446694461018,False,-1.0265866587254318,False,0.13374647003451573,36
D,BNBUSDT,bull,none,2026-01-10 12:00:00,0.7265306122448982,0.22696793002915516,0.4543332360665322,True,0.42780070032098216,True,0.09081632653061247,15
D,BNBUSDT,bull,strict,2026-02-19 20:00:00,0.9412698412698407,0.697222222222223,2.8569105691057097,False,-1.0493951219512196,True,0.0035714285714275726,17
D,BNBUSDT,bull,half,2026-02-19 20:00:00,0.9412698412698407,0.697222222222223,2.8569105691057097,False,-1.0493951219512196,True,0.0035714285714275726,17
D,BNBUSDT,bull,none,2026-02-19 20:00:00,0.9412698412698407,0.697222222222223,2.8569105691057097,False,-1.0493951219512196,True,0.0035714285714275726,17
D,BNBUSDT,bull,half,2026-02-28 16:00:00,0.8173926523019691,0.43497132227561713,1.1374138629914918,True,1.1125634373733322,True,0.21423035188342796,10
D,BNBUSDT,bull,none,2026-02-28 16:00:00,0.8173926523019691,0.43497132227561713,1.1374138629914918,True,1.1125634373733322,True,0.21423035188342796,10
D,BNBUSDT,bull,none,2026-03-09 08:00:00,0.7543567401332654,0.4998718605843159,1.9642497482376617,True,1.932657603222556,True,0.01307022039979475,20
D,BNBUSDT,bull,half,2026-03-15 08:00:00,0.6525666446353825,0.39568186825292007,1.540308747855925,True,1.483565180102923,True,0.05706102665785487,2
D,BNBUSDT,bull,none,2026-03-15 08:00:00,0.6525666446353825,0.39568186825292007,1.540308747855925,True,1.483565180102923,True,0.05706102665785487,2
D,BNBUSDT,bull,none,2026-04-11 16:00:00,0.7410128575177118,0.3154027814221983,0.7410604192355094,False,-1.0378150431565967,False,0.08186827604303341,16
D,BNBUSDT,bull,none,2026-04-20 16:00:00,0.5673108963678776,0.30456514495168374,1.159162967660121,True,1.1191559923906218,True,0.08430523158946913,4
D,BNBUSDT,bull,none,2026-04-26 16:00:00,0.697861635220126,0.47044025157232533,2.068584070796435,False,-1.0703749999999994,False,0.09308176100629045,16
D,BNBUSDT,bull,strict,2026-05-08 16:00:00,0.5682528017637337,0.29836487231306247,1.1055139550714737,True,1.0613696392103438,True,0.024618776410066445,4
D,BNBUSDT,bull,half,2026-05-08 16:00:00,0.5682528017637337,0.29836487231306247,1.1055139550714737,True,1.0613696392103438,True,0.024618776410066445,4
D,BNBUSDT,bull,none,2026-05-08 16:00:00,0.5682528017637337,0.29836487231306247,1.1055139550714737,True,1.0613696392103438,True,0.024618776410066445,4
D,BNBUSDT,bull,strict,2026-05-27 12:00:00,0.5975071410023369,0.39755907556478703,1.9883116883116694,False,-1.085480519480519,False,0.008309529992211117,3
D,BNBUSDT,bull,half,2026-05-27 12:00:00,0.5975071410023369,0.39755907556478703,1.9883116883116694,False,-1.085480519480519,False,0.008309529992211117,3
D,BNBUSDT,bull,none,2026-05-27 12:00:00,0.5975071410023369,0.39755907556478703,1.9883116883116694,False,-1.085480519480519,False,0.008309529992211117,3
D,BNBUSDT,bull,strict,2026-06-10 12:00:00,0.5577241760265153,0.2575952863192781,0.858282208588954,True,0.8216441717791382,True,0.02485730068127456,9
D,BNBUSDT,bull,half,2026-06-10 12:00:00,0.5577241760265153,0.2575952863192781,0.858282208588954,True,0.8216441717791382,True,0.02485730068127456,9
D,BNBUSDT,bull,none,2026-06-10 12:00:00,0.5577241760265153,0.2575952863192781,0.858282208588954,True,0.8216441717791382,True,0.02485730068127456,9
D,BNBUSDT,bull,strict,2026-07-17 16:00:00,0.6748053786270333,0.45063694267515897,2.0102604577742786,True,1.9654017363851704,True,0.013269639065817388,64
D,BNBUSDT,bull,half,2026-07-17 16:00:00,0.6748053786270333,0.45063694267515897,2.0102604577742786,True,1.9654017363851704,True,0.013269639065817388,64
D,BNBUSDT,bull,none,2026-07-11 04:00:00,0.5882873319179042,0.29299363057324895,0.9922109047333804,False,-1.0345877771120433,False,0.10509554140127267,25
D,BNBUSDT,bull,half,2026-07-14 12:00:00,0.9207839934667236,0.071049407921601,0.08361364728495935,True,0.05558241230177827,False,0.09024091465904596,3
D,BNBUSDT,bull,none,2026-07-14 12:00:00,0.9207839934667236,0.071049407921601,0.08361364728495935,True,0.05558241230177827,False,0.09024091465904596,3
D,BNBUSDT,bull,strict,2026-08-02 00:00:00,0.671357373204338,0.4092641454119036,1.561521252796435,True,1.4963489932886047,True,0.027264731750218398,6
D,BNBUSDT,bull,half,2026-08-02 00:00:00,0.671357373204338,0.4092641454119036,1.561521252796435,True,1.4963489932886047,True,0.027264731750218398,6
D,BNBUSDT,bull,none,2026-08-02 00:00:00,0.671357373204338,0.4092641454119036,1.561521252796435,True,1.4963489932886047,True,0.027264731750218398,6
D,BNBUSDT,bull,strict,2026-08-11 08:00:00,0.5528667163067764,0.1381236038719298,0.3330341113105961,True,0.278388689407544,True,0.03760238272524164,8
D,BNBUSDT,bull,half,2026-08-11 08:00:00,0.5528667163067764,0.1381236038719298,0.3330341113105961,True,0.278388689407544,True,0.03760238272524164,8
D,BNBUSDT,bull,none,2026-08-11 08:00:00,0.5528667163067764,0.1381236038719298,0.3330341113105961,True,0.278388689407544,True,0.03760238272524164,8
D,BNBUSDT,bull,strict,2026-08-14 20:00:00,0.7640739149119031,0.5393210141813478,2.399617590822163,False,-1.1163154875717014,False,0.014181349376876987,5
D,BNBUSDT,bull,half,2026-08-14 20:00:00,0.7640739149119031,0.5393210141813478,2.399617590822163,False,-1.1163154875717014,False,0.014181349376876987,5
D,BNBUSDT,bull,none,2026-08-14 20:00:00,0.7640739149119031,0.5393210141813478,2.399617590822163,False,-1.1163154875717014,False,0.014181349376876987,5
D,BNBUSDT,bull,none,2026-09-03 00:00:00,0.4107269433724499,0.26880365440655263,1.8940066592674822,True,1.8555482796892357,True,0.001260140190595953,60
D,BNBUSDT,bull,none,2026-09-08 04:00:00,0.45283727921833916,0.24746335963923355,1.204940530649589,False,-1.0345425434583715,False,0.031191281473130855,7
D,BNBUSDT,bull,none,2026-09-14 00:00:00,0.7414104882459318,0.48462929475587635,1.8873239436619607,False,-1.0727313883299794,True,0.028933092224231554,6
D,BNBUSDT,bull,none,2026-09-30 08:00:00,0.909205947484973,0.5952230306864913,1.8957178841309799,True,1.8568967254408035,True,0.09142676368238033,44
D,BNBUSDT,bear,half,2020-02-24 16:00:00,0.6501847115657862,0.24524012503552145,0.6056140350877187,True,0.5902715789473678,True,0.08269394714407516,16
D,BNBUSDT,bear,none,2020-02-24 16:00:00,0.6501847115657862,0.24524012503552145,0.6056140350877187,True,0.5902715789473678,True,0.08269394714407516,16
D,BNBUSDT,bear,strict,2020-03-07 16:00:00,0.728297834258099,0.42169321639520285,1.3753648569760635,True,1.363656158785754,True,0.008591372829783115,46
D,BNBUSDT,bear,half,2020-03-07 16:00:00,0.728297834258099,0.42169321639520285,1.3753648569760635,True,1.363656158785754,True,0.008591372829783115,46
D,BNBUSDT,bear,none,2020-03-07 16:00:00,0.728297834258099,0.42169321639520285,1.3753648569760635,True,1.363656158785754,True,0.008591372829783115,46
D,BNBUSDT,bear,none,2020-03-22 16:00:00,0.4803012746234067,0.32876271404660745,2.1694987255734928,False,-1.004818606627018,False,0.027874340157074795,46
D,BNBUSDT,bear,half,2020-04-01 08:00:00,0.7056918093475246,0.4983803794539566,2.404017857142855,False,-1.0274598214285715,False,0.011568718186024333,2
D,BNBUSDT,bear,none,2020-04-01 08:00:00,0.7056918093475246,0.4983803794539566,2.404017857142855,False,-1.0274598214285715,False,0.011568718186024333,2
D,BNBUSDT,bear,half,2020-04-13 00:00:00,0.6762275157997082,0.13028682547399156,0.2386464826357977,False,-1.012219946571683,False,0.24307243558580452,6
D,BNBUSDT,bear,none,2020-04-13 00:00:00,0.6762275157997082,0.13028682547399156,0.2386464826357977,False,-1.012219946571683,False,0.24307243558580452,6
D,BNBUSDT,bear,half,2020-05-06 20:00:00,0.6739832149774053,0.09102646868947598,0.15614617940199102,True,0.13799446290143735,False,0.10329244673983227,5
D,BNBUSDT,bear,none,2020-05-06 20:00:00,0.6739832149774053,0.09102646868947598,0.15614617940199102,True,0.13799446290143735,False,0.10329244673983227,5
D,BNBUSDT,bear,strict,2020-05-20 12:00:00,0.9619663648124186,0.7829236739974121,4.372832369942192,False,-1.0240693641618497,True,0.01190168175937888,51
D,BNBUSDT,bear,half,2020-05-15 16:00:00,0.7924967658473481,0.5914618369987062,2.9420849420849375,False,-1.0204839124839125,False,0.021992238033634946,22
D,BNBUSDT,bear,none,2020-05-15 16:00:00,0.7924967658473481,0.5914618369987062,2.9420849420849375,False,-1.0204839124839125,False,0.021992238033634946,22
D,BNBUSDT,bear,strict,2020-05-24 20:00:00,0.7376237623762378,0.13613861386138656,0.22633744855967156,False,-1.016411522633745,False,0.017945544554455396,11
D,BNBUSDT,bear,half,2020-05-24 20:00:00,0.7376237623762378,0.13613861386138656,0.22633744855967156,False,-1.016411522633745,False,0.017945544554455396,11
D,BNBUSDT,bear,none,2020-05-24 20:00:00,0.7376237623762378,0.13613861386138656,0.22633744855967156,False,-1.016411522633745,False,0.017945544554455396,11
D,BNBUSDT,bear,strict,2020-06-24 08:00:00,0.5773101555352244,0.3055809698078679,1.124579124579121,True,1.097521885521882,True,0.0022872827081438967,44
D,BNBUSDT,bear,half,2020-06-19 00:00:00,0.574565416285453,0.2470265324794149,0.7541899441340802,False,-1.022268156424581,False,0.05672461116193987,12
D,BNBUSDT,bear,none,2020-06-17 16:00:00,0.574565416285453,0.30420860018298224,1.1252115059221623,False,-1.0271895093062606,False,0.09881061299176627,4
D,BNBUSDT,bear,strict,2020-07-02 12:00:00,0.6498727735368953,0.3486005089058518,1.1570945945945914,False,-1.0259898648648649,False,0.10279898218829515,21
D,BNBUSDT,bear,half,2020-07-02 12:00:00,0.6498727735368953,0.3486005089058518,1.1570945945945914,False,-1.0259898648648649,False,0.10279898218829515,21
D,BNBUSDT,bear,none,2020-07-02 12:00:00,0.6498727735368953,0.3486005089058518,1.1570945945945914,False,-1.0259898648648649,False,0.10279898218829515,21
D,BNBUSDT,bear,none,2020-08-11 08:00:00,0.751181102362204,0.4425196850393697,1.4336734693877555,True,1.4054413265306127,True,0.057480314960630254,14
D,BNBUSDT,bear,strict,2020-08-21 08:00:00,0.6781153676794374,0.30162923822104887,0.8011695906432771,True,0.7748596491228092,True,0.2025539409951566,2
D,BNBUSDT,bear,half,2020-08-21 08:00:00,0.6781153676794374,0.30162923822104887,0.8011695906432771,True,0.7748596491228092,True,0.2025539409951566,2
D,BNBUSDT,bear,none,2020-08-21 08:00:00,0.6781153676794374,0.30162923822104887,0.8011695906432771,True,0.7748596491228092,True,0.2025539409951566,2
D,BNBUSDT,bear,strict,2020-08-25 00:00:00,0.6124281609195399,0.3444683908045977,1.2855227882037552,True,1.2556890080428973,True,0.029094827586206733,6
D,BNBUSDT,bear,half,2020-08-25 00:00:00,0.6124281609195399,0.3444683908045977,1.2855227882037552,True,1.2556890080428973,True,0.029094827586206733,6
D,BNBUSDT,bear,none,2020-08-25 00:00:00,0.6124281609195399,0.3444683908045977,1.2855227882037552,True,1.2556890080428973,True,0.029094827586206733,6
D,BNBUSDT,bear,strict,2020-09-10 16:00:00,0.9587178847592916,0.8119231728610623,5.53101104502972,False,-1.020730671197961,True,0.025567473185332788,22
D,BNBUSDT,bear,half,2020-09-10 16:00:00,0.9587178847592916,0.8119231728610623,5.53101104502972,False,-1.020730671197961,True,0.025567473185332788,22
D,BNBUSDT,bear,none,2020-09-10 16:00:00,0.9587178847592916,0.8119231728610623,5.53101104502972,False,-1.020730671197961,True,0.025567473185332788,22
D,BNBUSDT,bear,strict,2020-09-19 04:00:00,0.42032362459546935,0.15741100323624568,0.5987198424421448,True,0.5855278188084668,True,0.023300970873786377,7
D,BNBUSDT,bear,half,2020-09-19 04:00:00,0.42032362459546935,0.15741100323624568,0.5987198424421448,True,0.5855278188084668,True,0.023300970873786377,7
D,BNBUSDT,bear,none,2020-09-19 04:00:00,0.42032362459546935,0.15741100323624568,0.5987198424421448,True,0.5855278188084668,True,0.023300970873786377,7
D,BNBUSDT,bear,strict,2020-09-25 08:00:00,0.42270531400966177,0.3046497584541063,2.580562659846548,False,-1.0309693094629155,False,0.01479468599033854,14
D,BNBUSDT,bear,half,2020-09-25 08:00:00,0.42270531400966177,0.3046497584541063,2.580562659846548,False,-1.0309693094629155,False,0.01479468599033854,14
D,BNBUSDT,bear,none,2020-09-25 08:00:00,0.42270531400966177,0.3046497584541063,2.580562659846548,False,-1.0309693094629155,False,0.01479468599033854,14
D,BNBUSDT,bear,strict,2020-10-05 08:00:00,0.9085197285750186,0.6632319678311133,2.703893442622953,False,-1.0289026639344263,True,0.0037697914048757403,8
D,BNBUSDT,bear,half,2020-10-05 08:00:00,0.9085197285750186,0.6632319678311133,2.703893442622953,False,-1.0289026639344263,True,0.0037697914048757403,8
D,BNBUSDT,bear,none,2020-10-05 08:00:00,0.9085197285750186,0.6632319678311133,2.703893442622953,False,-1.0289026639344263,True,0.0037697914048757403,8
D,BNBUSDT,bear,strict,2020-11-02 12:00:00,0.36421853111867125,0.168501100660396,0.8609406952965208,True,0.8320112474437602,True,0.04482689613768265,9
D,BNBUSDT,bear,half,2020-11-02 12:00:00,0.36421853111867125,0.168501100660396,0.8609406952965208,True,0.8320112474437602,True,0.04482689613768265,9
D,BNBUSDT,bear,none,2020-11-02 12:00:00,0.36421853111867125,0.168501100660396,0.8609406952965208,True,0.8320112474437602,True,0.04482689613768265,9
D,BNBUSDT,bear,half,2020-11-14 00:00:00,0.9137134052388276,0.42989214175654783,0.8885350318471333,True,0.8441719745222925,True,0.0400616332819719,0
D,BNBUSDT,bear,none,2020-11-14 00:00:00,0.9137134052388276,0.42989214175654783,0.8885350318471333,True,0.8441719745222925,True,0.0400616332819719,0
D,BNBUSDT,bear,half,2020-12-01 16:00:00,0.6202573774129132,0.44808076325715557,2.602448453608249,False,-1.019618556701031,True,0.035167517195473716,22
D,BNBUSDT,bear,none,2020-12-01 16:00:00,0.6202573774129132,0.44808076325715557,2.602448453608249,False,-1.019618556701031,True,0.035167517195473716,22
D,BNBUSDT,bear,strict,2020-12-14 04:00:00,0.754319180087848,0.6061493411420207,4.09090909090909,False,-1.0569505928853755,False,0.0011713030746709624,7
D,BNBUSDT,bear,half,2020-12-14 04:00:00,0.754319180087848,0.6061493411420207,4.09090909090909,False,-1.0569505928853755,False,0.0011713030746709624,7
D,BNBUSDT,bear,none,2020-12-14 04:00:00,0.754319180087848,0.6061493411420207,4.09090909090909,False,-1.0569505928853755,False,0.0011713030746709624,7
D,BNBUSDT,bear,half,2020-12-27 08:00:00,0.7811864406779655,0.49406779661016975,1.720779220779227,False,-1.0193122786304605,False,0.03186440677966141,14
D,BNBUSDT,bear,none,2020-12-27 08:00:00,0.7811864406779655,0.49406779661016975,1.720779220779227,False,-1.0193122786304605,False,0.03186440677966141,14
D,BNBUSDT,bear,strict,2021-01-17 04:00:00,0.9245283018867919,0.6406156901688183,2.25638335082197,False,-1.0145438964672964,False,0.060774577954319946,25
D,BNBUSDT,bear,half,2021-01-17 04:00:00,0.9245283018867919,0.6406156901688183,2.25638335082197,False,-1.0145438964672964,False,0.060774577954319946,25
D,BNBUSDT,bear,none,2021-01-17 04:00:00,0.9245283018867919,0.6406156901688183,2.25638335082197,False,-1.0145438964672964,False,0.060774577954319946,25
D,BNBUSDT,bear,strict,2021-01-24 12:00:00,0.5158640226628898,0.41378659112370153,4.053654024051791,False,-1.0381054579093432,False,0.03172804532577891,3
D,BNBUSDT,bear,half,2021-01-24 12:00:00,0.5158640226628898,0.41378659112370153,4.053654024051791,False,-1.0381054579093432,False,0.03172804532577891,3
D,BNBUSDT,bear,none,2021-01-24 12:00:00,0.5158640226628898,0.41378659112370153,4.053654024051791,False,-1.0381054579093432,False,0.03172804532577891,3
D,BNBUSDT,bear,none,2021-03-16 00:00:00,0.7987447447447447,0.3791951951951952,0.903815045451292,False,-1.0035306849903372,False,0.10849249249249245,114
D,BNBUSDT,bear,none,2021-03-05 00:00:00,0.8225518872871779,0.3058815303399331,0.5920245398773002,False,-1.0049902562251896,False,0.23332672967335186,18
D,BNBUSDT,bear,strict,2021-03-14 20:00:00,0.550167486280379,0.2414938350794671,0.782359732163474,True,0.7702018933271775,True,0.03570664956168479,5
D,BNBUSDT,bear,half,2021-03-14 20:00:00,0.550167486280379,0.2414938350794671,0.782359732163474,True,0.7702018933271775,True,0.03570664956168479,5
D,BNBUSDT,bear,none,2021-03-14 20:00:00,0.550167486280379,0.2414938350794671,0.782359732163474,True,0.7702018933271775,True,0.03570664956168479,5
D,BNBUSDT,bear,none,2021-03-18 16:00:00,0.49991502268240684,0.24746702226405692,0.9802692905230436,True,0.9668602278612103,True,0.03567739995555014,4
D,BNBUSDT,bear,none,2021-04-22 16:00:00,0.8853374736766961,0.4914337723525001,1.2475987676694449,False,-1.0059635737586081,False,0.057085876432166,16
D,BNBUSDT,bear,strict,2021-05-15 04:00:00,0.5651265822784808,0.35082278481012624,1.637034849379797,True,1.619833727111634,True,0.023544303797468528,1
D,BNBUSDT,bear,half,2021-05-15 04:00:00,0.5651265822784808,0.35082278481012624,1.637034849379797,True,1.619833727111634,True,0.023544303797468528,1
D,BNBUSDT,bear,none,2021-05-15 04:00:00,0.5651265822784808,0.35082278481012624,1.637034849379797,True,1.619833727111634,True,0.023544303797468528,1
D,BNBUSDT,bear,strict,2021-05-25 08:00:00,0.348077491242139,0.20852150424175916,1.4941781339785274,False,-1.0046869801905338,False,0.007259528130671502,2
D,BNBUSDT,bear,half,2021-05-25 08:00:00,0.348077491242139,0.20852150424175916,1.4941781339785274,False,-1.0046869801905338,False,0.007259528130671502,2
D,BNBUSDT,bear,none,2021-05-25 08:00:00,0.348077491242139,0.20852150424175916,1.4941781339785274,False,-1.0046869801905338,False,0.007259528130671502,2
D,BNBUSDT,bear,strict,2021-06-10 12:00:00,0.670261066969353,0.4270147559591373,1.7554829678021462,False,-1.016647223518432,True,0.022701475595913727,3
D,BNBUSDT,bear,half,2021-06-10 12:00:00,0.670261066969353,0.4270147559591373,1.7554829678021462,False,-1.016647223518432,True,0.022701475595913727,3
D,BNBUSDT,bear,none,2021-06-10 12:00:00,0.670261066969353,0.4270147559591373,1.7554829678021462,False,-1.016647223518432,True,0.022701475595913727,3
D,BNBUSDT,bear,half,2021-06-26 04:00:00,0.780930470347648,0.3755964553510564,0.9266344334664702,False,-1.0056565062013874,False,0.07387525562372152,13
D,BNBUSDT,bear,none,2021-06-26 04:00:00,0.780930470347648,0.3755964553510564,0.9266344334664702,False,-1.0056565062013874,False,0.07387525562372152,13
D,BNBUSDT,bear,strict,2021-06-29 20:00:00,0.9808748343116835,0.6991100170422271,2.4811827956989267,False,-1.020212365591398,True,0.04733951903048665,11
D,BNBUSDT,bear,half,2021-06-29 20:00:00,0.9808748343116835,0.6991100170422271,2.4811827956989267,False,-1.020212365591398,True,0.04733951903048665,11
D,BNBUSDT,bear,none,2021-06-29 20:00:00,0.9808748343116835,0.6991100170422271,2.4811827956989267,False,-1.020212365591398,True,0.04733951903048665,11
D,BNBUSDT,bear,strict,2021-07-04 00:00:00,0.6900025182573657,0.49735582976580234,2.5816993464052365,False,-1.0386509803921569,False,0.009821203727020562,0
D,BNBUSDT,bear,half,2021-07-04 00:00:00,0.6900025182573657,0.49735582976580234,2.5816993464052365,False,-1.0386509803921569,False,0.009821203727020562,0
D,BNBUSDT,bear,none,2021-07-04 00:00:00,0.6900025182573657,0.49735582976580234,2.5816993464052365,False,-1.0386509803921569,False,0.009821203727020562,0
D,BNBUSDT,bear,strict,2021-07-12 16:00:00,0.8565400843881857,0.2626582278481021,0.4422735346358812,True,0.4284422735346379,True,0.06988396624472511,10
D,BNBUSDT,bear,half,2021-07-12 16:00:00,0.8565400843881857,0.2626582278481021,0.4422735346358812,True,0.4284422735346379,True,0.06988396624472511,10
D,BNBUSDT,bear,none,2021-07-12 16:00:00,0.8565400843881857,0.2626582278481021,0.4422735346358812,True,0.4284422735346379,True,0.06988396624472511,10
D,BNBUSDT,bear,strict,2021-07-24 16:00:00,0.982621288921072,0.7977914554670527,4.316356513222315,False,-1.0291586679725757,False,0.005611875452570641,16
D,BNBUSDT,bear,half,2021-07-24 16:00:00,0.982621288921072,0.7977914554670527,4.316356513222315,False,-1.0291586679725757,False,0.005611875452570641,16
D,BNBUSDT,bear,none,2021-07-24 16:00:00,0.982621288921072,0.7977914554670527,4.316356513222315,False,-1.0291586679725757,False,0.005611875452570641,16
D,BNBUSDT,bear,strict,2021-11-12 08:00:00,0.6516290726817042,0.43248120300751863,1.9734675205855425,False,-1.0280484903934126,False,0.01694235588972486,2
D,BNBUSDT,bear,half,2021-11-12 08:00:00,0.6516290726817042,0.43248120300751863,1.9734675205855425,False,-1.0280484903934126,False,0.01694235588972486,2
D,BNBUSDT,bear,none,2021-11-12 08:00:00,0.6516290726817042,0.43248120300751863,1.9734675205855425,False,-1.0280484903934126,False,0.01694235588972486,2
D,BNBUSDT,bear,strict,2021-11-21 00:00:00,0.6201782481548527,0.5165018799610078,4.981867024848893,False,-1.0396601746138348,True,0.016014482662581497,6
D,BNBUSDT,bear,half,2021-11-21 00:00:00,0.6201782481548527,0.5165018799610078,4.981867024848893,False,-1.0396601746138348,True,0.016014482662581497,6
D,BNBUSDT,bear,none,2021-11-21 00:00:00,0.6201782481548527,0.5165018799610078,4.981867024848893,False,-1.0396601746138348,True,0.016014482662581497,6
D,BNBUSDT,bear,strict,2021-12-09 08:00:00,0.7954613675932037,0.6442936903403974,4.2621127879269345,False,,True,0.020411838866542457,20
D,BNBUSDT,bear,half,2021-12-09 08:00:00,0.7954613675932037,0.6442936903403974,4.2621127879269345,False,,True,0.020411838866542457,20
D,BNBUSDT,bear,none,2021-12-06 04:00:00,0.5850393228072281,0.34832202677553004,1.471468425057066,False,-1.013750951052498,False,0.05367112925496753,1
D,BNBUSDT,bear,none,2021-12-28 04:00:00,0.9668083939103009,0.6398299273076395,1.9567953020134192,True,1.9338024328859025,True,0.134960910711837,67
D,BNBUSDT,bear,strict,2022-01-03 16:00:00,0.42270384965140917,0.1289784783267655,0.4391124871001028,True,0.4125634674922597,True,0.0030312215822966312,10
D,BNBUSDT,bear,half,2022-01-03 16:00:00,0.42270384965140917,0.1289784783267655,0.4391124871001028,True,0.4125634674922597,True,0.0030312215822966312,10
D,BNBUSDT,bear,none,2022-01-03 16:00:00,0.42270384965140917,0.1289784783267655,0.4391124871001028,True,0.4125634674922597,True,0.04819642315853212,10
D,BNBUSDT,bear,strict,2022-01-13 00:00:00,0.6437539234149405,0.5620684243565599,6.8808837656099735,False,-1.0459260326609028,True,0.0011770244821090496,6
D,BNBUSDT,bear,half,2022-01-13 00:00:00,0.6437539234149405,0.5620684243565599,6.8808837656099735,False,-1.0459260326609028,True,0.0011770244821090496,6
D,BNBUSDT,bear,none,2022-01-13 00:00:00,0.6437539234149405,0.5620684243565599,6.8808837656099735,False,-1.0459260326609028,True,0.0011770244821090496,6
D,BNBUSDT,bear,strict,2022-01-26 20:00:00,0.4678255993270715,0.2738679377541007,1.4119985543910363,False,-1.0135435489700035,False,0.012547315295107395,17
D,BNBUSDT,bear,half,2022-01-26 20:00:00,0.4678255993270715,0.2738679377541007,1.4119985543910363,False,-1.0135435489700035,False,0.012547315295107395,17
D,BNBUSDT,bear,none,2022-01-26 20:00:00,0.4678255993270715,0.2738679377541007,1.4119985543910363,False,-1.0135435489700035,False,0.012547315295107395,17
D,BNBUSDT,bear,half,2022-01-30 16:00:00,0.8822438572090858,0.32753824756606487,0.5904722106142951,True,0.5748679481822014,False,0.16504404265183117,10
D,BNBUSDT,bear,none,2022-01-30 16:00:00,0.8822438572090858,0.32753824756606487,0.5904722106142951,True,0.5748679481822014,False,0.16504404265183117,10
D,BNBUSDT,bear,none,2022-02-02 12:00:00,0.7301197420939526,0.18943813325145892,0.35036910846110225,True,0.3293049403747877,False,0.1489100399140303,3
D,BNBUSDT,bear,none,2022-03-10 04:00:00,0.5983582089552235,0.2253731343283577,0.6042416966786699,True,0.5891372549019592,False,0.13567164179104524,7
D,BNBUSDT,bear,strict,2022-04-18 04:00:00,0.9307213284898803,0.17021276595744678,0.22381439781644497,False,-1.0135639713408393,False,0.18915412558380945,31
D,BNBUSDT,bear,half,2022-04-18 04:00:00,0.9307213284898803,0.17021276595744678,0.22381439781644497,False,-1.0135639713408393,False,0.18915412558380945,31
D,BNBUSDT,bear,none,2022-04-18 04:00:00,0.9307213284898803,0.17021276595744678,0.22381439781644497,False,-1.0135639713408393,False,0.18915412558380945,31
D,BNBUSDT,bear,none,2022-04-29 16:00:00,0.5883506569915669,0.21278682094528378,0.5665796344647538,True,0.5461462140992185,False,0.06314963718376204,10
D,BNBUSDT,bear,strict,2022-05-20 12:00:00,0.5060978695410151,0.41759020292495336,4.71812464265296,False,-1.0170903373356204,False,0.003188097768331539,39
D,BNBUSDT,bear,half,2022-05-20 12:00:00,0.5060978695410151,0.41759020292495336,4.71812464265296,False,-1.0170903373356204,False,0.003188097768331539,39
D,BNBUSDT,bear,none,2022-05-20 12:00:00,0.5060978695410151,0.41759020292495336,4.71812464265296,False,-1.0170903373356204,False,0.003188097768331539,39
D,BNBUSDT,bear,strict,2022-05-29 00:00:00,0.42932046979865823,0.2181208053691282,1.0327706057596864,False,-1.0298510427010923,False,0.024119127516778045,0
D,BNBUSDT,bear,half,2022-05-29 00:00:00,0.42932046979865823,0.2181208053691282,1.0327706057596864,False,-1.0298510427010923,False,0.024119127516778045,0
D,BNBUSDT,bear,none,2022-05-29 00:00:00,0.42932046979865823,0.2181208053691282,1.0327706057596864,False,-1.0298510427010923,False,0.024119127516778045,0
D,BNBUSDT,bear,strict,2022-06-03 04:00:00,0.47126852186483603,0.2847849656667868,1.527131782945728,True,1.468017441860457,True,0.016624503071918297,1
D,BNBUSDT,bear,half,2022-06-03 04:00:00,0.47126852186483603,0.2847849656667868,1.527131782945728,True,1.468017441860457,True,0.016624503071918297,1
D,BNBUSDT,bear,none,2022-06-03 04:00:00,0.47126852186483603,0.2847849656667868,1.527131782945728,True,1.468017441860457,True,0.016624503071918297,1
D,BNBUSDT,bear,none,2022-06-06 16:00:00,0.6165933375235704,0.27781269641734685,0.8200371057513869,True,0.792037105751387,True,0.0961659333752358,10
D,BNBUSDT,bear,strict,2022-06-20 00:00:00,0.6238244514106587,0.47114143463027874,3.0857487922705324,False,-1.025183574879227,False,0.021574774110270842,0
D,BNBUSDT,bear,half,2022-06-20 00:00:00,0.6238244514106587,0.47114143463027874,3.0857487922705324,False,-1.025183574879227,False,0.021574774110270842,0
D,BNBUSDT,bear,none,2022-06-20 00:00:00,0.6238244514106587,0.47114143463027874,3.0857487922705324,False,-1.025183574879227,False,0.021574774110270842,0
D,BNBUSDT,bear,strict,2022-07-05 08:00:00,0.8342749529190209,0.5792305622814096,2.271097046413498,False,-1.0239398734177214,False,0.025827280064568404,20
D,BNBUSDT,bear,half,2022-07-05 08:00:00,0.8342749529190209,0.5792305622814096,2.271097046413498,False,-1.0239398734177214,False,0.025827280064568404,20
D,BNBUSDT,bear,none,2022-07-05 08:00:00,0.8342749529190209,0.5792305622814096,2.271097046413498,False,-1.0239398734177214,False,0.025827280064568404,20
D,BNBUSDT,bear,none,2022-07-23 08:00:00,0.9151565074135088,0.21581548599670455,0.3085983510011769,True,0.29353769140164804,False,0.08319604612850016,2
D,BNBUSDT,bear,half,2022-08-26 12:00:00,0.6807677242459849,0.2873090481786126,0.7302140368342427,True,0.715889995022396,True,0.11065413239326238,33
D,BNBUSDT,bear,none,2022-08-26 12:00:00,0.6807677242459849,0.2873090481786126,0.7302140368342427,True,0.715889995022396,True,0.11065413239326238,33
D,BNBUSDT,bear,half,2022-09-18 16:00:00,0.4154761904761913,0.1866071428571439,0.8153446033810196,True,0.7798868660598232,True,0.01101190476190489,10
D,BNBUSDT,bear,none,2022-09-18 16:00:00,0.4154761904761913,0.1866071428571439,0.8153446033810196,True,0.7798868660598232,True,0.01101190476190489,10
D,BNBUSDT,bear,half,2022-09-23 12:00:00,0.8852867830423944,0.6109725685785531,2.2272727272727177,False,-1.041060606060606,False,0.08354114713216919,15
D,BNBUSDT,bear,none,2022-09-23 12:00:00,0.8852867830423944,0.6109725685785531,2.2272727272727177,False,-1.041060606060606,False,0.08354114713216919,15
D,BNBUSDT,bear,none,2022-10-21 04:00:00,0.5058411214953265,0.2773364485981309,1.2137014314928465,False,-1.0272873210633948,False,0.07967289719626225,37
D,BNBUSDT,bear,strict,2022-10-18 12:00:00,0.9208025343189016,0.5195353748680075,1.294736842105283,True,1.2231315789473873,True,0.03484688489968764,9
D,BNBUSDT,bear,half,2022-10-18 12:00:00,0.9208025343189016,0.5195353748680075,1.294736842105283,True,1.2231315789473873,True,0.03484688489968764,9
D,BNBUSDT,bear,none,2022-10-18 12:00:00,0.9208025343189016,0.5195353748680075,1.294736842105283,True,1.2231315789473873,True,0.03484688489968764,9
D,BNBUSDT,bear,none,2022-11-12 00:00:00,0.3711671789007219,0.1715388464012579,0.8592910848549944,True,0.8491228070175436,True,0.08398256021728252,6
D,BNBUSDT,bear,half,2022-11-20 08:00:00,0.405405405405404,0.15121450564488584,0.5948855989232902,True,0.5589030955585523,True,0.053711939787888886,8
D,BNBUSDT,bear,none,2022-11-20 08:00:00,0.405405405405404,0.15121450564488584,0.5948855989232902,True,0.5589030955585523,True,0.053711939787888886,8
D,BNBUSDT,bear,none,2022-12-01 12:00:00,0.6021874999999994,0.18875000000000064,0.456538170823888,True,0.43446409674981384,True,0.06343749999999915,9
D,BNBUSDT,bear,strict,2022-12-05 12:00:00,0.616084250837722,0.28434657730971763,0.857142857142856,True,0.8152496392496381,True,0.07419818094782252,9
D,BNBUSDT,bear,half,2022-12-05 12:00:00,0.616084250837722,0.28434657730971763,0.857142857142856,True,0.8152496392496381,True,0.07419818094782252,9
D,BNBUSDT,bear,none,2022-12-05 12:00:00,0.616084250837722,0.28434657730971763,0.857142857142856,True,0.8152496392496381,True,0.07419818094782252,9
D,BNBUSDT,bear,strict,2022-12-09 16:00:00,0.7014492753623202,0.45623188405797127,1.8605200945626408,True,1.7924657210401824,True,0.013913043478258101,4
D,BNBUSDT,bear,half,2022-12-09 16:00:00,0.7014492753623202,0.45623188405797127,1.8605200945626408,True,1.7924657210401824,True,0.013913043478258101,4
D,BNBUSDT,bear,none,2022-12-09 16:00:00,0.7014492753623202,0.45623188405797127,1.8605200945626408,True,1.7924657210401824,True,0.013913043478258101,4
D,BNBUSDT,bear,strict,2023-01-09 16:00:00,0.8905733186328556,0.7947905181918414,8.29784172661872,False,-1.0397985611510792,False,0.004961411245865678,130
D,BNBUSDT,bear,half,2023-01-09 16:00:00,0.8905733186328556,0.7947905181918414,8.29784172661872,False,-1.0397985611510792,False,0.004961411245865678,130
D,BNBUSDT,bear,none,2023-01-09 16:00:00,0.8905733186328556,0.7947905181918414,8.29784172661872,False,-1.0397985611510792,False,0.004961411245865678,130
D,BNBUSDT,bear,none,2022-12-22 12:00:00,0.9706877113866977,0.23957158962795969,0.3276792598303778,False,-1.0185589822667696,False,0.12232243517474577,9
D,BNBUSDT,bear,strict,2023-01-20 04:00:00,0.5625692137320032,0.258767072720561,0.8517618469015825,False,-1.0350072904009722,False,0.06570690291620429,1
D,BNBUSDT,bear,half,2023-01-20 04:00:00,0.5625692137320032,0.258767072720561,0.8517618469015825,False,-1.0350072904009722,False,0.06570690291620429,1
D,BNBUSDT,bear,none,2023-01-20 04:00:00,0.5625692137320032,0.258767072720561,0.8517618469015825,False,-1.0350072904009722,False,0.06570690291620429,1
D,BNBUSDT,bear,half,2023-01-30 08:00:00,0.9098465473145781,0.4539641943734016,0.9957924263674612,False,-1.0215287517531557,False,0.15057544757033195,20
D,BNBUSDT,bear,none,2023-01-30 08:00:00,0.9098465473145781,0.4539641943734016,0.9957924263674612,False,-1.0215287517531557,False,0.15057544757033195,20
D,BNBUSDT,bear,none,2023-02-08 12:00:00,0.8765642775881674,0.3862343572241166,0.7877030162412947,True,0.7497227378190209,True,0.012514220705348548,3
D,BNBUSDT,bear,half,2023-02-13 04:00:00,0.5575144508670515,0.15202312138728313,0.3749109052031362,True,0.3530527441197434,True,0.09624277456647362,13
D,BNBUSDT,bear,none,2023-02-13 04:00:00,0.5575144508670515,0.15202312138728313,0.3749109052031362,True,0.3530527441197434,True,0.09624277456647362,13
D,BNBUSDT,bear,half,2023-02-21 08:00:00,0.6675781249999985,0.35312500000000047,1.1229813664596362,True,1.0842807453416237,True,0.05742187500000102,14
D,BNBUSDT,bear,none,2023-02-21 08:00:00,0.6675781249999985,0.35312500000000047,1.1229813664596362,True,1.0842807453416237,True,0.05742187500000102,14
D,BNBUSDT,bear,none,2023-02-27 16:00:00,0.7390868038133473,0.3873557451078788,1.1012838801711893,True,1.058089871611988,True,0.12393376818866164,4
D,BNBUSDT,bear,strict,2023-03-24 08:00:00,0.6731914893617018,0.19148936170212766,0.39752650176678467,True,0.36921378091872814,True,0.034042553191487426,2
D,BNBUSDT,bear,half,2023-03-24 08:00:00,0.6731914893617018,0.19148936170212766,0.39752650176678467,True,0.36921378091872814,True,0.034042553191487426,2
D,BNBUSDT,bear,none,2023-03-24 08:00:00,0.6731914893617018,0.19148936170212766,0.39752650176678467,True,0.36921378091872814,True,0.034042553191487426,2
D,BNBUSDT,bear,half,2023-03-29 20:00:00,0.42714453584018836,0.23971797884841423,1.2789968652037667,False,-1.0491567398119122,False,0.024676850763806536,5
D,BNBUSDT,bear,none,2023-03-29 20:00:00,0.42714453584018836,0.23971797884841423,1.2789968652037667,False,-1.0491567398119122,False,0.024676850763806536,5
D,BNBUSDT,bear,none,2023-04-07 00:00:00,0.826898599915147,0.6033092914722094,2.6982922201138266,False,-1.0591366223908913,False,0.0810352142554105,12
D,BNBUSDT,bear,strict,2023-04-26 16:00:00,0.8208996160175529,0.3214481623697207,0.6436024162548073,True,0.6256529379461856,True,0.0060340098738350815,28
D,BNBUSDT,bear,half,2023-04-26 16:00:00,0.8208996160175529,0.3214481623697207,0.6436024162548073,True,0.6256529379461856,True,0.09434997257268224,28
D,BNBUSDT,bear,none,2023-04-26 16:00:00,0.8208996160175529,0.3214481623697207,0.6436024162548073,True,0.6256529379461856,True,0.09434997257268224,28
D,BNBUSDT,bear,none,2023-05-02 00:00:00,0.7559825960841181,0.27773749093545946,0.5807429871114458,True,0.5560917361637582,True,0.2429296591733158,12
D,BNBUSDT,bear,half,2023-05-06 00:00:00,0.4685236768802245,0.2796657381615622,1.4808259587020822,True,1.384834808259604,True,0.04679665738161423,6
D,BNBUSDT,bear,none,2023-05-06 00:00:00,0.4685236768802245,0.2796657381615622,1.4808259587020822,True,1.384834808259604,True,0.04679665738161423,6
D,BNBUSDT,bear,strict,2023-05-14 16:00:00,0.8894601542416435,0.6381748071979438,2.5396419437340376,False,-1.0795217391304355,False,0.007069408740360773,4
D,BNBUSDT,bear,half,2023-05-14 16:00:00,0.8894601542416435,0.6381748071979438,2.5396419437340376,False,-1.0795217391304355,False,0.007069408740360773,4
D,BNBUSDT,bear,none,2023-05-14 16:00:00,0.8894601542416435,0.6381748071979438,2.5396419437340376,False,-1.0795217391304355,False,0.007069408740360773,4
D,BNBUSDT,bear,none,2023-05-21 16:00:00,0.5879541108986606,0.26673040152963917,0.8303571428571597,True,0.7384732142857299,True,0.04971319311663316,10
D,BNBUSDT,bear,none,2023-06-04 20:00:00,0.3739669421487598,0.13980716253443692,0.5970588235294244,True,0.5072852941176591,True,0.04545454545454706,11
D,BNBUSDT,bear,strict,2023-06-14 16:00:00,0.3719959381699199,0.2703373575538758,2.65926748057714,False,-1.0270765815760268,True,0.0011282861333633569,4
D,BNBUSDT,bear,half,2023-06-14 16:00:00,0.3719959381699199,0.2703373575538758,2.65926748057714,False,-1.0270765815760268,True,0.0011282861333633569,4
D,BNBUSDT,bear,none,2023-06-14 16:00:00,0.3719959381699199,0.2703373575538758,2.65926748057714,False,-1.0270765815760268,True,0.0011282861333633569,4
D,BNBUSDT,bear,strict,2023-06-26 00:00:00,0.4710890386661938,0.2664065271372824,1.3015597920277258,True,1.260570190641244,True,0.0007094714437747511,0
D,BNBUSDT,bear,half,2023-06-26 00:00:00,0.4710890386661938,0.2664065271372824,1.3015597920277258,True,1.260570190641244,True,0.0007094714437747511,0
D,BNBUSDT,bear,none,2023-06-26 00:00:00,0.4710890386661938,0.2664065271372824,1.3015597920277258,True,1.260570190641244,True,0.0007094714437747511,0
D,BNBUSDT,bear,strict,2023-07-02 00:00:00,0.7874409558210613,0.6146151708808002,3.556270096463024,False,-1.0391189710610933,False,0.030286190608502447,12
D,BNBUSDT,bear,half,2023-07-02 00:00:00,0.7874409558210613,0.6146151708808002,3.556270096463024,False,-1.0391189710610933,False,0.030286190608502447,12
D,BNBUSDT,bear,none,2023-07-02 00:00:00,0.7874409558210613,0.6146151708808002,3.556270096463024,False,-1.0391189710610933,False,0.030286190608502447,12
D,BNBUSDT,bear,strict,2023-07-20 12:00:00,0.33880229696472486,0.19606234618539795,1.3735632183908089,False,-1.0694770114942531,False,0.027481542247743546,3
D,BNBUSDT,bear,half,2023-07-20 12:00:00,0.33880229696472486,0.19606234618539795,1.3735632183908089,False,-1.0694770114942531,False,0.027481542247743546,3
D,BNBUSDT,bear,none,2023-07-20 12:00:00,0.33880229696472486,0.19606234618539795,1.3735632183908089,False,-1.0694770114942531,False,0.027481542247743546,3
D,BNBUSDT,bear,half,2023-08-31 20:00:00,0.9296855024290464,0.3564305804142169,0.6217662801070488,False,,False,0.01406289951419103,47
D,BNBUSDT,bear,none,2023-08-31 20:00:00,0.9296855024290464,0.3564305804142169,0.6217662801070488,False,,False,0.01406289951419103,47
D,BNBUSDT,bear,half,2023-08-28 04:00:00,0.8247422680412388,0.33118556701030877,0.6710182767623981,False,-1.0563994778067882,False,0.05927835051546501,7
D,BNBUSDT,bear,none,2023-08-28 04:00:00,0.8247422680412388,0.33118556701030877,0.6710182767623981,False,-1.0563994778067882,False,0.05927835051546501,7
D,BNBUSDT,bear,strict,2023-09-27 12:00:00,0.6552393272962478,0.41655886157826616,1.7452574525745261,False,-1.0575718157181573,False,0.002587322121603624,9
D,BNBUSDT,bear,half,2023-09-27 12:00:00,0.6552393272962478,0.41655886157826616,1.7452574525745261,False,-1.0575718157181573,False,0.002587322121603624,9
D,BNBUSDT,bear,none,2023-09-27 12:00:00,0.6552393272962478,0.41655886157826616,1.7452574525745261,False,-1.0575718157181573,False,0.002587322121603624,9
D,BNBUSDT,bear,strict,2023-11-16 12:00:00,0.9134729355985778,0.5333860134334255,1.4033264033264026,False,-1.0256237006237006,True,0.15290399051758102,3
D,BNBUSDT,bear,half,2023-11-16 12:00:00,0.9134729355985778,0.5333860134334255,1.4033264033264026,False,-1.0256237006237006,True,0.15290399051758102,3
D,BNBUSDT,bear,none,2023-11-16 12:00:00,0.9134729355985778,0.5333860134334255,1.4033264033264026,False,-1.0256237006237006,True,0.15290399051758102,3
D,BNBUSDT,bear,half,2023-11-29 12:00:00,0.5585106382978721,0.3079196217494097,1.2287735849056678,False,-1.0537051886792455,False,0.008274231678486198,3
D,BNBUSDT,bear,none,2023-11-29 12:00:00,0.5585106382978721,0.3079196217494097,1.2287735849056678,False,-1.0537051886792455,False,0.008274231678486198,3
D,BNBUSDT,bear,strict,2023-12-31 08:00:00,0.5861848417013118,0.3476175247841379,1.4571045576407442,True,1.41456702412868,True,0.013111608570513836,2
D,BNBUSDT,bear,half,2023-12-31 08:00:00,0.5861848417013118,0.3476175247841379,1.4571045576407442,True,1.41456702412868,True,0.013111608570513836,2
D,BNBUSDT,bear,none,2023-12-31 08:00:00,0.5861848417013118,0.3476175247841379,1.4571045576407442,True,1.41456702412868,True,0.013111608570513836,2
D,BNBUSDT,bear,strict,2024-01-12 12:00:00,0.7445449707291109,0.44491750931346485,1.4849023090586182,True,1.45774955595027,True,0.012240553485897709,3
D,BNBUSDT,bear,half,2024-01-12 12:00:00,0.7445449707291109,0.44491750931346485,1.4849023090586182,True,1.45774955595027,True,0.012240553485897709,3
D,BNBUSDT,bear,none,2024-01-12 12:00:00,0.7445449707291109,0.44491750931346485,1.4849023090586182,True,1.45774955595027,True,0.012240553485897709,3
D,BNBUSDT,bear,strict,2024-01-14 20:00:00,0.6455119214586248,0.39235624123422175,1.5498614958448813,False,-1.0415055401662052,False,0.009116409537166588,5
D,BNBUSDT,bear,half,2024-01-14 20:00:00,0.6455119214586248,0.39235624123422175,1.5498614958448813,False,-1.0415055401662052,False,0.009116409537166588,5
D,BNBUSDT,bear,none,2024-01-14 20:00:00,0.6455119214586248,0.39235624123422175,1.5498614958448813,False,-1.0415055401662052,False,0.009116409537166588,5
D,BNBUSDT,bear,strict,2024-01-28 16:00:00,0.6310082063305986,0.48212192262602704,3.238188976377972,False,-1.0598248031496065,False,0.01524032825322338,10
D,BNBUSDT,bear,half,2024-01-28 16:00:00,0.6310082063305986,0.48212192262602704,3.238188976377972,False,-1.0598248031496065,False,0.01524032825322338,10
D,BNBUSDT,bear,none,2024-01-28 16:00:00,0.6310082063305986,0.48212192262602704,3.238188976377972,False,-1.0598248031496065,False,0.01524032825322338,10
D,BNBUSDT,bear,strict,2024-03-25 20:00:00,0.6792491052738201,0.6042271591599703,8.054005400540046,False,-1.052878487848785,True,0.024242014990883364,29
D,BNBUSDT,bear,half,2024-03-22 12:00:00,0.6067931663177797,0.38044432439732606,1.6807875894988085,False,-1.0165375894988067,False,0.08623134580322762,9
D,BNBUSDT,bear,none,2024-03-22 12:00:00,0.6067931663177797,0.38044432439732606,1.6807875894988085,False,-1.0165375894988067,False,0.08623134580322762,9
D,BNBUSDT,bear,strict,2024-04-11 08:00:00,0.9692891227211551,0.6583873730576288,2.1176702085793,False,-1.0233427784336875,False,0.10253272971980919,38
D,BNBUSDT,bear,half,2024-04-09 00:00:00,0.754802398140218,0.5318732411599164,2.38583973655323,False,-1.03198682766191,False,0.04539336840817236,24
D,BNBUSDT,bear,none,2024-04-09 00:00:00,0.754802398140218,0.5318732411599164,2.38583973655323,False,-1.03198682766191,False,0.04539336840817236,24
D,BNBUSDT,bear,strict,2024-04-15 12:00:00,0.6713286713286714,0.5318881118881115,3.814443329989957,False,-1.0283380140421263,True,0.032447552447552354,3
D,BNBUSDT,bear,half,2024-04-15 12:00:00,0.6713286713286714,0.5318881118881115,3.814443329989957,False,-1.0283380140421263,True,0.032447552447552354,3
D,BNBUSDT,bear,none,2024-04-15 12:00:00,0.6713286713286714,0.5318881118881115,3.814443329989957,False,-1.0283380140421263,True,0.032447552447552354,3
D,BNBUSDT,bear,strict,2024-04-21 12:00:00,0.964403518416712,0.8433205057724027,6.964812712826379,False,-1.065107832009081,False,0.016355140186915078,15
D,BNBUSDT,bear,half,2024-04-21 12:00:00,0.964403518416712,0.8433205057724027,6.964812712826379,False,-1.065107832009081,False,0.016355140186915078,15
D,BNBUSDT,bear,none,2024-04-21 12:00:00,0.964403518416712,0.8433205057724027,6.964812712826379,False,-1.065107832009081,False,0.016355140186915078,15
D,BNBUSDT,bear,strict,2024-04-26 00:00:00,0.9229066765031343,0.6230173367760966,2.0774907749077487,True,2.0025608856088555,True,0.004426410918480431,0
D,BNBUSDT,bear,half,2024-04-26 00:00:00,0.9229066765031343,0.6230173367760966,2.0774907749077487,True,2.0025608856088555,True,0.004426410918480431,0
D,BNBUSDT,bear,none,2024-04-26 00:00:00,0.9229066765031343,0.6230173367760966,2.0774907749077487,True,2.0025608856088555,True,0.004426410918480431,0
D,BNBUSDT,bear,strict,2024-04-29 00:00:00,0.659247045891729,0.1857653201428962,0.39233894370284295,True,0.3581096923969811,True,0.01483924154987847,0
D,BNBUSDT,bear,half,2024-04-29 00:00:00,0.659247045891729,0.1857653201428962,0.39233894370284295,True,0.3581096923969811,True,0.01483924154987847,0
D,BNBUSDT,bear,none,2024-04-29 00:00:00,0.659247045891729,0.1857653201428962,0.39233894370284295,True,0.3581096923969811,True,0.01483924154987847,0
D,BNBUSDT,bear,strict,2024-05-05 00:00:00,0.8366242504022238,0.6532104724294293,3.5614035087719467,False,-1.0462974481658693,False,0.010384671639608547,12
D,BNBUSDT,bear,half,2024-05-05 00:00:00,0.8366242504022238,0.6532104724294293,3.5614035087719467,False,-1.0462974481658693,False,0.010384671639608547,12
D,BNBUSDT,bear,none,2024-05-05 00:00:00,0.8366242504022238,0.6532104724294293,3.5614035087719467,False,-1.0462974481658693,False,0.010384671639608547,12
D,BNBUSDT,bear,strict,2024-05-16 12:00:00,0.6836708536272742,0.2030248654191223,0.42239999999999783,False,-1.0302746666666667,False,0.188156882850552,3
D,BNBUSDT,bear,half,2024-05-16 12:00:00,0.6836708536272742,0.2030248654191223,0.42239999999999783,False,-1.0302746666666667,False,0.188156882850552,3
D,BNBUSDT,bear,none,2024-05-16 12:00:00,0.6836708536272742,0.2030248654191223,0.42239999999999783,False,-1.0302746666666667,False,0.188156882850552,3
D,BNBUSDT,bear,strict,2024-05-28 00:00:00,0.68092820884699,0.36656997824510584,1.1660899653979309,False,-1.0344838523644753,False,0.011058738216098875,18
D,BNBUSDT,bear,half,2024-05-28 00:00:00,0.68092820884699,0.36656997824510584,1.1660899653979309,False,-1.0344838523644753,False,0.011058738216098875,18
D,BNBUSDT,bear,none,2024-05-28 00:00:00,0.68092820884699,0.36656997824510584,1.1660899653979309,False,-1.0344838523644753,False,0.011058738216098875,18
D,BNBUSDT,bear,none,2024-06-20 20:00:00,0.8741240591746684,0.34570464573060106,0.654223968565821,True,0.6253772102161156,True,0.18972229431611898,5
D,BNBUSDT,bear,strict,2024-06-26 12:00:00,0.799764428739694,0.516136631330979,1.8197674418604775,False,-1.0475465116279072,False,0.003062426383981044,3
D,BNBUSDT,bear,half,2024-06-26 12:00:00,0.799764428739694,0.516136631330979,1.8197674418604775,False,-1.0475465116279072,False,0.003062426383981044,3
D,BNBUSDT,bear,none,2024-06-26 12:00:00,0.799764428739694,0.516136631330979,1.8197674418604775,False,-1.0475465116279072,False,0.003062426383981044,3
D,BNBUSDT,bear,strict,2024-07-07 00:00:00,0.5753293589460511,0.48406565098991666,5.304032258064525,False,-1.0418064516129033,True,0.04195186575402992,0
D,BNBUSDT,bear,half,2024-07-07 00:00:00,0.5753293589460511,0.48406565098991666,5.304032258064525,False,-1.0418064516129033,True,0.04195186575402992,0
D,BNBUSDT,bear,none,2024-07-07 00:00:00,0.5753293589460511,0.48406565098991666,5.304032258064525,False,-1.0418064516129033,True,0.04195186575402992,0
D,BNBUSDT,bear,none,2024-07-27 16:00:00,0.754438987533056,0.5986021911598031,3.841212121212114,False,-1.0708812121212121,True,0.012089157536833907,4
D,BNBUSDT,bear,strict,2024-08-18 00:00:00,0.7682223922468755,0.7103289977046668,12.269603524229044,False,-1.0472731277533038,False,0.00040805916857965274,66
D,BNBUSDT,bear,half,2024-08-11 16:00:00,0.7110941086457537,0.5878092323386889,4.767894083574663,False,-1.0212052130740588,False,0.020606988013261735,28
D,BNBUSDT,bear,none,2024-08-11 12:00:00,0.7110941086457537,0.6279010456516193,7.547516860821553,False,-1.0319061925199262,True,0.016016322366743108,27
D,BNBUSDT,bear,strict,2024-09-08 12:00:00,0.5230974237488896,0.3075214687592537,1.4265109890109875,False,-1.0337754120879121,False,0.06396209653538637,3
D,BNBUSDT,bear,half,2024-09-08 12:00:00,0.5230974237488896,0.3075214687592537,1.4265109890109875,False,-1.0337754120879121,False,0.06396209653538637,3
D,BNBUSDT,bear,none,2024-09-08 12:00:00,0.5230974237488896,0.3075214687592537,1.4265109890109875,False,-1.0337754120879121,False,0.06396209653538637,3
D,BNBUSDT,bear,strict,2024-10-07 08:00:00,0.5148260565024521,0.4468830259164136,6.577319587628804,False,-1.0982268041237104,False,0.0028017744571563062,14
D,BNBUSDT,bear,half,2024-10-07 08:00:00,0.5148260565024521,0.4468830259164136,6.577319587628804,False,-1.0982268041237104,False,0.0028017744571563062,14
D,BNBUSDT,bear,none,2024-10-07 08:00:00,0.5148260565024521,0.4468830259164136,6.577319587628804,False,-1.0982268041237104,False,0.0028017744571563062,14
D,BNBUSDT,bear,strict,2024-10-13 12:00:00,0.7852518998029834,0.4362510554461022,1.2500000000000022,False,-1.0457072580645161,False,0.07402195327891915,9
D,BNBUSDT,bear,half,2024-10-13 12:00:00,0.7852518998029834,0.4362510554461022,1.2500000000000022,False,-1.0457072580645161,False,0.07402195327891915,9
D,BNBUSDT,bear,none,2024-10-13 12:00:00,0.7852518998029834,0.4362510554461022,1.2500000000000022,False,-1.0457072580645161,False,0.07402195327891915,9
D,BNBUSDT,bear,half,2024-10-25 16:00:00,0.6410191725529762,0.3090312815338043,0.9308510638297894,True,0.8863928571428592,True,0.10090817356205856,4
D,BNBUSDT,bear,none,2024-10-25 16:00:00,0.6410191725529762,0.3090312815338043,0.9308510638297894,True,0.8863928571428592,True,0.10090817356205856,4
D,BNBUSDT,bear,strict,2024-11-17 00:00:00,0.5323391711461777,0.18883301543263384,0.5497223624432082,False,-1.0310206966178697,False,0.029304664470262802,0
D,BNBUSDT,bear,half,2024-11-17 00:00:00,0.5323391711461777,0.18883301543263384,0.5497223624432082,False,-1.0310206966178697,False,0.029304664470262802,0
D,BNBUSDT,bear,none,2024-11-17 00:00:00,0.5323391711461777,0.18883301543263384,0.5497223624432082,False,-1.0310206966178697,False,0.029304664470262802,0
D,BNBUSDT,bear,strict,2024-11-28 12:00:00,0.7298122596697584,0.5300836914725171,2.6540203850509507,False,-1.036624575311438,False,0.02092286812938273,3
D,BNBUSDT,bear,half,2024-11-28 12:00:00,0.7298122596697584,0.5300836914725171,2.6540203850509507,False,-1.036624575311438,False,0.02092286812938273,3
D,BNBUSDT,bear,none,2024-11-28 12:00:00,0.7298122596697584,0.5300836914725171,2.6540203850509507,False,-1.036624575311438,False,0.02092286812938273,3
D,BNBUSDT,bear,strict,2024-12-12 16:00:00,0.7238324656150434,0.5588623824694998,3.387658973151196,False,-1.0332039566650966,False,0.005905664775817784,10
D,BNBUSDT,bear,half,2024-12-12 16:00:00,0.7238324656150434,0.5588623824694998,3.387658973151196,False,-1.0332039566650966,False,0.005905664775817784,10
D,BNBUSDT,bear,none,2024-12-12 16:00:00,0.7238324656150434,0.5588623824694998,3.387658973151196,False,-1.0332039566650966,False,0.005905664775817784,10
D,BNBUSDT,bear,strict,2024-12-26 08:00:00,0.8526359485263595,0.6521378165213785,3.2525879917184324,False,-1.0288236024844721,False,0.010543794105437786,26
D,BNBUSDT,bear,half,2024-12-26 08:00:00,0.8526359485263595,0.6521378165213785,3.2525879917184324,False,-1.0288236024844721,False,0.010543794105437786,26
D,BNBUSDT,bear,none,2024-12-26 08:00:00,0.8526359485263595,0.6521378165213785,3.2525879917184324,False,-1.0288236024844721,False,0.010543794105437786,26
D,BNBUSDT,bear,none,2025-01-13 00:00:00,0.38146611341632014,0.16016597510373354,0.7237499999999955,True,0.6809199999999954,True,0.07150760719225398,12
D,BNBUSDT,bear,strict,2025-01-31 16:00:00,0.9669555796316353,0.7838569880823397,4.281065088757399,True,4.214064102564104,True,0.01787648970747579,16
D,BNBUSDT,bear,half,2025-01-31 16:00:00,0.9669555796316353,0.7838569880823397,4.281065088757399,True,4.214064102564104,True,0.01787648970747579,16
D,BNBUSDT,bear,none,2025-01-31 16:00:00,0.9669555796316353,0.7838569880823397,4.281065088757399,True,4.214064102564104,True,0.01787648970747579,16
D,BNBUSDT,bear,half,2025-02-09 16:00:00,0.7760512362853694,0.6209249829387372,4.00270727580373,False,-1.0208906937394246,False,0.05170875111554425,28
D,BNBUSDT,bear,none,2025-02-09 16:00:00,0.7760512362853694,0.6209249829387372,4.00270727580373,False,-1.0208906937394246,False,0.05170875111554425,28
D,BNBUSDT,bear,strict,2025-02-16 00:00:00,0.2525657071339179,0.10801001251564438,0.7471861471861424,False,-1.0571151515151511,False,0.014768460575719006,0
D,BNBUSDT,bear,half,2025-02-16 00:00:00,0.2525657071339179,0.10801001251564438,0.7471861471861424,False,-1.0571151515151511,False,0.014768460575719006,0
D,BNBUSDT,bear,none,2025-02-16 00:00:00,0.2525657071339179,0.10801001251564438,0.7471861471861424,False,-1.0571151515151511,False,0.014768460575719006,0
D,BNBUSDT,bear,strict,2025-02-23 12:00:00,0.9127100073046024,0.33820306793279736,0.5886840432294965,True,0.5680781945327388,True,0.028122717311907918,21
D,BNBUSDT,bear,half,2025-02-23 12:00:00,0.9127100073046024,0.33820306793279736,0.5886840432294965,True,0.5680781945327388,True,0.028122717311907918,21
D,BNBUSDT,bear,none,2025-02-23 12:00:00,0.9127100073046024,0.33820306793279736,0.5886840432294965,True,0.5680781945327388,True,0.028122717311907918,21
D,BNBUSDT,bear,none,2025-03-06 16:00:00,0.7451399033599286,0.5381503539723562,2.5998914223669813,True,2.5676764386536264,True,0.030902348578491962,4
D,BNBUSDT,bear,none,2025-03-28 12:00:00,0.9100101112234593,0.34007414897202715,0.5966883500887079,True,0.559722649319932,True,0.16750926862150436,3
D,BNBUSDT,bear,strict,2025-04-13 08:00:00,0.8334869998156007,0.7252443297068047,6.700170357751275,False,-1.0501064735945485,True,0.004241194910566444,26
D,BNBUSDT,bear,half,2025-04-13 08:00:00,0.8334869998156007,0.7252443297068047,6.700170357751275,False,-1.0501064735945485,True,0.004241194910566444,26
D,BNBUSDT,bear,none,2025-04-13 08:00:00,0.8334869998156007,0.7252443297068047,6.700170357751275,False,-1.0501064735945485,True,0.004241194910566444,26
D,BNBUSDT,bear,none,2025-04-19 12:00:00,0.815757078375051,0.5437012720558062,1.9984917043740587,False,-1.088819004524887,False,0.012310217480506954,9
D,BNBUSDT,bear,strict,2025-05-02 04:00:00,0.732323232323234,0.213131313131315,0.41050583657587925,True,0.35260505836576234,True,0.007575757575756445,1
D,BNBUSDT,bear,half,2025-05-02 04:00:00,0.732323232323234,0.213131313131315,0.41050583657587925,True,0.35260505836576234,True,0.007575757575756445,1
D,BNBUSDT,bear,none,2025-05-02 04:00:00,0.732323232323234,0.213131313131315,0.41050583657587925,True,0.35260505836576234,True,0.007575757575756445,1
D,BNBUSDT,bear,strict,2025-06-02 08:00:00,0.41626898047722194,0.12841648590021598,0.44611906556141423,False,-1.049060286360211,False,0.008893709327548112,2
D,BNBUSDT,bear,half,2025-06-02 08:00:00,0.41626898047722194,0.12841648590021598,0.44611906556141423,False,-1.049060286360211,False,0.008893709327548112,2
D,BNBUSDT,bear,none,2025-06-02 08:00:00,0.41626898047722194,0.12841648590021598,0.44611906556141423,False,-1.049060286360211,False,0.008893709327548112,2
D,BNBUSDT,bear,strict,2025-06-10 04:00:00,0.8888029394701219,0.7456971572229749,5.210810810810835,False,-1.0892716216216218,False,0.051440727132082115,19
D,BNBUSDT,bear,half,2025-06-09 04:00:00,0.6602204602591389,0.5204022432798311,3.721991701244815,False,-1.0897593360995848,False,0.028040997872752747,13
D,BNBUSDT,bear,none,2025-06-09 04:00:00,0.6602204602591389,0.5204022432798311,3.721991701244815,False,-1.0897593360995848,False,0.028040997872752747,13
D,BNBUSDT,bear,strict,2025-06-20 12:00:00,0.754906236371565,0.3842128216310495,1.0364705882352876,True,0.9605294117646994,True,0.026166593981684434,3
D,BNBUSDT,bear,half,2025-06-20 12:00:00,0.754906236371565,0.3842128216310495,1.0364705882352876,True,0.9605294117646994,True,0.026166593981684434,3
D,BNBUSDT,bear,none,2025-06-20 12:00:00,0.754906236371565,0.3842128216310495,1.0364705882352876,True,0.9605294117646994,True,0.026166593981684434,3
D,BNBUSDT,bear,none,2025-06-29 16:00:00,0.8580289455547856,0.6747070985527202,3.680451127819579,False,-1.2437481203007548,False,0.022053756030327377,4
D,BNBUSDT,bear,strict,2025-08-18 00:00:00,0.9011333914559728,0.4050566695727988,0.8165202108963087,False,-1.0293859402460457,False,0.09537925021795834,6
D,BNBUSDT,bear,half,2025-08-18 00:00:00,0.9011333914559728,0.4050566695727988,0.8165202108963087,False,-1.0293859402460457,False,0.09537925021795834,6
D,BNBUSDT,bear,none,2025-08-18 00:00:00,0.9011333914559728,0.4050566695727988,0.8165202108963087,False,-1.0293859402460457,False,0.09537925021795834,6
D,BNBUSDT,bear,strict,2025-08-29 04:00:00,0.7272600446428575,0.38351004464285754,1.1156655844155854,False,-1.0348039772727273,False,0.010881696428571055,7
D,BNBUSDT,bear,half,2025-08-29 04:00:00,0.7272600446428575,0.38351004464285754,1.1156655844155854,False,-1.0348039772727273,False,0.010881696428571055,7
D,BNBUSDT,bear,none,2025-08-29 04:00:00,0.7272600446428575,0.38351004464285754,1.1156655844155854,False,-1.0348039772727273,False,0.010881696428571055,7
D,BNBUSDT,bear,strict,2025-10-19 20:00:00,0.3167331240632336,0.24908797828115709,3.6822742474916246,False,-1.0463662207357858,False,0.013263199570147419,5
D,BNBUSDT,bear,half,2025-10-19 20:00:00,0.3167331240632336,0.24908797828115709,3.6822742474916246,False,-1.0463662207357858,False,0.013263199570147419,5
D,BNBUSDT,bear,none,2025-10-19 20:00:00,0.3167331240632336,0.24908797828115709,3.6822742474916246,False,-1.0463662207357858,False,0.013263199570147419,5
D,BNBUSDT,bear,none,2025-11-02 16:00:00,0.4492590771823863,0.26673221434089467,1.461331281262024,True,1.4198403232012315,True,0.040522508603132085,10
D,BNBUSDT,bear,strict,2025-11-06 04:00:00,0.3523972739229206,0.28870909888007645,4.533166458072582,False,-1.0595369211514392,True,0.010362281296082358,1
D,BNBUSDT,bear,half,2025-11-06 04:00:00,0.3523972739229206,0.28870909888007645,4.533166458072582,False,-1.0595369211514392,True,0.010362281296082358,1
D,BNBUSDT,bear,none,2025-11-06 04:00:00,0.3523972739229206,0.28870909888007645,4.533166458072582,False,-1.0595369211514392,True,0.010362281296082358,1
D,BNBUSDT,bear,strict,2025-12-01 00:00:00,0.7690320015901412,0.25336248592062544,0.49132725170242825,False,-1.010653475523577,False,0.02703239912542264,48
D,BNBUSDT,bear,none,2025-11-25 12:00:00,0.5703306168422447,0.36752136752136755,1.8121528912120224,False,-1.0276507677229663,False,0.09812495859007446,15
D,BNBUSDT,bear,none,2025-12-10 08:00:00,0.9943454420836182,0.2746744345442078,0.38166666666666604,True,0.3605583333333327,True,0.31442769019876465,20
D,BNBUSDT,bear,half,2025-12-14 20:00:00,0.6592645998558035,0.2654650324441239,0.6741120468692788,True,0.6419769315269134,True,0.019178082191781437,11
D,BNBUSDT,bear,none,2025-12-14 20:00:00,0.6592645998558035,0.2654650324441239,0.6741120468692788,True,0.6419769315269134,True,0.019178082191781437,11
D,BNBUSDT,bear,strict,2025-12-22 16:00:00,0.6166185804962502,0.4589728793998845,2.911420204978019,False,-1.0628140556368957,True,0.008309290248124957,16
D,BNBUSDT,bear,half,2025-12-22 16:00:00,0.6166185804962502,0.4589728793998845,2.911420204978019,False,-1.0628140556368957,True,0.008309290248124957,16
D,BNBUSDT,bear,none,2025-12-22 16:00:00,0.6166185804962502,0.4589728793998845,2.911420204978019,False,-1.0628140556368957,True,0.008309290248124957,16
D,BNBUSDT,bear,strict,2026-01-11 16:00:00,0.8627608346709464,0.5999197431781693,2.282442748091597,False,-1.0690763358778625,False,0.005417335473514881,10
D,BNBUSDT,bear,half,2026-01-11 16:00:00,0.8627608346709464,0.5999197431781693,2.282442748091597,False,-1.0690763358778625,False,0.005417335473514881,10
D,BNBUSDT,bear,none,2026-01-11 16:00:00,0.8627608346709464,0.5999197431781693,2.282442748091597,False,-1.0690763358778625,False,0.005417335473514881,10
D,BNBUSDT,bear,strict,2026-01-27 08:00:00,0.6536683417085424,0.49788944723618056,3.196129032258062,False,-1.113651612903226,False,0.012663316582914481,2
D,BNBUSDT,bear,half,2026-01-27 08:00:00,0.6536683417085424,0.49788944723618056,3.196129032258062,False,-1.113651612903226,False,0.012663316582914481,2
D,BNBUSDT,bear,none,2026-01-27 08:00:00,0.6536683417085424,0.49788944723618056,3.196129032258062,False,-1.113651612903226,False,0.012663316582914481,2
D,BNBUSDT,bear,strict,2026-03-12 00:00:00,0.8340411075250556,0.6071003906913539,2.6751497005988005,False,-1.0481511976047904,False,0.022762018005774046,12
D,BNBUSDT,bear,half,2026-03-12 00:00:00,0.8340411075250556,0.6071003906913539,2.6751497005988005,False,-1.0481511976047904,False,0.022762018005774046,12
D,BNBUSDT,bear,none,2026-03-12 00:00:00,0.8340411075250556,0.6071003906913539,2.6751497005988005,False,-1.0481511976047904,False,0.022762018005774046,12
D,BNBUSDT,bear,none,2026-03-26 04:00:00,0.48894783377541917,0.2267904509283817,0.8650927487352456,True,0.8293766160764484,True,0.008694370763336748,7
D,BNBUSDT,bear,strict,2026-05-22 16:00:00,0.5438346400570223,0.3273342836778333,1.51193415637859,False,-1.053728395061728,True,0.051496792587312656,16
D,BNBUSDT,bear,half,2026-05-22 16:00:00,0.5438346400570223,0.3273342836778333,1.51193415637859,False,-1.053728395061728,True,0.051496792587312656,16
D,BNBUSDT,bear,none,2026-05-22 16:00:00,0.5438346400570223,0.3273342836778333,1.51193415637859,False,-1.053728395061728,True,0.051496792587312656,16
D,BNBUSDT,bear,strict,2026-06-15 20:00:00,0.40208739655263276,0.32296663328237823,4.081945369753499,True,4.040762824783479,True,0.0023720415370831554,53
D,BNBUSDT,bear,half,2026-06-15 20:00:00,0.40208739655263276,0.32296663328237823,4.081945369753499,True,4.040762824783479,True,0.0023720415370831554,53
D,BNBUSDT,bear,none,2026-06-15 20:00:00,0.40208739655263276,0.32296663328237823,4.081945369753499,True,4.040762824783479,True,0.0023720415370831554,53
D,BNBUSDT,bear,strict,2026-06-21 08:00:00,0.34544581399071483,0.2902193052665283,5.255072463768219,False,-1.1706724637681194,False,0.004001920922042586,2
D,BNBUSDT,bear,half,2026-06-21 08:00:00,0.34544581399071483,0.2902193052665283,5.255072463768219,False,-1.1706724637681194,False,0.004001920922042586,2
D,BNBUSDT,bear,none,2026-06-21 08:00:00,0.34544581399071483,0.2902193052665283,5.255072463768219,False,-1.1706724637681194,False,0.004001920922042586,2
D,BNBUSDT,bear,strict,2026-07-11 20:00:00,0.6869172932330803,0.43097744360902035,1.683901292596938,False,-1.0675569917743832,False,0.006315789473681886,11
D,BNBUSDT,bear,half,2026-07-11 20:00:00,0.6869172932330803,0.43097744360902035,1.683901292596938,False,-1.0675569917743832,False,0.006315789473681886,11
D,BNBUSDT,bear,none,2026-07-11 20:00:00,0.6869172932330803,0.43097744360902035,1.683901292596938,False,-1.0675569917743832,False,0.006315789473681886,11
D,BNBUSDT,bear,strict,2026-07-19 08:00:00,0.5680261011419243,0.41500815660684903,2.7121535181236176,False,-1.1211961620469069,False,0.013376835236544279,2
D,BNBUSDT,bear,half,2026-07-19 08:00:00,0.5680261011419243,0.41500815660684903,2.7121535181236176,False,-1.1211961620469069,False,0.013376835236544279,2
D,BNBUSDT,bear,none,2026-07-19 08:00:00,0.5680261011419243,0.41500815660684903,2.7121535181236176,False,-1.1211961620469069,False,0.013376835236544279,2
D,BNBUSDT,bear,none,2026-07-28 04:00:00,0.8920265780730889,0.41569767441860356,0.872711421098515,False,-1.0493574542284219,False,0.02076411960132887,13
D,BNBUSDT,bear,none,2026-09-28 00:00:00,0.9128884360672479,0.19561895058583967,0.2727272727272742,True,0.2179779829545471,True,0.11156393275598275,0
D,XRPUSDT,bull,none,2020-02-09 04:00:00,0.4925373134328356,0.06716417910447749,0.157894736842105,True,0.14535526315789446,True,0.00559701492537252,7
D,XRPUSDT,bull,strict,2020-02-11 12:00:00,0.8522727272727266,0.4280303030303025,1.0089285714285705,True,0.9840892857142848,True,0.03787878787878794,3
D,XRPUSDT,bull,half,2020-02-11 12:00:00,0.8522727272727266,0.4280303030303025,1.0089285714285705,True,0.9840892857142848,True,0.03787878787878794,3
D,XRPUSDT,bull,none,2020-02-11 12:00:00,0.8522727272727266,0.4280303030303025,1.0089285714285705,True,0.9840892857142848,True,0.03787878787878794,3
D,XRPUSDT,bull,half,2020-03-30 04:00:00,0.5990675990675992,0.3566433566433569,1.471153846153848,True,1.4546153846153864,True,0.09557109557109605,7
D,XRPUSDT,bull,none,2020-03-30 04:00:00,0.5990675990675992,0.3566433566433569,1.471153846153848,True,1.4546153846153864,True,0.09557109557109605,7
D,XRPUSDT,bull,strict,2020-04-11 00:00:00,0.8350168350168345,0.5151515151515144,1.6105263157894703,False,-1.0200421052631579,False,0.01683501683501685,12
D,XRPUSDT,bull,half,2020-04-11 00:00:00,0.8350168350168345,0.5151515151515144,1.6105263157894703,False,-1.0200421052631579,False,0.01683501683501685,12
D,XRPUSDT,bull,none,2020-04-11 00:00:00,0.8350168350168345,0.5151515151515144,1.6105263157894703,False,-1.0200421052631579,False,0.01683501683501685,12
D,XRPUSDT,bull,strict,2020-05-04 12:00:00,0.6314655172413792,0.3857758620689655,1.5701754385964921,False,-1.0191666666666668,False,0.08836206896551708,15
D,XRPUSDT,bull,half,2020-05-04 12:00:00,0.6314655172413792,0.3857758620689655,1.5701754385964921,False,-1.0191666666666668,False,0.08836206896551708,15
D,XRPUSDT,bull,none,2020-05-04 12:00:00,0.6314655172413792,0.3857758620689655,1.5701754385964921,False,-1.0191666666666668,False,0.08836206896551708,15
D,XRPUSDT,bull,none,2020-07-22 20:00:00,0.6272493573264785,0.21336760925449882,0.515527950310559,True,0.502863354037267,True,0.04627249357326469,71
D,XRPUSDT,bull,none,2020-07-13 08:00:00,0.5615384615384611,0.13846153846153803,0.32727272727272627,True,0.2903454545454536,False,0.06153846153846111,2
D,XRPUSDT,bull,strict,2020-08-13 20:00:00,0.5430520034100595,0.30008525149190124,1.2350877192982472,False,-1.0103368421052632,True,0.0008525149190114622,59
D,XRPUSDT,bull,half,2020-08-13 20:00:00,0.5430520034100595,0.30008525149190124,1.2350877192982472,False,-1.0103368421052632,True,0.0008525149190114622,59
D,XRPUSDT,bull,none,2020-08-13 20:00:00,0.5430520034100595,0.30008525149190124,1.2350877192982472,False,-1.0103368421052632,True,0.0008525149190114622,59
D,XRPUSDT,bull,strict,2020-08-22 04:00:00,0.8878205128205128,0.7483974358974361,5.367816091954034,False,-1.0323908045977013,True,0.004807692307692667,19
D,XRPUSDT,bull,half,2020-08-22 04:00:00,0.8878205128205128,0.7483974358974361,5.367816091954034,False,-1.0323908045977013,True,0.004807692307692667,19
D,XRPUSDT,bull,none,2020-08-22 04:00:00,0.8878205128205128,0.7483974358974361,5.367816091954034,False,-1.0323908045977013,True,0.004807692307692667,19
D,XRPUSDT,bull,none,2020-10-01 08:00:00,0.9911504424778771,0.3805309734513281,0.6231884057971021,False,-1.0354057971014494,False,0.1327433628318588,8
D,XRPUSDT,bull,strict,2020-11-10 04:00:00,0.5931372549019607,0.18137254901960825,0.440476190476192,True,0.4249583333333349,True,0.07107843137254799,7
D,XRPUSDT,bull,half,2020-11-10 04:00:00,0.5931372549019607,0.18137254901960825,0.440476190476192,True,0.4249583333333349,True,0.07107843137254799,7
D,XRPUSDT,bull,none,2020-11-10 04:00:00,0.5931372549019607,0.18137254901960825,0.440476190476192,True,0.4249583333333349,True,0.07107843137254799,7
D,XRPUSDT,bull,strict,2020-11-28 12:00:00,0.6519753821719277,0.30573754218781024,0.88302752293578,False,-1.0036118119266055,False,0.007147111375819034,15
D,XRPUSDT,bull,half,2020-11-28 12:00:00,0.6519753821719277,0.30573754218781024,0.88302752293578,False,-1.0036118119266055,False,0.007147111375819034,15
D,XRPUSDT,bull,none,2020-11-28 12:00:00,0.6519753821719277,0.30573754218781024,0.88302752293578,False,-1.0036118119266055,False,0.007147111375819034,15
D,XRPUSDT,bull,strict,2020-12-09 20:00:00,0.7900043840420871,0.44278825076720735,1.2752525252525242,False,-1.0073560606060605,False,0.058307759754494044,41
D,XRPUSDT,bull,half,2020-12-05 08:00:00,0.6207803594914509,0.4213064445418675,2.112087912087912,False,-1.0129120879120879,False,0.024989039894782676,14
D,XRPUSDT,bull,none,2020-12-05 08:00:00,0.6207803594914509,0.4213064445418675,2.112087912087912,False,-1.0129120879120879,False,0.024989039894782676,14
D,XRPUSDT,bull,half,2021-01-30 04:00:00,0.8503184713375797,0.5012738853503185,1.4361313868613141,True,1.4307755474452557,True,0.035668789808917516,127
D,XRPUSDT,bull,none,2021-01-30 04:00:00,0.8503184713375797,0.5012738853503185,1.4361313868613141,True,1.4307755474452557,True,0.035668789808917516,127
D,XRPUSDT,bull,none,2021-01-28 12:00:00,0.8877118644067796,0.4682203389830511,1.1161616161616175,True,1.102838383838385,True,0.09110169491525363,9
D,XRPUSDT,bull,none,2021-02-12 20:00:00,0.8131204983453377,0.2861592369087016,0.5430365718507574,False,,False,0.3282071247810006,59
D,XRPUSDT,bull,strict,2021-02-17 04:00:00,0.8058252427184467,0.5640776699029124,2.3333333333333295,False,-1.0106385542168674,True,0.0029126213592235188,13
D,XRPUSDT,bull,half,2021-02-17 04:00:00,0.8058252427184467,0.5640776699029124,2.3333333333333295,False,-1.0106385542168674,True,0.0029126213592235188,13
D,XRPUSDT,bull,none,2021-02-17 04:00:00,0.8058252427184467,0.5640776699029124,2.3333333333333295,False,-1.0106385542168674,True,0.0029126213592235188,13
D,XRPUSDT,bull,none,2021-03-13 12:00:00,0.7167968750000002,0.3632812500000001,1.0276243093922652,True,1.0149779005524862,True,0.030273437500000465,45
D,XRPUSDT,bull,strict,2021-04-08 20:00:00,0.48059807760768974,0.11605553577785713,0.3183593750000007,True,0.31318945312500074,True,0.04859380562477768,5
D,XRPUSDT,bull,half,2021-04-08 20:00:00,0.48059807760768974,0.11605553577785713,0.3183593750000007,True,0.31318945312500074,True,0.04859380562477768,5
D,XRPUSDT,bull,none,2021-04-08 20:00:00,0.48059807760768974,0.11605553577785713,0.3183593750000007,True,0.31318945312500074,True,0.04859380562477768,5
D,XRPUSDT,bull,none,2021-04-26 16:00:00,0.7823013853548206,0.4465648854961833,1.3301052631578951,False,-1.002832,False,0.053081707661860295,64
D,XRPUSDT,bull,strict,2021-05-05 00:00:00,0.9071335927367055,0.6121919584954602,2.075637642919962,True,2.0630378188214573,True,0.02386511024643287,12
D,XRPUSDT,bull,half,2021-05-05 00:00:00,0.9071335927367055,0.6121919584954602,2.075637642919962,True,2.0630378188214573,True,0.02386511024643287,12
D,XRPUSDT,bull,none,2021-05-05 00:00:00,0.9071335927367055,0.6121919584954602,2.075637642919962,True,2.0630378188214573,True,0.02386511024643287,12
D,XRPUSDT,bull,strict,2021-05-10 00:00:00,0.799029340392676,0.40039708802117796,1.0044272274488097,False,-1.0088029883785279,False,0.0008824178248399645,12
D,XRPUSDT,bull,half,2021-05-10 00:00:00,0.799029340392676,0.40039708802117796,1.0044272274488097,False,-1.0088029883785279,False,0.0008824178248399645,12
D,XRPUSDT,bull,none,2021-05-10 00:00:00,0.799029340392676,0.40039708802117796,1.0044272274488097,False,-1.0088029883785279,False,0.0008824178248399645,12
D,XRPUSDT,bull,strict,2021-05-30 04:00:00,0.6623067776456599,0.45208085612366244,2.1504524886877854,True,2.1404932126696856,True,0.017122473246135517,13
D,XRPUSDT,bull,half,2021-05-30 04:00:00,0.6623067776456599,0.45208085612366244,2.1504524886877854,True,2.1404932126696856,True,0.017122473246135517,13
D,XRPUSDT,bull,none,2021-05-30 04:00:00,0.6623067776456599,0.45208085612366244,2.1504524886877854,True,2.1404932126696856,True,0.017122473246135517,13
D,XRPUSDT,bull,strict,2021-06-13 16:00:00,0.8486082824168365,0.4589273591310251,1.1777003484320554,True,1.1626794425087104,True,0.006788866259334698,10
D,XRPUSDT,bull,half,2021-06-13 16:00:00,0.8486082824168365,0.4589273591310251,1.1777003484320554,True,1.1626794425087104,True,0.006788866259334698,10
D,XRPUSDT,bull,none,2021-06-13 16:00:00,0.8486082824168365,0.4589273591310251,1.1777003484320554,True,1.1626794425087104,True,0.006788866259334698,10
D,XRPUSDT,bull,half,2021-06-29 04:00:00,0.6063077759651985,0.17509516041326806,0.4060529634300125,True,0.3977276166456493,False,0.02827623708537238,19
D,XRPUSDT,bull,none,2021-06-29 04:00:00,0.6063077759651985,0.17509516041326806,0.4060529634300125,True,0.3977276166456493,False,0.02827623708537238,19
D,XRPUSDT,bull,strict,2021-07-03 04:00:00,0.6642764015645372,0.3794002607561925,1.331807780320362,False,-1.0154713958810069,False,0.026075619295958304,13
D,XRPUSDT,bull,half,2021-07-03 04:00:00,0.6642764015645372,0.3794002607561925,1.331807780320362,False,-1.0154713958810069,False,0.026075619295958304,13
D,XRPUSDT,bull,none,2021-07-03 04:00:00,0.6642764015645372,0.3794002607561925,1.331807780320362,False,-1.0154713958810069,False,0.026075619295958304,13
D,XRPUSDT,bull,strict,2021-08-04 12:00:00,0.4456869009584665,0.27422790202342917,1.599378881987577,True,1.5768074534161485,True,0.009584664536741342,9
D,XRPUSDT,bull,half,2021-08-04 12:00:00,0.4456869009584665,0.27422790202342917,1.599378881987577,True,1.5768074534161485,True,0.009584664536741342,9
D,XRPUSDT,bull,none,2021-08-04 12:00:00,0.4456869009584665,0.27422790202342917,1.599378881987577,True,1.5768074534161485,True,0.009584664536741342,9
D,XRPUSDT,bull,strict,2021-08-13 00:00:00,0.5127742711151186,0.29966937180643227,1.4062059238363902,True,1.3921988716502125,True,0.005710850616170763,0
D,XRPUSDT,bull,half,2021-08-13 00:00:00,0.5127742711151186,0.29966937180643227,1.4062059238363902,True,1.3921988716502125,True,0.005710850616170763,0
D,XRPUSDT,bull,none,2021-08-13 00:00:00,0.5127742711151186,0.29966937180643227,1.4062059238363902,True,1.3921988716502125,True,0.005710850616170763,0
D,XRPUSDT,bull,none,2021-08-19 12:00:00,0.5083912527547042,0.33802339379555857,1.9840796019900493,False,-1.0114487562189054,True,0.05526360400067838,15
D,XRPUSDT,bull,half,2021-09-18 04:00:00,0.7458100558659227,0.41340782122905045,1.2436974789915942,False,-1.0304425770308123,False,0.10800744878957226,1
D,XRPUSDT,bull,none,2021-09-18 04:00:00,0.7458100558659227,0.41340782122905045,1.2436974789915942,False,-1.0304425770308123,False,0.10800744878957226,1
D,XRPUSDT,bull,none,2021-10-15 16:00:00,0.7837587006960558,0.3953596287703013,1.017921146953403,False,-1.013700119474313,False,0.023201856148492413,22
D,XRPUSDT,bull,half,2021-10-26 04:00:00,0.767857142857142,0.265873015873016,0.5296442687747047,False,-1.0148353096179183,False,0.05224867724867737,19
D,XRPUSDT,bull,none,2021-10-26 04:00:00,0.767857142857142,0.265873015873016,0.5296442687747047,False,-1.0148353096179183,False,0.05224867724867737,19
D,XRPUSDT,bull,strict,2021-11-07 08:00:00,0.5018226002430135,0.21901579586877298,0.7744360902255648,True,0.7616745435016121,True,0.027035236938031993,8
D,XRPUSDT,bull,half,2021-11-07 08:00:00,0.5018226002430135,0.21901579586877298,0.7744360902255648,True,0.7616745435016121,True,0.027035236938031993,8
D,XRPUSDT,bull,none,2021-11-07 08:00:00,0.5018226002430135,0.21901579586877298,0.7744360902255648,True,0.7616745435016121,True,0.022782503037667264,8
D,XRPUSDT,bull,half,2022-01-15 12:00:00,0.48954703832752633,0.18118466898954738,0.5875706214689279,False,-1.0222118644067797,False,0.013937282229965554,9
D,XRPUSDT,bull,none,2022-01-15 12:00:00,0.48954703832752633,0.18118466898954738,0.5875706214689279,False,-1.0222118644067797,False,0.013937282229965554,9
D,XRPUSDT,bull,none,2022-01-31 16:00:00,0.7394167450611481,0.48730009407337704,1.9328358208955174,True,1.9102014925373085,True,0.06396989651928534,22
D,XRPUSDT,bull,half,2022-02-04 12:00:00,0.8427184466019418,0.1417475728155335,0.2022160664819936,True,0.18493074792243683,True,0.14563106796116412,3
D,XRPUSDT,bull,none,2022-02-04 12:00:00,0.8427184466019418,0.1417475728155335,0.2022160664819936,True,0.18493074792243683,True,0.14563106796116412,3
D,XRPUSDT,bull,half,2022-02-12 16:00:00,0.5209471766848814,0.2629022465088039,1.0188235294117653,False,-1.0097729411764707,False,0.058287795992714345,10
D,XRPUSDT,bull,none,2022-02-12 16:00:00,0.5209471766848814,0.2629022465088039,1.0188235294117653,False,-1.0097729411764707,False,0.058287795992714345,10
D,XRPUSDT,bull,half,2022-03-05 08:00:00,0.6108374384236456,0.3776683087027912,1.6197183098591506,True,1.6024765258215918,True,0.042692939244663546,14
D,XRPUSDT,bull,none,2022-03-05 08:00:00,0.6108374384236456,0.3776683087027912,1.6197183098591506,True,1.6024765258215918,True,0.042692939244663546,14
D,XRPUSDT,bull,strict,2022-03-07 04:00:00,0.8090909090909086,0.4025974025974026,0.9904153354632599,False,-1.0235750798722045,False,0.05844155844155916,1
D,XRPUSDT,bull,half,2022-03-07 04:00:00,0.8090909090909086,0.4025974025974026,0.9904153354632599,False,-1.0235750798722045,False,0.05844155844155916,1
D,XRPUSDT,bull,none,2022-03-07 04:00:00,0.8090909090909086,0.4025974025974026,0.9904153354632599,False,-1.0235750798722045,False,0.05844155844155916,1
D,XRPUSDT,bull,strict,2022-03-15 12:00:00,0.7372013651877128,0.5829351535836177,3.778761061946912,True,3.7449955752212483,True,0.010921501706484949,9
D,XRPUSDT,bull,half,2022-03-15 12:00:00,0.7372013651877128,0.5829351535836177,3.778761061946912,True,3.7449955752212483,True,0.010921501706484949,9
D,XRPUSDT,bull,none,2022-03-15 12:00:00,0.7372013651877128,0.5829351535836177,3.778761061946912,True,3.7449955752212483,True,0.010921501706484949,9
D,XRPUSDT,bull,none,2022-03-21 08:00:00,0.8007812499999999,0.259765625,0.4801444043321301,True,0.45076895306859216,True,0.011718750000000899,2
D,XRPUSDT,bull,strict,2022-03-24 12:00:00,0.6250000000000003,0.26767676767676785,0.7491166077738517,True,0.7192932862190814,True,0.017676767676767145,3
D,XRPUSDT,bull,half,2022-03-24 12:00:00,0.6250000000000003,0.26767676767676785,0.7491166077738517,True,0.7192932862190814,True,0.017676767676767145,3
D,XRPUSDT,bull,none,2022-03-24 12:00:00,0.6250000000000003,0.26767676767676785,0.7491166077738517,True,0.7192932862190814,True,0.017676767676767145,3
D,XRPUSDT,bull,strict,2022-05-04 00:00:00,0.5021520803443326,0.21807747489239715,0.7676767676767756,True,0.7365959595959675,True,0.10329985652797667,0
D,XRPUSDT,bull,half,2022-05-04 00:00:00,0.5021520803443326,0.21807747489239715,0.7676767676767756,True,0.7365959595959675,True,0.10329985652797667,0
D,XRPUSDT,bull,none,2022-05-04 00:00:00,0.5021520803443326,0.21807747489239715,0.7676767676767756,True,0.7365959595959675,True,0.10329985652797667,0
D,XRPUSDT,bull,strict,2022-05-27 00:00:00,0.7079169869331285,0.5172943889315913,2.713709677419357,False,-1.0160604838709677,True,0.0007686395080706303,72
D,XRPUSDT,bull,half,2022-05-27 00:00:00,0.7079169869331285,0.5172943889315913,2.713709677419357,False,-1.0160604838709677,True,0.0007686395080706303,72
D,XRPUSDT,bull,none,2022-05-20 00:00:00,0.5826287471176022,0.26518063028439687,0.8353510895883784,False,-1.0104382566585957,False,0.051498847040737775,30
D,XRPUSDT,bull,none,2022-05-23 08:00:00,0.7775590551181096,0.31102362204724365,0.6666666666666659,False,-1.0179240506329115,False,0.2559055118110238,8
D,XRPUSDT,bull,none,2022-06-03 00:00:00,0.8324324324324328,0.4648648648648657,1.2647058823529451,False,-1.0200245098039216,False,0.08108108108108117,6
D,XRPUSDT,bull,half,2022-06-23 08:00:00,0.3690476190476192,0.1865079365079369,1.0217391304347863,True,0.9861086956521775,True,0.013888888888888461,2
D,XRPUSDT,bull,none,2022-06-23 08:00:00,0.3690476190476192,0.1865079365079369,1.0217391304347863,True,0.9861086956521775,True,0.013888888888888461,2
D,XRPUSDT,bull,strict,2022-06-30 16:00:00,0.8143712574850299,0.6097804391217563,2.9804878048780457,False,-1.0158975609756098,True,0.03493013972055891,28
D,XRPUSDT,bull,half,2022-06-30 16:00:00,0.8143712574850299,0.6097804391217563,2.9804878048780457,False,-1.0158975609756098,True,0.03493013972055891,28
D,XRPUSDT,bull,none,2022-06-30 16:00:00,0.8143712574850299,0.6097804391217563,2.9804878048780457,False,-1.0158975609756098,True,0.03493013972055891,28
D,XRPUSDT,bull,none,2022-07-27 16:00:00,0.6958128078817734,0.3509852216748765,1.0178571428571408,True,1.0052464285714264,True,0.013546798029556526,34
D,XRPUSDT,bull,strict,2022-08-10 12:00:00,0.6148409893992931,0.38751472320376906,1.7046632124352339,False,-1.019538860103627,False,0.04946996466431075,57
D,XRPUSDT,bull,half,2022-08-03 16:00:00,0.5559481743227324,0.4004711425206123,2.5757575757575757,False,-1.0284848484848486,False,0.014134275618374314,16
D,XRPUSDT,bull,none,2022-08-03 16:00:00,0.5559481743227324,0.4004711425206123,2.5757575757575757,False,-1.0284848484848486,False,0.014134275618374314,16
D,XRPUSDT,bull,none,2022-09-05 20:00:00,0.9285714285714286,0.17857142857142858,0.23809523809523808,True,0.20640952380952382,False,0.24285714285714366,11
D,XRPUSDT,bull,strict,2022-09-16 12:00:00,0.8176352705410822,0.5490981963927851,2.04477611940298,True,2.019813432835816,True,0.0921843687374748,27
D,XRPUSDT,bull,half,2022-09-16 12:00:00,0.8176352705410822,0.5490981963927851,2.04477611940298,True,2.019813432835816,True,0.0921843687374748,27
D,XRPUSDT,bull,none,2022-09-16 12:00:00,0.8176352705410822,0.5490981963927851,2.04477611940298,True,2.019813432835816,True,0.0921843687374748,27
D,XRPUSDT,bull,half,2022-09-28 20:00:00,0.6487226277372261,0.5018248175182483,3.4161490683229863,False,,True,0.044708029197080446,23
D,XRPUSDT,bull,none,2022-09-28 20:00:00,0.6487226277372261,0.5018248175182483,3.4161490683229863,False,,True,0.044708029197080446,23
D,XRPUSDT,bull,half,2022-10-03 20:00:00,0.78125,0.5140086206896551,1.923387096774193,True,1.904770161290322,True,0.03125000000000017,17
D,XRPUSDT,bull,none,2022-10-03 20:00:00,0.78125,0.5140086206896551,1.923387096774193,True,1.904770161290322,True,0.03125000000000017,17
D,XRPUSDT,bull,strict,2022-10-09 08:00:00,0.290721649484536,0.15773195876288748,1.1860465116279222,True,1.145844961240325,True,0.00412371134020573,2
D,XRPUSDT,bull,half,2022-10-09 08:00:00,0.290721649484536,0.15773195876288748,1.1860465116279222,True,1.145844961240325,True,0.00412371134020573,2
D,XRPUSDT,bull,none,2022-10-09 08:00:00,0.290721649484536,0.15773195876288748,1.1860465116279222,True,1.145844961240325,True,0.00412371134020573,2
D,XRPUSDT,bull,half,2022-11-22 12:00:00,0.6857142857142857,0.3285714285714284,0.9199999999999988,True,0.9064545454545443,True,0.09350649350649329,33
D,XRPUSDT,bull,none,2022-11-22 12:00:00,0.6857142857142857,0.3285714285714284,0.9199999999999988,True,0.9064545454545443,True,0.09350649350649329,33
D,XRPUSDT,bull,strict,2022-11-27 08:00:00,0.3659517426273457,0.17828418230562973,0.9499999999999976,False,-1.0290214285714285,False,0.017426273458445354,2
D,XRPUSDT,bull,half,2022-11-27 08:00:00,0.3659517426273457,0.17828418230562973,0.9499999999999976,False,-1.0290214285714285,False,0.017426273458445354,2
D,XRPUSDT,bull,none,2022-11-27 08:00:00,0.3659517426273457,0.17828418230562973,0.9499999999999976,False,-1.0290214285714285,False,0.017426273458445354,2
D,XRPUSDT,bull,strict,2022-12-26 00:00:00,0.5169491525423722,0.23305084745762722,0.8208955223880624,True,0.7687611940298533,True,0.01694915254237336,6
D,XRPUSDT,bull,half,2022-12-26 00:00:00,0.5169491525423722,0.23305084745762722,0.8208955223880624,True,0.7687611940298533,True,0.01694915254237336,6
D,XRPUSDT,bull,none,2022-12-26 00:00:00,0.5169491525423722,0.23305084745762722,0.8208955223880624,True,0.7687611940298533,True,0.01694915254237336,6
D,XRPUSDT,bull,strict,2023-01-16 00:00:00,0.39895013123359563,0.05380577427821513,0.15589353612167278,False,-1.0154106463878327,False,0.005249343832021148,0
D,XRPUSDT,bull,half,2023-01-16 00:00:00,0.39895013123359563,0.05380577427821513,0.15589353612167278,False,-1.0154106463878327,False,0.005249343832021148,0
D,XRPUSDT,bull,none,2023-01-16 00:00:00,0.39895013123359563,0.05380577427821513,0.15589353612167278,False,-1.0154106463878327,False,0.005249343832021148,0
D,XRPUSDT,bull,strict,2023-01-23 04:00:00,0.396226415094339,0.05471698113207469,0.16022099447513577,True,0.137370165745854,True,0.030188679245282842,1
D,XRPUSDT,bull,half,2023-01-23 04:00:00,0.396226415094339,0.05471698113207469,0.16022099447513577,True,0.137370165745854,True,0.030188679245282842,1
D,XRPUSDT,bull,none,2023-01-23 04:00:00,0.396226415094339,0.05471698113207469,0.16022099447513577,True,0.137370165745854,True,0.030188679245282842,1
D,XRPUSDT,bull,strict,2023-01-31 16:00:00,0.7173601147776184,0.3385939741750353,0.893939393939391,False,-1.0155151515151515,False,0.08321377331420335,40
D,XRPUSDT,bull,half,2023-01-31 16:00:00,0.7173601147776184,0.3385939741750353,0.893939393939391,False,-1.0155151515151515,False,0.08321377331420335,40
D,XRPUSDT,bull,none,2023-01-25 20:00:00,0.5251076040172162,0.23385939741750336,0.8029556650246302,False,-1.020536945812808,False,0.106169296987087,5
D,XRPUSDT,bull,none,2023-02-19 12:00:00,0.5497737556561081,0.19683257918551997,0.5576923076923067,False,-1.0253846153846153,False,0.12217194570135652,9
D,XRPUSDT,bull,none,2023-03-16 16:00:00,0.7940446650124062,0.5384615384615383,2.106796116504859,True,2.071300970873791,True,0.017369727047145865,4
D,XRPUSDT,bull,strict,2023-03-21 04:00:00,0.6703539823008858,0.31637168141592986,0.8937500000000014,True,0.8696125000000015,True,0.01991150442477779,1
D,XRPUSDT,bull,half,2023-03-21 04:00:00,0.6703539823008858,0.31637168141592986,0.8937500000000014,True,0.8696125000000015,True,0.01991150442477779,1
D,XRPUSDT,bull,none,2023-03-21 04:00:00,0.6703539823008858,0.31637168141592986,0.8937500000000014,True,0.8696125000000015,True,0.01991150442477779,1
D,XRPUSDT,bull,strict,2023-04-22 12:00:00,0.6787372330547816,0.5487465181058496,4.221428571428577,False,-1.016692857142857,False,0.005106778087279432,135
D,XRPUSDT,bull,half,2023-04-22 12:00:00,0.6787372330547816,0.5487465181058496,4.221428571428577,False,-1.016692857142857,False,0.005106778087279432,135
D,XRPUSDT,bull,none,2023-04-05 04:00:00,0.48328690807799446,0.2943361188486537,1.5577395577395574,False,-1.0128304668304668,False,0.005571030640668425,31
D,XRPUSDT,bull,none,2023-04-10 20:00:00,0.8119469026548669,0.20796460176991088,0.3443223443223431,True,0.32537362637362516,True,0.08407079646017762,23
D,XRPUSDT,bull,strict,2023-04-09 16:00:00,0.7,0.3920000000000009,1.2727272727272794,True,1.2071168831168897,True,0.007999999999999112,4
D,XRPUSDT,bull,half,2023-04-09 16:00:00,0.7,0.3920000000000009,1.2727272727272794,True,1.2071168831168897,True,0.007999999999999112,4
D,XRPUSDT,bull,none,2023-04-09 16:00:00,0.7,0.3920000000000009,1.2727272727272794,True,1.2071168831168897,True,0.007999999999999112,4
D,XRPUSDT,bull,none,2023-04-14 00:00:00,0.9935275080906156,0.2362459546925559,0.3119658119658104,True,0.28969658119657965,True,0.14239482200647127,6
D,XRPUSDT,bull,strict,2023-04-18 08:00:00,0.8262626262626265,0.5434343434343437,1.9214285714285722,False,-1.0371642857142858,True,0.03636363636363681,14
D,XRPUSDT,bull,half,2023-04-18 08:00:00,0.8262626262626265,0.5434343434343437,1.9214285714285722,False,-1.0371642857142858,True,0.03636363636363681,14
D,XRPUSDT,bull,none,2023-04-18 08:00:00,0.8262626262626265,0.5434343434343437,1.9214285714285722,False,-1.0371642857142858,True,0.03636363636363681,14
D,XRPUSDT,bull,strict,2023-05-01 20:00:00,0.5910714285714289,0.39464285714285735,2.009090909090908,False,-1.0422454545454545,False,0.016071428571428785,5
D,XRPUSDT,bull,half,2023-05-01 20:00:00,0.5910714285714289,0.39464285714285735,2.009090909090908,False,-1.0422454545454545,False,0.016071428571428785,5
D,XRPUSDT,bull,none,2023-05-01 20:00:00,0.5910714285714289,0.39464285714285735,2.009090909090908,False,-1.0422454545454545,False,0.016071428571428785,5
D,XRPUSDT,bull,strict,2023-05-26 00:00:00,0.5959252971137524,0.19185059422750478,0.47478991596638814,True,0.45527731092437135,True,0.02037351443123997,30
D,XRPUSDT,bull,half,2023-05-26 00:00:00,0.5959252971137524,0.19185059422750478,0.47478991596638814,True,0.45527731092437135,True,0.02037351443123997,30
D,XRPUSDT,bull,none,2023-05-23 00:00:00,0.4516129032258066,0.18505942275042478,0.6942675159235686,False,-1.0296050955414013,False,0.07809847198641846,12
D,XRPUSDT,bull,none,2023-06-07 08:00:00,0.6139359698681733,0.13088512241054537,0.27095516569200573,False,-1.0103879142300194,False,0.17608286252354102,8
D,XRPUSDT,bull,none,2023-07-10 16:00:00,0.8333333333333341,0.36075949367088617,0.7633928571428563,True,0.7420223214285706,True,0.06962025316455632,40
D,XRPUSDT,bull,strict,2023-07-13 08:00:00,0.6779661016949156,0.2796610169491522,0.7021276595744661,True,0.6517765957446789,True,0.004237288135592752,8
D,XRPUSDT,bull,half,2023-07-13 08:00:00,0.6779661016949156,0.2796610169491522,0.7021276595744661,True,0.6517765957446789,True,0.004237288135592752,8
D,XRPUSDT,bull,none,2023-07-13 08:00:00,0.6779661016949156,0.2796610169491522,0.7021276595744661,True,0.6517765957446789,True,0.004237288135592752,8
D,XRPUSDT,bull,none,2023-08-09 12:00:00,0.7383755737377768,0.6200359209738575,5.239460370994939,False,-1.0110337268128162,False,0.02654160846138491,153
D,XRPUSDT,bull,strict,2023-09-06 20:00:00,0.833333333333333,0.36742424242424354,0.7886178861788666,False,-1.0408943089430895,False,0.030303030303031133,5
D,XRPUSDT,bull,half,2023-09-06 20:00:00,0.833333333333333,0.36742424242424354,0.7886178861788666,False,-1.0408943089430895,False,0.030303030303031133,5
D,XRPUSDT,bull,none,2023-09-06 20:00:00,0.833333333333333,0.36742424242424354,0.7886178861788666,False,-1.0408943089430895,False,0.030303030303031133,5
D,XRPUSDT,bull,strict,2023-09-25 16:00:00,0.8846153846153845,0.4999999999999993,1.2999999999999963,True,1.2662799999999963,True,0.03333333333333253,22
D,XRPUSDT,bull,half,2023-09-25 16:00:00,0.8846153846153845,0.4999999999999993,1.2999999999999963,True,1.2662799999999963,True,0.03333333333333253,22
D,XRPUSDT,bull,none,2023-09-25 16:00:00,0.8846153846153845,0.4999999999999993,1.2999999999999963,True,1.2662799999999963,True,0.03333333333333253,22
D,XRPUSDT,bull,none,2023-10-03 20:00:00,0.9908256880733944,0.2000000000000004,0.25290023201856215,False,-1.0124965197215778,False,0.08990825688073424,17
D,XRPUSDT,bull,strict,2023-10-19 12:00:00,0.9088607594936697,0.622784810126582,2.1769911504424835,True,2.133946902654873,True,0.03544303797468382,9
D,XRPUSDT,bull,half,2023-10-19 12:00:00,0.9088607594936697,0.622784810126582,2.1769911504424835,True,2.133946902654873,True,0.03544303797468382,9
D,XRPUSDT,bull,none,2023-10-19 12:00:00,0.9088607594936697,0.622784810126582,2.1769911504424835,True,2.133946902654873,True,0.03544303797468382,9
D,XRPUSDT,bull,none,2023-12-02 16:00:00,0.6778115501519761,0.27963525835866354,0.702290076335881,True,0.6786488549618352,False,0.05623100303951248,28
D,XRPUSDT,bull,strict,2023-12-20 12:00:00,0.8618513323983167,0.5539971949509112,1.7995444191343934,False,-1.0141799544419134,False,0.01823281907433412,57
D,XRPUSDT,bull,half,2023-12-20 12:00:00,0.8618513323983167,0.5539971949509112,1.7995444191343934,False,-1.0141799544419134,False,0.01823281907433412,57
D,XRPUSDT,bull,none,2023-12-20 12:00:00,0.8618513323983167,0.5539971949509112,1.7995444191343934,False,-1.0141799544419134,False,0.01823281907433412,57
D,XRPUSDT,bull,strict,2024-01-01 16:00:00,0.8212121212121208,0.4924242424242416,1.4976958525345574,False,-1.0288801843317972,False,0.013636363636363804,16
D,XRPUSDT,bull,half,2024-01-01 16:00:00,0.8212121212121208,0.4924242424242416,1.4976958525345574,False,-1.0288801843317972,False,0.013636363636363804,16
D,XRPUSDT,bull,none,2024-01-01 16:00:00,0.8212121212121208,0.4924242424242416,1.4976958525345574,False,-1.0288801843317972,False,0.013636363636363804,16
D,XRPUSDT,bull,strict,2024-01-29 00:00:00,0.48640483383685945,0.25679758308157025,1.1184210526315652,False,-1.0694999999999995,False,0.021148036253774167,6
D,XRPUSDT,bull,half,2024-01-29 00:00:00,0.48640483383685945,0.25679758308157025,1.1184210526315652,False,-1.0694999999999995,False,0.021148036253774167,6
D,XRPUSDT,bull,none,2024-01-29 00:00:00,0.48640483383685945,0.25679758308157025,1.1184210526315652,False,-1.0694999999999995,False,0.021148036253774167,6
D,XRPUSDT,bull,strict,2024-02-08 12:00:00,0.7102803738317756,0.22663551401869225,0.46859903381642726,True,0.44361835748792483,True,0.0233644859813084,21
D,XRPUSDT,bull,half,2024-02-08 12:00:00,0.7102803738317756,0.22663551401869225,0.46859903381642726,True,0.44361835748792483,True,0.0233644859813084,21
D,XRPUSDT,bull,none,2024-02-08 12:00:00,0.7102803738317756,0.22663551401869225,0.46859903381642726,True,0.44361835748792483,True,0.0233644859813084,21
D,XRPUSDT,bull,half,2024-02-18 08:00:00,0.6105263157894731,0.3112781954887209,1.0402010050251211,False,-1.0280904522613066,False,0.040601503759399034,2
D,XRPUSDT,bull,none,2024-02-18 08:00:00,0.6105263157894731,0.3112781954887209,1.0402010050251211,False,-1.0280904522613066,False,0.040601503759399034,2
D,XRPUSDT,bull,none,2024-03-24 08:00:00,0.642939150401837,0.27095292766934614,0.7283950617283974,True,0.7089074074074098,False,0.08266360505166451,8
D,XRPUSDT,bull,none,2024-03-29 08:00:00,0.6269592476489022,0.3521421107627999,1.2813688212927743,False,-1.0239505703422054,False,0.056426332288400834,14
D,XRPUSDT,bull,strict,2024-05-01 12:00:00,0.8936372269705605,0.6885090218423552,3.3564814814814805,False,,True,0.0009496676163341783,45
D,XRPUSDT,bull,half,2024-05-01 12:00:00,0.8936372269705605,0.6885090218423552,3.3564814814814805,False,,True,0.0009496676163341783,45
D,XRPUSDT,bull,none,2024-05-01 12:00:00,0.8936372269705605,0.6885090218423552,3.3564814814814805,False,,True,0.0009496676163341783,45
D,XRPUSDT,bull,strict,2024-05-20 00:00:00,0.709969788519636,0.49546827794561815,2.309859154929575,True,2.237647887323941,True,0.006042296072506884,6
D,XRPUSDT,bull,half,2024-05-20 00:00:00,0.709969788519636,0.49546827794561815,2.309859154929575,True,2.237647887323941,True,0.006042296072506884,6
D,XRPUSDT,bull,none,2024-05-20 00:00:00,0.709969788519636,0.49546827794561815,2.309859154929575,True,2.237647887323941,True,0.006042296072506884,6
D,XRPUSDT,bull,half,2024-06-07 04:00:00,0.6825396825396822,0.3095238095238107,0.8297872340425595,False,-1.0559148936170215,False,0.11507936507936563,1
D,XRPUSDT,bull,none,2024-06-07 04:00:00,0.6825396825396822,0.3095238095238107,0.8297872340425595,False,-1.0559148936170215,False,0.11507936507936563,1
D,XRPUSDT,bull,strict,2024-07-02 08:00:00,0.9680511182108626,0.5575079872204476,1.3579766536964997,False,-1.0189143968871595,False,0.02396166134185304,80
D,XRPUSDT,bull,half,2024-07-02 08:00:00,0.9680511182108626,0.5575079872204476,1.3579766536964997,False,-1.0189143968871595,False,0.02396166134185304,80
D,XRPUSDT,bull,none,2024-07-02 08:00:00,0.9680511182108626,0.5575079872204476,1.3579766536964997,False,-1.0189143968871595,False,0.02396166134185304,80
D,XRPUSDT,bull,half,2024-07-08 08:00:00,0.6837481698389458,0.1478770131771595,0.27595628415300527,True,0.26395081967213097,True,0.09077598828696898,2
D,XRPUSDT,bull,none,2024-07-08 08:00:00,0.6837481698389458,0.1478770131771595,0.27595628415300527,True,0.26395081967213097,True,0.09077598828696898,2
D,XRPUSDT,bull,half,2024-07-19 16:00:00,0.41993185689948864,0.24616695059625202,1.4166666666666676,True,1.402455882352942,True,0.012350936967631615,4
D,XRPUSDT,bull,none,2024-07-19 16:00:00,0.41993185689948864,0.24616695059625202,1.4166666666666676,True,1.402455882352942,True,0.012350936967631615,4
D,XRPUSDT,bull,strict,2024-08-12 00:00:00,0.4661335841956724,0.3762935089369706,4.188481675392667,False,-1.0295340314136125,True,0.01458137347130758,18
D,XRPUSDT,bull,half,2024-08-10 12:00:00,0.36124176857949186,0.2215428033866417,1.5858585858585896,False,-1.0201010101010102,False,0.03621825023518311,9
D,XRPUSDT,bull,none,2024-08-10 12:00:00,0.36124176857949186,0.2215428033866417,1.5858585858585896,False,-1.0201010101010102,False,0.03621825023518311,9
D,XRPUSDT,bull,strict,2024-08-23 16:00:00,0.5580110497237566,0.1436464088397795,0.3466666666666685,True,0.3196888888888907,True,0.06261510128913365,10
D,XRPUSDT,bull,half,2024-08-23 16:00:00,0.5580110497237566,0.1436464088397795,0.3466666666666685,True,0.3196888888888907,True,0.06261510128913365,10
D,XRPUSDT,bull,none,2024-08-23 16:00:00,0.5580110497237566,0.1436464088397795,0.3466666666666685,True,0.3196888888888907,True,0.06261510128913365,10
D,XRPUSDT,bull,half,2024-09-16 16:00:00,0.5259067357512954,0.17098445595854922,0.4817518248175182,True,0.4603394160583941,True,0.13082901554404153,4
D,XRPUSDT,bull,none,2024-09-16 16:00:00,0.5259067357512954,0.17098445595854922,0.4817518248175182,True,0.4603394160583941,True,0.13082901554404153,4
D,XRPUSDT,bull,strict,2024-10-01 04:00:00,0.6241900647948171,0.4103671706263502,1.9191919191919171,False,-1.0317222222222222,False,0.015118790496759791,1
D,XRPUSDT,bull,half,2024-10-01 04:00:00,0.6241900647948171,0.4103671706263502,1.9191919191919171,False,-1.0317222222222222,False,0.015118790496759791,1
D,XRPUSDT,bull,none,2024-10-01 04:00:00,0.6241900647948171,0.4103671706263502,1.9191919191919171,False,-1.0317222222222222,False,0.015118790496759791,1
D,XRPUSDT,bull,strict,2024-10-10 12:00:00,0.6428571428571445,0.26785714285714235,0.7142857142857089,True,0.6778707482993144,True,0.015306122448980776,9
D,XRPUSDT,bull,half,2024-10-10 12:00:00,0.6428571428571445,0.26785714285714235,0.7142857142857089,True,0.6778707482993144,True,0.015306122448980776,9
D,XRPUSDT,bull,none,2024-10-10 12:00:00,0.6428571428571445,0.26785714285714235,0.7142857142857089,True,0.6778707482993144,True,0.015306122448980776,9
D,XRPUSDT,bull,strict,2024-11-18 00:00:00,0.3406113537117905,0.1943231441048035,1.3283582089552224,True,1.318536435469709,True,0.019522219368096432,0
D,XRPUSDT,bull,half,2024-11-18 00:00:00,0.3406113537117905,0.1943231441048035,1.3283582089552224,True,1.318536435469709,True,0.019522219368096432,0
D,XRPUSDT,bull,none,2024-11-18 00:00:00,0.3406113537117905,0.1943231441048035,1.3283582089552224,True,1.318536435469709,True,0.019522219368096432,0
D,XRPUSDT,bull,none,2024-11-25 04:00:00,0.6140956987389876,0.26844014510278114,0.7766116941529236,True,0.769217391304348,True,0.0552772499568147,1
D,XRPUSDT,bull,strict,2024-12-07 12:00:00,0.451201569396763,0.23001471309465424,1.0399113082039917,False,-1.0070421286031042,False,0.024705738106915294,15
D,XRPUSDT,bull,half,2024-12-07 12:00:00,0.451201569396763,0.23001471309465424,1.0399113082039917,False,-1.0070421286031042,False,0.024705738106915294,15
D,XRPUSDT,bull,none,2024-12-07 12:00:00,0.451201569396763,0.23001471309465424,1.0399113082039917,False,-1.0070421286031042,False,0.024705738106915294,15
D,XRPUSDT,bull,strict,2024-12-24 12:00:00,0.6005639097744364,0.15319548872180427,0.34243697478991497,False,-1.012188025210084,False,0.04111842105263068,9
D,XRPUSDT,bull,half,2024-12-24 12:00:00,0.6005639097744364,0.15319548872180427,0.34243697478991497,False,-1.012188025210084,False,0.04111842105263068,9
D,XRPUSDT,bull,none,2024-12-24 12:00:00,0.6005639097744364,0.15319548872180427,0.34243697478991497,False,-1.012188025210084,False,0.04111842105263068,9
D,XRPUSDT,bull,strict,2025-01-06 12:00:00,0.3553319140700596,0.14360363847493676,0.6782449725776952,False,-1.0222696526508226,False,0.0013547513063676118,3
D,XRPUSDT,bull,half,2025-01-06 12:00:00,0.3553319140700596,0.14360363847493676,0.6782449725776952,False,-1.0222696526508226,False,0.0013547513063676118,3
D,XRPUSDT,bull,none,2025-01-06 12:00:00,0.3553319140700596,0.14360363847493676,0.6782449725776952,False,-1.0222696526508226,False,0.0013547513063676118,3
D,XRPUSDT,bull,half,2025-01-13 20:00:00,0.6736556487419826,0.20054267390231897,0.42387904066736315,True,0.41072732012513163,True,0.07375431672422304,5
D,XRPUSDT,bull,none,2025-01-13 20:00:00,0.6736556487419826,0.20054267390231897,0.42387904066736315,True,0.41072732012513163,True,0.07375431672422304,5
D,XRPUSDT,bull,strict,2025-01-18 16:00:00,0.3252608047690017,0.18107302533532035,1.2558139534883692,False,-1.0207357881136951,False,0.011643070044709556,4
D,XRPUSDT,bull,half,2025-01-18 16:00:00,0.3252608047690017,0.18107302533532035,1.2558139534883692,False,-1.0207357881136951,False,0.011643070044709556,4
D,XRPUSDT,bull,none,2025-01-18 16:00:00,0.3252608047690017,0.18107302533532035,1.2558139534883692,False,-1.0207357881136951,False,0.011643070044709556,4
D,XRPUSDT,bull,none,2025-01-30 16:00:00,0.4358523725834794,0.14956063268892827,0.5224063842848397,False,-1.0192074892572132,False,0.047451669595782314,4
D,XRPUSDT,bull,none,2025-02-07 12:00:00,0.5111502347417842,0.3017410015649452,1.4409154600653888,True,1.4293437645959821,True,0.04753521126760561,9
D,XRPUSDT,bull,half,2025-02-19 16:00:00,0.727254707631318,0.34886025768087264,0.9219486642221084,False,-1.0139298061812467,False,0.027353815659068026,22
D,XRPUSDT,bull,none,2025-02-19 16:00:00,0.727254707631318,0.34886025768087264,0.9219486642221084,False,-1.0139298061812467,False,0.027353815659068026,22
D,XRPUSDT,bull,none,2025-03-06 08:00:00,0.7532689027856737,0.3759711957551638,0.99648417880462,False,-1.0065537418382722,False,0.12649232518476383,14
D,XRPUSDT,bull,strict,2025-03-19 08:00:00,0.4378453038674033,0.24033149171270748,1.2167832167832204,True,1.196370629370633,True,0.05662983425414353,14
D,XRPUSDT,bull,half,2025-03-19 08:00:00,0.4378453038674033,0.24033149171270748,1.2167832167832204,True,1.196370629370633,True,0.05662983425414353,14
D,XRPUSDT,bull,none,2025-03-19 08:00:00,0.4378453038674033,0.24033149171270748,1.2167832167832204,True,1.196370629370633,True,0.05662983425414353,14
D,XRPUSDT,bull,half,2025-03-24 12:00:00,0.6339869281045756,0.31454248366013055,0.9846547314577985,False,-1.021078431372549,False,0.017701525054466098,21
D,XRPUSDT,bull,none,2025-03-24 12:00:00,0.6339869281045756,0.31454248366013055,0.9846547314577985,False,-1.021078431372549,False,0.017701525054466098,21
D,XRPUSDT,bull,strict,2025-04-11 16:00:00,0.3543373240915776,0.09577819785759266,0.3704305442729471,True,0.353831031681558,True,0.03129594622978348,4
D,XRPUSDT,bull,half,2025-04-11 16:00:00,0.3543373240915776,0.09577819785759266,0.3704305442729471,True,0.353831031681558,True,0.03129594622978348,4
D,XRPUSDT,bull,none,2025-04-11 16:00:00,0.3543373240915776,0.09577819785759266,0.3704305442729471,True,0.353831031681558,True,0.03129594622978348,4
D,XRPUSDT,bull,strict,2025-04-16 16:00:00,0.40452643590718895,0.2687333586915173,1.9789915966386484,True,1.9494999999999931,True,0.010650437428679781,10
D,XRPUSDT,bull,half,2025-04-16 16:00:00,0.40452643590718895,0.2687333586915173,1.9789915966386484,True,1.9494999999999931,True,0.010650437428679781,10
D,XRPUSDT,bull,none,2025-04-16 16:00:00,0.40452643590718895,0.2687333586915173,1.9789915966386484,True,1.9494999999999931,True,0.010650437428679781,10
D,XRPUSDT,bull,strict,2025-05-16 08:00:00,0.9447328244274809,0.7041221374045806,2.9263959390863024,False,-1.030766497461929,False,0.007328244274809716,14
D,XRPUSDT,bull,half,2025-05-16 08:00:00,0.9447328244274809,0.7041221374045806,2.9263959390863024,False,-1.030766497461929,False,0.007328244274809716,14
D,XRPUSDT,bull,none,2025-05-16 08:00:00,0.9447328244274809,0.7041221374045806,2.9263959390863024,False,-1.030766497461929,False,0.007328244274809716,14
D,XRPUSDT,bull,strict,2025-06-16 04:00:00,0.9163987138263663,0.4844587352625927,1.1215880893300203,False,-1.0182125723738626,True,0.03679885673454796,19
D,XRPUSDT,bull,half,2025-06-16 04:00:00,0.9163987138263663,0.4844587352625927,1.1215880893300203,False,-1.0182125723738626,True,0.03679885673454796,19
D,XRPUSDT,bull,none,2025-06-16 04:00:00,0.9163987138263663,0.4844587352625927,1.1215880893300203,False,-1.0182125723738626,True,0.03679885673454796,19
D,XRPUSDT,bull,half,2025-06-28 00:00:00,0.5054297238597584,0.14179336022339328,0.38993174061432995,True,0.37130034129692385,True,0.10611231771641405,6
D,XRPUSDT,bull,none,2025-06-28 00:00:00,0.5054297238597584,0.14179336022339328,0.38993174061432995,True,0.37130034129692385,True,0.10611231771641405,6
D,XRPUSDT,bull,strict,2025-07-06 08:00:00,0.7089508002371062,0.31179608772969786,0.7850746268656745,True,0.7513268656716445,True,0.008891523414345336,8
D,XRPUSDT,bull,half,2025-07-06 08:00:00,0.7089508002371062,0.31179608772969786,0.7850746268656745,True,0.7513268656716445,True,0.008891523414345336,8
D,XRPUSDT,bull,none,2025-07-06 08:00:00,0.7089508002371062,0.31179608772969786,0.7850746268656745,True,0.7513268656716445,True,0.008891523414345336,8
D,XRPUSDT,bull,strict,2025-07-24 12:00:00,0.8259001161440185,0.511265969802555,1.624953857511996,False,-1.0119025470653378,False,0.008362369337979203,27
D,XRPUSDT,bull,half,2025-07-24 12:00:00,0.8259001161440185,0.511265969802555,1.624953857511996,False,-1.0119025470653378,False,0.008362369337979203,27
D,XRPUSDT,bull,none,2025-07-24 12:00:00,0.8259001161440185,0.511265969802555,1.624953857511996,False,-1.0119025470653378,False,0.008362369337979203,27
D,XRPUSDT,bull,strict,2025-08-12 12:00:00,0.580195548158935,0.353234865820678,1.5563703024747906,False,-1.029436296975252,True,0.009985437903057863,15
D,XRPUSDT,bull,half,2025-08-12 12:00:00,0.580195548158935,0.353234865820678,1.5563703024747906,False,-1.029436296975252,True,0.009985437903057863,15
D,XRPUSDT,bull,none,2025-08-12 12:00:00,0.580195548158935,0.353234865820678,1.5563703024747906,False,-1.029436296975252,True,0.009985437903057863,15
D,XRPUSDT,bull,none,2025-08-26 12:00:00,0.8873808836269139,0.565983251516026,1.7610062893081673,False,-1.0263387241689128,True,0.09673693329483136,3
D,XRPUSDT,bull,strict,2025-09-05 04:00:00,0.5732349841938884,0.22181243414120144,0.6311844077961025,True,0.5885577211394308,True,0.0015806111696509218,1
D,XRPUSDT,bull,half,2025-09-05 04:00:00,0.5732349841938884,0.22181243414120144,0.6311844077961025,True,0.5885577211394308,True,0.0015806111696509218,1
D,XRPUSDT,bull,none,2025-09-05 04:00:00,0.5732349841938884,0.22181243414120144,0.6311844077961025,True,0.5885577211394308,True,0.0015806111696509218,1
D,XRPUSDT,bull,strict,2025-09-17 20:00:00,0.5713936430317851,0.2506112469437652,0.781249999999999,False,-1.023498475609756,False,0.020048899755501174,17
D,XRPUSDT,bull,half,2025-09-17 20:00:00,0.5713936430317851,0.2506112469437652,0.781249999999999,False,-1.023498475609756,False,0.020048899755501174,17
D,XRPUSDT,bull,none,2025-09-17 20:00:00,0.5713936430317851,0.2506112469437652,0.781249999999999,False,-1.023498475609756,False,0.020048899755501174,17
D,XRPUSDT,bull,strict,2025-09-26 16:00:00,0.9189272503082615,0.6300863131935881,2.1814300960512263,True,2.151649946638206,True,0.04161528976572151,4
D,XRPUSDT,bull,half,2025-09-26 16:00:00,0.9189272503082615,0.6300863131935881,2.1814300960512263,True,2.151649946638206,True,0.04161528976572151,4
D,XRPUSDT,bull,none,2025-09-26 16:00:00,0.9189272503082615,0.6300863131935881,2.1814300960512263,True,2.151649946638206,True,0.04161528976572151,4
D,XRPUSDT,bull,half,2025-10-05 00:00:00,0.5611285266457686,0.3218390804597701,1.344978165938861,False,-1.0437641921397378,False,0.08638105189829301,6
D,XRPUSDT,bull,none,2025-10-05 00:00:00,0.5611285266457686,0.3218390804597701,1.344978165938861,False,-1.0437641921397378,False,0.08638105189829301,6
D,XRPUSDT,bull,none,2025-10-24 12:00:00,0.6273052573630605,0.20066061106523575,0.4703225806451631,True,0.4543322580645179,True,0.10459675199559536,15
D,XRPUSDT,bull,strict,2025-10-31 00:00:00,0.8607391537225493,0.6089983931440813,2.4191489361702145,False,-1.0262712765957447,False,0.005891805034814567,12
D,XRPUSDT,bull,half,2025-10-31 00:00:00,0.8607391537225493,0.6089983931440813,2.4191489361702145,False,-1.0262712765957447,False,0.005891805034814567,12
D,XRPUSDT,bull,none,2025-10-31 00:00:00,0.8607391537225493,0.6089983931440813,2.4191489361702145,False,-1.0262712765957447,False,0.005891805034814567,12
D,XRPUSDT,bull,strict,2025-11-12 08:00:00,0.6329927007299264,0.4183941605839418,1.9496598639455867,False,-1.0331510204081633,False,0.010510948905109634,2
D,XRPUSDT,bull,half,2025-11-12 08:00:00,0.6329927007299264,0.4183941605839418,1.9496598639455867,False,-1.0331510204081633,False,0.010510948905109634,2
D,XRPUSDT,bull,none,2025-11-12 08:00:00,0.6329927007299264,0.4183941605839418,1.9496598639455867,False,-1.0331510204081633,False,0.010510948905109634,2
D,XRPUSDT,bull,strict,2025-11-26 16:00:00,0.30565713056571325,0.11486341148634185,0.6020293122886186,False,-1.0251589627959414,False,0.009464400946440006,4
D,XRPUSDT,bull,half,2025-11-26 16:00:00,0.30565713056571325,0.11486341148634185,0.6020293122886186,False,-1.0251589627959414,False,0.009464400946440006,4
D,XRPUSDT,bull,none,2025-11-26 16:00:00,0.30565713056571325,0.11486341148634185,0.6020293122886186,False,-1.0251589627959414,False,0.009464400946440006,4
D,XRPUSDT,bull,strict,2025-12-09 12:00:00,0.9779754341380766,0.4396442185514618,0.8166797797010252,False,-1.0166388670338316,False,0.014400677678949893,27
D,XRPUSDT,bull,half,2025-12-09 12:00:00,0.9779754341380766,0.4396442185514618,0.8166797797010252,False,-1.0166388670338316,False,0.014400677678949893,27
D,XRPUSDT,bull,none,2025-12-09 12:00:00,0.9779754341380766,0.4396442185514618,0.8166797797010252,False,-1.0166388670338316,False,0.014400677678949893,27
D,XRPUSDT,bull,strict,2026-01-01 08:00:00,0.7849519743863393,0.5517609391675556,2.366132723112123,True,2.323700228832947,True,0.026147278548559905,62
D,XRPUSDT,bull,half,2026-01-01 08:00:00,0.7849519743863393,0.5517609391675556,2.366132723112123,True,2.323700228832947,True,0.026147278548559905,62
D,XRPUSDT,bull,none,2025-12-25 04:00:00,0.6494130202774808,0.4493062966915691,2.2453333333333427,False,-1.0499600000000002,False,0.02134471718249735,19
D,XRPUSDT,bull,none,2026-01-13 20:00:00,0.6327236777063765,0.41687263140550357,1.9312977099236681,False,-1.0165229007633587,False,0.01779535343549208,35
D,XRPUSDT,bull,strict,2026-02-17 16:00:00,0.7407858665854403,0.5616813889734995,3.1360544217686956,False,-1.025253401360544,False,0.01675296984465446,4
D,XRPUSDT,bull,half,2026-02-17 16:00:00,0.7407858665854403,0.5616813889734995,3.1360544217686956,False,-1.025253401360544,False,0.01675296984465446,4
D,XRPUSDT,bull,none,2026-02-17 16:00:00,0.7407858665854403,0.5616813889734995,3.1360544217686956,False,-1.025253401360544,False,0.01675296984465446,4
D,XRPUSDT,bull,strict,2026-03-12 08:00:00,0.636213991769547,0.4543209876543205,2.497737556561081,False,-1.062760180995475,False,0.034567901234567766,2
D,XRPUSDT,bull,half,2026-03-12 08:00:00,0.636213991769547,0.4543209876543205,2.497737556561081,False,-1.062760180995475,False,0.034567901234567766,2
D,XRPUSDT,bull,none,2026-03-12 08:00:00,0.636213991769547,0.4543209876543205,2.497737556561081,False,-1.062760180995475,False,0.034567901234567766,2
D,XRPUSDT,bull,strict,2026-03-15 00:00:00,0.7888268156424568,0.461452513966481,1.4095563139931837,True,1.3613822525597363,True,0.005586592178770326,0
D,XRPUSDT,bull,half,2026-03-15 00:00:00,0.7888268156424568,0.461452513966481,1.4095563139931837,True,1.3613822525597363,True,0.005586592178770326,0
D,XRPUSDT,bull,none,2026-03-15 00:00:00,0.7888268156424568,0.461452513966481,1.4095563139931837,True,1.3613822525597363,True,0.005586592178770326,0
D,XRPUSDT,bull,strict,2026-04-09 12:00:00,0.630782169890664,0.37342304457527326,1.4509803921568645,False,-1.0441666666666667,False,0.02523128679562753,3
D,XRPUSDT,bull,half,2026-04-09 12:00:00,0.630782169890664,0.37342304457527326,1.4509803921568645,False,-1.0441666666666667,False,0.02523128679562753,3
D,XRPUSDT,bull,none,2026-04-09 12:00:00,0.630782169890664,0.37342304457527326,1.4509803921568645,False,-1.0441666666666667,False,0.02523128679562753,3
D,XRPUSDT,bull,strict,2026-04-20 12:00:00,0.7518656716417909,0.48072139303482664,1.7729357798165228,False,-1.0328417431192662,False,0.016169154228855315,9
D,XRPUSDT,bull,half,2026-04-20 12:00:00,0.7518656716417909,0.48072139303482664,1.7729357798165228,False,-1.0328417431192662,False,0.016169154228855315,9
D,XRPUSDT,bull,none,2026-04-20 12:00:00,0.7518656716417909,0.48072139303482664,1.7729357798165228,False,-1.0328417431192662,False,0.016169154228855315,9
D,XRPUSDT,bull,none,2026-04-26 08:00:00,0.7872340425531887,0.4893617021276581,1.6428571428571455,False,-1.113460317460318,True,0.03309692671394959,2
D,XRPUSDT,bull,half,2026-05-08 16:00:00,0.7095914742451159,0.342806394316165,0.9346246973365687,True,0.9002857142857211,True,0.09413854351687335,4
D,XRPUSDT,bull,none,2026-05-08 16:00:00,0.7095914742451159,0.342806394316165,0.9346246973365687,True,0.9002857142857211,True,0.09413854351687335,4
D,XRPUSDT,bull,strict,2026-05-14 12:00:00,0.7440794499618023,0.2734912146676856,0.5811688311688332,True,0.5572727272727293,True,0.0007639419404124444,15
D,XRPUSDT,bull,half,2026-05-14 12:00:00,0.7440794499618023,0.2734912146676856,0.5811688311688332,True,0.5572727272727293,True,0.0007639419404124444,15
D,XRPUSDT,bull,none,2026-05-14 12:00:00,0.7440794499618023,0.2734912146676856,0.5811688311688332,True,0.5572727272727293,True,0.0007639419404124444,15
D,XRPUSDT,bull,half,2026-06-13 12:00:00,0.7206418672501823,0.21954777534646255,0.43813682678311533,True,0.4213100436681226,True,0.040116703136395614,21
D,XRPUSDT,bull,none,2026-06-11 16:00:00,0.7206418672501823,0.3150984682713341,0.776978417266184,True,0.7564226618705006,True,0.08315098468271391,10
D,XRPUSDT,bull,strict,2026-07-01 12:00:00,0.8090379008746339,0.241982507288629,0.4267352185089968,True,0.39948329048843123,True,0.059766763848396395,15
D,XRPUSDT,bull,half,2026-07-01 12:00:00,0.8090379008746339,0.241982507288629,0.4267352185089968,True,0.39948329048843123,True,0.059766763848396395,15
D,XRPUSDT,bull,none,2026-07-01 12:00:00,0.8090379008746339,0.241982507288629,0.4267352185089968,True,0.39948329048843123,True,0.059766763848396395,15
D,XRPUSDT,bull,strict,2026-07-14 12:00:00,0.8068880688806894,0.48954489544895424,1.5426356589147239,False,-1.0213992248062016,True,0.006765067650675768,51
D,XRPUSDT,bull,half,2026-07-10 00:00:00,0.7134071340713406,0.4753997539975399,1.997416020671835,False,-1.02859173126615,False,0.058425584255843,24
D,XRPUSDT,bull,none,2026-07-10 00:00:00,0.7134071340713406,0.4753997539975399,1.997416020671835,False,-1.02859173126615,False,0.058425584255843,24
D,XRPUSDT,bull,strict,2026-07-20 00:00:00,0.7859922178988331,0.3916990920881975,0.9934210526315796,True,0.9572532894736849,True,0.010376134889752432,18
D,XRPUSDT,bull,half,2026-07-20 00:00:00,0.7859922178988331,0.3916990920881975,0.9934210526315796,True,0.9572532894736849,True,0.010376134889752432,18
D,XRPUSDT,bull,none,2026-07-20 00:00:00,0.7859922178988331,0.3916990920881975,0.9934210526315796,True,0.9572532894736849,True,0.010376134889752432,18
D,XRPUSDT,bull,none,2026-07-26 12:00:00,0.9755501222493886,0.7347188264058669,3.05076142131978,False,-1.0560406091370558,False,0.11735941320293482,21
D,XRPUSDT,bull,strict,2026-08-27 12:00:00,0.4821303433777156,0.33062368605466014,2.1822386679000907,False,-1.0135531914893616,False,0.014155571128241062,21
D,XRPUSDT,bull,half,2026-08-27 12:00:00,0.4821303433777156,0.33062368605466014,2.1822386679000907,False,-1.0135531914893616,False,0.014155571128241062,21
D,XRPUSDT,bull,none,2026-08-27 12:00:00,0.4821303433777156,0.33062368605466014,2.1822386679000907,False,-1.0135531914893616,False,0.014155571128241062,21
D,XRPUSDT,bull,strict,2026-09-11 12:00:00,0.9612093553907591,0.6274957216200804,1.880341880341882,True,1.8568581196581213,True,0.02395892755276658,39
D,XRPUSDT,bull,half,2026-09-11 12:00:00,0.9612093553907591,0.6274957216200804,1.880341880341882,True,1.8568581196581213,True,0.02395892755276658,39
D,XRPUSDT,bull,none,2026-09-09 04:00:00,0.6354820308043351,0.24643468339988536,0.6334310850439865,False,-1.0211231671554253,False,0.1682829435253855,25
D,XRPUSDT,bull,strict,2026-09-21 00:00:00,0.41554702495201556,0.15115163147792646,0.5716878402903771,True,0.545869328493644,True,0.047024952015355254,0
D,XRPUSDT,bull,half,2026-09-21 00:00:00,0.41554702495201556,0.15115163147792646,0.5716878402903771,True,0.545869328493644,True,0.047024952015355254,0
D,XRPUSDT,bull,none,2026-09-21 00:00:00,0.41554702495201556,0.15115163147792646,0.5716878402903771,True,0.545869328493644,True,0.047024952015355254,0
D,XRPUSDT,bull,half,2026-09-25 08:00:00,0.7117303061575504,0.2215342277261775,0.4519298245614018,False,-1.0111845614035089,False,0.1702786377708982,2
D,XRPUSDT,bull,none,2026-09-25 08:00:00,0.7117303061575504,0.2215342277261775,0.4519298245614018,False,-1.0111845614035089,False,0.1702786377708982,2
D,XRPUSDT,bull,strict,2026-09-27 04:00:00,0.723964165733483,0.5151175811870097,2.4664879356568252,False,-1.0412305630026808,False,0.03751399776035797,1
D,XRPUSDT,bull,half,2026-09-27 04:00:00,0.723964165733483,0.5151175811870097,2.4664879356568252,False,-1.0412305630026808,False,0.03751399776035797,1
D,XRPUSDT,bull,none,2026-09-27 04:00:00,0.723964165733483,0.5151175811870097,2.4664879356568252,False,-1.0412305630026808,False,0.03751399776035797,1
D,XRPUSDT,bear,strict,2020-02-19 04:00:00,0.4516129032258063,0.3188585607940447,2.4018691588785077,False,-1.0273551401869159,False,0.014888337468982367,7
D,XRPUSDT,bear,half,2020-02-19 04:00:00,0.4516129032258063,0.3188585607940447,2.4018691588785077,False,-1.0273551401869159,False,0.014888337468982367,7
D,XRPUSDT,bear,none,2020-02-19 04:00:00,0.4516129032258063,0.3188585607940447,2.4018691588785077,False,-1.0273551401869159,False,0.014888337468982367,7
D,XRPUSDT,bear,strict,2020-02-24 00:00:00,0.5073068893528181,0.2776617954070977,1.209090909090906,True,1.1841636363636334,True,0.022964509394571814,12
D,XRPUSDT,bear,half,2020-02-24 00:00:00,0.5073068893528181,0.2776617954070977,1.209090909090906,True,1.1841636363636334,True,0.022964509394571814,12
D,XRPUSDT,bear,none,2020-02-24 00:00:00,0.5073068893528181,0.2776617954070977,1.209090909090906,True,1.1841636363636334,True,0.022964509394571814,12
D,XRPUSDT,bear,none,2020-02-28 04:00:00,0.4022257551669314,0.19713831478537347,0.9612403100775193,True,0.9430465116279069,True,0.03974562798092213,1
D,XRPUSDT,bear,none,2020-03-21 04:00:00,0.6430446194225722,0.47244094488188965,2.7692307692307665,False,-1.0079794871794872,False,0.03762029746281713,37
D,XRPUSDT,bear,strict,2020-04-12 20:00:00,0.5967741935483877,0.33870967741935465,1.3124999999999951,True,1.282921874999995,True,0.0040322580645156866,5
D,XRPUSDT,bear,half,2020-04-12 20:00:00,0.5967741935483877,0.33870967741935465,1.3124999999999951,True,1.282921874999995,True,0.0040322580645156866,5
D,XRPUSDT,bear,none,2020-04-12 20:00:00,0.5967741935483877,0.33870967741935465,1.3124999999999951,True,1.282921874999995,True,0.0040322580645156866,5
D,XRPUSDT,bear,strict,2020-04-15 08:00:00,0.6445783132530112,0.3554216867469872,1.2291666666666645,True,1.1906249999999978,True,0.01204819277108468,2
D,XRPUSDT,bear,half,2020-04-15 08:00:00,0.6445783132530112,0.3554216867469872,1.2291666666666645,True,1.1906249999999978,True,0.01204819277108468,2
D,XRPUSDT,bear,none,2020-04-15 08:00:00,0.6445783132530112,0.3554216867469872,1.2291666666666645,True,1.1906249999999978,True,0.01204819277108468,2
D,XRPUSDT,bear,strict,2020-05-06 20:00:00,0.7777777777777782,0.23737373737373665,0.43925233644859585,False,-1.0197943925233646,False,0.09595959595959669,5
D,XRPUSDT,bear,half,2020-05-06 20:00:00,0.7777777777777782,0.23737373737373665,0.43925233644859585,False,-1.0197943925233646,False,0.09595959595959669,5
D,XRPUSDT,bear,none,2020-05-06 20:00:00,0.7777777777777782,0.23737373737373665,0.43925233644859585,False,-1.0197943925233646,False,0.09595959595959669,5
D,XRPUSDT,bear,half,2020-05-19 00:00:00,0.6507936507936513,0.5158730158730164,3.823529411764709,False,-1.0296323529411764,True,0.01587301587301578,42
D,XRPUSDT,bear,none,2020-05-15 16:00:00,0.6130952380952384,0.45039682539682535,2.7682926829268246,False,-1.024170731707317,False,0.0019841269841267654,22
D,XRPUSDT,bear,strict,2020-05-29 08:00:00,0.7309644670050764,0.47208121827411126,1.8235294117646987,False,-1.0388039215686273,False,0.0152284263959388,38
D,XRPUSDT,bear,half,2020-05-24 20:00:00,0.7106598984771572,0.18781725888324896,0.3592233009708745,False,-1.0186699029126214,False,0.15228426395939082,11
D,XRPUSDT,bear,none,2020-05-24 20:00:00,0.7106598984771572,0.18781725888324896,0.3592233009708745,False,-1.0186699029126214,False,0.15228426395939082,11
D,XRPUSDT,bear,none,2020-06-13 08:00:00,0.5044642857142858,0.3214285714285707,1.756097560975597,True,1.7095365853658413,True,0.004464285714286461,2
D,XRPUSDT,bear,strict,2020-06-17 12:00:00,0.7032520325203253,0.3780487804878048,1.1624999999999992,True,1.1386499999999993,True,0.04878048780487829,3
D,XRPUSDT,bear,half,2020-06-17 12:00:00,0.7032520325203253,0.3780487804878048,1.1624999999999992,True,1.1386499999999993,True,0.04878048780487829,3
D,XRPUSDT,bear,none,2020-06-17 12:00:00,0.7032520325203253,0.3780487804878048,1.1624999999999992,True,1.1386499999999993,True,0.04878048780487829,3
D,XRPUSDT,bear,strict,2020-06-24 04:00:00,0.41258741258741355,0.11888111888111931,0.40476190476190554,True,0.3604285714285723,True,0.0069930069930081605,13
D,XRPUSDT,bear,half,2020-06-24 04:00:00,0.41258741258741355,0.11888111888111931,0.40476190476190554,True,0.3604285714285723,True,0.0069930069930081605,13
D,XRPUSDT,bear,none,2020-06-24 04:00:00,0.41258741258741355,0.11888111888111931,0.40476190476190554,True,0.3604285714285723,True,0.0069930069930081605,13
D,XRPUSDT,bear,none,2020-07-02 12:00:00,0.631578947368421,0.30526315789473657,0.9354838709677402,False,-1.028016129032258,False,0.04736842105263216,21
D,XRPUSDT,bear,none,2020-07-20 16:00:00,0.7684210526315783,0.347368421052631,0.8249999999999986,False,-1.0243,False,0.05263157894736696,16
D,XRPUSDT,bear,half,2020-07-22 04:00:00,0.9009009009009018,0.45945945945945893,1.0408163265306076,False,-1.040081632653061,False,0.13513513513513278,1
D,XRPUSDT,bear,none,2020-07-22 04:00:00,0.9009009009009018,0.45945945945945893,1.0408163265306076,False,-1.040081632653061,False,0.13513513513513278,1
D,XRPUSDT,bear,half,2020-08-11 12:00:00,0.8888888888888896,0.3011695906432746,0.5124378109452723,True,0.4981194029850733,True,0.05555555555555439,15
D,XRPUSDT,bear,none,2020-08-11 12:00:00,0.8888888888888896,0.3011695906432746,0.5124378109452723,True,0.4981194029850733,True,0.05555555555555439,15
D,XRPUSDT,bear,strict,2020-08-21 08:00:00,0.362745098039215,0.1843137254901954,1.0329670329670293,True,1.0014395604395567,True,0.003921568627450549,2
D,XRPUSDT,bear,half,2020-08-21 08:00:00,0.362745098039215,0.1843137254901954,1.0329670329670293,True,1.0014395604395567,True,0.003921568627450549,2
D,XRPUSDT,bear,none,2020-08-21 08:00:00,0.362745098039215,0.1843137254901954,1.0329670329670293,True,1.0014395604395567,True,0.003921568627450549,2
D,XRPUSDT,bear,none,2020-08-25 04:00:00,0.8471615720524015,0.5021834061135381,1.4556962025316538,True,1.4196708860759575,True,0.06550218340611366,7
D,XRPUSDT,bear,strict,2020-09-10 16:00:00,0.2559681697612733,0.16445623342175053,1.797101449275357,False,-1.0350434782608695,False,0.02122015915119387,16
D,XRPUSDT,bear,half,2020-09-10 16:00:00,0.2559681697612733,0.16445623342175053,1.797101449275357,False,-1.0350434782608695,False,0.02122015915119387,16
D,XRPUSDT,bear,none,2020-09-10 16:00:00,0.2559681697612733,0.16445623342175053,1.797101449275357,False,-1.0350434782608695,False,0.02122015915119387,16
D,XRPUSDT,bear,none,2020-11-01 00:00:00,0.5215827338129498,0.34892086330935246,2.0208333333333313,False,-1.0497291666666666,False,0.035971223021582815,0
D,XRPUSDT,bear,strict,2020-12-01 16:00:00,0.6945797807551765,0.5204019488428743,2.9877622377622353,True,2.9768111888111863,True,0.012789281364189956,22
D,XRPUSDT,bear,half,2020-12-01 16:00:00,0.6945797807551765,0.5204019488428743,2.9877622377622353,True,2.9768111888111863,True,0.012789281364189956,22
D,XRPUSDT,bear,none,2020-12-01 16:00:00,0.6945797807551765,0.5204019488428743,2.9877622377622353,True,2.9768111888111863,True,0.012789281364189956,22
D,XRPUSDT,bear,half,2020-12-08 20:00:00,0.8596837944664032,0.16501976284584924,0.23755334281649973,True,0.2296059743954471,True,0.055335968379447154,17
D,XRPUSDT,bear,none,2020-12-08 20:00:00,0.8596837944664032,0.16501976284584924,0.23755334281649973,True,0.2296059743954471,True,0.055335968379447154,17
D,XRPUSDT,bear,none,2020-12-28 20:00:00,0.3910127431254192,0.08093002459199639,0.26099495313626514,True,0.25921196827685633,False,0.11088754750726577,23
D,XRPUSDT,bear,half,2021-01-08 00:00:00,0.9359033906177425,0.6177426846261033,1.9416058394160602,False,-1.0044335766423358,False,0.032512772875058084,48
D,XRPUSDT,bear,none,2021-01-08 00:00:00,0.9359033906177425,0.6177426846261033,1.9416058394160602,False,-1.0044335766423358,False,0.032512772875058084,48
D,XRPUSDT,bear,strict,2021-01-20 00:00:00,0.6714406065711876,0.30160067396798645,0.815489749430524,True,0.8089772209567199,True,0.0185341196293179,42
D,XRPUSDT,bear,half,2021-01-20 00:00:00,0.6714406065711876,0.30160067396798645,0.815489749430524,True,0.8089772209567199,True,0.0185341196293179,42
D,XRPUSDT,bear,none,2021-01-20 00:00:00,0.6714406065711876,0.30160067396798645,0.815489749430524,True,0.8089772209567199,True,0.0185341196293179,42
D,XRPUSDT,bear,none,2021-01-25 16:00:00,0.5181119648737651,0.3754116355653127,2.6307692307692268,False,-1.0209923076923078,True,0.016465422612513738,10
D,XRPUSDT,bear,half,2021-02-13 08:00:00,0.729470912137898,0.567392865693081,3.5007385524372174,False,-1.0085228951255538,False,0.025616471151544005,56
D,XRPUSDT,bear,none,2021-02-13 08:00:00,0.729470912137898,0.567392865693081,3.5007385524372174,False,-1.0085228951255538,False,0.025616471151544005,56
D,XRPUSDT,bear,strict,2021-02-20 12:00:00,0.6355421686746989,0.34096385542168656,1.157464212678935,True,1.1464907975460106,True,0.009036144578313593,15
D,XRPUSDT,bear,half,2021-02-20 12:00:00,0.6355421686746989,0.34096385542168656,1.157464212678935,True,1.1464907975460106,True,0.009036144578313593,15
D,XRPUSDT,bear,none,2021-02-20 12:00:00,0.6355421686746989,0.34096385542168656,1.157464212678935,True,1.1464907975460106,True,0.009036144578313593,15
D,XRPUSDT,bear,none,2021-03-14 20:00:00,0.6729927007299273,0.2598540145985407,0.6289752650176693,False,-1.0155265017667845,False,0.035036496350365154,5
D,XRPUSDT,bear,strict,2021-03-31 08:00:00,0.9202092871157613,0.6559843034663173,2.482673267326732,False,-1.0135841584158416,False,0.004578155657292569,32
D,XRPUSDT,bear,half,2021-03-31 08:00:00,0.9202092871157613,0.6559843034663173,2.482673267326732,False,-1.0135841584158416,False,0.004578155657292569,32
D,XRPUSDT,bear,none,2021-03-31 08:00:00,0.9202092871157613,0.6559843034663173,2.482673267326732,False,-1.0135841584158416,False,0.004578155657292569,32
D,XRPUSDT,bear,strict,2021-04-27 16:00:00,0.9991630398393038,0.8439906260462003,5.439050701186624,False,-1.014826321467098,False,0.00920656176765996,16
D,XRPUSDT,bear,half,2021-04-27 16:00:00,0.9991630398393038,0.8439906260462003,5.439050701186624,False,-1.014826321467098,False,0.00920656176765996,16
D,XRPUSDT,bear,none,2021-04-27 16:00:00,0.9991630398393038,0.8439906260462003,5.439050701186624,False,-1.014826321467098,False,0.00920656176765996,16
D,XRPUSDT,bear,strict,2021-05-15 04:00:00,0.7269980774512493,0.44850315847294686,1.6104536489151884,False,-1.0133047337278107,False,0.0024718483932982716,1
D,XRPUSDT,bear,half,2021-05-15 04:00:00,0.7269980774512493,0.44850315847294686,1.6104536489151884,False,-1.0133047337278107,False,0.0024718483932982716,1
D,XRPUSDT,bear,none,2021-05-15 04:00:00,0.7269980774512493,0.44850315847294686,1.6104536489151884,False,-1.0133047337278107,False,0.0024718483932982716,1
D,XRPUSDT,bear,strict,2021-05-25 08:00:00,0.3870754092156305,0.2369192922698457,1.5778197857592944,False,-1.0056735979836169,False,0.012583971993566171,2
D,XRPUSDT,bear,half,2021-05-25 08:00:00,0.3870754092156305,0.2369192922698457,1.5778197857592944,False,-1.0056735979836169,False,0.012583971993566171,2
D,XRPUSDT,bear,none,2021-05-25 08:00:00,0.3870754092156305,0.2369192922698457,1.5778197857592944,False,-1.0056735979836169,False,0.012583971993566171,2
D,XRPUSDT,bear,strict,2021-06-07 12:00:00,0.4530095036958819,0.2824709609292504,1.6563467492260062,True,1.6271300309597523,True,0.006335797254487748,3
D,XRPUSDT,bear,half,2021-06-07 12:00:00,0.4530095036958819,0.2824709609292504,1.6563467492260062,True,1.6271300309597523,True,0.006335797254487748,3
D,XRPUSDT,bear,none,2021-06-07 12:00:00,0.4530095036958819,0.2824709609292504,1.6563467492260062,True,1.6271300309597523,True,0.006335797254487748,3
D,XRPUSDT,bear,none,2021-06-15 12:00:00,0.7622739018087858,0.4299741602067186,1.2939346811819599,True,1.2804712286158635,True,0.031007751937984523,33
D,XRPUSDT,bear,strict,2021-06-25 08:00:00,0.4362989323843417,0.2998813760379598,2.198260869565219,False,-1.0110417391304347,False,0.0004744958481612762,8
D,XRPUSDT,bear,half,2021-06-25 08:00:00,0.4362989323843417,0.2998813760379598,2.198260869565219,False,-1.0110417391304347,False,0.0004744958481612762,8
D,XRPUSDT,bear,none,2021-06-25 08:00:00,0.4362989323843417,0.2998813760379598,2.198260869565219,False,-1.0110417391304347,False,0.0004744958481612762,8
D,XRPUSDT,bear,none,2021-07-05 08:00:00,0.7507360157016685,0.1619234543670272,0.2750000000000014,True,0.2641850000000014,True,0.12365063788027533,8
D,XRPUSDT,bear,strict,2021-07-12 08:00:00,0.5602716468590836,0.37011884550084956,1.9464285714285772,True,1.9180937500000057,True,0.016129032258064623,8
D,XRPUSDT,bear,half,2021-07-12 08:00:00,0.5602716468590836,0.37011884550084956,1.9464285714285772,True,1.9180937500000057,True,0.016129032258064623,8
D,XRPUSDT,bear,none,2021-07-12 08:00:00,0.5602716468590836,0.37011884550084956,1.9464285714285772,True,1.9180937500000057,True,0.016129032258064623,8
D,XRPUSDT,bear,strict,2021-08-24 12:00:00,0.8552850950316769,0.44181393797932655,1.0685483870967756,True,1.0590112903225821,True,0.007002334111370425,27
D,XRPUSDT,bear,half,2021-08-24 12:00:00,0.8552850950316769,0.44181393797932655,1.0685483870967756,True,1.0590112903225821,True,0.007002334111370425,27
D,XRPUSDT,bear,none,2021-08-24 12:00:00,0.8552850950316769,0.44181393797932655,1.0685483870967756,True,1.0590112903225821,True,0.007002334111370425,27
D,XRPUSDT,bear,strict,2021-09-23 08:00:00,0.5825100622027073,0.43322356384924976,2.901960784313728,False,-1.0239289215686276,True,0.015001829491401364,2
D,XRPUSDT,bear,half,2021-09-23 08:00:00,0.5825100622027073,0.43322356384924976,2.901960784313728,False,-1.0239289215686276,True,0.015001829491401364,2
D,XRPUSDT,bear,none,2021-09-23 08:00:00,0.5825100622027073,0.43322356384924976,2.901960784313728,False,-1.0239289215686276,True,0.015001829491401364,2
D,XRPUSDT,bear,none,2021-09-27 20:00:00,0.7299546142208784,0.27155824508320703,0.5924092409240903,False,-1.015194719471947,False,0.08623298033282888,11
D,XRPUSDT,bear,strict,2021-10-17 04:00:00,0.7442273534635886,0.3741859088217888,1.0112000000000023,True,0.9931808000000023,True,0.018946121965659375,19
D,XRPUSDT,bear,half,2021-10-17 04:00:00,0.7442273534635886,0.3741859088217888,1.0112000000000023,True,0.9931808000000023,True,0.018946121965659375,19
D,XRPUSDT,bear,none,2021-10-17 04:00:00,0.7442273534635886,0.3741859088217888,1.0112000000000023,True,0.9931808000000023,True,0.018946121965659375,19
D,XRPUSDT,bear,half,2021-10-21 12:00:00,0.8704663212435224,0.5613126079447325,1.8156424581005661,True,1.7949255121042904,True,0.08520437535981525,15
D,XRPUSDT,bear,none,2021-10-21 12:00:00,0.8704663212435224,0.5613126079447325,1.8156424581005661,True,1.7949255121042904,True,0.08520437535981525,15
D,XRPUSDT,bear,strict,2021-10-27 04:00:00,0.9672695951765736,0.26701119724375494,0.38130381303812866,True,0.3680061500614989,True,0.08096468561584723,7
D,XRPUSDT,bear,half,2021-10-27 04:00:00,0.9672695951765736,0.26701119724375494,0.38130381303812866,True,0.3680061500614989,True,0.08096468561584723,7
D,XRPUSDT,bear,none,2021-10-27 04:00:00,0.9672695951765736,0.26701119724375494,0.38130381303812866,True,0.3680061500614989,True,0.08096468561584723,7
D,XRPUSDT,bear,strict,2021-10-31 08:00:00,0.9749351771823681,0.6508210890233354,2.0079999999999933,False,-1.0144213333333334,False,0.07778738115816773,14
D,XRPUSDT,bear,half,2021-10-31 08:00:00,0.9749351771823681,0.6508210890233354,2.0079999999999933,False,-1.0144213333333334,False,0.07778738115816773,14
D,XRPUSDT,bear,none,2021-10-31 08:00:00,0.9749351771823681,0.6508210890233354,2.0079999999999933,False,-1.0144213333333334,False,0.07778738115816773,14
D,XRPUSDT,bear,none,2021-12-02 00:00:00,0.7757390417940875,0.4561671763506626,1.427432216905902,True,1.4120031897926644,True,0.02191641182466855,12
D,XRPUSDT,bear,strict,2021-12-09 00:00:00,0.6784218646682829,0.5929027992065242,6.9329896907216595,False,-1.0217886597938144,False,0.022261406215560938,18
D,XRPUSDT,bear,half,2021-12-09 00:00:00,0.6784218646682829,0.5929027992065242,6.9329896907216595,False,-1.0217886597938144,False,0.022261406215560938,18
D,XRPUSDT,bear,none,2021-12-09 00:00:00,0.6784218646682829,0.5929027992065242,6.9329896907216595,False,-1.0217886597938144,False,0.022261406215560938,18
D,XRPUSDT,bear,strict,2021-12-16 16:00:00,0.8206185567010312,0.5072164948453611,1.6184210526315805,False,-1.0266184210526317,True,0.06288659793814429,10
D,XRPUSDT,bear,half,2021-12-16 16:00:00,0.8206185567010312,0.5072164948453611,1.6184210526315805,False,-1.0266184210526317,True,0.06288659793814429,10
D,XRPUSDT,bear,none,2021-12-16 16:00:00,0.8206185567010312,0.5072164948453611,1.6184210526315805,False,-1.0266184210526317,True,0.06288659793814429,10
D,XRPUSDT,bear,strict,2022-01-07 00:00:00,0.5178013741411616,0.23297938788257336,0.8179824561403514,True,0.8016513157894741,True,0.06620861961274237,0
D,XRPUSDT,bear,half,2022-01-07 00:00:00,0.5178013741411616,0.23297938788257336,0.8179824561403514,True,0.8016513157894741,True,0.06620861961274237,0
D,XRPUSDT,bear,none,2022-01-07 00:00:00,0.5178013741411616,0.23297938788257336,0.8179824561403514,True,0.8016513157894741,True,0.06620861961274237,0
D,XRPUSDT,bear,half,2022-01-13 12:00:00,0.6552511415525114,0.47031963470319643,2.543209876543212,True,2.5192993827160515,True,0.03767123287671261,9
D,XRPUSDT,bear,none,2022-01-13 12:00:00,0.6552511415525114,0.47031963470319643,2.543209876543212,True,2.5192993827160515,True,0.03767123287671261,9
D,XRPUSDT,bear,half,2022-02-17 12:00:00,0.6631701631701633,0.3216783216783212,0.9419795221842974,True,0.9283122866894169,True,0.058857808857808856,21
D,XRPUSDT,bear,none,2022-02-17 12:00:00,0.6631701631701633,0.3216783216783212,0.9419795221842974,True,0.9283122866894169,True,0.058857808857808856,21
D,XRPUSDT,bear,none,2022-02-20 04:00:00,0.9577464788732389,0.3417840375586852,0.5548780487804877,True,0.5428445121951219,True,0.15774647887323973,7
D,XRPUSDT,bear,half,2022-03-06 20:00:00,0.7881269191402258,0.3367451381780966,0.7460317460317465,False,-1.01643537414966,False,0.09007164790173919,5
D,XRPUSDT,bear,none,2022-03-06 20:00:00,0.7881269191402258,0.3367451381780966,0.7460317460317465,False,-1.01643537414966,False,0.09007164790173919,5
D,XRPUSDT,bear,strict,2022-03-18 08:00:00,0.5731481481481479,0.3601851851851846,1.6913043478260825,False,-1.033886956521739,False,0.00462962962962912,8
D,XRPUSDT,bear,half,2022-03-18 08:00:00,0.5731481481481479,0.3601851851851846,1.6913043478260825,False,-1.033886956521739,False,0.00462962962962912,8
D,XRPUSDT,bear,none,2022-03-18 08:00:00,0.5731481481481479,0.3601851851851846,1.6913043478260825,False,-1.033886956521739,False,0.00462962962962912,8
D,XRPUSDT,bear,strict,2022-04-04 12:00:00,0.5652797704447633,0.33787661406025854,1.4858044164037887,True,1.459933753943221,True,0.03945480631276945,3
D,XRPUSDT,bear,half,2022-04-04 12:00:00,0.5652797704447633,0.33787661406025854,1.4858044164037887,True,1.459933753943221,True,0.03945480631276945,3
D,XRPUSDT,bear,none,2022-04-04 12:00:00,0.5652797704447633,0.33787661406025854,1.4858044164037887,True,1.459933753943221,True,0.03945480631276945,3
D,XRPUSDT,bear,half,2022-04-20 16:00:00,0.7590847913862716,0.2947510094212654,0.6347826086956535,True,0.6131130434782622,True,0.08748317631224693,4
D,XRPUSDT,bear,none,2022-04-20 16:00:00,0.7590847913862716,0.2947510094212654,0.6347826086956535,True,0.6131130434782622,True,0.08748317631224693,4
D,XRPUSDT,bear,strict,2022-05-02 08:00:00,0.47903780068728563,0.3333333333333338,2.2877358490566087,False,-1.028745283018868,False,0.04604810996563522,2
D,XRPUSDT,bear,half,2022-05-02 08:00:00,0.47903780068728563,0.3333333333333338,2.2877358490566087,False,-1.028745283018868,False,0.04604810996563522,2
D,XRPUSDT,bear,none,2022-05-02 08:00:00,0.47903780068728563,0.3333333333333338,2.2877358490566087,False,-1.028745283018868,False,0.04604810996563522,2
D,XRPUSDT,bear,half,2022-05-11 04:00:00,0.36536430834213324,0.16948257655754995,0.8652291105121266,True,0.8517601078167089,True,0.026399155227032758,1
D,XRPUSDT,bear,none,2022-05-11 04:00:00,0.36536430834213324,0.16948257655754995,0.8652291105121266,True,0.8517601078167089,True,0.026399155227032758,1
D,XRPUSDT,bear,none,2022-05-26 08:00:00,0.4046656298600311,0.1636080870917573,0.6787096774193545,True,0.6737019354838706,True,0.11508553654743384,74
D,XRPUSDT,bear,strict,2022-06-03 08:00:00,0.4805194805194803,0.10822510822510828,0.290697674418605,True,0.26784302325581427,False,0.05844155844155799,2
D,XRPUSDT,bear,half,2022-06-03 08:00:00,0.4805194805194803,0.10822510822510828,0.290697674418605,True,0.26784302325581427,False,0.05844155844155799,2
D,XRPUSDT,bear,none,2022-06-03 08:00:00,0.4805194805194803,0.10822510822510828,0.290697674418605,True,0.26784302325581427,False,0.05844155844155799,2
D,XRPUSDT,bear,none,2022-06-10 12:00:00,0.6620553359683796,0.0671936758893283,0.11295681063122964,True,0.10009634551495059,True,0.1126482213438731,33
D,XRPUSDT,bear,strict,2022-06-16 04:00:00,0.4582278481012655,0.2582278481012655,1.2911392405063276,True,1.2774767932489437,True,0.025316455696202556,1
D,XRPUSDT,bear,half,2022-06-16 04:00:00,0.4582278481012655,0.2582278481012655,1.2911392405063276,True,1.2774767932489437,True,0.025316455696202556,1
D,XRPUSDT,bear,none,2022-06-16 04:00:00,0.4582278481012655,0.2582278481012655,1.2911392405063276,True,1.2774767932489437,True,0.025316455696202556,1
D,XRPUSDT,bear,strict,2022-06-20 00:00:00,0.7742998352553543,0.5123558484349263,1.9559748427673003,False,-1.019993710691824,False,0.02800658978583163,0
D,XRPUSDT,bear,half,2022-06-20 00:00:00,0.7742998352553543,0.5123558484349263,1.9559748427673003,False,-1.019993710691824,False,0.02800658978583163,0
D,XRPUSDT,bear,none,2022-06-20 00:00:00,0.7742998352553543,0.5123558484349263,1.9559748427673003,False,-1.019993710691824,False,0.02800658978583163,0
D,XRPUSDT,bear,none,2022-07-10 12:00:00,0.7701149425287354,0.27155172413793066,0.5446685878962527,True,0.5353227665706043,False,0.043103448275862113,51
D,XRPUSDT,bear,strict,2022-07-15 12:00:00,0.8276450511945392,0.4948805460750859,1.4871794871794914,False,-1.0168923076923078,False,0.02559726962457341,3
D,XRPUSDT,bear,half,2022-07-15 12:00:00,0.8276450511945392,0.4948805460750859,1.4871794871794914,False,-1.0168923076923078,False,0.02559726962457341,3
D,XRPUSDT,bear,none,2022-07-15 12:00:00,0.8276450511945392,0.4948805460750859,1.4871794871794914,False,-1.0168923076923078,False,0.02559726962457341,3
D,XRPUSDT,bear,strict,2022-08-05 12:00:00,0.49683544303797506,0.2215189873417726,0.8045977011494273,False,-1.042505747126437,False,0.07278481012658314,3
D,XRPUSDT,bear,half,2022-08-05 12:00:00,0.49683544303797506,0.2215189873417726,0.8045977011494273,False,-1.042505747126437,False,0.07278481012658314,3
D,XRPUSDT,bear,none,2022-08-05 12:00:00,0.49683544303797506,0.2215189873417726,0.8045977011494273,False,-1.042505747126437,False,0.07278481012658314,3
D,XRPUSDT,bear,strict,2022-08-22 00:00:00,0.36872309899569594,0.20229555236728844,1.2155172413793105,False,-1.0290258620689656,False,0.01578192252510746,6
D,XRPUSDT,bear,half,2022-08-22 00:00:00,0.36872309899569594,0.20229555236728844,1.2155172413793105,False,-1.0290258620689656,False,0.01578192252510746,6
D,XRPUSDT,bear,none,2022-08-22 00:00:00,0.36872309899569594,0.20229555236728844,1.2155172413793105,False,-1.0290258620689656,False,0.01578192252510746,6
D,XRPUSDT,bear,strict,2022-09-06 16:00:00,0.46780303030303017,0.09280303030303057,0.24747474747474846,True,0.23115656565656661,False,0.017045454545454766,40
D,XRPUSDT,bear,half,2022-09-06 16:00:00,0.46780303030303017,0.09280303030303057,0.24747474747474846,True,0.23115656565656661,False,0.017045454545454766,40
D,XRPUSDT,bear,none,2022-09-06 16:00:00,0.46780303030303017,0.09280303030303057,0.24747474747474846,True,0.23115656565656661,False,0.017045454545454766,40
D,XRPUSDT,bear,strict,2022-09-15 00:00:00,0.43037974683544283,0.16455696202531755,0.6190476190476263,True,0.5791071428571499,True,0.025316455696203242,0
D,XRPUSDT,bear,half,2022-09-15 00:00:00,0.43037974683544283,0.16455696202531755,0.6190476190476263,True,0.5791071428571499,True,0.025316455696203242,0
D,XRPUSDT,bear,none,2022-09-15 00:00:00,0.43037974683544283,0.16455696202531755,0.6190476190476263,True,0.5791071428571499,True,0.025316455696203242,0
D,XRPUSDT,bear,strict,2022-10-16 20:00:00,0.6612021857923495,0.3315118397085611,1.005524861878454,True,0.9923701657458573,True,0.014571948998178425,11
D,XRPUSDT,bear,half,2022-10-16 20:00:00,0.6612021857923495,0.3315118397085611,1.005524861878454,True,0.9923701657458573,True,0.014571948998178425,11
D,XRPUSDT,bear,strict,2022-10-24 00:00:00,0.8247261345852895,0.5633802816901409,2.1556886227544907,False,-1.0273173652694612,False,0.009389671361502188,12
D,XRPUSDT,bear,half,2022-10-24 00:00:00,0.8247261345852895,0.5633802816901409,2.1556886227544907,False,-1.0273173652694612,False,0.009389671361502188,12
D,XRPUSDT,bear,none,2022-10-23 04:00:00,0.7887323943661977,0.6009389671361505,3.199999999999996,False,-1.0382166666666666,False,0.05164319248826334,7
D,XRPUSDT,bear,strict,2022-11-12 04:00:00,0.46080402010050253,0.2914572864321608,1.7210682492581597,False,-1.0109495548961425,True,0.017085427135678462,7
D,XRPUSDT,bear,half,2022-11-12 04:00:00,0.46080402010050253,0.2914572864321608,1.7210682492581597,False,-1.0109495548961425,True,0.017085427135678462,7
D,XRPUSDT,bear,none,2022-11-12 04:00:00,0.46080402010050253,0.2914572864321608,1.7210682492581597,False,-1.0109495548961425,True,0.017085427135678462,7
D,XRPUSDT,bear,strict,2022-11-20 08:00:00,0.9698630136986304,0.3698630136986307,0.6164383561643848,True,0.5993242009132432,True,0.010958904109589362,14
D,XRPUSDT,bear,half,2022-11-20 08:00:00,0.9698630136986304,0.3698630136986307,0.6164383561643848,True,0.5993242009132432,True,0.010958904109589362,14
D,XRPUSDT,bear,none,2022-11-20 08:00:00,0.9698630136986304,0.3698630136986307,0.6164383561643848,True,0.5993242009132432,True,0.010958904109589362,14
D,XRPUSDT,bear,strict,2022-12-02 00:00:00,0.8301486199575381,0.30360934182590205,0.5766129032258046,True,0.5610161290322563,True,0.00849256900212339,12
D,XRPUSDT,bear,half,2022-12-02 00:00:00,0.8301486199575381,0.30360934182590205,0.5766129032258046,True,0.5610161290322563,True,0.00849256900212339,12
D,XRPUSDT,bear,none,2022-12-02 00:00:00,0.8301486199575381,0.30360934182590205,0.5766129032258046,True,0.5610161290322563,True,0.00849256900212339,12
D,XRPUSDT,bear,half,2022-12-29 00:00:00,0.6126656848306336,0.21649484536082456,0.5464684014869878,True,0.5336096654275083,True,0.06185567010309331,48
D,XRPUSDT,bear,none,2022-12-28 20:00:00,0.6126656848306336,0.359351988217968,1.4186046511627932,True,1.397930232558142,True,0.11340206185567067,47
D,XRPUSDT,bear,strict,2023-02-05 00:00:00,0.7500000000000009,0.5100000000000006,2.125,True,2.0909416666666667,True,0.016000000000000462,24
D,XRPUSDT,bear,half,2023-02-05 00:00:00,0.7500000000000009,0.5100000000000006,2.125,True,2.0909416666666667,True,0.016000000000000462,24
D,XRPUSDT,bear,none,2023-02-03 16:00:00,0.7279999999999999,0.5140000000000001,2.4018691588785077,False,-1.038214953271028,False,0.01000000000000001,16
D,XRPUSDT,bear,strict,2023-02-28 20:00:00,0.47972972972973005,0.263513513513513,1.2187499999999927,False,-1.0587499999999999,False,0.006756756756756022,11
D,XRPUSDT,bear,half,2023-02-28 20:00:00,0.47972972972973005,0.263513513513513,1.2187499999999927,False,-1.0587499999999999,False,0.006756756756756022,11
D,XRPUSDT,bear,none,2023-02-28 20:00:00,0.47972972972973005,0.263513513513513,1.2187499999999927,False,-1.0587499999999999,False,0.006756756756756022,11
D,XRPUSDT,bear,strict,2023-03-18 20:00:00,0.7868852459016396,0.4899817850637529,1.6503067484662617,False,-1.0229386503067486,False,0.014571948998178923,29
D,XRPUSDT,bear,half,2023-03-18 20:00:00,0.7868852459016396,0.4899817850637529,1.6503067484662617,False,-1.0229386503067486,False,0.014571948998178923,29
D,XRPUSDT,bear,none,2023-03-18 20:00:00,0.7868852459016396,0.4899817850637529,1.6503067484662617,False,-1.0229386503067486,False,0.014571948998178923,29
D,XRPUSDT,bear,strict,2023-04-14 12:00:00,0.6311239193083575,0.31988472622478425,1.02777777777778,True,1.011888888888891,True,0.05187319884726185,57
D,XRPUSDT,bear,half,2023-04-14 12:00:00,0.6311239193083575,0.31988472622478425,1.02777777777778,True,1.011888888888891,True,0.05187319884726185,57
D,XRPUSDT,bear,none,2023-04-12 08:00:00,0.45052833813640714,0.20076849183477397,0.8038461538461521,False,-1.019323076923077,False,0.04322766570605137,44
D,XRPUSDT,bear,none,2023-04-25 04:00:00,0.46099999999999985,0.15399999999999972,0.5016286644951129,True,0.4868143322475559,False,0.11699999999999991,13
D,XRPUSDT,bear,strict,2023-05-06 04:00:00,0.5721925133689835,0.33155080213903665,1.3777777777777729,True,1.3264666666666618,True,0.010695187165775711,7
D,XRPUSDT,bear,half,2023-05-06 04:00:00,0.5721925133689835,0.33155080213903665,1.3777777777777729,True,1.3264666666666618,True,0.010695187165775711,7
D,XRPUSDT,bear,none,2023-05-06 04:00:00,0.5721925133689835,0.33155080213903665,1.3777777777777729,True,1.3264666666666618,True,0.010695187165775711,7
D,XRPUSDT,bear,none,2023-05-11 04:00:00,0.42433697347893923,0.2886115444617788,2.126436781609201,False,-1.048873563218391,True,0.021840873634945593,7
D,XRPUSDT,bear,strict,2023-06-10 00:00:00,0.9263803680981608,0.6165644171779153,1.9900990099009939,True,1.9642673267326771,True,0.026073619631902384,18
D,XRPUSDT,bear,half,2023-06-10 00:00:00,0.9263803680981608,0.6165644171779153,1.9900990099009939,True,1.9642673267326771,True,0.026073619631902384,18
D,XRPUSDT,bear,none,2023-06-10 00:00:00,0.9263803680981608,0.6165644171779153,1.9900990099009939,True,1.9642673267326771,True,0.026073619631902384,18
D,XRPUSDT,bear,strict,2023-06-24 12:00:00,0.6544968833481749,0.26803205699020505,0.6935483870967747,True,0.6824009216589867,False,0.027604630454141126,39
D,XRPUSDT,bear,half,2023-06-24 12:00:00,0.6544968833481749,0.26803205699020505,0.6935483870967747,True,0.6824009216589867,False,0.027604630454141126,39
D,XRPUSDT,bear,none,2023-06-24 12:00:00,0.6544968833481749,0.26803205699020505,0.6935483870967747,True,0.6824009216589867,False,0.027604630454141126,39
D,XRPUSDT,bear,strict,2023-07-12 12:00:00,0.6310160427807482,0.3877005347593582,1.5934065934065953,False,-1.0517362637362637,False,0.008021390374332141,21
D,XRPUSDT,bear,half,2023-07-12 12:00:00,0.6310160427807482,0.3877005347593582,1.5934065934065953,False,-1.0517362637362637,False,0.008021390374332141,21
D,XRPUSDT,bear,none,2023-07-12 12:00:00,0.6310160427807482,0.3877005347593582,1.5934065934065953,False,-1.0517362637362637,False,0.008021390374332141,21
D,XRPUSDT,bear,strict,2023-07-28 04:00:00,0.3245614035087721,0.17653508771929827,1.1925925925925918,False,-1.026137037037037,False,0.027960526315789436,7
D,XRPUSDT,bear,half,2023-07-28 04:00:00,0.3245614035087721,0.17653508771929827,1.1925925925925918,False,-1.026137037037037,False,0.027960526315789436,7
D,XRPUSDT,bear,none,2023-07-28 04:00:00,0.3245614035087721,0.17653508771929827,1.1925925925925918,False,-1.026137037037037,False,0.027960526315789436,7
D,XRPUSDT,bear,strict,2023-08-21 04:00:00,0.6516072980017378,0.4891398783666379,3.010695187165777,False,,True,0.011294526498696509,13
D,XRPUSDT,bear,half,2023-08-21 04:00:00,0.6516072980017378,0.4891398783666379,3.010695187165777,False,,True,0.011294526498696509,13
D,XRPUSDT,bear,none,2023-08-21 04:00:00,0.6516072980017378,0.4891398783666379,3.010695187165777,False,,True,0.011294526498696509,13
D,XRPUSDT,bear,strict,2023-08-24 12:00:00,0.6334459459459453,0.26520270270270335,0.7201834862385366,False,-1.0236100917431195,False,0.005067567567567007,9
D,XRPUSDT,bear,half,2023-08-24 12:00:00,0.6334459459459453,0.26520270270270335,0.7201834862385366,False,-1.0236100917431195,False,0.005067567567567007,9
D,XRPUSDT,bear,none,2023-08-24 12:00:00,0.6334459459459453,0.26520270270270335,0.7201834862385366,False,-1.0236100917431195,False,0.005067567567567007,9
D,XRPUSDT,bear,strict,2023-09-06 12:00:00,0.41314553990610375,0.17057902973395875,0.7032258064516075,True,0.6711483870967689,True,0.014084507042252836,21
D,XRPUSDT,bear,half,2023-09-06 12:00:00,0.41314553990610375,0.17057902973395875,0.7032258064516075,True,0.6711483870967689,True,0.014084507042252836,21
D,XRPUSDT,bear,none,2023-09-06 12:00:00,0.41314553990610375,0.17057902973395875,0.7032258064516075,True,0.6711483870967689,True,0.014084507042252836,21
D,XRPUSDT,bear,strict,2023-09-08 08:00:00,0.7590909090909056,0.3318181818181803,0.7765957446808512,True,0.7236170212765958,True,0.036363636363637375,2
D,XRPUSDT,bear,half,2023-09-08 08:00:00,0.7590909090909056,0.3318181818181803,0.7765957446808512,True,0.7236170212765958,True,0.036363636363637375,2
D,XRPUSDT,bear,none,2023-09-08 08:00:00,0.7590909090909056,0.3318181818181803,0.7765957446808512,True,0.7236170212765958,True,0.036363636363637375,2
D,XRPUSDT,bear,none,2023-09-27 04:00:00,0.4811594202898539,0.252173913043478,1.1012658227848136,False,-1.063227848101266,False,0.04927536231884001,1
D,XRPUSDT,bear,none,2023-10-18 12:00:00,0.5190538764783185,0.20499342969776613,0.6527196652719658,False,-1.0203807531380753,False,0.015768725361366344,27
D,XRPUSDT,bear,strict,2023-11-20 20:00:00,0.6370262390670565,0.3950437317784259,1.6325301204819227,True,1.5956506024096337,True,0.059766763848396395,11
D,XRPUSDT,bear,half,2023-11-20 20:00:00,0.6370262390670565,0.3950437317784259,1.6325301204819227,True,1.5956506024096337,True,0.059766763848396395,11
D,XRPUSDT,bear,none,2023-11-20 20:00:00,0.6370262390670565,0.3950437317784259,1.6325301204819227,True,1.5956506024096337,True,0.059766763848396395,11
D,XRPUSDT,bear,half,2023-11-27 12:00:00,0.8053855569155457,0.3157894736842111,0.6450000000000006,False,-1.014945,False,0.11750305997551949,27
D,XRPUSDT,bear,none,2023-11-27 12:00:00,0.8053855569155457,0.3157894736842111,0.6450000000000006,False,-1.014945,False,0.11750305997551949,27
D,XRPUSDT,bear,none,2023-12-15 20:00:00,0.5141630901287557,0.2643776824034338,1.0584192439862554,True,1.037257731958764,True,0.05064377682403445,17
D,XRPUSDT,bear,strict,2023-12-21 00:00:00,0.7285067873303166,0.5460030165912518,2.9917355371900833,False,-1.050809917355372,False,0.036199095022623785,6
D,XRPUSDT,bear,half,2023-12-21 00:00:00,0.7285067873303166,0.5460030165912518,2.9917355371900833,False,-1.050809917355372,False,0.036199095022623785,6
D,XRPUSDT,bear,none,2023-12-21 00:00:00,0.7285067873303166,0.5460030165912518,2.9917355371900833,False,-1.050809917355372,False,0.036199095022623785,6
D,XRPUSDT,bear,strict,2024-01-02 12:00:00,0.6752767527675267,0.39114391143911414,1.376623376623379,True,1.3359610389610412,True,0.05350553505535078,3
D,XRPUSDT,bear,half,2024-01-02 12:00:00,0.6752767527675267,0.39114391143911414,1.376623376623379,True,1.3359610389610412,True,0.05350553505535078,3
D,XRPUSDT,bear,none,2024-01-02 12:00:00,0.6752767527675267,0.39114391143911414,1.376623376623379,True,1.3359610389610412,True,0.05350553505535078,3
D,XRPUSDT,bear,strict,2024-01-05 00:00:00,0.7019950124688281,0.5916458852867829,5.361581920903936,False,-1.03254802259887,True,0.00561097256857863,0
D,XRPUSDT,bear,half,2024-01-05 00:00:00,0.7019950124688281,0.5916458852867829,5.361581920903936,False,-1.03254802259887,True,0.00561097256857863,0
D,XRPUSDT,bear,none,2024-01-05 00:00:00,0.7019950124688281,0.5916458852867829,5.361581920903936,False,-1.03254802259887,True,0.00561097256857863,0
D,XRPUSDT,bear,half,2024-01-30 12:00:00,0.7399328859060409,0.5016778523489922,2.105633802816881,True,2.068612676056318,True,0.11577181208053723,33
D,XRPUSDT,bear,none,2024-01-30 12:00:00,0.7399328859060409,0.5016778523489922,2.105633802816881,True,2.068612676056318,True,0.11577181208053723,33
D,XRPUSDT,bear,strict,2024-02-11 20:00:00,0.9338103756708402,0.7513416815742395,4.117647058823539,False,-1.0515686274509806,True,0.0035778175313055053,59
D,XRPUSDT,bear,half,2024-02-11 20:00:00,0.9338103756708402,0.7513416815742395,4.117647058823539,False,-1.0515686274509806,True,0.0035778175313055053,59
D,XRPUSDT,bear,none,2024-02-05 12:00:00,0.7656529516994636,0.32915921288014227,0.7540983606557339,False,-1.0205901639344261,False,0.021466905187837004,21
D,XRPUSDT,bear,none,2024-02-26 08:00:00,0.47440944881889824,0.11417322834645732,0.3169398907103843,False,-1.029016393442623,False,0.061023622047243986,8
D,XRPUSDT,bear,strict,2024-03-27 04:00:00,0.9456521739130429,0.5247035573122529,1.2464788732394383,True,1.2319014084507058,True,0.03458498023715471,31
D,XRPUSDT,bear,half,2024-03-27 04:00:00,0.9456521739130429,0.5247035573122529,1.2464788732394383,True,1.2319014084507058,True,0.03458498023715471,31
D,XRPUSDT,bear,none,2024-03-23 00:00:00,0.8606719367588933,0.4061264822134387,0.8934782608695649,False,-1.0132391304347825,False,0.03853754940711474,6
D,XRPUSDT,bear,half,2024-04-09 04:00:00,0.8970792767732967,0.6439499304589712,2.543956043956045,False,-1.033456043956044,False,0.03337969401947092,19
D,XRPUSDT,bear,none,2024-04-09 04:00:00,0.8970792767732967,0.6439499304589712,2.543956043956045,False,-1.033456043956044,False,0.03337969401947092,19
D,XRPUSDT,bear,strict,2024-04-15 12:00:00,0.5136792452830191,0.4099056603773586,3.949999999999998,False,-1.0225818181818183,True,0.030188679245283356,3
D,XRPUSDT,bear,half,2024-04-15 12:00:00,0.5136792452830191,0.4099056603773586,3.949999999999998,False,-1.0225818181818183,True,0.030188679245283356,3
D,XRPUSDT,bear,none,2024-04-15 12:00:00,0.5136792452830191,0.4099056603773586,3.949999999999998,False,-1.0225818181818183,True,0.030188679245283356,3
D,XRPUSDT,bear,strict,2024-05-19 08:00:00,0.512514898688916,0.37306317044100124,2.675213675213665,False,-1.0442222222222222,True,0.002383790226461133,26
D,XRPUSDT,bear,half,2024-05-19 08:00:00,0.512514898688916,0.37306317044100124,2.675213675213665,False,-1.0442222222222222,True,0.002383790226461133,26
D,XRPUSDT,bear,none,2024-05-19 08:00:00,0.512514898688916,0.37306317044100124,2.675213675213665,False,-1.0442222222222222,True,0.002383790226461133,26
D,XRPUSDT,bear,strict,2024-06-06 16:00:00,0.7241379310344817,0.3505747126436773,0.9384615384615368,True,0.8984307692307676,True,0.008620689655171451,16
D,XRPUSDT,bear,half,2024-06-06 16:00:00,0.7241379310344817,0.3505747126436773,0.9384615384615368,True,0.8984307692307676,True,0.008620689655171451,16
D,XRPUSDT,bear,none,2024-06-06 16:00:00,0.7241379310344817,0.3505747126436773,0.9384615384615368,True,0.8984307692307676,True,0.008620689655171451,16
D,XRPUSDT,bear,half,2024-06-18 12:00:00,0.8556461001164147,0.4342258440046567,1.0303867403314915,True,1.0169944751381212,True,0.039580908032596215,57
D,XRPUSDT,bear,none,2024-06-18 12:00:00,0.8556461001164147,0.4342258440046567,1.0303867403314915,True,1.0169944751381212,True,0.039580908032596215,57
D,XRPUSDT,bear,strict,2024-07-03 12:00:00,0.6785714285714295,0.26428571428571435,0.6379310344827576,True,0.6108333333333323,True,0.007142857142857681,45
D,XRPUSDT,bear,half,2024-07-03 12:00:00,0.6785714285714295,0.26428571428571435,0.6379310344827576,True,0.6108333333333323,True,0.007142857142857681,45
D,XRPUSDT,bear,none,2024-07-03 12:00:00,0.6785714285714295,0.26428571428571435,0.6379310344827576,True,0.6108333333333323,True,0.007142857142857681,45
D,XRPUSDT,bear,strict,2024-07-11 12:00:00,0.6935933147632315,0.5487465181058498,3.7884615384615405,False,-1.028224358974359,False,0.00742804085422491,27
D,XRPUSDT,bear,half,2024-07-07 04:00:00,0.6341689879294338,0.5171773444753948,4.420634920634923,False,-1.0346746031746032,True,0.06592386258124414,1
D,XRPUSDT,bear,none,2024-07-07 04:00:00,0.6341689879294338,0.5171773444753948,4.420634920634923,False,-1.0346746031746032,True,0.06592386258124414,1
D,XRPUSDT,bear,strict,2024-07-21 08:00:00,0.6997971602434079,0.43610547667342764,1.6538461538461495,False,-1.0223846153846154,False,0.02941176470588252,2
D,XRPUSDT,bear,half,2024-07-21 08:00:00,0.6997971602434079,0.43610547667342764,1.6538461538461495,False,-1.0223846153846154,False,0.02941176470588252,2
D,XRPUSDT,bear,none,2024-07-21 08:00:00,0.6997971602434079,0.43610547667342764,1.6538461538461495,False,-1.0223846153846154,False,0.02941176470588252,2
D,XRPUSDT,bear,half,2024-08-07 12:00:00,0.38668430335097004,0.29938271604938277,3.4292929292929326,False,-1.0252222222222223,False,0.025573192239858784,3
D,XRPUSDT,bear,none,2024-08-07 12:00:00,0.38668430335097004,0.29938271604938277,3.4292929292929326,False,-1.0252222222222223,False,0.025573192239858784,3
D,XRPUSDT,bear,strict,2024-09-01 00:00:00,0.305978898007034,0.17233294255568626,1.2894736842105343,True,1.2403070175438675,True,0.021101992966002615,0
D,XRPUSDT,bear,half,2024-09-01 00:00:00,0.305978898007034,0.17233294255568626,1.2894736842105343,True,1.2403070175438675,True,0.021101992966002615,0
D,XRPUSDT,bear,none,2024-09-01 00:00:00,0.305978898007034,0.17233294255568626,1.2894736842105343,True,1.2403070175438675,True,0.021101992966002615,0
D,XRPUSDT,bear,none,2024-09-08 12:00:00,0.43304843304843255,0.28632478632478625,1.9514563106796168,False,-1.0506990291262137,False,0.0327635327635323,3
D,XRPUSDT,bear,half,2024-09-18 08:00:00,0.8300492610837433,0.32758620689655144,0.6519607843137253,False,-1.0280686274509805,False,0.10591133004926044,2
D,XRPUSDT,bear,none,2024-09-18 08:00:00,0.8300492610837433,0.32758620689655144,0.6519607843137253,False,-1.0280686274509805,False,0.10591133004926044,2
D,XRPUSDT,bear,strict,2024-10-15 08:00:00,0.30658307210031316,0.18432601880877733,1.5076923076923097,False,-1.0274871794871796,False,0.01943573667711594,62
D,XRPUSDT,bear,half,2024-10-07 20:00:00,0.24576802507836934,0.13542319749216272,1.2272727272727282,False,-1.0300113636363637,False,0.03134796238244517,17
D,XRPUSDT,bear,none,2024-10-07 20:00:00,0.24576802507836934,0.13542319749216272,1.2272727272727282,False,-1.0300113636363637,False,0.03134796238244517,17
D,XRPUSDT,bear,strict,2024-10-25 04:00:00,0.45070422535211146,0.25150905432595666,1.262626262626281,True,1.2097171717171895,True,0.024144869215293522,1
D,XRPUSDT,bear,half,2024-10-25 04:00:00,0.45070422535211146,0.25150905432595666,1.262626262626281,True,1.2097171717171895,True,0.024144869215293522,1
D,XRPUSDT,bear,none,2024-10-25 04:00:00,0.45070422535211146,0.25150905432595666,1.262626262626281,True,1.2097171717171895,True,0.024144869215293522,1
D,XRPUSDT,bear,strict,2024-10-30 08:00:00,0.6010638297872339,0.46808510638297857,3.519999999999998,False,-1.0521,True,0.01994680851063904,20
D,XRPUSDT,bear,half,2024-10-30 08:00:00,0.6010638297872339,0.46808510638297857,3.519999999999998,False,-1.0521,True,0.01994680851063904,20
D,XRPUSDT,bear,none,2024-10-30 08:00:00,0.6010638297872339,0.46808510638297857,3.519999999999998,False,-1.0521,True,0.01994680851063904,20
D,XRPUSDT,bear,half,2024-12-09 04:00:00,0.6369565217391305,0.35869565217391286,1.2890624999999984,True,1.2771289062499984,True,0.027717391304347798,13
D,XRPUSDT,bear,none,2024-12-09 04:00:00,0.6369565217391305,0.35869565217391286,1.2890624999999984,True,1.2771289062499984,True,0.027717391304347798,13
D,XRPUSDT,bear,strict,2024-12-14 08:00:00,0.8445305195672499,0.7077601175370645,5.1748046875000115,False,-1.02373046875,True,0.004674769600640892,14
D,XRPUSDT,bear,half,2024-12-14 08:00:00,0.8445305195672499,0.7077601175370645,5.1748046875000115,False,-1.02373046875,True,0.004674769600640892,14
D,XRPUSDT,bear,none,2024-12-14 08:00:00,0.8445305195672499,0.7077601175370645,5.1748046875000115,False,-1.02373046875,True,0.004674769600640892,14
D,XRPUSDT,bear,strict,2025-01-04 12:00:00,0.7158839599323534,0.586704826330168,4.541792547834847,False,-1.024281973816717,True,0.00013008976193543248,81
D,XRPUSDT,bear,half,2025-01-04 12:00:00,0.7158839599323534,0.586704826330168,4.541792547834847,False,-1.024281973816717,True,0.00013008976193543248,81
D,XRPUSDT,bear,none,2025-01-04 12:00:00,0.7158839599323534,0.586704826330168,4.541792547834847,False,-1.024281973816717,True,0.00013008976193543248,81
D,XRPUSDT,bear,none,2024-12-26 04:00:00,0.8599374021909233,0.43231611893583693,1.010978956999084,True,0.9904784995425423,True,0.1752738654147101,7
D,XRPUSDT,bear,half,2025-02-18 04:00:00,0.7709352517985611,0.5748201438848922,2.931034482758624,False,-1.0094005869405722,True,0.05884892086330926,79
D,XRPUSDT,bear,none,2025-02-18 04:00:00,0.7709352517985611,0.5748201438848922,2.931034482758624,False,-1.0094005869405722,True,0.05884892086330926,79
D,XRPUSDT,bear,half,2025-02-21 12:00:00,0.75933496865631,0.39111474516216965,1.0621761658031086,True,1.042843819393042,True,0.08285636413191545,9
D,XRPUSDT,bear,none,2025-02-21 12:00:00,0.75933496865631,0.39111474516216965,1.0621761658031086,True,1.042843819393042,True,0.08285636413191545,9
D,XRPUSDT,bear,strict,2025-03-13 16:00:00,0.6014415376401496,0.4562199679658303,3.1415441176470598,False,-1.0205606617647058,False,0.026161238654564947,4
D,XRPUSDT,bear,half,2025-03-13 16:00:00,0.6014415376401496,0.4562199679658303,3.1415441176470598,False,-1.0205606617647058,False,0.026161238654564947,4
D,XRPUSDT,bear,none,2025-03-13 16:00:00,0.6014415376401496,0.4562199679658303,3.1415441176470598,False,-1.0205606617647058,False,0.026161238654564947,4
D,XRPUSDT,bear,strict,2025-04-21 16:00:00,0.7029900332225902,0.346843853820598,0.9738805970149282,False,-1.0389272388059703,False,0.10498338870431913,22
D,XRPUSDT,bear,half,2025-04-21 16:00:00,0.7029900332225902,0.346843853820598,0.9738805970149282,False,-1.0389272388059703,False,0.10498338870431913,22
D,XRPUSDT,bear,none,2025-04-21 16:00:00,0.7029900332225902,0.346843853820598,0.9738805970149282,False,-1.0389272388059703,False,0.10498338870431913,22
D,XRPUSDT,bear,none,2025-05-19 00:00:00,0.4274465691788519,0.14341957255343005,0.5049504950495022,True,0.48170495049504675,False,0.041338582677165184,0
D,XRPUSDT,bear,half,2025-06-04 16:00:00,0.7270453733476241,0.4530189353340487,1.653194263363763,True,1.6244511082138282,True,0.08645944980350123,16
D,XRPUSDT,bear,none,2025-06-04 16:00:00,0.7270453733476241,0.4530189353340487,1.653194263363763,True,1.6244511082138282,True,0.08645944980350123,16
D,XRPUSDT,bear,strict,2025-06-16 20:00:00,0.996491228070175,0.6089668615984412,1.5714285714285772,True,1.548921529175056,True,0.15828460038986347,11
D,XRPUSDT,bear,half,2025-06-16 20:00:00,0.996491228070175,0.6089668615984412,1.5714285714285772,True,1.548921529175056,True,0.15828460038986347,11
D,XRPUSDT,bear,none,2025-06-16 20:00:00,0.996491228070175,0.6089668615984412,1.5714285714285772,True,1.548921529175056,True,0.15828460038986347,11
D,XRPUSDT,bear,strict,2025-07-03 12:00:00,0.927432655305111,0.5376580538757548,1.3794076163610711,False,-1.0316332863187587,False,0.1566794942275985,3
D,XRPUSDT,bear,half,2025-07-03 12:00:00,0.927432655305111,0.5376580538757548,1.3794076163610711,False,-1.0316332863187587,False,0.1566794942275985,3
D,XRPUSDT,bear,none,2025-07-03 12:00:00,0.927432655305111,0.5376580538757548,1.3794076163610711,False,-1.0316332863187587,False,0.1566794942275985,3
D,XRPUSDT,bear,none,2025-07-30 08:00:00,0.5375160783192798,0.1377733314277548,0.34465498748659285,True,0.3337508044333215,True,0.017436044018865213,26
D,XRPUSDT,bear,strict,2025-08-05 04:00:00,0.8404608907600265,0.6126744959007308,2.6896887159533014,False,-1.0292130350194553,False,0.013959672058497604,1
D,XRPUSDT,bear,half,2025-08-05 04:00:00,0.8404608907600265,0.6126744959007308,2.6896887159533014,False,-1.0292130350194553,False,0.013959672058497604,1
D,XRPUSDT,bear,none,2025-08-05 04:00:00,0.8404608907600265,0.6126744959007308,2.6896887159533014,False,-1.0292130350194553,False,0.013959672058497604,1
D,XRPUSDT,bear,strict,2025-09-19 00:00:00,0.8001711596063313,0.4022250748823268,1.010752688172042,True,0.9780021505376333,True,0.010697475395806351,12
D,XRPUSDT,bear,half,2025-09-19 00:00:00,0.8001711596063313,0.4022250748823268,1.010752688172042,True,0.9780021505376333,True,0.010697475395806351,12
D,XRPUSDT,bear,none,2025-09-19 00:00:00,0.8001711596063313,0.4022250748823268,1.010752688172042,True,0.9780021505376333,True,0.010697475395806351,12
D,XRPUSDT,bear,half,2025-09-25 00:00:00,0.9488154431120209,0.5893536121673005,1.6395443449959335,False,-1.0233677786818551,True,0.1292775665399239,6
D,XRPUSDT,bear,none,2025-09-25 00:00:00,0.9488154431120209,0.5893536121673005,1.6395443449959335,False,-1.0233677786818551,True,0.1292775665399239,6
D,XRPUSDT,bear,half,2025-09-30 12:00:00,0.7752432069775239,0.4371016437437101,1.292658730158731,False,-1.0280456349206348,False,0.04528681650452887,15
D,XRPUSDT,bear,none,2025-09-30 12:00:00,0.7752432069775239,0.4371016437437101,1.292658730158731,False,-1.0280456349206348,False,0.04528681650452887,15
D,XRPUSDT,bear,strict,2025-10-27 20:00:00,0.8016585675047537,0.7677477287132896,22.640186915887835,False,,True,0.008028734417916808,95
D,XRPUSDT,bear,half,2025-10-27 20:00:00,0.8016585675047537,0.7677477287132896,22.640186915887835,False,,True,0.008028734417916808,95
D,XRPUSDT,bear,none,2025-10-15 16:00:00,0.7742446651172618,0.6468941474751744,5.079635006221488,False,-1.0099705516383244,False,0.040302133953095426,22
D,XRPUSDT,bear,strict,2025-10-21 04:00:00,0.7951411687458965,0.5189319325891876,1.8787638668779658,False,-1.019217115689382,False,0.024075289997810626,13
D,XRPUSDT,bear,half,2025-10-21 04:00:00,0.7951411687458965,0.5189319325891876,1.8787638668779658,False,-1.019217115689382,False,0.024075289997810626,13
D,XRPUSDT,bear,none,2025-10-21 04:00:00,0.7951411687458965,0.5189319325891876,1.8787638668779658,False,-1.019217115689382,False,0.024075289997810626,13
D,XRPUSDT,bear,strict,2025-11-03 00:00:00,0.5569383945239577,0.16490354698195392,0.4206349206349205,True,0.40136111111111095,True,0.08151835718730494,12
D,XRPUSDT,bear,half,2025-11-03 00:00:00,0.5569383945239577,0.16490354698195392,0.4206349206349205,True,0.40136111111111095,True,0.08151835718730494,12
D,XRPUSDT,bear,none,2025-11-03 00:00:00,0.5569383945239577,0.16490354698195392,0.4206349206349205,True,0.40136111111111095,True,0.08151835718730494,12
D,XRPUSDT,bear,none,2025-11-06 12:00:00,0.716768916155419,0.34274028629856806,0.916347731000545,False,-1.0122094040459266,False,0.05828220858895746,3
D,XRPUSDT,bear,none,2025-12-01 00:00:00,0.9554048499794492,0.47040690505548666,0.9699152542372868,True,0.9612330508474562,True,0.24229346485819991,48
D,XRPUSDT,bear,none,2025-12-05 16:00:00,0.8080082135523606,0.18412046543463467,0.29511793746571796,True,0.28394788809654625,True,0.3175906913073235,16
D,XRPUSDT,bear,none,2025-12-10 12:00:00,0.8215677782589869,0.31528800346470437,0.6227544910179669,True,0.6051283147989762,True,0.1935902988306616,9
D,XRPUSDT,bear,none,2025-12-14 08:00:00,0.38541666666666724,0.1590909090909094,0.7029288702928876,True,0.6610920502092057,True,0.015624999999999327,2
D,XRPUSDT,bear,strict,2025-12-21 12:00:00,0.8671911152244334,0.6173068024062933,2.4703703703703677,False,-1.0352537037037037,True,0.017584451642758105,3
D,XRPUSDT,bear,half,2025-12-21 12:00:00,0.8671911152244334,0.6173068024062933,2.4703703703703677,False,-1.0352537037037037,True,0.017584451642758105,3
D,XRPUSDT,bear,none,2025-12-21 12:00:00,0.8671911152244334,0.6173068024062933,2.4703703703703677,False,-1.0352537037037037,True,0.017584451642758105,3
D,XRPUSDT,bear,half,2026-01-14 08:00:00,0.4119791666666665,0.21223958333333373,1.0625814863103047,True,1.0350065189048288,True,0.04479166666666753,2
D,XRPUSDT,bear,none,2026-01-14 08:00:00,0.4119791666666665,0.21223958333333373,1.0625814863103047,True,1.0350065189048288,True,0.04479166666666753,2
D,XRPUSDT,bear,strict,2026-02-15 12:00:00,0.6695377896396943,0.491325973553318,2.7569775357385975,False,,True,0.01662016256217402,45
D,XRPUSDT,bear,half,2026-02-15 12:00:00,0.6695377896396943,0.491325973553318,2.7569775357385975,False,,True,0.01662016256217402,45
D,XRPUSDT,bear,none,2026-02-15 12:00:00,0.6695377896396943,0.491325973553318,2.7569775357385975,False,,True,0.01662016256217402,45
D,XRPUSDT,bear,none,2026-03-05 00:00:00,0.9049531459170009,0.6675591253904506,2.8120300751879737,False,-1.026671052631579,True,0.041053101294065586,18
D,XRPUSDT,bear,half,2026-03-29 12:00:00,0.33694745621351085,0.06338615512927476,0.2317073170731727,True,0.1913140243902458,False,0.04253544620517181,3
D,XRPUSDT,bear,none,2026-03-29 12:00:00,0.33694745621351085,0.06338615512927476,0.2317073170731727,True,0.1913140243902458,False,0.04253544620517181,3
D,XRPUSDT,bear,strict,2026-04-05 04:00:00,0.6362612612612613,0.2004504504504509,0.4599483204134382,True,0.42643669250646143,False,0.018018018018018535,7
D,XRPUSDT,bear,half,2026-04-05 04:00:00,0.6362612612612613,0.2004504504504509,0.4599483204134382,True,0.42643669250646143,False,0.018018018018018535,7
D,XRPUSDT,bear,none,2026-04-05 04:00:00,0.6362612612612613,0.2004504504504509,0.4599483204134382,True,0.42643669250646143,False,0.018018018018018535,7
D,XRPUSDT,bear,half,2026-04-22 20:00:00,0.6112489660876745,0.33167907361455584,1.186390532544371,True,1.1441301775147854,True,0.06368899917287046,11
D,XRPUSDT,bear,none,2026-04-21 16:00:00,0.5004135649296939,0.2034739454094289,0.6852367688022264,False,-1.0393565459610028,False,0.04631927212572414,4
D,XRPUSDT,bear,strict,2026-05-26 00:00:00,0.8865638766519827,0.48568281938326024,1.2115384615384628,True,1.174747252747254,True,0.02973568281938488,6
D,XRPUSDT,bear,half,2026-05-26 00:00:00,0.8865638766519827,0.48568281938326024,1.2115384615384628,True,1.174747252747254,True,0.02973568281938488,6
D,XRPUSDT,bear,none,2026-05-26 00:00:00,0.8865638766519827,0.48568281938326024,1.2115384615384628,True,1.174747252747254,True,0.02973568281938488,6
D,XRPUSDT,bear,half,2026-06-01 12:00:00,0.9062500000000001,0.13327205882353105,0.17241379310345073,True,0.15717835909631633,True,0.0946691176470586,15
D,XRPUSDT,bear,none,2026-06-01 12:00:00,0.9062500000000001,0.13327205882353105,0.17241379310345073,True,0.15717835909631633,True,0.0946691176470586,15
D,XRPUSDT,bear,none,2026-06-10 00:00:00,0.4333122629582806,0.2202907711757272,1.0341246290801216,False,-1.0165979228486648,False,0.017067003792667734,12
D,XRPUSDT,bear,half,2026-06-14 08:00:00,0.7419028340080986,0.5657894736842112,3.212643678160908,False,-1.065701149425287,False,0.020242914979757103,14
D,XRPUSDT,bear,none,2026-06-14 08:00:00,0.7419028340080986,0.5657894736842112,3.212643678160908,False,-1.065701149425287,False,0.020242914979757103,14
D,XRPUSDT,bear,half,2026-06-21 08:00:00,0.20962199312714774,0.13516609392897974,1.8153846153845863,False,-1.087846153846153,True,0.00859106529209528,2
D,XRPUSDT,bear,none,2026-06-21 08:00:00,0.20962199312714774,0.13516609392897974,1.8153846153845863,False,-1.087846153846153,True,0.00859106529209528,2
D,XRPUSDT,bear,strict,2026-07-11 20:00:00,0.439655172413793,0.24568965517241378,1.2666666666666673,True,1.2179422222222227,True,0.031034482758621133,11
D,XRPUSDT,bear,half,2026-07-11 20:00:00,0.439655172413793,0.24568965517241378,1.2666666666666673,True,1.2179422222222227,True,0.031034482758621133,11
D,XRPUSDT,bear,none,2026-07-11 20:00:00,0.439655172413793,0.24568965517241378,1.2666666666666673,True,1.2179422222222227,True,0.031034482758621133,11
D,XRPUSDT,bear,strict,2026-07-20 04:00:00,0.646864686468649,0.3382838283828377,1.0962566844919672,False,-1.058267379679144,False,0.0016501650165014687,7
D,XRPUSDT,bear,half,2026-07-20 04:00:00,0.646864686468649,0.3382838283828377,1.0962566844919672,False,-1.058267379679144,False,0.0016501650165014687,7
D,XRPUSDT,bear,none,2026-07-20 04:00:00,0.646864686468649,0.3382838283828377,1.0962566844919672,False,-1.058267379679144,False,0.0016501650165014687,7
D,XRPUSDT,bear,strict,2026-07-27 12:00:00,0.40100250626566514,0.01629072681704084,0.04234527687295927,True,0.006983713355044156,True,0.07268170426065208,9
D,XRPUSDT,bear,half,2026-07-27 12:00:00,0.40100250626566514,0.01629072681704084,0.04234527687295927,True,0.006983713355044156,True,0.07268170426065208,9
D,XRPUSDT,bear,none,2026-07-27 12:00:00,0.40100250626566514,0.01629072681704084,0.04234527687295927,True,0.006983713355044156,True,0.07268170426065208,9
D,XRPUSDT,bear,half,2026-07-31 12:00:00,0.7019498607242332,0.215877437325906,0.4441260744985702,True,0.41375358166189397,True,0.03342618384401051,9
D,XRPUSDT,bear,none,2026-07-31 12:00:00,0.7019498607242332,0.215877437325906,0.4441260744985702,True,0.41375358166189397,True,0.03342618384401051,9
D,XRPUSDT,bear,none,2026-08-05 08:00:00,0.9587628865979381,0.29072164948453616,0.43518518518518545,True,0.4024537037037039,True,0.3030927835051534,14
D,XRPUSDT,bear,none,2026-08-10 12:00:00,0.449938195302843,0.12978986402966572,0.4054054054054031,True,0.3659266409266387,True,0.049443757725587206,9
D,XRPUSDT,bear,strict,2026-08-28 12:00:00,0.5994845360824748,0.2360824742268045,0.6496453900709228,True,0.6297475177304973,True,0.0252577319587624,3
D,XRPUSDT,bear,half,2026-08-28 12:00:00,0.5994845360824748,0.2360824742268045,0.6496453900709228,True,0.6297475177304973,True,0.0252577319587624,3
D,XRPUSDT,bear,none,2026-08-28 12:00:00,0.5994845360824748,0.2360824742268045,0.6496453900709228,True,0.6297475177304973,True,0.0252577319587624,3
D,XRPUSDT,bear,none,2026-09-26 16:00:00,0.8632189463508941,0.34461092315128067,0.6644920782851813,True,0.6503019571295429,False,0.07346544224262984,4
D,ADAUSDT,bull,none,2020-03-23 16:00:00,0.6046511627906976,0.4121892542101042,2.1416666666666666,True,2.1296583333333334,True,0.02245388933440249,10
D,ADAUSDT,bull,none,2020-04-14 00:00:00,0.9533582089552238,0.6679104477611936,2.339869281045746,False,-1.0218366013071896,False,0.1529850746268645,30
D,ADAUSDT,bull,strict,2020-05-04 12:00:00,0.39990328820116056,0.20793036750483554,1.0831234256926945,False,-1.0126196473551636,False,0.018858800773694128,15
D,ADAUSDT,bull,half,2020-05-04 12:00:00,0.39990328820116056,0.20793036750483554,1.0831234256926945,False,-1.0126196473551636,False,0.018858800773694128,15
D,ADAUSDT,bull,none,2020-05-03 00:00:00,0.34816247582205023,0.14023210831721472,0.674418604651163,False,-1.0119767441860466,False,0.032398452611218764,6
D,ADAUSDT,bull,none,2020-05-22 16:00:00,0.9204406364749077,0.23867809057527534,0.3500897666068224,True,0.34008078994614016,True,0.2044063647490825,4
D,ADAUSDT,bull,strict,2020-06-03 08:00:00,0.4534280251297457,0.14340344168260014,0.46255506607929436,True,0.4553524229074882,False,0.024037148320131273,8
D,ADAUSDT,bull,half,2020-06-03 08:00:00,0.4534280251297457,0.14340344168260014,0.46255506607929436,True,0.4553524229074882,False,0.024037148320131273,8
D,ADAUSDT,bull,none,2020-06-03 08:00:00,0.4534280251297457,0.14340344168260014,0.46255506607929436,True,0.4553524229074882,False,0.024037148320131273,8
D,ADAUSDT,bull,strict,2020-06-10 20:00:00,0.5542228885557222,0.3383308345827086,1.5671296296296275,False,-1.0193611111111112,False,0.00749625187406353,29
D,ADAUSDT,bull,half,2020-06-10 20:00:00,0.5542228885557222,0.3383308345827086,1.5671296296296275,False,-1.0193611111111112,False,0.00749625187406353,29
D,ADAUSDT,bull,none,2020-06-10 20:00:00,0.5542228885557222,0.3383308345827086,1.5671296296296275,False,-1.0193611111111112,False,0.00749625187406353,29
D,ADAUSDT,bull,half,2020-07-11 00:00:00,0.6421514818880353,0.3949506037321625,1.5976909413854348,True,1.586895204262877,True,0.05817782656421513,6
D,ADAUSDT,bull,none,2020-07-11 00:00:00,0.6421514818880353,0.3949506037321625,1.5976909413854348,True,1.586895204262877,True,0.05817782656421513,6
D,ADAUSDT,bull,strict,2020-07-21 08:00:00,0.8219696969696966,0.49356060606060564,1.502883506343713,True,1.4886193771626288,True,0.0037878787878783717,38
D,ADAUSDT,bull,half,2020-07-21 08:00:00,0.8219696969696966,0.49356060606060564,1.502883506343713,True,1.4886193771626288,True,0.0037878787878783717,38
D,ADAUSDT,bull,none,2020-07-21 08:00:00,0.8219696969696966,0.49356060606060564,1.502883506343713,True,1.4886193771626288,True,0.0037878787878783717,38
D,ADAUSDT,bull,strict,2020-07-28 16:00:00,0.7390426758938873,0.2673010380622837,0.5666259168704152,False,-1.008921760391198,False,0.05017301038062339,4
D,ADAUSDT,bull,half,2020-07-28 16:00:00,0.7390426758938873,0.2673010380622837,0.5666259168704152,False,-1.008921760391198,False,0.05017301038062339,4
D,ADAUSDT,bull,none,2020-07-28 16:00:00,0.7390426758938873,0.2673010380622837,0.5666259168704152,False,-1.008921760391198,False,0.05017301038062339,4
D,ADAUSDT,bull,strict,2020-09-19 08:00:00,0.9698113207547182,0.36226415094339726,0.5962732919254673,False,-1.0288478260869565,False,0.10188679245282999,2
D,ADAUSDT,bull,half,2020-09-19 08:00:00,0.9698113207547182,0.36226415094339726,0.5962732919254673,False,-1.0288478260869565,False,0.10188679245282999,2
D,ADAUSDT,bull,none,2020-09-19 08:00:00,0.9698113207547182,0.36226415094339726,0.5962732919254673,False,-1.0288478260869565,False,0.10188679245282999,2
D,ADAUSDT,bull,strict,2020-09-30 12:00:00,0.3250239693192713,0.17673378076062618,1.1918103448275834,False,-1.0218211206896552,False,0.005433045701502189,3
D,ADAUSDT,bull,half,2020-09-30 12:00:00,0.3250239693192713,0.17673378076062618,1.1918103448275834,False,-1.0218211206896552,False,0.005433045701502189,3
D,ADAUSDT,bull,none,2020-09-30 12:00:00,0.3250239693192713,0.17673378076062618,1.1918103448275834,False,-1.0218211206896552,False,0.005433045701502189,3
D,ADAUSDT,bull,strict,2020-10-17 00:00:00,0.992610837438423,0.6896551724137929,2.2764227642276444,False,-1.0287235772357723,True,0.08784893267651893,12
D,ADAUSDT,bull,half,2020-10-17 00:00:00,0.992610837438423,0.6896551724137929,2.2764227642276444,False,-1.0287235772357723,True,0.08784893267651893,12
D,ADAUSDT,bull,none,2020-10-17 00:00:00,0.992610837438423,0.6896551724137929,2.2764227642276444,False,-1.0287235772357723,True,0.08784893267651893,12
D,ADAUSDT,bull,strict,2020-10-24 00:00:00,0.6177636796193496,0.3203806502775574,1.0773333333333328,False,-1.029056,False,0.011102299762093665,0
D,ADAUSDT,bull,half,2020-10-24 00:00:00,0.6177636796193496,0.3203806502775574,1.0773333333333328,False,-1.029056,False,0.011102299762093665,0
D,ADAUSDT,bull,none,2020-10-24 00:00:00,0.6177636796193496,0.3203806502775574,1.0773333333333328,False,-1.029056,False,0.011102299762093665,0
D,ADAUSDT,bull,strict,2020-11-16 04:00:00,0.5942965779467679,0.44410646387832703,2.956962025316458,True,2.931007594936711,True,0.02813688212927775,43
D,ADAUSDT,bull,half,2020-11-16 04:00:00,0.5942965779467679,0.44410646387832703,2.956962025316458,True,2.931007594936711,True,0.02813688212927775,43
D,ADAUSDT,bull,none,2020-11-16 04:00:00,0.5942965779467679,0.44410646387832703,2.956962025316458,True,2.931007594936711,True,0.02813688212927775,43
D,ADAUSDT,bull,strict,2020-11-28 12:00:00,0.8118597083283114,0.19223815837049527,0.3102509239447576,False,,False,0.024828251175123613,15
D,ADAUSDT,bull,half,2020-11-28 12:00:00,0.8118597083283114,0.19223815837049527,0.3102509239447576,False,,False,0.024828251175123613,15
D,ADAUSDT,bull,none,2020-11-28 12:00:00,0.8118597083283114,0.19223815837049527,0.3102509239447576,False,,False,0.024828251175123613,15
D,ADAUSDT,bull,half,2020-12-09 20:00:00,0.7755769893213919,0.4643472270065451,1.491975650249032,True,1.4837808522412843,True,0.07061660351360649,41
D,ADAUSDT,bull,none,2020-12-09 20:00:00,0.7755769893213919,0.4643472270065451,1.491975650249032,True,1.4837808522412843,True,0.07061660351360649,41
D,ADAUSDT,bull,strict,2021-01-02 12:00:00,0.5996332518337407,0.3789731051344746,1.7174515235457102,True,1.7009132040627923,True,0.050529747351262894,15
D,ADAUSDT,bull,half,2021-01-02 12:00:00,0.5996332518337407,0.3789731051344746,1.7174515235457102,True,1.7009132040627923,True,0.050529747351262894,15
D,ADAUSDT,bull,none,2021-01-02 12:00:00,0.5996332518337407,0.3789731051344746,1.7174515235457102,True,1.7009132040627923,True,0.050529747351262894,15
D,ADAUSDT,bull,strict,2021-01-11 20:00:00,0.6745152354570637,0.4270189644150864,1.7253551442100743,True,1.7194179939733114,True,0.0145429362880887,17
D,ADAUSDT,bull,half,2021-01-11 20:00:00,0.6745152354570637,0.4270189644150864,1.7253551442100743,True,1.7194179939733114,True,0.0145429362880887,17
D,ADAUSDT,bull,none,2021-01-11 20:00:00,0.6745152354570637,0.4270189644150864,1.7253551442100743,True,1.7194179939733114,True,0.0145429362880887,17
D,ADAUSDT,bull,strict,2021-01-20 20:00:00,0.5594157451724708,0.18798481597623387,0.5061097533881366,False,-1.0083472561652966,False,0.0015679154976066013,11
D,ADAUSDT,bull,half,2021-01-20 20:00:00,0.5594157451724708,0.18798481597623387,0.5061097533881366,False,-1.0083472561652966,False,0.0015679154976066013,11
D,ADAUSDT,bull,none,2021-01-20 20:00:00,0.5594157451724708,0.18798481597623387,0.5061097533881366,False,-1.0083472561652966,False,0.0015679154976066013,11
D,ADAUSDT,bull,none,2021-01-28 04:00:00,0.7232891832229583,0.43278145695364256,1.4897416413373863,True,1.4771793313069912,True,0.050662251655629556,13
D,ADAUSDT,bull,strict,2021-02-01 08:00:00,0.6352192744991875,0.3485381700054141,1.2157695939565638,True,1.199128895184137,True,0.04020032485111029,2
D,ADAUSDT,bull,half,2021-02-01 08:00:00,0.6352192744991875,0.3485381700054141,1.2157695939565638,True,1.199128895184137,True,0.04020032485111029,2
D,ADAUSDT,bull,none,2021-02-01 08:00:00,0.6352192744991875,0.3485381700054141,1.2157695939565638,True,1.199128895184137,True,0.04020032485111029,2
D,ADAUSDT,bull,strict,2021-03-05 04:00:00,0.9086775369576539,0.6931613316774166,3.2162840412677727,False,-1.0105954084952133,False,0.001983093626056741,25
D,ADAUSDT,bull,half,2021-03-05 04:00:00,0.9086775369576539,0.6931613316774166,3.2162840412677727,False,-1.0105954084952133,False,0.001983093626056741,25
D,ADAUSDT,bull,none,2021-03-05 04:00:00,0.9086775369576539,0.6931613316774166,3.2162840412677727,False,-1.0105954084952133,False,0.001983093626056741,25
D,ADAUSDT,bull,half,2021-03-26 04:00:00,0.9416399850305626,0.703022994719115,2.9462403067003553,True,2.936282652261042,True,0.013701193396814575,37
D,ADAUSDT,bull,none,2021-03-26 04:00:00,0.9416399850305626,0.703022994719115,2.9462403067003553,True,2.936282652261042,True,0.013701193396814575,37
D,ADAUSDT,bull,strict,2021-04-05 12:00:00,0.9430591007264871,0.3596112311015133,0.6163553760726946,True,0.5959856974591997,True,0.08020812880424118,9
D,ADAUSDT,bull,half,2021-04-05 12:00:00,0.9430591007264871,0.3596112311015133,0.6163553760726946,True,0.5959856974591997,True,0.08020812880424118,9
D,ADAUSDT,bull,none,2021-04-05 12:00:00,0.9430591007264871,0.3596112311015133,0.6163553760726946,True,0.5959856974591997,True,0.08020812880424118,9
D,ADAUSDT,bull,strict,2021-05-09 04:00:00,0.3818770877771965,0.03058719362498467,0.08707108896144738,True,0.0771209257031556,False,0.015293596812492559,1
D,ADAUSDT,bull,half,2021-05-09 04:00:00,0.3818770877771965,0.03058719362498467,0.08707108896144738,True,0.0771209257031556,False,0.015293596812492559,1
D,ADAUSDT,bull,none,2021-05-09 04:00:00,0.3818770877771965,0.03058719362498467,0.08707108896144738,True,0.0771209257031556,False,0.015293596812492559,1
D,ADAUSDT,bull,strict,2021-05-30 00:00:00,0.6365148413510746,0.44997441146366424,2.412208504801098,True,2.402058299039781,True,0.02827533265097238,12
D,ADAUSDT,bull,half,2021-05-30 00:00:00,0.6365148413510746,0.44997441146366424,2.412208504801098,True,2.402058299039781,True,0.02827533265097238,12
D,ADAUSDT,bull,none,2021-05-30 00:00:00,0.6365148413510746,0.44997441146366424,2.412208504801098,True,2.402058299039781,True,0.02827533265097238,12
D,ADAUSDT,bull,strict,2021-06-08 16:00:00,0.8816025871361842,0.6113905856988862,2.262632978723403,False,-1.0103085106382979,False,0.003593244699964071,22
D,ADAUSDT,bull,half,2021-06-08 16:00:00,0.8816025871361842,0.6113905856988862,2.262632978723403,False,-1.0103085106382979,False,0.003593244699964071,22
D,ADAUSDT,bull,none,2021-06-08 16:00:00,0.8816025871361842,0.6113905856988862,2.262632978723403,False,-1.0103085106382979,False,0.003593244699964071,22
D,ADAUSDT,bull,strict,2021-07-06 04:00:00,0.5695364238410598,0.2138126773888369,0.6010638297872363,False,-1.019279255319149,False,0.04257332071901559,1
D,ADAUSDT,bull,half,2021-07-06 04:00:00,0.5695364238410598,0.2138126773888369,0.6010638297872363,False,-1.019279255319149,False,0.04257332071901559,1
D,ADAUSDT,bull,none,2021-07-06 04:00:00,0.5695364238410598,0.2138126773888369,0.6010638297872363,False,-1.019279255319149,False,0.04257332071901559,1
D,ADAUSDT,bull,none,2021-08-01 00:00:00,0.8939828080229226,0.10028653295128895,0.12635379061371776,True,0.11805956678700297,True,0.27793696275071644,24
D,ADAUSDT,bull,none,2021-08-18 12:00:00,0.4510938766060888,0.22907743951846296,1.031803962460898,True,1.021068300312827,True,0.005324690357680214,9
D,ADAUSDT,bull,strict,2021-08-27 04:00:00,0.4573510887169334,0.3182472557135144,2.287839586028462,True,2.270860284605435,True,0.0018895087277307817,13
D,ADAUSDT,bull,half,2021-08-27 04:00:00,0.4573510887169334,0.3182472557135144,2.287839586028462,True,2.270860284605435,True,0.0018895087277307817,13
D,ADAUSDT,bull,none,2021-08-27 04:00:00,0.4573510887169334,0.3182472557135144,2.287839586028462,True,2.270860284605435,True,0.0018895087277307817,13
D,ADAUSDT,bull,half,2021-08-31 08:00:00,0.5188620902906612,0.20511234796949082,0.6537450722733255,True,0.6349802890932992,True,0.022469593898166072,8
D,ADAUSDT,bull,none,2021-08-31 08:00:00,0.5188620902906612,0.20511234796949082,0.6537450722733255,True,0.6349802890932992,True,0.022469593898166072,8
D,ADAUSDT,bull,strict,2021-09-05 16:00:00,0.7553562531141009,0.41629297458893905,1.2277736958119043,False,-1.0215878030859662,False,0.03687095166915723,10
D,ADAUSDT,bull,half,2021-09-05 16:00:00,0.7553562531141009,0.41629297458893905,1.2277736958119043,False,-1.0215878030859662,False,0.03687095166915723,10
D,ADAUSDT,bull,none,2021-09-05 16:00:00,0.7553562531141009,0.41629297458893905,1.2277736958119043,False,-1.0215878030859662,False,0.03687095166915723,10
D,ADAUSDT,bull,strict,2021-09-15 12:00:00,0.9288154897494304,0.4481776765375852,0.9324644549763029,False,-1.010123222748815,False,0.061883067577828306,15
D,ADAUSDT,bull,half,2021-09-15 12:00:00,0.9288154897494304,0.4481776765375852,0.9324644549763029,False,-1.010123222748815,False,0.061883067577828306,15
D,ADAUSDT,bull,none,2021-09-15 12:00:00,0.9288154897494304,0.4481776765375852,0.9324644549763029,False,-1.010123222748815,False,0.061883067577828306,15
D,ADAUSDT,bull,strict,2021-10-06 12:00:00,0.6932375040836323,0.29010127409343367,0.7196110210696935,True,0.70149918962723,True,0.029075465534139613,15
D,ADAUSDT,bull,half,2021-10-06 12:00:00,0.6932375040836323,0.29010127409343367,0.7196110210696935,True,0.70149918962723,True,0.029075465534139613,15
D,ADAUSDT,bull,none,2021-10-05 20:00:00,0.5668082326037238,0.29010127409343367,1.0484061393152329,False,-1.0263872491145218,False,0.08951323097027006,11
D,ADAUSDT,bull,half,2021-12-15 16:00:00,0.9703103913630232,0.5447593342330185,1.2801268498942913,False,-1.0136564482029597,False,0.10211426000899762,10
D,ADAUSDT,bull,none,2021-12-15 16:00:00,0.9703103913630232,0.5447593342330185,1.2801268498942913,False,-1.0136564482029597,False,0.10211426000899762,10
D,ADAUSDT,bull,strict,2021-12-21 20:00:00,0.8530769230769237,0.24230769230769145,0.3967254408060429,True,0.38060957178841065,True,0.03923076923077007,5
D,ADAUSDT,bull,half,2021-12-21 20:00:00,0.8530769230769237,0.24230769230769145,0.3967254408060429,True,0.38060957178841065,True,0.03923076923077007,5
D,ADAUSDT,bull,none,2021-12-21 20:00:00,0.8530769230769237,0.24230769230769145,0.3967254408060429,True,0.38060957178841065,True,0.03923076923077007,5
D,ADAUSDT,bull,none,2022-01-20 12:00:00,0.7700791177175741,0.5543035243346921,2.5688888888888872,False,-1.0156122222222221,False,0.01870055142651649,3
D,ADAUSDT,bull,strict,2022-02-01 12:00:00,0.9548872180451122,0.22681704260651608,0.31153184165232345,True,0.29320654044750416,True,0.008771929824563209,9
D,ADAUSDT,bull,half,2022-02-01 12:00:00,0.9548872180451122,0.22681704260651608,0.31153184165232345,True,0.29320654044750416,True,0.008771929824563209,9
D,ADAUSDT,bull,none,2022-02-01 12:00:00,0.9548872180451122,0.22681704260651608,0.31153184165232345,True,0.29320654044750416,True,0.008771929824563209,9
D,ADAUSDT,bull,strict,2022-02-28 00:00:00,0.5369163952225843,0.28447339847991326,1.1268817204301078,True,1.1080129032258068,True,0.07328990228013009,0
D,ADAUSDT,bull,half,2022-02-28 00:00:00,0.5369163952225843,0.28447339847991326,1.1268817204301078,True,1.1080129032258068,True,0.07328990228013009,0
D,ADAUSDT,bull,none,2022-02-28 00:00:00,0.5369163952225843,0.28447339847991326,1.1268817204301078,True,1.1080129032258068,True,0.07328990228013009,0
D,ADAUSDT,bull,strict,2022-03-21 04:00:00,0.5598739495798312,0.2773109243697478,0.9814126394052065,True,0.9483494423791841,True,0.010504201680672284,1
D,ADAUSDT,bull,half,2022-03-21 04:00:00,0.5598739495798312,0.2773109243697478,0.9814126394052065,True,0.9483494423791841,True,0.010504201680672284,1
D,ADAUSDT,bull,none,2022-03-21 04:00:00,0.5598739495798312,0.2773109243697478,0.9814126394052065,True,0.9483494423791841,True,0.010504201680672284,1
D,ADAUSDT,bull,strict,2022-03-26 04:00:00,0.3581267217630854,0.15733088460361222,0.7835365853658568,True,0.7661920731707348,True,0.012243648607284982,1
D,ADAUSDT,bull,half,2022-03-26 04:00:00,0.3581267217630854,0.15733088460361222,0.7835365853658568,True,0.7661920731707348,True,0.012243648607284982,1
D,ADAUSDT,bull,none,2022-03-26 04:00:00,0.3581267217630854,0.15733088460361222,0.7835365853658568,True,0.7661920731707348,True,0.012243648607284982,1
D,ADAUSDT,bull,half,2022-04-04 04:00:00,0.8204979733642157,0.1661841343370004,0.2539823008849553,True,0.24321946902654826,False,0.1899247249565719,31
D,ADAUSDT,bull,none,2022-04-04 04:00:00,0.8204979733642157,0.1661841343370004,0.2539823008849553,True,0.24321946902654826,False,0.1899247249565719,31
D,ADAUSDT,bull,none,2022-04-23 12:00:00,0.9221674876847289,0.7192118226600989,3.543689320388361,False,-1.0437621359223301,False,0.04039408866995065,9
D,ADAUSDT,bull,half,2022-05-29 20:00:00,0.7931519699812382,0.6214821763602252,3.6202185792349764,True,3.607060109289621,True,0.021106941838649175,71
D,ADAUSDT,bull,none,2022-05-29 20:00:00,0.7931519699812382,0.6214821763602252,3.6202185792349764,True,3.607060109289621,True,0.021106941838649175,71
D,ADAUSDT,bull,half,2022-06-02 04:00:00,0.6294021294021296,0.47379197379197385,3.044736842105261,False,-1.0150921052631579,True,0.03153153153153124,1
D,ADAUSDT,bull,none,2022-06-02 04:00:00,0.6294021294021296,0.47379197379197385,3.044736842105261,False,-1.0150921052631579,True,0.03153153153153124,1
D,ADAUSDT,bull,strict,2022-06-11 04:00:00,0.7715156130997721,0.46763137852246783,1.5388471177944847,False,-1.0152355889724312,False,0.12261995430312267,7
D,ADAUSDT,bull,half,2022-06-11 04:00:00,0.7715156130997721,0.46763137852246783,1.5388471177944847,False,-1.0152355889724312,False,0.12261995430312267,7
D,ADAUSDT,bull,none,2022-06-11 04:00:00,0.7715156130997721,0.46763137852246783,1.5388471177944847,False,-1.0152355889724312,False,0.12261995430312267,7
D,ADAUSDT,bull,none,2022-06-23 20:00:00,0.6148796498905906,0.3479212253829316,1.303278688524586,True,1.283622950819668,True,0.012035010940918928,5
D,ADAUSDT,bull,none,2022-07-07 00:00:00,0.892561983471074,0.34986225895316775,0.6446700507614209,True,0.6211370558375631,True,0.2920110192837465,6
D,ADAUSDT,bull,strict,2022-07-23 20:00:00,0.6470588235294117,0.2702472293265129,0.7171945701357452,False,-1.0116923076923077,False,0.021312872975277095,11
D,ADAUSDT,bull,half,2022-07-22 08:00:00,0.6240409207161126,0.3427109974424555,1.2181818181818196,False,-1.0154030303030304,False,0.04262574595055419,2
D,ADAUSDT,bull,none,2022-07-22 08:00:00,0.6240409207161126,0.3427109974424555,1.2181818181818196,False,-1.0154030303030304,False,0.04262574595055419,2
D,ADAUSDT,bull,none,2022-08-03 08:00:00,0.6459510357815444,0.4359698681732582,2.076233183856504,True,2.0533452914798223,True,0.06403013182674229,14
D,ADAUSDT,bull,none,2022-09-09 00:00:00,0.8152777777777773,0.3319444444444441,0.6867816091954017,True,0.6727499999999994,True,0.281944444444445,6
D,ADAUSDT,bull,strict,2022-09-27 00:00:00,0.673944687045124,0.35516739446870427,1.11415525114155,False,-1.0209132420091325,False,0.005822416302765816,12
D,ADAUSDT,bull,half,2022-09-27 00:00:00,0.673944687045124,0.35516739446870427,1.11415525114155,False,-1.0209132420091325,False,0.005822416302765816,12
D,ADAUSDT,bull,none,2022-09-27 00:00:00,0.673944687045124,0.35516739446870427,1.11415525114155,False,-1.0209132420091325,False,0.005822416302765816,12
D,ADAUSDT,bull,half,2022-10-16 16:00:00,0.6801909307875902,0.37470167064439125,1.2265624999999962,False,-1.0291640625,False,0.08591885441527429,4
D,ADAUSDT,bull,none,2022-10-16 16:00:00,0.6801909307875902,0.37470167064439125,1.2265624999999962,False,-1.0291640625,False,0.08591885441527429,4
D,ADAUSDT,bull,strict,2022-10-31 08:00:00,0.6656250000000004,0.42812500000000053,1.8026315789473717,False,-1.027138157894737,False,0.0296875000000002,2
D,ADAUSDT,bull,half,2022-10-31 08:00:00,0.6656250000000004,0.42812500000000053,1.8026315789473717,False,-1.027138157894737,False,0.0296875000000002,2
D,ADAUSDT,bull,none,2022-10-31 08:00:00,0.6656250000000004,0.42812500000000053,1.8026315789473717,False,-1.027138157894737,False,0.0296875000000002,2
D,ADAUSDT,bull,none,2022-11-15 04:00:00,0.9351585014409222,0.5850144092219022,1.6707818930041172,False,-1.013917695473251,False,0.028818443804034602,19
D,ADAUSDT,bull,strict,2022-12-25 20:00:00,0.5505617977528104,0.28651685393258375,1.0851063829787133,True,1.030021276595735,True,0.005617977528089266,5
D,ADAUSDT,bull,half,2022-12-25 20:00:00,0.5505617977528104,0.28651685393258375,1.0851063829787133,True,1.030021276595735,True,0.005617977528089266,5
D,ADAUSDT,bull,none,2022-12-25 20:00:00,0.5505617977528104,0.28651685393258375,1.0851063829787133,True,1.030021276595735,True,0.005617977528089266,5
D,ADAUSDT,bull,half,2023-01-20 16:00:00,0.38274509803921586,0.15686274509803896,0.694444444444442,True,0.6822708333333309,True,0.020392156862745033,28
D,ADAUSDT,bull,none,2023-01-20 16:00:00,0.38274509803921586,0.15686274509803896,0.694444444444442,True,0.6822708333333309,True,0.020392156862745033,28
D,ADAUSDT,bull,half,2023-01-25 20:00:00,0.6210045662100454,0.21613394216133916,0.5338345864661648,True,0.5198007518796987,True,0.1902587519025876,11
D,ADAUSDT,bull,none,2023-01-25 20:00:00,0.6210045662100454,0.21613394216133916,0.5338345864661648,True,0.5198007518796987,True,0.1902587519025876,11
D,ADAUSDT,bull,half,2023-02-07 20:00:00,0.7052845528455292,0.3048780487804883,0.7614213197969552,False,-1.020248730964467,False,0.1443089430894309,23
D,ADAUSDT,bull,none,2023-02-07 20:00:00,0.7052845528455292,0.3048780487804883,0.7614213197969552,False,-1.020248730964467,False,0.1443089430894309,23
D,ADAUSDT,bull,none,2023-03-01 08:00:00,0.9535483870967736,0.761290322580645,3.9597315436241693,False,-1.0243624161073825,False,0.06580645161290313,68
D,ADAUSDT,bull,strict,2023-02-20 04:00:00,0.8922155688622756,0.3323353293413175,0.5935828877005349,False,-1.021807486631016,False,0.056886227544910586,1
D,ADAUSDT,bull,half,2023-02-20 04:00:00,0.8922155688622756,0.3323353293413175,0.5935828877005349,False,-1.021807486631016,False,0.056886227544910586,1
D,ADAUSDT,bull,none,2023-02-20 04:00:00,0.8922155688622756,0.3323353293413175,0.5935828877005349,False,-1.021807486631016,False,0.056886227544910586,1
D,ADAUSDT,bull,none,2023-03-17 04:00:00,0.735583684950773,0.4992967651195496,2.113095238095239,True,2.09329761904762,True,0.04219409282700426,7
D,ADAUSDT,bull,strict,2023-03-21 00:00:00,0.6546762589928061,0.44364508393285323,2.1022727272727155,False,-1.038522727272727,False,0.03836930455635472,6
D,ADAUSDT,bull,half,2023-03-21 00:00:00,0.6546762589928061,0.44364508393285323,2.1022727272727155,False,-1.038522727272727,False,0.03836930455635472,6
D,ADAUSDT,bull,none,2023-03-21 00:00:00,0.6546762589928061,0.44364508393285323,2.1022727272727155,False,-1.038522727272727,False,0.03836930455635472,6
D,ADAUSDT,bull,strict,2023-04-03 04:00:00,0.5306957708049117,0.20054570259208787,0.6074380165289276,True,0.5911404958677706,True,0.010914051841745799,7
D,ADAUSDT,bull,half,2023-04-03 04:00:00,0.5306957708049117,0.20054570259208787,0.6074380165289276,True,0.5911404958677706,True,0.010914051841745799,7
D,ADAUSDT,bull,none,2023-04-03 04:00:00,0.5306957708049117,0.20054570259208787,0.6074380165289276,True,0.5911404958677706,True,0.010914051841745799,7
D,ADAUSDT,bull,strict,2023-04-18 08:00:00,0.47098515519568135,0.1983805668016193,0.7277227722772274,False,-1.0221633663366336,False,0.0067476383265857014,8
D,ADAUSDT,bull,half,2023-04-18 08:00:00,0.47098515519568135,0.1983805668016193,0.7277227722772274,False,-1.0221633663366336,False,0.0067476383265857014,8
D,ADAUSDT,bull,none,2023-04-18 08:00:00,0.47098515519568135,0.1983805668016193,0.7277227722772274,False,-1.0221633663366336,False,0.0067476383265857014,8
D,ADAUSDT,bull,half,2023-05-02 12:00:00,0.8914549653579681,0.6651270207852205,2.9387755102040938,False,-1.0397755102040818,False,0.03926096997690483,21
D,ADAUSDT,bull,none,2023-05-02 12:00:00,0.8914549653579681,0.6651270207852205,2.9387755102040938,False,-1.0397755102040818,False,0.03926096997690483,21
D,ADAUSDT,bull,none,2023-06-02 08:00:00,0.7818181818181821,0.34242424242424196,0.7793103448275839,False,-1.0258620689655171,False,0.23333333333333306,14
D,ADAUSDT,bull,none,2023-07-12 00:00:00,0.6050228310502288,0.19863013698630103,0.48876404494381837,True,0.47229775280898695,True,0.14383561643835552,36
D,ADAUSDT,bull,half,2023-07-10 16:00:00,0.8693181818181804,0.0965909090909079,0.12499999999999847,True,0.10358823529411612,True,0.14204545454545464,4
D,ADAUSDT,bull,none,2023-07-10 16:00:00,0.8693181818181804,0.0965909090909079,0.12499999999999847,True,0.10358823529411612,True,0.14204545454545464,4
D,ADAUSDT,bull,none,2023-07-20 00:00:00,0.8526315789473683,0.5463157894736841,1.7835051546391745,False,-1.0112577319587628,False,0.030526315789473818,24
D,ADAUSDT,bull,strict,2023-07-27 00:00:00,0.9641791044776109,0.6567164179104478,2.1359223300970944,False,-1.0300970873786408,False,0.05671641791044809,30
D,ADAUSDT,bull,half,2023-07-27 00:00:00,0.9641791044776109,0.6567164179104478,2.1359223300970944,False,-1.0300970873786408,False,0.05671641791044809,30
D,ADAUSDT,bull,none,2023-07-27 00:00:00,0.9641791044776109,0.6567164179104478,2.1359223300970944,False,-1.0300970873786408,False,0.05671641791044809,30
D,ADAUSDT,bull,strict,2023-08-28 12:00:00,0.6363636363636371,0.2681818181818165,0.7283950617283856,True,0.6956296296296204,True,0.01818181818181871,15
D,ADAUSDT,bull,half,2023-08-28 12:00:00,0.6363636363636371,0.2681818181818165,0.7283950617283856,True,0.6956296296296204,True,0.01818181818181871,15
D,ADAUSDT,bull,none,2023-08-28 12:00:00,0.6363636363636371,0.2681818181818165,0.7283950617283856,True,0.6956296296296204,True,0.01818181818181871,15
D,ADAUSDT,bull,none,2023-09-18 08:00:00,0.6129032258064511,0.06451612903225691,0.11764705882352718,True,0.09275490196078211,False,0.09139784946236594,8
D,ADAUSDT,bull,none,2023-10-06 04:00:00,0.6470588235294105,0.21323529411764622,0.49152542372881214,False,-1.0223389830508476,False,0.04779411764705973,13
D,ADAUSDT,bull,half,2023-11-09 00:00:00,0.4592833876221498,0.10857763300760051,0.30959752321981454,True,0.29826625386996936,True,0.04777415852334374,6
D,ADAUSDT,bull,none,2023-11-09 00:00:00,0.4592833876221498,0.10857763300760051,0.30959752321981454,True,0.29826625386996936,True,0.04777415852334374,6
D,ADAUSDT,bull,strict,2023-11-14 04:00:00,0.7982608695652174,0.4904347826086948,1.5932203389830435,False,-1.020774011299435,False,0.03304347826086979,7
D,ADAUSDT,bull,half,2023-11-14 04:00:00,0.7982608695652174,0.4904347826086948,1.5932203389830435,False,-1.020774011299435,False,0.03304347826086979,7
D,ADAUSDT,bull,none,2023-11-14 04:00:00,0.7982608695652174,0.4904347826086948,1.5932203389830435,False,-1.020774011299435,False,0.03304347826086979,7
D,ADAUSDT,bull,half,2023-11-20 08:00:00,0.8438356164383566,0.23972602739725987,0.3968253968253957,True,0.38792517006802607,True,0.07123287671232933,14
D,ADAUSDT,bull,none,2023-11-18 20:00:00,0.8438356164383566,0.44794520547945166,1.1314878892733533,True,1.118432525951554,True,0.04931506849315137,5
D,ADAUSDT,bull,none,2023-11-23 08:00:00,0.8652343749999998,0.32812500000000056,0.610909090909093,True,0.5969890909090929,True,0.033203124999999584,8
D,ADAUSDT,bull,none,2023-12-02 16:00:00,0.6697892271662764,0.10070257611241275,0.17695473251028923,True,0.16075308641975425,True,0.08430913348946115,40
D,ADAUSDT,bull,strict,2023-12-01 00:00:00,0.8900000000000011,0.5150000000000011,1.3733333333333364,True,1.3227866666666699,True,0.05,0
D,ADAUSDT,bull,half,2023-12-01 00:00:00,0.8900000000000011,0.5150000000000011,1.3733333333333364,True,1.3227866666666699,True,0.05,0
D,ADAUSDT,bull,none,2023-12-01 00:00:00,0.8900000000000011,0.5150000000000011,1.3733333333333364,True,1.3227866666666699,True,0.05,0
D,ADAUSDT,bull,none,2023-12-13 12:00:00,0.5084868183459731,0.07908992416034641,0.18418839360807332,True,0.1789184188393601,False,0.014806789454676754,15
D,ADAUSDT,bull,strict,2023-12-18 20:00:00,0.9856733524355301,0.5694842406876794,1.3683304647160088,False,-1.0103614457831325,True,0.010028653295128635,17
D,ADAUSDT,bull,half,2023-12-18 20:00:00,0.9856733524355301,0.5694842406876794,1.3683304647160088,False,-1.0103614457831325,True,0.010028653295128635,17
D,ADAUSDT,bull,none,2023-12-18 20:00:00,0.9856733524355301,0.5694842406876794,1.3683304647160088,False,-1.0103614457831325,True,0.010028653295128635,17
D,ADAUSDT,bull,none,2023-12-24 00:00:00,0.5133887349953833,0.2973222530009236,1.3760683760683778,False,-1.0264957264957266,False,0.0886426592797779,0
D,ADAUSDT,bull,strict,2024-01-16 12:00:00,0.7348659003831421,0.5762452107279694,3.6328502415458868,False,-1.0261980676328502,False,0.0038314176245214998,21
D,ADAUSDT,bull,half,2024-01-16 12:00:00,0.7348659003831421,0.5762452107279694,3.6328502415458868,False,-1.0261980676328502,False,0.0038314176245214998,21
D,ADAUSDT,bull,none,2024-01-16 12:00:00,0.7348659003831421,0.5762452107279694,3.6328502415458868,False,-1.0261980676328502,False,0.0038314176245214998,21
D,ADAUSDT,bull,strict,2024-02-01 20:00:00,0.6530612244897962,0.37244897959183637,1.327272727272723,False,-1.0230727272727271,False,0.06887755102040759,5
D,ADAUSDT,bull,half,2024-02-01 20:00:00,0.6530612244897962,0.37244897959183637,1.327272727272723,False,-1.0230727272727271,False,0.06887755102040759,5
D,ADAUSDT,bull,none,2024-02-01 20:00:00,0.6530612244897962,0.37244897959183637,1.327272727272723,False,-1.0230727272727271,False,0.06887755102040759,5
D,ADAUSDT,bull,half,2024-02-06 16:00:00,0.9675810473815455,0.5760598503740627,1.4713375796178234,False,-1.0320127388535032,False,0.08977556109725673,10
D,ADAUSDT,bull,none,2024-02-06 16:00:00,0.9675810473815455,0.5760598503740627,1.4713375796178234,False,-1.0320127388535032,False,0.08977556109725673,10
D,ADAUSDT,bull,none,2024-03-23 12:00:00,0.627033792240301,0.1927409261576968,0.44380403458213086,True,0.4255446685878946,True,0.09011264080100109,3
D,ADAUSDT,bull,strict,2024-03-29 20:00:00,0.6271981242672915,0.2250879249706915,0.5597667638483964,False,-1.0193877551020407,False,0.051582649472450975,11
D,ADAUSDT,bull,half,2024-03-29 20:00:00,0.6271981242672915,0.2250879249706915,0.5597667638483964,False,-1.0193877551020407,False,0.051582649472450975,11
D,ADAUSDT,bull,none,2024-03-29 20:00:00,0.6271981242672915,0.2250879249706915,0.5597667638483964,False,-1.0193877551020407,False,0.051582649472450975,11
D,ADAUSDT,bull,strict,2024-05-06 04:00:00,0.4142114384748698,0.16291161178509572,0.6482758620689688,True,0.6161103448275894,False,0.02772963604852671,1
D,ADAUSDT,bull,half,2024-05-06 04:00:00,0.4142114384748698,0.16291161178509572,0.6482758620689688,True,0.6161103448275894,False,0.02772963604852671,1
D,ADAUSDT,bull,none,2024-05-06 04:00:00,0.4142114384748698,0.16291161178509572,0.6482758620689688,True,0.6161103448275894,False,0.02772963604852671,1
D,ADAUSDT,bull,strict,2024-05-08 12:00:00,0.6948275862068967,0.260344827586207,0.5992063492063493,False,-1.0182936507936509,False,0.013793103448276257,3
D,ADAUSDT,bull,half,2024-05-08 12:00:00,0.6948275862068967,0.260344827586207,0.5992063492063493,False,-1.0182936507936509,False,0.013793103448276257,3
D,ADAUSDT,bull,none,2024-05-08 12:00:00,0.6948275862068967,0.260344827586207,0.5992063492063493,False,-1.0182936507936509,False,0.013793103448276257,3
D,ADAUSDT,bull,strict,2024-05-20 16:00:00,0.46412213740457986,0.016793893129770837,0.03754266211604062,True,0.02083617747440239,False,0.036641221374046004,10
D,ADAUSDT,bull,half,2024-05-20 16:00:00,0.46412213740457986,0.016793893129770837,0.03754266211604062,True,0.02083617747440239,False,0.036641221374046004,10
D,ADAUSDT,bull,none,2024-05-20 16:00:00,0.46412213740457986,0.016793893129770837,0.03754266211604062,True,0.02083617747440239,False,0.036641221374046004,10
D,ADAUSDT,bull,strict,2024-06-27 12:00:00,0.5168831168831165,0.29090909090909073,1.287356321839081,True,1.2429770114942535,True,0.04155844155844133,3
D,ADAUSDT,bull,half,2024-06-27 12:00:00,0.5168831168831165,0.29090909090909073,1.287356321839081,True,1.2429770114942535,True,0.04155844155844133,3
D,ADAUSDT,bull,none,2024-06-27 12:00:00,0.5168831168831165,0.29090909090909073,1.287356321839081,True,1.2429770114942535,True,0.04155844155844133,3
D,ADAUSDT,bull,none,2024-07-15 04:00:00,0.18750000000000025,0.07448630136986335,0.6590909090909127,True,0.6259318181818218,True,0.028253424657534457,1
D,ADAUSDT,bull,strict,2024-07-29 00:00:00,0.5240083507306881,0.13987473903966563,0.36413043478260837,False,-1.0229565217391305,False,0.0041753653444683405,0
D,ADAUSDT,bull,half,2024-07-29 00:00:00,0.5240083507306881,0.13987473903966563,0.36413043478260837,False,-1.0229565217391305,False,0.0041753653444683405,0
D,ADAUSDT,bull,none,2024-07-29 00:00:00,0.5240083507306881,0.13987473903966563,0.36413043478260837,False,-1.0229565217391305,False,0.0041753653444683405,0
D,ADAUSDT,bull,none,2024-08-11 00:00:00,0.2282471626733923,0.061790668348045606,0.37121212121212266,True,0.3447424242424257,False,0.006305170239596476,0
D,ADAUSDT,bull,strict,2024-08-16 04:00:00,0.44526445264452663,0.26691266912669126,1.4965517241379296,True,1.473475862068964,True,0.0824108241082409,19
D,ADAUSDT,bull,half,2024-08-16 04:00:00,0.44526445264452663,0.26691266912669126,1.4965517241379296,True,1.473475862068964,True,0.0824108241082409,19
D,ADAUSDT,bull,none,2024-08-16 04:00:00,0.44526445264452663,0.26691266912669126,1.4965517241379296,True,1.473475862068964,True,0.0824108241082409,19
D,ADAUSDT,bull,none,2024-08-29 12:00:00,0.8238482384823853,0.49864498644986466,1.5333333333333319,False,-1.0151833333333333,False,0.1097560975609756,21
D,ADAUSDT,bull,strict,2024-09-11 16:00:00,0.41666666666666674,0.028508771929825056,0.07344632768361717,True,0.05381920903954937,False,0.03289473684210527,4
D,ADAUSDT,bull,half,2024-09-11 16:00:00,0.41666666666666674,0.028508771929825056,0.07344632768361717,True,0.05381920903954937,False,0.03289473684210527,4
D,ADAUSDT,bull,none,2024-09-11 16:00:00,0.41666666666666674,0.028508771929825056,0.07344632768361717,True,0.05381920903954937,False,0.03289473684210527,4
D,ADAUSDT,bull,strict,2024-09-23 00:00:00,0.5438596491228063,0.12573099415204608,0.30069930069929907,True,0.2757482517482501,True,0.011695906432747266,6
D,ADAUSDT,bull,half,2024-09-23 00:00:00,0.5438596491228063,0.12573099415204608,0.30069930069929907,True,0.2757482517482501,True,0.011695906432747266,6
D,ADAUSDT,bull,none,2024-09-23 00:00:00,0.5438596491228063,0.12573099415204608,0.30069930069929907,True,0.2757482517482501,True,0.011695906432747266,6
D,ADAUSDT,bull,strict,2024-11-01 08:00:00,0.8941176470588237,0.49117647058823544,1.2189781021897814,False,-1.0253576642335767,True,0.011764705882353286,2
D,ADAUSDT,bull,half,2024-11-01 08:00:00,0.8941176470588237,0.49117647058823544,1.2189781021897814,False,-1.0253576642335767,True,0.011764705882353286,2
D,ADAUSDT,bull,none,2024-11-01 08:00:00,0.8941176470588237,0.49117647058823544,1.2189781021897814,False,-1.0253576642335767,True,0.011764705882353286,2
D,ADAUSDT,bull,strict,2024-11-13 12:00:00,0.4144117647058824,0.18911764705882358,0.8394255874673632,True,0.8316488250652744,True,0.060882352941176617,9
D,ADAUSDT,bull,half,2024-11-13 12:00:00,0.4144117647058824,0.18911764705882358,0.8394255874673632,True,0.8316488250652744,True,0.060882352941176617,9
D,ADAUSDT,bull,none,2024-11-13 12:00:00,0.4144117647058824,0.18911764705882358,0.8394255874673632,True,0.8316488250652744,True,0.060882352941176617,9
D,ADAUSDT,bull,none,2024-11-25 08:00:00,0.4630700064226075,0.2316420466709486,1.0009250693802054,False,-1.0097067530064754,False,0.05245129522586163,2
D,ADAUSDT,bull,none,2024-12-05 08:00:00,0.7308353386043313,0.3551048470264695,0.9451052150045745,False,-1.011214089661482,False,0.06978343073221034,2
D,ADAUSDT,bull,strict,2024-12-27 08:00:00,0.623993217465028,0.3908435777871982,1.676363636363636,False,-1.01646,False,0.027977956761339764,26
D,ADAUSDT,bull,half,2024-12-27 08:00:00,0.623993217465028,0.3908435777871982,1.676363636363636,False,-1.01646,False,0.027977956761339764,26
D,ADAUSDT,bull,none,2024-12-27 08:00:00,0.623993217465028,0.3908435777871982,1.676363636363636,False,-1.01646,False,0.027977956761339764,26
D,ADAUSDT,bull,strict,2025-01-05 04:00:00,0.2382812499999998,0.09197443181818195,0.6286407766990314,True,0.602101941747575,True,0.0003551136363635973,1
D,ADAUSDT,bull,half,2025-01-05 04:00:00,0.2382812499999998,0.09197443181818195,0.6286407766990314,True,0.602101941747575,True,0.0003551136363635973,1
D,ADAUSDT,bull,none,2025-01-05 04:00:00,0.2382812499999998,0.09197443181818195,0.6286407766990314,True,0.602101941747575,True,0.0003551136363635973,1
D,ADAUSDT,bull,strict,2025-01-20 04:00:00,0.7037542662116041,0.30068259385665486,0.7459779847586772,False,-1.0091295512277731,False,0.1870307167235494,7
D,ADAUSDT,bull,half,2025-01-20 04:00:00,0.7037542662116041,0.30068259385665486,0.7459779847586772,False,-1.0091295512277731,False,0.1870307167235494,7
D,ADAUSDT,bull,none,2025-01-20 04:00:00,0.7037542662116041,0.30068259385665486,0.7459779847586772,False,-1.0091295512277731,False,0.1870307167235494,7
D,ADAUSDT,bull,half,2025-02-19 08:00:00,0.5456557830658552,0.3132263420033204,1.347619047619046,False,-1.0184309523809523,True,0.029330381848367306,26
D,ADAUSDT,bull,none,2025-02-19 08:00:00,0.5456557830658552,0.3132263420033204,1.347619047619046,False,-1.0184309523809523,True,0.029330381848367306,26
D,ADAUSDT,bull,half,2025-03-10 08:00:00,0.7951645399597045,0.7033243787777033,7.658135283363808,False,-1.0138281535648994,False,0.015446608462055046,32
D,ADAUSDT,bull,none,2025-03-10 08:00:00,0.7951645399597045,0.7033243787777033,7.658135283363808,False,-1.0138281535648994,False,0.015446608462055046,32
D,ADAUSDT,bull,half,2025-03-19 08:00:00,0.7174267100977203,0.3713355048859932,1.0729411764705852,True,1.0559223529411734,True,0.033387622149837065,32
D,ADAUSDT,bull,none,2025-03-19 08:00:00,0.7174267100977203,0.3713355048859932,1.0729411764705852,True,1.0559223529411734,True,0.033387622149837065,32
D,ADAUSDT,bull,none,2025-04-11 00:00:00,0.44929681717246467,0.1687638786084385,0.6015831134564665,True,0.585142480211084,True,0.10140636565506983,0
D,ADAUSDT,bull,none,2025-04-21 00:00:00,0.5655799848369977,0.23881728582259262,0.730858468677493,True,0.7160835266821334,True,0.061410159211523846,36
D,ADAUSDT,bull,strict,2025-05-06 16:00:00,0.7914438502673797,0.626432391138274,3.796296296296308,True,3.765569444444456,True,0.0007639419404124444,64
D,ADAUSDT,bull,half,2025-05-06 16:00:00,0.7914438502673797,0.626432391138274,3.796296296296308,True,3.765569444444456,True,0.0007639419404124444,64
D,ADAUSDT,bull,none,2025-05-02 00:00:00,0.6241405653170358,0.24828113063407242,0.6605691056910599,False,-1.0144959349593496,False,0.027501909854850543,36
D,ADAUSDT,bull,strict,2025-05-17 04:00:00,0.5828828828828828,0.3977477477477475,2.148418491484182,False,-1.0188759124087592,False,0.022072072072072145,19
D,ADAUSDT,bull,half,2025-05-17 04:00:00,0.5828828828828828,0.3977477477477475,2.148418491484182,False,-1.0188759124087592,False,0.022072072072072145,19
D,ADAUSDT,bull,none,2025-05-17 04:00:00,0.5828828828828828,0.3977477477477475,2.148418491484182,False,-1.0188759124087592,False,0.022072072072072145,19
D,ADAUSDT,bull,strict,2025-05-25 20:00:00,0.8624338624338626,0.6205593348450492,2.565625,False,-1.0237281249999999,False,0.021164021164021336,5
D,ADAUSDT,bull,half,2025-05-25 20:00:00,0.8624338624338626,0.6205593348450492,2.565625,False,-1.0237281249999999,False,0.021164021164021336,5
D,ADAUSDT,bull,none,2025-05-25 20:00:00,0.8624338624338626,0.6205593348450492,2.565625,False,-1.0237281249999999,False,0.021164021164021336,5
D,ADAUSDT,bull,none,2025-06-05 08:00:00,0.8485981308411216,0.4878504672897199,1.3523316062176183,False,-1.0352746113989637,False,0.08224299065420694,2
D,ADAUSDT,bull,none,2025-06-28 12:00:00,0.5792610250297973,0.3480333730631706,1.50515463917526,False,-1.0290721649484535,True,0.05244338498212111,15
D,ADAUSDT,bull,strict,2025-07-05 00:00:00,0.6466666666666668,0.4453333333333334,2.2119205298013234,True,2.173662251655628,True,0.017333333333332916,0
D,ADAUSDT,bull,half,2025-07-05 00:00:00,0.6466666666666668,0.4453333333333334,2.2119205298013234,True,2.173662251655628,True,0.017333333333332916,0
D,ADAUSDT,bull,none,2025-07-05 00:00:00,0.6466666666666668,0.4453333333333334,2.2119205298013234,True,2.173662251655628,True,0.017333333333332916,0
D,ADAUSDT,bull,none,2025-07-20 04:00:00,0.5372168284789645,0.27508090614886754,1.049382716049384,True,1.03200205761317,True,0.029126213592232796,1
D,ADAUSDT,bull,strict,2025-08-12 12:00:00,0.558420628525383,0.1643835616438363,0.41717791411043165,True,0.4005337423312905,True,0.06285253827558444,3
D,ADAUSDT,bull,half,2025-08-12 12:00:00,0.558420628525383,0.1643835616438363,0.41717791411043165,True,0.4005337423312905,True,0.06285253827558444,3
D,ADAUSDT,bull,none,2025-08-12 12:00:00,0.558420628525383,0.1643835616438363,0.41717791411043165,True,0.4005337423312905,True,0.06285253827558444,3
D,ADAUSDT,bull,strict,2025-08-20 12:00:00,0.7198901530011769,0.584542958022754,4.318840579710149,False,-1.0252434782608695,False,0.00039231071008234204,27
D,ADAUSDT,bull,half,2025-08-20 12:00:00,0.7198901530011769,0.584542958022754,4.318840579710149,False,-1.0252434782608695,False,0.00039231071008234204,27
D,ADAUSDT,bull,none,2025-08-20 12:00:00,0.7198901530011769,0.584542958022754,4.318840579710149,False,-1.0252434782608695,False,0.00039231071008234204,27
D,ADAUSDT,bull,none,2025-08-26 16:00:00,0.9677419354838714,0.6395511921458624,1.948717948717945,False,-1.0186474358974358,False,0.02384291725105161,4
D,ADAUSDT,bull,strict,2025-09-07 00:00:00,0.754756871035942,0.4566596194503184,1.5319148936170257,True,1.4731985815602882,True,0.035940803382664574,0
D,ADAUSDT,bull,half,2025-09-07 00:00:00,0.754756871035942,0.4566596194503184,1.5319148936170257,True,1.4731985815602882,True,0.035940803382664574,0
D,ADAUSDT,bull,none,2025-09-07 00:00:00,0.754756871035942,0.4566596194503184,1.5319148936170257,True,1.4731985815602882,True,0.035940803382664574,0
D,ADAUSDT,bull,strict,2025-09-16 20:00:00,0.673684210526316,0.4894736842105264,2.6571428571428557,False,-1.0314214285714285,True,0.011184210526316017,11
D,ADAUSDT,bull,half,2025-09-16 20:00:00,0.673684210526316,0.4894736842105264,2.6571428571428557,False,-1.0314214285714285,True,0.011184210526316017,11
D,ADAUSDT,bull,none,2025-09-16 20:00:00,0.673684210526316,0.4894736842105264,2.6571428571428557,False,-1.0314214285714285,True,0.011184210526316017,11
D,ADAUSDT,bull,strict,2025-10-05 00:00:00,0.5183246073298429,0.32722513089005206,1.7123287671232843,False,-1.0390228310502283,True,0.018324607329842847,0
D,ADAUSDT,bull,half,2025-10-05 00:00:00,0.5183246073298429,0.32722513089005206,1.7123287671232843,False,-1.0390228310502283,True,0.018324607329842847,0
D,ADAUSDT,bull,none,2025-10-05 00:00:00,0.5183246073298429,0.32722513089005206,1.7123287671232843,False,-1.0390228310502283,True,0.018324607329842847,0
D,ADAUSDT,bull,strict,2025-12-07 16:00:00,0.5927230046948355,0.28169014084507066,0.9056603773584925,True,0.8893698113207567,True,0.018779342723005233,10
D,ADAUSDT,bull,half,2025-12-07 16:00:00,0.5927230046948355,0.28169014084507066,0.9056603773584925,True,0.8893698113207567,True,0.07042253521126766,10
D,ADAUSDT,bull,none,2025-12-07 16:00:00,0.5927230046948355,0.28169014084507066,0.9056603773584925,True,0.8893698113207567,True,0.07042253521126766,10
D,ADAUSDT,bull,strict,2025-12-11 20:00:00,0.9554140127388535,0.7464968152866246,3.573170731707326,False,-1.0259207317073171,False,0.043312101910828196,5
D,ADAUSDT,bull,half,2025-12-11 20:00:00,0.9554140127388535,0.7464968152866246,3.573170731707326,False,-1.0259207317073171,False,0.043312101910828196,5
D,ADAUSDT,bull,none,2025-12-11 20:00:00,0.9554140127388535,0.7464968152866246,3.573170731707326,False,-1.0259207317073171,False,0.043312101910828196,5
D,ADAUSDT,bull,strict,2026-01-10 08:00:00,0.4840474020054697,0.4229717411121239,6.925373134328317,False,-1.0583432835820892,False,0.0009115770282587873,14
D,ADAUSDT,bull,half,2026-01-10 08:00:00,0.4840474020054697,0.4229717411121239,6.925373134328317,False,-1.0583432835820892,False,0.0009115770282587873,14
D,ADAUSDT,bull,none,2026-01-10 08:00:00,0.4840474020054697,0.4229717411121239,6.925373134328317,False,-1.0583432835820892,False,0.0009115770282587873,14
D,ADAUSDT,bull,half,2026-02-20 12:00:00,0.6757281553398051,0.25048543689320407,0.5890410958904126,False,-1.0131872146118721,False,0.05242718446601899,21
D,ADAUSDT,bull,none,2026-02-20 12:00:00,0.6757281553398051,0.25048543689320407,0.5890410958904126,False,-1.0131872146118721,False,0.05242718446601899,21
D,ADAUSDT,bull,strict,2026-03-04 08:00:00,0.9200000000000005,0.7483333333333333,4.35922330097086,False,-1.0260679611650485,True,0.006666666666666858,32
D,ADAUSDT,bull,half,2026-03-04 08:00:00,0.9200000000000005,0.7483333333333333,4.35922330097086,False,-1.0260679611650485,True,0.006666666666666858,32
D,ADAUSDT,bull,none,2026-02-28 20:00:00,0.9050000000000002,0.5433333333333337,1.5023041474654388,False,-1.0129400921658986,False,0.1699999999999998,11
D,ADAUSDT,bull,none,2026-04-03 16:00:00,0.9804878048780482,0.3512195121951213,0.5581395348837199,True,0.538953488372092,True,0.3951219512195122,4
D,ADAUSDT,bull,half,2026-04-05 20:00:00,0.7065868263473065,0.0359281437125775,0.05357142857143264,True,0.03118750000000405,True,0.1976047904191613,5
D,ADAUSDT,bull,none,2026-04-05 20:00:00,0.7065868263473065,0.0359281437125775,0.05357142857143264,True,0.03118750000000405,True,0.1976047904191613,5
D,ADAUSDT,bull,strict,2026-04-09 12:00:00,0.7089552238805968,0.4402985074626859,1.638888888888883,False,-1.0353472222222222,False,0.048507462686568054,3
D,ADAUSDT,bull,half,2026-04-09 12:00:00,0.7089552238805968,0.4402985074626859,1.638888888888883,False,-1.0353472222222222,False,0.048507462686568054,3
D,ADAUSDT,bull,none,2026-04-09 12:00:00,0.7089552238805968,0.4402985074626859,1.638888888888883,False,-1.0353472222222222,False,0.048507462686568054,3
D,ADAUSDT,bull,none,2026-05-01 12:00:00,0.9966555183946483,0.5953177257525089,1.4833333333333387,True,1.462491666666672,True,0.12709030100334426,75
D,ADAUSDT,bull,none,2026-04-24 12:00:00,0.7797619047619043,0.3273809523809525,0.7236842105263168,False,-1.033157894736842,False,0.1011904761904749,3
D,ADAUSDT,bull,strict,2026-05-08 12:00:00,0.5296296296296289,0.1555555555555549,0.4158415841584141,True,0.3891584158415824,True,0.051851851851852315,3
D,ADAUSDT,bull,half,2026-05-08 12:00:00,0.5296296296296289,0.1555555555555549,0.4158415841584141,True,0.3891584158415824,True,0.051851851851852315,3
D,ADAUSDT,bull,none,2026-05-08 12:00:00,0.5296296296296289,0.1555555555555549,0.4158415841584141,True,0.3891584158415824,True,0.051851851851852315,3
D,ADAUSDT,bull,strict,2026-05-13 00:00:00,0.7534246575342471,0.5034246575342481,2.013698630137,False,-1.0375205479452057,False,0.030821917808219582,6
D,ADAUSDT,bull,half,2026-05-13 00:00:00,0.7534246575342471,0.5034246575342481,2.013698630137,False,-1.0375205479452057,False,0.030821917808219582,6
D,ADAUSDT,bull,none,2026-05-13 00:00:00,0.7534246575342471,0.5034246575342481,2.013698630137,False,-1.0375205479452057,False,0.030821917808219582,6
D,ADAUSDT,bull,strict,2026-06-10 12:00:00,0.6177606177606171,0.366795366795367,1.4615384615384677,False,-1.0253692307692308,False,0.07335907335907384,3
D,ADAUSDT,bull,half,2026-06-10 12:00:00,0.6177606177606171,0.366795366795367,1.4615384615384677,False,-1.0253692307692308,False,0.07335907335907384,3
D,ADAUSDT,bull,none,2026-06-10 12:00:00,0.6177606177606171,0.366795366795367,1.4615384615384677,False,-1.0253692307692308,False,0.07335907335907384,3
D,ADAUSDT,bull,strict,2026-07-11 12:00:00,0.6058519793459551,0.48537005163511204,4.028571428571442,False,-1.0245285714285715,False,0.012048192771084447,33
D,ADAUSDT,bull,half,2026-07-11 12:00:00,0.6058519793459551,0.48537005163511204,4.028571428571442,False,-1.0245285714285715,False,0.012048192771084447,33
D,ADAUSDT,bull,none,2026-07-11 12:00:00,0.6058519793459551,0.48537005163511204,4.028571428571442,False,-1.0245285714285715,False,0.012048192771084447,33
D,ADAUSDT,bull,none,2026-07-17 12:00:00,0.8357142857142861,0.37142857142857183,0.8000000000000008,True,0.774753846153847,True,0.0500000000000004,3
D,ADAUSDT,bull,none,2026-07-20 12:00:00,0.7499999999999988,0.19827586206896522,0.35937500000000006,True,0.333296875,True,0.01724137931034293,3
D,ADAUSDT,bull,strict,2026-07-25 12:00:00,0.9605911330049263,0.7980295566502466,4.909090909090911,False,-1.0498787878787879,False,0.039408866995073684,9
D,ADAUSDT,bull,half,2026-07-25 12:00:00,0.9605911330049263,0.7980295566502466,4.909090909090911,False,-1.0498787878787879,False,0.039408866995073684,9
D,ADAUSDT,bull,none,2026-07-25 12:00:00,0.9605911330049263,0.7980295566502466,4.909090909090911,False,-1.0498787878787879,False,0.039408866995073684,9
D,ADAUSDT,bull,half,2026-08-13 04:00:00,0.535042735042735,0.4461538461538464,5.019230769230789,False,-1.035692307692308,False,0.020512820512820627,31
D,ADAUSDT,bull,none,2026-08-13 04:00:00,0.535042735042735,0.4461538461538464,5.019230769230789,False,-1.035692307692308,False,0.020512820512820627,31
D,ADAUSDT,bull,strict,2026-08-26 20:00:00,0.645381984036488,0.5313568985176738,4.659999999999993,False,-1.02122,False,0.005701254275940714,17
D,ADAUSDT,bull,half,2026-08-26 20:00:00,0.645381984036488,0.5313568985176738,4.659999999999993,False,-1.02122,False,0.005701254275940714,17
D,ADAUSDT,bull,none,2026-08-26 20:00:00,0.645381984036488,0.5313568985176738,4.659999999999993,False,-1.02122,False,0.005701254275940714,17
D,ADAUSDT,bull,strict,2026-09-25 08:00:00,0.6719457013574657,0.16289592760180963,0.3199999999999994,True,0.3086622222222216,True,0.08597285067873363,2
D,ADAUSDT,bull,none,2026-09-25 04:00:00,0.6719457013574657,0.296380090497737,0.7891566265060223,True,0.7741445783132511,True,0.19909502262443385,1
D,ADAUSDT,bull,strict,2026-09-29 04:00:00,0.8206686930091189,0.4072948328267483,0.9852941176470604,False,-1.0185367647058823,False,0.021276595744680188,7
D,ADAUSDT,bull,half,2026-09-29 04:00:00,0.8206686930091189,0.4072948328267483,0.9852941176470604,False,-1.0185367647058823,False,0.06382978723404224,7
D,ADAUSDT,bull,none,2026-09-29 04:00:00,0.8206686930091189,0.4072948328267483,0.9852941176470604,False,-1.0185367647058823,False,0.06382978723404224,7
D,ADAUSDT,bear,half,2020-02-10 04:00:00,0.9269480519480511,0.6201298701298702,2.0211640211640276,False,-1.0321269841269842,True,0.040584415584415584,1
D,ADAUSDT,bear,none,2020-02-10 04:00:00,0.9269480519480511,0.6201298701298702,2.0211640211640276,False,-1.0321269841269842,True,0.040584415584415584,1
D,ADAUSDT,bear,none,2020-02-19 20:00:00,0.47957371225577233,0.10065127294256956,0.26562500000000017,True,0.2566609375000002,True,0.05032563647128498,5
D,ADAUSDT,bear,none,2020-02-24 12:00:00,0.8004807692307697,0.45432692307692324,1.3124999999999993,True,1.291934027777777,True,0.09855769230769253,15
D,ADAUSDT,bear,strict,2020-03-04 12:00:00,0.7024203821656052,0.6484076433121019,12.004716981132054,False,-1.0227877358490565,False,0.0028025477707006113,21
D,ADAUSDT,bear,half,2020-03-04 12:00:00,0.7024203821656052,0.6484076433121019,12.004716981132054,False,-1.0227877358490565,False,0.0028025477707006113,21
D,ADAUSDT,bear,none,2020-03-04 12:00:00,0.7024203821656052,0.6484076433121019,12.004716981132054,False,-1.0227877358490565,False,0.0028025477707006113,21
D,ADAUSDT,bear,strict,2020-03-20 12:00:00,0.47721335268505066,0.39332365747460085,4.688581314878898,False,-1.010750865051903,True,0.007547169811320849,33
D,ADAUSDT,bear,half,2020-03-20 12:00:00,0.47721335268505066,0.39332365747460085,4.688581314878898,False,-1.010750865051903,True,0.007547169811320849,33
D,ADAUSDT,bear,none,2020-03-20 12:00:00,0.47721335268505066,0.39332365747460085,4.688581314878898,False,-1.010750865051903,True,0.007547169811320849,33
D,ADAUSDT,bear,none,2020-03-27 20:00:00,0.66710875331565,0.3129973474801063,0.8838951310861431,False,-1.0107790262172285,False,0.13262599469496036,17
D,ADAUSDT,bear,strict,2020-04-12 20:00:00,0.565217391304347,0.27122153209109695,0.9225352112676062,True,0.8989647887323948,True,0.15320910973084834,5
D,ADAUSDT,bear,half,2020-04-12 20:00:00,0.565217391304347,0.27122153209109695,0.9225352112676062,True,0.8989647887323948,True,0.15320910973084834,5
D,ADAUSDT,bear,none,2020-04-12 20:00:00,0.565217391304347,0.27122153209109695,0.9225352112676062,True,0.8989647887323948,True,0.15320910973084834,5
D,ADAUSDT,bear,none,2020-04-15 12:00:00,0.6378737541528235,0.21262458471760862,0.5000000000000027,True,0.4745937500000026,True,0.046511627906977174,3
D,ADAUSDT,bear,half,2020-05-15 00:00:00,0.8736310025273798,0.7236731255265376,4.8258426966292225,False,-1.0283651685393258,False,0.04549283909014312,18
D,ADAUSDT,bear,none,2020-05-15 00:00:00,0.8736310025273798,0.7236731255265376,4.8258426966292225,False,-1.0283651685393258,False,0.04549283909014312,18
D,ADAUSDT,bear,none,2020-05-24 12:00:00,0.9082446808510634,0.49335106382978705,1.1891025641025643,False,-1.0172724358974359,True,0.08244680851063864,9
D,ADAUSDT,bear,none,2020-07-13 20:00:00,0.9025641025641019,0.4707692307692307,1.090261282660334,False,-1.0098234362628662,False,0.0697435897435902,11
D,ADAUSDT,bear,none,2020-07-29 20:00:00,0.8591494342567304,0.3999219664455717,0.8708581138487687,True,0.8589762107051833,True,0.1541162699960986,5
D,ADAUSDT,bear,half,2020-08-07 16:00:00,0.8730709876543205,0.45871913580246854,1.1070763500931085,False,-1.0128109869646182,False,0.15239197530864235,22
D,ADAUSDT,bear,none,2020-08-07 16:00:00,0.8730709876543205,0.45871913580246854,1.1070763500931085,False,-1.0128109869646182,False,0.15239197530864235,22
D,ADAUSDT,bear,strict,2020-08-21 08:00:00,0.45085803432137206,0.14664586583463285,0.48205128205128067,True,0.46002051282051143,True,0.02756110244409791,2
D,ADAUSDT,bear,half,2020-08-21 08:00:00,0.45085803432137206,0.14664586583463285,0.48205128205128067,True,0.46002051282051143,True,0.02756110244409791,2
D,ADAUSDT,bear,none,2020-08-21 08:00:00,0.45085803432137206,0.14664586583463285,0.48205128205128067,True,0.46002051282051143,True,0.02756110244409791,2
D,ADAUSDT,bear,none,2020-08-25 00:00:00,0.3337037037037034,0.15111111111111114,0.8275862068965535,True,0.8027647058823546,True,0.038518518518518494,6
D,ADAUSDT,bear,strict,2020-08-31 04:00:00,0.6686602870813397,0.4645135566188197,2.275390624999999,False,-1.0222402343750001,False,0.024720893141946157,13
D,ADAUSDT,bear,half,2020-08-31 04:00:00,0.6686602870813397,0.4645135566188197,2.275390624999999,False,-1.0222402343750001,False,0.024720893141946157,13
D,ADAUSDT,bear,none,2020-08-31 04:00:00,0.6686602870813397,0.4645135566188197,2.275390624999999,False,-1.0222402343750001,False,0.024720893141946157,13
D,ADAUSDT,bear,strict,2020-09-08 08:00:00,0.6323921150772507,0.28183271177410785,0.8039513677811568,False,-1.013744680851064,False,0.0037293553542887925,2
D,ADAUSDT,bear,half,2020-09-08 08:00:00,0.6323921150772507,0.28183271177410785,0.8039513677811568,False,-1.013744680851064,False,0.0037293553542887925,2
D,ADAUSDT,bear,none,2020-09-08 08:00:00,0.6323921150772507,0.28183271177410785,0.8039513677811568,False,-1.013744680851064,False,0.0037293553542887925,2
D,ADAUSDT,bear,none,2020-10-06 08:00:00,0.6622516556291387,0.3523178807947014,1.136752136752134,True,1.1164722222222194,True,0.022516556291390266,14
D,ADAUSDT,bear,strict,2020-10-19 20:00:00,0.7477253928866824,0.527708850289495,2.3984962406015065,True,2.3576390977443635,True,0.01736972704714655,11
D,ADAUSDT,bear,half,2020-10-19 20:00:00,0.7477253928866824,0.527708850289495,2.3984962406015065,True,2.3576390977443635,True,0.01736972704714655,11
D,ADAUSDT,bear,none,2020-10-19 20:00:00,0.7477253928866824,0.527708850289495,2.3984962406015065,True,2.3576390977443635,True,0.01736972704714655,11
D,ADAUSDT,bear,strict,2020-11-02 08:00:00,0.45542067810799486,0.24403516115529508,1.154455445544555,True,1.135655445544555,True,0.07241523650062766,8
D,ADAUSDT,bear,half,2020-11-02 08:00:00,0.45542067810799486,0.24403516115529508,1.154455445544555,True,1.135655445544555,True,0.07241523650062766,8
D,ADAUSDT,bear,none,2020-11-02 08:00:00,0.45542067810799486,0.24403516115529508,1.154455445544555,True,1.135655445544555,True,0.07241523650062766,8
D,ADAUSDT,bear,strict,2020-11-14 04:00:00,0.8298507462686567,0.3194029850746268,0.6257309941520465,True,0.5951140350877191,True,0.01194029850746218,1
D,ADAUSDT,bear,half,2020-11-14 04:00:00,0.8298507462686567,0.3194029850746268,0.6257309941520465,True,0.5951140350877191,True,0.01194029850746218,1
D,ADAUSDT,bear,none,2020-11-14 04:00:00,0.8298507462686567,0.3194029850746268,0.6257309941520465,True,0.5951140350877191,True,0.01194029850746218,1
D,ADAUSDT,bear,strict,2020-12-17 20:00:00,0.8941508313539193,0.692250593824228,3.4286764705882353,False,-1.0120301470588235,True,0.012470308788598684,119
D,ADAUSDT,bear,half,2020-12-17 20:00:00,0.8941508313539193,0.692250593824228,3.4286764705882353,False,-1.0120301470588235,True,0.012470308788598684,119
D,ADAUSDT,bear,none,2020-12-01 20:00:00,0.8619358669833729,0.5743764845605701,1.9974186886938567,False,-1.0080366546205473,True,0.04691211401425172,23
D,ADAUSDT,bear,strict,2020-12-15 04:00:00,0.9127415458937197,0.7747584541062804,5.6148796498906055,False,-1.034063457330416,True,0.032910628019323054,25
D,ADAUSDT,bear,half,2020-12-15 04:00:00,0.9127415458937197,0.7747584541062804,5.6148796498906055,False,-1.034063457330416,True,0.032910628019323054,25
D,ADAUSDT,bear,none,2020-12-15 04:00:00,0.9127415458937197,0.7747584541062804,5.6148796498906055,False,-1.034063457330416,True,0.032910628019323054,25
D,ADAUSDT,bear,none,2020-12-26 04:00:00,0.918543046357616,0.5582781456953643,1.5496323529411768,False,-1.0092591911764706,False,0.07549668874172198,7
D,ADAUSDT,bear,strict,2021-01-24 16:00:00,0.8998808104886772,0.6338895510528406,2.383121732636293,False,-1.0128106796116505,True,0.03297576479936477,4
D,ADAUSDT,bear,half,2021-01-24 16:00:00,0.8998808104886772,0.6338895510528406,2.383121732636293,False,-1.0128106796116505,True,0.03297576479936477,4
D,ADAUSDT,bear,none,2021-01-24 16:00:00,0.8998808104886772,0.6338895510528406,2.383121732636293,False,-1.0128106796116505,True,0.03297576479936477,4
D,ADAUSDT,bear,none,2021-02-17 00:00:00,0.8382953882078225,0.592418272037361,2.4094079240243325,False,-1.0125328683780976,False,0.048197606538236806,0
D,ADAUSDT,bear,none,2021-02-26 04:00:00,0.9433385147670863,0.541794113222685,1.3492757242757258,False,-1.006367007992008,False,0.1351602065887778,7
D,ADAUSDT,bear,half,2021-04-07 12:00:00,0.702192488573889,0.34516791415512993,0.9667903525046363,False,-1.0073246753246754,False,0.024066591596564244,75
D,ADAUSDT,bear,none,2021-04-07 12:00:00,0.702192488573889,0.34516791415512993,0.9667903525046363,False,-1.0073246753246754,False,0.024066591596564244,75
D,ADAUSDT,bear,strict,2021-05-21 12:00:00,0.6428425705542333,0.35654539272356345,1.2453681710213775,False,,True,0.023393403604216243,3
D,ADAUSDT,bear,half,2021-05-21 12:00:00,0.6428425705542333,0.35654539272356345,1.2453681710213775,False,,True,0.023393403604216243,3
D,ADAUSDT,bear,none,2021-05-21 12:00:00,0.6428425705542333,0.35654539272356345,1.2453681710213775,False,,True,0.023393403604216243,3
D,ADAUSDT,bear,strict,2021-06-16 08:00:00,0.9044065387348972,0.5828002842928216,1.8121546961325954,True,1.795359116022098,True,0.0021321961620466745,14
D,ADAUSDT,bear,half,2021-06-16 08:00:00,0.9044065387348972,0.5828002842928216,1.8121546961325954,True,1.795359116022098,True,0.0021321961620466745,14
D,ADAUSDT,bear,none,2021-06-16 08:00:00,0.9044065387348972,0.5828002842928216,1.8121546961325954,True,1.795359116022098,True,0.0021321961620466745,14
D,ADAUSDT,bear,half,2021-06-25 12:00:00,0.8676822633297063,0.5899891186071815,2.124608150470216,False,-1.0099615987460815,False,0.04831338411316696,9
D,ADAUSDT,bear,none,2021-06-25 12:00:00,0.8676822633297063,0.5899891186071815,2.124608150470216,False,-1.0099615987460815,False,0.04831338411316696,9
D,ADAUSDT,bear,strict,2021-08-05 08:00:00,0.9700854700854699,0.7510683760683763,3.4292682926829343,False,-1.03299756097561,False,0.04700854700854775,44
D,ADAUSDT,bear,half,2021-08-01 20:00:00,0.9374999999999998,0.5432692307692313,1.378048780487809,False,-1.0178048780487805,False,0.13194444444444411,23
D,ADAUSDT,bear,none,2021-08-01 20:00:00,0.9374999999999998,0.5432692307692313,1.378048780487809,False,-1.0178048780487805,False,0.13194444444444411,23
D,ADAUSDT,bear,none,2021-08-30 20:00:00,0.9543576627975603,0.5215423962227032,1.205000000000001,False,-1.012434090909091,False,0.13712374581939737,17
D,ADAUSDT,bear,strict,2021-09-06 00:00:00,0.5296833773087075,0.26451187335092374,0.9975124378109456,True,0.9616641791044779,True,0.05112137203166178,0
D,ADAUSDT,bear,half,2021-09-06 00:00:00,0.5296833773087075,0.26451187335092374,0.9975124378109456,True,0.9616641791044779,True,0.05112137203166178,0
D,ADAUSDT,bear,none,2021-09-06 00:00:00,0.5296833773087075,0.26451187335092374,0.9975124378109456,True,0.9616641791044779,True,0.05112137203166178,0
D,ADAUSDT,bear,half,2021-09-13 00:00:00,0.7594936708860761,0.4559320701312995,1.5019425019425003,False,,True,0.1802028461357022,24
D,ADAUSDT,bear,none,2021-09-10 04:00:00,0.6209607673559242,0.503655947794638,4.293565683646113,False,-1.0165810991957105,True,0.012815472914537466,7
D,ADAUSDT,bear,strict,2021-09-27 20:00:00,0.8174273858921159,0.3255779490219321,0.6619463693883691,False,,False,0.005186721991701002,29
D,ADAUSDT,bear,half,2021-09-26 04:00:00,0.8174273858921159,0.403971547125074,0.9770609318996417,False,,False,0.018968583283935865,19
D,ADAUSDT,bear,none,2021-09-26 04:00:00,0.8174273858921159,0.403971547125074,0.9770609318996417,False,,False,0.018968583283935865,19
D,ADAUSDT,bear,half,2021-10-10 20:00:00,0.8141432456935632,0.3866727107887578,0.9045599151643678,True,0.8929570519618227,True,0.0564369900271989,59
D,ADAUSDT,bear,none,2021-10-04 00:00:00,0.6937896645512238,0.3549410698096105,1.047491638795989,False,-1.01454381270903,False,0.11808703535811386,18
D,ADAUSDT,bear,strict,2021-10-21 12:00:00,0.7552948843271428,0.33170413815575195,0.7830769230769263,True,0.7663707692307725,True,0.053111762789182775,45
D,ADAUSDT,bear,half,2021-10-16 16:00:00,0.5985663082437271,0.3698273053111766,1.6168091168091232,False,-1.0311039886039888,True,0.026067122841316397,16
D,ADAUSDT,bear,none,2021-10-16 16:00:00,0.5985663082437271,0.3698273053111766,1.6168091168091232,False,-1.0311039886039888,True,0.026067122841316397,16
D,ADAUSDT,bear,half,2021-10-26 20:00:00,0.5496437054631822,0.23277909738717292,0.7346326836581701,True,0.7025442278860562,True,0.05178147268408716,5
D,ADAUSDT,bear,none,2021-10-26 20:00:00,0.5496437054631822,0.23277909738717292,0.7346326836581701,True,0.7025442278860562,True,0.05178147268408716,5
D,ADAUSDT,bear,none,2021-11-04 12:00:00,0.8570417551309271,0.4491625383345132,1.1012145748987872,False,-1.0114141122035858,False,0.23920736022646838,39
D,ADAUSDT,bear,none,2021-11-22 00:00:00,0.6450960566228513,0.23913043478260865,0.5890410958904108,True,0.5778642590286424,True,0.06445904954499511,12
D,ADAUSDT,bear,none,2021-12-03 04:00:00,0.638176112239247,0.4456341148237032,2.3144774688398844,True,2.2986069031639498,True,0.028244415728263042,19
D,ADAUSDT,bear,half,2021-12-28 04:00:00,0.7123499142367068,0.4905660377358488,2.211910286156221,True,2.2005986078886264,True,0.05471698113207554,133
D,ADAUSDT,bear,none,2021-12-08 00:00:00,0.5173241852487134,0.2986277873070325,1.3654901960784314,False,-1.010593725490196,True,0.1099485420240138,12
D,ADAUSDT,bear,none,2021-12-13 00:00:00,0.773217391304348,0.4069565217391306,1.1111111111111116,True,1.098692307692308,True,0.12834782608695636,0
D,ADAUSDT,bear,none,2021-12-16 20:00:00,0.617060732498841,0.1937876680574875,0.4578313253012058,True,0.44425958378970526,False,0.1664348632359761,5
D,ADAUSDT,bear,half,2021-12-19 16:00:00,0.8707300736771595,0.4407233757535155,1.0249221183800596,False,-1.0194221183800622,False,0.18151373074347038,4
D,ADAUSDT,bear,none,2021-12-19 16:00:00,0.8707300736771595,0.4407233757535155,1.0249221183800596,False,-1.0194221183800622,False,0.18151373074347038,4
D,ADAUSDT,bear,strict,2022-01-03 16:00:00,0.35599743425272595,0.15843489416292456,0.8019480519480489,True,0.7803652597402567,True,0.00320718409236726,10
D,ADAUSDT,bear,half,2022-01-03 16:00:00,0.35599743425272595,0.15843489416292456,0.8019480519480489,True,0.7803652597402567,True,0.00320718409236726,10
D,ADAUSDT,bear,none,2022-01-03 16:00:00,0.35599743425272595,0.15843489416292456,0.8019480519480489,True,0.7803652597402567,True,0.00320718409236726,10
D,ADAUSDT,bear,strict,2022-01-13 08:00:00,0.9993089149965446,0.7225293711126474,2.610486891385774,False,-1.0158988764044945,False,0.011402902557014028,8
D,ADAUSDT,bear,half,2022-01-13 08:00:00,0.9993089149965446,0.7225293711126474,2.610486891385774,False,-1.0158988764044945,False,0.011402902557014028,8
D,ADAUSDT,bear,none,2022-01-13 08:00:00,0.9993089149965446,0.7225293711126474,2.610486891385774,False,-1.0158988764044945,False,0.011402902557014028,8
D,ADAUSDT,bear,strict,2022-02-05 16:00:00,0.3692073592474753,0.2774934292433256,3.025641025641036,False,-1.0168024132730016,False,0.011343200995988357,76
D,ADAUSDT,bear,half,2022-02-05 16:00:00,0.3692073592474753,0.2774934292433256,3.025641025641036,False,-1.0168024132730016,False,0.011343200995988357,76
D,ADAUSDT,bear,none,2022-02-05 16:00:00,0.3692073592474753,0.2774934292433256,3.025641025641036,False,-1.0168024132730016,False,0.011343200995988357,76
D,ADAUSDT,bear,strict,2022-02-02 04:00:00,0.6491458607095921,0.37187910643889727,1.3412322274881632,False,-1.0251090047393365,True,0.019710906701707553,25
D,ADAUSDT,bear,half,2022-02-02 04:00:00,0.6491458607095921,0.37187910643889727,1.3412322274881632,False,-1.0251090047393365,True,0.019710906701707553,25
D,ADAUSDT,bear,none,2022-02-02 04:00:00,0.6491458607095921,0.37187910643889727,1.3412322274881632,False,-1.0251090047393365,True,0.019710906701707553,25
D,ADAUSDT,bear,strict,2022-02-17 12:00:00,0.4702467343976784,0.1640058055152396,0.535545023696682,True,0.5189462875197468,True,0.04644412191581919,9
D,ADAUSDT,bear,half,2022-02-17 12:00:00,0.4702467343976784,0.1640058055152396,0.535545023696682,True,0.5189462875197468,True,0.04644412191581919,9
D,ADAUSDT,bear,none,2022-02-17 12:00:00,0.4702467343976784,0.1640058055152396,0.535545023696682,True,0.5189462875197468,True,0.04644412191581919,9
D,ADAUSDT,bear,half,2022-02-26 20:00:00,0.8583410997204096,0.6570363466915191,3.2638888888888964,False,-1.0205231481481483,True,0.021435228331779764,5
D,ADAUSDT,bear,none,2022-02-26 20:00:00,0.8583410997204096,0.6570363466915191,3.2638888888888964,False,-1.0205231481481483,True,0.021435228331779764,5
D,ADAUSDT,bear,none,2022-03-10 12:00:00,0.370291095890411,0.11344178082191765,0.44166666666666576,True,0.42828833333333244,False,0.12243150684931488,9
D,ADAUSDT,bear,strict,2022-04-10 04:00:00,0.1611914148050808,0.07446342531756518,0.8585858585858729,False,-1.0522979797979803,False,0.00306614104248859,1
D,ADAUSDT,bear,half,2022-04-10 04:00:00,0.1611914148050808,0.07446342531756518,0.8585858585858729,False,-1.0522979797979803,False,0.00306614104248859,1
D,ADAUSDT,bear,none,2022-04-10 04:00:00,0.1611914148050808,0.07446342531756518,0.8585858585858729,False,-1.0522979797979803,False,0.00306614104248859,1
D,ADAUSDT,bear,strict,2022-05-16 04:00:00,0.4224291658410938,0.31543491182880934,2.9481481481481526,False,-1.0103722222222222,True,0.009510600356647567,13
D,ADAUSDT,bear,half,2022-05-16 04:00:00,0.4224291658410938,0.31543491182880934,2.9481481481481526,False,-1.0103722222222222,True,0.009510600356647567,13
D,ADAUSDT,bear,none,2022-05-16 04:00:00,0.4224291658410938,0.31543491182880934,2.9481481481481526,False,-1.0103722222222222,True,0.009510600356647567,13
D,ADAUSDT,bear,strict,2022-05-23 16:00:00,0.5552845528455287,0.21463414634146324,0.6300715990453448,True,0.6177207637231491,True,0.00487804878048817,16
D,ADAUSDT,bear,half,2022-05-23 16:00:00,0.5552845528455287,0.21463414634146324,0.6300715990453448,True,0.6177207637231491,True,0.00487804878048817,16
D,ADAUSDT,bear,none,2022-05-23 16:00:00,0.5552845528455287,0.21463414634146324,0.6300715990453448,True,0.6177207637231491,True,0.00487804878048817,16
D,ADAUSDT,bear,strict,2022-06-10 12:00:00,0.8705270006506179,0.335068314899154,0.6257594167679218,True,0.6186269744835962,True,0.09433962264150912,45
D,ADAUSDT,bear,half,2022-06-10 12:00:00,0.8705270006506179,0.335068314899154,0.6257594167679218,True,0.6186269744835962,True,0.09433962264150912,45
D,ADAUSDT,bear,none,2022-06-10 12:00:00,0.8705270006506179,0.335068314899154,0.6257594167679218,True,0.6186269744835962,True,0.09433962264150912,45
D,ADAUSDT,bear,none,2022-06-16 16:00:00,0.475599315068493,0.20761986301369878,0.7747603833865829,True,0.7670255591054328,True,0.08561643835616421,10
D,ADAUSDT,bear,strict,2022-06-26 20:00:00,0.8359621451104106,0.5481072555205049,1.9041095890410944,True,1.8906986301369848,True,0.019716088328075733,41
D,ADAUSDT,bear,half,2022-06-26 20:00:00,0.8359621451104106,0.5481072555205049,1.9041095890410944,True,1.8906986301369848,True,0.019716088328075733,41
D,ADAUSDT,bear,none,2022-06-22 00:00:00,0.720820189274448,0.35094637223974806,0.9488272921108762,False,-1.009904051172708,False,0.12460567823343881,12
D,ADAUSDT,bear,strict,2022-06-25 12:00:00,0.9697508896797167,0.42348754448398573,0.7752442996742652,False,-1.0156026058631922,False,0.03736654804270448,9
D,ADAUSDT,bear,half,2022-06-25 12:00:00,0.9697508896797167,0.42348754448398573,0.7752442996742652,False,-1.0156026058631922,False,0.03736654804270448,9
D,ADAUSDT,bear,none,2022-06-25 12:00:00,0.9697508896797167,0.42348754448398573,0.7752442996742652,False,-1.0156026058631922,False,0.03736654804270448,9
D,ADAUSDT,bear,strict,2022-07-05 12:00:00,0.4655913978494623,0.16881720430107514,0.5688405797101443,False,-1.0162572463768116,False,0.003225806451612547,21
D,ADAUSDT,bear,half,2022-07-05 12:00:00,0.4655913978494623,0.16881720430107514,0.5688405797101443,False,-1.0162572463768116,False,0.003225806451612547,21
D,ADAUSDT,bear,none,2022-07-05 12:00:00,0.4655913978494623,0.16881720430107514,0.5688405797101443,False,-1.0162572463768116,False,0.003225806451612547,21
D,ADAUSDT,bear,none,2022-07-16 04:00:00,0.5689467969598262,0.33876221498371334,1.4716981132075477,False,-1.0204009433962264,False,0.014115092290987705,7
D,ADAUSDT,bear,none,2022-07-25 20:00:00,0.8445322793148875,0.02766798418972321,0.03387096774193536,True,0.02621451612903213,False,0.30830039525691755,5
D,ADAUSDT,bear,none,2022-08-09 00:00:00,0.8921282798833825,0.6588921282798837,2.8249999999999984,False,-1.03333125,True,0.06705539358600654,30
D,ADAUSDT,bear,strict,2022-08-22 04:00:00,0.25760649087221116,0.07640297498309692,0.42164179104477745,False,-1.0166231343283583,False,0.011494252873563456,1
D,ADAUSDT,bear,half,2022-08-22 04:00:00,0.25760649087221116,0.07640297498309692,0.42164179104477745,False,-1.0166231343283583,False,0.011494252873563456,1
D,ADAUSDT,bear,none,2022-08-22 04:00:00,0.25760649087221116,0.07640297498309692,0.42164179104477745,False,-1.0166231343283583,False,0.011494252873563456,1
D,ADAUSDT,bear,none,2022-09-18 12:00:00,0.5239436619718311,0.22394366197183055,0.7464788732394337,True,0.7244600938967107,True,0.028169014084507064,3
D,ADAUSDT,bear,half,2022-09-26 00:00:00,0.8968668407310703,0.38511749347258445,0.7525510204081622,True,0.7412448979591827,True,0.05352480417754632,18
D,ADAUSDT,bear,none,2022-09-26 00:00:00,0.8968668407310703,0.38511749347258445,0.7525510204081622,True,0.7412448979591827,True,0.05352480417754632,18
D,ADAUSDT,bear,none,2022-10-15 20:00:00,0.5263819095477386,0.20854271356783924,0.6561264822134392,True,0.6417509881422929,True,0.09045226130653246,5
D,ADAUSDT,bear,strict,2022-10-23 08:00:00,0.5917926565874737,0.3758099352051841,1.740000000000001,False,-1.03467,False,0.023758099352051615,2
D,ADAUSDT,bear,half,2022-10-23 08:00:00,0.5917926565874737,0.3758099352051841,1.740000000000001,False,-1.03467,False,0.023758099352051615,2
D,ADAUSDT,bear,none,2022-10-23 08:00:00,0.5917926565874737,0.3758099352051841,1.740000000000001,False,-1.03467,False,0.023758099352051615,2
D,ADAUSDT,bear,none,2022-11-08 00:00:00,0.9633333333333327,0.1266666666666666,0.15139442231075698,True,0.1436752988047809,True,0.1266666666666666,24
D,ADAUSDT,bear,strict,2022-11-23 12:00:00,0.48799999999999966,0.3600000000000004,2.8125000000000195,False,-1.0488750000000002,False,0.026000000000000474,3
D,ADAUSDT,bear,half,2022-11-23 12:00:00,0.48799999999999966,0.3600000000000004,2.8125000000000195,False,-1.0488750000000002,False,0.026000000000000474,3
D,ADAUSDT,bear,none,2022-11-23 12:00:00,0.48799999999999966,0.3600000000000004,2.8125000000000195,False,-1.0488750000000002,False,0.026000000000000474,3
D,ADAUSDT,bear,none,2022-12-09 16:00:00,0.4557522123893793,0.1814159292035394,0.6612903225806457,True,0.6112258064516133,True,0.035398230088496574,4
D,ADAUSDT,bear,strict,2022-12-18 08:00:00,0.26397515527950266,0.16149068322981322,1.5757575757575717,True,1.535651515151511,True,0.023291925465838546,2
D,ADAUSDT,bear,half,2022-12-18 08:00:00,0.26397515527950266,0.16149068322981322,1.5757575757575717,True,1.535651515151511,True,0.023291925465838546,2
D,ADAUSDT,bear,none,2022-12-18 08:00:00,0.26397515527950266,0.16149068322981322,1.5757575757575717,True,1.535651515151511,True,0.023291925465838546,2
D,ADAUSDT,bear,strict,2022-12-28 00:00:00,0.8047808764940254,0.3745019920318724,0.870370370370367,True,0.8467037037037004,True,0.01593625498008015,24
D,ADAUSDT,bear,half,2022-12-28 00:00:00,0.8047808764940254,0.3745019920318724,0.870370370370367,True,0.8467037037037004,True,0.01593625498008015,24
D,ADAUSDT,bear,none,2022-12-28 00:00:00,0.8047808764940254,0.3745019920318724,0.870370370370367,True,0.8467037037037004,True,0.01593625498008015,24
D,ADAUSDT,bear,strict,2023-01-20 04:00:00,0.5011820330969279,0.32151300236406616,1.7894736842105143,False,-1.0441315789473682,False,0.002364066193853167,1
D,ADAUSDT,bear,half,2023-01-20 04:00:00,0.5011820330969279,0.32151300236406616,1.7894736842105143,False,-1.0441315789473682,False,0.002364066193853167,1
D,ADAUSDT,bear,none,2023-01-20 04:00:00,0.5011820330969279,0.32151300236406616,1.7894736842105143,False,-1.0441315789473682,False,0.002364066193853167,1
D,ADAUSDT,bear,strict,2023-02-08 12:00:00,0.7060518731988478,0.38328530259366084,1.1875000000000044,True,1.1524553571428615,True,0.00576368876080628,3
D,ADAUSDT,bear,half,2023-02-08 12:00:00,0.7060518731988478,0.38328530259366084,1.1875000000000044,True,1.1524553571428615,True,0.00576368876080628,3
D,ADAUSDT,bear,none,2023-02-08 12:00:00,0.7060518731988478,0.38328530259366084,1.1875000000000044,True,1.1524553571428615,True,0.00576368876080628,3
D,ADAUSDT,bear,strict,2023-02-19 00:00:00,0.9150684931506851,0.46301369863013647,1.0242424242424215,True,0.9998545454545428,True,0.00273972602739696,0
D,ADAUSDT,bear,half,2023-02-19 00:00:00,0.9150684931506851,0.46301369863013647,1.0242424242424215,True,0.9998545454545428,True,0.00273972602739696,0
D,ADAUSDT,bear,none,2023-02-19 00:00:00,0.9150684931506851,0.46301369863013647,1.0242424242424215,True,0.9998545454545428,True,0.00273972602739696,0
D,ADAUSDT,bear,none,2023-03-15 08:00:00,0.9713114754098362,0.5464480874316946,1.2861736334405172,False,-1.0108360128617364,False,0.019125683060108704,20
D,ADAUSDT,bear,half,2023-03-18 20:00:00,0.797323135755258,0.40726577437858513,1.0441176470588243,False,-1.0165245098039215,False,0.042065009560230154,11
D,ADAUSDT,bear,none,2023-03-18 20:00:00,0.797323135755258,0.40726577437858513,1.0441176470588243,False,-1.0165245098039215,False,0.042065009560230154,11
D,ADAUSDT,bear,none,2023-04-06 08:00:00,0.8894601542416447,0.2827763496143958,0.46610169491525444,False,-1.0161525423728814,False,0.32904884318766114,8
D,ADAUSDT,bear,none,2023-04-23 12:00:00,0.24644549763033166,0.08649289099526038,0.5407407407407383,True,0.5121999999999975,False,0.050947867298578524,3
D,ADAUSDT,bear,strict,2023-05-06 00:00:00,0.5135135135135128,0.30000000000000016,1.405063291139247,True,1.355822784810133,True,0.018918918918919846,6
D,ADAUSDT,bear,half,2023-05-06 00:00:00,0.5135135135135128,0.30000000000000016,1.405063291139247,True,1.355822784810133,True,0.018918918918919846,6
D,ADAUSDT,bear,none,2023-05-06 00:00:00,0.5135135135135128,0.30000000000000016,1.405063291139247,True,1.355822784810133,True,0.018918918918919846,6
D,ADAUSDT,bear,strict,2023-05-24 00:00:00,0.7959183673469388,0.2979591836734703,0.5983606557377078,True,0.5685901639344291,False,0.07755102040816145,0
D,ADAUSDT,bear,half,2023-05-24 00:00:00,0.7959183673469388,0.2979591836734703,0.5983606557377078,True,0.5685901639344291,False,0.07755102040816145,0
D,ADAUSDT,bear,none,2023-05-24 00:00:00,0.7959183673469388,0.2979591836734703,0.5983606557377078,True,0.5685901639344291,False,0.07755102040816145,0
D,ADAUSDT,bear,half,2023-06-05 00:00:00,0.8333333333333344,0.5232558139534891,1.6875,True,1.6407500000000002,True,0.0891472868217064,12
D,ADAUSDT,bear,none,2023-06-05 00:00:00,0.8333333333333344,0.5232558139534891,1.6875,True,1.6407500000000002,True,0.0891472868217064,12
D,ADAUSDT,bear,strict,2023-06-12 16:00:00,0.42105263157894735,0.3484573502722322,4.7999999999999945,False,-1.0228583333333332,False,0.008469449485783162,4
D,ADAUSDT,bear,half,2023-06-12 16:00:00,0.42105263157894735,0.3484573502722322,4.7999999999999945,False,-1.0228583333333332,False,0.008469449485783162,4
D,ADAUSDT,bear,none,2023-06-12 16:00:00,0.42105263157894735,0.3484573502722322,4.7999999999999945,False,-1.0228583333333332,False,0.008469449485783162,4
D,ADAUSDT,bear,none,2023-06-19 04:00:00,0.5973333333333336,0.21066666666666697,0.5448275862068973,True,0.5268965517241387,False,0.03200000000000089,13
D,ADAUSDT,bear,strict,2023-07-05 08:00:00,0.9319148936170216,0.5893617021276598,1.7204968944099377,False,-1.017745341614907,False,0.017021276595745174,32
D,ADAUSDT,bear,half,2023-07-05 08:00:00,0.9319148936170216,0.5893617021276598,1.7204968944099377,False,-1.017745341614907,False,0.017021276595745174,32
D,ADAUSDT,bear,none,2023-07-05 08:00:00,0.9319148936170216,0.5893617021276598,1.7204968944099377,False,-1.017745341614907,False,0.017021276595745174,32
D,ADAUSDT,bear,strict,2023-07-20 12:00:00,0.41358024691358053,0.23456790123456805,1.3103448275862069,True,1.288448275862069,True,0.0061728395061728435,3
D,ADAUSDT,bear,half,2023-07-20 12:00:00,0.41358024691358053,0.23456790123456805,1.3103448275862069,True,1.288448275862069,True,0.0061728395061728435,3
D,ADAUSDT,bear,none,2023-07-20 12:00:00,0.41358024691358053,0.23456790123456805,1.3103448275862069,True,1.288448275862069,True,0.0061728395061728435,3
D,ADAUSDT,bear,strict,2023-07-24 00:00:00,0.5038167938931294,0.22519083969465498,0.8082191780821832,True,0.7655205479451971,True,0.02671755725190757,0
D,ADAUSDT,bear,half,2023-07-24 00:00:00,0.5038167938931294,0.22519083969465498,0.8082191780821832,True,0.7655205479451971,True,0.02671755725190757,0
D,ADAUSDT,bear,none,2023-07-24 00:00:00,0.5038167938931294,0.22519083969465498,0.8082191780821832,True,0.7655205479451971,True,0.02671755725190757,0
D,ADAUSDT,bear,strict,2023-07-30 16:00:00,0.9533678756476678,0.4766839378238339,1.0,False,-1.0335760869565218,False,0.03108808290155676,28
D,ADAUSDT,bear,half,2023-07-29 08:00:00,0.7098445595854923,0.47150259067357536,1.9782608695652197,False,-1.0671304347826087,False,0.046632124352332265,20
D,ADAUSDT,bear,none,2023-07-29 08:00:00,0.7098445595854923,0.47150259067357536,1.9782608695652197,False,-1.0671304347826087,False,0.046632124352332265,20
D,ADAUSDT,bear,half,2023-08-10 20:00:00,0.6935483870967737,0.49032258064516143,2.412698412698422,True,2.3656825396825485,True,0.022580645161289648,11
D,ADAUSDT,bear,none,2023-08-10 20:00:00,0.6935483870967737,0.49032258064516143,2.412698412698422,True,2.3656825396825485,True,0.022580645161289648,11
D,ADAUSDT,bear,strict,2023-08-21 12:00:00,0.5821529745042496,0.41501416430594895,2.4830508474576196,False,-1.0221355932203389,True,0.002832861189801388,15
D,ADAUSDT,bear,half,2023-08-21 12:00:00,0.5821529745042496,0.41501416430594895,2.4830508474576196,False,-1.0221355932203389,True,0.002832861189801388,15
D,ADAUSDT,bear,none,2023-08-21 12:00:00,0.5821529745042496,0.41501416430594895,2.4830508474576196,False,-1.0221355932203389,True,0.024079320113314154,15
D,ADAUSDT,bear,strict,2023-08-24 12:00:00,0.9282700421940915,0.5527426160337559,1.4719101123595597,False,-1.0294831460674159,False,0.06751054852320627,3
D,ADAUSDT,bear,half,2023-08-24 12:00:00,0.9282700421940915,0.5527426160337559,1.4719101123595597,False,-1.0294831460674159,False,0.06751054852320627,3
D,ADAUSDT,bear,none,2023-08-24 12:00:00,0.9282700421940915,0.5527426160337559,1.4719101123595597,False,-1.0294831460674159,False,0.06751054852320627,3
D,ADAUSDT,bear,half,2023-08-28 00:00:00,0.55072463768116,0.22463768115942004,0.6888888888888864,True,0.6309777777777754,False,0.09420289855072647,0
D,ADAUSDT,bear,none,2023-08-28 00:00:00,0.55072463768116,0.22463768115942004,0.6888888888888864,True,0.6309777777777754,False,0.09420289855072647,0
D,ADAUSDT,bear,strict,2023-09-15 08:00:00,0.8017241379310348,0.5344827586206906,2.000000000000009,False,-1.0401451612903228,False,0.017241379310345323,14
D,ADAUSDT,bear,half,2023-09-15 08:00:00,0.8017241379310348,0.5344827586206906,2.000000000000009,False,-1.0401451612903228,False,0.017241379310345323,14
D,ADAUSDT,bear,none,2023-09-15 08:00:00,0.8017241379310348,0.5344827586206906,2.000000000000009,False,-1.0401451612903228,False,0.017241379310345323,14
D,ADAUSDT,bear,none,2023-10-17 12:00:00,0.732283464566928,0.21653543307086628,0.41984732824427606,True,0.40097709923664243,False,0.08267716535433033,21
D,ADAUSDT,bear,strict,2023-12-03 08:00:00,0.8944805194805203,0.7451298701298702,4.989130434782586,False,-1.0428586956521737,False,0.008116883116883127,80
D,ADAUSDT,bear,half,2023-12-03 08:00:00,0.8944805194805203,0.7451298701298702,4.989130434782586,False,-1.0428586956521737,False,0.008116883116883127,80
D,ADAUSDT,bear,none,2023-11-20 20:00:00,0.8311688311688317,0.5227272727272729,1.694736842105262,False,-1.0200315789473684,True,0.025974025974025823,5
D,ADAUSDT,bear,strict,2023-11-26 16:00:00,0.9638826185101582,0.6591422121896162,2.162962962962961,False,-1.0284814814814816,True,0.02257336343115126,22
D,ADAUSDT,bear,half,2023-11-26 16:00:00,0.9638826185101582,0.6591422121896162,2.162962962962961,False,-1.0284814814814816,True,0.02257336343115126,22
D,ADAUSDT,bear,none,2023-11-26 16:00:00,0.9638826185101582,0.6591422121896162,2.162962962962961,False,-1.0284814814814816,True,0.02257336343115126,22
D,ADAUSDT,bear,none,2023-12-13 00:00:00,0.7045454545454546,0.34801136363636337,0.9760956175298787,False,-1.011089641434263,False,0.11789772727272775,0
D,ADAUSDT,bear,strict,2023-12-23 00:00:00,0.7870639534883721,0.40988372093023195,1.0867052023121355,False,-1.0115664739884394,False,0.005087209302325023,18
D,ADAUSDT,bear,half,2023-12-23 00:00:00,0.7870639534883721,0.40988372093023195,1.0867052023121355,False,-1.0115664739884394,False,0.005087209302325023,18
D,ADAUSDT,bear,none,2023-12-23 00:00:00,0.7870639534883721,0.40988372093023195,1.0867052023121355,False,-1.0115664739884394,False,0.005087209302325023,18
D,ADAUSDT,bear,strict,2023-12-26 04:00:00,0.7681159420289851,0.31014492753623174,0.6772151898734178,True,0.6580822784810126,True,0.0840579710144916,1
D,ADAUSDT,bear,half,2023-12-26 04:00:00,0.7681159420289851,0.31014492753623174,0.6772151898734178,True,0.6580822784810126,True,0.0840579710144916,1
D,ADAUSDT,bear,none,2023-12-26 04:00:00,0.7681159420289851,0.31014492753623174,0.6772151898734178,True,0.6580822784810126,True,0.0840579710144916,1
D,ADAUSDT,bear,strict,2024-01-02 12:00:00,0.5888223552894213,0.3532934131736523,1.4999999999999953,True,1.4739661016949106,True,0.02694610778443037,3
D,ADAUSDT,bear,half,2024-01-02 12:00:00,0.5888223552894213,0.3532934131736523,1.4999999999999953,True,1.4739661016949106,True,0.02694610778443037,3
D,ADAUSDT,bear,none,2024-01-02 12:00:00,0.5888223552894213,0.3532934131736523,1.4999999999999953,True,1.4739661016949106,True,0.02694610778443037,3
D,ADAUSDT,bear,none,2024-01-18 00:00:00,0.8822515795519819,0.3296955772544514,0.5966735966735963,True,0.5912546777546774,False,0.2245835726593906,48
D,ADAUSDT,bear,half,2024-01-28 16:00:00,0.726775956284154,0.5314207650273227,2.720279720279713,False,-1.0340069930069928,False,0.031420765027322765,22
D,ADAUSDT,bear,none,2024-01-28 16:00:00,0.726775956284154,0.5314207650273227,2.720279720279713,False,-1.0340069930069928,False,0.031420765027322765,22
D,ADAUSDT,bear,half,2024-02-04 16:00:00,0.7832031249999982,0.2753906249999996,0.542307692307693,True,0.5230884615384622,False,0.0917968750000006,10
D,ADAUSDT,bear,none,2024-02-04 16:00:00,0.7832031249999982,0.2753906249999996,0.542307692307693,True,0.5230884615384622,False,0.0917968750000006,10
D,ADAUSDT,bear,strict,2024-02-07 00:00:00,0.4381443298969082,0.05670103092783461,0.14864864864864694,True,0.11560135135134972,True,0.012886597938144359,0
D,ADAUSDT,bear,half,2024-02-07 00:00:00,0.4381443298969082,0.05670103092783461,0.14864864864864694,True,0.11560135135134972,True,0.012886597938144359,0
D,ADAUSDT,bear,none,2024-02-07 00:00:00,0.4381443298969082,0.05670103092783461,0.14864864864864694,True,0.11560135135134972,True,0.012886597938144359,0
D,ADAUSDT,bear,strict,2024-03-12 00:00:00,0.9571828731492595,0.8343337334933973,6.791530944625419,False,-1.0247100977198698,True,0.03521408563425338,30
D,ADAUSDT,bear,half,2024-03-12 00:00:00,0.9571828731492595,0.8343337334933973,6.791530944625419,False,-1.0247100977198698,True,0.03521408563425338,30
D,ADAUSDT,bear,none,2024-03-12 00:00:00,0.9571828731492595,0.8343337334933973,6.791530944625419,False,-1.0247100977198698,True,0.03521408563425338,30
D,ADAUSDT,bear,strict,2024-03-26 12:00:00,0.8819923371647511,0.7241379310344824,4.587378640776681,True,4.555165048543671,True,0.017624521072796703,27
D,ADAUSDT,bear,half,2024-03-26 12:00:00,0.8819923371647511,0.7241379310344824,4.587378640776681,True,4.555165048543671,True,0.017624521072796703,27
D,ADAUSDT,bear,none,2024-03-22 16:00:00,0.6122605363984674,0.33869731800766223,1.2380952380952333,False,-1.0171792717086834,False,0.09655172413793064,4
D,ADAUSDT,bear,strict,2024-03-30 04:00:00,0.7345794392523366,0.38130841121495285,1.0793650793650764,True,1.044915343915341,True,0.024299065420562226,7
D,ADAUSDT,bear,half,2024-03-30 04:00:00,0.7345794392523366,0.38130841121495285,1.0793650793650764,True,1.044915343915341,True,0.024299065420562226,7
D,ADAUSDT,bear,none,2024-03-30 04:00:00,0.7345794392523366,0.38130841121495285,1.0793650793650764,True,1.044915343915341,True,0.024299065420562226,7
D,ADAUSDT,bear,strict,2024-04-09 00:00:00,0.523035230352303,0.44534778681120146,5.732558139534924,False,-1.0707674418604656,True,0.009033423667570015,18
D,ADAUSDT,bear,half,2024-04-09 00:00:00,0.523035230352303,0.44534778681120146,5.732558139534924,False,-1.0707674418604656,True,0.009033423667570015,18
D,ADAUSDT,bear,none,2024-04-09 00:00:00,0.523035230352303,0.44534778681120146,5.732558139534924,False,-1.0707674418604656,True,0.009033423667570015,18
D,ADAUSDT,bear,strict,2024-04-12 12:00:00,0.5632352941176466,0.1117647058823536,0.24755700325733107,True,0.22917589576547437,True,0.011764705882353267,3
D,ADAUSDT,bear,half,2024-04-12 12:00:00,0.5632352941176466,0.1117647058823536,0.24755700325733107,True,0.22917589576547437,True,0.011764705882353267,3
D,ADAUSDT,bear,none,2024-04-12 12:00:00,0.5632352941176466,0.1117647058823536,0.24755700325733107,True,0.22917589576547437,True,0.011764705882353267,3
D,ADAUSDT,bear,strict,2024-04-15 12:00:00,0.4987481221832751,0.36154231347020555,2.6350364963503683,False,-1.0170620437956204,True,0.07260891337005515,3
D,ADAUSDT,bear,half,2024-04-15 12:00:00,0.4987481221832751,0.36154231347020555,2.6350364963503683,False,-1.0170620437956204,True,0.07260891337005515,3
D,ADAUSDT,bear,none,2024-04-15 12:00:00,0.4987481221832751,0.36154231347020555,2.6350364963503683,False,-1.0170620437956204,True,0.07260891337005515,3
D,ADAUSDT,bear,none,2024-05-07 00:00:00,0.9698996655518399,0.5167224080267558,1.140221402214021,False,-1.016568265682657,False,0.16889632107023417,24
D,ADAUSDT,bear,none,2024-05-11 08:00:00,0.818858560794044,0.18362282878411815,0.2890624999999984,True,0.2717499999999984,False,0.34243176178659995,8
D,ADAUSDT,bear,none,2024-06-13 12:00:00,0.8300000000000006,0.23750000000000032,0.40084388185654046,True,0.38308860759493707,True,0.05500000000000091,3
D,ADAUSDT,bear,half,2024-06-30 00:00:00,0.747076023391813,0.41812865497075985,1.2711111111111082,False,-1.0169422222222222,False,0.02777777777777798,60
D,ADAUSDT,bear,none,2024-06-30 00:00:00,0.747076023391813,0.41812865497075985,1.2711111111111082,False,-1.0169422222222222,False,0.02777777777777798,60
D,ADAUSDT,bear,strict,2024-07-22 04:00:00,0.8534278959810877,0.46572104018912575,1.201219512195124,True,1.1747682926829288,True,0.08747044917257649,7
D,ADAUSDT,bear,half,2024-07-22 04:00:00,0.8534278959810877,0.46572104018912575,1.201219512195124,True,1.1747682926829288,True,0.08747044917257649,7
D,ADAUSDT,bear,none,2024-07-22 04:00:00,0.8534278959810877,0.46572104018912575,1.201219512195124,True,1.1747682926829288,True,0.08747044917257649,7
D,ADAUSDT,bear,strict,2024-07-28 12:00:00,0.6942028985507246,0.37971014492753624,1.207373271889401,True,1.1885990783410139,True,0.028985507246376836,9
D,ADAUSDT,bear,half,2024-07-28 12:00:00,0.6942028985507246,0.37971014492753624,1.207373271889401,True,1.1885990783410139,True,0.028985507246376836,9
D,ADAUSDT,bear,none,2024-07-28 12:00:00,0.6942028985507246,0.37971014492753624,1.207373271889401,True,1.1885990783410139,True,0.028985507246376836,9
D,ADAUSDT,bear,strict,2024-08-11 16:00:00,0.6135849056603775,0.450566037735849,2.7638888888888866,False,-1.0154953703703704,False,0.027169811320754668,28
D,ADAUSDT,bear,half,2024-08-09 08:00:00,0.598490566037736,0.5079245283018867,5.608333333333326,False,-1.028525,False,0.026415094339622674,14
D,ADAUSDT,bear,none,2024-08-09 08:00:00,0.598490566037736,0.5079245283018867,5.608333333333326,False,-1.028525,False,0.026415094339622674,14
D,ADAUSDT,bear,none,2024-09-18 08:00:00,0.432989690721649,0.11340206185567049,0.35483870967742154,False,-1.0266532258064518,False,0.018041237113401505,2
D,ADAUSDT,bear,strict,2024-10-07 20:00:00,0.43824228028503587,0.23040380047505957,1.1085714285714292,True,1.088525714285715,True,0.005938242280285037,17
D,ADAUSDT,bear,half,2024-10-07 20:00:00,0.43824228028503587,0.23040380047505957,1.1085714285714292,True,1.088525714285715,True,0.005938242280285037,17
D,ADAUSDT,bear,none,2024-10-07 20:00:00,0.43824228028503587,0.23040380047505957,1.1085714285714292,True,1.088525714285715,True,0.005938242280285037,17
D,ADAUSDT,bear,strict,2024-10-13 08:00:00,0.763440860215053,0.5618279569892465,2.786666666666661,False,-1.0469333333333333,True,0.010752688172041823,8
D,ADAUSDT,bear,half,2024-10-13 08:00:00,0.763440860215053,0.5618279569892465,2.786666666666661,False,-1.0469333333333333,True,0.010752688172041823,8
D,ADAUSDT,bear,none,2024-10-13 08:00:00,0.763440860215053,0.5618279569892465,2.786666666666661,False,-1.0469333333333333,True,0.010752688172041823,8
D,ADAUSDT,bear,strict,2024-10-28 00:00:00,0.5287958115183243,0.36998254799301905,2.3296703296703303,False,-1.0366153846153847,False,0.06806282722513113,6
D,ADAUSDT,bear,half,2024-10-28 00:00:00,0.5287958115183243,0.36998254799301905,2.3296703296703303,False,-1.0366153846153847,False,0.06806282722513113,6
D,ADAUSDT,bear,none,2024-10-28 00:00:00,0.5287958115183243,0.36998254799301905,2.3296703296703303,False,-1.0366153846153847,False,0.06806282722513113,6
D,ADAUSDT,bear,none,2024-12-13 04:00:00,0.8150782361308678,0.550213371266003,2.0773361976369507,True,2.0656433941997863,True,0.08733997155049837,13
D,ADAUSDT,bear,none,2025-01-11 00:00:00,0.3460410557184753,0.1436950146627567,0.7101449275362318,False,-1.0166376811594202,False,0.08101173020527865,0
D,ADAUSDT,bear,strict,2025-02-02 00:00:00,0.9167822468793342,0.08044382801664393,0.09618573797678326,True,0.08899170812603699,True,0.010402219140082842,24
D,ADAUSDT,bear,half,2025-02-02 00:00:00,0.9167822468793342,0.08044382801664393,0.09618573797678326,True,0.08899170812603699,True,0.010402219140082842,24
D,ADAUSDT,bear,none,2025-02-02 00:00:00,0.9167822468793342,0.08044382801664393,0.09618573797678326,True,0.08899170812603699,True,0.010402219140082842,24
D,ADAUSDT,bear,none,2025-02-15 12:00:00,0.6711899791231734,0.5780793319415449,6.208520179372202,False,-1.0176255605381166,True,0.008977035490605367,63
D,ADAUSDT,bear,strict,2025-02-18 04:00:00,0.9713467048710601,0.2249283667621768,0.30134357005758017,True,0.2864376199616109,True,0.04584527220630347,1
D,ADAUSDT,bear,half,2025-02-18 04:00:00,0.9713467048710601,0.2249283667621768,0.30134357005758017,True,0.2864376199616109,True,0.04584527220630347,1
D,ADAUSDT,bear,none,2025-02-18 04:00:00,0.9713467048710601,0.2249283667621768,0.30134357005758017,True,0.2864376199616109,True,0.04584527220630347,1
D,ADAUSDT,bear,strict,2025-03-26 12:00:00,0.3356936795174403,0.24521374246000527,2.7101449275362346,True,2.6887072463768145,True,0.022816679779701126,81
D,ADAUSDT,bear,half,2025-03-26 12:00:00,0.3356936795174403,0.24521374246000527,2.7101449275362346,True,2.6887072463768145,True,0.022816679779701126,81
D,ADAUSDT,bear,none,2025-03-13 16:00:00,0.3220561237870443,0.1348019931812221,0.7198879551820726,False,-1.0097689075630252,False,0.030684500393390848,4
D,ADAUSDT,bear,strict,2025-03-16 08:00:00,0.8767471410419309,0.18932655654383626,0.2754158964879834,True,0.26238262476894464,False,0.10292249047013974,8
D,ADAUSDT,bear,half,2025-03-16 08:00:00,0.8767471410419309,0.18932655654383626,0.2754158964879834,True,0.26238262476894464,False,0.10292249047013974,8
D,ADAUSDT,bear,none,2025-03-16 08:00:00,0.8767471410419309,0.18932655654383626,0.2754158964879834,True,0.26238262476894464,False,0.10292249047013974,8
D,ADAUSDT,bear,none,2025-03-21 08:00:00,0.9464285714285717,0.33290816326530615,0.5426195426195425,False,-1.0146964656964657,False,0.04209183673469347,8
D,ADAUSDT,bear,strict,2025-04-02 20:00:00,0.688566552901024,0.08788395904436842,0.1463068181818178,True,0.13722301136363596,True,0.013651877133105249,5
D,ADAUSDT,bear,half,2025-04-02 20:00:00,0.688566552901024,0.08788395904436842,0.1463068181818178,True,0.13722301136363596,True,0.013651877133105249,5
D,ADAUSDT,bear,none,2025-04-02 20:00:00,0.688566552901024,0.08788395904436842,0.1463068181818178,True,0.13722301136363596,True,0.013651877133105249,5
D,ADAUSDT,bear,strict,2025-04-15 12:00:00,0.9813084112149533,0.6984423676012461,2.469162995594713,False,-1.0137202643171805,False,0.02554517133956382,39
D,ADAUSDT,bear,half,2025-04-15 12:00:00,0.9813084112149533,0.6984423676012461,2.469162995594713,False,-1.0137202643171805,False,0.02554517133956382,39
D,ADAUSDT,bear,none,2025-04-13 20:00:00,0.9813084112149533,0.7925233644859813,4.198019801980198,False,-1.0210561056105611,True,0.03551401869158903,29
D,ADAUSDT,bear,half,2025-04-21 16:00:00,0.7640750670241279,0.39812332439678216,1.0879120879120865,False,-1.0228351648351648,False,0.14075067024128624,22
D,ADAUSDT,bear,none,2025-04-20 08:00:00,0.550938337801609,0.2774798927613933,1.014705882352934,False,-1.0301176470588234,False,0.06568364611260075,14
D,ADAUSDT,bear,strict,2025-05-02 16:00:00,0.9475308641975315,0.4058641975308642,0.7492877492877486,False,-1.0196666666666667,False,0.009259259259258244,4
D,ADAUSDT,bear,half,2025-05-02 16:00:00,0.9475308641975315,0.4058641975308642,0.7492877492877486,False,-1.0196666666666667,False,0.009259259259258244,4
D,ADAUSDT,bear,none,2025-05-02 16:00:00,0.9475308641975315,0.4058641975308642,0.7492877492877486,False,-1.0196666666666667,False,0.009259259259258244,4
D,ADAUSDT,bear,strict,2025-05-23 08:00:00,0.8535483870967746,0.46774193548387094,1.212374581939798,True,1.1993043478260856,True,0.002580645161290754,14
D,ADAUSDT,bear,half,2025-05-23 08:00:00,0.8535483870967746,0.46774193548387094,1.212374581939798,True,1.1993043478260856,True,0.002580645161290754,14
D,ADAUSDT,bear,none,2025-05-23 08:00:00,0.8535483870967746,0.46774193548387094,1.212374581939798,True,1.1993043478260856,True,0.002580645161290754,14
D,ADAUSDT,bear,half,2025-05-28 04:00:00,0.43382997370727483,0.20157756354075373,0.8679245283018849,True,0.8396113207547152,True,0.027169149868536278,7
D,ADAUSDT,bear,none,2025-05-28 04:00:00,0.43382997370727483,0.20157756354075373,0.8679245283018849,True,0.8396113207547152,True,0.027169149868536278,7
D,ADAUSDT,bear,none,2025-06-04 16:00:00,0.479390681003584,0.17652329749103984,0.5828402366863931,True,0.562926035502961,True,0.06989247311827981,10
D,ADAUSDT,bear,strict,2025-06-16 20:00:00,0.3760539629005059,0.1458684654300168,0.6336996336996332,True,0.6106227106227101,True,0.011804384485665748,5
D,ADAUSDT,bear,half,2025-06-16 20:00:00,0.3760539629005059,0.1458684654300168,0.6336996336996332,True,0.6106227106227101,True,0.011804384485665748,5
D,ADAUSDT,bear,none,2025-06-16 20:00:00,0.3760539629005059,0.1458684654300168,0.6336996336996332,True,0.6106227106227101,True,0.011804384485665748,5
D,ADAUSDT,bear,strict,2025-07-03 12:00:00,0.6878378378378378,0.5283783783783786,3.313559322033907,False,-1.0248940677966103,True,0.07432432432432438,57
D,ADAUSDT,bear,half,2025-07-03 12:00:00,0.6878378378378378,0.5283783783783786,3.313559322033907,False,-1.0248940677966103,True,0.07432432432432438,57
D,ADAUSDT,bear,none,2025-06-26 12:00:00,0.5668918918918916,0.30337837837837867,1.1512820512820547,False,-1.0142102564102564,False,0.13445945945945964,15
D,ADAUSDT,bear,half,2025-07-01 08:00:00,0.9423868312757219,0.3127572016460905,0.4967320261437894,True,0.4784379084967306,False,0.09259259259259157,14
D,ADAUSDT,bear,none,2025-07-01 08:00:00,0.9423868312757219,0.3127572016460905,0.4967320261437894,True,0.4784379084967306,False,0.09259259259259157,14
D,ADAUSDT,bear,none,2025-07-28 16:00:00,0.547605308713214,0.21061742642815912,0.6249999999999996,True,0.6113424657534242,True,0.06982111944604731,16
D,ADAUSDT,bear,half,2025-08-06 00:00:00,0.7183364839319477,0.2750472589792062,0.62046908315565,False,-1.0152004264392325,False,0.027410207939508633,12
D,ADAUSDT,bear,none,2025-08-06 00:00:00,0.7183364839319477,0.2750472589792062,0.62046908315565,False,-1.0152004264392325,False,0.027410207939508633,12
D,ADAUSDT,bear,strict,2025-08-28 12:00:00,0.3898550724637686,0.23695652173913087,1.5497630331753578,True,1.5090710900473958,True,0.011594202898551056,3
D,ADAUSDT,bear,half,2025-08-28 12:00:00,0.3898550724637686,0.23695652173913087,1.5497630331753578,True,1.5090710900473958,True,0.011594202898551056,3
D,ADAUSDT,bear,none,2025-08-28 12:00:00,0.3898550724637686,0.23695652173913087,1.5497630331753578,True,1.5090710900473958,True,0.011594202898551056,3
D,ADAUSDT,bear,strict,2025-09-06 16:00:00,0.694331983805668,0.3481781376518217,1.0058479532163735,False,-1.0238391812865497,False,0.03441295546558775,22
D,ADAUSDT,bear,half,2025-09-06 16:00:00,0.694331983805668,0.3481781376518217,1.0058479532163735,False,-1.0238391812865497,False,0.03441295546558775,22
D,ADAUSDT,bear,none,2025-09-04 04:00:00,0.6315789473684211,0.36639676113360337,1.3816793893129775,False,-1.0311870229007634,False,0.030364372469635654,7
D,ADAUSDT,bear,strict,2025-09-17 00:00:00,0.3125000000000001,0.21191406250000042,2.1067961165048645,False,-1.0848058252427186,False,0.002929687499999676,0
D,ADAUSDT,bear,half,2025-09-17 00:00:00,0.3125000000000001,0.21191406250000042,2.1067961165048645,False,-1.0848058252427186,False,0.002929687499999676,0
D,ADAUSDT,bear,none,2025-09-17 00:00:00,0.3125000000000001,0.21191406250000042,2.1067961165048645,False,-1.0848058252427186,False,0.002929687499999676,0
D,ADAUSDT,bear,none,2025-09-30 08:00:00,0.8149606299212596,0.4829396325459314,1.454545454545453,False,-1.0312450592885376,False,0.0800524934383202,20
D,ADAUSDT,bear,strict,2025-10-07 12:00:00,0.8313069908814589,0.09878419452887467,0.13485477178423128,True,0.1175767634854761,True,0.012158054711246554,3
D,ADAUSDT,bear,half,2025-10-07 12:00:00,0.8313069908814589,0.09878419452887467,0.13485477178423128,True,0.1175767634854761,True,0.012158054711246554,3
D,ADAUSDT,bear,none,2025-10-07 12:00:00,0.8313069908814589,0.09878419452887467,0.13485477178423128,True,0.1175767634854761,True,0.012158054711246554,3
D,ADAUSDT,bear,strict,2025-10-14 04:00:00,0.7584676093390333,0.6627754028280172,6.926116838487969,False,,True,0.0037816507727720635,13
D,ADAUSDT,bear,half,2025-10-14 04:00:00,0.7584676093390333,0.6627754028280172,6.926116838487969,False,,True,0.0037816507727720635,13
D,ADAUSDT,bear,none,2025-10-14 04:00:00,0.7584676093390333,0.6627754028280172,6.926116838487969,False,,True,0.0037816507727720635,13
D,ADAUSDT,bear,strict,2025-10-27 08:00:00,0.7060458651841557,0.5955524669909659,5.3899371069182305,True,5.347333333333325,True,0.005559416261292722,50
D,ADAUSDT,bear,half,2025-10-22 08:00:00,0.6497567755385685,0.303683113273106,0.8775100401606406,False,-1.0127590361445784,False,0.01528839471855518,20
D,ADAUSDT,bear,none,2025-10-21 04:00:00,0.5823488533703959,0.3585823488533702,1.6024844720496885,False,-1.0199782608695651,False,0.03474635163307855,13
D,ADAUSDT,bear,half,2025-11-02 12:00:00,0.3165735567970206,0.12197392923649901,0.6267942583732049,True,0.5981339712918652,True,0.07169459962755982,9
D,ADAUSDT,bear,none,2025-11-02 12:00:00,0.3165735567970206,0.12197392923649901,0.6267942583732049,True,0.5981339712918652,True,0.07169459962755982,9
D,ADAUSDT,bear,strict,2025-11-06 04:00:00,0.4690402476780188,0.34442724458204355,2.763975155279505,False,-1.0331614906832298,True,0.044891640866872404,1
D,ADAUSDT,bear,half,2025-11-06 04:00:00,0.4690402476780188,0.34442724458204355,2.763975155279505,False,-1.0331614906832298,True,0.044891640866872404,1
D,ADAUSDT,bear,none,2025-11-06 04:00:00,0.4690402476780188,0.34442724458204355,2.763975155279505,False,-1.0331614906832298,True,0.044891640866872404,1
D,ADAUSDT,bear,none,2025-11-25 08:00:00,0.21158230734154126,0.12357501139990887,1.4041450777202091,False,-1.0214818652849742,False,0.052895576835385316,14
D,ADAUSDT,bear,strict,2025-12-21 04:00:00,0.644320297951583,0.3910614525139666,1.5441176470588247,False,-1.0270073529411765,False,0.029795158286778204,1
D,ADAUSDT,bear,half,2025-12-21 04:00:00,0.644320297951583,0.3910614525139666,1.5441176470588247,False,-1.0270073529411765,False,0.029795158286778204,1
D,ADAUSDT,bear,none,2025-12-21 04:00:00,0.644320297951583,0.3910614525139666,1.5441176470588247,False,-1.0270073529411765,False,0.029795158286778204,1
D,ADAUSDT,bear,none,2026-01-18 00:00:00,0.531697341513293,0.3476482617586915,1.8888888888888888,True,1.8449777777777778,True,0.032719836400818936,0
D,ADAUSDT,bear,none,2026-01-25 12:00:00,0.5213946117274166,0.1727416798732166,0.4954545454545434,True,0.47945454545454347,True,0.05229793977812948,27
D,ADAUSDT,bear,strict,2026-01-29 00:00:00,0.8459530026109656,0.4778067885117489,1.2978723404255306,True,1.272992907801417,True,0.07310704960835573,12
D,ADAUSDT,bear,half,2026-01-29 00:00:00,0.8459530026109656,0.4778067885117489,1.2978723404255306,True,1.272992907801417,True,0.07310704960835573,12
D,ADAUSDT,bear,none,2026-01-29 00:00:00,0.8459530026109656,0.4778067885117489,1.2978723404255306,True,1.272992907801417,True,0.07310704960835573,12
D,ADAUSDT,bear,none,2026-02-03 20:00:00,0.37565036420395437,0.23621227887617058,1.6940298507462657,True,1.672276119402982,True,0.042663891779396376,11
D,ADAUSDT,bear,none,2026-02-09 08:00:00,0.7538461538461539,0.4875739644970413,1.831111111111109,False,-1.0116266666666667,False,0.10295857988165664,8
D,ADAUSDT,bear,none,2026-03-13 20:00:00,0.9086294416243655,0.5025380710659906,1.237500000000004,False,-1.0165875,False,0.11167512690355379,23
D,ADAUSDT,bear,strict,2026-03-26 00:00:00,0.6104166666666667,0.38958333333333334,1.7641509433962261,True,1.7390377358490563,True,0.006249999999999313,6
D,ADAUSDT,bear,half,2026-03-26 00:00:00,0.6104166666666667,0.38958333333333334,1.7641509433962261,True,1.7390377358490563,True,0.006249999999999313,6
D,ADAUSDT,bear,none,2026-03-26 00:00:00,0.6104166666666667,0.38958333333333334,1.7641509433962261,True,1.7390377358490563,True,0.006249999999999313,6
D,ADAUSDT,bear,strict,2026-04-02 00:00:00,0.502252252252252,0.14639639639639654,0.411392405063292,False,-1.015120253164557,False,0.03153153153153119,12
D,ADAUSDT,bear,half,2026-04-02 00:00:00,0.502252252252252,0.14639639639639654,0.411392405063292,False,-1.015120253164557,False,0.03153153153153119,12
D,ADAUSDT,bear,none,2026-03-31 08:00:00,0.45945945945946015,0.19144144144144162,0.7142857142857136,False,-1.0202436974789915,False,0.08558558558558554,2
D,ADAUSDT,bear,half,2026-04-14 16:00:00,0.46153846153846173,0.16987179487179496,0.5824175824175826,False,-1.0264175824175825,False,0.057692307692307605,4
D,ADAUSDT,bear,none,2026-04-14 16:00:00,0.46153846153846173,0.16987179487179496,0.5824175824175826,False,-1.0264175824175825,False,0.057692307692307605,4
D,ADAUSDT,bear,half,2026-04-22 20:00:00,0.6176470588235291,0.275735294117647,0.8064516129032263,True,0.7797634408602155,True,0.11764705882352858,11
D,ADAUSDT,bear,none,2026-04-22 20:00:00,0.6176470588235291,0.275735294117647,0.8064516129032263,True,0.7797634408602155,True,0.11764705882352858,11
D,ADAUSDT,bear,strict,2026-04-29 12:00:00,0.761904761904762,0.06802721088435372,0.09803921568627445,True,0.07413725490196077,False,0.01360544217687112,3
D,ADAUSDT,bear,half,2026-04-29 12:00:00,0.761904761904762,0.06802721088435372,0.09803921568627445,True,0.07413725490196077,False,0.01360544217687112,3
D,ADAUSDT,bear,none,2026-04-29 12:00:00,0.761904761904762,0.06802721088435372,0.09803921568627445,True,0.07413725490196077,False,0.01360544217687112,3
D,ADAUSDT,bear,strict,2026-05-03 00:00:00,0.8166666666666682,0.5388888888888885,1.9399999999999848,False,-1.0495599999999996,False,0.005555555555554948,12
D,ADAUSDT,bear,half,2026-05-03 00:00:00,0.8166666666666682,0.5388888888888885,1.9399999999999848,False,-1.0495599999999996,False,0.005555555555554948,12
D,ADAUSDT,bear,none,2026-05-03 00:00:00,0.8166666666666682,0.5388888888888885,1.9399999999999848,False,-1.0495599999999996,False,0.005555555555554948,12
D,ADAUSDT,bear,strict,2026-06-09 12:00:00,0.28492849284928495,0.15951595159515963,1.2719298245614055,False,-1.014298245614035,False,0.004400440044004526,9
D,ADAUSDT,bear,half,2026-06-09 12:00:00,0.28492849284928495,0.15951595159515963,1.2719298245614055,False,-1.014298245614035,False,0.004400440044004526,9
D,ADAUSDT,bear,none,2026-06-09 12:00:00,0.28492849284928495,0.15951595159515963,1.2719298245614055,False,-1.014298245614035,False,0.004400440044004526,9
D,ADAUSDT,bear,none,2026-07-17 04:00:00,0.7329842931937177,0.17801047120418917,0.32075471698113345,False,-1.0149716981132075,False,0.17277486910994747,13
D,ADAUSDT,bear,none,2026-07-20 04:00:00,0.99145299145299,0.4102564102564096,0.7058823529411762,False,-1.0238823529411765,False,0.05128205128205031,7
D,ADAUSDT,bear,strict,2026-08-28 12:00:00,0.5895522388059701,0.07835820895522452,0.15328467153284817,True,0.13837226277372405,True,0.041044776119402576,3
D,ADAUSDT,bear,half,2026-08-28 12:00:00,0.5895522388059701,0.07835820895522452,0.15328467153284817,True,0.13837226277372405,True,0.041044776119402576,3
D,ADAUSDT,bear,none,2026-08-28 12:00:00,0.5895522388059701,0.07835820895522452,0.15328467153284817,True,0.13837226277372405,True,0.041044776119402576,3
D,ADAUSDT,bear,strict,2026-09-02 08:00:00,0.4756944444444442,0.19791666666666613,0.7124999999999972,False,-1.0243625,False,0.003472222222221841,8
D,ADAUSDT,bear,half,2026-09-02 08:00:00,0.4756944444444442,0.19791666666666613,0.7124999999999972,False,-1.0243625,False,0.003472222222221841,8
D,ADAUSDT,bear,none,2026-09-02 08:00:00,0.4756944444444442,0.19791666666666613,0.7124999999999972,False,-1.0243625,False,0.003472222222221841,8
D,ADAUSDT,bear,strict,2026-09-14 20:00:00,0.49375000000000024,0.2593750000000001,1.106666666666666,True,1.0788799999999994,True,0.003124999999999656,11
D,ADAUSDT,bear,half,2026-09-14 20:00:00,0.49375000000000024,0.2593750000000001,1.106666666666666,True,1.0788799999999994,True,0.003124999999999656,11
D,ADAUSDT,bear,none,2026-09-14 20:00:00,0.49375000000000024,0.2593750000000001,1.106666666666666,True,1.0788799999999994,True,0.003124999999999656,11
D,DOGEUSDT,bull,none,2020-07-21 16:00:00,0.7194719471947193,0.5610561056105609,3.541666666666663,False,-1.022701388888889,False,0.006600660066006525,4
D,DOGEUSDT,bull,strict,2020-09-14 12:00:00,0.9898989898989886,0.2626262626262621,0.36111111111111077,True,0.3221666666666663,False,0.030303030303029905,3
D,DOGEUSDT,bull,half,2020-09-14 12:00:00,0.9898989898989886,0.2626262626262621,0.36111111111111077,True,0.3221666666666663,False,0.030303030303029905,3
D,DOGEUSDT,bull,none,2020-09-14 12:00:00,0.9898989898989886,0.2626262626262621,0.36111111111111077,True,0.3221666666666663,False,0.030303030303029905,3
D,DOGEUSDT,bull,none,2020-09-19 08:00:00,0.9142857142857153,0.5071428571428566,1.245614035087713,False,-1.0491403508771928,False,0.10000000000000094,14
D,DOGEUSDT,bull,none,2020-10-03 04:00:00,0.9792531120331959,0.6431535269709554,1.9135802469135847,True,1.8814074074074119,True,0.07468879668049708,31
D,DOGEUSDT,bull,strict,2020-10-16 20:00:00,0.9340659340659325,0.6428571428571437,2.2075471698113414,True,2.158433962264171,True,0.021978021978020092,29
D,DOGEUSDT,bull,half,2020-10-16 20:00:00,0.9340659340659325,0.6428571428571437,2.2075471698113414,True,2.158433962264171,True,0.021978021978020092,29
D,DOGEUSDT,bull,none,2020-10-16 20:00:00,0.9340659340659325,0.6428571428571437,2.2075471698113414,True,2.158433962264171,True,0.021978021978020092,29
D,DOGEUSDT,bull,none,2020-10-25 00:00:00,0.695312499999997,0.28906249999999756,0.7115384615384565,True,0.6603653846153795,True,0.07031249999999913,6
D,DOGEUSDT,bull,strict,2020-11-09 08:00:00,0.613756613756614,0.12169312169312183,0.24731182795698947,True,0.23232795698924752,True,0.07671957671957776,2
D,DOGEUSDT,bull,half,2020-11-09 08:00:00,0.613756613756614,0.12169312169312183,0.24731182795698947,True,0.23232795698924752,True,0.07671957671957776,2
D,DOGEUSDT,bull,none,2020-11-09 08:00:00,0.613756613756614,0.12169312169312183,0.24731182795698947,True,0.23232795698924752,True,0.07671957671957776,2
D,DOGEUSDT,bull,strict,2020-11-13 00:00:00,0.6006825938566553,0.31740614334470924,1.1204819277108382,False,-1.033746987951807,False,0.02047781569965995,6
D,DOGEUSDT,bull,half,2020-11-13 00:00:00,0.6006825938566553,0.31740614334470924,1.1204819277108382,False,-1.033746987951807,False,0.02047781569965995,6
D,DOGEUSDT,bull,none,2020-11-13 00:00:00,0.6006825938566553,0.31740614334470924,1.1204819277108382,False,-1.033746987951807,False,0.02047781569965995,6
D,DOGEUSDT,bull,none,2020-12-01 04:00:00,0.9136786188579018,0.49003984063745015,1.1567398119122254,True,1.1511269592476485,True,0.11288180610889775,25
D,DOGEUSDT,bull,half,2020-12-24 20:00:00,0.8179025888547609,0.38174637999122424,0.875251509054326,True,0.870648893360161,True,0.006143045195261133,11
D,DOGEUSDT,bull,none,2020-12-24 20:00:00,0.8179025888547609,0.38174637999122424,0.875251509054326,True,0.870648893360161,True,0.006143045195261133,11
D,DOGEUSDT,bull,strict,2021-01-11 20:00:00,0.7539650264335095,0.5362952419682797,2.4638019617001405,True,2.459691265763662,True,0.032330215534770286,47
D,DOGEUSDT,bull,half,2021-01-11 20:00:00,0.7539650264335095,0.5362952419682797,2.4638019617001405,True,2.459691265763662,True,0.032330215534770286,47
D,DOGEUSDT,bull,none,2021-01-11 20:00:00,0.7539650264335095,0.5362952419682797,2.4638019617001405,True,2.459691265763662,True,0.032330215534770286,47
D,DOGEUSDT,bull,half,2021-02-04 04:00:00,0.8169520653041183,0.46088504265635555,1.2943772192918952,False,,True,0.0713189713373841,25
D,DOGEUSDT,bull,none,2021-02-04 04:00:00,0.8169520653041183,0.46088504265635555,1.2943772192918952,False,,True,0.0713189713373841,25
D,DOGEUSDT,bull,strict,2021-02-24 04:00:00,0.7862199789980014,0.568019376037397,2.6031980128851977,False,,False,0.009688018698553624,91
D,DOGEUSDT,bull,half,2021-02-24 04:00:00,0.7862199789980014,0.568019376037397,2.6031980128851977,False,,False,0.009688018698553624,91
D,DOGEUSDT,bull,none,2021-02-24 04:00:00,0.7862199789980014,0.568019376037397,2.6031980128851977,False,,False,0.009688018698553624,91
D,DOGEUSDT,bull,strict,2021-02-20 08:00:00,0.6931401537551746,0.4795978710821998,2.245915258931042,False,-1.0156812517308225,False,0.0012418687167356703,2
D,DOGEUSDT,bull,half,2021-02-20 08:00:00,0.6931401537551746,0.4795978710821998,2.245915258931042,False,-1.0156812517308225,False,0.0012418687167356703,2
D,DOGEUSDT,bull,none,2021-02-20 08:00:00,0.6931401537551746,0.4795978710821998,2.245915258931042,False,-1.0156812517308225,False,0.0012418687167356703,2
D,DOGEUSDT,bull,strict,2021-03-01 08:00:00,0.8309992629251344,0.5334316099820998,1.7926397735314945,True,1.783748761500355,True,0.020216910603348556,20
D,DOGEUSDT,bull,half,2021-03-01 08:00:00,0.8309992629251344,0.5334316099820998,1.7926397735314945,True,1.783748761500355,True,0.020216910603348556,20
D,DOGEUSDT,bull,none,2021-03-01 08:00:00,0.8309992629251344,0.5334316099820998,1.7926397735314945,True,1.783748761500355,True,0.020216910603348556,20
D,DOGEUSDT,bull,none,2021-03-13 12:00:00,0.5812340966921121,0.37239185750636156,1.783125190374658,True,1.7656454462381976,True,0.012913486005088726,21
D,DOGEUSDT,bull,strict,2021-04-05 00:00:00,0.8098127143233973,0.6474808757583751,3.9886252843678953,True,3.9697182320442033,True,0.026431020838828517,12
D,DOGEUSDT,bull,half,2021-04-05 00:00:00,0.8098127143233973,0.6474808757583751,3.9886252843678953,True,3.9697182320442033,True,0.026431020838828517,12
D,DOGEUSDT,bull,none,2021-04-05 00:00:00,0.8098127143233973,0.6474808757583751,3.9886252843678953,True,3.9697182320442033,True,0.026431020838828517,12
D,DOGEUSDT,bull,strict,2021-04-09 04:00:00,0.8444801284624653,0.35070252910477806,0.7102439024390267,True,0.6999695934959372,True,0.0602970694500202,1
D,DOGEUSDT,bull,half,2021-04-09 04:00:00,0.8444801284624653,0.35070252910477806,0.7102439024390267,True,0.6999695934959372,True,0.0602970694500202,1
D,DOGEUSDT,bull,none,2021-04-09 04:00:00,0.8444801284624653,0.35070252910477806,0.7102439024390267,True,0.6999695934959372,True,0.0602970694500202,1
D,DOGEUSDT,bull,none,2021-04-24 12:00:00,0.7417055488474477,0.4577091066291013,1.611671973965077,True,1.6092634986177698,True,0.007291961699188619,39
D,DOGEUSDT,bull,half,2021-05-30 08:00:00,0.7579517256936611,0.5310925633506279,2.3410672853828336,True,2.330816373881342,True,0.029626287690803808,20
D,DOGEUSDT,bull,none,2021-05-30 08:00:00,0.7579517256936611,0.5310925633506279,2.3410672853828336,True,2.330816373881342,True,0.029626287690803808,20
D,DOGEUSDT,bull,strict,2021-06-13 20:00:00,0.9163333333333329,0.5164999999999994,1.2917882451021236,False,-1.0135060441850772,False,0.009666666666667083,17
D,DOGEUSDT,bull,half,2021-06-13 20:00:00,0.9163333333333329,0.5164999999999994,1.2917882451021236,False,-1.0135060441850772,False,0.009666666666667083,17
D,DOGEUSDT,bull,none,2021-06-13 20:00:00,0.9163333333333329,0.5164999999999994,1.2917882451021236,False,-1.0135060441850772,False,0.009666666666667083,17
D,DOGEUSDT,bull,strict,2021-07-09 04:00:00,0.7453813358597821,0.5802147481446392,3.512906309751435,False,-1.010321223709369,False,0.02368545712932262,73
D,DOGEUSDT,bull,half,2021-07-09 04:00:00,0.7453813358597821,0.5802147481446392,3.512906309751435,False,-1.010321223709369,False,0.02368545712932262,73
D,DOGEUSDT,bull,none,2021-07-09 04:00:00,0.7453813358597821,0.5802147481446392,3.512906309751435,False,-1.010321223709369,False,0.02368545712932262,73
D,DOGEUSDT,bull,strict,2021-07-23 20:00:00,0.5735828488372096,0.35356104651162795,1.6069364161849702,True,1.5908414533443427,True,0.009629360465116327,5
D,DOGEUSDT,bull,half,2021-07-23 20:00:00,0.5735828488372096,0.35356104651162795,1.6069364161849702,True,1.5908414533443427,True,0.009629360465116327,5
D,DOGEUSDT,bull,none,2021-07-23 20:00:00,0.5735828488372096,0.35356104651162795,1.6069364161849702,True,1.5908414533443427,True,0.009629360465116327,5
D,DOGEUSDT,bull,strict,2021-08-04 12:00:00,0.9478650625147437,0.7794291106393012,4.62745098039215,True,4.599404761904755,True,0.006133522057089176,45
D,DOGEUSDT,bull,half,2021-08-04 12:00:00,0.9478650625147437,0.7794291106393012,4.62745098039215,True,4.599404761904755,True,0.006133522057089176,45
D,DOGEUSDT,bull,none,2021-08-04 12:00:00,0.9478650625147437,0.7794291106393012,4.62745098039215,True,4.599404761904755,True,0.006133522057089176,45
D,DOGEUSDT,bull,strict,2021-08-18 12:00:00,0.7583325042284346,0.33180778032036606,0.7779332866806629,False,-1.0074380685794262,False,0.07710675554671158,3
D,DOGEUSDT,bull,half,2021-08-18 12:00:00,0.7583325042284346,0.33180778032036606,0.7779332866806629,False,-1.0074380685794262,False,0.07710675554671158,3
D,DOGEUSDT,bull,none,2021-08-18 12:00:00,0.7583325042284346,0.33180778032036606,0.7779332866806629,False,-1.0074380685794262,False,0.07710675554671158,3
D,DOGEUSDT,bull,half,2021-08-23 00:00:00,0.5026572947025547,0.2178981656094634,0.7652016857314864,False,-1.0193630343166766,False,0.07371849819989663,6
D,DOGEUSDT,bull,none,2021-08-23 00:00:00,0.5026572947025547,0.2178981656094634,0.7652016857314864,False,-1.0193630343166766,False,0.07371849819989663,6
D,DOGEUSDT,bull,strict,2021-08-31 04:00:00,0.8405715886803033,0.63799383580835,3.1493775933609913,True,3.111062240663896,True,0.0288596245446897,7
D,DOGEUSDT,bull,half,2021-08-31 04:00:00,0.8405715886803033,0.63799383580835,3.1493775933609913,True,3.111062240663896,True,0.0288596245446897,7
D,DOGEUSDT,bull,none,2021-08-31 04:00:00,0.8405715886803033,0.63799383580835,3.1493775933609913,True,3.111062240663896,True,0.0288596245446897,7
D,DOGEUSDT,bull,strict,2021-10-13 20:00:00,0.9420410890262235,0.6559211625187906,2.2924693520140096,True,2.27888382953882,True,0.013529313512610741,35
D,DOGEUSDT,bull,half,2021-10-13 20:00:00,0.9420410890262235,0.6559211625187906,2.2924693520140096,True,2.27888382953882,True,0.013529313512610741,35
D,DOGEUSDT,bull,none,2021-10-13 20:00:00,0.9420410890262235,0.6559211625187906,2.2924693520140096,True,2.27888382953882,True,0.013529313512610741,35
D,DOGEUSDT,bull,strict,2021-10-31 16:00:00,0.6793893129770993,0.5374809160305344,3.7875201721355594,False,-1.0145556750941367,False,0.016793893129770834,10
D,DOGEUSDT,bull,half,2021-10-31 16:00:00,0.6793893129770993,0.5374809160305344,3.7875201721355594,False,-1.0145556750941367,False,0.016793893129770834,10
D,DOGEUSDT,bull,none,2021-10-31 16:00:00,0.6793893129770993,0.5374809160305344,3.7875201721355594,False,-1.0145556750941367,False,0.016793893129770834,10
D,DOGEUSDT,bull,strict,2021-12-02 08:00:00,0.712671509281679,0.3301049233252623,0.8628691983122359,False,-1.0151434599156117,False,0.059187516814635646,2
D,DOGEUSDT,bull,half,2021-12-02 08:00:00,0.712671509281679,0.3301049233252623,0.8628691983122359,False,-1.0151434599156117,False,0.059187516814635646,2
D,DOGEUSDT,bull,none,2021-12-02 08:00:00,0.712671509281679,0.3301049233252623,0.8628691983122359,False,-1.0151434599156117,False,0.059187516814635646,2
D,DOGEUSDT,bull,strict,2021-12-20 16:00:00,0.8571637000291801,0.7662678727750222,8.430176565008047,False,-1.0268426966292135,True,0.013276918587685939,28
D,DOGEUSDT,bull,half,2021-12-20 16:00:00,0.8571637000291801,0.7662678727750222,8.430176565008047,False,-1.0268426966292135,True,0.013276918587685939,28
D,DOGEUSDT,bull,none,2021-12-20 16:00:00,0.8571637000291801,0.7662678727750222,8.430176565008047,False,-1.0268426966292135,True,0.013276918587685939,28
D,DOGEUSDT,bull,strict,2021-12-30 04:00:00,0.8943661971830985,0.6602816901408455,2.820697954271969,False,-1.0208255114320097,False,0.010140845070422512,19
D,DOGEUSDT,bull,half,2021-12-30 04:00:00,0.8943661971830985,0.6602816901408455,2.820697954271969,False,-1.0208255114320097,False,0.010140845070422512,19
D,DOGEUSDT,bull,none,2021-12-30 04:00:00,0.8943661971830985,0.6602816901408455,2.820697954271969,False,-1.0208255114320097,False,0.010140845070422512,19
D,DOGEUSDT,bull,strict,2022-01-04 04:00:00,0.7832469775474966,0.41278065630397126,1.1142191142191051,False,-1.039988344988345,False,0.004317789291882089,1
D,DOGEUSDT,bull,half,2022-01-04 04:00:00,0.7832469775474966,0.41278065630397126,1.1142191142191051,False,-1.039988344988345,False,0.004317789291882089,1
D,DOGEUSDT,bull,none,2022-01-04 04:00:00,0.7832469775474966,0.41278065630397126,1.1142191142191051,False,-1.039988344988345,False,0.004317789291882089,1
D,DOGEUSDT,bull,half,2022-01-20 12:00:00,0.7116672986980154,0.6001769687776514,5.383219954648529,False,-1.0189931972789115,False,0.021109847048413316,27
D,DOGEUSDT,bull,none,2022-01-20 12:00:00,0.7116672986980154,0.6001769687776514,5.383219954648529,False,-1.0189931972789115,False,0.021109847048413316,27
D,DOGEUSDT,bull,strict,2022-01-29 00:00:00,0.6157670454545459,0.40340909090909094,1.8996655518394623,False,-1.023752508361204,False,0.01136363636363688,6
D,DOGEUSDT,bull,half,2022-01-29 00:00:00,0.6157670454545459,0.40340909090909094,1.8996655518394623,False,-1.023752508361204,False,0.01136363636363688,6
D,DOGEUSDT,bull,none,2022-01-29 00:00:00,0.6157670454545459,0.40340909090909094,1.8996655518394623,False,-1.023752508361204,False,0.01136363636363688,6
D,DOGEUSDT,bull,strict,2022-02-15 00:00:00,0.8621271806415316,0.5289814293753519,1.5878378378378342,False,-1.0250625,False,0.01744513224535763,0
D,DOGEUSDT,bull,half,2022-02-15 00:00:00,0.8621271806415316,0.5289814293753519,1.5878378378378342,False,-1.0250625,False,0.01744513224535763,0
D,DOGEUSDT,bull,none,2022-02-15 00:00:00,0.8621271806415316,0.5289814293753519,1.5878378378378342,False,-1.0250625,False,0.01744513224535763,0
D,DOGEUSDT,bull,none,2022-03-16 12:00:00,0.9813765182186239,0.6089068825910942,1.6347826086956574,True,1.6098695652173964,True,0.05748987854251031,3
D,DOGEUSDT,bull,strict,2022-03-21 04:00:00,0.6999076638965831,0.4127423822714673,1.4372990353697703,True,1.3985498392282913,True,0.02031394275161571,1
D,DOGEUSDT,bull,half,2022-03-21 04:00:00,0.6999076638965831,0.4127423822714673,1.4372990353697703,True,1.3985498392282913,True,0.02031394275161571,1
D,DOGEUSDT,bull,none,2022-03-21 04:00:00,0.6999076638965831,0.4127423822714673,1.4372990353697703,True,1.3985498392282913,True,0.02031394275161571,1
D,DOGEUSDT,bull,none,2022-04-03 12:00:00,0.8170276325616126,0.31142643764002936,0.6159527326440168,True,0.6052038404726727,True,0.11127707244212034,27
D,DOGEUSDT,bull,strict,2022-04-08 04:00:00,0.91076781185151,0.6513719160710169,2.5111111111111146,False,-1.0134444444444444,False,0.014526170163707443,7
D,DOGEUSDT,bull,half,2022-04-08 04:00:00,0.91076781185151,0.6513719160710169,2.5111111111111146,False,-1.0134444444444444,False,0.014526170163707443,7
D,DOGEUSDT,bull,none,2022-04-08 04:00:00,0.91076781185151,0.6513719160710169,2.5111111111111146,False,-1.0134444444444444,False,0.014526170163707443,7
D,DOGEUSDT,bull,strict,2022-04-23 08:00:00,0.9019091507570758,0.7577353522053973,5.25570776255708,False,-1.061730593607306,False,0.012508229098090561,8
D,DOGEUSDT,bull,half,2022-04-23 08:00:00,0.9019091507570758,0.7577353522053973,5.25570776255708,False,-1.061730593607306,False,0.012508229098090561,8
D,DOGEUSDT,bull,none,2022-04-23 08:00:00,0.9019091507570758,0.7577353522053973,5.25570776255708,False,-1.061730593607306,False,0.012508229098090561,8
D,DOGEUSDT,bull,strict,2022-05-27 12:00:00,0.7703467799009202,0.47523000707714086,1.6103117505995201,False,-1.0099796163069545,False,0.008846426043878284,75
D,DOGEUSDT,bull,half,2022-05-27 12:00:00,0.7703467799009202,0.47523000707714086,1.6103117505995201,False,-1.0099796163069545,False,0.008846426043878284,75
D,DOGEUSDT,bull,none,2022-05-27 12:00:00,0.7703467799009202,0.47523000707714086,1.6103117505995201,False,-1.0099796163069545,False,0.008846426043878284,75
D,DOGEUSDT,bull,none,2022-05-22 20:00:00,0.8417159763313625,0.3224852071005925,0.6210826210826216,True,0.5966324786324791,False,0.24260355029585878,5
D,DOGEUSDT,bull,strict,2022-06-29 16:00:00,0.4968110104061764,0.2927156764014768,1.4342105263157876,False,-1.0115263157894736,False,0.014770057066129438,4
D,DOGEUSDT,bull,half,2022-06-29 16:00:00,0.4968110104061764,0.2927156764014768,1.4342105263157876,False,-1.0115263157894736,False,0.014770057066129438,4
D,DOGEUSDT,bull,none,2022-06-29 16:00:00,0.4968110104061764,0.2927156764014768,1.4342105263157876,False,-1.0115263157894736,False,0.014770057066129438,4
D,DOGEUSDT,bull,none,2022-07-07 00:00:00,0.8612167300380239,0.25475285171102807,0.4200626959247676,True,0.39853918495298074,True,0.3555133079847902,0
D,DOGEUSDT,bull,none,2022-07-24 04:00:00,0.5674300254452928,0.42849872773536934,3.0842490842490924,False,-1.0251135531135531,False,0.025445292620865152,13
D,DOGEUSDT,bull,none,2022-08-03 08:00:00,0.6542955326460478,0.460481099656358,2.3758865248227083,True,2.351826241134765,True,0.04810996563573828,14
D,DOGEUSDT,bull,strict,2022-08-08 00:00:00,0.6428571428571426,0.23650793650793733,0.5820312500000037,True,0.5547500000000036,True,0.025396825396824363,0
D,DOGEUSDT,bull,half,2022-08-08 00:00:00,0.6428571428571426,0.23650793650793733,0.5820312500000037,True,0.5547500000000036,True,0.025396825396824363,0
D,DOGEUSDT,bull,none,2022-08-08 00:00:00,0.6428571428571426,0.23650793650793733,0.5820312500000037,True,0.5547500000000036,True,0.025396825396824363,0
D,DOGEUSDT,bull,none,2022-08-16 04:00:00,0.6651224354731968,0.19192587690271345,0.40559440559440535,True,0.39415664335664313,True,0.20516214427531382,1
D,DOGEUSDT,bull,none,2022-09-16 20:00:00,0.9115151515151514,0.6242424242424236,2.1729957805907114,False,-1.0254852320675105,False,0.07151515151515155,29
D,DOGEUSDT,bull,none,2022-10-04 16:00:00,0.800488599348534,0.28583061889250827,0.5553797468354436,False,-1.010248417721519,False,0.08143322475570045,52
D,DOGEUSDT,bull,none,2022-10-04 04:00:00,0.9475806451612909,0.5483870967741931,1.3737373737373686,True,1.3430858585858534,True,0.036290322580645136,7
D,DOGEUSDT,bull,strict,2022-10-31 00:00:00,0.4391211146838157,0.3218649517684887,2.7449725776965255,True,2.733835466179158,True,0.02454448017148982,0
D,DOGEUSDT,bull,half,2022-10-31 00:00:00,0.4391211146838157,0.3218649517684887,2.7449725776965255,True,2.733835466179158,True,0.02454448017148982,0
D,DOGEUSDT,bull,none,2022-10-31 00:00:00,0.4391211146838157,0.3218649517684887,2.7449725776965255,True,2.733835466179158,True,0.02454448017148982,0
D,DOGEUSDT,bull,strict,2022-11-04 16:00:00,0.43295783072475325,0.33236965407237545,3.304261645193254,False,-1.0124420218037662,True,0.023925829927225594,10
D,DOGEUSDT,bull,half,2022-11-04 16:00:00,0.43295783072475325,0.33236965407237545,3.304261645193254,False,-1.0124420218037662,True,0.023925829927225594,10
D,DOGEUSDT,bull,none,2022-11-04 16:00:00,0.43295783072475325,0.33236965407237545,3.304261645193254,False,-1.0124420218037662,True,0.023925829927225594,10
D,DOGEUSDT,bull,none,2022-11-23 00:00:00,0.9616766467065867,0.5361277445109779,1.259849906191369,True,1.2521707317073165,True,0.07105788423153651,54
D,DOGEUSDT,bull,strict,2022-11-29 00:00:00,0.47527173913043497,0.18396739130434778,0.6315298507462681,True,0.6220867537313427,False,0.042391304347826245,0
D,DOGEUSDT,bull,half,2022-11-29 00:00:00,0.47527173913043497,0.18396739130434778,0.6315298507462681,True,0.6220867537313427,False,0.042391304347826245,0
D,DOGEUSDT,bull,none,2022-11-29 00:00:00,0.47527173913043497,0.18396739130434778,0.6315298507462681,True,0.6220867537313427,False,0.042391304347826245,0
D,DOGEUSDT,bull,strict,2023-01-04 00:00:00,0.5686977299880525,0.124253285543608,0.279569892473118,True,0.25998655913978463,True,0.014336917562723426,0
D,DOGEUSDT,bull,half,2023-01-04 00:00:00,0.5686977299880525,0.124253285543608,0.279569892473118,True,0.25998655913978463,True,0.014336917562723426,0
D,DOGEUSDT,bull,none,2023-01-04 00:00:00,0.5686977299880525,0.124253285543608,0.279569892473118,True,0.25998655913978463,True,0.014336917562723426,0
D,DOGEUSDT,bull,strict,2023-01-18 00:00:00,0.5979166666666663,0.3078125,1.0610412926391395,False,-1.0156175942549373,False,0.06041666666666639,12
D,DOGEUSDT,bull,half,2023-01-18 00:00:00,0.5979166666666663,0.3078125,1.0610412926391395,False,-1.0156175942549373,False,0.06041666666666639,12
D,DOGEUSDT,bull,none,2023-01-18 00:00:00,0.5979166666666663,0.3078125,1.0610412926391395,False,-1.0156175942549373,False,0.06041666666666639,12
D,DOGEUSDT,bull,none,2023-01-27 16:00:00,0.7033549146556803,0.3719835197174806,1.1225577264653608,True,1.107078152753105,True,0.15715126545026528,22
D,DOGEUSDT,bull,none,2023-02-20 08:00:00,0.8656000000000008,0.31039999999999995,0.5590778097982699,False,-1.0255244956772334,False,0.13440000000000135,2
D,DOGEUSDT,bull,none,2023-03-16 20:00:00,0.6811023622047245,0.3379265091863519,0.9847036328871899,True,0.9708355640535379,True,0.14960629921259874,5
D,DOGEUSDT,bull,none,2023-03-21 16:00:00,0.7493562231759653,0.2214592274678121,0.4195121951219541,True,0.4070943089430923,True,0.04978540772532161,10
D,DOGEUSDT,bull,half,2023-03-29 04:00:00,0.89924973204716,0.35476956055734155,0.6515748031496049,True,0.6365669291338569,True,0.09217577706323692,25
D,DOGEUSDT,bull,none,2023-03-29 04:00:00,0.89924973204716,0.35476956055734155,0.6515748031496049,True,0.6365669291338569,True,0.09217577706323692,25
D,DOGEUSDT,bull,half,2023-04-10 16:00:00,0.7808727948003713,0.6583101207056636,5.371212121212113,False,-1.0212020202020202,False,0.025998142989786668,34
D,DOGEUSDT,bull,none,2023-04-10 16:00:00,0.7808727948003713,0.6583101207056636,5.371212121212113,False,-1.0212020202020202,False,0.025998142989786668,34
D,DOGEUSDT,bull,strict,2023-06-20 16:00:00,0.5557432432432439,0.24831081081081147,0.80769230769231,True,0.7733626373626398,True,0.025337837837837354,4
D,DOGEUSDT,bull,half,2023-06-20 16:00:00,0.5557432432432439,0.24831081081081147,0.80769230769231,True,0.7733626373626398,True,0.025337837837837354,4
D,DOGEUSDT,bull,none,2023-06-20 16:00:00,0.5557432432432439,0.24831081081081147,0.80769230769231,True,0.7733626373626398,True,0.025337837837837354,4
D,DOGEUSDT,bull,none,2023-06-27 20:00:00,0.7497360084477293,0.48574445617740164,1.8399999999999956,False,-1.026212,False,0.040126715945090326,17
D,DOGEUSDT,bull,half,2023-07-17 04:00:00,0.5555555555555548,0.358119658119658,1.8138528138528194,False,-1.0307619047619048,False,0.04700854700854657,1
D,DOGEUSDT,bull,none,2023-07-17 04:00:00,0.5555555555555548,0.358119658119658,1.8138528138528194,False,-1.0307619047619048,False,0.04700854700854657,1
D,DOGEUSDT,bull,strict,2023-07-23 04:00:00,0.7803180914512918,0.5049701789264415,1.8339350180505454,True,1.8080252707581266,True,0.002982107355865035,1
D,DOGEUSDT,bull,half,2023-07-23 04:00:00,0.7803180914512918,0.5049701789264415,1.8339350180505454,True,1.8080252707581266,True,0.002982107355865035,1
D,DOGEUSDT,bull,none,2023-07-23 04:00:00,0.7803180914512918,0.5049701789264415,1.8339350180505454,True,1.8080252707581266,True,0.002982107355865035,1
D,DOGEUSDT,bull,strict,2023-08-01 20:00:00,0.6099529253530598,0.3873570948217891,1.740181268882179,False,-1.0235981873111784,False,0.004707464694014838,35
D,DOGEUSDT,bull,half,2023-07-29 16:00:00,0.5514458641560189,0.20443846671149982,0.5891472868217059,False,-1.0156647286821705,False,0.03900470746469384,16
D,DOGEUSDT,bull,none,2023-07-29 16:00:00,0.5514458641560189,0.20443846671149982,0.5891472868217059,False,-1.0156647286821705,False,0.03900470746469384,16
D,DOGEUSDT,bull,half,2023-08-31 04:00:00,0.6489675516224196,0.3053097345132729,0.8884120171673723,False,-1.0285536480686694,False,0.03244837758112067,1
D,DOGEUSDT,bull,none,2023-08-31 04:00:00,0.6489675516224196,0.3053097345132729,0.8884120171673723,False,-1.0285536480686694,False,0.03244837758112067,1
D,DOGEUSDT,bull,half,2023-09-18 08:00:00,0.5466321243523314,0.13989637305699443,0.3439490445859861,True,0.30419108280254664,False,0.03367875647668345,2
D,DOGEUSDT,bull,none,2023-09-18 08:00:00,0.5466321243523314,0.13989637305699443,0.3439490445859861,True,0.30419108280254664,False,0.03367875647668345,2
D,DOGEUSDT,bull,half,2023-10-19 20:00:00,0.9143426294820718,0.5956175298804776,1.8687499999999948,True,1.831993749999995,True,0.009960159362550078,11
D,DOGEUSDT,bull,none,2023-10-19 20:00:00,0.9143426294820718,0.5956175298804776,1.8687499999999948,True,1.831993749999995,True,0.009960159362550078,11
D,DOGEUSDT,bull,none,2023-11-04 20:00:00,0.8727272727272739,0.3363636363636377,0.6271186440677993,True,0.603681355932206,True,0.11636363636363686,5
D,DOGEUSDT,bull,strict,2023-11-16 04:00:00,0.7640134529147986,0.14069506726457395,0.22571942446043142,True,0.21857284172661848,True,0.0016816143497751332,19
D,DOGEUSDT,bull,half,2023-11-16 04:00:00,0.7640134529147986,0.14069506726457395,0.22571942446043142,True,0.21857284172661848,True,0.0016816143497751332,19
D,DOGEUSDT,bull,none,2023-11-15 16:00:00,0.7640134529147986,0.3721973094170401,0.9499284692417717,True,0.9391502145922724,True,0.013452914798206511,16
D,DOGEUSDT,bull,none,2023-11-27 04:00:00,0.8884854771784233,0.3495850622406636,0.6487006737247343,True,0.6409153031761299,True,0.017116182572614665,49
D,DOGEUSDT,bull,half,2023-12-08 16:00:00,0.4542112299465242,0.20788770053475947,0.8439620081411129,True,0.8303432835820899,False,0.010695187165775428,4
D,DOGEUSDT,bull,none,2023-12-08 16:00:00,0.4542112299465242,0.20788770053475947,0.8439620081411129,True,0.8303432835820899,False,0.010695187165775428,4
D,DOGEUSDT,bull,none,2024-01-02 00:00:00,0.7875,0.19895833333333432,0.338053097345135,False,-1.0164938053097345,False,0.08437499999999912,18
D,DOGEUSDT,bull,strict,2024-01-14 04:00:00,0.805335255948089,0.39149242970439807,0.9459930313588866,False,-1.0143763066202092,False,0.031002162941600547,7
D,DOGEUSDT,bull,half,2024-01-14 04:00:00,0.805335255948089,0.39149242970439807,0.9459930313588866,False,-1.0143763066202092,False,0.031002162941600547,7
D,DOGEUSDT,bull,none,2024-01-14 04:00:00,0.805335255948089,0.39149242970439807,0.9459930313588866,False,-1.0143763066202092,False,0.031002162941600547,7
D,DOGEUSDT,bull,half,2024-01-28 00:00:00,0.9315155358275199,0.6322130627774256,2.1122881355932273,True,2.0952139830508543,True,0.024096385542169002,36
D,DOGEUSDT,bull,none,2024-01-28 00:00:00,0.9315155358275199,0.6322130627774256,2.1122881355932273,True,2.0952139830508543,True,0.024096385542169002,36
D,DOGEUSDT,bull,strict,2024-03-31 04:00:00,0.3944265809217578,0.2647374062165058,2.0413223140495846,False,-1.0190146923783288,True,0.013576277241872119,7
D,DOGEUSDT,bull,half,2024-03-31 04:00:00,0.3944265809217578,0.2647374062165058,2.0413223140495846,False,-1.0190146923783288,True,0.013576277241872119,7
D,DOGEUSDT,bull,none,2024-03-31 04:00:00,0.3944265809217578,0.2647374062165058,2.0413223140495846,False,-1.0190146923783288,True,0.013576277241872119,7
D,DOGEUSDT,bull,strict,2024-04-10 16:00:00,0.6957874581139302,0.17951172809956928,0.34770514603616154,False,-1.0093541956420955,False,0.003829583532790652,4
D,DOGEUSDT,bull,half,2024-04-10 12:00:00,0.6957874581139302,0.3810435615126858,1.2106463878327014,False,-1.014703422053232,False,0.0653422690282434,3
D,DOGEUSDT,bull,none,2024-04-10 12:00:00,0.6957874581139302,0.3810435615126858,1.2106463878327014,False,-1.014703422053232,False,0.0653422690282434,3
D,DOGEUSDT,bull,none,2024-04-29 20:00:00,0.9744822485207102,0.829881656804734,5.739130434782617,False,-1.0366598465473147,False,0.028476331360946475,41
D,DOGEUSDT,bull,strict,2024-05-13 04:00:00,0.6870396177583119,0.5490742584113083,3.9797979797979877,True,3.959210678210686,True,0.009556042205852685,43
D,DOGEUSDT,bull,half,2024-05-13 04:00:00,0.6870396177583119,0.5490742584113083,3.9797979797979877,True,3.959210678210686,True,0.009556042205852685,43
D,DOGEUSDT,bull,none,2024-05-13 04:00:00,0.6870396177583119,0.5490742584113083,3.9797979797979877,True,3.959210678210686,True,0.009556042205852685,43
D,DOGEUSDT,bull,none,2024-05-20 12:00:00,0.5095460330929155,0.29783623249893915,1.4068136272545024,True,1.3762945891783502,True,0.02333474756045799,15
D,DOGEUSDT,bull,none,2024-05-24 12:00:00,0.9003636363636357,0.2963636363636368,0.4906682721252273,True,0.48063515954244584,False,0.134181818181818,3
D,DOGEUSDT,bull,strict,2024-05-30 12:00:00,0.7440834336141194,0.4340152426795028,1.3997412677878416,False,-1.021235446313066,False,0.0902527075812276,15
D,DOGEUSDT,bull,half,2024-05-29 00:00:00,0.5363016446048938,0.19895707982350566,0.5897740784780013,False,-1.020215219976219,False,0.03289209787404797,6
D,DOGEUSDT,bull,none,2024-05-29 00:00:00,0.5363016446048938,0.19895707982350566,0.5897740784780013,False,-1.020215219976219,False,0.03289209787404797,6
D,DOGEUSDT,bull,strict,2024-06-30 16:00:00,0.5437665782493369,0.3269230769230763,1.5076452599388306,False,-1.0378287461773699,True,0.01392572944297095,16
D,DOGEUSDT,bull,half,2024-06-30 16:00:00,0.5437665782493369,0.3269230769230763,1.5076452599388306,False,-1.0378287461773699,True,0.01392572944297095,16
D,DOGEUSDT,bull,none,2024-06-30 16:00:00,0.5437665782493369,0.3269230769230763,1.5076452599388306,False,-1.0378287461773699,True,0.01392572944297095,16
D,DOGEUSDT,bull,strict,2024-07-08 08:00:00,0.6681071737251515,0.20786516853932568,0.4516431924882621,True,0.4413784037558678,True,0.07735522904062232,2
D,DOGEUSDT,bull,half,2024-07-08 08:00:00,0.6681071737251515,0.20786516853932568,0.4516431924882621,True,0.4413784037558678,True,0.07735522904062232,2
D,DOGEUSDT,bull,none,2024-07-08 08:00:00,0.6681071737251515,0.20786516853932568,0.4516431924882621,True,0.4413784037558678,True,0.07735522904062232,2
D,DOGEUSDT,bull,strict,2024-07-19 00:00:00,0.4662337662337664,0.30173160173160135,1.8342105263157813,True,1.8024131578947287,True,0.018181818181818344,6
D,DOGEUSDT,bull,half,2024-07-19 00:00:00,0.4662337662337664,0.30173160173160135,1.8342105263157813,True,1.8024131578947287,True,0.018181818181818344,6
D,DOGEUSDT,bull,none,2024-07-19 00:00:00,0.4662337662337664,0.30173160173160135,1.8342105263157813,True,1.8024131578947287,True,0.018181818181818344,6
D,DOGEUSDT,bull,half,2024-07-26 00:00:00,0.8887223679280629,0.5653802922442861,1.748551564310544,False,-1.0149049826187717,True,0.08392656425627601,18
D,DOGEUSDT,bull,none,2024-07-26 00:00:00,0.8887223679280629,0.5653802922442861,1.748551564310544,False,-1.0149049826187717,True,0.08392656425627601,18
D,DOGEUSDT,bull,none,2024-08-17 16:00:00,0.7777777777777773,0.46391752577319556,1.4781021897810216,True,1.4593357664233573,True,0.09564719358533817,28
D,DOGEUSDT,bull,none,2024-09-12 04:00:00,0.4439601494396012,0.14757160647571585,0.4978991596638649,True,0.47635504201680606,True,0.0884184308841837,7
D,DOGEUSDT,bull,none,2024-09-17 12:00:00,0.9529633113828786,0.5804327375352784,1.5580808080808137,True,1.5322601010101067,True,0.12888052681091214,15
D,DOGEUSDT,bull,strict,2024-09-23 00:00:00,0.5570139458572596,0.19114027891714522,0.5224215246636779,True,0.498172645739911,True,0.052502050861360804,0
D,DOGEUSDT,bull,half,2024-09-23 00:00:00,0.5570139458572596,0.19114027891714522,0.5224215246636779,True,0.498172645739911,True,0.052502050861360804,0
D,DOGEUSDT,bull,none,2024-09-23 00:00:00,0.5570139458572596,0.19114027891714522,0.5224215246636779,True,0.498172645739911,True,0.052502050861360804,0
D,DOGEUSDT,bull,strict,2024-10-24 16:00:00,0.405195435785385,0.17989803350327746,0.798491379310344,False,-1.015342672413793,False,0.016266084000971202,10
D,DOGEUSDT,bull,half,2024-10-24 16:00:00,0.405195435785385,0.17989803350327746,0.798491379310344,False,-1.015342672413793,False,0.016266084000971202,10
D,DOGEUSDT,bull,none,2024-10-24 16:00:00,0.405195435785385,0.17989803350327746,0.798491379310344,False,-1.015342672413793,False,0.016266084000971202,10
D,DOGEUSDT,bull,none,2024-11-04 12:00:00,0.7220834134153374,0.41572169901979633,1.3569636135508154,True,1.3470445420326222,True,0.09187007495675581,27
D,DOGEUSDT,bull,none,2024-11-22 00:00:00,0.704573547589617,0.3318912237330036,0.8905472636815912,True,0.8774742951907123,True,0.025216316440049968,6
D,DOGEUSDT,bull,none,2024-12-07 16:00:00,0.9929914529914531,0.13367521367521357,0.15555997612890377,True,0.15093137059876652,False,0.09914529914529914,76
D,DOGEUSDT,bull,none,2024-12-15 20:00:00,0.6278912713152118,0.300692216782036,0.9189886480908145,False,-1.0209711042311662,False,0.12493668748944727,11
D,DOGEUSDT,bull,strict,2024-12-24 12:00:00,0.5383122073769555,0.15530432796619842,0.4054859868813356,True,0.3954600477042336,True,0.0276350348292798,9
D,DOGEUSDT,bull,half,2024-12-24 12:00:00,0.5383122073769555,0.15530432796619842,0.4054859868813356,True,0.3954600477042336,True,0.0276350348292798,9
D,DOGEUSDT,bull,none,2024-12-24 12:00:00,0.5383122073769555,0.15530432796619842,0.4054859868813356,True,0.3954600477042336,True,0.0276350348292798,9
D,DOGEUSDT,bull,half,2024-12-31 12:00:00,0.9032749428789038,0.3724295506473716,0.7015781922525075,True,0.6859182209469121,True,0.13277481594313176,27
D,DOGEUSDT,bull,none,2024-12-28 16:00:00,0.858593551662858,0.501904036557501,1.407117437722416,False,-1.0229430604982206,False,0.09012439705509011,10
D,DOGEUSDT,bull,strict,2025-01-13 20:00:00,0.9804560260586317,0.6593919652551574,2.053770713561043,True,2.042343253297262,True,0.019761129207383148,47
D,DOGEUSDT,bull,half,2025-01-11 08:00:00,0.9183496199782842,0.6625407166123779,2.5899830220713116,False,-1.014330220713073,False,0.017263843648208252,32
D,DOGEUSDT,bull,none,2025-01-06 12:00:00,0.25537459283387604,0.0995656894679697,0.6390243902439044,False,-1.0271407665505228,False,0.025081433224756068,3
D,DOGEUSDT,bull,strict,2025-01-21 08:00:00,0.783702053159319,0.3920101862167752,1.0008126777732615,False,-1.0078167411621293,False,0.0036606716536687566,8
D,DOGEUSDT,bull,half,2025-01-21 08:00:00,0.783702053159319,0.3920101862167752,1.0008126777732615,False,-1.0078167411621293,False,0.0036606716536687566,8
D,DOGEUSDT,bull,none,2025-01-21 08:00:00,0.783702053159319,0.3920101862167752,1.0008126777732615,False,-1.0078167411621293,False,0.0036606716536687566,8
D,DOGEUSDT,bull,strict,2025-03-14 00:00:00,0.3971947720752313,0.17086388269046882,0.7549295774647897,True,0.7311690140845081,True,0.050047816385080934,0
D,DOGEUSDT,bull,half,2025-03-14 00:00:00,0.3971947720752313,0.17086388269046882,0.7549295774647897,True,0.7311690140845081,True,0.050047816385080934,0
D,DOGEUSDT,bull,none,2025-03-14 00:00:00,0.3971947720752313,0.17086388269046882,0.7549295774647897,True,0.7311690140845081,True,0.050047816385080934,0
D,DOGEUSDT,bull,none,2025-03-17 16:00:00,0.3474914481185863,0.08352337514253182,0.316414686825056,False,-1.0188812095032398,False,0.1436716077537063,4
D,DOGEUSDT,bull,strict,2025-03-23 08:00:00,0.8794669897032107,0.4954572986069046,1.2902208201892709,True,1.2632634069400597,True,0.029073288915807422,8
D,DOGEUSDT,bull,half,2025-03-23 08:00:00,0.8794669897032107,0.4954572986069046,1.2902208201892709,True,1.2632634069400597,True,0.029073288915807422,8
D,DOGEUSDT,bull,none,2025-03-23 08:00:00,0.8794669897032107,0.4954572986069046,1.2902208201892709,True,1.2632634069400597,True,0.029073288915807422,8
D,DOGEUSDT,bull,strict,2025-04-11 00:00:00,0.4497524031459368,0.22021555490824385,0.9593908629441641,True,0.9395177664974635,True,0.004951937081270128,0
D,DOGEUSDT,bull,half,2025-04-11 00:00:00,0.4497524031459368,0.22021555490824385,0.9593908629441641,True,0.9395177664974635,True,0.004951937081270128,0
D,DOGEUSDT,bull,none,2025-04-11 00:00:00,0.4497524031459368,0.22021555490824385,0.9593908629441641,True,0.9395177664974635,True,0.004951937081270128,0
D,DOGEUSDT,bull,none,2025-04-19 00:00:00,0.5880398671096342,0.308366052552099,1.1025917926565882,True,1.0853822894168474,True,0.028390214436725954,18
D,DOGEUSDT,bull,half,2025-05-18 12:00:00,0.5140734540127655,0.24285863764779747,0.8954475308641979,False,-1.009125,False,0.02260123469708062,33
D,DOGEUSDT,bull,none,2025-05-13 20:00:00,0.4453280318091452,0.19933033378675324,0.8102934921310084,False,-1.0102373458102936,False,0.03798263053259385,5
D,DOGEUSDT,bull,none,2025-06-29 04:00:00,0.43747549980399897,0.16542532340258742,0.6080691642651298,True,0.584456772334294,False,0.07761662093296791,7
D,DOGEUSDT,bull,none,2025-07-06 08:00:00,0.751716851558374,0.5266772319070262,2.3403755868544542,True,2.3015469483568016,True,0.07765451664025351,8
D,DOGEUSDT,bull,none,2025-07-16 16:00:00,0.481171548117155,0.09490300494484581,0.24569177744953172,True,0.23541408173313585,True,0.058387219475085364,22
D,DOGEUSDT,bull,strict,2025-07-25 20:00:00,0.6736195082627973,0.5144095122934299,3.2310126582278453,False,-1.0149759493670887,False,0.013502619911326157,17
D,DOGEUSDT,bull,half,2025-07-25 20:00:00,0.6736195082627973,0.5144095122934299,3.2310126582278453,False,-1.0149759493670887,False,0.013502619911326157,17
D,DOGEUSDT,bull,none,2025-07-25 20:00:00,0.6736195082627973,0.5144095122934299,3.2310126582278453,False,-1.0149759493670887,False,0.013502619911326157,17
D,DOGEUSDT,bull,strict,2025-08-06 04:00:00,0.6913580246913587,0.437830687830688,1.7269565217391278,True,1.6919547826086931,True,0.051587301587300606,1
D,DOGEUSDT,bull,half,2025-08-06 04:00:00,0.6913580246913587,0.437830687830688,1.7269565217391278,True,1.6919547826086931,True,0.051587301587300606,1
D,DOGEUSDT,bull,none,2025-08-06 04:00:00,0.6913580246913587,0.437830687830688,1.7269565217391278,True,1.6919547826086931,True,0.051587301587300606,1
D,DOGEUSDT,bull,strict,2025-08-12 16:00:00,0.5503709488481059,0.2165169855525188,0.6485380116959083,True,0.634757894736844,True,0.031433033971105036,10
D,DOGEUSDT,bull,half,2025-08-11 00:00:00,0.3389301054275675,0.14662241311987534,0.7624365482233522,False,-1.0242862944162436,False,0.0827801639984385,0
D,DOGEUSDT,bull,none,2025-08-11 00:00:00,0.3389301054275675,0.14662241311987534,0.7624365482233522,False,-1.0242862944162436,False,0.0827801639984385,0
D,DOGEUSDT,bull,none,2025-09-05 04:00:00,0.6943855932203392,0.2897245762711865,0.7159685863874342,True,0.6874345549738217,True,0.06514830508474473,1
D,DOGEUSDT,bull,half,2025-10-01 08:00:00,0.89567561962045,0.6649382972104116,2.8817977528089904,False,-1.0109065168539326,True,0.03816239759410988,98
D,DOGEUSDT,bull,none,2025-09-17 20:00:00,0.5212070932282487,0.25282588406097695,0.9420401854714064,False,-1.01091228748068,False,0.06097687441667583,17
D,DOGEUSDT,bull,strict,2025-10-05 00:00:00,0.47798259088581674,0.18125960061443994,0.6108714408973285,True,0.5885927523727383,True,0.05785970302099288,0
D,DOGEUSDT,bull,half,2025-10-05 00:00:00,0.47798259088581674,0.18125960061443994,0.6108714408973285,True,0.5885927523727383,True,0.05785970302099288,0
D,DOGEUSDT,bull,none,2025-10-05 00:00:00,0.47798259088581674,0.18125960061443994,0.6108714408973285,True,0.5885927523727383,True,0.05785970302099288,0
D,DOGEUSDT,bull,half,2025-10-23 04:00:00,0.6988071570576544,0.3853545394300864,1.2293868921775906,True,1.2088868921775906,True,0.015573227302849518,1
D,DOGEUSDT,bull,none,2025-10-23 04:00:00,0.6988071570576544,0.3853545394300864,1.2293868921775906,True,1.2088868921775906,True,0.015573227302849518,1
D,DOGEUSDT,bull,strict,2025-11-28 12:00:00,0.3058973271107348,0.12897751378871505,0.7290167865707458,False,-1.0368561151079136,False,0.0436996181586764,3
D,DOGEUSDT,bull,half,2025-11-28 12:00:00,0.3058973271107348,0.12897751378871505,0.7290167865707458,False,-1.0368561151079136,False,0.0436996181586764,3
D,DOGEUSDT,bull,none,2025-11-28 12:00:00,0.3058973271107348,0.12897751378871505,0.7290167865707458,False,-1.0368561151079136,False,0.0436996181586764,3
D,DOGEUSDT,bull,strict,2025-12-15 00:00:00,0.9608655616942902,0.7937384898710862,4.749311294765849,False,-1.0375013774104684,False,0.005524861878453448,60
D,DOGEUSDT,bull,half,2025-12-07 16:00:00,0.8558931860036824,0.5234806629834259,1.5747922437673207,False,-1.0196675900277008,True,0.09990791896869261,16
D,DOGEUSDT,bull,none,2025-12-07 16:00:00,0.8558931860036824,0.5234806629834259,1.5747922437673207,False,-1.0196675900277008,True,0.09990791896869261,16
D,DOGEUSDT,bull,strict,2026-01-26 16:00:00,0.9466278505579814,0.8301795245026685,7.129166666666669,False,-1.0254875,True,0.0014556040756915206,112
D,DOGEUSDT,bull,half,2026-01-26 16:00:00,0.9466278505579814,0.8301795245026685,7.129166666666669,False,-1.0254875,True,0.0014556040756915206,112
D,DOGEUSDT,bull,none,2026-01-26 16:00:00,0.9466278505579814,0.8301795245026685,7.129166666666669,False,-1.0254875,True,0.0014556040756915206,112
D,DOGEUSDT,bull,strict,2026-02-20 12:00:00,0.7439516129032262,0.5823252688172044,3.602910602910596,False,-1.0208440748440748,False,0.008064516129032397,21
D,DOGEUSDT,bull,half,2026-02-20 12:00:00,0.7439516129032262,0.5823252688172044,3.602910602910596,False,-1.0208440748440748,False,0.008064516129032397,21
D,DOGEUSDT,bull,none,2026-02-20 12:00:00,0.7439516129032262,0.5823252688172044,3.602910602910596,False,-1.0208440748440748,False,0.008064516129032397,21
D,DOGEUSDT,bull,strict,2026-03-04 08:00:00,0.9357351509250249,0.5472249269717624,1.4085213032581427,True,1.3854035087719272,True,0.0009737098344703018,8
D,DOGEUSDT,bull,half,2026-03-04 08:00:00,0.9357351509250249,0.5472249269717624,1.4085213032581427,True,1.3854035087719272,True,0.0009737098344703018,8
D,DOGEUSDT,bull,none,2026-03-04 08:00:00,0.9357351509250249,0.5472249269717624,1.4085213032581427,True,1.3854035087719272,True,0.0009737098344703018,8
D,DOGEUSDT,bull,strict,2026-03-15 20:00:00,0.5206985769728332,0.3007761966364813,1.3676470588235297,True,1.3390176470588238,True,0.03428201811125502,5
D,DOGEUSDT,bull,half,2026-03-15 20:00:00,0.5206985769728332,0.3007761966364813,1.3676470588235297,True,1.3390176470588238,True,0.03428201811125502,5
D,DOGEUSDT,bull,none,2026-03-15 20:00:00,0.5206985769728332,0.3007761966364813,1.3676470588235297,True,1.3390176470588238,True,0.03428201811125502,5
D,DOGEUSDT,bull,none,2026-03-28 12:00:00,0.9876126126126127,0.44481981981981933,0.8195020746887949,False,-1.0195020746887966,False,0.0045045045045043215,9
D,DOGEUSDT,bull,none,2026-04-01 00:00:00,0.7636363636363636,0.24462809917355294,0.4713375796178323,True,0.4419012738853483,False,0.13223140495867688,0
D,DOGEUSDT,bull,strict,2026-04-09 12:00:00,0.806250000000001,0.49375000000000024,1.5799999999999967,False,-1.04643,True,0.04531249999999986,3
D,DOGEUSDT,bull,half,2026-04-09 12:00:00,0.806250000000001,0.49375000000000024,1.5799999999999967,False,-1.04643,True,0.04531249999999986,3
D,DOGEUSDT,bull,none,2026-04-09 12:00:00,0.806250000000001,0.49375000000000024,1.5799999999999967,False,-1.04643,True,0.04531249999999986,3
D,DOGEUSDT,bull,strict,2026-04-19 12:00:00,0.735959765297569,0.5532271584241406,3.027522935779812,False,-1.043834862385321,False,0.005029337803856204,3
D,DOGEUSDT,bull,half,2026-04-19 12:00:00,0.735959765297569,0.5532271584241406,3.027522935779812,False,-1.043834862385321,False,0.005029337803856204,3
D,DOGEUSDT,bull,none,2026-04-19 12:00:00,0.735959765297569,0.5532271584241406,3.027522935779812,False,-1.043834862385321,False,0.005029337803856204,3
D,DOGEUSDT,bull,strict,2026-05-12 16:00:00,0.7387140902872783,0.41313269493843996,1.2689075630252042,True,1.2227689075630195,True,0.008207934336525925,4
D,DOGEUSDT,bull,half,2026-05-12 16:00:00,0.7387140902872783,0.41313269493843996,1.2689075630252042,True,1.2227689075630195,True,0.008207934336525925,4
D,DOGEUSDT,bull,none,2026-05-12 16:00:00,0.7387140902872783,0.41313269493843996,1.2689075630252042,True,1.2227689075630195,True,0.008207934336525925,4
D,DOGEUSDT,bull,strict,2026-06-10 12:00:00,0.4803625377643511,0.24773413897280985,1.0649350649350635,False,-1.0368311688311687,False,0.007049345417925535,9
D,DOGEUSDT,bull,half,2026-06-10 12:00:00,0.4803625377643511,0.24773413897280985,1.0649350649350635,False,-1.0368311688311687,False,0.007049345417925535,9
D,DOGEUSDT,bull,none,2026-06-10 12:00:00,0.4803625377643511,0.24773413897280985,1.0649350649350635,False,-1.0368311688311687,False,0.007049345417925535,9
D,DOGEUSDT,bull,strict,2026-06-17 12:00:00,0.6585594013096353,0.4892422825070155,2.889502762430929,False,-1.0481933701657458,False,0.00561272217025299,21
D,DOGEUSDT,bull,half,2026-06-17 12:00:00,0.6585594013096353,0.4892422825070155,2.889502762430929,False,-1.0481933701657458,False,0.00561272217025299,21
D,DOGEUSDT,bull,none,2026-06-17 12:00:00,0.6585594013096353,0.4892422825070155,2.889502762430929,False,-1.0481933701657458,False,0.00561272217025299,21
D,DOGEUSDT,bull,half,2026-07-10 00:00:00,0.8494949494949491,0.542424242424242,1.766447368421052,False,-1.0243388157894737,False,0.08181818181818229,24
D,DOGEUSDT,bull,none,2026-07-10 00:00:00,0.8494949494949491,0.542424242424242,1.766447368421052,False,-1.0243388157894737,False,0.08181818181818229,24
D,DOGEUSDT,bull,strict,2026-07-16 12:00:00,0.6177777777777771,0.3933333333333328,1.7524752475247516,False,-1.072861386138614,False,0.006666666666667181,3
D,DOGEUSDT,bull,half,2026-07-16 12:00:00,0.6177777777777771,0.3933333333333328,1.7524752475247516,False,-1.072861386138614,False,0.006666666666667181,3
D,DOGEUSDT,bull,none,2026-07-16 12:00:00,0.6177777777777771,0.3933333333333328,1.7524752475247516,False,-1.072861386138614,False,0.006666666666667181,3
D,DOGEUSDT,bull,half,2026-08-07 08:00:00,0.8519480519480519,0.48831168831168564,1.3428571428571259,True,1.2931642857142691,True,0.046753246753246575,20
D,DOGEUSDT,bull,none,2026-08-07 08:00:00,0.8519480519480519,0.48831168831168564,1.3428571428571259,True,1.2931642857142691,True,0.046753246753246575,20
D,DOGEUSDT,bull,strict,2026-08-11 08:00:00,0.7507331378299117,0.29912023460410675,0.662337662337667,True,0.6165194805194851,True,0.04398826979472457,8
D,DOGEUSDT,bull,half,2026-08-11 08:00:00,0.7507331378299117,0.29912023460410675,0.662337662337667,True,0.6165194805194851,True,0.04398826979472457,8
D,DOGEUSDT,bull,none,2026-08-11 08:00:00,0.7507331378299117,0.29912023460410675,0.662337662337667,True,0.6165194805194851,True,0.04398826979472457,8
D,DOGEUSDT,bull,strict,2026-09-05 16:00:00,0.6519440124416799,0.3203732503888026,0.9662288930581614,False,-1.008513133208255,False,0.010575427682736956,76
D,DOGEUSDT,bull,half,2026-09-03 12:00:00,0.6519440124416799,0.36889580093312585,1.3032967032967013,False,-1.0098010989010988,False,0.0765163297045098,63
D,DOGEUSDT,bull,none,2026-08-27 08:00:00,0.5399688958009332,0.3975116640746501,2.790393013100436,False,-1.0192729257641922,False,0.027371695178848895,20
D,DOGEUSDT,bull,half,2026-09-14 16:00:00,0.8853545394300856,0.6951623591782634,3.6550522648083654,False,-1.0295087108013938,False,0.01988071570576597,46
D,DOGEUSDT,bull,none,2026-09-14 16:00:00,0.8853545394300856,0.6951623591782634,3.6550522648083654,False,-1.0295087108013938,False,0.01988071570576597,46
D,DOGEUSDT,bull,strict,2026-09-13 16:00:00,0.9040650406504054,0.6796747967479677,3.028985507246396,False,-1.0609637681159423,False,0.034146341463412666,4
D,DOGEUSDT,bull,half,2026-09-13 16:00:00,0.9040650406504054,0.6796747967479677,3.028985507246396,False,-1.0609637681159423,False,0.034146341463412666,4
D,DOGEUSDT,bull,none,2026-09-13 16:00:00,0.9040650406504054,0.6796747967479677,3.028985507246396,False,-1.0609637681159423,False,0.034146341463412666,4
D,DOGEUSDT,bull,none,2026-09-25 20:00:00,0.6930555555555558,0.324537037037037,0.8806532663316576,False,-1.012428391959799,False,0.25231481481481455,11
D,DOGEUSDT,bear,strict,2020-07-24 00:00:00,0.3425076452599387,0.14525993883792063,0.7364341085271333,True,0.7114728682170558,True,0.022935779816513503,12
D,DOGEUSDT,bear,half,2020-07-24 00:00:00,0.3425076452599387,0.14525993883792063,0.7364341085271333,True,0.7114728682170558,True,0.022935779816513503,12
D,DOGEUSDT,bear,none,2020-07-24 00:00:00,0.3425076452599387,0.14525993883792063,0.7364341085271333,True,0.7114728682170558,True,0.022935779816513503,12
D,DOGEUSDT,bear,half,2020-08-18 08:00:00,0.8372379778051786,0.567200986436498,2.100456621004566,True,2.0843789954337897,True,0.08631319358816297,86
D,DOGEUSDT,bear,none,2020-08-06 00:00:00,0.6584463625154132,0.5154130702836004,3.603448275862062,False,-1.0299913793103448,False,0.011097410604192223,12
D,DOGEUSDT,bear,none,2020-09-30 08:00:00,0.7109144542772861,0.30383480825958653,0.7463768115942009,False,-1.0190072463768116,False,0.04424778761061896,26
D,DOGEUSDT,bear,strict,2020-12-01 12:00:00,0.47747093023255816,0.3401162790697675,2.4761904761904776,False,-1.018047619047619,True,0.001453488372092901,21
D,DOGEUSDT,bear,half,2020-12-01 12:00:00,0.47747093023255816,0.3401162790697675,2.4761904761904776,False,-1.018047619047619,True,0.001453488372092901,21
D,DOGEUSDT,bear,none,2020-12-01 12:00:00,0.47747093023255816,0.3401162790697675,2.4761904761904776,False,-1.018047619047619,True,0.001453488372092901,21
D,DOGEUSDT,bear,strict,2020-12-07 16:00:00,0.7302158273381296,0.2913669064748198,0.6639344262295066,True,0.6366721311475394,True,0.014388489208633441,4
D,DOGEUSDT,bear,half,2020-12-07 16:00:00,0.7302158273381296,0.2913669064748198,0.6639344262295066,True,0.6366721311475394,True,0.014388489208633441,4
D,DOGEUSDT,bear,none,2020-12-07 16:00:00,0.7302158273381296,0.2913669064748198,0.6639344262295066,True,0.6366721311475394,True,0.014388489208633441,4
D,DOGEUSDT,bear,strict,2021-01-21 12:00:00,0.7981948623003935,0.38602175422355944,0.9365524985962945,False,-1.0046760247052218,False,0.016894237445035907,51
D,DOGEUSDT,bear,half,2021-01-21 12:00:00,0.7981948623003935,0.38602175422355944,0.9365524985962945,False,-1.0046760247052218,False,0.016894237445035907,51
D,DOGEUSDT,bear,none,2021-01-21 12:00:00,0.7981948623003935,0.38602175422355944,0.9365524985962945,False,-1.0046760247052218,False,0.016894237445035907,51
D,DOGEUSDT,bear,half,2021-01-25 20:00:00,0.6732993984266544,0.3831559463211474,1.3205741626794236,True,1.307248803827749,True,0.026839426191577514,11
D,DOGEUSDT,bear,none,2021-01-25 20:00:00,0.6732993984266544,0.3831559463211474,1.3205741626794236,True,1.307248803827749,True,0.026839426191577514,11
D,DOGEUSDT,bear,none,2021-02-12 00:00:00,0.9866271993749343,0.6154643667453007,1.65820581329447,False,,False,0.06663861884513086,66
D,DOGEUSDT,bear,half,2021-02-25 20:00:00,0.9625500430750521,0.43019307758576997,0.8080913850547354,False,-1.0047481199428843,False,0.10160644605483203,5
D,DOGEUSDT,bear,none,2021-02-25 20:00:00,0.9625500430750521,0.43019307758576997,0.8080913850547354,False,-1.0047481199428843,False,0.10160644605483203,5
D,DOGEUSDT,bear,strict,2021-03-04 16:00:00,0.5295235681702989,0.2642549417131273,0.9961786481968008,False,-1.0116481967996178,False,0.01634566649771885,16
D,DOGEUSDT,bear,half,2021-03-04 16:00:00,0.5295235681702989,0.2642549417131273,0.9961786481968008,False,-1.0116481967996178,False,0.01634566649771885,16
D,DOGEUSDT,bear,none,2021-03-04 16:00:00,0.5295235681702989,0.2642549417131273,0.9961786481968008,False,-1.0116481967996178,False,0.01634566649771885,16
D,DOGEUSDT,bear,strict,2021-03-21 08:00:00,0.6375623268698057,0.24842105263157832,0.6383826879271052,True,0.6220908314350778,True,0.00011080332409983382,26
D,DOGEUSDT,bear,half,2021-03-18 16:00:00,0.4950692520775624,0.2597229916897506,1.1035781544256111,False,-1.0269863465160076,False,0.028144044321329345,10
D,DOGEUSDT,bear,none,2021-03-18 16:00:00,0.4950692520775624,0.2597229916897506,1.1035781544256111,False,-1.0269863465160076,False,0.028144044321329345,10
D,DOGEUSDT,bear,strict,2021-03-28 16:00:00,0.8313033739325207,0.5301693966120673,1.760576476057647,False,-1.0248168293816828,False,0.017779644407112143,10
D,DOGEUSDT,bear,half,2021-03-28 16:00:00,0.8313033739325207,0.5301693966120673,1.760576476057647,False,-1.0248168293816828,False,0.017779644407112143,10
D,DOGEUSDT,bear,none,2021-03-28 16:00:00,0.8313033739325207,0.5301693966120673,1.760576476057647,False,-1.0248168293816828,False,0.017779644407112143,10
D,DOGEUSDT,bear,half,2021-05-17 00:00:00,0.612618009478673,0.31203033175355444,1.038067608476286,True,1.0340985536495118,True,0.02755134281200637,12
D,DOGEUSDT,bear,none,2021-05-17 00:00:00,0.612618009478673,0.31203033175355444,1.038067608476286,True,1.0340985536495118,True,0.02755134281200637,12
D,DOGEUSDT,bear,strict,2021-06-04 04:00:00,0.6357562259566713,0.42635148815549695,2.0360164370316642,True,2.0316139714769146,True,0.020044543429844054,85
D,DOGEUSDT,bear,half,2021-06-04 04:00:00,0.6357562259566713,0.42635148815549695,2.0360164370316642,True,2.0316139714769146,True,0.020044543429844054,85
D,DOGEUSDT,bear,none,2021-06-04 04:00:00,0.6357562259566713,0.42635148815549695,2.0360164370316642,True,2.0316139714769146,True,0.020044543429844054,85
D,DOGEUSDT,bear,strict,2021-06-01 12:00:00,0.6686507936507933,0.3653769841269839,1.204775924108603,False,-1.0103346418056918,False,0.013690476190476114,9
D,DOGEUSDT,bear,half,2021-06-01 12:00:00,0.6686507936507933,0.3653769841269839,1.204775924108603,False,-1.0103346418056918,False,0.013690476190476114,9
D,DOGEUSDT,bear,none,2021-06-01 12:00:00,0.6686507936507933,0.3653769841269839,1.204775924108603,False,-1.0103346418056918,False,0.013690476190476114,9
D,DOGEUSDT,bear,strict,2021-06-10 12:00:00,0.7058823529411763,0.37988235294117684,1.165283291230606,True,1.1534720317574916,True,0.0007058823529412292,3
D,DOGEUSDT,bear,half,2021-06-10 12:00:00,0.7058823529411763,0.37988235294117684,1.165283291230606,True,1.1534720317574916,True,0.0007058823529412292,3
D,DOGEUSDT,bear,none,2021-06-10 12:00:00,0.7058823529411763,0.37988235294117684,1.165283291230606,True,1.1534720317574916,True,0.0007058823529412292,3
D,DOGEUSDT,bear,half,2021-06-16 08:00:00,0.690069116042197,0.19316114950891275,0.3887262079062971,True,0.3773557833089325,True,0.14223353946889775,14
D,DOGEUSDT,bear,none,2021-06-16 08:00:00,0.690069116042197,0.19316114950891275,0.3887262079062971,True,0.3773557833089325,True,0.14223353946889775,14
D,DOGEUSDT,bear,strict,2021-06-25 08:00:00,0.7229039438388221,0.5075052793790309,2.3561208267090623,True,2.349452305246423,True,0.027852291535871217,8
D,DOGEUSDT,bear,half,2021-06-25 08:00:00,0.7229039438388221,0.5075052793790309,2.3561208267090623,True,2.349452305246423,True,0.027852291535871217,8
D,DOGEUSDT,bear,none,2021-06-25 08:00:00,0.7229039438388221,0.5075052793790309,2.3561208267090623,True,2.349452305246423,True,0.027852291535871217,8
D,DOGEUSDT,bear,none,2021-07-12 16:00:00,0.5922746781115884,0.18094420600858369,0.4398998330550914,True,0.43132136894824663,True,0.07725321888412028,10
D,DOGEUSDT,bear,none,2021-08-02 16:00:00,0.6006790284669626,0.20971533037346524,0.5364061456245809,True,0.5228436873747478,False,0.09872029250457055,28
D,DOGEUSDT,bear,half,2021-08-05 08:00:00,0.4134190437926876,0.11811972679791076,0.4,False,-1.026673469387755,False,0.10245078344716854,2
D,DOGEUSDT,bear,none,2021-08-05 08:00:00,0.4134190437926876,0.11811972679791076,0.4,False,-1.026673469387755,False,0.10245078344716854,2
D,DOGEUSDT,bear,strict,2021-08-11 20:00:00,0.9743967581506723,0.6253453674709896,1.7915567282321936,False,-1.0139604221635885,False,0.026155829802910903,5
D,DOGEUSDT,bear,half,2021-08-11 20:00:00,0.9743967581506723,0.6253453674709896,1.7915567282321936,False,-1.0139604221635885,False,0.026155829802910903,5
D,DOGEUSDT,bear,none,2021-08-11 20:00:00,0.9743967581506723,0.6253453674709896,1.7915567282321936,False,-1.0139604221635885,False,0.026155829802910903,5
D,DOGEUSDT,bear,half,2021-08-24 12:00:00,0.7652847021779065,0.2314353188139596,0.4335217498156792,True,0.4263052347014005,True,0.03424298084492263,27
D,DOGEUSDT,bear,none,2021-08-24 12:00:00,0.7652847021779065,0.2314353188139596,0.4335217498156792,True,0.4263052347014005,True,0.03424298084492263,27
D,DOGEUSDT,bear,strict,2021-09-07 08:00:00,0.8807126258714177,0.32672347017815645,0.5897651006711406,True,0.5817899888143173,True,0.0199845081332294,62
D,DOGEUSDT,bear,half,2021-09-07 08:00:00,0.8807126258714177,0.32672347017815645,0.5897651006711406,True,0.5817899888143173,True,0.0199845081332294,62
D,DOGEUSDT,bear,none,2021-08-28 08:00:00,0.5529047250193648,0.33307513555383456,1.5151515151515187,False,-1.0201268498942917,True,0.0636715724244772,2
D,DOGEUSDT,bear,strict,2021-09-16 00:00:00,0.7449688986461769,0.521405049396268,2.3322422258592432,False,-1.0396530278232405,True,0.05415294548115562,6
D,DOGEUSDT,bear,half,2021-09-16 00:00:00,0.7449688986461769,0.521405049396268,2.3322422258592432,False,-1.0396530278232405,True,0.05415294548115562,6
D,DOGEUSDT,bear,none,2021-09-16 00:00:00,0.7449688986461769,0.521405049396268,2.3322422258592432,False,-1.0396530278232405,True,0.05415294548115562,6
D,DOGEUSDT,bear,strict,2021-10-15 04:00:00,0.4400709219858157,0.281737588652482,1.779395296752514,False,-1.0259216125419932,False,0.00106382978723363,7
D,DOGEUSDT,bear,half,2021-10-15 04:00:00,0.4400709219858157,0.281737588652482,1.779395296752514,False,-1.0259216125419932,False,0.00106382978723363,7
D,DOGEUSDT,bear,none,2021-10-15 04:00:00,0.4400709219858157,0.281737588652482,1.779395296752514,False,-1.0259216125419932,False,0.00106382978723363,7
D,DOGEUSDT,bear,strict,2021-11-22 00:00:00,0.3834926151172893,0.12528236316246727,0.4851951547779265,True,0.47024158815612305,False,0.019287576020851425,12
D,DOGEUSDT,bear,half,2021-11-22 00:00:00,0.3834926151172893,0.12528236316246727,0.4851951547779265,True,0.47024158815612305,False,0.019287576020851425,12
D,DOGEUSDT,bear,none,2021-11-22 00:00:00,0.3834926151172893,0.12528236316246727,0.4851951547779265,True,0.47024158815612305,False,0.019287576020851425,12
D,DOGEUSDT,bear,strict,2021-11-26 00:00:00,0.7054176072234761,0.27501881113619314,0.6389860139860162,True,0.6199291958041979,True,0.03762227238525107,0
D,DOGEUSDT,bear,half,2021-11-26 00:00:00,0.7054176072234761,0.27501881113619314,0.6389860139860162,True,0.6199291958041979,True,0.03762227238525107,0
D,DOGEUSDT,bear,none,2021-11-26 00:00:00,0.7054176072234761,0.27501881113619314,0.6389860139860162,True,0.6199291958041979,True,0.03762227238525107,0
D,DOGEUSDT,bear,none,2021-12-02 00:00:00,0.8244053023424734,0.3958598147811875,0.923728813559321,True,0.9150843220338973,True,0.08443798801525312,24
D,DOGEUSDT,bear,strict,2021-12-07 20:00:00,0.5963584288052373,0.5167757774140752,6.493573264781481,False,-1.0226503856041131,True,0.0018412438625203126,11
D,DOGEUSDT,bear,half,2021-12-07 20:00:00,0.5963584288052373,0.5167757774140752,6.493573264781481,False,-1.0226503856041131,True,0.0018412438625203126,11
D,DOGEUSDT,bear,none,2021-12-07 20:00:00,0.5963584288052373,0.5167757774140752,6.493573264781481,False,-1.0226503856041131,True,0.0018412438625203126,11
D,DOGEUSDT,bear,strict,2021-12-13 00:00:00,0.587482868889904,0.1731384193695757,0.4178610804851177,True,0.3996912899669259,True,0.04842393787117425,0
D,DOGEUSDT,bear,half,2021-12-13 00:00:00,0.587482868889904,0.1731384193695757,0.4178610804851177,True,0.3996912899669259,True,0.04842393787117425,0
D,DOGEUSDT,bear,none,2021-12-13 00:00:00,0.587482868889904,0.1731384193695757,0.4178610804851177,True,0.3996912899669259,True,0.04842393787117425,0
D,DOGEUSDT,bear,strict,2022-01-07 00:00:00,0.5139077340569881,0.20251017639077365,0.6503267973856217,True,0.6336797385620923,True,0.011194029850746174,0
D,DOGEUSDT,bear,half,2022-01-07 00:00:00,0.5139077340569881,0.20251017639077365,0.6503267973856217,True,0.6336797385620923,True,0.011194029850746174,0
D,DOGEUSDT,bear,none,2022-01-07 00:00:00,0.5139077340569881,0.20251017639077365,0.6503267973856217,True,0.6336797385620923,True,0.011194029850746174,0
D,DOGEUSDT,bear,strict,2022-01-13 12:00:00,0.998516320474778,0.733184965380811,2.7632805219012053,False,-1.0154277726001864,False,0.030662710187932537,9
D,DOGEUSDT,bear,half,2022-01-13 12:00:00,0.998516320474778,0.733184965380811,2.7632805219012053,False,-1.0154277726001864,False,0.030662710187932537,9
D,DOGEUSDT,bear,none,2022-01-13 12:00:00,0.998516320474778,0.733184965380811,2.7632805219012053,False,-1.0154277726001864,False,0.030662710187932537,9
D,DOGEUSDT,bear,strict,2022-01-24 04:00:00,0.2614160033514872,0.15552995391705057,1.4688427299703242,False,-1.0132908011869437,False,0.0030372852953496517,1
D,DOGEUSDT,bear,half,2022-01-24 04:00:00,0.2614160033514872,0.15552995391705057,1.4688427299703242,False,-1.0132908011869437,False,0.0030372852953496517,1
D,DOGEUSDT,bear,none,2022-01-24 04:00:00,0.2614160033514872,0.15552995391705057,1.4688427299703242,False,-1.0132908011869437,False,0.0030372852953496517,1
D,DOGEUSDT,bear,strict,2022-02-01 16:00:00,0.4775086505190311,0.32237600922722054,2.078066914498147,False,-1.0526579925650559,False,0.007497116493657372,22
D,DOGEUSDT,bear,half,2022-02-01 16:00:00,0.4775086505190311,0.32237600922722054,2.078066914498147,False,-1.0526579925650559,False,0.007497116493657372,22
D,DOGEUSDT,bear,none,2022-02-01 16:00:00,0.4775086505190311,0.32237600922722054,2.078066914498147,False,-1.0526579925650559,False,0.007497116493657372,22
D,DOGEUSDT,bear,none,2022-02-14 00:00:00,0.537832929782082,0.15012106537530248,0.3871975019516001,True,0.3758813427010146,True,0.13831719128329276,0
D,DOGEUSDT,bear,strict,2022-02-17 12:00:00,0.6462140992167115,0.10770234986945251,0.20000000000000134,True,0.18253333333333469,True,0.030026109660573643,9
D,DOGEUSDT,bear,half,2022-02-17 12:00:00,0.6462140992167115,0.10770234986945251,0.20000000000000134,True,0.18253333333333469,True,0.030026109660573643,9
D,DOGEUSDT,bear,none,2022-02-17 12:00:00,0.6462140992167115,0.10770234986945251,0.20000000000000134,True,0.18253333333333469,True,0.030026109660573643,9
D,DOGEUSDT,bear,half,2022-02-20 00:00:00,0.6408237431859474,0.17019987886129634,0.36164736164736255,True,0.3438030888030897,True,0.08116293155663269,0
D,DOGEUSDT,bear,none,2022-02-20 00:00:00,0.6408237431859474,0.17019987886129634,0.36164736164736255,True,0.3438030888030897,True,0.08116293155663269,0
D,DOGEUSDT,bear,none,2022-03-10 04:00:00,0.4406648627754152,0.13297255508310776,0.4321608040201006,True,0.41752763819095484,False,0.10050251256281426,7
D,DOGEUSDT,bear,strict,2022-03-18 00:00:00,0.7673267326732672,0.41336633663366323,1.1678321678321675,False,-1.0268088578088579,False,0.0024752475247526596,6
D,DOGEUSDT,bear,half,2022-03-18 00:00:00,0.7673267326732672,0.41336633663366323,1.1678321678321675,False,-1.0268088578088579,False,0.0024752475247526596,6
D,DOGEUSDT,bear,none,2022-03-18 00:00:00,0.7673267326732672,0.41336633663366323,1.1678321678321675,False,-1.0268088578088579,False,0.0024752475247526596,6
D,DOGEUSDT,bear,strict,2022-04-16 08:00:00,0.681013676588898,0.4513274336283179,1.9649737302977126,True,1.9397600700525288,True,0.011665325824618366,20
D,DOGEUSDT,bear,half,2022-04-16 08:00:00,0.681013676588898,0.4513274336283179,1.9649737302977126,True,1.9397600700525288,True,0.011665325824618366,20
D,DOGEUSDT,bear,none,2022-04-16 08:00:00,0.681013676588898,0.4513274336283179,1.9649737302977126,True,1.9397600700525288,True,0.011665325824618366,20
D,DOGEUSDT,bear,none,2022-04-21 20:00:00,0.8359933957072093,0.2581177765547603,0.44666666666666627,True,0.4336952380952377,True,0.05723720418271943,11
D,DOGEUSDT,bear,strict,2022-05-05 12:00:00,0.6595049042503507,0.17094815506772587,0.34990439770554604,True,0.33774091778202786,True,0.06352171882297993,21
D,DOGEUSDT,bear,half,2022-05-05 12:00:00,0.6595049042503507,0.17094815506772587,0.34990439770554604,True,0.33774091778202786,True,0.06352171882297993,21
D,DOGEUSDT,bear,none,2022-05-05 12:00:00,0.6595049042503507,0.17094815506772587,0.34990439770554604,True,0.33774091778202786,True,0.06352171882297993,21
D,DOGEUSDT,bear,none,2022-05-14 08:00:00,0.4420459877991552,0.2934459565149382,1.9747368421052642,False,,True,0.03738463944939783,2
D,DOGEUSDT,bear,strict,2022-05-23 16:00:00,0.6013344453711428,0.20266889074228445,0.5083682008368168,True,0.4908640167363984,True,0.03169307756463768,16
D,DOGEUSDT,bear,half,2022-05-23 16:00:00,0.6013344453711428,0.20266889074228445,0.5083682008368168,True,0.4908640167363984,True,0.03169307756463768,16
D,DOGEUSDT,bear,none,2022-05-23 16:00:00,0.6013344453711428,0.20266889074228445,0.5083682008368168,True,0.4908640167363984,True,0.03169307756463768,16
D,DOGEUSDT,bear,none,2022-06-16 20:00:00,0.40740740740740755,0.15868945868945883,0.6380297823596798,True,0.6317079037800692,False,0.06866096866096852,5
D,DOGEUSDT,bear,strict,2022-06-20 00:00:00,0.9369550637156264,0.6264252179745136,2.0172786177105855,False,-1.0126025917926567,False,0.02146210596914827,0
D,DOGEUSDT,bear,half,2022-06-20 00:00:00,0.9369550637156264,0.6264252179745136,2.0172786177105855,False,-1.0126025917926567,False,0.02146210596914827,0
D,DOGEUSDT,bear,none,2022-06-20 00:00:00,0.9369550637156264,0.6264252179745136,2.0172786177105855,False,-1.0126025917926567,False,0.02146210596914827,0
D,DOGEUSDT,bear,strict,2022-07-05 08:00:00,0.471788715486195,0.2503001200480189,1.1300813008130024,False,-1.017970189701897,False,0.032412965186075206,20
D,DOGEUSDT,bear,half,2022-07-05 08:00:00,0.471788715486195,0.2503001200480189,1.1300813008130024,False,-1.017970189701897,False,0.032412965186075206,20
D,DOGEUSDT,bear,none,2022-07-05 08:00:00,0.471788715486195,0.2503001200480189,1.1300813008130024,False,-1.017970189701897,False,0.032412965186075206,20
D,DOGEUSDT,bear,strict,2022-07-17 20:00:00,0.504315659679408,0.35141800246609134,2.298387096774199,False,-1.0254153225806453,False,0.014180024660912085,17
D,DOGEUSDT,bear,half,2022-07-17 20:00:00,0.504315659679408,0.35141800246609134,2.298387096774199,False,-1.0254153225806453,False,0.014180024660912085,17
D,DOGEUSDT,bear,none,2022-07-17 20:00:00,0.504315659679408,0.35141800246609134,2.298387096774199,False,-1.0254153225806453,False,0.014180024660912085,17
D,DOGEUSDT,bear,strict,2022-08-08 12:00:00,0.7941176470588232,0.5556722689075618,2.330396475770912,False,-1.0309779735682818,False,0.006302521008402375,21
D,DOGEUSDT,bear,half,2022-08-08 12:00:00,0.7941176470588232,0.5556722689075618,2.330396475770912,False,-1.0309779735682818,False,0.006302521008402375,21
D,DOGEUSDT,bear,none,2022-08-07 00:00:00,0.6617647058823529,0.34348739495798264,1.079207920792076,False,-1.0225412541254124,False,0.03151260504201771,12
D,DOGEUSDT,bear,strict,2022-08-24 20:00:00,0.1846846846846846,0.11179361179361216,1.5337078651685538,False,-1.0381235955056183,False,0.024570024570024693,5
D,DOGEUSDT,bear,half,2022-08-24 00:00:00,0.16707616707616701,0.08312858312858326,0.9902439024390282,False,-1.0327609756097562,False,0.018427518427518663,0
D,DOGEUSDT,bear,none,2022-08-24 00:00:00,0.16707616707616701,0.08312858312858326,0.9902439024390282,False,-1.0327609756097562,False,0.018427518427518663,0
D,DOGEUSDT,bear,strict,2022-09-18 08:00:00,0.5862533692722375,0.36522911051213014,1.6524390243902507,True,1.6154024390243968,True,0.05525606469002707,2
D,DOGEUSDT,bear,half,2022-09-18 08:00:00,0.5862533692722375,0.36522911051213014,1.6524390243902507,True,1.6154024390243968,True,0.05525606469002707,2
D,DOGEUSDT,bear,none,2022-09-18 08:00:00,0.5862533692722375,0.36522911051213014,1.6524390243902507,True,1.6154024390243968,True,0.05525606469002707,2
D,DOGEUSDT,bear,strict,2022-09-21 20:00:00,0.7764350453172213,0.2039274924471305,0.3562005277044864,False,-1.0150686015831134,False,0.02265861027190292,5
D,DOGEUSDT,bear,half,2022-09-21 20:00:00,0.7764350453172213,0.2039274924471305,0.3562005277044864,False,-1.0150686015831134,False,0.02265861027190292,5
D,DOGEUSDT,bear,none,2022-09-21 20:00:00,0.7764350453172213,0.2039274924471305,0.3562005277044864,False,-1.0150686015831134,False,0.02265861027190292,5
D,DOGEUSDT,bear,strict,2022-10-23 08:00:00,0.6978417266187057,0.45563549160671435,1.8811881188118726,False,-1.058326732673267,False,0.02398081534772251,2
D,DOGEUSDT,bear,half,2022-10-23 08:00:00,0.6978417266187057,0.45563549160671435,1.8811881188118726,False,-1.058326732673267,False,0.02398081534772251,2
D,DOGEUSDT,bear,none,2022-10-23 08:00:00,0.6978417266187057,0.45563549160671435,1.8811881188118726,False,-1.058326732673267,False,0.02398081534772251,2
D,DOGEUSDT,bear,none,2022-12-06 16:00:00,0.6332469907054701,0.4398902940728327,2.275019700551617,True,2.26720961386919,True,0.018284321194575754,154
D,DOGEUSDT,bear,strict,2022-12-09 12:00:00,0.3673469387755102,0.2556122448979593,2.2876712328767153,True,2.243283105022834,True,0.006122448979591589,3
D,DOGEUSDT,bear,half,2022-12-09 12:00:00,0.3673469387755102,0.2556122448979593,2.2876712328767153,True,2.243283105022834,True,0.006122448979591589,3
D,DOGEUSDT,bear,none,2022-12-09 12:00:00,0.3673469387755102,0.2556122448979593,2.2876712328767153,True,2.243283105022834,True,0.006122448979591589,3
D,DOGEUSDT,bear,none,2022-12-19 00:00:00,0.28487318840579723,0.16440217391304382,1.3646616541353436,True,1.3355864661654187,True,0.0199275362318845,6
D,DOGEUSDT,bear,strict,2022-12-23 12:00:00,0.9055343511450378,0.7290076335877868,4.129729729729755,True,4.088021621621647,True,0.0047709923664116865,15
D,DOGEUSDT,bear,half,2022-12-23 12:00:00,0.9055343511450378,0.7290076335877868,4.129729729729755,True,4.088021621621647,True,0.0047709923664116865,15
D,DOGEUSDT,bear,none,2022-12-21 04:00:00,0.5839694656488549,0.28721374045801507,0.9678456591639862,False,-1.02332154340836,False,0.0601145038167944,1
D,DOGEUSDT,bear,none,2023-01-06 08:00:00,0.7249814677538925,0.36842105263157904,1.033264033264032,False,-1.0146548856548856,False,0.10378057820607844,32
D,DOGEUSDT,bear,strict,2023-01-08 04:00:00,0.6291390728476813,0.4155629139072842,1.9457364341085266,False,-1.0556356589147287,False,0.0033112582781444095,1
D,DOGEUSDT,bear,half,2023-01-08 04:00:00,0.6291390728476813,0.4155629139072842,1.9457364341085266,False,-1.0556356589147287,False,0.0033112582781444095,1
D,DOGEUSDT,bear,none,2023-01-08 04:00:00,0.6291390728476813,0.4155629139072842,1.9457364341085266,False,-1.0556356589147287,False,0.0033112582781444095,1
D,DOGEUSDT,bear,half,2023-02-16 20:00:00,0.903160726294553,0.42299932750504415,0.8809523809523823,True,0.8690616246498613,True,0.06186953597848047,35
D,DOGEUSDT,bear,none,2023-02-16 20:00:00,0.903160726294553,0.42299932750504415,0.8809523809523823,True,0.8690616246498613,True,0.06186953597848047,35
D,DOGEUSDT,bear,strict,2023-02-27 16:00:00,0.35247208931419527,0.18261562998405112,1.0751173708920154,False,-1.0377981220657275,False,0.0023923444976078354,4
D,DOGEUSDT,bear,half,2023-02-27 16:00:00,0.35247208931419527,0.18261562998405112,1.0751173708920154,False,-1.0377981220657275,False,0.0023923444976078354,4
D,DOGEUSDT,bear,none,2023-02-27 16:00:00,0.35247208931419527,0.18261562998405112,1.0751173708920154,False,-1.0377981220657275,False,0.0023923444976078354,4
D,DOGEUSDT,bear,strict,2023-03-17 12:00:00,0.8150289017341036,0.6127167630057808,3.028571428571444,False,-1.0350761904761907,False,0.0009633911368011679,3
D,DOGEUSDT,bear,half,2023-03-17 12:00:00,0.8150289017341036,0.6127167630057808,3.028571428571444,False,-1.0350761904761907,False,0.0009633911368011679,3
D,DOGEUSDT,bear,none,2023-03-17 12:00:00,0.8150289017341036,0.6127167630057808,3.028571428571444,False,-1.0350761904761907,False,0.0009633911368011679,3
D,DOGEUSDT,bear,strict,2023-03-22 08:00:00,0.8797250859106519,0.49942726231385887,1.313253012048188,False,-1.0224638554216867,False,0.024054982817869622,2
D,DOGEUSDT,bear,half,2023-03-22 08:00:00,0.8797250859106519,0.49942726231385887,1.313253012048188,False,-1.0224638554216867,False,0.024054982817869622,2
D,DOGEUSDT,bear,none,2023-03-22 08:00:00,0.8797250859106519,0.49942726231385887,1.313253012048188,False,-1.0224638554216867,False,0.024054982817869622,2
D,DOGEUSDT,bear,none,2023-03-30 20:00:00,0.6769964243146612,0.3587604290822409,1.1273408239700347,False,-1.0277790262172284,False,0.1609058402860554,11
D,DOGEUSDT,bear,strict,2023-04-23 12:00:00,0.2601334017444845,0.1718830169317601,1.9476744186046553,False,-1.0460697674418604,True,0.023088763468445652,3
D,DOGEUSDT,bear,half,2023-04-23 12:00:00,0.2601334017444845,0.1718830169317601,1.9476744186046553,False,-1.0460697674418604,True,0.023088763468445652,3
D,DOGEUSDT,bear,none,2023-04-23 12:00:00,0.2601334017444845,0.1718830169317601,1.9476744186046553,False,-1.0460697674418604,True,0.023088763468445652,3
D,DOGEUSDT,bear,strict,2023-04-30 16:00:00,0.354745925215724,0.2660594439117928,2.9999999999999925,True,2.9567189189189116,True,0.005752636625119611,16
D,DOGEUSDT,bear,half,2023-04-30 16:00:00,0.354745925215724,0.2660594439117928,2.9999999999999925,True,2.9567189189189116,True,0.005752636625119611,16
D,DOGEUSDT,bear,none,2023-04-30 16:00:00,0.354745925215724,0.2660594439117928,2.9999999999999925,True,2.9567189189189116,True,0.005752636625119611,16
D,DOGEUSDT,bear,half,2023-06-05 00:00:00,0.817174515235455,0.31578947368421095,0.6298342541436504,True,0.5903093922651972,True,0.036011080332407526,18
D,DOGEUSDT,bear,none,2023-06-05 00:00:00,0.817174515235455,0.31578947368421095,0.6298342541436504,True,0.5903093922651972,True,0.036011080332407526,18
D,DOGEUSDT,bear,strict,2023-06-24 12:00:00,0.8449687048627829,0.6360134809821859,3.0437788018433203,False,-1.0151589861751151,True,0.017814155031295582,75
D,DOGEUSDT,bear,half,2023-06-24 12:00:00,0.8449687048627829,0.6360134809821859,3.0437788018433203,False,-1.0151589861751151,True,0.017814155031295582,75
D,DOGEUSDT,bear,none,2023-06-15 00:00:00,0.49590755897929734,0.3644679826673087,2.7728937728937697,False,-1.022032967032967,False,0.0356283100625905,18
D,DOGEUSDT,bear,strict,2023-07-24 00:00:00,0.5031847133757958,0.23057324840764243,0.8457943925233596,False,-1.033088785046729,False,0.07261146496815304,0
D,DOGEUSDT,bear,half,2023-07-24 00:00:00,0.5031847133757958,0.23057324840764243,0.8457943925233596,False,-1.033088785046729,False,0.07261146496815304,0
D,DOGEUSDT,bear,none,2023-07-24 00:00:00,0.5031847133757958,0.23057324840764243,0.8457943925233596,False,-1.033088785046729,False,0.07261146496815304,0
D,DOGEUSDT,bear,none,2023-08-07 12:00:00,0.45984703632887225,0.12523900573613808,0.37428571428571555,True,0.35325714285714416,False,0.11472275334608081,15
D,DOGEUSDT,bear,strict,2023-08-21 12:00:00,0.4410302756439221,0.29191143244464524,1.9575757575757593,False,-1.0186242424242424,False,0.017623136014460073,15
D,DOGEUSDT,bear,half,2023-08-21 12:00:00,0.4410302756439221,0.29191143244464524,1.9575757575757593,False,-1.0186242424242424,False,0.017623136014460073,15
D,DOGEUSDT,bear,none,2023-08-21 12:00:00,0.4410302756439221,0.29191143244464524,1.9575757575757593,False,-1.0186242424242424,False,0.017623136014460073,15
D,DOGEUSDT,bear,strict,2023-09-16 12:00:00,0.7893660531697337,0.6155419222903876,3.541176470588219,False,-1.0730705882352938,True,0.02044989775051039,21
D,DOGEUSDT,bear,half,2023-09-16 12:00:00,0.7893660531697337,0.6155419222903876,3.541176470588219,False,-1.0730705882352938,True,0.02044989775051039,21
D,DOGEUSDT,bear,none,2023-09-16 12:00:00,0.7893660531697337,0.6155419222903876,3.541176470588219,False,-1.0730705882352938,True,0.02044989775051039,21
D,DOGEUSDT,bear,none,2023-10-22 08:00:00,0.9760348583877998,0.7450980392156871,3.2264150943396332,False,-1.0571981132075472,False,0.023965141612200196,8
D,DOGEUSDT,bear,strict,2023-10-30 00:00:00,0.39634146341463283,0.20121951219512182,1.0312500000000053,False,-1.0429250000000003,False,0.009756097560975214,6
D,DOGEUSDT,bear,half,2023-10-30 00:00:00,0.39634146341463283,0.20121951219512182,1.0312500000000053,False,-1.0429250000000003,False,0.009756097560975214,6
D,DOGEUSDT,bear,none,2023-10-30 00:00:00,0.39634146341463283,0.20121951219512182,1.0312500000000053,False,-1.0429250000000003,False,0.009756097560975214,6
D,DOGEUSDT,bear,strict,2023-11-02 12:00:00,0.564681724845995,0.20739219712525608,0.5804597701149413,False,-1.0193994252873564,False,0.04004106776180714,3
D,DOGEUSDT,bear,half,2023-11-02 12:00:00,0.564681724845995,0.20739219712525608,0.5804597701149413,False,-1.0193994252873564,False,0.04004106776180714,3
D,DOGEUSDT,bear,none,2023-11-02 12:00:00,0.564681724845995,0.20739219712525608,0.5804597701149413,False,-1.0193994252873564,False,0.04004106776180714,3
D,DOGEUSDT,bear,strict,2023-11-27 12:00:00,0.939830508474576,0.5677966101694922,1.5261958997722154,False,-1.0175854214123008,False,0.005932203389830558,27
D,DOGEUSDT,bear,half,2023-11-27 12:00:00,0.939830508474576,0.5677966101694922,1.5261958997722154,False,-1.0175854214123008,False,0.005932203389830558,27
D,DOGEUSDT,bear,none,2023-11-27 12:00:00,0.939830508474576,0.5677966101694922,1.5261958997722154,False,-1.0175854214123008,False,0.005932203389830558,27
D,DOGEUSDT,bear,strict,2023-12-09 16:00:00,0.8815305371596762,0.5378955114054448,1.5653104925053503,False,-1.0214796573875802,False,0.022075055187638592,4
D,DOGEUSDT,bear,half,2023-12-09 16:00:00,0.8815305371596762,0.5378955114054448,1.5653104925053503,False,-1.0214796573875802,False,0.022075055187638592,4
D,DOGEUSDT,bear,none,2023-12-09 16:00:00,0.8815305371596762,0.5378955114054448,1.5653104925053503,False,-1.0214796573875802,False,0.022075055187638592,4
D,DOGEUSDT,bear,strict,2023-12-26 04:00:00,0.6878172588832487,0.32233502538071024,0.8819444444444423,True,0.849736111111109,True,0.021573604060914114,1
D,DOGEUSDT,bear,half,2023-12-26 04:00:00,0.6878172588832487,0.32233502538071024,0.8819444444444423,True,0.849736111111109,True,0.021573604060914114,1
D,DOGEUSDT,bear,none,2023-12-26 04:00:00,0.6878172588832487,0.32233502538071024,0.8819444444444423,True,0.849736111111109,True,0.021573604060914114,1
D,DOGEUSDT,bear,strict,2023-12-28 12:00:00,0.9467455621301776,0.5848126232741611,1.6158038147138911,True,1.5908910081743817,True,0.008875739644971082,3
D,DOGEUSDT,bear,half,2023-12-28 12:00:00,0.9467455621301776,0.5848126232741611,1.6158038147138911,True,1.5908910081743817,True,0.008875739644971082,3
D,DOGEUSDT,bear,none,2023-12-28 12:00:00,0.9467455621301776,0.5848126232741611,1.6158038147138911,True,1.5908910081743817,True,0.008875739644971082,3
D,DOGEUSDT,bear,strict,2024-01-02 12:00:00,0.9206349206349201,0.534391534391533,1.3835616438356095,True,1.3521986301369795,True,0.06481481481481358,15
D,DOGEUSDT,bear,half,2024-01-02 12:00:00,0.9206349206349201,0.534391534391533,1.3835616438356095,True,1.3521986301369795,True,0.06481481481481358,15
D,DOGEUSDT,bear,none,2024-01-02 12:00:00,0.9206349206349201,0.534391534391533,1.3835616438356095,True,1.3521986301369795,True,0.06481481481481358,15
D,DOGEUSDT,bear,none,2024-01-18 16:00:00,0.6869024856596557,0.1902485659655831,0.3830606352261789,False,-1.0074648700673725,False,0.14101338432122415,82
D,DOGEUSDT,bear,strict,2024-01-14 16:00:00,0.6410026857654432,0.3643688451208598,1.3171521035598739,True,1.2909870550161846,True,0.04565801253357176,4
D,DOGEUSDT,bear,half,2024-01-14 16:00:00,0.6410026857654432,0.3643688451208598,1.3171521035598739,True,1.2909870550161846,True,0.04565801253357176,4
D,DOGEUSDT,bear,none,2024-01-14 16:00:00,0.6410026857654432,0.3643688451208598,1.3171521035598739,True,1.2909870550161846,True,0.04565801253357176,4
D,DOGEUSDT,bear,half,2024-01-31 08:00:00,0.48876786929884236,0.21307011572498263,0.7728395061728384,False,-1.0195061728395063,False,0.04628999319264808,38
D,DOGEUSDT,bear,none,2024-01-29 04:00:00,0.38189244383934595,0.17699115044247735,0.8637873754152798,False,-1.0260697674418604,False,0.020422055820285556,25
D,DOGEUSDT,bear,strict,2024-02-05 20:00:00,0.5316239316239324,0.1897435897435899,0.5549999999999995,False,-1.039155,False,0.013675213675215504,17
D,DOGEUSDT,bear,half,2024-02-05 20:00:00,0.5316239316239324,0.1897435897435899,0.5549999999999995,False,-1.039155,False,0.013675213675215504,17
D,DOGEUSDT,bear,none,2024-02-05 20:00:00,0.5316239316239324,0.1897435897435899,0.5549999999999995,False,-1.039155,False,0.013675213675215504,17
D,DOGEUSDT,bear,strict,2024-03-23 20:00:00,0.7363483618034162,0.5530663679641556,3.0175706646294898,False,-1.0123773873185637,False,0.004480537664519948,11
D,DOGEUSDT,bear,half,2024-03-23 20:00:00,0.7363483618034162,0.5530663679641556,3.0175706646294898,False,-1.0123773873185637,False,0.004480537664519948,11
D,DOGEUSDT,bear,none,2024-03-23 20:00:00,0.7363483618034162,0.5530663679641556,3.0175706646294898,False,-1.0123773873185637,False,0.004480537664519948,11
D,DOGEUSDT,bear,half,2024-04-21 16:00:00,0.8956608148393512,0.6068234514739982,2.1009174311926597,True,2.0829059633027516,True,0.07850281550182217,4
D,DOGEUSDT,bear,none,2024-04-21 16:00:00,0.8956608148393512,0.6068234514739982,2.1009174311926597,True,2.0829059633027516,True,0.07850281550182217,4
D,DOGEUSDT,bear,strict,2024-05-10 12:00:00,0.44723247232472374,0.1055350553505535,0.3088552915766734,True,0.29321166306695423,False,0.01143911439114408,3
D,DOGEUSDT,bear,half,2024-05-10 12:00:00,0.44723247232472374,0.1055350553505535,0.3088552915766734,True,0.29321166306695423,False,0.01143911439114408,3
D,DOGEUSDT,bear,none,2024-05-10 12:00:00,0.44723247232472374,0.1055350553505535,0.3088552915766734,True,0.29321166306695423,False,0.01143911439114408,3
D,DOGEUSDT,bear,strict,2024-06-03 16:00:00,0.5535077288941735,0.35612366230677794,1.8042168674698837,False,-1.0482861445783134,False,0.005945303210464738,10
D,DOGEUSDT,bear,half,2024-06-03 16:00:00,0.5535077288941735,0.35612366230677794,1.8042168674698837,False,-1.0482861445783134,False,0.005945303210464738,10
D,DOGEUSDT,bear,none,2024-06-03 16:00:00,0.5535077288941735,0.35612366230677794,1.8042168674698837,False,-1.0482861445783134,False,0.005945303210464738,10
D,DOGEUSDT,bear,strict,2024-06-20 12:00:00,0.6227091633466134,0.37768924302788837,1.541463414634146,True,1.521533333333333,True,0.03745019920318709,3
D,DOGEUSDT,bear,half,2024-06-20 12:00:00,0.6227091633466134,0.37768924302788837,1.541463414634146,True,1.521533333333333,True,0.03745019920318709,3
D,DOGEUSDT,bear,none,2024-06-20 12:00:00,0.6227091633466134,0.37768924302788837,1.541463414634146,True,1.521533333333333,True,0.03745019920318709,3
D,DOGEUSDT,bear,half,2024-07-07 04:00:00,0.6697539797395076,0.5484804630969606,4.522673031026253,False,-1.026238663484487,True,0.06714905933429817,1
D,DOGEUSDT,bear,none,2024-07-07 04:00:00,0.6697539797395076,0.5484804630969606,4.522673031026253,False,-1.026238663484487,True,0.06714905933429817,1
D,DOGEUSDT,bear,none,2024-07-28 00:00:00,0.7917369308600336,0.40092748735244493,1.0258899676375395,True,1.0119190938511318,True,0.05733558178752111,6
D,DOGEUSDT,bear,half,2024-08-11 20:00:00,0.5587481698389458,0.3682284040995607,1.932756964457252,False,-1.009657060518732,False,0.022877013177159355,29
D,DOGEUSDT,bear,none,2024-08-11 20:00:00,0.5587481698389458,0.3682284040995607,1.932756964457252,False,-1.009657060518732,False,0.022877013177159355,29
D,DOGEUSDT,bear,strict,2024-08-18 16:00:00,0.6190885640584692,0.4385210662080819,2.42857142857142,False,-1.048790476190476,True,0.004299226139295646,4
D,DOGEUSDT,bear,half,2024-08-18 16:00:00,0.6190885640584692,0.4385210662080819,2.42857142857142,False,-1.048790476190476,True,0.004299226139295646,4
D,DOGEUSDT,bear,none,2024-08-18 16:00:00,0.6190885640584692,0.4385210662080819,2.42857142857142,False,-1.048790476190476,True,0.004299226139295646,4
D,DOGEUSDT,bear,strict,2024-09-03 12:00:00,0.7338282078472959,0.32343584305408263,0.7881136950904388,True,0.7630826873385008,True,0.07423117709437888,3
D,DOGEUSDT,bear,half,2024-09-03 12:00:00,0.7338282078472959,0.32343584305408263,0.7881136950904388,True,0.7630826873385008,True,0.07423117709437888,3
D,DOGEUSDT,bear,none,2024-09-03 12:00:00,0.7338282078472959,0.32343584305408263,0.7881136950904388,True,0.7630826873385008,True,0.07423117709437888,3
D,DOGEUSDT,bear,strict,2024-09-20 16:00:00,0.9062191510365245,0.6238894373149054,2.209790209790206,False,-1.036576923076923,False,0.009871668311945001,16
D,DOGEUSDT,bear,half,2024-09-18 12:00:00,0.4254689042448168,0.16386969397828183,0.6264150943396208,False,-1.0377169811320754,False,0.028627838104639546,3
D,DOGEUSDT,bear,none,2024-09-18 12:00:00,0.4254689042448168,0.16386969397828183,0.6264150943396208,False,-1.0377169811320754,False,0.028627838104639546,3
D,DOGEUSDT,bear,strict,2024-10-07 20:00:00,0.4631410256410253,0.23621794871794827,1.040960451977399,False,-1.0153064971751413,False,0.024679487179487394,17
D,DOGEUSDT,bear,half,2024-10-07 20:00:00,0.4631410256410253,0.23621794871794827,1.040960451977399,False,-1.0153064971751413,False,0.024679487179487394,17
D,DOGEUSDT,bear,none,2024-10-07 20:00:00,0.4631410256410253,0.23621794871794827,1.040960451977399,False,-1.0153064971751413,False,0.024679487179487394,17
D,DOGEUSDT,bear,strict,2024-10-25 04:00:00,0.6440982624325945,0.2971839424805266,0.8566493955094953,True,0.8328048359240031,True,0.004194128220492178,1
D,DOGEUSDT,bear,half,2024-10-25 04:00:00,0.6440982624325945,0.2971839424805266,0.8566493955094953,True,0.8328048359240031,True,0.004194128220492178,1
D,DOGEUSDT,bear,none,2024-10-25 04:00:00,0.6440982624325945,0.2971839424805266,0.8566493955094953,True,0.8328048359240031,True,0.004194128220492178,1
D,DOGEUSDT,bear,half,2024-12-03 12:00:00,0.8562575314167672,0.35772077810294406,0.7175414364640894,False,-1.007016229281768,False,0.006541573420554165,33
D,DOGEUSDT,bear,none,2024-12-03 12:00:00,0.8562575314167672,0.35772077810294406,0.7175414364640894,False,-1.007016229281768,False,0.006541573420554165,33
D,DOGEUSDT,bear,strict,2024-12-12 16:00:00,0.4935833333333334,0.3066666666666667,1.6406598305840387,True,1.622746321890325,True,8.333333333341668e-05,4
D,DOGEUSDT,bear,half,2024-12-12 16:00:00,0.4935833333333334,0.3066666666666667,1.6406598305840387,True,1.622746321890325,True,8.333333333341668e-05,4
D,DOGEUSDT,bear,none,2024-12-12 16:00:00,0.4935833333333334,0.3066666666666667,1.6406598305840387,True,1.622746321890325,True,8.333333333341668e-05,4
D,DOGEUSDT,bear,strict,2024-12-16 08:00:00,0.749663888141974,0.16913148695886038,0.2913385826771662,True,0.2731204261232061,True,0.018284485076632384,2
D,DOGEUSDT,bear,half,2024-12-16 08:00:00,0.749663888141974,0.16913148695886038,0.2913385826771662,True,0.2731204261232061,True,0.018284485076632384,2
D,DOGEUSDT,bear,none,2024-12-16 08:00:00,0.749663888141974,0.16913148695886038,0.2913385826771662,True,0.2731204261232061,True,0.018284485076632384,2
D,DOGEUSDT,bear,strict,2025-01-07 12:00:00,0.8933298388153583,0.6648538854671733,2.9099512474906786,False,-1.0104321766561515,True,0.031385139562311724,99
D,DOGEUSDT,bear,half,2025-01-07 12:00:00,0.8933298388153583,0.6648538854671733,2.9099512474906786,False,-1.0104321766561515,True,0.031385139562311724,99
D,DOGEUSDT,bear,none,2025-01-07 12:00:00,0.8933298388153583,0.6648538854671733,2.9099512474906786,False,-1.0104321766561515,True,0.031385139562311724,99
D,DOGEUSDT,bear,none,2024-12-26 08:00:00,0.8355960967331346,0.3122613491726773,0.5966761248479947,False,-1.0128678556951762,False,0.18201103097157348,8
D,DOGEUSDT,bear,strict,2024-12-29 16:00:00,0.6283264340626853,0.22974571259609722,0.5764094955489617,True,0.5529621661721071,False,0.005913660555883448,10
D,DOGEUSDT,bear,half,2024-12-29 16:00:00,0.6283264340626853,0.22974571259609722,0.5764094955489617,True,0.5529621661721071,False,0.005913660555883448,10
D,DOGEUSDT,bear,none,2024-12-29 16:00:00,0.6283264340626853,0.22974571259609722,0.5764094955489617,True,0.5529621661721071,False,0.005913660555883448,10
D,DOGEUSDT,bear,strict,2025-01-13 08:00:00,0.40194681861348536,0.013414055080721986,0.034524900702719845,True,0.024894897647418892,False,0.022317188983855568,14
D,DOGEUSDT,bear,half,2025-01-13 08:00:00,0.40194681861348536,0.013414055080721986,0.034524900702719845,True,0.024894897647418892,False,0.022317188983855568,14
D,DOGEUSDT,bear,none,2025-01-13 08:00:00,0.40194681861348536,0.013414055080721986,0.034524900702719845,True,0.024894897647418892,False,0.07122507122507131,14
D,DOGEUSDT,bear,strict,2025-02-01 16:00:00,0.6220891550232865,0.17614770459081816,0.39500186497575485,True,0.3832525177172692,True,0.0008316699933465484,22
D,DOGEUSDT,bear,half,2025-02-01 16:00:00,0.6220891550232865,0.17614770459081816,0.39500186497575485,True,0.3832525177172692,True,0.0008316699933465484,22
D,DOGEUSDT,bear,none,2025-02-01 16:00:00,0.6220891550232865,0.17614770459081816,0.39500186497575485,True,0.3832525177172692,True,0.0008316699933465484,22
D,DOGEUSDT,bear,none,2025-03-03 12:00:00,0.7597744360902257,0.42230576441102774,1.2513924990716685,True,1.243405124396585,True,0.1458646616541355,9
D,DOGEUSDT,bear,half,2025-03-06 16:00:00,0.6274608783442706,0.2872286723876826,0.84421364985163,True,0.8343387734915905,True,0.03365303718660613,4
D,DOGEUSDT,bear,none,2025-03-06 16:00:00,0.6274608783442706,0.2872286723876826,0.84421364985163,True,0.8343387734915905,True,0.03365303718660613,4
D,DOGEUSDT,bear,strict,2025-03-21 12:00:00,0.47150259067357503,0.29443005181347154,1.6627651792245808,False,-1.012100950987564,False,0.004274611398963692,51
D,DOGEUSDT,bear,half,2025-03-18 08:00:00,0.45440414507772026,0.3053108808290153,2.0477845351867887,False,-1.0144448305821026,False,0.014637305699482125,32
D,DOGEUSDT,bear,none,2025-03-18 08:00:00,0.45440414507772026,0.3053108808290153,2.0477845351867887,False,-1.0144448305821026,False,0.014637305699482125,32
D,DOGEUSDT,bear,strict,2025-03-18 00:00:00,0.8687448728465942,0.16981132075471594,0.2429577464788719,True,0.22328051643192354,False,0.00820344544708687,0
D,DOGEUSDT,bear,half,2025-03-18 00:00:00,0.8687448728465942,0.16981132075471594,0.2429577464788719,True,0.22328051643192354,False,0.00820344544708687,0
D,DOGEUSDT,bear,none,2025-03-18 00:00:00,0.8687448728465942,0.16981132075471594,0.2429577464788719,True,0.22328051643192354,False,0.00820344544708687,0
D,DOGEUSDT,bear,strict,2025-04-02 20:00:00,0.43834717971141196,0.08220376038478323,0.23081645181092608,True,0.22076365868630976,True,0.016397026672496734,5
D,DOGEUSDT,bear,half,2025-04-02 20:00:00,0.43834717971141196,0.08220376038478323,0.23081645181092608,True,0.22076365868630976,True,0.016397026672496734,5
D,DOGEUSDT,bear,none,2025-04-02 20:00:00,0.43834717971141196,0.08220376038478323,0.23081645181092608,True,0.22076365868630976,True,0.016397026672496734,5
D,DOGEUSDT,bear,strict,2025-04-13 04:00:00,0.9210893854748602,0.7960893854748605,6.368715083798901,False,-1.0305456238361268,False,0.013500931098696397,25
D,DOGEUSDT,bear,half,2025-04-13 04:00:00,0.9210893854748602,0.7960893854748605,6.368715083798901,False,-1.0305456238361268,False,0.013500931098696397,25
D,DOGEUSDT,bear,none,2025-04-09 00:00:00,0.632216014897579,0.20740223463687155,0.4882191780821922,False,-1.007602191780822,False,0.04934823091247633,0
D,DOGEUSDT,bear,none,2025-04-20 08:00:00,0.5526450950179763,0.16127375449409237,0.4120734908136443,False,-1.0201102362204724,False,0.024653312788906447,14
D,DOGEUSDT,bear,strict,2025-05-02 04:00:00,0.6754916792738276,0.48146747352496255,2.481481481481487,True,2.4465360623781733,True,0.03366111951588507,1
D,DOGEUSDT,bear,half,2025-05-02 04:00:00,0.6754916792738276,0.48146747352496255,2.481481481481487,True,2.4465360623781733,True,0.03366111951588507,1
D,DOGEUSDT,bear,none,2025-05-02 04:00:00,0.6754916792738276,0.48146747352496255,2.481481481481487,True,2.4465360623781733,True,0.03366111951588507,1
D,DOGEUSDT,bear,half,2025-05-27 20:00:00,0.4255209673269872,0.26678672498070527,1.680713128038906,True,1.6441021069692139,True,0.0064316953949061,5
D,DOGEUSDT,bear,none,2025-05-27 20:00:00,0.4255209673269872,0.26678672498070527,1.680713128038906,True,1.6441021069692139,True,0.0064316953949061,5
D,DOGEUSDT,bear,strict,2025-06-03 20:00:00,0.3533427495291902,0.17961393596986816,1.0338753387533877,True,1.0077208672086722,True,0.019067796610169618,11
D,DOGEUSDT,bear,half,2025-06-03 20:00:00,0.3533427495291902,0.17961393596986816,1.0338753387533877,True,1.0077208672086722,True,0.019067796610169618,11
D,DOGEUSDT,bear,none,2025-06-03 20:00:00,0.3533427495291902,0.17961393596986816,1.0338753387533877,True,1.0077208672086722,True,0.019067796610169618,11
D,DOGEUSDT,bear,none,2025-06-09 04:00:00,0.6385652973635806,0.41906805640711203,1.9092178770949704,False,-1.0253421787709498,False,0.0564071122011039,13
D,DOGEUSDT,bear,strict,2025-07-03 12:00:00,0.8510638297872342,0.7000518941359621,4.6357388316151,False,-1.0291340206185566,True,0.07628437986507522,57
D,DOGEUSDT,bear,half,2025-07-03 12:00:00,0.8510638297872342,0.7000518941359621,4.6357388316151,False,-1.0291340206185566,True,0.07628437986507522,57
D,DOGEUSDT,bear,none,2025-07-01 20:00:00,0.7112091333679293,0.39206019719771634,1.2284552845528438,False,-1.012820325203252,False,0.10638297872340481,47
D,DOGEUSDT,bear,none,2025-07-28 20:00:00,0.41406133133881845,0.07838444278234888,0.23351158645276404,True,0.22343761140820076,True,0.055048616305161065,11
D,DOGEUSDT,bear,half,2025-08-10 04:00:00,0.9704950825137524,0.730788464744124,3.048678720445061,False,-1.0161578581363004,False,0.024504084014002323,31
D,DOGEUSDT,bear,none,2025-08-10 04:00:00,0.9704950825137524,0.730788464744124,3.048678720445061,False,-1.0161578581363004,False,0.024504084014002323,31
D,DOGEUSDT,bear,strict,2025-08-23 00:00:00,0.9914383561643837,0.6857876712328769,2.2436974789915967,False,-1.0216125116713353,False,0.14240867579908664,6
D,DOGEUSDT,bear,half,2025-08-23 00:00:00,0.9914383561643837,0.6857876712328769,2.2436974789915967,False,-1.0216125116713353,False,0.14240867579908664,6
D,DOGEUSDT,bear,none,2025-08-23 00:00:00,0.9914383561643837,0.6857876712328769,2.2436974789915967,False,-1.0216125116713353,False,0.14240867579908664,6
D,DOGEUSDT,bear,strict,2025-08-28 12:00:00,0.5177250701351693,0.39301198673807725,3.151329243353799,True,3.106110429447868,True,0.019127773527161458,9
D,DOGEUSDT,bear,half,2025-08-28 12:00:00,0.5177250701351693,0.39301198673807725,3.151329243353799,True,3.106110429447868,True,0.019127773527161458,9
D,DOGEUSDT,bear,none,2025-08-28 12:00:00,0.5177250701351693,0.39301198673807725,3.151329243353799,True,3.106110429447868,True,0.019127773527161458,9
D,DOGEUSDT,bear,half,2025-08-31 20:00:00,0.7119266055045872,0.2403669724770639,0.5097276264591429,True,0.4820246433203621,True,0.0935779816513765,5
D,DOGEUSDT,bear,none,2025-08-31 20:00:00,0.7119266055045872,0.2403669724770639,0.5097276264591429,True,0.4820246433203621,True,0.0935779816513765,5
D,DOGEUSDT,bear,none,2025-09-19 08:00:00,0.6400716275368089,0.2904894548348586,0.8309618668184392,True,0.81553044963005,True,0.07500994826900106,8
D,DOGEUSDT,bear,none,2025-09-25 00:00:00,0.544324970131421,0.19689366786140974,0.5667125171939488,True,0.5504821182943614,True,0.06356033452807636,6
D,DOGEUSDT,bear,strict,2025-09-30 12:00:00,0.6130853537030895,0.24842245101295232,0.6812386156648429,False,-1.0207559198542804,False,0.0009963467286616498,21
D,DOGEUSDT,bear,none,2025-09-28 08:00:00,0.4576552640318831,0.19561607439388948,0.7465145754119165,False,-1.028683143219265,False,0.05679176353370943,8
D,DOGEUSDT,bear,strict,2025-10-14 00:00:00,0.7203816875737106,0.663986276401844,11.773764258555133,False,,True,0.001715449769486367,12
D,DOGEUSDT,bear,half,2025-10-14 00:00:00,0.7203816875737106,0.663986276401844,11.773764258555133,False,,True,0.001715449769486367,12
D,DOGEUSDT,bear,none,2025-10-14 00:00:00,0.7203816875737106,0.663986276401844,11.773764258555133,False,,True,0.001715449769486367,12
D,DOGEUSDT,bear,strict,2025-10-21 00:00:00,0.6308051341890315,0.4928821470245041,3.5736040609137065,False,-1.0332487309644671,False,0.037339556592765236,12
D,DOGEUSDT,bear,half,2025-10-21 00:00:00,0.6308051341890315,0.4928821470245041,3.5736040609137065,False,-1.0332487309644671,False,0.037339556592765236,12
D,DOGEUSDT,bear,none,2025-10-21 00:00:00,0.6308051341890315,0.4928821470245041,3.5736040609137065,False,-1.0332487309644671,False,0.037339556592765236,12
D,DOGEUSDT,bear,strict,2025-11-06 04:00:00,0.4642187081211474,0.3138568748324847,2.0873440285204974,False,-1.0290855614973262,True,0.02010184937014208,1
D,DOGEUSDT,bear,half,2025-11-06 04:00:00,0.4642187081211474,0.3138568748324847,2.0873440285204974,False,-1.0290855614973262,True,0.02010184937014208,1
D,DOGEUSDT,bear,none,2025-11-06 04:00:00,0.4642187081211474,0.3138568748324847,2.0873440285204974,False,-1.0290855614973262,True,0.02010184937014208,1
D,DOGEUSDT,bear,strict,2025-12-01 00:00:00,0.7267961763798957,0.12087573234659292,0.19949109414758304,True,0.19251501272264665,False,0.008942337341967702,48
D,DOGEUSDT,bear,half,2025-11-26 08:00:00,0.6725254394079557,0.5127967930928157,3.2104247104247174,False,-1.0289169884169884,False,0.02220166512488518,20
D,DOGEUSDT,bear,none,2025-11-26 08:00:00,0.6725254394079557,0.5127967930928157,3.2104247104247174,False,-1.0289169884169884,False,0.02220166512488518,20
D,DOGEUSDT,bear,none,2025-12-04 20:00:00,0.8660287081339714,0.6255980861244018,2.601990049751242,True,2.577555555555554,True,0.04784688995215334,11
D,DOGEUSDT,bear,none,2025-12-09 04:00:00,0.5492200107584723,0.32006455083378077,1.3967136150234656,False,-1.0330352112676056,False,0.02151694459386829,1
D,DOGEUSDT,bear,half,2025-12-14 08:00:00,0.30627306273062804,0.13547706905640436,0.7932098765432014,True,0.7510092592592511,True,0.03321033210332208,2
D,DOGEUSDT,bear,none,2025-12-14 08:00:00,0.30627306273062804,0.13547706905640436,0.7932098765432014,True,0.7510092592592511,True,0.03321033210332208,2
D,DOGEUSDT,bear,strict,2025-12-23 04:00:00,0.9427875836883735,0.6421180766889824,2.1356275303643706,True,2.1092307692307672,True,0.006086427267193482,19
D,DOGEUSDT,bear,half,2025-12-23 04:00:00,0.9427875836883735,0.6421180766889824,2.1356275303643706,True,2.1092307692307672,True,0.006086427267193482,19
D,DOGEUSDT,bear,none,2025-12-23 04:00:00,0.9427875836883735,0.6421180766889824,2.1356275303643706,True,2.1092307692307672,True,0.006086427267193482,19
D,DOGEUSDT,bear,none,2025-12-29 12:00:00,0.5047233468286105,0.23616734143049975,0.8793969849246245,True,0.8482361809045239,True,0.141700404858301,9
D,DOGEUSDT,bear,none,2026-01-15 00:00:00,0.7564456721915279,0.3591160220994473,0.9038238702201625,True,0.8872954808806492,True,0.10911602209944793,6
D,DOGEUSDT,bear,strict,2026-01-29 00:00:00,0.3006225911651345,0.1369700563296769,0.8369565217391328,True,0.814826086956524,True,0.0382448858582864,12
D,DOGEUSDT,bear,half,2026-01-29 00:00:00,0.3006225911651345,0.1369700563296769,0.8369565217391328,True,0.814826086956524,True,0.0382448858582864,12
D,DOGEUSDT,bear,none,2026-01-29 00:00:00,0.3006225911651345,0.1369700563296769,0.8369565217391328,True,0.814826086956524,True,0.0382448858582864,12
D,DOGEUSDT,bear,none,2026-02-04 12:00:00,0.48201873677848317,0.2659413720157148,1.2307692307692304,True,1.2163090909090906,True,0.046841946207313266,15
D,DOGEUSDT,bear,half,2026-02-09 08:00:00,0.7273914462944827,0.4319294809010775,1.4618784530386744,False,-1.0102917127071822,False,0.055174665360757325,8
D,DOGEUSDT,bear,none,2026-02-09 08:00:00,0.7273914462944827,0.4319294809010775,1.4618784530386744,False,-1.0102917127071822,False,0.055174665360757325,8
D,DOGEUSDT,bear,none,2026-03-06 08:00:00,0.8977395048439183,0.29332615715823446,0.4853072128227956,True,0.47702226179875284,False,0.21582346609257266,26
D,DOGEUSDT,bear,strict,2026-03-13 16:00:00,0.8714768883878239,0.5338218714768885,1.580968280467448,False,-1.016026711185309,False,0.025366403607666618,22
D,DOGEUSDT,bear,half,2026-03-13 16:00:00,0.8714768883878239,0.5338218714768885,1.580968280467448,False,-1.016026711185309,False,0.025366403607666618,22
D,DOGEUSDT,bear,none,2026-03-11 04:00:00,0.7835400225479145,0.30214205186020304,0.6276346604215457,False,-1.0107599531615925,False,0.1014656144306649,7
D,DOGEUSDT,bear,strict,2026-03-26 04:00:00,0.5773732119635888,0.2353706111833548,0.6882129277566535,True,0.6705912547528513,False,0.04031209362808812,13
D,DOGEUSDT,bear,half,2026-03-26 04:00:00,0.5773732119635888,0.2353706111833548,0.6882129277566535,True,0.6705912547528513,False,0.04031209362808812,13
D,DOGEUSDT,bear,none,2026-03-26 00:00:00,0.5773732119635888,0.3556566970091028,1.60410557184751,True,1.5763812316715569,True,0.06111833550064994,12
D,DOGEUSDT,bear,strict,2026-03-29 12:00:00,0.7001140250855196,0.10604332953249718,0.17850287907869467,True,0.16120729366602674,False,0.01596351197263412,3
D,DOGEUSDT,bear,half,2026-03-29 12:00:00,0.7001140250855196,0.10604332953249718,0.17850287907869467,True,0.16120729366602674,False,0.01596351197263412,3
D,DOGEUSDT,bear,none,2026-03-29 12:00:00,0.7001140250855196,0.10604332953249718,0.17850287907869467,True,0.16120729366602674,False,0.01596351197263412,3
D,DOGEUSDT,bear,strict,2026-04-06 20:00:00,0.8389982110912346,0.28980322003577763,0.5276872964169363,False,-1.029488599348534,False,0.10733452593917525,17
D,DOGEUSDT,bear,half,2026-04-06 20:00:00,0.8389982110912346,0.28980322003577763,0.5276872964169363,False,-1.029488599348534,False,0.10733452593917525,17
D,DOGEUSDT,bear,none,2026-04-05 04:00:00,0.7495527728085869,0.20035778175312996,0.3648208469055358,False,-1.0293257328990228,False,0.028622540250448556,7
D,DOGEUSDT,bear,strict,2026-04-22 16:00:00,0.6309278350515464,0.4309278350515467,2.1546391752577367,False,-1.0498144329896908,False,0.027835051546392407,10
D,DOGEUSDT,bear,half,2026-04-22 16:00:00,0.6309278350515464,0.4309278350515467,2.1546391752577367,False,-1.0498144329896908,False,0.027835051546392407,10
D,DOGEUSDT,bear,none,2026-04-22 16:00:00,0.6309278350515464,0.4309278350515467,2.1546391752577367,False,-1.0498144329896908,False,0.027835051546392407,10
D,DOGEUSDT,bear,strict,2026-05-13 12:00:00,0.7745516652433814,0.37318531169940217,0.9297872340425538,False,-1.0233808510638298,False,0.014517506404782537,21
D,DOGEUSDT,bear,half,2026-05-13 12:00:00,0.7745516652433814,0.37318531169940217,0.9297872340425538,False,-1.0233808510638298,False,0.014517506404782537,21
D,DOGEUSDT,bear,none,2026-05-13 12:00:00,0.7745516652433814,0.37318531169940217,0.9297872340425538,False,-1.0233808510638298,False,0.014517506404782537,21
D,DOGEUSDT,bear,strict,2026-05-22 16:00:00,0.293802145411204,0.09535160905840309,0.4804804804804818,True,0.44942642642642777,True,0.01132300357568591,4
D,DOGEUSDT,bear,half,2026-05-22 16:00:00,0.293802145411204,0.09535160905840309,0.4804804804804818,True,0.44942642642642777,True,0.01132300357568591,4
D,DOGEUSDT,bear,none,2026-05-22 16:00:00,0.293802145411204,0.09535160905840309,0.4804804804804818,True,0.44942642642642777,True,0.01132300357568591,4
D,DOGEUSDT,bear,half,2026-06-01 12:00:00,0.7237196765498656,0.25067385444743956,0.5299145299145301,True,0.5019202279202282,True,0.05390835579514795,15
D,DOGEUSDT,bear,none,2026-06-01 12:00:00,0.7237196765498656,0.25067385444743956,0.5299145299145301,True,0.5019202279202282,True,0.05390835579514795,15
D,DOGEUSDT,bear,half,2026-06-17 16:00:00,0.62055996656916,0.32427914751358133,1.0944992947813827,True,1.082458392101552,True,0.02214793146677821,58
D,DOGEUSDT,bear,none,2026-06-17 16:00:00,0.62055996656916,0.32427914751358133,1.0944992947813827,True,1.082458392101552,True,0.02214793146677821,58
D,DOGEUSDT,bear,strict,2026-06-21 20:00:00,0.2747252747252735,0.04725274725274725,0.20772946859903488,False,-1.039714975845411,False,0.0032967032967020195,11
D,DOGEUSDT,bear,half,2026-06-21 20:00:00,0.2747252747252735,0.04725274725274725,0.20772946859903488,False,-1.039714975845411,False,0.0032967032967020195,11
D,DOGEUSDT,bear,none,2026-06-21 20:00:00,0.2747252747252735,0.04725274725274725,0.20772946859903488,False,-1.039714975845411,False,0.0032967032967020195,11
D,DOGEUSDT,bear,strict,2026-07-11 20:00:00,0.5505350772889411,0.2627824019024974,0.9132231404958724,True,0.8829917355371946,True,0.015457788347206314,11
D,DOGEUSDT,bear,half,2026-07-11 20:00:00,0.5505350772889411,0.2627824019024974,0.9132231404958724,True,0.8829917355371946,True,0.015457788347206314,11
D,DOGEUSDT,bear,none,2026-07-11 20:00:00,0.5505350772889411,0.2627824019024974,0.9132231404958724,True,0.8829917355371946,True,0.015457788347206314,11
D,DOGEUSDT,bear,none,2026-07-16 20:00:00,0.9533898305084749,0.30720338983050777,0.4754098360655719,True,0.45170163934426044,True,0.3601694915254232,11
D,DOGEUSDT,bear,half,2026-07-22 04:00:00,0.6659192825112121,0.28699551569506543,0.7573964497041309,True,0.7146863905325336,True,0.09192825112107499,19
D,DOGEUSDT,bear,none,2026-07-22 04:00:00,0.6659192825112121,0.28699551569506543,0.7573964497041309,True,0.7146863905325336,True,0.09192825112107499,19
D,DOGEUSDT,bear,strict,2026-07-31 00:00:00,0.4264150943396224,0.23773584905660328,1.259999999999996,True,1.189979999999996,True,0.011320754716981981,0
D,DOGEUSDT,bear,half,2026-07-31 00:00:00,0.4264150943396224,0.23773584905660328,1.259999999999996,True,1.189979999999996,True,0.011320754716981981,0
D,DOGEUSDT,bear,none,2026-07-31 00:00:00,0.4264150943396224,0.23773584905660328,1.259999999999996,True,1.189979999999996,True,0.011320754716981981,0
D,DOGEUSDT,bear,half,2026-08-03 04:00:00,0.5959752321981427,0.2538699690402478,0.7420814479638008,False,-1.0313303167420813,False,0.0820433436532511,1
D,DOGEUSDT,bear,none,2026-08-03 04:00:00,0.5959752321981427,0.2538699690402478,0.7420814479638008,False,-1.0313303167420813,False,0.0820433436532511,1
D,DOGEUSDT,bear,half,2026-08-05 00:00:00,0.6956521739130468,0.32411067193675885,0.8723404255319067,True,0.7981489361702054,True,0.13438735177865865,0
D,DOGEUSDT,bear,none,2026-08-05 00:00:00,0.6956521739130468,0.32411067193675885,0.8723404255319067,True,0.7981489361702054,True,0.13438735177865865,0
D,DOGEUSDT,bear,half,2026-09-28 00:00:00,0.5905143620574478,0.20374081496326044,0.5267702936096748,True,0.5105319516407628,False,0.02672010688042734,18
D,DOGEUSDT,bear,none,2026-09-28 00:00:00,0.5905143620574478,0.20374081496326044,0.5267702936096748,True,0.5105319516407628,False,0.02672010688042734,18
D,DOGEUSDT,bear,strict,2026-10-05 12:00:00,0.9313358302122353,0.54681647940075,1.4220779220779252,False,,False,0.0861423220973795,9
D,DOGEUSDT,bear,half,2026-10-05 12:00:00,0.9313358302122353,0.54681647940075,1.4220779220779252,False,,False,0.0861423220973795,9
D,DOGEUSDT,bear,none,2026-10-05 12:00:00,0.9313358302122353,0.54681647940075,1.4220779220779252,False,,False,0.0861423220973795,9
D,LTCUSDT,bull,strict,2020-01-19 00:00:00,0.6234213547646382,0.25258323765786483,0.6811145510835929,False,-1.0189442724458204,False,0.01262916188289316,0
D,LTCUSDT,bull,half,2020-01-19 00:00:00,0.6234213547646382,0.25258323765786483,0.6811145510835929,False,-1.0189442724458204,False,0.01262916188289316,0
D,LTCUSDT,bull,none,2020-01-19 00:00:00,0.6234213547646382,0.25258323765786483,0.6811145510835929,False,-1.0189442724458204,False,0.01262916188289316,0
D,LTCUSDT,bull,half,2020-03-24 08:00:00,0.8590078328981726,0.3211488250652739,0.5970873786407757,True,0.5906003236245945,True,0.07745865970409055,14
D,LTCUSDT,bull,none,2020-03-24 08:00:00,0.8590078328981726,0.3211488250652739,0.5970873786407757,True,0.5906003236245945,True,0.07745865970409055,14
D,LTCUSDT,bull,strict,2020-04-01 20:00:00,0.8354430379746823,0.15506329113923906,0.2279069767441838,True,0.20965581395348612,True,0.0759493670886083,5
D,LTCUSDT,bull,half,2020-04-01 20:00:00,0.8354430379746823,0.15506329113923906,0.2279069767441838,True,0.20965581395348612,True,0.0759493670886083,5
D,LTCUSDT,bull,none,2020-04-01 20:00:00,0.8354430379746823,0.15506329113923906,0.2279069767441838,True,0.20965581395348612,True,0.0759493670886083,5
D,LTCUSDT,bull,none,2020-04-22 04:00:00,0.746585735963581,0.5220030349013651,2.3243243243243166,True,2.2966081081081002,True,0.016691957511381864,13
D,LTCUSDT,bull,strict,2020-05-04 12:00:00,0.7451235370611191,0.4720416124837456,1.7285714285714286,False,-1.0225047619047618,False,0.07932379713914169,15
D,LTCUSDT,bull,half,2020-05-04 12:00:00,0.7451235370611191,0.4720416124837456,1.7285714285714286,False,-1.0225047619047618,False,0.07932379713914169,15
D,LTCUSDT,bull,none,2020-05-04 12:00:00,0.7451235370611191,0.4720416124837456,1.7285714285714286,False,-1.0225047619047618,False,0.07932379713914169,15
D,LTCUSDT,bull,none,2020-05-27 20:00:00,0.9872611464968155,0.2770700636942673,0.39013452914798147,True,0.37046636771300384,True,0.13057324840764475,17
D,LTCUSDT,bull,strict,2020-06-20 20:00:00,0.8452380952380963,0.44047619047619174,1.0882352941176505,False,-1.0320441176470587,False,0.04761904761904873,11
D,LTCUSDT,bull,half,2020-06-20 20:00:00,0.8452380952380963,0.44047619047619174,1.0882352941176505,False,-1.0320441176470587,False,0.04761904761904873,11
D,LTCUSDT,bull,none,2020-06-20 20:00:00,0.8452380952380963,0.44047619047619174,1.0882352941176505,False,-1.0320441176470587,False,0.04761904761904873,11
D,LTCUSDT,bull,strict,2020-07-22 20:00:00,0.9847908745247151,0.18060836501901067,0.22458628841607442,True,0.21394089834515245,True,0.09695817490494263,71
D,LTCUSDT,bull,half,2020-07-22 20:00:00,0.9847908745247151,0.18060836501901067,0.22458628841607442,True,0.21394089834515245,True,0.09695817490494263,71
D,LTCUSDT,bull,none,2020-07-22 20:00:00,0.9847908745247151,0.18060836501901067,0.22458628841607442,True,0.21394089834515245,True,0.09695817490494263,71
D,LTCUSDT,bull,strict,2020-08-28 08:00:00,0.8668184405236196,0.6465566306203756,2.9354005167958674,False,-1.0149147286821705,True,0.021058622652248407,56
D,LTCUSDT,bull,half,2020-08-28 08:00:00,0.8668184405236196,0.6465566306203756,2.9354005167958674,False,-1.0149147286821705,True,0.021058622652248407,56
D,LTCUSDT,bull,none,2020-08-20 00:00:00,0.5879339783722253,0.39214570290267503,2.0029069767441876,False,-1.018078488372093,False,0.005122367672168259,6
D,LTCUSDT,bull,half,2020-10-27 04:00:00,0.3722627737226278,0.15255474452554765,0.6943521594684401,True,0.6750897009966793,False,0.029197080291970694,1
D,LTCUSDT,bull,none,2020-10-27 04:00:00,0.3722627737226278,0.15255474452554765,0.6943521594684401,True,0.6750897009966793,False,0.029197080291970694,1
D,LTCUSDT,bull,half,2020-11-13 08:00:00,0.5695839311334289,0.10114777618364396,0.21592649310872838,True,0.2061975497702904,True,0.040889526542323765,26
D,LTCUSDT,bull,none,2020-11-13 08:00:00,0.5695839311334289,0.10114777618364396,0.21592649310872838,True,0.2061975497702904,True,0.040889526542323765,26
D,LTCUSDT,bull,half,2020-12-12 00:00:00,0.8139130434782611,0.6417391304347827,3.7272727272727257,True,3.7121717171717155,True,0.07582608695652149,54
D,LTCUSDT,bull,none,2020-12-12 00:00:00,0.8139130434782611,0.6417391304347827,3.7272727272727257,True,3.7121717171717155,True,0.07582608695652149,54
D,LTCUSDT,bull,none,2020-12-25 08:00:00,0.6396181384248211,0.049685398134085616,0.08422214049282849,True,0.07973041559396861,True,0.09372965936211744,26
D,LTCUSDT,bull,half,2021-01-16 08:00:00,0.8608611825192798,0.24453727506426776,0.396767466110533,True,0.38897236704901056,False,0.20212082262210768,2
D,LTCUSDT,bull,none,2021-01-16 08:00:00,0.8608611825192798,0.24453727506426776,0.396767466110533,True,0.38897236704901056,False,0.20212082262210768,2
D,LTCUSDT,bull,half,2021-02-01 00:00:00,0.7266857962697277,0.5555954088952658,3.2473794549266293,True,3.2200125786163567,True,0.03766140602582538,6
D,LTCUSDT,bull,none,2021-02-01 00:00:00,0.7266857962697277,0.5555954088952658,3.2473794549266293,True,3.2200125786163567,True,0.03766140602582538,6
D,LTCUSDT,bull,strict,2021-02-08 04:00:00,0.8254576415495957,0.5385270327799058,1.8768545994065222,True,1.854286350148362,True,0.0034057045551303777,1
D,LTCUSDT,bull,half,2021-02-08 04:00:00,0.8254576415495957,0.5385270327799058,1.8768545994065222,True,1.854286350148362,True,0.0034057045551303777,1
D,LTCUSDT,bull,none,2021-02-08 04:00:00,0.8254576415495957,0.5385270327799058,1.8768545994065222,True,1.854286350148362,True,0.0034057045551303777,1
D,LTCUSDT,bull,strict,2021-03-06 04:00:00,0.6438512434405657,0.29682865617157167,0.8553583168967774,True,0.8432721893491114,True,0.01232032854209427,7
D,LTCUSDT,bull,half,2021-03-06 04:00:00,0.6438512434405657,0.29682865617157167,0.8553583168967774,True,0.8432721893491114,True,0.01232032854209427,7
D,LTCUSDT,bull,none,2021-03-06 04:00:00,0.6438512434405657,0.29682865617157167,0.8553583168967774,True,0.8432721893491114,True,0.01232032854209427,7
D,LTCUSDT,bull,strict,2021-04-05 12:00:00,0.8405524168236029,0.27903327055869465,0.49692565679150486,True,0.4851934041363903,True,0.01789077212806004,3
D,LTCUSDT,bull,half,2021-04-05 12:00:00,0.8405524168236029,0.27903327055869465,0.49692565679150486,True,0.4851934041363903,True,0.01789077212806004,3
D,LTCUSDT,bull,none,2021-04-05 12:00:00,0.8405524168236029,0.27903327055869465,0.49692565679150486,True,0.4851934041363903,True,0.01789077212806004,3
D,LTCUSDT,bull,strict,2021-06-08 20:00:00,0.704450319453624,0.5307336417713153,3.05516804058339,False,-1.0101838934686114,True,0.0089226701916722,65
D,LTCUSDT,bull,half,2021-05-30 08:00:00,0.5924212381581846,0.3165895571711832,1.147763578274761,False,-1.0071900958466453,False,0.056840713813615294,8
D,LTCUSDT,bull,none,2021-05-30 08:00:00,0.5924212381581846,0.3165895571711832,1.147763578274761,False,-1.0071900958466453,False,0.056840713813615294,8
D,LTCUSDT,bull,none,2021-06-05 00:00:00,0.6721196541247955,0.36737555503622343,1.2055214723926386,False,-1.0139624233128834,False,0.04814208927319474,0
D,LTCUSDT,bull,none,2021-06-12 12:00:00,0.6885301042717795,0.4530776992936429,1.9242857142857142,True,1.901272857142857,True,0.0706357214934408,3
D,LTCUSDT,bull,half,2021-06-17 04:00:00,0.6218208625138226,0.3269443420567639,1.1087500000000006,False,-1.02154375,False,0.06819019535569461,1
D,LTCUSDT,bull,none,2021-06-17 04:00:00,0.6218208625138226,0.3269443420567639,1.1087500000000006,False,-1.02154375,False,0.06819019535569461,1
D,LTCUSDT,bull,half,2021-07-12 04:00:00,0.7597126999673524,0.37544890630101196,0.9770603228547146,False,-1.0116949872557348,False,0.05974534769833535,67
D,LTCUSDT,bull,none,2021-07-02 20:00:00,0.6085537055174668,0.4064642507345744,2.0113085621970956,False,-1.0220840064620356,True,0.035912504080966176,11
D,LTCUSDT,bull,none,2021-07-28 04:00:00,0.35603377826205407,0.07600108962135713,0.27140077821011904,True,0.2580116731517533,True,0.1078725143012805,1
D,LTCUSDT,bull,strict,2021-08-20 12:00:00,0.9356868227892354,0.2296399860188744,0.32524752475247465,True,0.316194554455445,True,0.0213212163579173,15
D,LTCUSDT,bull,half,2021-08-20 12:00:00,0.9356868227892354,0.2296399860188744,0.32524752475247465,True,0.316194554455445,True,0.0213212163579173,15
D,LTCUSDT,bull,none,2021-08-19 20:00:00,0.9356868227892354,0.4802516602586514,1.0544896392939376,True,1.041005372217959,True,0.1338692764767569,11
D,LTCUSDT,bull,none,2021-08-29 00:00:00,0.9241238516502206,0.5260292616536237,1.3213675213675233,True,1.3062735042735063,True,0.12929567880231405,24
D,LTCUSDT,bull,strict,2021-08-31 04:00:00,0.9581939799331104,0.5618729096989974,1.4177215189873464,True,1.3934233473980355,True,0.07971014492753663,1
D,LTCUSDT,bull,half,2021-08-31 04:00:00,0.9581939799331104,0.5618729096989974,1.4177215189873464,True,1.3934233473980355,True,0.07971014492753663,1
D,LTCUSDT,bull,none,2021-08-31 04:00:00,0.9581939799331104,0.5618729096989974,1.4177215189873464,True,1.3934233473980355,True,0.07971014492753663,1
D,LTCUSDT,bull,strict,2021-10-09 08:00:00,0.5466210436270318,0.31736526946107857,1.384328358208962,False,-1.0335373134328358,False,0.018819503849443874,2
D,LTCUSDT,bull,half,2021-10-09 08:00:00,0.5466210436270318,0.31736526946107857,1.384328358208962,False,-1.0335373134328358,False,0.018819503849443874,2
D,LTCUSDT,bull,none,2021-10-09 08:00:00,0.5466210436270318,0.31736526946107857,1.384328358208962,False,-1.0335373134328358,False,0.018819503849443874,2
D,LTCUSDT,bull,half,2021-10-25 00:00:00,0.7628122585629666,0.5464846767962913,2.5261904761904743,False,-1.0230690476190476,True,0.08060777749163003,12
D,LTCUSDT,bull,none,2021-10-24 00:00:00,0.6953386556785988,0.42415657996394523,1.5641025641025639,False,-1.0188537511870845,False,0.05562709245428782,6
D,LTCUSDT,bull,strict,2021-11-08 00:00:00,0.815411406181976,0.1506312581628202,0.2265880812049756,True,0.21309037328094155,True,0.04266434479756159,18
D,LTCUSDT,bull,half,2021-11-08 00:00:00,0.815411406181976,0.1506312581628202,0.2265880812049756,True,0.21309037328094155,True,0.04266434479756159,18
D,LTCUSDT,bull,none,2021-11-08 00:00:00,0.815411406181976,0.1506312581628202,0.2265880812049756,True,0.21309037328094155,True,0.04266434479756159,18
D,LTCUSDT,bull,strict,2021-11-13 12:00:00,0.4959109927729175,0.327215671357931,1.9396843291995525,False,-1.0147457722660653,True,0.03090528718143781,9
D,LTCUSDT,bull,half,2021-11-13 12:00:00,0.4959109927729175,0.327215671357931,1.9396843291995525,False,-1.0147457722660653,True,0.03090528718143781,9
D,LTCUSDT,bull,none,2021-11-13 12:00:00,0.4959109927729175,0.327215671357931,1.9396843291995525,False,-1.0147457722660653,True,0.03090528718143781,9
D,LTCUSDT,bull,none,2021-12-15 20:00:00,0.9837538886968545,0.5734531628067749,1.3976411120471774,False,-1.0129351305812975,False,0.07328033183546505,35
D,LTCUSDT,bull,strict,2021-12-27 12:00:00,0.6348027842227386,0.3443155452436192,1.1853035143769912,False,-1.025437699680511,False,0.014849187935034498,9
D,LTCUSDT,bull,half,2021-12-27 12:00:00,0.6348027842227386,0.3443155452436192,1.1853035143769912,False,-1.025437699680511,False,0.014849187935034498,9
D,LTCUSDT,bull,none,2021-12-27 12:00:00,0.6348027842227386,0.3443155452436192,1.1853035143769912,False,-1.025437699680511,False,0.014849187935034498,9
D,LTCUSDT,bull,strict,2022-01-17 00:00:00,0.2608409986859395,0.11333771353482223,0.7683741648106863,True,0.7355256124721563,True,0.008541392904073289,0
D,LTCUSDT,bull,half,2022-01-17 00:00:00,0.2608409986859395,0.11333771353482223,0.7683741648106863,True,0.7355256124721563,True,0.008541392904073289,0
D,LTCUSDT,bull,none,2022-01-17 00:00:00,0.2608409986859395,0.11333771353482223,0.7683741648106863,True,0.7355256124721563,True,0.008541392904073289,0
D,LTCUSDT,bull,strict,2022-01-28 00:00:00,0.716744913928013,0.4527908189880024,1.7154150197628464,True,1.6940988142292495,True,0.005216484089723229,0
D,LTCUSDT,bull,half,2022-01-28 00:00:00,0.716744913928013,0.4527908189880024,1.7154150197628464,True,1.6940988142292495,True,0.005216484089723229,0
D,LTCUSDT,bull,none,2022-01-28 00:00:00,0.716744913928013,0.4527908189880024,1.7154150197628464,True,1.6940988142292495,True,0.005216484089723229,0
D,LTCUSDT,bull,strict,2022-01-31 16:00:00,0.8604407135362017,0.2707240293809022,0.4590747330960847,True,0.43954626334519503,True,0.032528856243442,4
D,LTCUSDT,bull,half,2022-01-31 16:00:00,0.8604407135362017,0.2707240293809022,0.4590747330960847,True,0.43954626334519503,True,0.032528856243442,4
D,LTCUSDT,bull,none,2022-01-31 16:00:00,0.8604407135362017,0.2707240293809022,0.4590747330960847,True,0.43954626334519503,True,0.032528856243442,4
D,LTCUSDT,bull,strict,2022-02-04 12:00:00,0.9137658227848099,0.1613924050632905,0.21451104100946278,True,0.2024468980021021,True,0.07357594936708801,9
D,LTCUSDT,bull,half,2022-02-04 12:00:00,0.9137658227848099,0.1613924050632905,0.21451104100946278,True,0.2024468980021021,True,0.07357594936708801,9
D,LTCUSDT,bull,none,2022-02-04 12:00:00,0.9137658227848099,0.1613924050632905,0.21451104100946278,True,0.2024468980021021,True,0.07357594936708801,9
D,LTCUSDT,bull,none,2022-02-13 12:00:00,0.5982351414482221,0.4105891513106668,2.1881051175656965,False,-1.0176943291839557,False,0.04593822995068767,9
D,LTCUSDT,bull,strict,2022-03-07 12:00:00,0.7269043760129656,0.522285251215559,2.552475247524754,False,-1.0204178217821782,False,0.036061588330632104,27
D,LTCUSDT,bull,half,2022-03-05 16:00:00,0.6936790923824959,0.45016207455429486,1.8485856905158053,False,-1.0174525790349418,False,0.05024311183144224,16
D,LTCUSDT,bull,none,2022-03-05 16:00:00,0.6936790923824959,0.45016207455429486,1.8485856905158053,False,-1.0174525790349418,False,0.05024311183144224,16
D,LTCUSDT,bull,none,2022-03-11 08:00:00,0.7499999999999994,0.2613981762917932,0.5349922239502335,True,0.5185334370139971,True,0.14209726443769036,2
D,LTCUSDT,bull,half,2022-03-14 08:00:00,0.8409893992932868,0.3592461719670199,0.7457212713936417,True,0.720088019559901,True,0.23439340400471095,2
D,LTCUSDT,bull,none,2022-03-14 08:00:00,0.8409893992932868,0.3592461719670199,0.7457212713936417,True,0.720088019559901,True,0.23439340400471095,2
D,LTCUSDT,bull,strict,2022-04-23 04:00:00,0.7755555555555554,0.617777777777777,3.915492957746456,False,-1.0501220657276993,False,0.01259259259259272,25
D,LTCUSDT,bull,half,2022-04-23 04:00:00,0.7755555555555554,0.617777777777777,3.915492957746456,False,-1.0501220657276993,False,0.01259259259259272,25
D,LTCUSDT,bull,none,2022-04-23 04:00:00,0.7755555555555554,0.617777777777777,3.915492957746456,False,-1.0501220657276993,False,0.01259259259259272,25
D,LTCUSDT,bull,none,2022-06-04 20:00:00,0.9156159068865182,0.6702230843840933,2.731225296442688,False,-1.0251818181818182,True,0.08535402521823496,11
D,LTCUSDT,bull,strict,2022-06-18 20:00:00,0.8936755270394131,0.3748854262144823,0.7226148409894003,True,0.71429151943463,True,0.08432630614115504,5
D,LTCUSDT,bull,half,2022-06-18 20:00:00,0.8936755270394131,0.3748854262144823,0.7226148409894003,True,0.71429151943463,True,0.08432630614115504,5
D,LTCUSDT,bull,none,2022-06-18 20:00:00,0.8936755270394131,0.3748854262144823,0.7226148409894003,True,0.71429151943463,True,0.08432630614115504,5
D,LTCUSDT,bull,strict,2022-06-23 00:00:00,0.4030748663101602,0.15106951871657748,0.5994694960212202,True,0.585106100795756,True,0.02139037433155083,12
D,LTCUSDT,bull,half,2022-06-23 00:00:00,0.4030748663101602,0.15106951871657748,0.5994694960212202,True,0.585106100795756,True,0.02139037433155083,12
D,LTCUSDT,bull,none,2022-06-21 12:00:00,0.34358288770053447,0.1570855614973259,0.842293906810034,False,-1.0193763440860215,False,0.0381016042780749,3
D,LTCUSDT,bull,strict,2022-07-27 16:00:00,0.6329684481648423,0.2150676110753379,0.5146379044684122,True,0.5056409861325107,True,0.039278815196394055,34
D,LTCUSDT,bull,half,2022-07-27 16:00:00,0.6329684481648423,0.2150676110753379,0.5146379044684122,True,0.5056409861325107,True,0.039278815196394055,34
D,LTCUSDT,bull,none,2022-07-22 08:00:00,0.42627173213135866,0.1770766258853832,0.7105943152454786,False,-1.0152403100775194,False,0.05988409529942048,2
D,LTCUSDT,bull,half,2022-08-02 12:00:00,0.6319936958234831,0.4578408195429472,2.6289592760180995,True,2.602361990950226,True,0.05358550039401099,15
D,LTCUSDT,bull,none,2022-08-02 12:00:00,0.6319936958234831,0.4578408195429472,2.6289592760180995,True,2.602361990950226,True,0.05358550039401099,15
D,LTCUSDT,bull,none,2022-09-01 08:00:00,0.9704142011834322,0.04733727810650926,0.05128205128205171,True,0.03922222222222265,True,0.09861932938856015,8
D,LTCUSDT,bull,strict,2022-09-04 20:00:00,0.3629560336763331,0.14873713751169343,0.6943231441048052,True,0.6677467248908314,False,0.008419083255378509,5
D,LTCUSDT,bull,half,2022-09-04 20:00:00,0.3629560336763331,0.14873713751169343,0.6943231441048052,True,0.6677467248908314,False,0.008419083255378509,5
D,LTCUSDT,bull,none,2022-09-04 20:00:00,0.3629560336763331,0.14873713751169343,0.6943231441048052,True,0.6677467248908314,False,0.008419083255378509,5
D,LTCUSDT,bull,strict,2022-09-27 00:00:00,0.7160278745644605,0.1742160278745646,0.3215434083601287,False,-1.0176655948553055,False,0.040069686411149316,6
D,LTCUSDT,bull,half,2022-09-27 00:00:00,0.7160278745644605,0.1742160278745646,0.3215434083601287,False,-1.0176655948553055,False,0.040069686411149316,6
D,LTCUSDT,bull,none,2022-09-27 00:00:00,0.7160278745644605,0.1742160278745646,0.3215434083601287,False,-1.0176655948553055,False,0.040069686411149316,6
D,LTCUSDT,bull,strict,2022-10-03 20:00:00,0.8735083532219567,0.22673031026252893,0.35055350553505366,True,0.33057933579335624,False,0.0071599045346064805,11
D,LTCUSDT,bull,half,2022-10-03 12:00:00,0.8735083532219567,0.3985680190930794,0.8391959798995005,True,0.8123567839196009,True,0.05727923627684845,9
D,LTCUSDT,bull,none,2022-10-03 12:00:00,0.8735083532219567,0.3985680190930794,0.8391959798995005,True,0.8123567839196009,True,0.05727923627684845,9
D,LTCUSDT,bull,none,2022-10-06 00:00:00,0.5744186046511629,0.23255813953488388,0.680272108843538,False,-1.0372244897959184,False,0.11627906976744194,0
D,LTCUSDT,bull,strict,2022-10-21 12:00:00,0.7109557109557104,0.24941724941724952,0.5404040404040414,True,0.5144040404040414,True,0.03263403263403277,33
D,LTCUSDT,bull,half,2022-10-16 16:00:00,0.540792540792541,0.21911421911421863,0.6811594202898522,False,-1.0373985507246377,False,0.06526806526806389,4
D,LTCUSDT,bull,none,2022-10-16 16:00:00,0.540792540792541,0.21911421911421863,0.6811594202898522,False,-1.0373985507246377,False,0.06526806526806389,4
D,LTCUSDT,bull,strict,2022-10-28 16:00:00,0.5147783251231528,0.30418719211822653,1.444444444444443,True,1.412192982456139,True,0.029556650246305674,4
D,LTCUSDT,bull,half,2022-10-28 16:00:00,0.5147783251231528,0.30418719211822653,1.444444444444443,True,1.412192982456139,True,0.029556650246305674,4
D,LTCUSDT,bull,none,2022-10-28 16:00:00,0.5147783251231528,0.30418719211822653,1.444444444444443,True,1.412192982456139,True,0.029556650246305674,4
D,LTCUSDT,bull,none,2022-11-17 08:00:00,0.6442080378250592,0.28427895981087453,0.7898193760262714,True,0.7800509031198675,True,0.04846335697399531,26
D,LTCUSDT,bull,none,2022-11-29 00:00:00,0.5600466381655658,0.35678196657598155,1.7552581261950286,True,1.7407801147227533,True,0.055577147298872615,24
D,LTCUSDT,bull,none,2022-12-11 16:00:00,0.6807610993657497,0.1733615221987299,0.341666666666663,False,-1.0325041666666666,False,0.13530655391120508,4
D,LTCUSDT,bull,strict,2022-12-31 12:00:00,0.8318356867779203,0.25032092426187436,0.43046357615894093,True,0.41500000000000054,True,0.034659820282414634,21
D,LTCUSDT,bull,half,2022-12-31 12:00:00,0.8318356867779203,0.25032092426187436,0.43046357615894093,True,0.41500000000000054,True,0.034659820282414634,21
D,LTCUSDT,bull,none,2022-12-31 12:00:00,0.8318356867779203,0.25032092426187436,0.43046357615894093,True,0.41500000000000054,True,0.034659820282414634,21
D,LTCUSDT,bull,strict,2023-01-20 16:00:00,0.610489098408957,0.26517383618149676,0.7679180887372015,True,0.752986348122867,True,0.004714201532115398,28
D,LTCUSDT,bull,half,2023-01-20 16:00:00,0.610489098408957,0.26517383618149676,0.7679180887372015,True,0.752986348122867,True,0.004714201532115398,28
D,LTCUSDT,bull,none,2023-01-20 16:00:00,0.610489098408957,0.26517383618149676,0.7679180887372015,True,0.752986348122867,True,0.004714201532115398,28
D,LTCUSDT,bull,strict,2023-01-31 00:00:00,0.8175061932287371,0.21552436003303052,0.3580246913580243,True,0.3449533607681752,True,0.012386457473163146,0
D,LTCUSDT,bull,half,2023-01-31 00:00:00,0.8175061932287371,0.21552436003303052,0.3580246913580243,True,0.3449533607681752,True,0.012386457473163146,0
D,LTCUSDT,bull,none,2023-01-31 00:00:00,0.8175061932287371,0.21552436003303052,0.3580246913580243,True,0.3449533607681752,True,0.012386457473163146,0
D,LTCUSDT,bull,half,2023-02-14 12:00:00,0.9925271739130436,0.5495923913043481,1.2407975460122713,True,1.2262837423312898,True,0.07404891304347849,69
D,LTCUSDT,bull,none,2023-02-07 00:00:00,0.5414402173913043,0.21195652173913077,0.6432989690721667,False,-1.020536082474227,False,0.010190217391304735,24
D,LTCUSDT,bull,half,2023-02-25 20:00:00,0.9098591549295778,0.71887323943662,3.76401179941003,False,-1.0274631268436578,True,0.05521126760563403,47
D,LTCUSDT,bull,none,2023-02-23 00:00:00,0.8061971830985917,0.5763380281690144,2.507352941176473,False,-1.023438725490196,False,0.07323943661971814,30
D,LTCUSDT,bull,none,2023-03-17 00:00:00,0.571917808219178,0.3150684931506849,1.2266666666666666,True,1.2131666666666665,True,0.08261986301369892,6
D,LTCUSDT,bull,strict,2023-03-28 16:00:00,0.5406797116374871,0.3666323377960867,2.106508875739649,True,2.0802130177514835,True,0.02471678681771317,16
D,LTCUSDT,bull,half,2023-03-28 16:00:00,0.5406797116374871,0.3666323377960867,2.106508875739649,True,2.0802130177514835,True,0.02471678681771317,16
D,LTCUSDT,bull,none,2023-03-28 16:00:00,0.5406797116374871,0.3666323377960867,2.106508875739649,True,2.0802130177514835,True,0.02471678681771317,16
D,LTCUSDT,bull,none,2023-04-11 00:00:00,0.7282377919320593,0.1719745222929941,0.30916030534351263,True,0.2911736641221386,True,0.14331210191082738,36
D,LTCUSDT,bull,none,2023-05-27 20:00:00,0.8082633957391866,0.418979987088444,1.076285240464344,True,1.061608623548921,True,0.0884441575209816,53
D,LTCUSDT,bull,none,2023-06-01 04:00:00,0.5327793167128344,0.08956602031394266,0.20208333333333323,True,0.18284791666666655,True,0.14496768236380494,1
D,LTCUSDT,bull,half,2023-07-10 16:00:00,0.680456490727532,0.5166904422253923,3.155052264808365,False,-1.0168885017421603,True,0.03908701854493594,34
D,LTCUSDT,bull,none,2023-07-10 16:00:00,0.680456490727532,0.5166904422253923,3.155052264808365,False,-1.0168885017421603,True,0.03908701854493594,34
D,LTCUSDT,bull,strict,2023-09-18 00:00:00,0.5031847133757966,0.24522292993630573,0.9506172839506155,True,0.923979423868311,True,0.0201698513800422,0
D,LTCUSDT,bull,half,2023-09-18 00:00:00,0.5031847133757966,0.24522292993630573,0.9506172839506155,True,0.923979423868311,True,0.0201698513800422,0
D,LTCUSDT,bull,none,2023-09-18 00:00:00,0.5031847133757966,0.24522292993630573,0.9506172839506155,True,0.923979423868311,True,0.0201698513800422,0
D,LTCUSDT,bull,half,2023-09-25 12:00:00,0.9672667757774136,0.6170212765957441,1.7616822429906518,True,1.7314766355140163,True,0.021276595744682436,27
D,LTCUSDT,bull,none,2023-09-25 12:00:00,0.9672667757774136,0.6170212765957441,1.7616822429906518,True,1.7314766355140163,True,0.021276595744682436,27
D,LTCUSDT,bull,half,2023-11-08 16:00:00,0.46226415094339623,0.12971698113207475,0.39007092198581256,True,0.3638652482269474,False,0.029481132075471685,4
D,LTCUSDT,bull,none,2023-11-08 16:00:00,0.46226415094339623,0.12971698113207475,0.39007092198581256,True,0.3638652482269474,False,0.029481132075471685,4
D,LTCUSDT,bull,half,2023-12-01 08:00:00,0.615176151761517,0.1666666666666673,0.37160120845921707,True,0.35012084592145265,True,0.06910569105690938,26
D,LTCUSDT,bull,none,2023-12-01 08:00:00,0.615176151761517,0.1666666666666673,0.37160120845921707,True,0.35012084592145265,True,0.06910569105690938,26
D,LTCUSDT,bull,strict,2024-01-15 00:00:00,0.481868469575906,0.3644744929317759,3.1047120418848184,False,-1.0373350785340314,False,0.011063306699447257,6
D,LTCUSDT,bull,half,2024-01-15 00:00:00,0.481868469575906,0.3644744929317759,3.1047120418848184,False,-1.0373350785340314,False,0.011063306699447257,6
D,LTCUSDT,bull,none,2024-01-15 00:00:00,0.481868469575906,0.3644744929317759,3.1047120418848184,False,-1.0373350785340314,False,0.011063306699447257,6
D,LTCUSDT,bull,half,2024-02-05 08:00:00,0.8061797752808997,0.3398876404494362,0.7289156626505939,True,0.6879638554216785,True,0.05056179775280688,2
D,LTCUSDT,bull,none,2024-02-05 08:00:00,0.8061797752808997,0.3398876404494362,0.7289156626505939,True,0.6879638554216785,True,0.05056179775280688,2
D,LTCUSDT,bull,none,2024-03-23 08:00:00,0.641509433962264,0.0476663356504473,0.0802675585284289,True,0.06578595317725831,True,0.17279046673287093,2
D,LTCUSDT,bull,none,2024-03-31 12:00:00,0.40964378801042584,0.31668114682884463,3.4065420560747683,True,3.358271028037385,True,0.01998262380538634,3
D,LTCUSDT,bull,strict,2024-04-11 00:00:00,0.970052847915443,0.7422196124486201,3.2577319587628906,False,-1.0250927835051546,False,0.013505578391073973,36
D,LTCUSDT,bull,half,2024-04-11 00:00:00,0.970052847915443,0.7422196124486201,3.2577319587628906,False,-1.0250927835051546,False,0.013505578391073973,36
D,LTCUSDT,bull,none,2024-04-11 00:00:00,0.970052847915443,0.7422196124486201,3.2577319587628906,False,-1.0250927835051546,False,0.013505578391073973,36
D,LTCUSDT,bull,strict,2024-04-22 00:00:00,0.3189823874755373,0.060665362035225504,0.23484848484848778,True,0.20253030303030578,False,0.022504892367906457,0
D,LTCUSDT,bull,half,2024-04-22 00:00:00,0.3189823874755373,0.060665362035225504,0.23484848484848778,True,0.20253030303030578,False,0.022504892367906457,0
D,LTCUSDT,bull,none,2024-04-22 00:00:00,0.3189823874755373,0.060665362035225504,0.23484848484848778,True,0.20253030303030578,False,0.022504892367906457,0
D,LTCUSDT,bull,strict,2024-05-08 12:00:00,0.5067079463364298,0.25799793601651155,1.0373443983402444,False,-1.0338921161825725,False,0.037151702786377604,3
D,LTCUSDT,bull,half,2024-05-08 12:00:00,0.5067079463364298,0.25799793601651155,1.0373443983402444,False,-1.0338921161825725,False,0.037151702786377604,3
D,LTCUSDT,bull,none,2024-05-08 12:00:00,0.5067079463364298,0.25799793601651155,1.0373443983402444,False,-1.0338921161825725,False,0.037151702786377604,3
D,LTCUSDT,bull,strict,2024-05-20 00:00:00,0.46585735963581154,0.2291350531107729,0.9679487179487107,True,0.914576923076916,True,0.05007587253414247,0
D,LTCUSDT,bull,half,2024-05-20 00:00:00,0.46585735963581154,0.2291350531107729,0.9679487179487107,True,0.914576923076916,True,0.05007587253414247,0
D,LTCUSDT,bull,none,2024-05-20 00:00:00,0.46585735963581154,0.2291350531107729,0.9679487179487107,True,0.914576923076916,True,0.05007587253414247,0
D,LTCUSDT,bull,strict,2024-07-08 04:00:00,0.7017353579175705,0.3026030368763557,0.7581521739130433,True,0.7410733695652173,True,0.06941431670282003,1
D,LTCUSDT,bull,half,2024-07-08 04:00:00,0.7017353579175705,0.3026030368763557,0.7581521739130433,True,0.7410733695652173,True,0.06941431670282003,1
D,LTCUSDT,bull,none,2024-07-08 04:00:00,0.7017353579175705,0.3026030368763557,0.7581521739130433,True,0.7410733695652173,True,0.06941431670282003,1
D,LTCUSDT,bull,none,2024-07-19 00:00:00,0.2513297872340418,0.17220744680851002,2.176470588235289,False,-1.06018487394958,False,0.023271276595744315,0
D,LTCUSDT,bull,strict,2024-08-21 16:00:00,0.6499466382070438,0.4044823906083249,1.6478260869565264,False,-1.0279695652173912,True,0.014941302027748186,10
D,LTCUSDT,bull,half,2024-08-21 16:00:00,0.6499466382070438,0.4044823906083249,1.6478260869565264,False,-1.0279695652173912,True,0.014941302027748186,10
D,LTCUSDT,bull,none,2024-08-21 16:00:00,0.6499466382070438,0.4044823906083249,1.6478260869565264,False,-1.0279695652173912,True,0.014941302027748186,10
D,LTCUSDT,bull,strict,2024-09-02 12:00:00,0.5180722891566272,0.28647925033467214,1.2369942196531767,False,-1.0371560693641617,True,0.0013386880856767226,3
D,LTCUSDT,bull,half,2024-09-02 12:00:00,0.5180722891566272,0.28647925033467214,1.2369942196531767,False,-1.0371560693641617,True,0.0013386880856767226,3
D,LTCUSDT,bull,none,2024-09-02 12:00:00,0.5180722891566272,0.28647925033467214,1.2369942196531767,False,-1.0371560693641617,True,0.0013386880856767226,3
D,LTCUSDT,bull,strict,2024-09-17 00:00:00,0.7271364317841077,0.5382308845577211,2.8492063492063506,True,2.799087301587303,True,0.020989505247376413,6
D,LTCUSDT,bull,half,2024-09-17 00:00:00,0.7271364317841077,0.5382308845577211,2.8492063492063506,True,2.799087301587303,True,0.020989505247376413,6
D,LTCUSDT,bull,none,2024-09-17 00:00:00,0.7271364317841077,0.5382308845577211,2.8492063492063506,True,2.799087301587303,True,0.020989505247376413,6
D,LTCUSDT,bull,strict,2024-09-25 12:00:00,0.7325349301397223,0.39920159680638795,1.1976047904191605,False,-1.0402994011976048,False,0.0019960079840301245,3
D,LTCUSDT,bull,half,2024-09-25 12:00:00,0.7325349301397223,0.39920159680638795,1.1976047904191605,False,-1.0402994011976048,False,0.0019960079840301245,3
D,LTCUSDT,bull,none,2024-09-25 12:00:00,0.7325349301397223,0.39920159680638795,1.1976047904191605,False,-1.0402994011976048,False,0.0019960079840301245,3
D,LTCUSDT,bull,strict,2024-10-11 00:00:00,0.7779605263157895,0.49013157894736864,1.702857142857145,True,1.6657314285714309,True,0.01973684210526389,12
D,LTCUSDT,bull,half,2024-10-11 00:00:00,0.7779605263157895,0.49013157894736864,1.702857142857145,True,1.6657314285714309,True,0.01973684210526389,12
D,LTCUSDT,bull,none,2024-10-11 00:00:00,0.7779605263157895,0.49013157894736864,1.702857142857145,True,1.6657314285714309,True,0.01973684210526389,12
D,LTCUSDT,bull,half,2024-10-24 12:00:00,0.6908491343775761,0.4369332234130255,1.7207792207792207,False,-1.0230162337662339,False,0.023083264633141073,21
D,LTCUSDT,bull,none,2024-10-24 12:00:00,0.6908491343775761,0.4369332234130255,1.7207792207792207,False,-1.0230162337662339,False,0.023083264633141073,21
D,LTCUSDT,bull,strict,2024-11-18 00:00:00,0.5099065420560748,0.14953271028037382,0.41493775933609955,False,-1.0098174273858922,False,0.05308411214953277,0
D,LTCUSDT,bull,half,2024-11-18 00:00:00,0.5099065420560748,0.14953271028037382,0.41493775933609955,False,-1.0098174273858922,False,0.05308411214953277,0
D,LTCUSDT,bull,none,2024-11-18 00:00:00,0.5099065420560748,0.14953271028037382,0.41493775933609955,False,-1.0098174273858922,False,0.05308411214953277,0
D,LTCUSDT,bull,strict,2024-11-27 12:00:00,0.7407111466240514,0.3663603675589293,0.9786552828175024,True,0.9682636072572035,True,0.00439472632840589,15
D,LTCUSDT,bull,half,2024-11-27 12:00:00,0.7407111466240514,0.3663603675589293,0.9786552828175024,True,0.9682636072572035,True,0.00439472632840589,15
D,LTCUSDT,bull,none,2024-11-27 12:00:00,0.7407111466240514,0.3663603675589293,0.9786552828175024,True,0.9682636072572035,True,0.00439472632840589,15
D,LTCUSDT,bull,strict,2024-12-30 00:00:00,0.9978708303761532,0.7288857345635198,2.7097625329815247,True,2.683242744063319,True,0.022001419446416055,24
D,LTCUSDT,bull,half,2024-12-30 00:00:00,0.9978708303761532,0.7288857345635198,2.7097625329815247,True,2.683242744063319,True,0.022001419446416055,24
D,LTCUSDT,bull,none,2024-12-30 00:00:00,0.9978708303761532,0.7288857345635198,2.7097625329815247,True,2.683242744063319,True,0.022001419446416055,24
D,LTCUSDT,bull,none,2025-01-05 16:00:00,0.26655629139072834,0.12086092715231772,0.8295454545454535,True,0.7868749999999989,True,0.011037527593819138,4
D,LTCUSDT,bull,strict,2025-01-19 12:00:00,0.5509871768776714,0.34602076124567477,1.6881827209533278,False,-1.01233862959285,False,0.08894768980256472,3
D,LTCUSDT,bull,half,2025-01-19 12:00:00,0.5509871768776714,0.34602076124567477,1.6881827209533278,False,-1.01233862959285,False,0.08894768980256472,3
D,LTCUSDT,bull,none,2025-01-19 12:00:00,0.5509871768776714,0.34602076124567477,1.6881827209533278,False,-1.01233862959285,False,0.08894768980256472,3
D,LTCUSDT,bull,none,2025-02-09 00:00:00,0.342237061769616,0.0734557595993323,0.27329192546583897,True,0.2599428571428576,True,0.11318864774624375,6
D,LTCUSDT,bull,half,2025-03-17 00:00:00,0.7400000000000002,0.11500000000000021,0.18400000000000033,True,0.16534400000000032,False,0.23874999999999957,0
D,LTCUSDT,bull,none,2025-03-17 00:00:00,0.7400000000000002,0.11500000000000021,0.18400000000000033,True,0.16534400000000032,False,0.23874999999999957,0
D,LTCUSDT,bull,none,2025-04-20 16:00:00,0.5235749472202675,0.218859957776214,0.7182448036951503,True,0.7003348729792149,True,0.07600281491907099,28
D,LTCUSDT,bull,strict,2025-04-28 04:00:00,0.6005509641873285,0.0798898071625343,0.15343915343915293,True,0.13031481481481433,False,0.030303030303030186,1
D,LTCUSDT,bull,half,2025-04-28 04:00:00,0.6005509641873285,0.0798898071625343,0.15343915343915293,True,0.13031481481481433,False,0.030303030303030186,1
D,LTCUSDT,bull,none,2025-04-28 04:00:00,0.6005509641873285,0.0798898071625343,0.15343915343915293,True,0.13031481481481433,False,0.030303030303030186,1
D,LTCUSDT,bull,strict,2025-05-05 08:00:00,0.6683991683991688,0.30873180873180844,0.8583815028901711,False,-1.025436416184971,False,0.004158004158003329,8
D,LTCUSDT,bull,half,2025-05-05 08:00:00,0.6683991683991688,0.30873180873180844,0.8583815028901711,False,-1.025436416184971,False,0.004158004158003329,8
D,LTCUSDT,bull,none,2025-05-05 08:00:00,0.6683991683991688,0.30873180873180844,0.8583815028901711,False,-1.025436416184971,False,0.004158004158003329,8
D,LTCUSDT,bull,strict,2025-05-12 04:00:00,0.34900611620795097,0.18654434250764512,1.148235294117646,False,-1.0240541176470588,False,0.010321100917431042,1
D,LTCUSDT,bull,half,2025-05-12 04:00:00,0.34900611620795097,0.18654434250764512,1.148235294117646,False,-1.0240541176470588,False,0.010321100917431042,1
D,LTCUSDT,bull,none,2025-05-12 04:00:00,0.34900611620795097,0.18654434250764512,1.148235294117646,False,-1.0240541176470588,False,0.010321100917431042,1
D,LTCUSDT,bull,strict,2025-05-18 04:00:00,0.992458521870287,0.5354449472096541,1.171617161716175,True,1.1390759075907626,True,0.0814479638009058,1
D,LTCUSDT,bull,half,2025-05-18 04:00:00,0.992458521870287,0.5354449472096541,1.171617161716175,True,1.1390759075907626,True,0.0814479638009058,1
D,LTCUSDT,bull,none,2025-05-18 04:00:00,0.992458521870287,0.5354449472096541,1.171617161716175,True,1.1390759075907626,True,0.0814479638009058,1
D,LTCUSDT,bull,none,2025-05-27 16:00:00,0.9310986964618242,0.5810055865921792,1.6595744680851128,False,-1.025715425531915,False,0.06890130353817452,16
D,LTCUSDT,bull,none,2025-06-09 08:00:00,0.3763586956521734,0.010869565217391073,0.029739776951672254,True,-0.0034163568773240595,True,0.0883152173913032,2
D,LTCUSDT,bull,none,2025-07-08 16:00:00,0.7206030150753768,0.5015075376884416,2.288990825688064,True,2.2489541284403574,True,0.04422110552763795,22
D,LTCUSDT,bull,strict,2025-07-13 12:00:00,0.5791855203619902,0.17119155354449436,0.4195933456561918,True,0.40183179297596994,True,0.00829562594268472,3
D,LTCUSDT,bull,half,2025-07-13 12:00:00,0.5791855203619902,0.17119155354449436,0.4195933456561918,True,0.40183179297596994,True,0.00829562594268472,3
D,LTCUSDT,bull,none,2025-07-13 12:00:00,0.5791855203619902,0.17119155354449436,0.4195933456561918,True,0.40183179297596994,True,0.00829562594268472,3
D,LTCUSDT,bull,none,2025-08-02 04:00:00,0.8471673254281948,0.6179183135704875,2.695402298850577,True,2.6746551724137952,True,0.038647342995168865,49
D,LTCUSDT,bull,none,2025-08-10 16:00:00,0.7268683274021357,0.167259786476868,0.29888712241653315,True,0.27909220985691474,True,0.14857651245551623,4
D,LTCUSDT,bull,strict,2025-09-16 04:00:00,0.8866799204771372,0.5984095427435396,2.075862068965527,False,-1.0395655172413794,True,0.05168986083498965,7
D,LTCUSDT,bull,half,2025-09-16 04:00:00,0.8866799204771372,0.5984095427435396,2.075862068965527,False,-1.0395655172413794,True,0.05168986083498965,7
D,LTCUSDT,bull,none,2025-09-16 04:00:00,0.8866799204771372,0.5984095427435396,2.075862068965527,False,-1.0395655172413794,True,0.05168986083498965,7
D,LTCUSDT,bull,none,2025-10-24 04:00:00,0.5573899371069185,0.06918238993710657,0.14170692431561904,True,0.1262415458937189,True,0.12893081761006295,7
D,LTCUSDT,bull,none,2025-11-01 04:00:00,0.9714119019836642,0.4626604434072341,0.9094036697247684,False,-1.0113577981651376,False,0.2182030338389737,13
D,LTCUSDT,bull,strict,2025-11-12 08:00:00,0.43854502786740984,0.3432091522440599,3.600000000000001,False,-1.0313846153846153,False,0.0020533880903488757,8
D,LTCUSDT,bull,half,2025-11-12 08:00:00,0.43854502786740984,0.3432091522440599,3.600000000000001,False,-1.0313846153846153,False,0.0020533880903488757,8
D,LTCUSDT,bull,none,2025-11-12 08:00:00,0.43854502786740984,0.3432091522440599,3.600000000000001,False,-1.0313846153846153,False,0.0020533880903488757,8
D,LTCUSDT,bull,strict,2025-12-07 16:00:00,0.5947497949138639,0.29532403609515956,0.9863013698630106,True,0.9635068493150655,True,0.0049220672682528535,10
D,LTCUSDT,bull,half,2025-12-07 16:00:00,0.5947497949138639,0.29532403609515956,0.9863013698630106,True,0.9635068493150655,True,0.0049220672682528535,10
D,LTCUSDT,bull,none,2025-12-07 16:00:00,0.5947497949138639,0.29532403609515956,0.9863013698630106,True,0.9635068493150655,True,0.0049220672682528535,10
D,LTCUSDT,bull,strict,2025-12-30 12:00:00,0.6907407407407425,0.3592592592592594,1.0837988826815592,False,-1.0439329608938546,False,0.005555555555555775,3
D,LTCUSDT,bull,half,2025-12-30 12:00:00,0.6907407407407425,0.3592592592592594,1.0837988826815592,False,-1.0439329608938546,False,0.005555555555555775,3
D,LTCUSDT,bull,none,2025-12-30 12:00:00,0.6907407407407425,0.3592592592592594,1.0837988826815592,False,-1.0439329608938546,False,0.005555555555555775,3
D,LTCUSDT,bull,half,2026-02-20 00:00:00,0.9294532627865951,0.6067019400352728,1.8797814207650279,False,-1.0290765027322404,True,0.0970017636684298,18
D,LTCUSDT,bull,none,2026-02-20 00:00:00,0.9294532627865951,0.6067019400352728,1.8797814207650279,False,-1.0290765027322404,True,0.0970017636684298,18
D,LTCUSDT,bull,none,2026-03-01 00:00:00,0.8492688413948253,0.47019122609673786,1.2403560830860543,True,1.2240890207715143,True,0.23622047244094424,12
D,LTCUSDT,bull,none,2026-03-11 16:00:00,0.9384116693679099,0.42301458670988684,0.820754716981132,True,0.8034559748427672,True,0.1669367909238253,34
D,LTCUSDT,bull,none,2026-03-15 00:00:00,0.4834710743801657,0.3202479338842982,1.9620253164557038,True,1.8922531645569696,True,0.05371900826446236,0
D,LTCUSDT,bull,strict,2026-03-20 00:00:00,0.9488752556237219,0.6912065439672792,2.682539682539668,False,-1.04431746031746,False,0.004089979550101435,6
D,LTCUSDT,bull,half,2026-03-20 00:00:00,0.9488752556237219,0.6912065439672792,2.682539682539668,False,-1.04431746031746,False,0.004089979550101435,6
D,LTCUSDT,bull,none,2026-03-20 00:00:00,0.9488752556237219,0.6912065439672792,2.682539682539668,False,-1.04431746031746,False,0.004089979550101435,6
D,LTCUSDT,bull,strict,2026-04-13 16:00:00,0.98407643312102,0.6401273885350311,1.8611111111111,True,1.811388888888878,True,0.05732484076433111,28
D,LTCUSDT,bull,half,2026-04-13 16:00:00,0.98407643312102,0.6401273885350311,1.8611111111111,True,1.811388888888878,True,0.05732484076433111,28
D,LTCUSDT,bull,none,2026-04-10 12:00:00,0.6783439490445867,0.2611464968152867,0.6259541984732816,False,-1.0419007633587785,False,0.01273885350318444,9
D,LTCUSDT,bull,none,2026-04-20 12:00:00,0.9749999999999991,0.6333333333333334,1.8536585365853715,True,1.8088536585365909,True,0.0666666666666672,9
D,LTCUSDT,bull,strict,2026-04-26 04:00:00,0.5478723404255318,0.24999999999999906,0.8392857142857089,True,0.7388035714285663,False,0.01595744680850744,1
D,LTCUSDT,bull,half,2026-04-26 04:00:00,0.5478723404255318,0.24999999999999906,0.8392857142857089,True,0.7388035714285663,False,0.01595744680850744,1
D,LTCUSDT,bull,none,2026-04-26 04:00:00,0.5478723404255318,0.24999999999999906,0.8392857142857089,True,0.7388035714285663,False,0.01595744680850744,1
D,LTCUSDT,bull,strict,2026-07-11 16:00:00,0.5972222222222219,0.15277777777777843,0.34375000000000216,False,-1.0202544642857143,False,0.003968253968254589,28
D,LTCUSDT,bull,half,2026-07-11 16:00:00,0.5972222222222219,0.15277777777777843,0.34375000000000216,False,-1.0202544642857143,False,0.003968253968254589,28
D,LTCUSDT,bull,none,2026-07-11 04:00:00,0.5972222222222219,0.22619047619047633,0.609625668449199,False,-1.0240641711229947,False,0.11309523809523817,25
D,LTCUSDT,bull,half,2026-07-17 00:00:00,0.5485893416927904,0.1724137931034475,0.4583333333333299,False,-1.0379333333333332,False,0.0344827586206895,0
D,LTCUSDT,bull,none,2026-07-17 00:00:00,0.5485893416927904,0.1724137931034475,0.4583333333333299,False,-1.0379333333333332,False,0.0344827586206895,0
D,LTCUSDT,bull,strict,2026-08-04 16:00:00,0.7152777777777761,0.2361111111111127,0.49275362318841237,True,0.4280000000000064,True,0.04861111111111115,4
D,LTCUSDT,bull,half,2026-08-04 16:00:00,0.7152777777777761,0.2361111111111127,0.49275362318841237,True,0.4280000000000064,True,0.04861111111111115,4
D,LTCUSDT,bull,none,2026-08-04 16:00:00,0.7152777777777761,0.2361111111111127,0.49275362318841237,True,0.4280000000000064,True,0.04861111111111115,4
D,LTCUSDT,bull,strict,2026-08-30 12:00:00,0.6467065868263472,0.47048759623609904,2.6699029126213563,False,-1.024266990291262,False,0.02566295979469607,39
D,LTCUSDT,bull,half,2026-08-30 12:00:00,0.6467065868263472,0.47048759623609904,2.6699029126213563,False,-1.024266990291262,False,0.02566295979469607,39
D,LTCUSDT,bull,none,2026-08-30 12:00:00,0.6467065868263472,0.47048759623609904,2.6699029126213563,False,-1.024266990291262,False,0.02566295979469607,39
D,LTCUSDT,bull,strict,2026-09-11 16:00:00,0.6503322259136212,0.49584717607973416,3.209677419354839,False,-1.0287311827956989,False,0.002491694352159563,16
D,LTCUSDT,bull,half,2026-09-11 16:00:00,0.6503322259136212,0.49584717607973416,3.209677419354839,False,-1.0287311827956989,False,0.002491694352159563,16
D,LTCUSDT,bull,none,2026-09-11 16:00:00,0.6503322259136212,0.49584717607973416,3.209677419354839,False,-1.0287311827956989,False,0.002491694352159563,16
D,LTCUSDT,bull,none,2026-10-02 00:00:00,0.5645645645645644,0.37117117117117093,1.9192546583850916,False,,True,0.014414414414414968,24
D,LTCUSDT,bear,none,2020-02-24 04:00:00,0.7703957010258914,0.575964826575476,2.9623115577889396,True,2.9431909547738644,True,0.08402540302882262,19
D,LTCUSDT,bear,strict,2020-03-08 00:00:00,0.32634228187919445,0.10989932885906031,0.5077519379844959,True,0.49634496124030986,True,0.020134228187919632,30
D,LTCUSDT,bear,half,2020-03-04 08:00:00,0.2642617449664429,0.1623322147651006,1.5925925925925917,False,-1.0247366255144033,False,0.014261744966443099,8
D,LTCUSDT,bear,none,2020-03-04 08:00:00,0.2642617449664429,0.1623322147651006,1.5925925925925917,False,-1.0247366255144033,False,0.014261744966443099,8
D,LTCUSDT,bear,strict,2020-03-20 16:00:00,0.4982647496281607,0.35721368368864664,2.532513181019334,False,-1.0066942003514938,False,0.0014873574615766555,34
D,LTCUSDT,bear,half,2020-03-20 16:00:00,0.4982647496281607,0.35721368368864664,2.532513181019334,False,-1.0066942003514938,False,0.0014873574615766555,34
D,LTCUSDT,bear,none,2020-03-20 16:00:00,0.4982647496281607,0.35721368368864664,2.532513181019334,False,-1.0066942003514938,False,0.0014873574615766555,34
D,LTCUSDT,bear,half,2020-03-18 04:00:00,0.6928721174004194,0.3689727463312367,1.1391585760517786,False,-1.0105987055016181,False,0.11530398322851165,1
D,LTCUSDT,bear,none,2020-03-18 04:00:00,0.6928721174004194,0.3689727463312367,1.1391585760517786,False,-1.0105987055016181,False,0.11530398322851165,1
D,LTCUSDT,bear,none,2020-04-01 16:00:00,0.6680761099365747,0.20295983086680794,0.4363636363636376,False,-1.0170590909090909,False,0.10147991543340472,16
D,LTCUSDT,bear,strict,2020-04-12 20:00:00,0.3994169096209916,0.16326530612244863,0.6913580246913545,True,0.6654444444444411,True,0.0291545189504367,5
D,LTCUSDT,bear,half,2020-04-12 20:00:00,0.3994169096209916,0.16326530612244863,0.6913580246913545,True,0.6654444444444411,True,0.0291545189504367,5
D,LTCUSDT,bear,none,2020-04-12 20:00:00,0.3994169096209916,0.16326530612244863,0.6913580246913545,True,0.6654444444444411,True,0.0291545189504367,5
D,LTCUSDT,bear,strict,2020-05-09 20:00:00,0.8482758620689652,0.46724137931034465,1.2262443438914026,True,1.2049773755656108,True,0.02068965517241334,5
D,LTCUSDT,bear,half,2020-05-09 20:00:00,0.8482758620689652,0.46724137931034465,1.2262443438914026,True,1.2049773755656108,True,0.02068965517241334,5
D,LTCUSDT,bear,none,2020-05-09 20:00:00,0.8482758620689652,0.46724137931034465,1.2262443438914026,True,1.2049773755656108,True,0.02068965517241334,5
D,LTCUSDT,bear,strict,2020-05-31 00:00:00,0.9079333986287955,0.7277179236043094,4.038043478260862,False,-1.025233695652174,False,0.0048971596474042265,114
D,LTCUSDT,bear,half,2020-05-31 00:00:00,0.9079333986287955,0.7277179236043094,4.038043478260862,False,-1.025233695652174,False,0.0048971596474042265,114
D,LTCUSDT,bear,none,2020-05-20 12:00:00,0.7453476983349656,0.45641527913809954,1.5796610169491498,False,-1.0148,False,0.1155729676787463,51
D,LTCUSDT,bear,strict,2020-05-24 20:00:00,0.6870897155361047,0.09846827133479134,0.16728624535315842,False,-1.0156282527881042,False,0.05470459518599571,11
D,LTCUSDT,bear,half,2020-05-24 20:00:00,0.6870897155361047,0.09846827133479134,0.16728624535315842,False,-1.0156282527881042,False,0.05470459518599571,11
D,LTCUSDT,bear,none,2020-05-24 20:00:00,0.6870897155361047,0.09846827133479134,0.16728624535315842,False,-1.0156282527881042,False,0.05470459518599571,11
D,LTCUSDT,bear,strict,2020-06-15 00:00:00,0.6549165120593693,0.22634508348794039,0.5281385281385271,True,0.5094891774891765,True,0.04452690166975918,12
D,LTCUSDT,bear,half,2020-06-15 00:00:00,0.6549165120593693,0.22634508348794039,0.5281385281385271,True,0.5094891774891765,True,0.04452690166975918,12
D,LTCUSDT,bear,none,2020-06-15 00:00:00,0.6549165120593693,0.22634508348794039,0.5281385281385271,True,0.5094891774891765,True,0.04452690166975918,12
D,LTCUSDT,bear,strict,2020-06-17 16:00:00,0.6054054054054057,0.3009009009009001,0.9881656804733667,True,0.9625029585798757,True,0.06666666666666624,4
D,LTCUSDT,bear,half,2020-06-17 16:00:00,0.6054054054054057,0.3009009009009001,0.9881656804733667,True,0.9625029585798757,True,0.06666666666666624,4
D,LTCUSDT,bear,none,2020-06-17 16:00:00,0.6054054054054057,0.3009009009009001,0.9881656804733667,True,0.9625029585798757,True,0.06666666666666624,4
D,LTCUSDT,bear,half,2020-06-24 08:00:00,0.8873239436619719,0.2218309859154936,0.3333333333333346,True,0.3106613756613769,True,0.11971830985915348,14
D,LTCUSDT,bear,none,2020-06-24 04:00:00,0.8873239436619719,0.46478873239436574,1.0999999999999976,True,1.0637166666666644,True,0.09507042253521225,13
D,LTCUSDT,bear,half,2020-06-30 16:00:00,0.7274678111587979,0.4721030042918457,1.8487394957983252,False,-1.0345714285714287,False,0.04077253218884068,10
D,LTCUSDT,bear,none,2020-06-30 16:00:00,0.7274678111587979,0.4721030042918457,1.8487394957983252,False,-1.0345714285714287,False,0.04077253218884068,10
D,LTCUSDT,bear,strict,2020-07-05 12:00:00,0.96116504854369,0.5533980582524253,1.3571428571428439,False,-1.0492976190476189,False,0.033980582524272065,9
D,LTCUSDT,bear,half,2020-07-05 12:00:00,0.96116504854369,0.5533980582524253,1.3571428571428439,False,-1.0492976190476189,False,0.033980582524272065,9
D,LTCUSDT,bear,none,2020-07-05 12:00:00,0.96116504854369,0.5533980582524253,1.3571428571428439,False,-1.0492976190476189,False,0.033980582524272065,9
D,LTCUSDT,bear,strict,2020-07-12 08:00:00,0.7233201581027678,0.5019762845849799,2.2678571428571264,False,-1.0798571428571426,False,0.007905138339919394,2
D,LTCUSDT,bear,half,2020-07-12 08:00:00,0.7233201581027678,0.5019762845849799,2.2678571428571264,False,-1.0798571428571426,False,0.007905138339919394,2
D,LTCUSDT,bear,none,2020-07-12 08:00:00,0.7233201581027678,0.5019762845849799,2.2678571428571264,False,-1.0798571428571426,False,0.007905138339919394,2
D,LTCUSDT,bear,strict,2020-07-22 04:00:00,0.6823770491803286,0.5143442622950828,3.060975609756103,False,-1.0528170731707316,False,0.03688524590163927,25
D,LTCUSDT,bear,half,2020-07-22 04:00:00,0.6823770491803286,0.5143442622950828,3.060975609756103,False,-1.0528170731707316,False,0.03688524590163927,25
D,LTCUSDT,bear,none,2020-07-19 12:00:00,0.4385245901639343,0.23565573770491907,1.1616161616161733,False,-1.0423737373737376,False,0.07786885245901688,9
D,LTCUSDT,bear,strict,2020-08-25 00:00:00,0.8532258064516135,0.5177419354838708,1.543269230769227,True,1.5139374999999964,True,0.00161290322580613,6
D,LTCUSDT,bear,half,2020-08-25 00:00:00,0.8532258064516135,0.5177419354838708,1.543269230769227,True,1.5139374999999964,True,0.00161290322580613,6
D,LTCUSDT,bear,none,2020-08-25 00:00:00,0.8532258064516135,0.5177419354838708,1.543269230769227,True,1.5139374999999964,True,0.00161290322580613,6
D,LTCUSDT,bear,none,2020-09-13 12:00:00,0.32458847736625496,0.1496913580246912,0.8558823529411759,True,0.8417735294117641,True,0.0781893004115228,39
D,LTCUSDT,bear,none,2020-09-20 00:00:00,0.7111111111111117,0.3022222222222221,0.739130434782607,True,0.6867826086956506,True,0.1111111111111111,0
D,LTCUSDT,bear,strict,2020-09-25 00:00:00,0.45863746958637513,0.35523114355231167,3.435294117647055,False,-1.052270588235294,False,0.00608272506082777,12
D,LTCUSDT,bear,half,2020-09-25 00:00:00,0.45863746958637513,0.35523114355231167,3.435294117647055,False,-1.052270588235294,False,0.00608272506082777,12
D,LTCUSDT,bear,none,2020-09-25 00:00:00,0.45863746958637513,0.35523114355231167,3.435294117647055,False,-1.052270588235294,False,0.00608272506082777,12
D,LTCUSDT,bear,strict,2020-10-19 00:00:00,0.44385026737967953,0.2459893048128347,1.243243243243246,False,-1.0422342342342343,False,0.03030303030303061,6
D,LTCUSDT,bear,half,2020-10-19 00:00:00,0.44385026737967953,0.2459893048128347,1.243243243243246,False,-1.0422342342342343,False,0.03030303030303061,6
D,LTCUSDT,bear,none,2020-10-19 00:00:00,0.44385026737967953,0.2459893048128347,1.243243243243246,False,-1.0422342342342343,False,0.03030303030303061,6
D,LTCUSDT,bear,strict,2020-11-02 08:00:00,0.552414605418139,0.2073027090694934,0.6006825938566547,True,0.5822901023890779,False,0.00824499411071853,8
D,LTCUSDT,bear,half,2020-11-01 08:00:00,0.5147232037691402,0.26030624263839836,1.0231481481481501,False,-1.0251574074074075,False,0.09187279151943398,2
D,LTCUSDT,bear,none,2020-11-01 08:00:00,0.5147232037691402,0.26030624263839836,1.0231481481481501,False,-1.0251574074074075,False,0.09187279151943398,2
D,LTCUSDT,bear,half,2020-12-04 20:00:00,0.956738768718802,0.5021630615640601,1.1046852122986828,False,-1.005822840409956,False,0.1424292845257904,41
D,LTCUSDT,bear,none,2020-12-04 20:00:00,0.956738768718802,0.5021630615640601,1.1046852122986828,False,-1.005822840409956,False,0.1424292845257904,41
D,LTCUSDT,bear,strict,2020-12-08 08:00:00,0.6783667621776507,0.2098853868194838,0.4480122324159006,True,0.4357079510703349,True,0.06232091690544448,14
D,LTCUSDT,bear,half,2020-12-08 08:00:00,0.6783667621776507,0.2098853868194838,0.4480122324159006,True,0.4357079510703349,True,0.06232091690544448,14
D,LTCUSDT,bear,none,2020-12-08 08:00:00,0.6783667621776507,0.2098853868194838,0.4480122324159006,True,0.4357079510703349,True,0.06232091690544448,14
D,LTCUSDT,bear,strict,2021-01-15 00:00:00,0.6018093437753173,0.5116122063192006,5.672155688622749,False,-1.0225209580838324,True,0.028895490143127003,12
D,LTCUSDT,bear,half,2021-01-15 00:00:00,0.6018093437753173,0.5116122063192006,5.672155688622749,False,-1.0225209580838324,True,0.028895490143127003,12
D,LTCUSDT,bear,none,2021-01-15 00:00:00,0.6018093437753173,0.5116122063192006,5.672155688622749,False,-1.0225209580838324,True,0.028895490143127003,12
D,LTCUSDT,bear,strict,2021-01-25 20:00:00,0.5734824281150162,0.3302145139205838,1.357410881801121,True,1.3445459662288883,True,0.038795070743952914,11
D,LTCUSDT,bear,half,2021-01-25 20:00:00,0.5734824281150162,0.3302145139205838,1.357410881801121,True,1.3445459662288883,True,0.038795070743952914,11
D,LTCUSDT,bear,none,2021-01-25 20:00:00,0.5734824281150162,0.3302145139205838,1.357410881801121,True,1.3445459662288883,True,0.038795070743952914,11
D,LTCUSDT,bear,strict,2021-01-29 16:00:00,0.9403035413153453,0.5878583473861722,1.6679425837320598,False,-1.0129741626794257,False,0.12377740303541367,4
D,LTCUSDT,bear,half,2021-01-29 16:00:00,0.9403035413153453,0.5878583473861722,1.6679425837320598,False,-1.0129741626794257,False,0.12377740303541367,4
D,LTCUSDT,bear,none,2021-01-29 16:00:00,0.9403035413153453,0.5878583473861722,1.6679425837320598,False,-1.0129741626794257,False,0.12377740303541367,4
D,LTCUSDT,bear,half,2021-02-25 20:00:00,0.5370813397129188,0.25511091779034367,0.90474354030081,True,0.8978210566910915,True,0.10678555893866921,5
D,LTCUSDT,bear,none,2021-02-25 20:00:00,0.5370813397129188,0.25511091779034367,0.90474354030081,True,0.8978210566910915,True,0.10678555893866921,5
D,LTCUSDT,bear,strict,2021-03-02 16:00:00,0.6180847004959938,0.3683708508202975,1.4751718869365926,False,-1.0131642475171887,False,0.027661198016024735,4
D,LTCUSDT,bear,half,2021-03-02 16:00:00,0.6180847004959938,0.3683708508202975,1.4751718869365926,False,-1.0131642475171887,False,0.027661198016024735,4
D,LTCUSDT,bear,none,2021-03-02 16:00:00,0.6180847004959938,0.3683708508202975,1.4751718869365926,False,-1.0131642475171887,False,0.027661198016024735,4
D,LTCUSDT,bear,strict,2021-03-18 04:00:00,0.4408711066092683,0.3319827804507468,3.048837209302314,False,-1.0474790697674417,False,0.0002532286654847027,1
D,LTCUSDT,bear,half,2021-03-18 04:00:00,0.4408711066092683,0.3319827804507468,3.048837209302314,False,-1.0474790697674417,False,0.0002532286654847027,1
D,LTCUSDT,bear,none,2021-03-18 04:00:00,0.4408711066092683,0.3319827804507468,3.048837209302314,False,-1.0474790697674417,False,0.0002532286654847027,1
D,LTCUSDT,bear,none,2021-04-22 20:00:00,0.5824802971283632,0.2440438445511369,0.7210920770877941,True,0.7143297644539611,True,0.05616450765467877,17
D,LTCUSDT,bear,strict,2021-05-15 04:00:00,0.4641756548536207,0.20936055469953777,0.8216175359032512,True,0.8098000755857908,True,0.014541602465331187,1
D,LTCUSDT,bear,half,2021-05-15 04:00:00,0.4641756548536207,0.20936055469953777,0.8216175359032512,True,0.8098000755857908,True,0.014541602465331187,1
D,LTCUSDT,bear,none,2021-05-15 04:00:00,0.4641756548536207,0.20936055469953777,0.8216175359032512,True,0.8098000755857908,True,0.014541602465331187,1
D,LTCUSDT,bear,none,2021-05-19 00:00:00,0.7309474768280125,0.163491246138002,0.2881125226860253,True,0.2818926950998184,True,0.09384654994850629,0
D,LTCUSDT,bear,strict,2021-05-25 08:00:00,0.38232209737827716,0.2576779026217228,2.0673076923076916,False,-1.0067948717948718,False,0.025368289637952623,2
D,LTCUSDT,bear,half,2021-05-25 08:00:00,0.38232209737827716,0.2576779026217228,2.0673076923076916,False,-1.0067948717948718,False,0.025368289637952623,2
D,LTCUSDT,bear,none,2021-05-25 08:00:00,0.38232209737827716,0.2576779026217228,2.0673076923076916,False,-1.0067948717948718,False,0.025368289637952623,2
D,LTCUSDT,bear,none,2021-06-04 00:00:00,0.7956489401264409,0.5195239866121234,1.881481481481482,True,1.8691622895622901,True,0.03439940498326505,18
D,LTCUSDT,bear,none,2021-06-12 00:00:00,0.7957708779443255,0.31450749464668104,0.6535038932146834,False,-1.0087085650723027,False,0.10117773019271956,12
D,LTCUSDT,bear,none,2021-06-25 08:00:00,0.44037177641052494,0.3229480298468386,2.7502787068004464,False,-1.0144370122630992,True,0.00929441026312355,8
D,LTCUSDT,bear,strict,2021-07-05 00:00:00,0.9442060085836914,0.5718884120171668,1.5360230547550369,True,1.5156815561959591,True,0.011266094420601277,6
D,LTCUSDT,bear,half,2021-07-05 00:00:00,0.9442060085836914,0.5718884120171668,1.5360230547550369,True,1.5156815561959591,True,0.011266094420601277,6
D,LTCUSDT,bear,none,2021-07-05 00:00:00,0.9442060085836914,0.5718884120171668,1.5360230547550369,True,1.5156815561959591,True,0.011266094420601277,6
D,LTCUSDT,bear,strict,2021-07-07 20:00:00,0.6431046431046429,0.2529452529452532,0.648312611012435,True,0.623920071047959,True,0.026334026334026005,5
D,LTCUSDT,bear,half,2021-07-07 20:00:00,0.6431046431046429,0.2529452529452532,0.648312611012435,True,0.623920071047959,True,0.026334026334026005,5
D,LTCUSDT,bear,none,2021-07-07 20:00:00,0.6431046431046429,0.2529452529452532,0.648312611012435,True,0.623920071047959,True,0.026334026334026005,5
D,LTCUSDT,bear,none,2021-07-13 16:00:00,0.8097189695550353,0.25526932084309195,0.4604012671594524,True,0.44664836325237744,True,0.08548009367681372,16
D,LTCUSDT,bear,none,2021-07-23 12:00:00,0.9082840236686391,0.7337278106508873,4.203389830508466,False,-1.033502824858757,False,0.07642998027613397,9
D,LTCUSDT,bear,strict,2021-08-21 16:00:00,0.8296600672394471,0.5659320134478895,2.145892351274788,False,-1.025186968838527,False,0.06163615988046233,4
D,LTCUSDT,bear,half,2021-08-21 16:00:00,0.8296600672394471,0.5659320134478895,2.145892351274788,False,-1.025186968838527,False,0.06163615988046233,4
D,LTCUSDT,bear,none,2021-08-21 16:00:00,0.8296600672394471,0.5659320134478895,2.145892351274788,False,-1.025186968838527,False,0.06163615988046233,4
D,LTCUSDT,bear,none,2021-08-29 20:00:00,0.6605301914580265,0.35198821796759955,1.1408114558472562,False,-1.02081861575179,True,0.018777614138439595,11
D,LTCUSDT,bear,none,2021-09-13 00:00:00,0.8586188145731378,0.28874388254486166,0.5066793893129778,False,-1.0167786259541984,False,0.28548123980424167,6
D,LTCUSDT,bear,strict,2021-09-26 00:00:00,0.26446587537091976,0.12963649851632067,0.9614855570839101,True,0.9410440165061934,True,0.007789317507418168,0
D,LTCUSDT,bear,half,2021-09-26 00:00:00,0.26446587537091976,0.12963649851632067,0.9614855570839101,True,0.9410440165061934,True,0.007789317507418168,0
D,LTCUSDT,bear,none,2021-09-26 00:00:00,0.26446587537091976,0.12963649851632067,0.9614855570839101,True,0.9410440165061934,True,0.007789317507418168,0
D,LTCUSDT,bear,strict,2021-10-27 04:00:00,0.6657663740715731,0.19108710330857515,0.4025604551920338,True,0.3889729729729727,True,0.08102633355840666,7
D,LTCUSDT,bear,half,2021-10-27 04:00:00,0.6657663740715731,0.19108710330857515,0.4025604551920338,True,0.3889729729729727,True,0.08102633355840666,7
D,LTCUSDT,bear,none,2021-10-27 04:00:00,0.6657663740715731,0.19108710330857515,0.4025604551920338,True,0.3889729729729727,True,0.08102633355840666,7
D,LTCUSDT,bear,strict,2021-11-15 12:00:00,0.7255992329817833,0.47842761265580086,1.9356089992242083,True,1.9147556245151314,True,0.013614573346117667,9
D,LTCUSDT,bear,half,2021-11-15 12:00:00,0.7255992329817833,0.47842761265580086,1.9356089992242083,True,1.9147556245151314,True,0.013614573346117667,9
D,LTCUSDT,bear,none,2021-11-15 12:00:00,0.7255992329817833,0.47842761265580086,1.9356089992242083,True,1.9147556245151314,True,0.013614573346117667,9
D,LTCUSDT,bear,strict,2021-11-20 12:00:00,0.3155216284987276,0.18708348479340842,1.4566037735849062,False,-1.020245283018868,False,0.0033927056827820325,3
D,LTCUSDT,bear,half,2021-11-20 12:00:00,0.3155216284987276,0.18708348479340842,1.4566037735849062,False,-1.020245283018868,False,0.0033927056827820325,3
D,LTCUSDT,bear,none,2021-11-20 12:00:00,0.3155216284987276,0.18708348479340842,1.4566037735849062,False,-1.020245283018868,False,0.0033927056827820325,3
D,LTCUSDT,bear,strict,2021-11-26 00:00:00,0.9620743034055732,0.4345975232198149,0.8239178283198842,True,0.8080432868672063,True,0.09171826625387013,12
D,LTCUSDT,bear,half,2021-11-26 00:00:00,0.9620743034055732,0.4345975232198149,0.8239178283198842,True,0.8080432868672063,True,0.09171826625387013,12
D,LTCUSDT,bear,none,2021-11-26 00:00:00,0.9620743034055732,0.4345975232198149,0.8239178283198842,True,0.8080432868672063,True,0.09171826625387013,12
D,LTCUSDT,bear,half,2021-12-02 00:00:00,0.7908088999792057,0.4254522769806614,1.1644849174729661,True,1.1529669891861136,True,0.07215637346641711,12
D,LTCUSDT,bear,none,2021-12-02 00:00:00,0.7908088999792057,0.4254522769806614,1.1644849174729661,True,1.1529669891861136,True,0.07215637346641711,12
D,LTCUSDT,bear,none,2021-12-09 20:00:00,0.4544359255202629,0.24665936473165398,1.1871375856615716,False,,False,0.05585980284775459,23
D,LTCUSDT,bear,none,2022-01-03 16:00:00,0.5769026077700901,0.28738690792974986,0.9926470588235309,True,0.9654577205882368,True,0.014369345396486509,16
D,LTCUSDT,bear,half,2022-01-13 08:00:00,0.7001287001286995,0.5366795366795367,3.2834645669291453,False,-1.027003937007874,False,0.05276705276705322,8
D,LTCUSDT,bear,none,2022-01-13 08:00:00,0.7001287001286995,0.5366795366795367,3.2834645669291453,False,-1.027003937007874,False,0.05276705276705322,8
D,LTCUSDT,bear,half,2022-02-02 12:00:00,0.357737682165163,0.2399375433726579,2.036818851251843,False,-1.0161973490427099,False,0.02585010409437882,57
D,LTCUSDT,bear,none,2022-02-02 12:00:00,0.357737682165163,0.2399375433726579,2.036818851251843,False,-1.0161973490427099,False,0.02585010409437882,57
D,LTCUSDT,bear,none,2022-01-30 16:00:00,0.6935953420669574,0.3879184861717609,1.2690476190476179,False,-1.025745238095238,False,0.01164483260553104,10
D,LTCUSDT,bear,none,2022-02-16 12:00:00,0.5110629067245114,0.2863340563991321,1.274131274131275,True,1.2495559845559854,True,0.08676789587852496,15
D,LTCUSDT,bear,none,2022-03-06 04:00:00,0.4053738317757007,0.26752336448598113,1.9406779661016946,True,1.8968389830508472,True,0.025116822429906933,1
D,LTCUSDT,bear,strict,2022-03-13 20:00:00,0.8601823708206691,0.2228976697061794,0.3497615262321123,False,-1.0161526232114466,False,0.05876393110435652,11
D,LTCUSDT,bear,half,2022-03-13 20:00:00,0.8601823708206691,0.2228976697061794,0.3497615262321123,False,-1.0161526232114466,False,0.05876393110435652,11
D,LTCUSDT,bear,none,2022-03-13 20:00:00,0.8601823708206691,0.2228976697061794,0.3497615262321123,False,-1.0161526232114466,False,0.05876393110435652,11
D,LTCUSDT,bear,half,2022-04-14 12:00:00,0.8365910867865518,0.4081313526192335,0.9525547445255466,False,-1.019492700729927,False,0.09695074276778688,3
D,LTCUSDT,bear,none,2022-04-14 12:00:00,0.8365910867865518,0.4081313526192335,0.9525547445255466,False,-1.019492700729927,False,0.09695074276778688,3
D,LTCUSDT,bear,strict,2022-04-20 12:00:00,0.9044265593561379,0.6549295774647894,2.624999999999998,False,-1.0450282258064516,False,0.04124748490945641,3
D,LTCUSDT,bear,half,2022-04-20 12:00:00,0.9044265593561379,0.6549295774647894,2.624999999999998,False,-1.0450282258064516,False,0.04124748490945641,3
D,LTCUSDT,bear,none,2022-04-20 12:00:00,0.9044265593561379,0.6549295774647894,2.624999999999998,False,-1.0450282258064516,False,0.04124748490945641,3
D,LTCUSDT,bear,strict,2022-05-18 12:00:00,0.37878214826021184,0.24470499243570346,1.8251057827926644,True,1.8156248236953443,True,0.024583963691376918,27
D,LTCUSDT,bear,half,2022-05-18 12:00:00,0.37878214826021184,0.24470499243570346,1.8251057827926644,True,1.8156248236953443,True,0.024583963691376918,27
D,LTCUSDT,bear,none,2022-05-14 12:00:00,0.35779122541603636,0.19629349470499236,1.2154566744730666,False,-1.0075714285714286,False,0.04992435703479578,3
D,LTCUSDT,bear,strict,2022-05-23 16:00:00,0.9630769230769232,0.42871794871794794,0.8023032629558515,True,0.7891094049904005,True,0.017435897435897612,16
D,LTCUSDT,bear,half,2022-05-23 16:00:00,0.9630769230769232,0.42871794871794794,0.8023032629558515,True,0.7891094049904005,True,0.017435897435897612,16
D,LTCUSDT,bear,none,2022-05-23 16:00:00,0.9630769230769232,0.42871794871794794,0.8023032629558515,True,0.7891094049904005,True,0.017435897435897612,16
D,LTCUSDT,bear,strict,2022-06-01 16:00:00,0.9075704225352115,0.3204225352112677,0.545727136431784,True,0.5361394302848576,True,0.11003521126760564,28
D,LTCUSDT,bear,half,2022-06-01 16:00:00,0.9075704225352115,0.3204225352112677,0.545727136431784,True,0.5361394302848576,True,0.11003521126760564,28
D,LTCUSDT,bear,none,2022-06-01 12:00:00,0.9075704225352115,0.4771126760563382,1.1083844580777098,True,1.0949427402862988,True,0.09947183098591635,27
D,LTCUSDT,bear,strict,2022-06-16 04:00:00,0.4159359512009152,0.2668699961875715,1.790281329923272,False,-1.0120946291560102,True,0.005718642775448177,1
D,LTCUSDT,bear,half,2022-06-16 04:00:00,0.4159359512009152,0.2668699961875715,1.790281329923272,False,-1.0120946291560102,True,0.005718642775448177,1
D,LTCUSDT,bear,none,2022-06-16 04:00:00,0.4159359512009152,0.2668699961875715,1.790281329923272,False,-1.0120946291560102,True,0.005718642775448177,1
D,LTCUSDT,bear,strict,2022-07-05 08:00:00,0.45810810810810826,0.06216216216216229,0.15699658703071703,True,0.14009215017064877,False,0.0662162162162165,2
D,LTCUSDT,bear,half,2022-07-05 08:00:00,0.45810810810810826,0.06216216216216229,0.15699658703071703,True,0.14009215017064877,False,0.0662162162162165,2
D,LTCUSDT,bear,none,2022-07-05 08:00:00,0.45810810810810826,0.06216216216216229,0.15699658703071703,True,0.14009215017064877,False,0.0662162162162165,2
D,LTCUSDT,bear,strict,2022-07-10 12:00:00,0.8327526132404184,0.4645760743321719,1.2618296529968447,True,1.2454700315457405,True,0.08478513356562184,21
D,LTCUSDT,bear,half,2022-07-10 12:00:00,0.8327526132404184,0.4645760743321719,1.2618296529968447,True,1.2454700315457405,True,0.08478513356562184,21
D,LTCUSDT,bear,none,2022-07-10 12:00:00,0.8327526132404184,0.4645760743321719,1.2618296529968447,True,1.2454700315457405,True,0.08478513356562184,21
D,LTCUSDT,bear,none,2022-08-09 08:00:00,0.942643391521196,0.41147132169576006,0.7746478873239434,False,-1.0140539906103287,False,0.07730673316708284,32
D,LTCUSDT,bear,strict,2022-08-17 12:00:00,0.8258785942492008,0.11182108626198119,0.1565995525727076,True,0.1431208053691282,True,0.02875399361022357,3
D,LTCUSDT,bear,half,2022-08-17 12:00:00,0.8258785942492008,0.11182108626198119,0.1565995525727076,True,0.1431208053691282,True,0.02875399361022357,3
D,LTCUSDT,bear,none,2022-08-17 12:00:00,0.8258785942492008,0.11182108626198119,0.1565995525727076,True,0.1431208053691282,True,0.02875399361022357,3
D,LTCUSDT,bear,half,2022-08-22 04:00:00,0.277823577906018,0.023907666941467374,0.09415584415584394,True,0.07698701298701276,False,0.019785655399835293,1
D,LTCUSDT,bear,none,2022-08-22 04:00:00,0.277823577906018,0.023907666941467374,0.09415584415584394,True,0.07698701298701276,False,0.019785655399835293,1
D,LTCUSDT,bear,half,2022-08-30 12:00:00,0.7578475336322873,0.20179372197309445,0.3629032258064521,False,-1.014236559139785,False,0.023916292974588436,9
D,LTCUSDT,bear,none,2022-08-30 12:00:00,0.7578475336322873,0.20179372197309445,0.3629032258064521,False,-1.014236559139785,False,0.023916292974588436,9
D,LTCUSDT,bear,none,2022-09-18 08:00:00,0.2975270479134467,0.14837712519319946,0.9948186528497419,True,0.9655647668393792,True,0.05409582689335414,2
D,LTCUSDT,bear,strict,2022-09-21 20:00:00,0.65717674970344,0.12574139976275234,0.23660714285714354,False,-1.0113883928571428,False,0.01660735468564657,5
D,LTCUSDT,bear,half,2022-09-21 20:00:00,0.65717674970344,0.12574139976275234,0.23660714285714354,False,-1.0113883928571428,False,0.01660735468564657,5
D,LTCUSDT,bear,none,2022-09-21 20:00:00,0.65717674970344,0.12574139976275234,0.23660714285714354,False,-1.0113883928571428,False,0.01660735468564657,5
D,LTCUSDT,bear,half,2022-10-02 20:00:00,0.8877118644067794,0.18644067796610228,0.2658610271903335,False,-1.0156404833836858,False,0.052966101694915266,17
D,LTCUSDT,bear,none,2022-10-02 20:00:00,0.8877118644067794,0.18644067796610228,0.2658610271903335,False,-1.0156404833836858,False,0.052966101694915266,17
D,LTCUSDT,bear,half,2022-10-10 20:00:00,0.6340057636887618,0.10086455331412147,0.1891891891891898,True,0.1607567567567574,True,0.0691642651296836,11
D,LTCUSDT,bear,none,2022-10-10 20:00:00,0.6340057636887618,0.10086455331412147,0.1891891891891898,True,0.1607567567567574,True,0.0691642651296836,11
D,LTCUSDT,bear,strict,2022-11-20 08:00:00,0.6756652526031625,0.5333590435788661,3.7479674796747915,False,-1.0165880758807588,False,0.002313922097956123,56
D,LTCUSDT,bear,half,2022-11-20 08:00:00,0.6756652526031625,0.5333590435788661,3.7479674796747915,False,-1.0165880758807588,False,0.002313922097956123,56
D,LTCUSDT,bear,none,2022-11-20 08:00:00,0.6756652526031625,0.5333590435788661,3.7479674796747915,False,-1.0165880758807588,False,0.002313922097956123,56
D,LTCUSDT,bear,strict,2022-11-16 08:00:00,0.6183486238532113,0.39816513761467925,1.8083333333333358,False,-1.0240583333333333,False,0.040366972477064667,2
D,LTCUSDT,bear,half,2022-11-16 08:00:00,0.6183486238532113,0.39816513761467925,1.8083333333333358,False,-1.0240583333333333,False,0.040366972477064667,2
D,LTCUSDT,bear,none,2022-11-16 08:00:00,0.6183486238532113,0.39816513761467925,1.8083333333333358,False,-1.0240583333333333,False,0.040366972477064667,2
D,LTCUSDT,bear,half,2022-12-28 04:00:00,0.5868644067796611,0.35010593220338987,1.4787472035794187,False,-1.0151073825503356,False,0.04819915254237271,43
D,LTCUSDT,bear,none,2022-12-28 04:00:00,0.5868644067796611,0.35010593220338987,1.4787472035794187,False,-1.0151073825503356,False,0.04819915254237271,43
D,LTCUSDT,bear,none,2023-03-15 16:00:00,0.8739244294799848,0.4193789749345302,0.9226337448559662,False,-1.006272427983539,False,0.08454919566030696,16
D,LTCUSDT,bear,none,2023-03-20 00:00:00,0.9678143712574856,0.47230538922155707,0.9531722054380661,False,-1.0122824773413897,False,0.10553892215568944,18
D,LTCUSDT,bear,none,2023-03-30 12:00:00,0.8405172413793099,0.39008620689655216,0.8660287081339739,False,-1.0213205741626794,False,0.1637931034482754,3
D,LTCUSDT,bear,strict,2023-04-26 16:00:00,0.51792828685259,0.13695219123505978,0.35947712418300626,True,0.3482026143790847,True,0.018426294820717358,22
D,LTCUSDT,bear,half,2023-04-23 12:00:00,0.1787848605577691,0.12001992031872494,2.0423728813559174,False,-1.0728050847457622,True,0.023406374501991976,3
D,LTCUSDT,bear,none,2023-04-23 12:00:00,0.1787848605577691,0.12001992031872494,2.0423728813559174,False,-1.0728050847457622,True,0.023406374501991976,3
D,LTCUSDT,bear,half,2023-05-03 12:00:00,0.6231003039513693,0.13677811550152066,0.2812500000000015,False,-1.026859375,False,0.031914893617022495,3
D,LTCUSDT,bear,none,2023-05-03 12:00:00,0.6231003039513693,0.13677811550152066,0.2812500000000015,False,-1.026859375,False,0.031914893617022495,3
D,LTCUSDT,bear,none,2023-05-12 00:00:00,0.4782016348773837,0.20163487738419567,0.729064039408865,False,-1.0192019704433497,False,0.008855585831062357,12
D,LTCUSDT,bear,strict,2023-05-22 00:00:00,0.7406143344709905,0.2883959044368597,0.6377358490566015,True,0.603464150943394,True,0.04436860068259231,12
D,LTCUSDT,bear,half,2023-05-22 00:00:00,0.7406143344709905,0.2883959044368597,0.6377358490566015,True,0.603464150943394,True,0.04436860068259231,12
D,LTCUSDT,bear,none,2023-05-22 00:00:00,0.7406143344709905,0.2883959044368597,0.6377358490566015,True,0.603464150943394,True,0.04436860068259231,12
D,LTCUSDT,bear,half,2023-06-07 12:00:00,0.5756944444444446,0.32638888888888895,1.3091922005571026,True,1.284718662952646,True,0.07499999999999986,3
D,LTCUSDT,bear,none,2023-06-07 12:00:00,0.5756944444444446,0.32638888888888895,1.3091922005571026,True,1.284718662952646,True,0.07499999999999986,3
D,LTCUSDT,bear,strict,2023-06-13 12:00:00,0.41839080459770106,0.23678160919540248,1.3037974683544333,True,1.2795411392405092,True,0.003448275862069095,9
D,LTCUSDT,bear,half,2023-06-13 12:00:00,0.41839080459770106,0.23678160919540248,1.3037974683544333,True,1.2795411392405092,True,0.003448275862069095,9
D,LTCUSDT,bear,none,2023-06-13 12:00:00,0.41839080459770106,0.23678160919540248,1.3037974683544333,True,1.2795411392405092,True,0.003448275862069095,9
D,LTCUSDT,bear,strict,2023-07-12 12:00:00,0.29811320754716986,0.1836477987421382,1.6043956043956005,False,-1.0350109890109889,False,0.0004192872117396607,3
D,LTCUSDT,bear,half,2023-07-12 12:00:00,0.29811320754716986,0.1836477987421382,1.6043956043956005,False,-1.0350109890109889,False,0.0004192872117396607,3
D,LTCUSDT,bear,none,2023-07-12 12:00:00,0.29811320754716986,0.1836477987421382,1.6043956043956005,False,-1.0350109890109889,False,0.0004192872117396607,3
D,LTCUSDT,bear,strict,2023-07-20 12:00:00,0.3810457516339869,0.19346405228758132,1.0313588850174178,False,-1.0320836236933797,False,0.04052287581699377,9
D,LTCUSDT,bear,half,2023-07-20 12:00:00,0.3810457516339869,0.19346405228758132,1.0313588850174178,False,-1.0320836236933797,False,0.04052287581699377,9
D,LTCUSDT,bear,none,2023-07-20 12:00:00,0.3810457516339869,0.19346405228758132,1.0313588850174178,False,-1.0320836236933797,False,0.04052287581699377,9
D,LTCUSDT,bear,none,2023-08-01 00:00:00,0.9719626168224303,0.327102803738317,0.5072463768115921,True,0.49275523349436184,True,0.21910695742471448,36
D,LTCUSDT,bear,strict,2023-08-21 12:00:00,0.41379310344827586,0.3379310344827585,4.454545454545448,False,-1.0294545454545454,False,0.005517241379310227,15
D,LTCUSDT,bear,half,2023-08-21 12:00:00,0.41379310344827586,0.3379310344827585,4.454545454545448,False,-1.0294545454545454,False,0.005517241379310227,15
D,LTCUSDT,bear,none,2023-08-21 12:00:00,0.41379310344827586,0.3379310344827585,4.454545454545448,False,-1.0294545454545454,False,0.005517241379310227,15
D,LTCUSDT,bear,none,2023-09-05 00:00:00,0.3700440528634356,0.19273127753303984,1.0869565217391357,True,1.0475900621118064,True,0.004405286343612245,12
D,LTCUSDT,bear,strict,2023-11-01 12:00:00,0.9886363636363624,0.37662337662337714,0.615384615384618,False,-1.0177294429708224,False,0.024350649350647922,21
D,LTCUSDT,bear,half,2023-11-01 12:00:00,0.9886363636363624,0.37662337662337714,0.615384615384618,False,-1.0177294429708224,False,0.024350649350647922,21
D,LTCUSDT,bear,none,2023-10-31 16:00:00,0.9886363636363624,0.6396103896103881,1.8325581395348778,False,-1.0318418604651163,False,0.03571428571428547,16
D,LTCUSDT,bear,strict,2023-11-16 12:00:00,0.7345415778251604,0.43070362473347484,1.4175438596491157,True,1.3924315789473614,True,0.07036247334754764,3
D,LTCUSDT,bear,half,2023-11-16 12:00:00,0.7345415778251604,0.43070362473347484,1.4175438596491157,True,1.3924315789473614,True,0.07036247334754764,3
D,LTCUSDT,bear,none,2023-11-16 12:00:00,0.7345415778251604,0.43070362473347484,1.4175438596491157,True,1.3924315789473614,True,0.07036247334754764,3
D,LTCUSDT,bear,strict,2023-11-26 16:00:00,0.779303062302006,0.5005279831045402,1.7954545454545432,False,-1.0263977272727272,False,0.010559662090813996,22
D,LTCUSDT,bear,half,2023-11-26 16:00:00,0.779303062302006,0.5005279831045402,1.7954545454545432,False,-1.0263977272727272,False,0.010559662090813996,22
D,LTCUSDT,bear,none,2023-11-26 16:00:00,0.779303062302006,0.5005279831045402,1.7954545454545432,False,-1.0263977272727272,False,0.010559662090813996,22
D,LTCUSDT,bear,half,2023-12-20 20:00:00,0.696808510638299,0.32446808510638264,0.8714285714285671,False,-1.0332761904761902,False,0.0673758865248244,5
D,LTCUSDT,bear,none,2023-12-20 20:00:00,0.696808510638299,0.32446808510638264,0.8714285714285671,False,-1.0332761904761902,False,0.0673758865248244,5
D,LTCUSDT,bear,strict,2024-01-02 12:00:00,0.7123287671232873,0.32572298325723026,0.8425196850393729,True,0.8135905511811051,True,0.010654490106546037,3
D,LTCUSDT,bear,half,2024-01-02 12:00:00,0.7123287671232873,0.32572298325723026,0.8425196850393729,True,0.8135905511811051,True,0.010654490106546037,3
D,LTCUSDT,bear,none,2024-01-02 12:00:00,0.7123287671232873,0.32572298325723026,0.8425196850393729,True,0.8135905511811051,True,0.010654490106546037,3
D,LTCUSDT,bear,strict,2024-01-05 00:00:00,0.5509072580645162,0.45665322580645146,4.844919786096242,False,-1.0348877005347592,True,0.017137096774193724,0
D,LTCUSDT,bear,half,2024-01-05 00:00:00,0.5509072580645162,0.45665322580645146,4.844919786096242,False,-1.0348877005347592,True,0.017137096774193724,0
D,LTCUSDT,bear,none,2024-01-05 00:00:00,0.5509072580645162,0.45665322580645146,4.844919786096242,False,-1.0348877005347592,True,0.017137096774193724,0
D,LTCUSDT,bear,strict,2024-01-31 20:00:00,0.7232704402515723,0.371069182389937,1.0535714285714286,False,-1.0198571428571428,False,0.003144654088050434,41
D,LTCUSDT,bear,half,2024-01-31 20:00:00,0.7232704402515723,0.371069182389937,1.0535714285714286,False,-1.0198571428571428,False,0.003144654088050434,41
D,LTCUSDT,bear,none,2024-01-31 20:00:00,0.7232704402515723,0.371069182389937,1.0535714285714286,False,-1.0198571428571428,False,0.07127882599580636,41
D,LTCUSDT,bear,none,2024-02-04 20:00:00,0.8,0.29213483146067654,0.5752212389380604,False,-1.0296150442477878,False,0.06516853932584406,11
D,LTCUSDT,bear,strict,2024-02-07 00:00:00,0.8606271777003516,0.5609756097561014,1.872093023255831,False,-1.0789883720930233,False,0.04181184668989204,6
D,LTCUSDT,bear,half,2024-02-07 00:00:00,0.8606271777003516,0.5609756097561014,1.872093023255831,False,-1.0789883720930233,False,0.04181184668989204,6
D,LTCUSDT,bear,none,2024-02-07 00:00:00,0.8606271777003516,0.5609756097561014,1.872093023255831,False,-1.0789883720930233,False,0.04181184668989204,6
D,LTCUSDT,bear,strict,2024-02-26 08:00:00,0.7761506276150613,0.5355648535564858,2.226086956521758,False,-1.0605130434782613,False,0.020920502092049015,26
D,LTCUSDT,bear,half,2024-02-26 08:00:00,0.7761506276150613,0.5355648535564858,2.226086956521758,False,-1.0605130434782613,False,0.020920502092049015,26
D,LTCUSDT,bear,none,2024-02-26 08:00:00,0.7761506276150613,0.5355648535564858,2.226086956521758,False,-1.0605130434782613,False,0.020920502092049015,26
D,LTCUSDT,bear,strict,2024-03-08 04:00:00,0.7907072368421052,0.6990131578947366,7.623318385650211,False,-1.0392466367713005,True,0.017269736842105327,7
D,LTCUSDT,bear,half,2024-03-08 04:00:00,0.7907072368421052,0.6990131578947366,7.623318385650211,False,-1.0392466367713005,True,0.017269736842105327,7
D,LTCUSDT,bear,none,2024-03-08 04:00:00,0.7907072368421052,0.6990131578947366,7.623318385650211,False,-1.0392466367713005,True,0.017269736842105327,7
D,LTCUSDT,bear,strict,2024-04-09 04:00:00,0.7429718875502005,0.3433734939759034,0.8592964824120597,True,0.8425142378559458,True,0.01740294511378788,13
D,LTCUSDT,bear,half,2024-04-09 04:00:00,0.7429718875502005,0.3433734939759034,0.8592964824120597,True,0.8425142378559458,True,0.01740294511378788,13
D,LTCUSDT,bear,none,2024-04-09 04:00:00,0.7429718875502005,0.3433734939759034,0.8592964824120597,True,0.8425142378559458,True,0.01740294511378788,13
D,LTCUSDT,bear,half,2024-04-12 12:00:00,0.5197160883280751,0.1845425867507879,0.5505882352941152,True,0.528042352941174,True,0.08517350157728698,3
D,LTCUSDT,bear,none,2024-04-12 12:00:00,0.5197160883280751,0.1845425867507879,0.5505882352941152,True,0.528042352941174,True,0.08517350157728698,3
D,LTCUSDT,bear,strict,2024-04-15 12:00:00,0.4146919431279622,0.2968855788761002,2.5201149425287315,False,-1.022787356321839,True,0.027081922816519884,3
D,LTCUSDT,bear,half,2024-04-15 12:00:00,0.4146919431279622,0.2968855788761002,2.5201149425287315,False,-1.022787356321839,True,0.027081922816519884,3
D,LTCUSDT,bear,none,2024-04-15 12:00:00,0.4146919431279622,0.2968855788761002,2.5201149425287315,False,-1.022787356321839,True,0.027081922816519884,3
D,LTCUSDT,bear,strict,2024-05-19 16:00:00,0.923629829290206,0.7070979335130276,3.2655601659751103,False,-1.0341742738589212,False,0.012578616352200022,100
D,LTCUSDT,bear,half,2024-05-19 16:00:00,0.923629829290206,0.7070979335130276,3.2655601659751103,False,-1.0341742738589212,False,0.012578616352200022,100
D,LTCUSDT,bear,none,2024-05-08 04:00:00,0.8706199460916445,0.48697214734950556,1.2693208430913323,False,-1.0187142857142857,False,0.11320754716981168,31
D,LTCUSDT,bear,strict,2024-05-10 12:00:00,0.8533604887983683,0.30957230142566333,0.5692883895131151,True,0.5390299625468228,False,0.0692464358452144,3
D,LTCUSDT,bear,half,2024-05-10 12:00:00,0.8533604887983683,0.30957230142566333,0.5692883895131151,True,0.5390299625468228,False,0.0692464358452144,3
D,LTCUSDT,bear,none,2024-05-10 12:00:00,0.8533604887983683,0.30957230142566333,0.5692883895131151,True,0.5390299625468228,False,0.0692464358452144,3
D,LTCUSDT,bear,strict,2024-06-10 00:00:00,0.5398936170212768,0.45212765957446754,5.151515151515098,True,5.070999999999947,True,0.012411347517730546,6
D,LTCUSDT,bear,half,2024-06-10 00:00:00,0.5398936170212768,0.45212765957446754,5.151515151515098,True,5.070999999999947,True,0.012411347517730546,6
D,LTCUSDT,bear,none,2024-06-10 00:00:00,0.5398936170212768,0.45212765957446754,5.151515151515098,True,5.070999999999947,True,0.012411347517730546,6
D,LTCUSDT,bear,none,2024-06-24 00:00:00,0.49422875131164823,0.19727177334732524,0.6643109540636081,True,0.6386996466431134,True,0.12486883525708264,24
D,LTCUSDT,bear,strict,2024-06-23 20:00:00,0.9116719242902205,0.3817034700315436,0.7202380952380886,True,0.6765773809523745,True,0.07255520504731983,5
D,LTCUSDT,bear,half,2024-06-23 20:00:00,0.9116719242902205,0.3817034700315436,0.7202380952380886,True,0.6765773809523745,True,0.07255520504731983,5
D,LTCUSDT,bear,none,2024-06-23 20:00:00,0.9116719242902205,0.3817034700315436,0.7202380952380886,True,0.6765773809523745,True,0.07255520504731983,5
D,LTCUSDT,bear,strict,2024-07-16 04:00:00,0.8282238442822384,0.71970802919708,6.632286995515679,False,-1.0319327354260088,False,0.0034063260340636203,55
D,LTCUSDT,bear,half,2024-07-16 04:00:00,0.8282238442822384,0.71970802919708,6.632286995515679,False,-1.0319327354260088,False,0.0034063260340636203,55
D,LTCUSDT,bear,none,2024-07-07 16:00:00,0.448661800486618,0.3226277372262772,2.5598455598455545,False,-1.0243436293436292,True,0.037469586374695676,4
D,LTCUSDT,bear,strict,2024-08-11 12:00:00,0.4765710134398838,0.3948419905557574,4.831111111111113,False,-1.0267111111111111,False,0.004358881220486906,27
D,LTCUSDT,bear,half,2024-08-11 12:00:00,0.4765710134398838,0.3948419905557574,4.831111111111113,False,-1.0267111111111111,False,0.004358881220486906,27
D,LTCUSDT,bear,none,2024-08-07 12:00:00,0.3715946240464948,0.28332727933163826,3.209876543209879,False,-1.0234691358024692,False,0.011260443152923905,3
D,LTCUSDT,bear,none,2024-08-25 00:00:00,0.9786535303776668,0.6486042692939246,1.965174129353244,True,1.9323482587064778,True,0.021346469622333265,12
D,LTCUSDT,bear,strict,2024-09-01 00:00:00,0.8263274336283192,0.601769911504425,2.679802955665022,False,-1.0317192118226601,True,0.019911504424777963,18
D,LTCUSDT,bear,half,2024-09-01 00:00:00,0.8263274336283192,0.601769911504425,2.679802955665022,False,-1.0317192118226601,True,0.019911504424777963,18
D,LTCUSDT,bear,none,2024-09-01 00:00:00,0.8263274336283192,0.601769911504425,2.679802955665022,False,-1.0317192118226601,True,0.019911504424777963,18
D,LTCUSDT,bear,strict,2024-09-11 08:00:00,0.2693602693602693,0.17957351290684567,1.9999999999999822,False,-1.0764874999999996,True,0.008978675645342124,2
D,LTCUSDT,bear,half,2024-09-11 08:00:00,0.2693602693602693,0.17957351290684567,1.9999999999999822,False,-1.0764874999999996,True,0.008978675645342124,2
D,LTCUSDT,bear,none,2024-09-11 08:00:00,0.2693602693602693,0.17957351290684567,1.9999999999999822,False,-1.0764874999999996,True,0.008978675645342124,2
D,LTCUSDT,bear,none,2024-10-07 08:00:00,0.6313603322949122,0.4766355140186911,3.0805369127516564,False,-1.0446040268456374,True,0.024922118380061767,14
D,LTCUSDT,bear,strict,2024-10-13 00:00:00,0.7209302325581383,0.4778012684989436,1.965217391304367,False,-1.056939130434783,True,0.03382663847780052,6
D,LTCUSDT,bear,half,2024-10-13 00:00:00,0.7209302325581383,0.4778012684989436,1.965217391304367,False,-1.056939130434783,True,0.03382663847780052,6
D,LTCUSDT,bear,none,2024-10-13 00:00:00,0.7209302325581383,0.4778012684989436,1.965217391304367,False,-1.056939130434783,True,0.03382663847780052,6
D,LTCUSDT,bear,strict,2024-10-30 04:00:00,0.8088701161562827,0.6082365364308349,3.031578947368437,True,2.9934315789473844,True,0.012671594508976194,19
D,LTCUSDT,bear,half,2024-10-30 04:00:00,0.8088701161562827,0.6082365364308349,3.031578947368437,True,2.9934315789473844,True,0.012671594508976194,19
D,LTCUSDT,bear,none,2024-10-30 04:00:00,0.8088701161562827,0.6082365364308349,3.031578947368437,True,2.9934315789473844,True,0.012671594508976194,19
D,LTCUSDT,bear,strict,2024-11-30 00:00:00,0.9169363538295574,0.7081984897518874,3.3927648578811316,False,-1.0261317829457364,False,0.011326860841424374,12
D,LTCUSDT,bear,half,2024-11-30 00:00:00,0.9169363538295574,0.7081984897518874,3.3927648578811316,False,-1.0261317829457364,False,0.011326860841424374,12
D,LTCUSDT,bear,none,2024-11-30 00:00:00,0.9169363538295574,0.7081984897518874,3.3927648578811316,False,-1.0261317829457364,False,0.011326860841424374,12
D,LTCUSDT,bear,none,2024-12-13 12:00:00,0.5409296585767173,0.404566022213081,2.9668174962292633,False,-1.0178521870286577,False,0.03805018510900852,15
D,LTCUSDT,bear,strict,2024-12-26 12:00:00,0.5395379831186141,0.356063971568192,1.9406779661016937,False,-1.012411622276029,False,0.0019991115059974107,27
D,LTCUSDT,bear,half,2024-12-26 12:00:00,0.5395379831186141,0.356063971568192,1.9406779661016937,False,-1.012411622276029,False,0.0019991115059974107,27
D,LTCUSDT,bear,none,2024-12-26 12:00:00,0.5395379831186141,0.356063971568192,1.9406779661016937,False,-1.012411622276029,False,0.0019991115059974107,27
D,LTCUSDT,bear,half,2025-01-11 12:00:00,0.4496544916090818,0.2986179664363282,1.9771241830065474,True,1.9434052287581811,True,0.0064165844027645426,9
D,LTCUSDT,bear,none,2025-01-11 12:00:00,0.4496544916090818,0.2986179664363282,1.9771241830065474,True,1.9434052287581811,True,0.0064165844027645426,9
D,LTCUSDT,bear,strict,2025-01-15 08:00:00,0.8540870893812071,0.6990068754774637,4.507389162561569,False,-1.0498866995073892,False,0.0007639419404129201,2
D,LTCUSDT,bear,half,2025-01-15 08:00:00,0.8540870893812071,0.6990068754774637,4.507389162561569,False,-1.0498866995073892,False,0.0007639419404129201,2
D,LTCUSDT,bear,none,2025-01-15 08:00:00,0.8540870893812071,0.6990068754774637,4.507389162561569,False,-1.0498866995073892,False,0.0007639419404129201,2
D,LTCUSDT,bear,strict,2025-02-05 20:00:00,0.533321358002515,0.4239267109753908,3.8752052545155986,False,-1.0169638752052546,False,0.020118555775103113,5
D,LTCUSDT,bear,half,2025-02-05 20:00:00,0.533321358002515,0.4239267109753908,3.8752052545155986,False,-1.0169638752052546,False,0.020118555775103113,5
D,LTCUSDT,bear,none,2025-02-05 20:00:00,0.533321358002515,0.4239267109753908,3.8752052545155986,False,-1.0169638752052546,False,0.020118555775103113,5
D,LTCUSDT,bear,none,2025-03-02 12:00:00,0.9422222222222212,0.4072222222222218,0.7611630321910697,True,0.7485586708203532,True,0.08833333333333267,3
D,LTCUSDT,bear,none,2025-03-06 16:00:00,0.5234310770073995,0.2554124417648673,0.9529652351738248,True,0.9424182004089986,True,0.04357358180323347,4
D,LTCUSDT,bear,strict,2025-03-15 20:00:00,0.43250688705234175,0.3612750885478159,5.0718232044198865,False,-1.0510441988950276,True,0.001180637544273952,17
D,LTCUSDT,bear,half,2025-03-15 20:00:00,0.43250688705234175,0.3612750885478159,5.0718232044198865,False,-1.0510441988950276,True,0.001180637544273952,17
D,LTCUSDT,bear,none,2025-03-15 20:00:00,0.43250688705234175,0.3612750885478159,5.0718232044198865,False,-1.0510441988950276,True,0.001180637544273952,17
D,LTCUSDT,bear,strict,2025-04-21 16:00:00,0.7440219521756173,0.5981967855742846,4.102150537634409,False,-1.0210430107526882,False,0.0019600156801253296,76
D,LTCUSDT,bear,half,2025-04-14 12:00:00,0.6914935319482554,0.5248921991375929,3.150588235294116,False,-1.0179788235294118,False,0.04508036064288537,33
D,LTCUSDT,bear,none,2025-04-14 12:00:00,0.6914935319482554,0.5248921991375929,3.150588235294116,False,-1.0179788235294118,False,0.04508036064288537,33
D,LTCUSDT,bear,strict,2025-06-03 08:00:00,0.4681249999999997,0.3650000000000002,3.53939393939396,False,-1.053878787878788,False,0.013749999999999929,8
D,LTCUSDT,bear,half,2025-06-03 08:00:00,0.4681249999999997,0.3650000000000002,3.53939393939396,False,-1.053878787878788,False,0.013749999999999929,8
D,LTCUSDT,bear,none,2025-06-03 08:00:00,0.4681249999999997,0.3650000000000002,3.53939393939396,False,-1.053878787878788,False,0.013749999999999929,8
D,LTCUSDT,bear,strict,2025-06-16 20:00:00,0.5938223938223947,0.41930501930501973,2.4026548672566346,True,2.364318584070794,True,0.014671814671814493,11
D,LTCUSDT,bear,half,2025-06-16 20:00:00,0.5938223938223947,0.41930501930501973,2.4026548672566346,True,2.364318584070794,True,0.014671814671814493,11
D,LTCUSDT,bear,none,2025-06-16 20:00:00,0.5938223938223947,0.41930501930501973,2.4026548672566346,True,2.364318584070794,True,0.014671814671814493,11
D,LTCUSDT,bear,strict,2025-07-15 00:00:00,0.9492187499999999,0.15234374999999853,0.19117647058823312,False,-1.0150081699346405,False,0.03906249999999967,6
D,LTCUSDT,bear,half,2025-07-15 00:00:00,0.9492187499999999,0.15234374999999853,0.19117647058823312,False,-1.0150081699346405,False,0.03906249999999967,6
D,LTCUSDT,bear,none,2025-07-15 00:00:00,0.9492187499999999,0.15234374999999853,0.19117647058823312,False,-1.0150081699346405,False,0.010416666666666454,6
D,LTCUSDT,bear,strict,2025-08-11 16:00:00,0.927453769559032,0.4480796586059741,0.934718100890208,False,-1.018019287833828,False,0.025604551920341348,22
D,LTCUSDT,bear,half,2025-08-11 16:00:00,0.927453769559032,0.4480796586059741,0.934718100890208,False,-1.018019287833828,False,0.025604551920341348,22
D,LTCUSDT,bear,none,2025-08-11 16:00:00,0.927453769559032,0.4480796586059741,0.934718100890208,False,-1.018019287833828,False,0.025604551920341348,22
D,LTCUSDT,bear,strict,2025-08-27 20:00:00,0.5300938707896187,0.3031474323578131,1.3357664233576632,True,1.3084817518248164,True,0.016565433462175438,5
D,LTCUSDT,bear,half,2025-08-27 20:00:00,0.5300938707896187,0.3031474323578131,1.3357664233576632,True,1.3084817518248164,True,0.016565433462175438,5
D,LTCUSDT,bear,none,2025-08-27 20:00:00,0.5300938707896187,0.3031474323578131,1.3357664233576632,True,1.3084817518248164,True,0.016565433462175438,5
D,LTCUSDT,bear,strict,2025-09-19 00:00:00,0.8508968609865473,0.5941704035874436,2.3144104803493373,True,2.2632576419213897,True,0.012331838565022355,12
D,LTCUSDT,bear,half,2025-09-19 00:00:00,0.8508968609865473,0.5941704035874436,2.3144104803493373,True,2.2632576419213897,True,0.012331838565022355,12
D,LTCUSDT,bear,none,2025-09-19 00:00:00,0.8508968609865473,0.5941704035874436,2.3144104803493373,True,2.2632576419213897,True,0.012331838565022355,12
D,LTCUSDT,bear,none,2025-09-28 08:00:00,0.6344086021505376,0.4180107526881721,1.9316770186335408,False,-1.0641614906832297,False,0.010752688172042784,8
D,LTCUSDT,bear,strict,2025-10-09 04:00:00,0.5154525386313467,0.2428256070640179,0.8906882591093133,False,-1.0474817813765183,False,0.008830022075054997,1
D,LTCUSDT,bear,half,2025-10-09 04:00:00,0.5154525386313467,0.2428256070640179,0.8906882591093133,False,-1.0474817813765183,False,0.008830022075054997,1
D,LTCUSDT,bear,none,2025-10-09 04:00:00,0.5154525386313467,0.2428256070640179,0.8906882591093133,False,-1.0474817813765183,False,0.008830022075054997,1
D,LTCUSDT,bear,strict,2025-11-03 00:00:00,0.6936936936936942,0.22762762762762792,0.4884020618556706,True,0.47627448453608295,True,0.09369369369369379,12
D,LTCUSDT,bear,half,2025-11-03 00:00:00,0.6936936936936942,0.22762762762762792,0.4884020618556706,True,0.47627448453608295,True,0.09369369369369379,12
D,LTCUSDT,bear,none,2025-11-03 00:00:00,0.6936936936936942,0.22762762762762792,0.4884020618556706,True,0.47627448453608295,True,0.09369369369369379,12
D,LTCUSDT,bear,strict,2025-11-06 04:00:00,0.46271338724168887,0.31895777178796014,2.2187499999999964,False,-1.027096875,False,0.026504941599281368,1
D,LTCUSDT,bear,half,2025-11-06 04:00:00,0.46271338724168887,0.31895777178796014,2.2187499999999964,False,-1.027096875,False,0.026504941599281368,1
D,LTCUSDT,bear,none,2025-11-06 04:00:00,0.46271338724168887,0.31895777178796014,2.2187499999999964,False,-1.027096875,False,0.026504941599281368,1
D,LTCUSDT,bear,none,2025-11-16 12:00:00,0.7959183673469387,0.22546161321671532,0.39522998296422507,True,0.3869028960817719,True,0.10349854227405227,3
D,LTCUSDT,bear,half,2025-11-25 04:00:00,0.2441584828987473,0.13816457839485263,1.3035143769968005,False,-1.02685303514377,False,0.030816119200812616,13
D,LTCUSDT,bear,none,2025-11-25 04:00:00,0.2441584828987473,0.13816457839485263,1.3035143769968005,False,-1.02685303514377,False,0.030816119200812616,13
D,LTCUSDT,bear,strict,2025-12-04 08:00:00,0.9277016742770166,0.7161339421613391,3.384892086330933,False,-1.0302230215827337,True,0.050228310502282845,8
D,LTCUSDT,bear,half,2025-12-04 08:00:00,0.9277016742770166,0.7161339421613391,3.384892086330933,False,-1.0302230215827337,True,0.050228310502282845,8
D,LTCUSDT,bear,none,2025-12-04 08:00:00,0.9277016742770166,0.7161339421613391,3.384892086330933,False,-1.0302230215827337,True,0.050228310502282845,8
D,LTCUSDT,bear,half,2025-12-28 16:00:00,0.9499999999999998,0.6726190476190479,2.4248927038626653,False,-1.0335836909871245,False,0.020238095238095426,52
D,LTCUSDT,bear,none,2025-12-23 00:00:00,0.8190476190476197,0.4928571428571426,1.5109489051094842,False,-1.0280072992700728,False,0.051190476190476966,18
D,LTCUSDT,bear,strict,2026-01-18 20:00:00,0.5800344234079179,0.252151462994837,0.7690288713910775,True,0.7500708661417337,True,0.05335628227194407,11
D,LTCUSDT,bear,half,2026-01-18 20:00:00,0.5800344234079179,0.252151462994837,0.7690288713910775,True,0.7500708661417337,True,0.05335628227194407,11
D,LTCUSDT,bear,none,2026-01-18 20:00:00,0.5800344234079179,0.252151462994837,0.7690288713910775,True,0.7500708661417337,True,0.05335628227194407,11
D,LTCUSDT,bear,strict,2026-02-04 12:00:00,0.4255858138062067,0.22102596580114,1.080495356037151,True,1.0624922600619189,True,0.016466117796073782,15
D,LTCUSDT,bear,half,2026-02-03 16:00:00,0.4097530082330591,0.2919569347688413,2.4784946236559184,False,-1.0318655913978494,False,0.02343255224825822,10
D,LTCUSDT,bear,none,2026-02-03 16:00:00,0.4097530082330591,0.2919569347688413,2.4784946236559184,False,-1.0318655913978494,False,0.02343255224825822,10
D,LTCUSDT,bear,strict,2026-02-15 16:00:00,0.711233211233211,0.5787545787545785,4.368663594470041,False,-1.0251059907834101,True,0.007326007326007603,46
D,LTCUSDT,bear,half,2026-02-15 16:00:00,0.711233211233211,0.5787545787545785,4.368663594470041,False,-1.0251059907834101,True,0.007326007326007603,46
D,LTCUSDT,bear,none,2026-02-11 04:00:00,0.6978021978021977,0.4285714285714287,1.5918367346938795,False,-1.011795918367347,False,0.09279609279609254,19
D,LTCUSDT,bear,strict,2026-03-14 04:00:00,0.8359240069084636,0.4887737478411051,1.4079601990049706,False,-1.0271940298507463,False,0.027633851468047775,25
D,LTCUSDT,bear,half,2026-03-14 04:00:00,0.8359240069084636,0.4887737478411051,1.4079601990049706,False,-1.0271940298507463,False,0.027633851468047775,25
D,LTCUSDT,bear,none,2026-03-14 04:00:00,0.8359240069084636,0.4887737478411051,1.4079601990049706,False,-1.0271940298507463,False,0.027633851468047775,25
D,LTCUSDT,bear,strict,2026-04-06 20:00:00,0.9556213017751484,0.6301775147928997,1.9363636363636363,False,-1.0486272727272727,False,0.13017751479290074,17
D,LTCUSDT,bear,half,2026-04-06 20:00:00,0.9556213017751484,0.6301775147928997,1.9363636363636363,False,-1.0486272727272727,False,0.13017751479290074,17
D,LTCUSDT,bear,none,2026-04-05 04:00:00,0.7307692307692298,0.39940828402366874,1.2053571428571468,False,-1.0470625,False,0.011834319526626958,7
D,LTCUSDT,bear,strict,2026-04-22 20:00:00,0.7521367521367527,0.4501424501424499,1.4905660377358443,False,-1.052320754716981,False,0.04843304843304894,11
D,LTCUSDT,bear,half,2026-04-22 20:00:00,0.7521367521367527,0.4501424501424499,1.4905660377358443,False,-1.052320754716981,False,0.04843304843304894,11
D,LTCUSDT,bear,none,2026-04-22 20:00:00,0.7521367521367527,0.4501424501424499,1.4905660377358443,False,-1.052320754716981,False,0.04843304843304894,11
D,LTCUSDT,bear,strict,2026-05-15 12:00:00,0.7621247113163973,0.15473441108545055,0.254752851711027,True,0.2331178707224339,True,0.12702078521939872,3
D,LTCUSDT,bear,half,2026-05-15 12:00:00,0.7621247113163973,0.15473441108545055,0.254752851711027,True,0.2331178707224339,True,0.12702078521939872,3
D,LTCUSDT,bear,none,2026-05-15 12:00:00,0.7621247113163973,0.15473441108545055,0.254752851711027,True,0.2331178707224339,True,0.12702078521939872,3
D,LTCUSDT,bear,strict,2026-05-31 12:00:00,0.5642201834862388,0.37155963302752404,1.9285714285714424,True,1.8667619047619184,True,0.00458715596330347,9
D,LTCUSDT,bear,half,2026-05-31 12:00:00,0.5642201834862388,0.37155963302752404,1.9285714285714424,True,1.8667619047619184,True,0.00458715596330347,9
D,LTCUSDT,bear,none,2026-05-31 12:00:00,0.5642201834862388,0.37155963302752404,1.9285714285714424,True,1.8667619047619184,True,0.00458715596330347,9
D,LTCUSDT,bear,strict,2026-06-14 04:00:00,0.34011391375101707,0.2896663954434502,5.7419354838709955,False,-1.0710161290322584,False,0.014646053702196887,37
D,LTCUSDT,bear,half,2026-06-14 04:00:00,0.34011391375101707,0.2896663954434502,5.7419354838709955,False,-1.0710161290322584,False,0.014646053702196887,37
D,LTCUSDT,bear,none,2026-06-14 04:00:00,0.34011391375101707,0.2896663954434502,5.7419354838709955,False,-1.0710161290322584,False,0.014646053702196887,37
D,LTCUSDT,bear,strict,2026-06-21 20:00:00,0.9144542772861338,0.4395280235988185,0.925465838509314,True,0.8978633540372642,True,0.008849557522124228,11
D,LTCUSDT,bear,half,2026-06-21 20:00:00,0.9144542772861338,0.4395280235988185,0.925465838509314,True,0.8978633540372642,True,0.008849557522124228,11
D,LTCUSDT,bear,none,2026-06-21 20:00:00,0.9144542772861338,0.4395280235988185,0.925465838509314,True,0.8978633540372642,True,0.008849557522124228,11
D,LTCUSDT,bear,half,2026-07-05 00:00:00,0.9470588235294118,0.736764705882353,3.503496503496503,False,-1.030951048951049,False,0.07499999999999973,48
D,LTCUSDT,bear,none,2026-06-28 20:00:00,0.6029411764705886,0.47499999999999976,3.7126436781608967,False,-1.0488275862068963,False,0.03970588235294165,11
D,LTCUSDT,bear,strict,2026-07-11 20:00:00,0.7906976744186036,0.4950166112956797,1.6741573033707797,True,1.6240224719101055,True,0.009966777408638258,11
D,LTCUSDT,bear,half,2026-07-11 20:00:00,0.7906976744186036,0.4950166112956797,1.6741573033707797,True,1.6240224719101055,True,0.009966777408638258,11
D,LTCUSDT,bear,none,2026-07-11 20:00:00,0.7906976744186036,0.4950166112956797,1.6741573033707797,True,1.6240224719101055,True,0.009966777408638258,11
D,LTCUSDT,bear,half,2026-08-03 04:00:00,0.6260869565217401,0.23478260869565137,0.5999999999999953,False,-1.0490222222222219,False,0.13913043478260856,1
D,LTCUSDT,bear,none,2026-08-03 04:00:00,0.6260869565217401,0.23478260869565137,0.5999999999999953,False,-1.0490222222222219,False,0.13913043478260856,1
D,LTCUSDT,bear,strict,2026-09-04 12:00:00,0.6686478454680531,0.42644873699851454,1.760736196319026,False,-1.0308220858895707,False,0.016344725111441215,21
D,LTCUSDT,bear,half,2026-09-04 12:00:00,0.6686478454680531,0.42644873699851454,1.760736196319026,False,-1.0308220858895707,False,0.016344725111441215,21
D,LTCUSDT,bear,none,2026-09-04 12:00:00,0.6686478454680531,0.42644873699851454,1.760736196319026,False,-1.0308220858895707,False,0.016344725111441215,21
D,LTCUSDT,bear,strict,2026-09-13 20:00:00,0.46743295019157144,0.27330779054917,1.4078947368421026,True,1.372552631578945,True,0.02043422733077953,11
D,LTCUSDT,bear,half,2026-09-13 20:00:00,0.46743295019157144,0.27330779054917,1.4078947368421026,True,1.372552631578945,True,0.02043422733077953,11
D,LTCUSDT,bear,none,2026-09-13 20:00:00,0.46743295019157144,0.27330779054917,1.4078947368421026,True,1.372552631578945,True,0.02043422733077953,11
D,LTCUSDT,bear,strict,2026-10-02 16:00:00,0.6053191489361706,0.32234042553191533,1.139097744360904,False,-1.0257969924812032,False,0.009574468085106754,4
D,LTCUSDT,bear,half,2026-10-02 16:00:00,0.6053191489361706,0.32234042553191533,1.139097744360904,False,-1.0257969924812032,False,0.009574468085106754,4
D,LTCUSDT,bear,none,2026-10-02 16:00:00,0.6053191489361706,0.32234042553191533,1.139097744360904,False,-1.0257969924812032,False,0.009574468085106754,4
D,LINKUSDT,bull,strict,2020-02-01 20:00:00,0.40882917466410734,0.20921305182341635,1.048076923076922,False,-1.0273173076923077,False,0.04606525911708254,5
D,LINKUSDT,bull,half,2020-02-01 20:00:00,0.40882917466410734,0.20921305182341635,1.048076923076922,False,-1.0273173076923077,False,0.04606525911708254,5
D,LINKUSDT,bull,none,2020-02-01 20:00:00,0.40882917466410734,0.20921305182341635,1.048076923076922,False,-1.0273173076923077,False,0.04606525911708254,5
D,LINKUSDT,bull,strict,2020-03-02 04:00:00,0.5710144927536235,0.32753623188405817,1.3452380952380958,True,1.329333333333334,True,0.028985507246377034,1
D,LINKUSDT,bull,half,2020-03-02 04:00:00,0.5710144927536235,0.32753623188405817,1.3452380952380958,True,1.329333333333334,True,0.028985507246377034,1
D,LINKUSDT,bull,none,2020-03-02 04:00:00,0.5710144927536235,0.32753623188405817,1.3452380952380958,True,1.329333333333334,True,0.028985507246377034,1
D,LINKUSDT,bull,strict,2020-03-08 16:00:00,0.9348370927318294,0.49707602339181317,1.135496183206109,False,-1.0083167938931297,False,0.01670843776106898,16
D,LINKUSDT,bull,half,2020-03-08 16:00:00,0.9348370927318294,0.49707602339181317,1.135496183206109,False,-1.0083167938931297,False,0.01670843776106898,16
D,LINKUSDT,bull,none,2020-03-08 16:00:00,0.9348370927318294,0.49707602339181317,1.135496183206109,False,-1.0083167938931297,False,0.01670843776106898,16
D,LINKUSDT,bull,half,2020-03-23 20:00:00,0.640582347588717,0.3494085532302092,1.1999999999999995,True,1.1929843749999995,True,0.05459508644222025,11
D,LINKUSDT,bull,none,2020-03-23 20:00:00,0.640582347588717,0.3494085532302092,1.1999999999999995,True,1.1929843749999995,True,0.05459508644222025,11
D,LINKUSDT,bull,strict,2020-03-30 04:00:00,0.8281250000000007,0.5892857142857145,2.467289719626166,True,2.4475794392523342,True,0.044642857142857165,25
D,LINKUSDT,bull,half,2020-03-30 04:00:00,0.8281250000000007,0.5892857142857145,2.467289719626166,True,2.4475794392523342,True,0.044642857142857165,25
D,LINKUSDT,bull,none,2020-03-30 04:00:00,0.8281250000000007,0.5892857142857145,2.467289719626166,True,2.4475794392523342,True,0.044642857142857165,25
D,LINKUSDT,bull,none,2020-04-11 00:00:00,0.43537964458804534,0.11550888529886898,0.3611111111111103,True,0.35268434343434263,True,0.10500807754442641,0
D,LINKUSDT,bull,strict,2020-04-16 08:00:00,0.9727403156384503,0.4246771879483498,0.7748691099476432,True,0.7661204188481668,True,0.04017216642754666,14
D,LINKUSDT,bull,half,2020-04-16 08:00:00,0.9727403156384503,0.4246771879483498,0.7748691099476432,True,0.7661204188481668,True,0.04017216642754666,14
D,LINKUSDT,bull,none,2020-04-16 08:00:00,0.9727403156384503,0.4246771879483498,0.7748691099476432,True,0.7661204188481668,True,0.04017216642754666,14
D,LINKUSDT,bull,strict,2020-04-20 00:00:00,0.37058152793614607,0.09578107183580394,0.3485477178423238,False,-1.0155726141078838,False,0.0399087799315851,0
D,LINKUSDT,bull,half,2020-04-20 00:00:00,0.37058152793614607,0.09578107183580394,0.3485477178423238,False,-1.0155726141078838,False,0.0399087799315851,0
D,LINKUSDT,bull,none,2020-04-20 00:00:00,0.37058152793614607,0.09578107183580394,0.3485477178423238,False,-1.0155726141078838,False,0.0399087799315851,0
D,LINKUSDT,bull,strict,2020-04-28 08:00:00,0.8365553602811951,0.42706502636203847,1.0429184549356214,True,1.0270643776824024,True,0.07908611599297001,20
D,LINKUSDT,bull,half,2020-04-28 08:00:00,0.8365553602811951,0.42706502636203847,1.0429184549356214,True,1.0270643776824024,True,0.07908611599297001,20
D,LINKUSDT,bull,none,2020-04-28 08:00:00,0.8365553602811951,0.42706502636203847,1.0429184549356214,True,1.0270643776824024,True,0.07908611599297001,20
D,LINKUSDT,bull,strict,2020-05-01 04:00:00,0.7007168458781359,0.23476702508960604,0.5038461538461552,False,-1.014953846153846,False,0.0017921146953403036,1
D,LINKUSDT,bull,half,2020-05-01 04:00:00,0.7007168458781359,0.23476702508960604,0.5038461538461552,False,-1.014953846153846,False,0.0017921146953403036,1
D,LINKUSDT,bull,none,2020-05-01 04:00:00,0.7007168458781359,0.23476702508960604,0.5038461538461552,False,-1.014953846153846,False,0.0017921146953403036,1
D,LINKUSDT,bull,strict,2020-05-16 16:00:00,0.4246100519930675,0.17331022530329293,0.6896551724137936,True,0.6636896551724143,True,0.01559792027729694,4
D,LINKUSDT,bull,half,2020-05-16 16:00:00,0.4246100519930675,0.17331022530329293,0.6896551724137936,True,0.6636896551724143,True,0.01559792027729694,4
D,LINKUSDT,bull,none,2020-05-16 16:00:00,0.4246100519930675,0.17331022530329293,0.6896551724137936,True,0.6636896551724143,True,0.01559792027729694,4
D,LINKUSDT,bull,half,2020-06-29 20:00:00,0.7210348706411697,0.3633295838020241,1.0157232704402483,True,1.001201257861632,True,0.0596175478065241,23
D,LINKUSDT,bull,none,2020-06-29 20:00:00,0.7210348706411697,0.3633295838020241,1.0157232704402483,True,1.001201257861632,True,0.0596175478065241,23
D,LINKUSDT,bull,strict,2020-07-22 12:00:00,0.47716318567821875,0.3387652054165709,2.4477611940298503,False,-1.0124427860696517,False,0.005737893045673711,33
D,LINKUSDT,bull,half,2020-07-22 12:00:00,0.47716318567821875,0.3387652054165709,2.4477611940298503,False,-1.0124427860696517,False,0.005737893045673711,33
D,LINKUSDT,bull,none,2020-07-22 12:00:00,0.47716318567821875,0.3387652054165709,2.4477611940298503,False,-1.0124427860696517,False,0.005737893045673711,33
D,LINKUSDT,bull,half,2020-08-22 12:00:00,0.9018771331058021,0.6015358361774743,2.0028409090909083,False,-1.006234172077922,False,0.02267186738176499,27
D,LINKUSDT,bull,none,2020-08-22 12:00:00,0.9018771331058021,0.6015358361774743,2.0028409090909083,False,-1.006234172077922,False,0.02267186738176499,27
D,LINKUSDT,bull,strict,2020-08-24 04:00:00,0.48724637681159433,0.16434782608695703,0.5089766606822285,False,-1.0141651705565529,False,0.032463768115942045,1
D,LINKUSDT,bull,half,2020-08-24 04:00:00,0.48724637681159433,0.16434782608695703,0.5089766606822285,False,-1.0141651705565529,False,0.032463768115942045,1
D,LINKUSDT,bull,none,2020-08-24 04:00:00,0.48724637681159433,0.16434782608695703,0.5089766606822285,False,-1.0141651705565529,False,0.032463768115942045,1
D,LINKUSDT,bull,strict,2020-09-01 04:00:00,0.7170603674540679,0.3451443569553801,0.9280169371912477,False,-1.0116323218066336,False,0.014173228346457234,1
D,LINKUSDT,bull,half,2020-09-01 04:00:00,0.7170603674540679,0.3451443569553801,0.9280169371912477,False,-1.0116323218066336,False,0.014173228346457234,1
D,LINKUSDT,bull,none,2020-09-01 04:00:00,0.7170603674540679,0.3451443569553801,0.9280169371912477,False,-1.0116323218066336,False,0.014173228346457234,1
D,LINKUSDT,bull,strict,2020-09-09 04:00:00,0.5178114086146682,0.26449359720605337,1.0441176470588218,True,1.0329834558823512,True,0.005122235157159544,7
D,LINKUSDT,bull,half,2020-09-09 04:00:00,0.5178114086146682,0.26449359720605337,1.0441176470588218,True,1.0329834558823512,True,0.005122235157159544,7
D,LINKUSDT,bull,none,2020-09-09 04:00:00,0.5178114086146682,0.26449359720605337,1.0441176470588218,True,1.0329834558823512,True,0.005122235157159544,7
D,LINKUSDT,bull,strict,2020-09-12 20:00:00,0.5614190687361417,0.24478935698447946,0.7731092436974824,False,-1.017827731092437,False,0.016407982261640364,5
D,LINKUSDT,bull,half,2020-09-12 20:00:00,0.5614190687361417,0.24478935698447946,0.7731092436974824,False,-1.017827731092437,False,0.016407982261640364,5
D,LINKUSDT,bull,none,2020-09-12 20:00:00,0.5614190687361417,0.24478935698447946,0.7731092436974824,False,-1.017827731092437,False,0.016407982261640364,5
D,LINKUSDT,bull,strict,2020-09-29 20:00:00,0.45264516129032256,0.272258064516129,1.5092989985693848,False,-1.0144907010014306,False,0.015741935483870956,17
D,LINKUSDT,bull,half,2020-09-29 20:00:00,0.45264516129032256,0.272258064516129,1.5092989985693848,False,-1.0144907010014306,False,0.015741935483870956,17
D,LINKUSDT,bull,none,2020-09-27 16:00:00,0.33651612903225775,0.11406451612903187,0.5127610208816686,False,-1.012461716937355,False,0.046193548387096856,4
D,LINKUSDT,bull,strict,2020-10-27 08:00:00,0.5303694427050719,0.2745773324984343,1.0734394124846987,False,-1.0147772337821297,False,0.06011271133375085,8
D,LINKUSDT,bull,half,2020-10-27 08:00:00,0.5303694427050719,0.2745773324984343,1.0734394124846987,False,-1.0147772337821297,False,0.06011271133375085,8
D,LINKUSDT,bull,none,2020-10-27 08:00:00,0.5303694427050719,0.2745773324984343,1.0734394124846987,False,-1.0147772337821297,False,0.06011271133375085,8
D,LINKUSDT,bull,strict,2020-12-06 20:00:00,0.6368491321762351,0.36475300400534044,1.3405299313052006,False,-1.0132669283611384,False,0.008277703604806565,23
D,LINKUSDT,bull,half,2020-12-06 20:00:00,0.6368491321762351,0.36475300400534044,1.3405299313052006,False,-1.0132669283611384,False,0.008277703604806565,23
D,LINKUSDT,bull,none,2020-12-06 20:00:00,0.6368491321762351,0.36475300400534044,1.3405299313052006,False,-1.0132669283611384,False,0.008277703604806565,23
D,LINKUSDT,bull,strict,2020-12-20 12:00:00,0.625335720680394,0.4145031333930171,1.9660297239915074,False,-1.0289193205944798,False,0.024171888988361805,9
D,LINKUSDT,bull,half,2020-12-20 12:00:00,0.625335720680394,0.4145031333930171,1.9660297239915074,False,-1.0289193205944798,False,0.024171888988361805,9
D,LINKUSDT,bull,none,2020-12-20 12:00:00,0.625335720680394,0.4145031333930171,1.9660297239915074,False,-1.0289193205944798,False,0.024171888988361805,9
D,LINKUSDT,bull,none,2021-01-01 12:00:00,0.46991622239147,0.2153465346534651,0.8459237097980532,True,0.836841436050858,True,0.036938309215537105,21
D,LINKUSDT,bull,half,2021-01-22 12:00:00,0.6410034602076125,0.19617454825067282,0.44101123595505626,True,0.43631395851339677,True,0.007208765859284821,21
D,LINKUSDT,bull,none,2021-01-22 12:00:00,0.6410034602076125,0.19617454825067282,0.44101123595505626,True,0.43631395851339677,True,0.007208765859284821,21
D,LINKUSDT,bull,strict,2021-01-28 00:00:00,0.6369361117471949,0.35722463934050813,1.2771182971756019,True,1.2678162095783854,True,0.00377833753148629,6
D,LINKUSDT,bull,half,2021-01-28 00:00:00,0.6369361117471949,0.35722463934050813,1.2771182971756019,True,1.2678162095783854,True,0.00377833753148629,6
D,LINKUSDT,bull,none,2021-01-28 00:00:00,0.6369361117471949,0.35722463934050813,1.2771182971756019,True,1.2678162095783854,True,0.00377833753148629,6
D,LINKUSDT,bull,half,2021-02-09 16:00:00,0.978857399910032,0.10346378767431423,0.11819116135662922,True,0.11133787255909582,True,0.05735492577597901,16
D,LINKUSDT,bull,none,2021-02-08 04:00:00,0.978857399910032,0.49482681061628436,1.0223048327137538,True,1.010718866171003,True,0.05713000449842508,7
D,LINKUSDT,bull,half,2021-03-07 00:00:00,0.6722318840579712,0.32973913043478276,0.9627623561272852,True,0.9530622884224782,True,0.07118840579710153,12
D,LINKUSDT,bull,none,2021-03-07 00:00:00,0.6722318840579712,0.32973913043478276,0.9627623561272852,True,0.9530622884224782,True,0.07118840579710153,12
D,LINKUSDT,bull,strict,2021-03-13 08:00:00,0.8103610675039243,0.32370486656200953,0.6651612903225815,False,-1.00968,False,0.004552590266875967,14
D,LINKUSDT,bull,half,2021-03-13 08:00:00,0.8103610675039243,0.32370486656200953,0.6651612903225815,False,-1.00968,False,0.004552590266875967,14
D,LINKUSDT,bull,none,2021-03-13 08:00:00,0.8103610675039243,0.32370486656200953,0.6651612903225815,False,-1.00968,False,0.004552590266875967,14
D,LINKUSDT,bull,none,2021-04-11 12:00:00,0.7636808315499848,0.22286762457963907,0.41209723007348736,True,0.402548332391181,True,0.09385509018648691,15
D,LINKUSDT,bull,half,2021-04-13 08:00:00,0.7449832775919736,0.23606465997770376,0.4638554216867476,True,0.4453855421686753,True,0.06605351170568613,2
D,LINKUSDT,bull,none,2021-04-13 08:00:00,0.7449832775919736,0.23606465997770376,0.4638554216867476,True,0.4453855421686753,True,0.06605351170568613,2
D,LINKUSDT,bull,strict,2021-04-17 00:00:00,0.44395116537180906,0.09715131335553107,0.28013654789844317,False,-1.0092142095156817,False,0.0026637069922309554,0
D,LINKUSDT,bull,half,2021-04-17 00:00:00,0.44395116537180906,0.09715131335553107,0.28013654789844317,False,-1.0092142095156817,False,0.0026637069922309554,0
D,LINKUSDT,bull,none,2021-04-17 00:00:00,0.44395116537180906,0.09715131335553107,0.28013654789844317,False,-1.0092142095156817,False,0.0026637069922309554,0
D,LINKUSDT,bull,none,2021-04-26 00:00:00,0.9705391884380209,0.6416263003255775,1.950748430709802,True,1.942548044422984,True,0.044707377114270024,30
D,LINKUSDT,bull,none,2021-05-12 00:00:00,0.8860672614962254,0.23170899107755646,0.35410111181036247,False,-1.005212292846654,False,0.04996568291008933,0
D,LINKUSDT,bull,strict,2021-05-30 04:00:00,0.5755045916613467,0.3493100230810785,1.5442900564481112,False,-1.006128962223187,True,0.006138584687914354,7
D,LINKUSDT,bull,half,2021-05-30 04:00:00,0.5755045916613467,0.3493100230810785,1.5442900564481112,False,-1.006128962223187,True,0.006138584687914354,7
D,LINKUSDT,bull,none,2021-05-30 04:00:00,0.5755045916613467,0.3493100230810785,1.5442900564481112,False,-1.006128962223187,True,0.006138584687914354,7
D,LINKUSDT,bull,none,2021-06-17 04:00:00,0.5464793082149473,0.3573193329215566,1.888979591836738,False,-1.0197028571428572,False,0.02671402100061795,1
D,LINKUSDT,bull,strict,2021-06-28 04:00:00,0.7919315939486954,0.19776364832273577,0.3328413284132831,True,0.32596937269372595,False,0.012058759044069226,13
D,LINKUSDT,bull,half,2021-06-28 04:00:00,0.7919315939486954,0.19776364832273577,0.3328413284132831,True,0.32596937269372595,False,0.012058759044069226,13
D,LINKUSDT,bull,none,2021-06-28 04:00:00,0.7919315939486954,0.19776364832273577,0.3328413284132831,True,0.32596937269372595,False,0.012058759044069226,13
D,LINKUSDT,bull,strict,2021-07-02 12:00:00,0.7102481121898596,0.5505933117583605,3.4486486486486556,True,3.424329729729737,True,0.012081984897518319,9
D,LINKUSDT,bull,half,2021-07-02 12:00:00,0.7102481121898596,0.5505933117583605,3.4486486486486556,True,3.424329729729737,True,0.012081984897518319,9
D,LINKUSDT,bull,none,2021-07-02 12:00:00,0.7102481121898596,0.5505933117583605,3.4486486486486556,True,3.424329729729737,True,0.012081984897518319,9
D,LINKUSDT,bull,half,2021-07-06 04:00:00,0.808967596081386,0.06895252449133378,0.09317718940936862,True,0.08313289205702645,False,0.12057272042200463,1
D,LINKUSDT,bull,none,2021-07-06 04:00:00,0.808967596081386,0.06895252449133378,0.09317718940936862,True,0.08313289205702645,False,0.12057272042200463,1
D,LINKUSDT,bull,strict,2021-08-13 00:00:00,0.6119969627942292,0.32687927107061526,1.1464713715046622,True,1.1294127829560603,True,0.02296886864085016,0
D,LINKUSDT,bull,half,2021-08-13 00:00:00,0.6119969627942292,0.32687927107061526,1.1464713715046622,True,1.1294127829560603,True,0.02296886864085016,0
D,LINKUSDT,bull,none,2021-08-13 00:00:00,0.6119969627942292,0.32687927107061526,1.1464713715046622,True,1.1294127829560603,True,0.02296886864085016,0
D,LINKUSDT,bull,none,2021-08-23 00:00:00,0.5122470713525025,0.07199148029818907,0.1635220125786151,True,0.14955636187711535,False,0.09797657082002155,0
D,LINKUSDT,bull,strict,2021-10-06 12:00:00,0.47978740537928805,0.07344177806410043,0.18073721759809733,True,0.1697463337296867,False,0.04912224190690928,9
D,LINKUSDT,bull,half,2021-10-06 12:00:00,0.47978740537928805,0.07344177806410043,0.18073721759809733,True,0.1697463337296867,False,0.04912224190690928,9
D,LINKUSDT,bull,none,2021-10-05 20:00:00,0.42164599774520833,0.14833306490578183,0.5427224513847966,False,-1.016066588096641,False,0.06458366886777256,5
D,LINKUSDT,bull,none,2021-10-20 16:00:00,0.6654573228947872,0.2585449684934122,0.6353824495541994,True,0.6225241670577188,True,0.07275157532938711,16
D,LINKUSDT,bull,strict,2021-11-05 00:00:00,0.6257170172084128,0.3193116634799237,1.0421216848673962,True,1.017552262090485,True,0.0707456978967493,0
D,LINKUSDT,bull,half,2021-11-05 00:00:00,0.6257170172084128,0.3193116634799237,1.0421216848673962,True,1.017552262090485,True,0.0707456978967493,0
D,LINKUSDT,bull,none,2021-11-05 00:00:00,0.6257170172084128,0.3193116634799237,1.0421216848673962,True,1.017552262090485,True,0.0707456978967493,0
D,LINKUSDT,bull,strict,2021-12-15 20:00:00,0.9941520467836257,0.5883040935672517,1.4495677233429407,True,1.441466035405518,True,0.02155388471177908,35
D,LINKUSDT,bull,half,2021-12-15 16:00:00,0.9941520467836257,0.723141186299081,2.6683107274969173,True,2.656675709001233,True,0.07067669172932302,34
D,LINKUSDT,bull,none,2021-12-15 16:00:00,0.9941520467836257,0.723141186299081,2.6683107274969173,True,2.656675709001233,True,0.07067669172932302,34
D,LINKUSDT,bull,half,2021-12-18 08:00:00,0.8452072538860099,0.1784326424870472,0.26760563380281815,True,0.25799562894609157,True,0.10136010362694374,2
D,LINKUSDT,bull,none,2021-12-18 08:00:00,0.8452072538860099,0.1784326424870472,0.26760563380281815,True,0.25799562894609157,True,0.10136010362694374,2
D,LINKUSDT,bull,none,2021-12-22 00:00:00,0.8903080390683703,0.23929376408715278,0.36757068667051374,True,0.35617253317945774,True,0.12997746055597303,6
D,LINKUSDT,bull,strict,2021-12-26 08:00:00,0.3344099913867356,0.08914728682170571,0.36347673397717445,True,0.3439420544337153,True,0.09151593453919046,2
D,LINKUSDT,bull,half,2021-12-26 08:00:00,0.3344099913867356,0.08914728682170571,0.36347673397717445,True,0.3439420544337153,True,0.09151593453919046,2
D,LINKUSDT,bull,none,2021-12-26 08:00:00,0.3344099913867356,0.08914728682170571,0.36347673397717445,True,0.3439420544337153,True,0.09151593453919046,2
D,LINKUSDT,bull,none,2022-01-15 00:00:00,0.7899422918384175,0.4570486397361912,1.3729569093610678,False,-1.0128375433382864,False,0.02588623248145096,24
D,LINKUSDT,bull,strict,2022-01-28 12:00:00,0.7589635432359143,0.3799337149743901,1.0023847376788568,True,0.9900325914149458,True,0.023802350105453098,3
D,LINKUSDT,bull,half,2022-01-28 12:00:00,0.7589635432359143,0.3799337149743901,1.0023847376788568,True,0.9900325914149458,True,0.023802350105453098,3
D,LINKUSDT,bull,none,2022-01-28 12:00:00,0.7589635432359143,0.3799337149743901,1.0023847376788568,True,0.9900325914149458,True,0.023802350105453098,3
D,LINKUSDT,bull,strict,2022-02-03 20:00:00,0.7489583333333336,0.47682291666666676,1.7521531100478465,True,1.736564593301435,True,0.02890624999999972,17
D,LINKUSDT,bull,half,2022-02-03 20:00:00,0.7489583333333336,0.47682291666666676,1.7521531100478465,True,1.736564593301435,True,0.02890624999999972,17
D,LINKUSDT,bull,none,2022-02-03 20:00:00,0.7489583333333336,0.47682291666666676,1.7521531100478465,True,1.736564593301435,True,0.02890624999999972,17
D,LINKUSDT,bull,strict,2022-02-28 12:00:00,0.5183879093198991,0.17556675062972313,0.512123438648054,True,0.5013512123438659,False,0.03904282115869001,3
D,LINKUSDT,bull,half,2022-02-28 12:00:00,0.5183879093198991,0.17556675062972313,0.512123438648054,True,0.5013512123438659,False,0.03904282115869001,3
D,LINKUSDT,bull,none,2022-02-28 12:00:00,0.5183879093198991,0.17556675062972313,0.512123438648054,True,0.5013512123438659,False,0.03904282115869001,3
D,LINKUSDT,bull,half,2022-03-14 20:00:00,0.9252704031465097,0.5157325467059981,1.2593037214885945,True,1.2432196878751491,True,0.051130776794493245,23
D,LINKUSDT,bull,none,2022-03-14 20:00:00,0.9252704031465097,0.5157325467059981,1.2593037214885945,True,1.2432196878751491,True,0.051130776794493245,23
D,LINKUSDT,bull,strict,2022-03-21 04:00:00,0.8716951788491453,0.3483670295489895,0.6656760772659738,True,0.6434576523031209,True,0.09253499222395009,1
D,LINKUSDT,bull,half,2022-03-21 04:00:00,0.8716951788491453,0.3483670295489895,0.6656760772659738,True,0.6434576523031209,True,0.09253499222395009,1
D,LINKUSDT,bull,none,2022-03-21 04:00:00,0.8716951788491453,0.3483670295489895,0.6656760772659738,True,0.6434576523031209,True,0.09253499222395009,1
D,LINKUSDT,bull,none,2022-04-02 08:00:00,0.7309313913376773,0.160597930241472,0.28158602150537676,True,0.2697318548387101,False,0.1015714833269454,2
D,LINKUSDT,bull,strict,2022-04-23 08:00:00,0.9076127124907613,0.6733185513673317,2.8738170347003127,False,-1.0428296529968455,False,0.019955654101996324,8
D,LINKUSDT,bull,half,2022-04-23 08:00:00,0.9076127124907613,0.6733185513673317,2.8738170347003127,False,-1.0428296529968455,False,0.019955654101996324,8
D,LINKUSDT,bull,none,2022-04-23 08:00:00,0.9076127124907613,0.6733185513673317,2.8738170347003127,False,-1.0428296529968455,False,0.019955654101996324,8
D,LINKUSDT,bull,strict,2022-05-17 00:00:00,0.33779399837794005,0.10867802108678049,0.4743362831858423,False,-1.013658407079646,False,0.03811841038118422,0
D,LINKUSDT,bull,half,2022-05-17 00:00:00,0.33779399837794005,0.10867802108678049,0.4743362831858423,False,-1.013658407079646,False,0.03811841038118422,0
D,LINKUSDT,bull,none,2022-05-17 00:00:00,0.33779399837794005,0.10867802108678049,0.4743362831858423,False,-1.013658407079646,False,0.03811841038118422,0
D,LINKUSDT,bull,none,2022-06-04 16:00:00,0.6976297245355544,0.48750800768738,2.3201219512195106,True,2.298771341463413,True,0.07559256886611168,10
D,LINKUSDT,bull,half,2022-06-19 04:00:00,0.9534778681120145,0.6517615176151761,2.1601796407185616,True,2.1511092814371247,True,0.03794037940379388,7
D,LINKUSDT,bull,none,2022-06-19 04:00:00,0.9534778681120145,0.6517615176151761,2.1601796407185616,True,2.1511092814371247,True,0.03794037940379388,7
D,LINKUSDT,bull,strict,2022-06-30 12:00:00,0.7796688132474701,0.6766329346826127,6.56696428571428,False,-1.0272053571428572,True,0.0041398344066234825,45
D,LINKUSDT,bull,half,2022-06-30 12:00:00,0.7796688132474701,0.6766329346826127,6.56696428571428,False,-1.0272053571428572,True,0.0041398344066234825,45
D,LINKUSDT,bull,none,2022-06-24 08:00:00,0.5105795768169273,0.17249310027598894,0.5102040816326529,False,-1.00978231292517,False,0.09751609935602562,8
D,LINKUSDT,bull,none,2022-07-07 00:00:00,0.7419825072886302,0.2565597667638486,0.5285285285285287,True,0.5093693693693696,True,0.26967930029154463,0
D,LINKUSDT,bull,strict,2022-07-11 04:00:00,0.8233471074380162,0.5867768595041327,2.4803493449781766,False,-1.0273799126637555,False,0.03615702479338858,7
D,LINKUSDT,bull,half,2022-07-11 04:00:00,0.8233471074380162,0.5867768595041327,2.4803493449781766,False,-1.0273799126637555,False,0.03615702479338858,7
D,LINKUSDT,bull,none,2022-07-11 04:00:00,0.8233471074380162,0.5867768595041327,2.4803493449781766,False,-1.0273799126637555,False,0.03615702479338858,7
D,LINKUSDT,bull,strict,2022-07-27 16:00:00,0.792958486600105,0.4403573305307409,1.2488822652757074,True,1.2388345752608043,True,0.06305832895428275,34
D,LINKUSDT,bull,half,2022-07-27 16:00:00,0.792958486600105,0.4403573305307409,1.2488822652757074,True,1.2388345752608043,True,0.06305832895428275,34
D,LINKUSDT,bull,none,2022-07-22 08:00:00,0.4960588544403572,0.19337887545980043,0.6388888888888898,False,-1.0125208333333333,False,0.047293746715711946,2
D,LINKUSDT,bull,none,2022-08-03 08:00:00,0.5589335827876517,0.3026192703461176,1.180656934306568,True,1.1668576642335753,True,0.12207670720299352,14
D,LINKUSDT,bull,strict,2022-08-14 04:00:00,0.2931965442764574,0.08585313174946041,0.4140625000000034,False,-1.0243333333333333,False,0.006479481641467968,1
D,LINKUSDT,bull,half,2022-08-14 04:00:00,0.2931965442764574,0.08585313174946041,0.4140625000000034,False,-1.0243333333333333,False,0.006479481641467968,1
D,LINKUSDT,bull,none,2022-08-14 04:00:00,0.2931965442764574,0.08585313174946041,0.4140625000000034,False,-1.0243333333333333,False,0.006479481641467968,1
D,LINKUSDT,bull,none,2022-09-16 08:00:00,0.7676825761932144,0.3248993674525588,0.7337662337662335,False,-1.0100532467532468,False,0.23001725129384737,14
D,LINKUSDT,bull,strict,2022-10-09 04:00:00,0.6523143164693221,0.447793326157158,2.189473684210519,False,-1.0395894736842104,True,0.025834230355220707,13
D,LINKUSDT,bull,half,2022-10-09 04:00:00,0.6523143164693221,0.447793326157158,2.189473684210519,False,-1.0395894736842104,True,0.025834230355220707,13
D,LINKUSDT,bull,none,2022-10-09 04:00:00,0.6523143164693221,0.447793326157158,2.189473684210519,False,-1.0395894736842104,True,0.025834230355220707,13
D,LINKUSDT,bull,none,2022-10-16 00:00:00,0.4770833333333335,0.1812500000000004,0.6126760563380299,True,0.5877676056338046,True,0.10729166666666642,0
D,LINKUSDT,bull,half,2022-10-21 16:00:00,0.86426592797784,0.5438596491228073,1.697406340057636,True,1.6778616714697399,True,0.06278855032317682,16
D,LINKUSDT,bull,none,2022-10-21 16:00:00,0.86426592797784,0.5438596491228073,1.697406340057636,True,1.6778616714697399,True,0.06278855032317682,16
D,LINKUSDT,bull,strict,2022-11-03 00:00:00,0.6598006644518273,0.3940199335548169,1.4824999999999964,True,1.4631699999999963,True,0.05448504983388698,6
D,LINKUSDT,bull,half,2022-11-03 00:00:00,0.6598006644518273,0.3940199335548169,1.4824999999999964,True,1.4631699999999963,True,0.05448504983388698,6
D,LINKUSDT,bull,none,2022-11-03 00:00:00,0.6598006644518273,0.3940199335548169,1.4824999999999964,True,1.4631699999999963,True,0.05448504983388698,6
D,LINKUSDT,bull,strict,2022-11-07 16:00:00,0.6654676258992807,0.04016786570743415,0.06423777564717177,True,0.055673058485139176,False,0.004196642685852188,4
D,LINKUSDT,bull,half,2022-11-07 16:00:00,0.6654676258992807,0.04016786570743415,0.06423777564717177,True,0.055673058485139176,False,0.004196642685852188,4
D,LINKUSDT,bull,none,2022-11-07 16:00:00,0.6654676258992807,0.04016786570743415,0.06423777564717177,True,0.055673058485139176,False,0.004196642685852188,4
D,LINKUSDT,bull,none,2022-11-18 00:00:00,0.6531027466937945,0.33774160732451736,1.0709677419354875,False,-1.0204322580645162,False,0.0386571719226859,6
D,LINKUSDT,bull,strict,2022-11-28 16:00:00,0.4342179559570865,0.13890457368718265,0.47036328871893035,True,0.4568891013384332,True,0.05138339920948628,4
D,LINKUSDT,bull,half,2022-11-28 16:00:00,0.4342179559570865,0.13890457368718265,0.47036328871893035,True,0.4568891013384332,True,0.05138339920948628,4
D,LINKUSDT,bull,none,2022-11-28 16:00:00,0.4342179559570865,0.13890457368718265,0.47036328871893035,True,0.4568891013384332,True,0.05138339920948628,4
D,LINKUSDT,bull,strict,2022-12-10 12:00:00,0.8731517509727624,0.7112840466926074,4.394230769230787,False,-1.0331490384615385,False,0.005447470817120367,45
D,LINKUSDT,bull,half,2022-12-04 20:00:00,0.49494163424124515,0.2879377431906615,1.390977443609023,False,-1.027966165413534,False,0.020233463035019297,11
D,LINKUSDT,bull,none,2022-12-04 20:00:00,0.49494163424124515,0.2879377431906615,1.390977443609023,False,-1.027966165413534,False,0.020233463035019297,11
D,LINKUSDT,bull,strict,2022-12-22 20:00:00,0.5791757049891536,0.2516268980477219,0.7682119205298,False,-1.0397549668874173,False,0.07809110629067359,5
D,LINKUSDT,bull,half,2022-12-22 20:00:00,0.5791757049891536,0.2516268980477219,0.7682119205298,False,-1.0397549668874173,False,0.07809110629067359,5
D,LINKUSDT,bull,none,2022-12-22 20:00:00,0.5791757049891536,0.2516268980477219,0.7682119205298,False,-1.0397549668874173,False,0.07809110629067359,5
D,LINKUSDT,bull,strict,2022-12-25 04:00:00,0.8850000000000011,0.5300000000000012,1.492957746478877,True,1.4092112676056372,True,0.015000000000000622,1
D,LINKUSDT,bull,half,2022-12-25 04:00:00,0.8850000000000011,0.5300000000000012,1.492957746478877,True,1.4092112676056372,True,0.015000000000000622,1
D,LINKUSDT,bull,none,2022-12-25 04:00:00,0.8850000000000011,0.5300000000000012,1.492957746478877,True,1.4092112676056372,True,0.015000000000000622,1
D,LINKUSDT,bull,strict,2023-01-06 16:00:00,0.7505197505197503,0.3118503118503108,0.7109004739336457,True,0.6838341232227453,True,0.04573804573804441,4
D,LINKUSDT,bull,half,2023-01-06 16:00:00,0.7505197505197503,0.3118503118503108,0.7109004739336457,True,0.6838341232227453,True,0.04573804573804441,4
D,LINKUSDT,bull,none,2023-01-06 16:00:00,0.7505197505197503,0.3118503118503108,0.7109004739336457,True,0.6838341232227453,True,0.04573804573804441,4
D,LINKUSDT,bull,none,2023-01-17 16:00:00,0.6392857142857143,0.22499999999999978,0.5431034482758611,False,-1.014801724137931,False,0.10625000000000058,10
D,LINKUSDT,bull,none,2023-01-25 20:00:00,0.7337110481586402,0.30783758262511846,0.7228381374722855,True,0.707412416851443,True,0.16336166194523136,11
D,LINKUSDT,bull,strict,2023-02-01 20:00:00,0.8488372093023259,0.30717054263565907,0.5670840787119859,True,0.5541663685152058,True,0.10658914728682115,11
D,LINKUSDT,bull,half,2023-02-01 20:00:00,0.8488372093023259,0.30717054263565907,0.5670840787119859,True,0.5541663685152058,True,0.10658914728682115,11
D,LINKUSDT,bull,none,2023-02-01 20:00:00,0.8488372093023259,0.30717054263565907,0.5670840787119859,True,0.5541663685152058,True,0.10658914728682115,11
D,LINKUSDT,bull,half,2023-02-07 20:00:00,0.8811524609843936,0.35534213685474214,0.6757990867579919,True,0.6593630136986312,True,0.16926770708283312,23
D,LINKUSDT,bull,none,2023-02-07 20:00:00,0.8811524609843936,0.35534213685474214,0.6757990867579919,True,0.6593630136986312,True,0.16926770708283312,23
D,LINKUSDT,bull,strict,2023-03-01 00:00:00,0.9186935371785963,0.7338429464906183,3.969924812030072,False,-1.0276390977443608,False,0.018068102849201323,42
D,LINKUSDT,bull,half,2023-03-01 00:00:00,0.9186935371785963,0.7338429464906183,3.969924812030072,False,-1.0276390977443608,False,0.018068102849201323,42
D,LINKUSDT,bull,none,2023-02-23 04:00:00,0.7762334954829742,0.3405142460041693,0.7814992025518334,False,-1.012628389154705,False,0.05906879777623351,7
D,LINKUSDT,bull,none,2023-03-17 00:00:00,0.6296577946768062,0.21749049429657757,0.527675276752766,True,0.51491512915129,True,0.06996197718631217,6
D,LINKUSDT,bull,none,2023-04-05 00:00:00,0.6988335100742316,0.08695652173913117,0.14211438474870147,True,0.12895667244367548,True,0.05938494167550373,18
D,LINKUSDT,bull,half,2023-04-09 16:00:00,0.9541595925297112,0.6926994906621393,2.6493506493506533,True,2.6026233766233804,True,0.042444821731747795,16
D,LINKUSDT,bull,none,2023-04-09 16:00:00,0.9541595925297112,0.6926994906621393,2.6493506493506533,True,2.6026233766233804,True,0.042444821731747795,16
D,LINKUSDT,bull,strict,2023-06-27 00:00:00,0.2674253200568991,0.1344238975817923,1.0106951871657741,False,-1.0330855614973262,False,0.01564722617354213,0
D,LINKUSDT,bull,half,2023-06-27 00:00:00,0.2674253200568991,0.1344238975817923,1.0106951871657741,False,-1.0330855614973262,False,0.01564722617354213,0
D,LINKUSDT,bull,none,2023-06-27 00:00:00,0.2674253200568991,0.1344238975817923,1.0106951871657741,False,-1.0330855614973262,False,0.01564722617354213,0
D,LINKUSDT,bull,strict,2023-07-05 00:00:00,0.3124999999999996,0.14012096774193572,0.8128654970760277,False,-1.0383157894736843,False,0.010080645161290107,0
D,LINKUSDT,bull,half,2023-07-05 00:00:00,0.3124999999999996,0.14012096774193572,0.8128654970760277,False,-1.0383157894736843,False,0.010080645161290107,0
D,LINKUSDT,bull,none,2023-07-05 00:00:00,0.3124999999999996,0.14012096774193572,0.8128654970760277,False,-1.0383157894736843,False,0.010080645161290107,0
D,LINKUSDT,bull,strict,2023-07-17 16:00:00,0.687125748502994,0.33982035928143683,0.9784482758620675,True,0.9635905172413779,True,0.014221556886227638,10
D,LINKUSDT,bull,half,2023-07-17 16:00:00,0.687125748502994,0.33982035928143683,0.9784482758620675,True,0.9635905172413779,True,0.07410179640718575,10
D,LINKUSDT,bull,none,2023-07-17 16:00:00,0.687125748502994,0.33982035928143683,0.9784482758620675,True,0.9635905172413779,True,0.07410179640718575,10
D,LINKUSDT,bull,half,2023-07-26 12:00:00,0.708016383850205,0.5196021064950266,2.7577639751552816,False,-1.0235776397515528,True,0.026331187829139797,27
D,LINKUSDT,bull,none,2023-07-26 12:00:00,0.708016383850205,0.5196021064950266,2.7577639751552816,False,-1.0235776397515528,True,0.026331187829139797,27
D,LINKUSDT,bull,half,2023-08-13 16:00:00,0.5424242424242431,0.38181818181818183,2.377358490566028,False,-1.0474088050314463,False,0.02323232323232381,16
D,LINKUSDT,bull,none,2023-08-13 16:00:00,0.5424242424242431,0.38181818181818183,2.377358490566028,False,-1.0474088050314463,False,0.02323232323232381,16
D,LINKUSDT,bull,strict,2023-08-28 12:00:00,0.9850249584026617,0.7271214642262885,2.819354838709669,False,-1.038716129032258,False,0.059900166389351875,21
D,LINKUSDT,bull,half,2023-08-28 12:00:00,0.9850249584026617,0.7271214642262885,2.819354838709669,False,-1.038716129032258,False,0.059900166389351875,21
D,LINKUSDT,bull,none,2023-08-28 12:00:00,0.9850249584026617,0.7271214642262885,2.819354838709669,False,-1.038716129032258,False,0.059900166389351875,21
D,LINKUSDT,bull,half,2023-10-16 04:00:00,0.8555718475073313,0.5190615835777121,1.5424836601307157,True,1.5260152505446591,True,0.10117302052785918,85
D,LINKUSDT,bull,none,2023-10-16 04:00:00,0.8555718475073313,0.5190615835777121,1.5424836601307157,True,1.5260152505446591,True,0.10117302052785918,85
D,LINKUSDT,bull,none,2023-10-08 16:00:00,0.5746031746031749,0.10317460317460381,0.21885521885522038,True,0.19285185185185336,False,0.16507936507936524,10
D,LINKUSDT,bull,none,2023-10-20 04:00:00,0.8606896551724138,0.5075862068965524,1.4375000000000049,True,1.4083515625000047,True,0.027586206896552376,13
D,LINKUSDT,bull,none,2023-11-18 20:00:00,0.6195406017470074,0.4737948883856357,3.2508324084350733,True,3.235570477247504,True,0.014881915237787207,35
D,LINKUSDT,bull,strict,2023-11-28 16:00:00,0.7434926644581165,0.35210601041173684,0.8996372430471582,True,0.8819963724304714,True,0.00425934690014214,4
D,LINKUSDT,bull,half,2023-11-28 16:00:00,0.7434926644581165,0.35210601041173684,0.8996372430471582,True,0.8819963724304714,True,0.00425934690014214,4
D,LINKUSDT,bull,none,2023-11-28 16:00:00,0.7434926644581165,0.35210601041173684,0.8996372430471582,True,0.8819963724304714,True,0.00425934690014214,4
D,LINKUSDT,bull,strict,2023-12-07 20:00:00,0.8137707948243991,0.3285582255083173,0.6771428571428553,True,0.6621809523809505,True,0.03881700554528634,11
D,LINKUSDT,bull,half,2023-12-07 20:00:00,0.8137707948243991,0.3285582255083173,0.6771428571428553,True,0.6621809523809505,True,0.03881700554528634,11
D,LINKUSDT,bull,none,2023-12-07 20:00:00,0.8137707948243991,0.3285582255083173,0.6771428571428553,True,0.6621809523809505,True,0.03881700554528634,11
D,LINKUSDT,bull,none,2024-01-02 04:00:00,0.844693701466782,0.5125107851596208,1.5428571428571454,False,-1.0137705627705629,False,0.01495542134023572,19
D,LINKUSDT,bull,strict,2024-01-14 04:00:00,0.6709657124882035,0.25448254167977324,0.6110271903323258,True,0.5997832326283983,True,0.08556149732620327,7
D,LINKUSDT,bull,half,2024-01-14 04:00:00,0.6709657124882035,0.25448254167977324,0.6110271903323258,True,0.5997832326283983,True,0.08556149732620327,7
D,LINKUSDT,bull,none,2024-01-14 04:00:00,0.6709657124882035,0.25448254167977324,0.6110271903323258,True,0.5997832326283983,True,0.08556149732620327,7
D,LINKUSDT,bull,strict,2024-02-09 04:00:00,0.29269841269841285,0.23269841269841285,3.87830687830688,True,3.8298042328042343,True,0.0025396825396828237,13
D,LINKUSDT,bull,half,2024-02-09 04:00:00,0.29269841269841285,0.23269841269841285,3.87830687830688,True,3.8298042328042343,True,0.0025396825396828237,13
D,LINKUSDT,bull,none,2024-02-09 04:00:00,0.29269841269841285,0.23269841269841285,3.87830687830688,True,3.8298042328042343,True,0.0025396825396828237,13
D,LINKUSDT,bull,half,2024-02-22 04:00:00,0.9892584892584897,0.7058212058212057,2.49022004889975,False,-1.0230110024449877,False,0.027373527373527596,49
D,LINKUSDT,bull,none,2024-02-22 04:00:00,0.9892584892584897,0.7058212058212057,2.49022004889975,False,-1.0230110024449877,False,0.027373527373527596,49
D,LINKUSDT,bull,strict,2024-03-14 08:00:00,0.9661643446118852,0.3576912141029284,0.587850467289719,False,-1.0101130841121495,False,0.07136764287745273,8
D,LINKUSDT,bull,half,2024-03-14 08:00:00,0.9661643446118852,0.3576912141029284,0.587850467289719,False,-1.0101130841121495,False,0.07136764287745273,8
D,LINKUSDT,bull,none,2024-03-14 08:00:00,0.9661643446118852,0.3576912141029284,0.587850467289719,False,-1.0101130841121495,False,0.07136764287745273,8
D,LINKUSDT,bull,strict,2024-04-01 20:00:00,0.8443602448265816,0.6960069950451766,4.69155206286837,False,-1.0361041257367387,False,0.02798018070533374,29
D,LINKUSDT,bull,half,2024-04-01 20:00:00,0.8443602448265816,0.6960069950451766,4.69155206286837,False,-1.0361041257367387,False,0.02798018070533374,29
D,LINKUSDT,bull,none,2024-04-01 20:00:00,0.8443602448265816,0.6960069950451766,4.69155206286837,False,-1.0361041257367387,False,0.02798018070533374,29
D,LINKUSDT,bull,half,2024-04-24 08:00:00,0.2877501516070349,0.13462704669496683,0.8792079207920795,False,-1.0308633663366336,False,0.04790782292298344,2
D,LINKUSDT,bull,none,2024-04-24 08:00:00,0.2877501516070349,0.13462704669496683,0.8792079207920795,False,-1.0308633663366336,False,0.04790782292298344,2
D,LINKUSDT,bull,strict,2024-05-09 16:00:00,0.5431563741422901,0.3300830624774292,1.5491525423728842,False,-1.024149152542373,False,0.01877934272300455,10
D,LINKUSDT,bull,half,2024-05-09 16:00:00,0.5431563741422901,0.3300830624774292,1.5491525423728842,False,-1.024149152542373,False,0.01877934272300455,10
D,LINKUSDT,bull,none,2024-05-09 16:00:00,0.5431563741422901,0.3300830624774292,1.5491525423728842,False,-1.024149152542373,False,0.01877934272300455,10
D,LINKUSDT,bull,none,2024-05-29 08:00:00,0.291905855338691,0.04735935706084935,0.19366197183098485,True,0.17169131455398956,False,0.06917336394948326,2
D,LINKUSDT,bull,strict,2024-06-01 04:00:00,0.7516920473773268,0.30203045685279123,0.6716839134524901,False,-1.017428974600188,False,0.004230118443317073,7
D,LINKUSDT,bull,half,2024-06-01 04:00:00,0.7516920473773268,0.30203045685279123,0.6716839134524901,False,-1.017428974600188,False,0.004230118443317073,7
D,LINKUSDT,bull,none,2024-06-01 04:00:00,0.7516920473773268,0.30203045685279123,0.6716839134524901,False,-1.017428974600188,False,0.004230118443317073,7
D,LINKUSDT,bull,strict,2024-07-08 04:00:00,0.6641692375495811,0.3040987219039222,0.8445532435740506,True,0.8291481028151767,True,0.02776553547818449,1
D,LINKUSDT,bull,half,2024-07-08 04:00:00,0.6641692375495811,0.3040987219039222,0.8445532435740506,True,0.8291481028151767,True,0.02776553547818449,1
D,LINKUSDT,bull,none,2024-07-08 04:00:00,0.6641692375495811,0.3040987219039222,0.8445532435740506,True,0.8291481028151767,True,0.02776553547818449,1
D,LINKUSDT,bull,strict,2024-07-12 12:00:00,0.5170906200317965,0.3390302066772654,1.904017857142855,True,1.875736607142855,True,0.03298887122416542,15
D,LINKUSDT,bull,half,2024-07-12 12:00:00,0.5170906200317965,0.3390302066772654,1.904017857142855,True,1.875736607142855,True,0.03298887122416542,15
D,LINKUSDT,bull,none,2024-07-12 12:00:00,0.5170906200317965,0.3390302066772654,1.904017857142855,True,1.875736607142855,True,0.03298887122416542,15
D,LINKUSDT,bull,strict,2024-07-19 16:00:00,0.5356993736951986,0.20668058455114852,0.6281725888324884,True,0.6102512690355341,True,0.05177453027139895,10
D,LINKUSDT,bull,half,2024-07-19 16:00:00,0.5356993736951986,0.20668058455114852,0.6281725888324884,True,0.6102512690355341,True,0.05177453027139895,10
D,LINKUSDT,bull,none,2024-07-19 16:00:00,0.5356993736951986,0.20668058455114852,0.6281725888324884,True,0.6102512690355341,True,0.05177453027139895,10
D,LINKUSDT,bull,strict,2024-07-29 00:00:00,0.4857954545454542,0.11718749999999944,0.31791907514450696,True,0.29151252408477674,False,0.024857954545454655,0
D,LINKUSDT,bull,half,2024-07-29 00:00:00,0.4857954545454542,0.11718749999999944,0.31791907514450696,True,0.29151252408477674,False,0.024857954545454655,0
D,LINKUSDT,bull,none,2024-07-29 00:00:00,0.4857954545454542,0.11718749999999944,0.31791907514450696,True,0.29151252408477674,False,0.024857954545454655,0
D,LINKUSDT,bull,none,2024-08-20 00:00:00,0.6221628838451266,0.28104138851802457,0.8238747553816081,True,0.803493150684935,True,0.13684913217623493,42
D,LINKUSDT,bull,strict,2024-08-20 00:00:00,0.946808510638299,0.09397163120567521,0.11018711018711193,True,0.08853430353430528,True,0.1542553191489357,0
D,LINKUSDT,bull,half,2024-08-20 00:00:00,0.946808510638299,0.09397163120567521,0.11018711018711193,True,0.08853430353430528,True,0.1542553191489357,0
D,LINKUSDT,bull,none,2024-08-20 00:00:00,0.946808510638299,0.09397163120567521,0.11018711018711193,True,0.08853430353430528,True,0.1542553191489357,0
D,LINKUSDT,bull,none,2024-09-12 04:00:00,0.428108808290155,0.16126943005181377,0.6043689320388377,True,0.5787111650485464,True,0.04792746113989626,7
D,LINKUSDT,bull,strict,2024-09-17 04:00:00,0.821377331420374,0.6793400286944052,4.782828282828278,False,-1.0535656565656564,True,0.012195121951220397,13
D,LINKUSDT,bull,half,2024-09-17 04:00:00,0.821377331420374,0.6793400286944052,4.782828282828278,False,-1.0535656565656564,True,0.012195121951220397,13
D,LINKUSDT,bull,none,2024-09-17 04:00:00,0.821377331420374,0.6793400286944052,4.782828282828278,False,-1.0535656565656564,True,0.012195121951220397,13
D,LINKUSDT,bull,strict,2024-09-23 00:00:00,0.615120274914089,0.2164948453608244,0.5431034482758611,True,0.5234155172413784,True,0.01580756013745805,6
D,LINKUSDT,bull,half,2024-09-23 00:00:00,0.615120274914089,0.2164948453608244,0.5431034482758611,True,0.5234155172413784,True,0.01580756013745805,6
D,LINKUSDT,bull,none,2024-09-23 00:00:00,0.615120274914089,0.2164948453608244,0.5431034482758611,True,0.5234155172413784,True,0.01580756013745805,6
D,LINKUSDT,bull,strict,2024-10-14 00:00:00,0.603773584905661,0.14761376248612756,0.3236009732360122,True,0.29681021897810467,True,0.11986681465038711,0
D,LINKUSDT,bull,half,2024-10-14 00:00:00,0.603773584905661,0.14761376248612756,0.3236009732360122,True,0.29681021897810467,True,0.11986681465038711,0
D,LINKUSDT,bull,none,2024-10-14 00:00:00,0.603773584905661,0.14761376248612756,0.3236009732360122,True,0.29681021897810467,True,0.11986681465038711,0
D,LINKUSDT,bull,strict,2024-10-18 04:00:00,0.7779799818016381,0.25295723384895397,0.4818024263431551,True,0.462008665511266,True,0.005459508644222226,7
D,LINKUSDT,bull,half,2024-10-18 04:00:00,0.7779799818016381,0.25295723384895397,0.4818024263431551,True,0.462008665511266,True,0.005459508644222226,7
D,LINKUSDT,bull,none,2024-10-18 04:00:00,0.7779799818016381,0.25295723384895397,0.4818024263431551,True,0.462008665511266,True,0.005459508644222226,7
D,LINKUSDT,bull,half,2024-10-22 00:00:00,0.41485809682804653,0.13522537562604256,0.4835820895522347,True,0.4481194029850706,True,0.06427378964941563,0
D,LINKUSDT,bull,none,2024-10-22 00:00:00,0.41485809682804653,0.13522537562604256,0.4835820895522347,True,0.4481194029850706,True,0.06427378964941563,0
D,LINKUSDT,bull,strict,2024-11-21 04:00:00,0.8885725904839369,0.5498169987799921,1.6230492196878752,True,1.605436974789916,True,0.021553477023179772,7
D,LINKUSDT,bull,half,2024-11-21 04:00:00,0.8885725904839369,0.5498169987799921,1.6230492196878752,True,1.605436974789916,True,0.021553477023179772,7
D,LINKUSDT,bull,none,2024-11-21 04:00:00,0.8885725904839369,0.5498169987799921,1.6230492196878752,True,1.605436974789916,True,0.021553477023179772,7
D,LINKUSDT,bull,strict,2025-01-01 12:00:00,0.9650325677065477,0.890469660610216,11.94252873563222,False,-1.023628735632184,True,0.02356873500171397,105
D,LINKUSDT,bull,half,2024-12-21 04:00:00,0.9372643126499829,0.5491943777853958,1.4151943462897514,False,-1.005419390459364,False,0.0403668152211176,37
D,LINKUSDT,bull,none,2024-12-21 04:00:00,0.9372643126499829,0.5491943777853958,1.4151943462897514,False,-1.005419390459364,False,0.0403668152211176,37
D,LINKUSDT,bull,strict,2024-12-27 08:00:00,0.7734842015371478,0.5439795046968405,2.3702325581395383,False,-1.0217972093023255,False,0.04526046114432103,8
D,LINKUSDT,bull,half,2024-12-27 08:00:00,0.7734842015371478,0.5439795046968405,2.3702325581395383,False,-1.0217972093023255,False,0.04526046114432103,8
D,LINKUSDT,bull,none,2024-12-27 08:00:00,0.7734842015371478,0.5439795046968405,2.3702325581395383,False,-1.0217972093023255,False,0.04526046114432103,8
D,LINKUSDT,bull,none,2025-01-26 16:00:00,0.7132924335378321,0.09284253578732118,0.1496374423203694,False,-1.0172669742913645,False,0.14642126789365928,4
D,LINKUSDT,bull,half,2025-02-14 12:00:00,0.9132458738891231,0.12314853999153637,0.1558650241028392,True,0.14542260310658853,False,0.06601777401608226,9
D,LINKUSDT,bull,none,2025-02-14 12:00:00,0.9132458738891231,0.12314853999153637,0.1558650241028392,True,0.14542260310658853,False,0.06601777401608226,9
D,LINKUSDT,bull,half,2025-03-10 08:00:00,0.8860126169240811,0.741135523167283,5.115615615615613,False,-1.0214009009009009,False,0.026756580378507967,14
D,LINKUSDT,bull,none,2025-03-10 08:00:00,0.8860126169240811,0.741135523167283,5.115615615615613,False,-1.0214009009009009,False,0.026756580378507967,14
D,LINKUSDT,bull,half,2025-03-17 16:00:00,0.520928596552937,0.20049243756595156,0.625686059275522,True,0.6101953896816691,True,0.11220541681322514,10
D,LINKUSDT,bull,none,2025-03-17 16:00:00,0.520928596552937,0.20049243756595156,0.625686059275522,True,0.6101953896816691,True,0.11220541681322514,10
D,LINKUSDT,bull,strict,2025-03-22 16:00:00,0.6897605705552724,0.3601630157921545,1.0927357032457476,True,1.0703910355486843,True,0.01782985226693844,4
D,LINKUSDT,bull,half,2025-03-22 16:00:00,0.6897605705552724,0.3601630157921545,1.0927357032457476,True,1.0703910355486843,True,0.01782985226693844,4
D,LINKUSDT,bull,none,2025-03-22 16:00:00,0.6897605705552724,0.3601630157921545,1.0927357032457476,True,1.0703910355486843,True,0.01782985226693844,4
D,LINKUSDT,bull,strict,2025-04-11 00:00:00,0.42368517837440256,0.15814637734461248,0.5955678670360135,True,0.5784085872576201,True,0.061419639573372466,0
D,LINKUSDT,bull,half,2025-04-11 00:00:00,0.42368517837440256,0.15814637734461248,0.5955678670360135,True,0.5784085872576201,True,0.061419639573372466,0
D,LINKUSDT,bull,none,2025-04-11 00:00:00,0.42368517837440256,0.15814637734461248,0.5955678670360135,True,0.5784085872576201,True,0.061419639573372466,0
D,LINKUSDT,bull,strict,2025-04-14 08:00:00,0.3033075299085151,0.046798029556649925,0.18244170096021803,False,-1.0180329218106996,False,0.00879662209711483,2
D,LINKUSDT,bull,half,2025-04-14 08:00:00,0.3033075299085151,0.046798029556649925,0.18244170096021803,False,-1.0180329218106996,False,0.00879662209711483,2
D,LINKUSDT,bull,none,2025-04-14 08:00:00,0.3033075299085151,0.046798029556649925,0.18244170096021803,False,-1.0180329218106996,False,0.00879662209711483,2
D,LINKUSDT,bull,strict,2025-04-28 04:00:00,0.44715772618094524,0.13610888710968774,0.4375804375804368,False,-1.0193166023166023,False,0.010008006405123534,7
D,LINKUSDT,bull,half,2025-04-28 04:00:00,0.44715772618094524,0.13610888710968774,0.4375804375804368,False,-1.0193166023166023,False,0.010008006405123534,7
D,LINKUSDT,bull,none,2025-04-28 04:00:00,0.44715772618094524,0.13610888710968774,0.4375804375804368,False,-1.0193166023166023,False,0.010008006405123534,7
D,LINKUSDT,bull,strict,2025-05-18 12:00:00,0.6096693177061531,0.3424026789451653,1.2811276429130778,False,-1.0127956147220047,False,0.03746337379656767,27
D,LINKUSDT,bull,half,2025-05-18 12:00:00,0.6096693177061531,0.3424026789451653,1.2811276429130778,False,-1.0127956147220047,False,0.03746337379656767,27
D,LINKUSDT,bull,none,2025-05-18 12:00:00,0.6096693177061531,0.3424026789451653,1.2811276429130778,False,-1.0127956147220047,False,0.03746337379656767,27
D,LINKUSDT,bull,half,2025-05-26 00:00:00,0.9909560723514216,0.6326442721791559,1.7656249999999978,False,-1.0188521634615384,False,0.029715762273902182,6
D,LINKUSDT,bull,none,2025-05-26 00:00:00,0.9909560723514216,0.6326442721791559,1.7656249999999978,False,-1.0188521634615384,False,0.029715762273902182,6
D,LINKUSDT,bull,none,2025-07-05 08:00:00,0.8445099484156227,0.6234340456890195,2.8199999999999936,True,2.775909999999994,True,0.08548268238761943,2
D,LINKUSDT,bull,strict,2025-07-31 00:00:00,0.6875242907112322,0.43451224251846116,1.717357910906299,False,-1.0138640552995393,False,0.015740380878352028,48
D,LINKUSDT,bull,half,2025-07-31 00:00:00,0.6875242907112322,0.43451224251846116,1.717357910906299,False,-1.0138640552995393,False,0.015740380878352028,48
D,LINKUSDT,bull,none,2025-07-27 12:00:00,0.6097940147687522,0.2804119704624948,0.8513274336283172,False,-1.0111174041297935,False,0.05499417022930457,27
D,LINKUSDT,bull,strict,2025-08-06 04:00:00,0.6626984126984132,0.388321995464852,1.4152892561983392,True,1.3811838842975128,True,0.007936507936507568,1
D,LINKUSDT,bull,half,2025-08-06 04:00:00,0.6626984126984132,0.388321995464852,1.4152892561983392,True,1.3811838842975128,True,0.007936507936507568,1
D,LINKUSDT,bull,none,2025-08-06 04:00:00,0.6626984126984132,0.388321995464852,1.4152892561983392,True,1.3811838842975128,True,0.007936507936507568,1
D,LINKUSDT,bull,none,2025-08-16 16:00:00,0.8658599382080328,0.5249742533470653,1.540030211480366,True,1.5229003021148069,True,0.06591143151390325,10
D,LINKUSDT,bull,none,2025-08-20 12:00:00,0.6260253542132741,0.14504101416853077,0.3015503875968985,True,0.29149534883720857,False,0.0889261744966444,3
D,LINKUSDT,bull,strict,2025-08-22 12:00:00,0.5013564839934892,0.07849520708988987,0.18562874251497044,True,0.17431522668947858,False,0.06511123168746599,3
D,LINKUSDT,bull,half,2025-08-22 12:00:00,0.5013564839934892,0.07849520708988987,0.18562874251497044,True,0.17431522668947858,False,0.06511123168746599,3
D,LINKUSDT,bull,none,2025-08-22 12:00:00,0.5013564839934892,0.07849520708988987,0.18562874251497044,True,0.17431522668947858,False,0.06511123168746599,3
D,LINKUSDT,bull,strict,2025-08-24 16:00:00,0.586536325261053,0.3961341924016887,2.0805134189031538,False,-1.0304317386231039,False,0.003554765607643143,4
D,LINKUSDT,bull,half,2025-08-24 16:00:00,0.586536325261053,0.3961341924016887,2.0805134189031538,False,-1.0304317386231039,False,0.003554765607643143,4
D,LINKUSDT,bull,none,2025-08-24 16:00:00,0.586536325261053,0.3961341924016887,2.0805134189031538,False,-1.0304317386231039,False,0.003554765607643143,4
D,LINKUSDT,bull,strict,2025-09-17 16:00:00,0.7694951097012954,0.5820777160983349,3.1057827926657304,False,-1.0330550070521862,True,0.020089875759978042,16
D,LINKUSDT,bull,half,2025-09-17 16:00:00,0.7694951097012954,0.5820777160983349,3.1057827926657304,False,-1.0330550070521862,True,0.020089875759978042,16
D,LINKUSDT,bull,none,2025-09-17 16:00:00,0.7694951097012954,0.5820777160983349,3.1057827926657304,False,-1.0330550070521862,True,0.020089875759978042,16
D,LINKUSDT,bull,strict,2025-10-05 00:00:00,0.5048219584569726,0.287091988130563,1.3185689948892636,False,-1.0380596252129473,True,0.030786350148368703,6
D,LINKUSDT,bull,half,2025-10-05 00:00:00,0.5048219584569726,0.287091988130563,1.3185689948892636,False,-1.0380596252129473,True,0.030786350148368703,6
D,LINKUSDT,bull,none,2025-10-05 00:00:00,0.5048219584569726,0.287091988130563,1.3185689948892636,False,-1.0380596252129473,True,0.030786350148368703,6
D,LINKUSDT,bull,none,2025-10-25 16:00:00,0.9353626456219465,0.3754227733934605,0.6704697986577164,False,-1.0122020134228187,False,0.12589252160841816,22
D,LINKUSDT,bull,half,2025-11-09 12:00:00,0.4752671151563118,0.15829046299960434,0.499375780274657,True,0.47963420724094913,True,0.06173328056984587,3
D,LINKUSDT,bull,none,2025-11-09 12:00:00,0.4752671151563118,0.15829046299960434,0.499375780274657,True,0.47963420724094913,True,0.06173328056984587,3
D,LINKUSDT,bull,none,2025-11-30 16:00:00,0.33774160732451675,0.1347914547304165,0.6641604010025017,False,-1.0333408521303258,False,0.016276703967446612,10
D,LINKUSDT,bull,strict,2025-12-07 00:00:00,0.49214330609679435,0.28849780012570697,1.4166666666666663,False,-1.0216095679012345,False,0.0047140163419235,6
D,LINKUSDT,bull,half,2025-12-07 00:00:00,0.49214330609679435,0.28849780012570697,1.4166666666666663,False,-1.0216095679012345,False,0.0047140163419235,6
D,LINKUSDT,bull,none,2025-12-07 00:00:00,0.49214330609679435,0.28849780012570697,1.4166666666666663,False,-1.0216095679012345,False,0.0047140163419235,6
D,LINKUSDT,bull,half,2025-12-11 20:00:00,0.8835690968443959,0.5146898803046785,1.3952802359881984,False,-1.0207374631268435,False,0.20293797606093533,5
D,LINKUSDT,bull,none,2025-12-11 20:00:00,0.8835690968443959,0.5146898803046785,1.3952802359881984,False,-1.0207374631268435,False,0.20293797606093533,5
D,LINKUSDT,bull,half,2026-01-02 00:00:00,0.8432483474976405,0.10481586402266357,0.1419437340153461,True,0.12541687979539726,True,0.2152974504249291,12
D,LINKUSDT,bull,none,2026-01-02 00:00:00,0.8432483474976405,0.10481586402266357,0.1419437340153461,True,0.12541687979539726,True,0.2152974504249291,12
D,LINKUSDT,bull,none,2026-01-13 16:00:00,0.6371469602680705,0.25849688846337915,0.6826801517066989,True,0.6653716814159277,False,0.035902345619913484,34
D,LINKUSDT,bull,none,2026-02-12 04:00:00,0.47927461139896393,0.3072538860103626,1.786144578313249,True,1.7606807228915624,True,0.0683937823834195,13
D,LINKUSDT,bull,strict,2026-02-19 20:00:00,0.8066248880931073,0.5971351835273062,2.8504273504273576,False,-1.0366324786324785,True,0.011638316920322194,17
D,LINKUSDT,bull,half,2026-02-19 20:00:00,0.8066248880931073,0.5971351835273062,2.8504273504273576,False,-1.0366324786324785,True,0.011638316920322194,17
D,LINKUSDT,bull,none,2026-02-19 20:00:00,0.8066248880931073,0.5971351835273062,2.8504273504273576,False,-1.0366324786324785,True,0.011638316920322194,17
D,LINKUSDT,bull,strict,2026-02-27 00:00:00,0.4782326185834963,0.26575698505523115,1.250764525993886,False,-1.0280733944954128,False,0.011046133853152203,0
D,LINKUSDT,bull,half,2026-02-27 00:00:00,0.4782326185834963,0.26575698505523115,1.250764525993886,False,-1.0280733944954128,False,0.011046133853152203,0
D,LINKUSDT,bull,none,2026-02-27 00:00:00,0.4782326185834963,0.26575698505523115,1.250764525993886,False,-1.0280733944954128,False,0.011046133853152203,0
D,LINKUSDT,bull,half,2026-03-04 04:00:00,0.6723004694835683,0.3492957746478868,1.0813953488372052,True,1.0555348837209262,True,0.03474178403755774,1
D,LINKUSDT,bull,none,2026-03-04 04:00:00,0.6723004694835683,0.3492957746478868,1.0813953488372052,True,1.0555348837209262,True,0.03474178403755774,1
D,LINKUSDT,bull,strict,2026-03-18 00:00:00,0.3433476394849791,0.16566523605150194,0.9323671497584489,False,-1.0477487922705313,False,0.0034334763948494097,0
D,LINKUSDT,bull,half,2026-03-18 00:00:00,0.3433476394849791,0.16566523605150194,0.9323671497584489,False,-1.0477487922705313,False,0.0034334763948494097,0
D,LINKUSDT,bull,none,2026-03-18 00:00:00,0.3433476394849791,0.16566523605150194,0.9323671497584489,False,-1.0477487922705313,False,0.0034334763948494097,0
D,LINKUSDT,bull,none,2026-04-06 00:00:00,0.7700693756194241,0.263627353815659,0.5205479452054803,True,0.503078277886498,True,0.3528245787908818,18
D,LINKUSDT,bull,strict,2026-04-09 12:00:00,0.7758985200845668,0.5042283298097257,1.8560311284046729,False,-1.0347859922178988,True,0.08245243128963999,3
D,LINKUSDT,bull,half,2026-04-09 12:00:00,0.7758985200845668,0.5042283298097257,1.8560311284046729,False,-1.0347859922178988,True,0.08245243128963999,3
D,LINKUSDT,bull,none,2026-04-09 12:00:00,0.7758985200845668,0.5042283298097257,1.8560311284046729,False,-1.0347859922178988,True,0.08245243128963999,3
D,LINKUSDT,bull,none,2026-04-20 04:00:00,0.7346251053074981,0.5248525695029483,2.5020080321285056,False,-1.0371164658634537,True,0.014321819713564655,7
D,LINKUSDT,bull,none,2026-04-24 16:00:00,0.7406749555950278,0.27175843694493607,0.5795454545454471,True,0.5439280303030231,False,0.11012433392539879,4
D,LINKUSDT,bull,strict,2026-05-13 00:00:00,0.7051397655545537,0.3642921550946798,1.0687830687830682,False,-1.0276878306878308,False,0.009918845807032672,6
D,LINKUSDT,bull,half,2026-05-13 00:00:00,0.7051397655545537,0.3642921550946798,1.0687830687830682,False,-1.0276878306878308,False,0.009918845807032672,6
D,LINKUSDT,bull,none,2026-05-13 00:00:00,0.7051397655545537,0.3642921550946798,1.0687830687830682,False,-1.0276878306878308,False,0.009918845807032672,6
D,LINKUSDT,bull,none,2026-05-21 00:00:00,0.8585086042065012,0.12428298279158612,0.1692708333333319,True,0.1438645833333319,False,0.07648183556405196,0
D,LINKUSDT,bull,none,2026-06-01 00:00:00,0.5769911504424775,0.24070796460177116,0.7157894736842177,False,-1.048284210526316,False,0.08141592920353853,0
D,LINKUSDT,bull,half,2026-07-09 04:00:00,0.5951086956521736,0.4067028985507248,2.158653846153853,True,2.12151442307693,True,0.006340579710144636,19
D,LINKUSDT,bull,none,2026-07-09 04:00:00,0.5951086956521736,0.4067028985507248,2.158653846153853,True,2.12151442307693,True,0.006340579710144636,19
D,LINKUSDT,bull,none,2026-07-18 00:00:00,0.7476303317535553,0.4170616113744082,1.2616487455197147,True,1.231971326164876,True,0.03672985781990382,6
D,LINKUSDT,bull,strict,2026-07-24 04:00:00,0.4888010540184457,0.2661396574440051,1.1952662721893454,False,-1.0506390532544376,False,0.013175230566536968,1
D,LINKUSDT,bull,half,2026-07-24 04:00:00,0.4888010540184457,0.2661396574440051,1.1952662721893454,False,-1.0506390532544376,False,0.013175230566536968,1
D,LINKUSDT,bull,none,2026-07-24 04:00:00,0.4888010540184457,0.2661396574440051,1.1952662721893454,False,-1.0506390532544376,False,0.013175230566536968,1
D,LINKUSDT,bull,strict,2026-08-08 08:00:00,0.6847635726795099,0.22241681260945526,0.4810606060605998,True,0.44952272727272113,True,0.05779334500875567,26
D,LINKUSDT,bull,half,2026-08-08 08:00:00,0.6847635726795099,0.22241681260945526,0.4810606060605998,True,0.44952272727272113,True,0.05779334500875567,26
D,LINKUSDT,bull,none,2026-08-08 08:00:00,0.6847635726795099,0.22241681260945526,0.4810606060605998,True,0.44952272727272113,True,0.05779334500875567,26
D,LINKUSDT,bull,strict,2026-09-03 12:00:00,0.5234351375869367,0.255820985787723,0.9559322033898309,True,0.9426225988700568,True,0.013002721499849117,63
D,LINKUSDT,bull,half,2026-09-03 12:00:00,0.5234351375869367,0.255820985787723,0.9559322033898309,True,0.9426225988700568,True,0.013002721499849117,63
D,LINKUSDT,bull,none,2026-09-03 12:00:00,0.5234351375869367,0.255820985787723,0.9559322033898309,True,0.9426225988700568,True,0.013002721499849117,63
D,LINKUSDT,bull,strict,2026-09-14 12:00:00,0.9202299676607979,0.7973409989220265,6.48830409356724,False,-1.033502923976608,True,0.001796622349982315,33
D,LINKUSDT,bull,half,2026-09-14 12:00:00,0.9202299676607979,0.7973409989220265,6.48830409356724,False,-1.033502923976608,True,0.001796622349982315,33
D,LINKUSDT,bull,none,2026-09-14 12:00:00,0.9202299676607979,0.7973409989220265,6.48830409356724,False,-1.033502923976608,True,0.028745957599711932,33
D,LINKUSDT,bear,strict,2020-01-29 12:00:00,0.9166666666666662,0.6408730158730158,2.323741007194248,False,-1.019230215827338,False,0.07936507936507943,21
D,LINKUSDT,bear,half,2020-01-29 12:00:00,0.9166666666666662,0.6408730158730158,2.323741007194248,False,-1.019230215827338,False,0.07936507936507943,21
D,LINKUSDT,bear,none,2020-01-29 12:00:00,0.9166666666666662,0.6408730158730158,2.323741007194248,False,-1.019230215827338,False,0.07936507936507943,21
D,LINKUSDT,bear,strict,2020-02-29 20:00:00,0.9709193245778615,0.703564727954972,2.6315789473684212,False,-1.0142526315789473,True,0.021575984990619673,11
D,LINKUSDT,bear,half,2020-02-29 20:00:00,0.9709193245778615,0.703564727954972,2.6315789473684212,False,-1.0142526315789473,True,0.021575984990619673,11
D,LINKUSDT,bear,none,2020-02-29 20:00:00,0.9709193245778615,0.703564727954972,2.6315789473684212,False,-1.0142526315789473,True,0.021575984990619673,11
D,LINKUSDT,bear,strict,2020-03-27 20:00:00,0.6363636363636367,0.292613636363636,0.851239669421485,False,-1.008805785123967,False,0.029829545454545324,23
D,LINKUSDT,bear,half,2020-03-27 20:00:00,0.6363636363636367,0.292613636363636,0.851239669421485,False,-1.008805785123967,False,0.029829545454545324,23
D,LINKUSDT,bear,none,2020-03-27 20:00:00,0.6363636363636367,0.292613636363636,0.851239669421485,False,-1.008805785123967,False,0.029829545454545324,23
D,LINKUSDT,bear,none,2020-03-27 12:00:00,0.9432989690721645,0.36082474226804195,0.6194690265486752,True,0.5995663716814186,True,0.23711340206185655,3
D,LINKUSDT,bear,strict,2020-05-19 00:00:00,0.7139807897545359,0.5282817502668091,2.844827586206898,False,-1.021741379310345,False,0.05976520811099259,36
D,LINKUSDT,bear,half,2020-05-19 00:00:00,0.7139807897545359,0.5282817502668091,2.844827586206898,False,-1.021741379310345,False,0.05976520811099259,36
D,LINKUSDT,bear,none,2020-05-19 00:00:00,0.7139807897545359,0.5282817502668091,2.844827586206898,False,-1.021741379310345,False,0.05976520811099259,36
D,LINKUSDT,bear,strict,2020-06-30 04:00:00,0.651162790697674,0.4955277280858677,3.1839080459770224,False,-1.052609195402299,False,0.03220035778175434,7
D,LINKUSDT,bear,half,2020-06-30 04:00:00,0.651162790697674,0.4955277280858677,3.1839080459770224,False,-1.052609195402299,False,0.03220035778175434,7
D,LINKUSDT,bear,none,2020-06-30 04:00:00,0.651162790697674,0.4955277280858677,3.1839080459770224,False,-1.052609195402299,False,0.03220035778175434,7
D,LINKUSDT,bear,strict,2020-07-24 00:00:00,0.5675805675805677,0.39730639730639733,2.3333333333333317,True,2.3115084745762697,True,0.03367003367003382,6
D,LINKUSDT,bear,half,2020-07-24 00:00:00,0.5675805675805677,0.39730639730639733,2.3333333333333317,True,2.3115084745762697,True,0.03367003367003382,6
D,LINKUSDT,bear,none,2020-07-24 00:00:00,0.5675805675805677,0.39730639730639733,2.3333333333333317,True,2.3115084745762697,True,0.03367003367003382,6
D,LINKUSDT,bear,half,2020-08-20 16:00:00,0.4647538080056679,0.24194119730782823,1.0858505564387877,True,1.0731192368839388,True,0.03931987247608951,4
D,LINKUSDT,bear,none,2020-08-20 16:00:00,0.4647538080056679,0.24194119730782823,1.0858505564387877,True,1.0731192368839388,True,0.03931987247608951,4
D,LINKUSDT,bear,strict,2020-08-23 08:00:00,0.4662792269225573,0.24570887957832138,1.1139705882352928,False,-1.009016544117647,False,0.028787674010001246,2
D,LINKUSDT,bear,half,2020-08-23 08:00:00,0.4662792269225573,0.24570887957832138,1.1139705882352928,False,-1.009016544117647,False,0.028787674010001246,2
D,LINKUSDT,bear,none,2020-08-23 08:00:00,0.4662792269225573,0.24570887957832138,1.1139705882352928,False,-1.009016544117647,False,0.028787674010001246,2
D,LINKUSDT,bear,strict,2020-08-27 08:00:00,0.772821576763485,0.40629322268326423,1.1084905660377378,False,-1.0138018867924528,False,0.09543568464730341,2
D,LINKUSDT,bear,half,2020-08-27 08:00:00,0.772821576763485,0.40629322268326423,1.1084905660377378,False,-1.0138018867924528,False,0.09543568464730341,2
D,LINKUSDT,bear,none,2020-08-27 08:00:00,0.772821576763485,0.40629322268326423,1.1084905660377378,False,-1.0138018867924528,False,0.09543568464730341,2
D,LINKUSDT,bear,strict,2020-09-07 08:00:00,0.4856948999208414,0.3446794074409138,2.444266238973537,False,-1.009625501202887,False,0.004071016623318034,2
D,LINKUSDT,bear,half,2020-09-07 08:00:00,0.4856948999208414,0.3446794074409138,2.444266238973537,False,-1.009625501202887,False,0.004071016623318034,2
D,LINKUSDT,bear,none,2020-09-07 08:00:00,0.4856948999208414,0.3446794074409138,2.444266238973537,False,-1.009625501202887,False,0.004071016623318034,2
D,LINKUSDT,bear,strict,2020-09-13 08:00:00,0.9660347551342804,0.19747235387045814,0.2569373072970198,True,0.244331963001028,True,0.0015797788309641926,2
D,LINKUSDT,bear,half,2020-09-13 08:00:00,0.9660347551342804,0.19747235387045814,0.2569373072970198,True,0.244331963001028,True,0.0015797788309641926,2
D,LINKUSDT,bear,none,2020-09-13 08:00:00,0.9660347551342804,0.19747235387045814,0.2569373072970198,True,0.244331963001028,True,0.0015797788309641926,2
D,LINKUSDT,bear,strict,2020-10-01 12:00:00,0.5975609756097562,0.2798780487804875,0.8809980806142014,True,0.8620172744721668,True,0.03536585365853647,3
D,LINKUSDT,bear,half,2020-10-01 12:00:00,0.5975609756097562,0.2798780487804875,0.8809980806142014,True,0.8620172744721668,True,0.03536585365853647,3
D,LINKUSDT,bear,none,2020-10-01 12:00:00,0.5975609756097562,0.2798780487804875,0.8809980806142014,True,0.8620172744721668,True,0.03536585365853647,3
D,LINKUSDT,bear,strict,2020-10-06 04:00:00,0.5798267326732671,0.33539603960396036,1.3721518987341783,True,1.3485164556962037,True,0.016707920792078744,13
D,LINKUSDT,bear,half,2020-10-06 04:00:00,0.5798267326732671,0.33539603960396036,1.3721518987341783,True,1.3485164556962037,True,0.016707920792078744,13
D,LINKUSDT,bear,none,2020-10-06 04:00:00,0.5798267326732671,0.33539603960396036,1.3721518987341783,True,1.3485164556962037,True,0.016707920792078744,13
D,LINKUSDT,bear,half,2020-10-20 04:00:00,0.6305483028720633,0.2793733681462146,0.7955390334572502,True,0.7756710037174732,True,0.04242819843342004,13
D,LINKUSDT,bear,none,2020-10-20 04:00:00,0.6305483028720633,0.2793733681462146,0.7955390334572502,True,0.7756710037174732,True,0.04242819843342004,13
D,LINKUSDT,bear,strict,2020-11-02 08:00:00,0.5481049562682213,0.20991253644314836,0.6206896551724127,True,0.6015344827586196,True,0.1405247813411087,8
D,LINKUSDT,bear,half,2020-11-02 08:00:00,0.5481049562682213,0.20991253644314836,0.6206896551724127,True,0.6015344827586196,True,0.1405247813411087,8
D,LINKUSDT,bear,none,2020-11-02 08:00:00,0.5481049562682213,0.20991253644314836,0.6206896551724127,True,0.6015344827586196,True,0.1405247813411087,8
D,LINKUSDT,bear,half,2020-12-01 20:00:00,0.7102218850749098,0.4206334155129907,1.4525212835625416,True,1.4437734119187957,True,0.09046083823250495,23
D,LINKUSDT,bear,none,2020-12-01 20:00:00,0.7102218850749098,0.4206334155129907,1.4525212835625416,True,1.4437734119187957,True,0.09046083823250495,23
D,LINKUSDT,bear,strict,2020-12-04 00:00:00,0.6497267759562841,0.280327868852459,0.7588757396449701,True,0.7388047337278104,True,0.00819672131147475,0
D,LINKUSDT,bear,half,2020-12-04 00:00:00,0.6497267759562841,0.280327868852459,0.7588757396449701,True,0.7388047337278104,True,0.00819672131147475,0
D,LINKUSDT,bear,none,2020-12-04 00:00:00,0.6497267759562841,0.280327868852459,0.7588757396449701,True,0.7388047337278104,True,0.00819672131147475,0
D,LINKUSDT,bear,half,2020-12-07 16:00:00,0.6158256880733944,0.26720183486238497,0.7664473684210508,True,0.7451217105263139,True,0.012041284403670183,10
D,LINKUSDT,bear,none,2020-12-07 16:00:00,0.6158256880733944,0.26720183486238497,0.7664473684210508,True,0.7451217105263139,True,0.012041284403670183,10
D,LINKUSDT,bear,strict,2020-12-26 08:00:00,0.5966283524904212,0.4556321839080458,3.231521739130434,False,-1.0119510869565218,False,0.0013793103448276384,8
D,LINKUSDT,bear,half,2020-12-26 08:00:00,0.5966283524904212,0.4556321839080458,3.231521739130434,False,-1.0119510869565218,False,0.0013793103448276384,8
D,LINKUSDT,bear,none,2020-12-26 08:00:00,0.5966283524904212,0.4556321839080458,3.231521739130434,False,-1.0119510869565218,False,0.0013793103448276384,8
D,LINKUSDT,bear,strict,2021-01-31 12:00:00,0.8116124393312963,0.3918748876505483,0.933618843683083,False,-1.0096197002141327,False,0.014740248067589567,15
D,LINKUSDT,bear,half,2021-01-29 00:00:00,0.7611001258313858,0.40823296782311724,1.1569026999490595,False,-1.0114890473764646,False,0.04997303613158345,0
D,LINKUSDT,bear,none,2021-01-29 00:00:00,0.7611001258313858,0.40823296782311724,1.1569026999490595,False,-1.0114890473764646,False,0.04997303613158345,0
D,LINKUSDT,bear,strict,2021-02-25 20:00:00,0.529504998780785,0.24689100219458668,0.8735979292493532,False,-1.0053323986194995,False,0.05821750792489625,5
D,LINKUSDT,bear,half,2021-02-25 20:00:00,0.529504998780785,0.24689100219458668,0.8735979292493532,False,-1.0053323986194995,False,0.05821750792489625,5
D,LINKUSDT,bear,none,2021-02-25 20:00:00,0.529504998780785,0.24689100219458668,0.8735979292493532,False,-1.0053323986194995,False,0.05821750792489625,5
D,LINKUSDT,bear,none,2021-03-15 04:00:00,0.7210383572258812,0.16931421929484675,0.3068820224719098,True,0.2971271067415727,False,0.21212708252615248,1
D,LINKUSDT,bear,strict,2021-03-28 16:00:00,0.5283136278780337,0.3604231487243311,2.1467753891771686,False,-1.0195411415863602,False,0.021406347230865038,16
D,LINKUSDT,bear,half,2021-03-28 16:00:00,0.5283136278780337,0.3604231487243311,2.1467753891771686,False,-1.0195411415863602,False,0.021406347230865038,16
D,LINKUSDT,bear,none,2021-03-27 08:00:00,0.5046670815183572,0.3666459240821408,2.6564472497745775,False,-1.0238151487826872,False,0.06770379589296832,8
D,LINKUSDT,bear,strict,2021-05-04 00:00:00,0.9051402186460245,0.6716914510762545,2.8772542175683515,False,-1.0114441535776615,False,0.03415495348679297,84
D,LINKUSDT,bear,half,2021-05-04 00:00:00,0.9051402186460245,0.6716914510762545,2.8772542175683515,False,-1.0114441535776615,False,0.03415495348679297,84
D,LINKUSDT,bear,none,2021-05-04 00:00:00,0.9051402186460245,0.6716914510762545,2.8772542175683515,False,-1.0114441535776615,False,0.03415495348679297,84
D,LINKUSDT,bear,half,2021-04-22 20:00:00,0.8722656692734895,0.2197665193244928,0.3368073649470211,True,0.3306996699669968,False,0.08455173977105318,5
D,LINKUSDT,bear,none,2021-04-22 20:00:00,0.8722656692734895,0.2197665193244928,0.3368073649470211,True,0.3306996699669968,False,0.08455173977105318,5
D,LINKUSDT,bear,strict,2021-05-15 08:00:00,0.813534114147611,0.4440416434281468,1.2017610062893103,True,1.190708176100631,True,0.006413831567205385,2
D,LINKUSDT,bear,half,2021-05-15 08:00:00,0.813534114147611,0.4440416434281468,1.2017610062893103,True,1.190708176100631,True,0.006413831567205385,2
D,LINKUSDT,bear,none,2021-05-15 08:00:00,0.813534114147611,0.4440416434281468,1.2017610062893103,True,1.190708176100631,True,0.006413831567205385,2
D,LINKUSDT,bear,strict,2021-05-19 00:00:00,0.7496492595479348,0.3068589243959474,0.6930117936982937,True,0.6861438127090312,True,0.002727981293842845,0
D,LINKUSDT,bear,half,2021-05-19 00:00:00,0.7496492595479348,0.3068589243959474,0.6930117936982937,True,0.6861438127090312,True,0.002727981293842845,0
D,LINKUSDT,bear,none,2021-05-19 00:00:00,0.7496492595479348,0.3068589243959474,0.6930117936982937,True,0.6861438127090312,True,0.002727981293842845,0
D,LINKUSDT,bear,strict,2021-05-21 12:00:00,0.5357554557379655,0.2281273601780817,0.741568678123789,True,0.7383021062152737,True,0.02396947171761345,3
D,LINKUSDT,bear,half,2021-05-21 12:00:00,0.5357554557379655,0.2281273601780817,0.741568678123789,True,0.7383021062152737,True,0.02396947171761345,3
D,LINKUSDT,bear,none,2021-05-21 12:00:00,0.5357554557379655,0.2281273601780817,0.741568678123789,True,0.7383021062152737,True,0.02396947171761345,3
D,LINKUSDT,bear,half,2021-05-28 08:00:00,0.6852076182784845,0.411669695134262,1.5049821626276283,True,1.5016343953745837,True,0.06188168786593979,20
D,LINKUSDT,bear,none,2021-05-28 08:00:00,0.6852076182784845,0.411669695134262,1.5049821626276283,True,1.5016343953745837,True,0.06188168786593979,20
D,LINKUSDT,bear,strict,2021-06-01 16:00:00,0.7705435617373497,0.5087464800750915,1.9432855280312875,False,-1.0096434159061278,False,0.015274340814062499,4
D,LINKUSDT,bear,half,2021-06-01 16:00:00,0.7705435617373497,0.5087464800750915,1.9432855280312875,False,-1.0096434159061278,False,0.015274340814062499,4
D,LINKUSDT,bear,none,2021-06-01 16:00:00,0.7705435617373497,0.5087464800750915,1.9432855280312875,False,-1.0096434159061278,False,0.015274340814062499,4
D,LINKUSDT,bear,half,2021-06-10 12:00:00,0.6041808062983576,0.32319804533731505,1.1502415458937199,True,1.1387874396135267,True,0.042215284376272554,3
D,LINKUSDT,bear,none,2021-06-10 12:00:00,0.6041808062983576,0.32319804533731505,1.1502415458937199,True,1.1387874396135267,True,0.042215284376272554,3
D,LINKUSDT,bear,strict,2021-06-25 04:00:00,0.6423943661971828,0.48619718309859156,3.1127141568981114,False,-1.0166059513074843,True,0.0292957746478876,7
D,LINKUSDT,bear,half,2021-06-25 04:00:00,0.6423943661971828,0.48619718309859156,3.1127141568981114,False,-1.0166059513074843,True,0.0292957746478876,7
D,LINKUSDT,bear,none,2021-06-25 04:00:00,0.6423943661971828,0.48619718309859156,3.1127141568981114,False,-1.0166059513074843,True,0.0292957746478876,7
D,LINKUSDT,bear,strict,2021-07-04 00:00:00,0.4969623329283111,0.28371810449574775,1.3304843304843355,False,-1.025911680911681,False,0.03341433778857822,0
D,LINKUSDT,bear,half,2021-07-04 00:00:00,0.4969623329283111,0.28371810449574775,1.3304843304843355,False,-1.025911680911681,False,0.03341433778857822,0
D,LINKUSDT,bear,none,2021-07-04 00:00:00,0.4969623329283111,0.28371810449574775,1.3304843304843355,False,-1.025911680911681,False,0.03341433778857822,0
D,LINKUSDT,bear,strict,2021-08-21 16:00:00,0.7750082535490256,0.547045229448663,2.399710354815357,False,-1.020147719044171,False,0.005282271376691982,4
D,LINKUSDT,bear,half,2021-08-21 16:00:00,0.7750082535490256,0.547045229448663,2.399710354815357,False,-1.020147719044171,False,0.005282271376691982,4
D,LINKUSDT,bear,none,2021-08-21 16:00:00,0.7750082535490256,0.547045229448663,2.399710354815357,False,-1.020147719044171,False,0.005282271376691982,4
D,LINKUSDT,bear,none,2021-08-30 00:00:00,0.4972657674079477,0.21636893911775448,0.7702790395846858,False,-1.0162673588578846,False,0.01877506379876076,12
D,LINKUSDT,bear,none,2021-09-16 12:00:00,0.7039748953974893,0.5912133891213389,5.24304267161411,True,5.224165739022892,True,0.039400278940027976,45
D,LINKUSDT,bear,none,2021-09-13 04:00:00,0.9499125109361332,0.22178477690288703,0.30459597476719713,True,0.2965914689095822,False,0.21019247594050794,7
D,LINKUSDT,bear,none,2021-09-19 00:00:00,0.43692178301093376,0.12174095878889771,0.386257505003333,True,0.36760240160106483,True,0.10428931875525631,0
D,LINKUSDT,bear,strict,2021-09-23 08:00:00,0.3420054678543082,0.24182026633741963,2.4137323943661997,False,-1.020725352112676,False,0.0029103095511069104,2
D,LINKUSDT,bear,half,2021-09-23 08:00:00,0.3420054678543082,0.24182026633741963,2.4137323943661997,False,-1.020725352112676,False,0.0029103095511069104,2
D,LINKUSDT,bear,none,2021-09-23 08:00:00,0.3420054678543082,0.24182026633741963,2.4137323943661997,False,-1.020725352112676,False,0.0029103095511069104,2
D,LINKUSDT,bear,strict,2021-11-22 00:00:00,0.39585717555504707,0.193293659876402,0.9542372881355935,True,0.9387067796610172,True,0.0034332799267568267,12
D,LINKUSDT,bear,half,2021-11-22 00:00:00,0.39585717555504707,0.193293659876402,0.9542372881355935,True,0.9387067796610172,True,0.0034332799267568267,12
D,LINKUSDT,bear,none,2021-11-22 00:00:00,0.39585717555504707,0.193293659876402,0.9542372881355935,True,0.9387067796610172,True,0.0034332799267568267,12
D,LINKUSDT,bear,strict,2021-12-01 16:00:00,0.8588211867781761,0.663679808841099,3.4010204081632622,True,3.374555102040813,True,0.0017921146953398628,10
D,LINKUSDT,bear,half,2021-12-01 16:00:00,0.8588211867781761,0.663679808841099,3.4010204081632622,True,3.374555102040813,True,0.0017921146953398628,10
D,LINKUSDT,bear,none,2021-12-01 16:00:00,0.8588211867781761,0.663679808841099,3.4010204081632622,True,3.374555102040813,True,0.0017921146953398628,10
D,LINKUSDT,bear,strict,2021-12-09 12:00:00,0.7550152537672181,0.5532957381898863,2.7428964252978942,False,-1.0096324472960587,True,0.039474900619395355,21
D,LINKUSDT,bear,half,2021-12-09 12:00:00,0.7550152537672181,0.5532957381898863,2.7428964252978942,False,-1.0096324472960587,True,0.039474900619395355,21
D,LINKUSDT,bear,none,2021-12-09 12:00:00,0.7550152537672181,0.5532957381898863,2.7428964252978942,False,-1.0096324472960587,True,0.039474900619395355,21
D,LINKUSDT,bear,strict,2021-12-13 00:00:00,0.5206807836928556,0.2826043934296459,1.1870324189526198,True,1.170760598503742,True,0.11359588363348536,0
D,LINKUSDT,bear,half,2021-12-13 00:00:00,0.5206807836928556,0.2826043934296459,1.1870324189526198,True,1.170760598503742,True,0.11359588363348536,0
D,LINKUSDT,bear,none,2021-12-13 00:00:00,0.5206807836928556,0.2826043934296459,1.1870324189526198,True,1.170760598503742,True,0.11359588363348536,0
D,LINKUSDT,bear,half,2021-12-19 12:00:00,0.8900226757369619,0.6729024943310656,3.0992167101827586,False,-1.0256187989556136,True,0.05215419501133819,15
D,LINKUSDT,bear,none,2021-12-19 12:00:00,0.8900226757369619,0.6729024943310656,3.0992167101827586,False,-1.0256187989556136,True,0.05215419501133819,15
D,LINKUSDT,bear,strict,2022-01-04 20:00:00,0.9961622807017549,0.8050073099415204,4.211281070745684,False,-1.022395793499044,False,0.01315789473684196,17
D,LINKUSDT,bear,half,2022-01-04 20:00:00,0.9961622807017549,0.8050073099415204,4.211281070745684,False,-1.022395793499044,False,0.01315789473684196,17
D,LINKUSDT,bear,none,2022-01-04 20:00:00,0.9961622807017549,0.8050073099415204,4.211281070745684,False,-1.022395793499044,False,0.01315789473684196,17
D,LINKUSDT,bear,strict,2022-01-17 00:00:00,0.5098162071846287,0.19736842105263164,0.6316844919786089,True,0.6150768716577533,True,0.008980785296574615,6
D,LINKUSDT,bear,half,2022-01-16 00:00:00,0.4799498746867171,0.2124060150375946,0.7939110070257642,False,-1.0194512099921935,False,0.060568086883876916,0
D,LINKUSDT,bear,none,2022-01-16 00:00:00,0.4799498746867171,0.2124060150375946,0.7939110070257642,False,-1.0194512099921935,False,0.060568086883876916,0
D,LINKUSDT,bear,strict,2022-01-26 20:00:00,0.2580870917573873,0.1355365474339036,1.105964467005076,False,-1.0096598984771574,False,0.0067651632970452185,5
D,LINKUSDT,bear,half,2022-01-26 20:00:00,0.2580870917573873,0.1355365474339036,1.105964467005076,False,-1.0096598984771574,False,0.0067651632970452185,5
D,LINKUSDT,bear,none,2022-01-26 20:00:00,0.2580870917573873,0.1355365474339036,1.105964467005076,False,-1.0096598984771574,False,0.0067651632970452185,5
D,LINKUSDT,bear,none,2022-02-17 12:00:00,0.6354956472900873,0.2679022746419543,0.7288006111535509,True,0.7164690603514119,True,0.0710474585790509,9
D,LINKUSDT,bear,strict,2022-03-17 04:00:00,0.6868482039397452,0.5614136732329087,4.475750577367209,False,-1.0331431870669747,False,0.02636152954808838,49
D,LINKUSDT,bear,half,2022-03-10 04:00:00,0.5892236384704516,0.20307068366164557,0.5258814703675929,False,-1.0098379594898725,False,0.14513325608343025,7
D,LINKUSDT,bear,none,2022-03-10 04:00:00,0.5892236384704516,0.20307068366164557,0.5258814703675929,False,-1.0098379594898725,False,0.14513325608343025,7
D,LINKUSDT,bear,strict,2022-04-16 04:00:00,0.3645793315405301,0.2585478294275836,2.438405797101451,False,-1.0506920289855073,False,0.010372646945831444,1
D,LINKUSDT,bear,half,2022-04-16 04:00:00,0.3645793315405301,0.2585478294275836,2.438405797101451,False,-1.0506920289855073,False,0.010372646945831444,1
D,LINKUSDT,bear,none,2022-04-16 04:00:00,0.3645793315405301,0.2585478294275836,2.438405797101451,False,-1.0506920289855073,False,0.010372646945831444,1
D,LINKUSDT,bear,strict,2022-04-20 12:00:00,0.9117250673854446,0.524258760107817,1.353043478260872,True,1.3288469565217416,True,0.020889487870620338,3
D,LINKUSDT,bear,half,2022-04-20 12:00:00,0.9117250673854446,0.524258760107817,1.353043478260872,True,1.3288469565217416,True,0.020889487870620338,3
D,LINKUSDT,bear,none,2022-04-20 12:00:00,0.9117250673854446,0.524258760107817,1.353043478260872,True,1.3288469565217416,True,0.020889487870620338,3
D,LINKUSDT,bear,half,2022-05-05 12:00:00,0.7039557635048918,0.11229264142917951,0.18979151689432144,True,0.18195758447160398,True,0.2105487026797111,21
D,LINKUSDT,bear,none,2022-05-05 12:00:00,0.7039557635048918,0.11229264142917951,0.18979151689432144,True,0.18195758447160398,True,0.2105487026797111,21
D,LINKUSDT,bear,strict,2022-06-07 00:00:00,0.3959225882700546,0.30255576894666864,3.2405063291139258,False,-1.0119731012658228,False,0.0008863938543359768,144
D,LINKUSDT,bear,half,2022-05-18 20:00:00,0.3643078741320727,0.1889496232826119,1.0775063184498732,False,-1.0057270429654592,False,0.018762003250110765,29
D,LINKUSDT,bear,none,2022-05-18 20:00:00,0.3643078741320727,0.1889496232826119,1.0775063184498732,False,-1.0057270429654592,False,0.018762003250110765,29
D,LINKUSDT,bear,strict,2022-05-23 16:00:00,0.7792792792792791,0.40915915915915957,1.1054766734279948,True,1.0909087221095364,True,0.006756756756757009,16
D,LINKUSDT,bear,half,2022-05-23 16:00:00,0.7792792792792791,0.40915915915915957,1.1054766734279948,True,1.0909087221095364,True,0.006756756756757009,16
D,LINKUSDT,bear,none,2022-05-23 16:00:00,0.7792792792792791,0.40915915915915957,1.1054766734279948,True,1.0909087221095364,True,0.006756756756757009,16
D,LINKUSDT,bear,strict,2022-06-21 16:00:00,0.5193886861313869,0.34215328467153283,1.9305019305019302,False,,True,0.02486313868613138,40
D,LINKUSDT,bear,half,2022-06-21 16:00:00,0.5193886861313869,0.34215328467153283,1.9305019305019302,False,,True,0.02486313868613138,40
D,LINKUSDT,bear,none,2022-06-16 08:00:00,0.5050182481751824,0.23357664233576642,0.8605042016806727,False,-1.0053042016806724,False,0.05907846715328474,8
D,LINKUSDT,bear,strict,2022-06-20 00:00:00,0.6731406916153484,0.49218379914732346,2.7198952879581104,False,-1.0168324607329842,False,0.03884414969208899,0
D,LINKUSDT,bear,half,2022-06-20 00:00:00,0.6731406916153484,0.49218379914732346,2.7198952879581104,False,-1.0168324607329842,False,0.03884414969208899,0
D,LINKUSDT,bear,none,2022-06-20 00:00:00,0.6731406916153484,0.49218379914732346,2.7198952879581104,False,-1.0168324607329842,False,0.03884414969208899,0
D,LINKUSDT,bear,strict,2022-06-25 12:00:00,0.8837837837837834,0.33693693693693655,0.6161449752883024,False,-1.0112504118616146,False,0.009009009009008815,9
D,LINKUSDT,bear,half,2022-06-25 12:00:00,0.8837837837837834,0.33693693693693655,0.6161449752883024,False,-1.0112504118616146,False,0.009009009009008815,9
D,LINKUSDT,bear,none,2022-06-25 12:00:00,0.8837837837837834,0.33693693693693655,0.6161449752883024,False,-1.0112504118616146,False,0.009009009009008815,9
D,LINKUSDT,bear,half,2022-07-05 12:00:00,0.49352517985611516,0.19352517985611525,0.6450839328537176,False,-1.0147218225419665,False,0.02877697841726622,21
D,LINKUSDT,bear,none,2022-07-05 12:00:00,0.49352517985611516,0.19352517985611525,0.6450839328537176,False,-1.0147218225419665,False,0.02877697841726622,21
D,LINKUSDT,bear,strict,2022-07-25 00:00:00,0.9486049926578559,0.15712187958884022,0.19851576994434186,True,0.18606679035250512,True,0.09251101321585861,0
D,LINKUSDT,bear,half,2022-07-25 00:00:00,0.9486049926578559,0.15712187958884022,0.19851576994434186,True,0.18606679035250512,True,0.09251101321585861,0
D,LINKUSDT,bear,none,2022-07-25 00:00:00,0.9486049926578559,0.15712187958884022,0.19851576994434186,True,0.18606679035250512,True,0.09251101321585861,0
D,LINKUSDT,bear,strict,2022-08-06 12:00:00,0.919665271966527,0.7230125523012555,3.6765957446808595,False,-1.0335234042553192,False,0.020920502092050517,15
D,LINKUSDT,bear,half,2022-08-06 12:00:00,0.919665271966527,0.7230125523012555,3.6765957446808595,False,-1.0335234042553192,False,0.020920502092050517,15
D,LINKUSDT,bear,none,2022-08-06 12:00:00,0.919665271966527,0.7230125523012555,3.6765957446808595,False,-1.0335234042553192,False,0.020920502092050517,15
D,LINKUSDT,bear,strict,2022-08-24 00:00:00,0.2432337434094901,0.1318101933216169,1.1829652996845452,False,-1.0221861198738171,False,0.012302284710017626,12
D,LINKUSDT,bear,half,2022-08-22 04:00:00,0.1775043936731107,0.036555360281194806,0.2593516209476285,False,-1.016862842892768,False,0.013005272407732839,1
D,LINKUSDT,bear,none,2022-08-22 04:00:00,0.1775043936731107,0.036555360281194806,0.2593516209476285,False,-1.016862842892768,False,0.013005272407732839,1
D,LINKUSDT,bear,none,2022-08-31 16:00:00,0.596977329974811,0.3870696893366919,1.8440000000000012,False,-1.026584,False,0.044500419815281196,4
D,LINKUSDT,bear,strict,2022-09-18 20:00:00,0.8749063670411985,0.4097378277153559,0.8808373590982288,True,0.8687310789049921,True,0.0029962546816482776,17
D,LINKUSDT,bear,half,2022-09-18 20:00:00,0.8749063670411985,0.4097378277153559,0.8808373590982288,True,0.8687310789049921,True,0.0029962546816482776,17
D,LINKUSDT,bear,none,2022-09-18 20:00:00,0.8749063670411985,0.4097378277153559,0.8808373590982288,True,0.8687310789049921,True,0.0029962546816482776,17
D,LINKUSDT,bear,none,2022-09-26 00:00:00,0.9612784265519367,0.7578365089121086,3.7250755287009034,False,-1.0233987915407854,False,0.09096496619545157,18
D,LINKUSDT,bear,none,2022-10-06 16:00:00,0.6079842931937167,0.4371727748691093,2.5593869731800725,True,2.5299731800766243,True,0.011125654450262005,10
D,LINKUSDT,bear,half,2022-10-19 08:00:00,0.7500000000000001,0.4626038781163436,1.6096385542168676,False,-1.0167614457831324,True,0.03254847645429343,26
D,LINKUSDT,bear,none,2022-10-19 08:00:00,0.7500000000000001,0.4626038781163436,1.6096385542168676,False,-1.0167614457831324,True,0.03254847645429343,26
D,LINKUSDT,bear,strict,2022-10-27 20:00:00,0.9925213675213669,0.48397435897435886,0.9516806722689082,False,-1.014470588235294,False,0.12606837606837534,29
D,LINKUSDT,bear,half,2022-10-27 20:00:00,0.9925213675213669,0.48397435897435886,0.9516806722689082,False,-1.014470588235294,False,0.12606837606837534,29
D,LINKUSDT,bear,none,2022-10-25 08:00:00,0.6955128205128206,0.4497863247863247,1.8304347826086933,False,-1.029808695652174,False,0.09401709401709402,14
D,LINKUSDT,bear,none,2022-11-11 12:00:00,0.47249798765763346,0.27662999731687676,1.4123287671232865,True,1.403035616438355,True,0.04078347196136306,3
D,LINKUSDT,bear,strict,2022-12-19 16:00:00,0.23173605655930873,0.07934014139827181,0.520618556701031,True,0.49035051546391756,True,0.01649646504320496,10
D,LINKUSDT,bear,half,2022-12-19 16:00:00,0.23173605655930873,0.07934014139827181,0.520618556701031,True,0.49035051546391756,True,0.01649646504320496,10
D,LINKUSDT,bear,none,2022-12-18 12:00:00,0.22859387274155574,0.13197172034564036,1.3658536585365841,False,-1.0482845528455285,False,0.01963864886095865,3
D,LINKUSDT,bear,none,2022-12-22 12:00:00,0.33261183261183236,0.16738816738816698,1.0131004366812193,True,0.987379912663752,True,0.037518037518037894,9
D,LINKUSDT,bear,strict,2023-01-03 16:00:00,0.554585152838428,0.31004366812227074,1.2678571428571421,False,-1.0332916666666667,False,0.007278020378456902,10
D,LINKUSDT,bear,half,2023-01-03 16:00:00,0.554585152838428,0.31004366812227074,1.2678571428571421,False,-1.0332916666666667,False,0.007278020378456902,10
D,LINKUSDT,bear,none,2023-01-03 16:00:00,0.554585152838428,0.31004366812227074,1.2678571428571421,False,-1.0332916666666667,False,0.007278020378456902,10
D,LINKUSDT,bear,none,2023-02-05 12:00:00,0.9509132420091323,0.38698630136986334,0.6862348178137664,False,-1.014172064777328,False,0.1472602739726022,15
D,LINKUSDT,bear,strict,2023-02-08 12:00:00,0.899671052631579,0.5493421052631576,1.5680751173708898,False,-1.0333098591549295,True,0.0526315789473685,3
D,LINKUSDT,bear,half,2023-02-08 12:00:00,0.899671052631579,0.5493421052631576,1.5680751173708898,False,-1.0333098591549295,True,0.0526315789473685,3
D,LINKUSDT,bear,none,2023-02-08 12:00:00,0.899671052631579,0.5493421052631576,1.5680751173708898,False,-1.0333098591549295,True,0.0526315789473685,3
D,LINKUSDT,bear,strict,2023-02-24 12:00:00,0.8254252461951652,0.26678603401969586,0.4775641025641036,True,0.4654022435897446,True,0.05908683974932846,3
D,LINKUSDT,bear,half,2023-02-24 12:00:00,0.8254252461951652,0.26678603401969586,0.4775641025641036,True,0.4654022435897446,True,0.12623097582811113,3
D,LINKUSDT,bear,none,2023-02-24 12:00:00,0.8254252461951652,0.26678603401969586,0.4775641025641036,True,0.4654022435897446,True,0.12623097582811113,3
D,LINKUSDT,bear,none,2023-03-06 20:00:00,0.423076923076923,0.2611336032388663,1.6124999999999987,True,1.5696687499999988,True,0.04251012145749057,11
D,LINKUSDT,bear,strict,2023-04-05 08:00:00,0.8937784522003032,0.6889226100151747,3.362962962962973,False,-1.055325925925926,True,0.07283763277693474,2
D,LINKUSDT,bear,half,2023-04-05 08:00:00,0.8937784522003032,0.6889226100151747,3.362962962962973,False,-1.055325925925926,True,0.07283763277693474,2
D,LINKUSDT,bear,none,2023-04-05 08:00:00,0.8937784522003032,0.6889226100151747,3.362962962962973,False,-1.055325925925926,True,0.07283763277693474,2
D,LINKUSDT,bear,strict,2023-04-30 20:00:00,0.2896355892096545,0.1552295314718411,1.1549295774647905,True,1.1302147887323961,True,0.012778040700425996,17
D,LINKUSDT,bear,half,2023-04-30 20:00:00,0.2896355892096545,0.1552295314718411,1.1549295774647905,True,1.1302147887323961,True,0.012778040700425996,17
D,LINKUSDT,bear,none,2023-04-30 20:00:00,0.2896355892096545,0.1552295314718411,1.1549295774647905,True,1.1302147887323961,True,0.012778040700425996,17
D,LINKUSDT,bear,strict,2023-05-04 04:00:00,0.7244701348747596,0.5414258188824673,2.9578947368421193,False,-1.0743684210526319,True,0.009633911368015207,7
D,LINKUSDT,bear,half,2023-05-04 04:00:00,0.7244701348747596,0.5414258188824673,2.9578947368421193,False,-1.0743684210526319,True,0.009633911368015207,7
D,LINKUSDT,bear,none,2023-05-04 04:00:00,0.7244701348747596,0.5414258188824673,2.9578947368421193,False,-1.0743684210526319,True,0.009633911368015207,7
D,LINKUSDT,bear,strict,2023-05-24 00:00:00,0.6399999999999991,0.1305263157894725,0.2561983471074355,True,0.22979338842974956,False,0.02736842105263139,0
D,LINKUSDT,bear,half,2023-05-24 00:00:00,0.6399999999999991,0.1305263157894725,0.2561983471074355,True,0.22979338842974956,False,0.02736842105263139,0
D,LINKUSDT,bear,none,2023-05-24 00:00:00,0.6399999999999991,0.1305263157894725,0.2561983471074355,True,0.22979338842974956,False,0.02736842105263139,0
D,LINKUSDT,bear,strict,2023-06-04 20:00:00,0.6094986807387867,0.38786279683377184,1.7499999999999816,True,1.6732619047618869,True,0.036939313984169525,5
D,LINKUSDT,bear,half,2023-06-04 20:00:00,0.6094986807387867,0.38786279683377184,1.7499999999999816,True,1.6732619047618869,True,0.036939313984169525,5
D,LINKUSDT,bear,none,2023-06-04 20:00:00,0.6094986807387867,0.38786279683377184,1.7499999999999816,True,1.6732619047618869,True,0.036939313984169525,5
D,LINKUSDT,bear,half,2023-06-07 08:00:00,0.6402640264026402,0.2920792079207915,0.838862559241703,True,0.8099478672985752,True,0.11881188118811895,2
D,LINKUSDT,bear,none,2023-06-07 08:00:00,0.6402640264026402,0.2920792079207915,0.838862559241703,True,0.8099478672985752,True,0.11881188118811895,2
D,LINKUSDT,bear,strict,2023-06-14 20:00:00,0.5866283249460819,0.4011502516175412,2.162790697674418,False,-1.0203372093023255,True,0.0359453630481673,17
D,LINKUSDT,bear,half,2023-06-14 20:00:00,0.5866283249460819,0.4011502516175412,2.162790697674418,False,-1.0203372093023255,True,0.0359453630481673,17
D,LINKUSDT,bear,none,2023-06-12 00:00:00,0.4270309130122216,0.27030913012221447,1.7247706422018365,False,-1.0232339449541286,False,0.03306973400431363,0
D,LINKUSDT,bear,strict,2023-06-28 00:00:00,0.6808510638297872,0.2686170212765954,0.6516129032258052,True,0.6122516129032246,True,0.02127659574468085,0
D,LINKUSDT,bear,half,2023-06-28 00:00:00,0.6808510638297872,0.2686170212765954,0.6516129032258052,True,0.6122516129032246,True,0.02127659574468085,0
D,LINKUSDT,bear,none,2023-06-28 00:00:00,0.6808510638297872,0.2686170212765954,0.6516129032258052,True,0.6122516129032246,True,0.02127659574468085,0
D,LINKUSDT,bear,strict,2023-06-30 12:00:00,0.8820960698689951,0.5662299854439593,1.7926267281106032,False,-1.0280092165898618,False,0.011644832605531301,3
D,LINKUSDT,bear,half,2023-06-30 12:00:00,0.8820960698689951,0.5662299854439593,1.7926267281106032,False,-1.0280092165898618,False,0.011644832605531301,3
D,LINKUSDT,bear,none,2023-06-30 12:00:00,0.8820960698689951,0.5662299854439593,1.7926267281106032,False,-1.0280092165898618,False,0.011644832605531301,3
D,LINKUSDT,bear,half,2023-09-08 08:00:00,0.4406535319557905,0.3161941374339258,2.540540540540535,False,-1.023972972972973,True,0.015377222489187908,122
D,LINKUSDT,bear,none,2023-08-24 08:00:00,0.42623738587217674,0.3546371936568956,4.9530201342281845,False,-1.0422080536912752,True,0.012013455069677785,32
D,LINKUSDT,bear,strict,2023-09-04 12:00:00,0.7429519071310111,0.4925373134328355,1.9668874172185438,False,-1.0398211920529803,False,0.008291873963515582,15
D,LINKUSDT,bear,half,2023-09-04 12:00:00,0.7429519071310111,0.4925373134328355,1.9668874172185438,False,-1.0398211920529803,False,0.008291873963515582,15
D,LINKUSDT,bear,none,2023-09-04 12:00:00,0.7429519071310111,0.4925373134328355,1.9668874172185438,False,-1.0398211920529803,False,0.008291873963515582,15
D,LINKUSDT,bear,strict,2023-09-15 08:00:00,0.6852103120759835,0.5074626865671649,2.8549618320610874,False,-1.0466030534351147,False,0.009497964721844875,14
D,LINKUSDT,bear,half,2023-09-15 08:00:00,0.6852103120759835,0.5074626865671649,2.8549618320610874,False,-1.0466030534351147,False,0.009497964721844875,14
D,LINKUSDT,bear,none,2023-09-15 08:00:00,0.6852103120759835,0.5074626865671649,2.8549618320610874,False,-1.0466030534351147,False,0.009497964721844875,14
D,LINKUSDT,bear,none,2023-10-09 08:00:00,0.7105500450856628,0.1758340847610456,0.3288364249578405,True,0.31643676222596867,False,0.031559963931469946,20
D,LINKUSDT,bear,strict,2023-11-16 12:00:00,0.6223942823108998,0.2427039904705185,0.6392156862745106,True,0.6281278431372558,True,0.08427635497319869,3
D,LINKUSDT,bear,half,2023-11-16 12:00:00,0.6223942823108998,0.2427039904705185,0.6392156862745106,True,0.6281278431372558,True,0.08427635497319869,3
D,LINKUSDT,bear,none,2023-11-16 12:00:00,0.6223942823108998,0.2427039904705185,0.6392156862745106,True,0.6281278431372558,True,0.08427635497319869,3
D,LINKUSDT,bear,none,2023-11-21 04:00:00,0.9960967993754873,0.4953161592505853,0.9890880748246302,False,-1.0110046765393608,False,0.18891491022638554,13
D,LINKUSDT,bear,strict,2023-11-26 12:00:00,0.9683776351970673,0.7277726856095327,3.024761904761901,False,-1.0282057142857142,True,0.0912007332722273,15
D,LINKUSDT,bear,half,2023-11-26 12:00:00,0.9683776351970673,0.7277726856095327,3.024761904761901,False,-1.0282057142857142,True,0.0912007332722273,15
D,LINKUSDT,bear,none,2023-11-26 12:00:00,0.9683776351970673,0.7277726856095327,3.024761904761901,False,-1.0282057142857142,True,0.0912007332722273,15
D,LINKUSDT,bear,strict,2023-11-30 04:00:00,0.7854869509866328,0.4290260980267343,1.2035714285714265,False,-1.0257785714285714,False,0.0006365372374280369,1
D,LINKUSDT,bear,half,2023-11-30 04:00:00,0.7854869509866328,0.4290260980267343,1.2035714285714265,False,-1.0257785714285714,False,0.0006365372374280369,1
D,LINKUSDT,bear,none,2023-11-30 04:00:00,0.7854869509866328,0.4290260980267343,1.2035714285714265,False,-1.0257785714285714,False,0.0006365372374280369,1
D,LINKUSDT,bear,strict,2024-01-02 12:00:00,0.4552264215185561,0.21280217909431384,0.8778089887640452,True,0.8562148876404497,True,0.040177051413006565,3
D,LINKUSDT,bear,half,2024-01-02 12:00:00,0.4552264215185561,0.21280217909431384,0.8778089887640452,True,0.8562148876404497,True,0.040177051413006565,3
D,LINKUSDT,bear,none,2024-01-02 12:00:00,0.4552264215185561,0.21280217909431384,0.8778089887640452,True,0.8562148876404497,True,0.040177051413006565,3
D,LINKUSDT,bear,strict,2024-01-05 00:00:00,0.6749564784879382,0.5140512310370552,3.1947449768160707,False,-1.0218438948995363,True,0.007212136284506322,0
D,LINKUSDT,bear,half,2024-01-05 00:00:00,0.6749564784879382,0.5140512310370552,3.1947449768160707,False,-1.0218438948995363,True,0.007212136284506322,0
D,LINKUSDT,bear,none,2024-01-05 00:00:00,0.6749564784879382,0.5140512310370552,3.1947449768160707,False,-1.0218438948995363,True,0.007212136284506322,0
D,LINKUSDT,bear,none,2024-01-28 16:00:00,0.48204921339249723,0.3134328358208953,1.8588516746411419,False,-1.0341555023923443,False,0.01653892698668762,10
D,LINKUSDT,bear,none,2024-02-19 12:00:00,0.8961672473867591,0.4787456445993032,1.146911519198666,True,1.1138530884808029,True,0.10243902439024515,9
D,LINKUSDT,bear,strict,2024-02-26 08:00:00,0.46077032810270996,0.2360912981455062,1.0507936507936508,False,-1.0289825396825398,False,0.0046362339514971936,8
D,LINKUSDT,bear,half,2024-02-26 08:00:00,0.46077032810270996,0.2360912981455062,1.0507936507936508,False,-1.0289825396825398,False,0.0046362339514971936,8
D,LINKUSDT,bear,none,2024-02-26 08:00:00,0.46077032810270996,0.2360912981455062,1.0507936507936508,False,-1.0289825396825398,False,0.0046362339514971936,8
D,LINKUSDT,bear,half,2024-03-08 12:00:00,0.7593523171412621,0.623860040945468,4.604395604395595,False,-1.0270645604395603,False,0.02884794342080795,9
D,LINKUSDT,bear,none,2024-03-08 12:00:00,0.7593523171412621,0.623860040945468,4.604395604395595,False,-1.0270645604395603,False,0.02884794342080795,9
D,LINKUSDT,bear,none,2024-03-10 12:00:00,0.9462528387585152,0.36866010598031895,0.6382699868938442,False,-1.025684141546527,False,0.08175624526873612,3
D,LINKUSDT,bear,strict,2024-04-09 00:00:00,0.7276714513556622,0.42224880382775115,1.3825065274151418,True,1.3591031331592671,True,0.009968102073366071,12
D,LINKUSDT,bear,half,2024-04-09 00:00:00,0.7276714513556622,0.42224880382775115,1.3825065274151418,True,1.3591031331592671,True,0.009968102073366071,12
D,LINKUSDT,bear,none,2024-04-09 00:00:00,0.7276714513556622,0.42224880382775115,1.3825065274151418,True,1.3591031331592671,True,0.009968102073366071,12
D,LINKUSDT,bear,half,2024-04-12 12:00:00,0.5767417496071248,0.17024620220010603,0.4188144329896945,True,0.39676675257732336,True,0.018334206390780563,3
D,LINKUSDT,bear,none,2024-04-12 12:00:00,0.5767417496071248,0.17024620220010603,0.4188144329896945,True,0.39676675257732336,True,0.018334206390780563,3
D,LINKUSDT,bear,none,2024-04-15 16:00:00,0.4776482021379979,0.3215095562034336,2.0591286307053926,False,-1.014207468879668,True,0.03563330093942348,4
D,LINKUSDT,bear,strict,2024-05-10 12:00:00,0.4707446808510635,0.10571808510638335,0.28961748633879936,True,0.2644499089253203,True,0.009973404255319517,3
D,LINKUSDT,bear,half,2024-05-10 12:00:00,0.4707446808510635,0.10571808510638335,0.28961748633879936,True,0.2644499089253203,True,0.009973404255319517,3
D,LINKUSDT,bear,none,2024-05-10 12:00:00,0.4707446808510635,0.10571808510638335,0.28961748633879936,True,0.2644499089253203,True,0.009973404255319517,3
D,LINKUSDT,bear,strict,2024-06-13 00:00:00,0.9116792562463679,0.4968041836141775,1.1974789915966386,True,1.1757436974789917,True,0.029052876234747622,0
D,LINKUSDT,bear,half,2024-06-13 00:00:00,0.9116792562463679,0.4968041836141775,1.1974789915966386,True,1.1757436974789917,True,0.029052876234747622,0
D,LINKUSDT,bear,none,2024-06-13 00:00:00,0.9116792562463679,0.4968041836141775,1.1974789915966386,True,1.1757436974789917,True,0.029052876234747622,0
D,LINKUSDT,bear,strict,2024-06-17 00:00:00,0.4269599548787365,0.18556119571347937,0.7686915887850425,True,0.7341378504672855,True,0.04004512126339523,6
D,LINKUSDT,bear,half,2024-06-17 00:00:00,0.4269599548787365,0.18556119571347937,0.7686915887850425,True,0.7341378504672855,True,0.04004512126339523,6
D,LINKUSDT,bear,none,2024-06-17 00:00:00,0.4269599548787365,0.18556119571347937,0.7686915887850425,True,0.7341378504672855,True,0.04004512126339523,6
D,LINKUSDT,bear,strict,2024-06-20 12:00:00,0.8424423569598635,0.6191289496157126,2.7724665391969316,True,2.745076481835555,True,0.02561912894961592,3
D,LINKUSDT,bear,half,2024-06-20 12:00:00,0.8424423569598635,0.6191289496157126,2.7724665391969316,True,2.745076481835555,True,0.02561912894961592,3
D,LINKUSDT,bear,none,2024-06-20 12:00:00,0.8424423569598635,0.6191289496157126,2.7724665391969316,True,2.745076481835555,True,0.02561912894961592,3
D,LINKUSDT,bear,strict,2024-06-28 20:00:00,0.8890356671070011,0.525759577278732,1.4472727272727295,False,-1.0166921212121212,False,0.04051078819903148,17
D,LINKUSDT,bear,half,2024-06-28 20:00:00,0.8890356671070011,0.525759577278732,1.4472727272727295,False,-1.0166921212121212,False,0.04051078819903148,17
D,LINKUSDT,bear,none,2024-06-28 20:00:00,0.8890356671070011,0.525759577278732,1.4472727272727295,False,-1.0166921212121212,False,0.04051078819903148,17
D,LINKUSDT,bear,strict,2024-07-16 04:00:00,0.9337429869088968,0.7860005343307507,5.320072332730553,False,-1.0252242314647377,False,0.03767031792679669,55
D,LINKUSDT,bear,half,2024-07-11 20:00:00,0.6721880844242586,0.35506278386321144,1.1196293176074148,False,-1.0103925863521483,False,0.03927331017900086,29
D,LINKUSDT,bear,none,2024-07-07 12:00:00,0.6061982367085226,0.4036868821800697,1.9934036939314022,False,-1.016514511873351,False,0.07293614747528711,3
D,LINKUSDT,bear,half,2024-07-21 04:00:00,0.7770849571317217,0.4933749025720969,1.7390109890109964,False,-1.0383708791208792,False,0.06469212782540928,1
D,LINKUSDT,bear,none,2024-07-21 04:00:00,0.7770849571317217,0.4933749025720969,1.7390109890109964,False,-1.0383708791208792,False,0.06469212782540928,1
D,LINKUSDT,bear,strict,2024-07-28 00:00:00,0.553459119496855,0.38325471698113184,2.251732101616628,False,-1.0310323325635105,False,0.004716981132075649,6
D,LINKUSDT,bear,half,2024-07-28 00:00:00,0.553459119496855,0.38325471698113184,2.251732101616628,False,-1.0310323325635105,False,0.004716981132075649,6
D,LINKUSDT,bear,none,2024-07-28 00:00:00,0.553459119496855,0.38325471698113184,2.251732101616628,False,-1.0310323325635105,False,0.004716981132075649,6
D,LINKUSDT,bear,strict,2024-08-11 12:00:00,0.4928689883913765,0.4195688225538972,5.723981900452487,False,-1.0235158371040725,True,0.0021558872305140796,27
D,LINKUSDT,bear,half,2024-08-07 16:00:00,0.43316749585406317,0.2877280265339967,1.9783352337514242,False,-1.010945267958951,False,0.031343283582089564,4
D,LINKUSDT,bear,none,2024-08-07 16:00:00,0.43316749585406317,0.2877280265339967,1.9783352337514242,False,-1.010945267958951,False,0.031343283582089564,4
D,LINKUSDT,bear,strict,2024-08-18 20:00:00,0.6778846153846149,0.20913461538461459,0.4461538461538442,False,-1.0258410256410255,False,0.040865384615385414,5
D,LINKUSDT,bear,half,2024-08-18 20:00:00,0.6778846153846149,0.20913461538461459,0.4461538461538442,False,-1.0258410256410255,False,0.040865384615385414,5
D,LINKUSDT,bear,none,2024-08-18 20:00:00,0.6778846153846149,0.20913461538461459,0.4461538461538442,False,-1.0258410256410255,False,0.040865384615385414,5
D,LINKUSDT,bear,strict,2024-09-03 12:00:00,0.6663265306122451,0.06836734693877565,0.11433447098976132,True,0.09677645051194564,True,0.06836734693877565,3
D,LINKUSDT,bear,half,2024-09-03 12:00:00,0.6663265306122451,0.06836734693877565,0.11433447098976132,True,0.09677645051194564,True,0.06836734693877565,3
D,LINKUSDT,bear,none,2024-09-03 12:00:00,0.6663265306122451,0.06836734693877565,0.11433447098976132,True,0.09677645051194564,True,0.06836734693877565,3
D,LINKUSDT,bear,strict,2024-09-09 12:00:00,0.9656035021888683,0.6923076923076918,2.5331807780320283,False,-1.0237597254004576,False,0.02564102564102476,9
D,LINKUSDT,bear,half,2024-09-09 12:00:00,0.9656035021888683,0.6923076923076918,2.5331807780320283,False,-1.0237597254004576,False,0.02564102564102476,9
D,LINKUSDT,bear,none,2024-09-09 12:00:00,0.9656035021888683,0.6923076923076918,2.5331807780320283,False,-1.0237597254004576,False,0.02564102564102476,9
D,LINKUSDT,bear,strict,2024-10-05 00:00:00,0.34568835098335843,0.2681543116490165,3.4585365853658505,False,-1.0538585365853659,False,0.001134644478063583,0
D,LINKUSDT,bear,half,2024-10-05 00:00:00,0.34568835098335843,0.2681543116490165,3.4585365853658505,False,-1.0538585365853659,False,0.001134644478063583,0
D,LINKUSDT,bear,none,2024-10-05 00:00:00,0.34568835098335843,0.2681543116490165,3.4585365853658505,False,-1.0538585365853659,False,0.001134644478063583,0
D,LINKUSDT,bear,strict,2024-10-15 12:00:00,0.9604221635883902,0.5890501319261207,1.5861456483126073,False,-1.0197797513321492,False,0.0039577836411611,21
D,LINKUSDT,bear,half,2024-10-15 12:00:00,0.9604221635883902,0.5890501319261207,1.5861456483126073,False,-1.0197797513321492,False,0.0039577836411611,21
D,LINKUSDT,bear,none,2024-10-13 00:00:00,0.5943271767810026,0.4597625329815298,3.4166666666666523,False,-1.053627450980392,True,0.027704485488126526,6
D,LINKUSDT,bear,none,2024-11-17 16:00:00,0.8268072289156629,0.4341114457831322,1.1054650047938614,False,-1.0132914669223394,False,0.041039156626506035,4
D,LINKUSDT,bear,strict,2024-11-28 12:00:00,0.9805825242718456,0.4635922330097086,0.896713615023472,False,-1.0117518443997318,False,0.09431345353675397,3
D,LINKUSDT,bear,half,2024-11-28 12:00:00,0.9805825242718456,0.4635922330097086,0.896713615023472,False,-1.0117518443997318,False,0.09431345353675397,3
D,LINKUSDT,bear,none,2024-11-28 12:00:00,0.9805825242718456,0.4635922330097086,0.896713615023472,False,-1.0117518443997318,False,0.09431345353675397,3
D,LINKUSDT,bear,half,2024-12-26 08:00:00,0.550950710725494,0.27985970094148055,1.0323459312223353,True,1.024500170241743,True,0.04088979139745227,26
D,LINKUSDT,bear,none,2024-12-26 08:00:00,0.550950710725494,0.27985970094148055,1.0323459312223353,True,1.024500170241743,True,0.04088979139745227,26
D,LINKUSDT,bear,strict,2025-01-07 12:00:00,0.8113777212776099,0.37438423645320174,0.856727272727272,True,0.8487116363636357,True,0.031304624185602925,27
D,LINKUSDT,bear,half,2025-01-07 12:00:00,0.8113777212776099,0.37438423645320174,0.856727272727272,True,0.8487116363636357,True,0.10773875734943603,27
D,LINKUSDT,bear,none,2025-01-07 12:00:00,0.8113777212776099,0.37438423645320174,0.856727272727272,True,0.8487116363636357,True,0.10773875734943603,27
D,LINKUSDT,bear,strict,2025-02-23 12:00:00,0.37786116322701707,0.1287054409005627,0.5165662650602397,True,0.49026957831325185,True,0.012382739212007962,3
D,LINKUSDT,bear,half,2025-02-23 12:00:00,0.37786116322701707,0.1287054409005627,0.5165662650602397,True,0.49026957831325185,True,0.012382739212007962,3
D,LINKUSDT,bear,none,2025-02-23 12:00:00,0.37786116322701707,0.1287054409005627,0.5165662650602397,True,0.49026957831325185,True,0.012382739212007962,3
D,LINKUSDT,bear,strict,2025-03-20 04:00:00,0.5712076962721181,0.47809654698505405,5.13468634686347,False,-1.026977859778598,True,0.006012712592338111,43
D,LINKUSDT,bear,half,2025-03-20 04:00:00,0.5712076962721181,0.47809654698505405,5.13468634686347,False,-1.026977859778598,True,0.006012712592338111,43
D,LINKUSDT,bear,none,2025-03-16 16:00:00,0.48840405428620515,0.2690259405600411,1.2263116679718071,False,-1.0104972592012529,False,0.0867548531180208,22
D,LINKUSDT,bear,strict,2025-04-13 04:00:00,0.7396463471382039,0.6556537924616099,7.806094182825469,False,-1.0357839335180055,True,0.004420660772452333,25
D,LINKUSDT,bear,half,2025-04-13 04:00:00,0.7396463471382039,0.6556537924616099,7.806094182825469,False,-1.0357839335180055,True,0.004420660772452333,25
D,LINKUSDT,bear,none,2025-04-13 04:00:00,0.7396463471382039,0.6556537924616099,7.806094182825469,False,-1.0357839335180055,True,0.004420660772452333,25
D,LINKUSDT,bear,strict,2025-04-18 12:00:00,0.6129271916790497,0.45616641901931704,2.9099526066350707,False,-1.0592701421800947,False,0.006686478454680788,3
D,LINKUSDT,bear,half,2025-04-18 12:00:00,0.6129271916790497,0.45616641901931704,2.9099526066350707,False,-1.0592701421800947,False,0.006686478454680788,3
D,LINKUSDT,bear,none,2025-04-18 12:00:00,0.6129271916790497,0.45616641901931704,2.9099526066350707,False,-1.0592701421800947,False,0.006686478454680788,3
D,LINKUSDT,bear,strict,2025-05-02 04:00:00,0.8598591549295775,0.5232394366197173,1.5543933054393224,True,1.5239414225941341,True,0.016197183098592582,1
D,LINKUSDT,bear,half,2025-05-02 04:00:00,0.8598591549295775,0.5232394366197173,1.5543933054393224,True,1.5239414225941341,True,0.016197183098592582,1
D,LINKUSDT,bear,none,2025-05-02 04:00:00,0.8598591549295775,0.5232394366197173,1.5543933054393224,True,1.5239414225941341,True,0.016197183098592582,1
D,LINKUSDT,bear,strict,2025-05-28 12:00:00,0.561060408518035,0.2538026944806604,0.8260254596888267,False,-1.0218345120226309,False,0.09952194697957374,9
D,LINKUSDT,bear,half,2025-05-28 12:00:00,0.561060408518035,0.2538026944806604,0.8260254596888267,False,-1.0218345120226309,False,0.09952194697957374,9
D,LINKUSDT,bear,none,2025-05-28 12:00:00,0.561060408518035,0.2538026944806604,0.8260254596888267,False,-1.0218345120226309,False,0.09952194697957374,9
D,LINKUSDT,bear,none,2025-06-04 20:00:00,0.386566630939621,0.1568417291889961,0.6827371695178862,True,0.6612348367029561,True,0.0682386566630936,17
D,LINKUSDT,bear,strict,2025-06-07 16:00:00,0.7854030501089324,0.637799564270153,4.321033210332123,False,-1.050937269372694,True,0.040849673202613984,4
D,LINKUSDT,bear,half,2025-06-07 16:00:00,0.7854030501089324,0.637799564270153,4.321033210332123,False,-1.050937269372694,True,0.040849673202613984,4
D,LINKUSDT,bear,none,2025-06-07 16:00:00,0.7854030501089324,0.637799564270153,4.321033210332123,False,-1.050937269372694,True,0.040849673202613984,4
D,LINKUSDT,bear,strict,2025-06-16 20:00:00,0.48394891266827783,0.2775284777355886,1.3444816053511692,True,1.3218093645484936,True,0.012081463583016962,11
D,LINKUSDT,bear,half,2025-06-16 20:00:00,0.48394891266827783,0.2775284777355886,1.3444816053511692,True,1.3218093645484936,True,0.012081463583016962,11
D,LINKUSDT,bear,none,2025-06-16 20:00:00,0.48394891266827783,0.2775284777355886,1.3444816053511692,True,1.3218093645484936,True,0.012081463583016962,11
D,LINKUSDT,bear,none,2025-06-20 12:00:00,0.48662752772341805,0.17742987606001306,0.5738396624472577,True,0.5466350210970468,True,0.052185257664709724,3
D,LINKUSDT,bear,strict,2025-07-28 12:00:00,0.7667304015296368,0.395474824729127,1.0652360515021464,True,1.0494506437768245,True,0.006054811982154849,15
D,LINKUSDT,bear,half,2025-07-28 12:00:00,0.7667304015296368,0.395474824729127,1.0652360515021464,True,1.0494506437768245,True,0.006054811982154849,15
D,LINKUSDT,bear,none,2025-07-28 12:00:00,0.7667304015296368,0.395474824729127,1.0652360515021464,True,1.0494506437768245,True,0.006054811982154849,15
D,LINKUSDT,bear,half,2025-08-05 04:00:00,0.6313528990694341,0.38188976377952755,1.5308464849354397,False,-1.0236657101865136,False,0.02684323550465257,7
D,LINKUSDT,bear,none,2025-08-05 04:00:00,0.6313528990694341,0.38188976377952755,1.5308464849354397,False,-1.0236657101865136,False,0.02684323550465257,7
D,LINKUSDT,bear,none,2025-08-29 04:00:00,0.633653461384554,0.13285314125650285,0.2652816620055939,True,0.2558813423891336,True,0.03861544617847095,7
D,LINKUSDT,bear,strict,2025-09-04 12:00:00,0.9485627836611192,0.19768028240040345,0.26326393552719957,True,0.24817595701813305,False,0.03076147251638933,9
D,LINKUSDT,bear,half,2025-09-04 12:00:00,0.9485627836611192,0.19768028240040345,0.26326393552719957,True,0.24817595701813305,False,0.03076147251638933,9
D,LINKUSDT,bear,none,2025-09-04 12:00:00,0.9485627836611192,0.19768028240040345,0.26326393552719957,True,0.24817595701813305,False,0.03076147251638933,9
D,LINKUSDT,bear,strict,2025-09-09 12:00:00,0.936666666666667,0.5080952380952387,1.1855555555555577,False,-1.025468888888889,False,0.10142857142857199,9
D,LINKUSDT,bear,half,2025-09-09 12:00:00,0.936666666666667,0.5080952380952387,1.1855555555555577,False,-1.025468888888889,False,0.10142857142857199,9
D,LINKUSDT,bear,none,2025-09-09 12:00:00,0.936666666666667,0.5080952380952387,1.1855555555555577,False,-1.025468888888889,False,0.10142857142857199,9
D,LINKUSDT,bear,none,2025-09-19 16:00:00,0.7427001030573679,0.22019924424596288,0.42143326758711236,True,0.4060696909927665,True,0.11714187564410765,4
D,LINKUSDT,bear,strict,2025-10-03 08:00:00,0.6500295916354308,0.4803708818307357,2.83139534883721,False,-1.0258779069767443,False,0.0001972775695405844,38
D,LINKUSDT,bear,half,2025-10-03 08:00:00,0.6500295916354308,0.4803708818307357,2.83139534883721,False,-1.0258779069767443,False,0.0001972775695405844,38
D,LINKUSDT,bear,none,2025-10-03 08:00:00,0.6500295916354308,0.4803708818307357,2.83139534883721,False,-1.0258779069767443,False,0.0001972775695405844,38
D,LINKUSDT,bear,strict,2025-10-14 04:00:00,0.7722689615310514,0.6668807398368761,6.3278488726386275,False,,True,0.00025688780425157893,13
D,LINKUSDT,bear,half,2025-10-14 04:00:00,0.7722689615310514,0.6668807398368761,6.3278488726386275,False,,True,0.00025688780425157893,13
D,LINKUSDT,bear,none,2025-10-14 04:00:00,0.7722689615310514,0.6668807398368761,6.3278488726386275,False,,True,0.00025688780425157893,13
D,LINKUSDT,bear,strict,2025-10-19 20:00:00,0.436750998668442,0.35308477585441655,4.220159151193649,False,-1.045819628647215,False,0.002441189525077504,5
D,LINKUSDT,bear,half,2025-10-19 20:00:00,0.436750998668442,0.35308477585441655,4.220159151193649,False,-1.045819628647215,False,0.002441189525077504,5
D,LINKUSDT,bear,none,2025-10-19 20:00:00,0.436750998668442,0.35308477585441655,4.220159151193649,False,-1.045819628647215,False,0.002441189525077504,5
D,LINKUSDT,bear,strict,2025-10-27 08:00:00,0.9501807955002014,0.7203696263559671,3.134615384615394,True,3.1023006993007085,True,0.0028123744475698864,20
D,LINKUSDT,bear,half,2025-10-27 08:00:00,0.9501807955002014,0.7203696263559671,3.134615384615394,True,3.1023006993007085,True,0.0028123744475698864,20
D,LINKUSDT,bear,none,2025-10-27 08:00:00,0.9501807955002014,0.7203696263559671,3.134615384615394,True,3.1023006993007085,True,0.0028123744475698864,20
D,LINKUSDT,bear,strict,2025-11-02 12:00:00,0.4826958105646626,0.297267759562841,1.6031434184675804,False,-1.033648330058939,False,0.012386156648451333,9
D,LINKUSDT,bear,half,2025-11-02 12:00:00,0.4826958105646626,0.297267759562841,1.6031434184675804,False,-1.033648330058939,False,0.012386156648451333,9
D,LINKUSDT,bear,none,2025-11-02 12:00:00,0.4826958105646626,0.297267759562841,1.6031434184675804,False,-1.033648330058939,False,0.012386156648451333,9
D,LINKUSDT,bear,strict,2025-11-10 12:00:00,0.7490561288698716,0.6033224263780517,4.139896373056987,False,-1.0277772020725389,False,0.005789076264787237,27
D,LINKUSDT,bear,half,2025-11-10 12:00:00,0.7490561288698716,0.6033224263780517,4.139896373056987,False,-1.0277772020725389,False,0.005789076264787237,27
D,LINKUSDT,bear,none,2025-11-10 12:00:00,0.7490561288698716,0.6033224263780517,4.139896373056987,False,-1.0277772020725389,False,0.005789076264787237,27
D,LINKUSDT,bear,none,2025-11-29 20:00:00,0.8198498748957462,0.5729774812343623,2.320945945945952,False,-1.021918918918919,True,0.14720600500417005,41
D,LINKUSDT,bear,strict,2025-12-22 16:00:00,0.8473756906077348,0.4924033149171276,1.3871595330739337,False,-1.0242042801556421,False,0.005524861878453655,16
D,LINKUSDT,bear,half,2025-12-22 16:00:00,0.8473756906077348,0.4924033149171276,1.3871595330739337,False,-1.0242042801556421,False,0.005524861878453655,16
D,LINKUSDT,bear,none,2025-12-22 16:00:00,0.8473756906077348,0.4924033149171276,1.3871595330739337,False,-1.0242042801556421,False,0.005524861878453655,16
D,LINKUSDT,bear,strict,2026-02-09 04:00:00,0.38082083662194166,0.31767955801104975,5.0312499999999964,False,-1.027271875,True,0.007498026835043459,7
D,LINKUSDT,bear,half,2026-02-09 04:00:00,0.38082083662194166,0.31767955801104975,5.0312499999999964,False,-1.027271875,True,0.007498026835043459,7
D,LINKUSDT,bear,none,2026-02-09 04:00:00,0.38082083662194166,0.31767955801104975,5.0312499999999964,False,-1.027271875,True,0.007498026835043459,7
D,LINKUSDT,bear,half,2026-03-13 20:00:00,0.9726247987117547,0.5595813204508855,1.3547758284600397,False,-1.017701754385965,False,0.06602254428341296,23
D,LINKUSDT,bear,none,2026-03-13 20:00:00,0.9726247987117547,0.5595813204508855,1.3547758284600397,False,-1.017701754385965,False,0.06602254428341296,23
D,LINKUSDT,bear,strict,2026-03-26 04:00:00,0.6127320954907162,0.3514588859416443,1.3451776649746172,True,1.3220837563451755,True,0.00795755968169792,13
D,LINKUSDT,bear,half,2026-03-26 04:00:00,0.6127320954907162,0.3514588859416443,1.3451776649746172,True,1.3220837563451755,True,0.00795755968169792,13
D,LINKUSDT,bear,none,2026-03-26 04:00:00,0.6127320954907162,0.3514588859416443,1.3451776649746172,True,1.3220837563451755,True,0.00795755968169792,13
D,LINKUSDT,bear,half,2026-04-02 08:00:00,0.770817417876241,0.22536287242169573,0.4131652661064422,False,-1.011875350140056,False,0.11077158135981624,14
D,LINKUSDT,bear,none,2026-04-02 08:00:00,0.770817417876241,0.22536287242169573,0.4131652661064422,False,-1.011875350140056,False,0.11077158135981624,14
D,LINKUSDT,bear,strict,2026-04-06 20:00:00,0.9485199485199496,0.4864864864864871,1.0529247910863513,False,-1.0244958217270195,False,0.03474903474903381,17
D,LINKUSDT,bear,half,2026-04-06 20:00:00,0.9485199485199496,0.4864864864864871,1.0529247910863513,False,-1.0244958217270195,False,0.03474903474903381,17
D,LINKUSDT,bear,none,2026-04-06 20:00:00,0.9485199485199496,0.4864864864864871,1.0529247910863513,False,-1.0244958217270195,False,0.03474903474903381,17
D,LINKUSDT,bear,strict,2026-04-22 16:00:00,0.6456422018348611,0.47935779816513685,2.8827586206896587,False,-1.0649034482758624,True,0.06536697247706263,10
D,LINKUSDT,bear,half,2026-04-22 16:00:00,0.6456422018348611,0.47935779816513685,2.8827586206896587,False,-1.0649034482758624,True,0.06536697247706263,10
D,LINKUSDT,bear,none,2026-04-22 16:00:00,0.6456422018348611,0.47935779816513685,2.8827586206896587,False,-1.0649034482758624,True,0.06536697247706263,10
D,LINKUSDT,bear,strict,2026-05-22 16:00:00,0.48736702127659626,0.1083776595744683,0.2859649122807021,True,0.26936666666666703,True,0.007313829787234716,16
D,LINKUSDT,bear,half,2026-05-22 16:00:00,0.48736702127659626,0.1083776595744683,0.2859649122807021,True,0.26936666666666703,True,0.007313829787234716,16
D,LINKUSDT,bear,none,2026-05-22 16:00:00,0.48736702127659626,0.1083776595744683,0.2859649122807021,True,0.26936666666666703,True,0.007313829787234716,16
D,LINKUSDT,bear,half,2026-05-27 08:00:00,0.7482447342026066,0.321965897693079,0.7552941176470601,True,0.7332823529411777,True,0.02006018054162445,14
D,LINKUSDT,bear,none,2026-05-27 08:00:00,0.7482447342026066,0.321965897693079,0.7552941176470601,True,0.7332823529411777,True,0.02006018054162445,14
D,LINKUSDT,bear,strict,2026-06-09 12:00:00,0.48902281532501035,0.3142488161859662,1.7980295566502464,False,-1.0190073891625615,False,0.017219113215669404,9
D,LINKUSDT,bear,half,2026-06-09 12:00:00,0.48902281532501035,0.3142488161859662,1.7980295566502464,False,-1.0190073891625615,False,0.017219113215669404,9
D,LINKUSDT,bear,none,2026-06-09 12:00:00,0.48902281532501035,0.3142488161859662,1.7980295566502464,False,-1.0190073891625615,False,0.017219113215669404,9
D,LINKUSDT,bear,strict,2026-06-14 00:00:00,0.8979907264296769,0.7465224111282845,4.928571428571387,False,-1.081214285714285,True,0.006182380216384006,12
D,LINKUSDT,bear,half,2026-06-14 00:00:00,0.8979907264296769,0.7465224111282845,4.928571428571387,False,-1.081214285714285,True,0.006182380216384006,12
D,LINKUSDT,bear,none,2026-06-14 00:00:00,0.8979907264296769,0.7465224111282845,4.928571428571387,False,-1.081214285714285,True,0.006182380216384006,12
D,LINKUSDT,bear,strict,2026-07-11 20:00:00,0.9160305343511455,0.596946564885496,1.870813397129182,False,-1.0378373205741627,False,0.032061068702288566,11
D,LINKUSDT,bear,half,2026-07-11 20:00:00,0.9160305343511455,0.596946564885496,1.870813397129182,False,-1.0378373205741627,False,0.032061068702288566,11
D,LINKUSDT,bear,none,2026-07-11 20:00:00,0.9160305343511455,0.596946564885496,1.870813397129182,False,-1.0378373205741627,False,0.032061068702288566,11
D,LINKUSDT,bear,none,2026-07-31 04:00:00,0.4986876640419955,0.17847769028871513,0.5573770491803325,True,0.5233852459016439,True,0.10104986876640408,1
D,LINKUSDT,bear,strict,2026-08-03 00:00:00,0.8704268292682915,0.559451219512196,1.7990196078431517,False,-1.0404362745098041,False,0.009146341463414972,0
D,LINKUSDT,bear,half,2026-08-03 00:00:00,0.8704268292682915,0.559451219512196,1.7990196078431517,False,-1.0404362745098041,False,0.009146341463414972,0
D,LINKUSDT,bear,none,2026-08-03 00:00:00,0.8704268292682915,0.559451219512196,1.7990196078431517,False,-1.0404362745098041,False,0.009146341463414972,0
D,LINKUSDT,bear,strict,2026-10-05 12:00:00,0.45313681027966723,0.2505668934240363,1.236940298507464,False,,False,0.0041572184429331084,9
D,LINKUSDT,bear,half,2026-10-05 12:00:00,0.45313681027966723,0.2505668934240363,1.236940298507464,False,,False,0.0041572184429331084,9
D,LINKUSDT,bear,none,2026-10-05 12:00:00,0.45313681027966723,0.2505668934240363,1.236940298507464,False,,False,0.0041572184429331084,9
