sym,side,t,R_pct,legs_weeks,cont,broke,resolved,depth_before_cont,react05,depth_react05,react05_weeks,confirmed_ok,depth_at_confirm,reach_0.236,reach_0.382,cont_after_0.382,reach_0.5,cont_after_0.5,reach_0.618,reach_0.705,reach_0.79,reach_1.0,cont_after_0.618,cont_after_0.705,cont_after_0.79,cont_after_0.236
ETHUSDT,bull,2020-06-01,0.45002849002849,3,True,False,True,0.5177260065839452,True,0.5177260065839452,6.418154761904762,True,0.36908077994428945,,True,True,True,True,False,False,False,False,,,,
ETHUSDT,bull,2020-07-27,0.9593145746523714,5,True,False,True,0.2792581747193754,True,0.2792581747193754,4.180059523809524,True,0.2792581747193754,,False,,False,,False,False,False,False,,,,
ETHUSDT,bull,2020-08-17,1.1021583407462896,8,True,False,True,0.3349900174164225,True,0.3349900174164225,1.2738095238095237,True,0.3349900174164225,,False,,False,,False,False,False,False,,,,
ETHUSDT,bull,2020-08-31,1.2909312233718808,10,True,False,True,0.6417872556486417,True,0.6417872556486417,8.697916666666666,True,0.6031262466906031,,,,,,True,False,False,False,True,,,
ETHUSDT,bull,2020-10-19,0.2699416049605681,2,True,False,True,0.5787243532560215,True,0.5787243532560215,1.5163690476190477,True,0.5449375557537917,,,,,,False,False,False,False,,,,
ETHUSDT,bull,2020-11-30,0.726108108108108,4,True,False,True,0.40072954663887433,True,0.40072954663887433,1.4895833333333333,True,0.40072954663887433,,,,False,,False,False,False,False,,,,
ETHUSDT,bull,2021-01-04,1.4773870265723015,2,True,False,True,0.543987126322956,True,0.543987126322956,1.1517857142857142,True,0.543987126322956,,,,,,False,False,False,False,,,,
ETHUSDT,bull,2021-02-15,2.7453594484373003,8,True,False,True,0.5030675663973248,True,0.5030675663973248,5.657738095238095,True,0.5030675663973248,,,,,,False,False,False,False,,,,
ETHUSDT,bull,2021-03-08,0.5073870668316832,2,True,False,True,0.622806616357954,True,0.622806616357954,2.394345238095238,True,0.3609268999161521,,True,True,True,True,True,False,False,False,True,,,
ETHUSDT,bull,2021-05-10,1.3048315789473686,4,False,True,True,,False,,,False,1.201385135407675,,,,,,,,,,,,,
ETHUSDT,bull,2021-07-05,0.41878208449112225,2,True,False,True,0.9770017993702206,True,0.9770017993702206,1.5803571428571428,True,0.799876293297346,,,,,,,,,False,,,,
ETHUSDT,bull,2021-08-30,1.3536093294460643,6,True,False,True,0.5981804397270659,True,0.5981804397270659,5.513392857142857,True,0.47963333103590877,,,,True,True,False,False,False,False,,,,
ETHUSDT,bull,2021-11-08,0.8421104313014577,7,False,True,True,,False,,,True,0.41241579735753947,,,,True,False,True,True,True,True,False,False,False,
ETHUSDT,bull,2021-12-20,0.14132038610866113,1,False,True,True,,False,,,False,1.1154728573650643,,,,,,,,,,,,,
ETHUSDT,bull,2022-02-07,0.5262482566248257,2,True,False,True,0.8695006890702853,True,0.8695006890702853,1.7172619047619047,True,0.6269037775186403,,,,,,,True,True,False,,True,True,
ETHUSDT,bull,2022-02-28,0.3252853762093688,1,True,False,True,0.8222644234627009,True,0.8222644234627009,1.5,True,0.8222644234627009,,,,,,,,,False,,,,
ETHUSDT,bull,2022-03-28,0.47226951579605375,3,False,True,True,,False,,,True,0.38286107386056883,,,,True,False,True,True,True,True,False,False,False,
ETHUSDT,bull,2022-07-25,0.7756218905472637,2,True,False,True,0.2908274534958307,True,0.2908274534958307,1.7083333333333333,True,0.2908274534958307,,False,,False,,False,False,False,False,,,,
ETHUSDT,bull,2022-08-08,1.0199004975124377,4,False,False,False,,True,0.9354731707317072,21.717261904761905,True,0.49693658536585356,,,,True,,True,True,True,False,,,,
ETHUSDT,bull,2022-09-05,0.25932183107018925,1,False,True,True,,False,,,False,1.273053014468362,,,,,,,,,,,,,
ETHUSDT,bull,2022-10-31,0.428061224489796,3,False,True,True,,False,,,False,1.2083035359555023,,,,,,,,,,,,,
ETHUSDT,bull,2022-11-28,0.2253527698969688,1,True,False,True,0.3974406758603554,True,0.3974406758603554,1.2232142857142858,True,0.3974406758603554,,,,False,,False,False,False,False,,,,
ETHUSDT,bull,2022-12-12,0.26399880543526966,3,True,False,True,0.7296380090497738,True,0.7296380090497738,2.994047619047619,True,0.7296380090497738,,,,,,,,False,False,,,,
ETHUSDT,bull,2023-01-16,0.4655400696864112,4,True,False,True,0.3183519197664847,True,0.4162113614250431,3.5223214285714284,True,0.3183519197664847,,False,,False,,False,False,False,False,,,,
ETHUSDT,bull,2023-01-30,0.49564459930313587,6,True,False,True,0.45166959578207383,True,0.45166959578207383,1.5238095238095237,True,0.4054833040421793,,,,False,,False,False,False,False,,,,
ETHUSDT,bull,2023-02-13,0.5195993031358885,8,True,False,True,0.6320033528918693,True,0.6320033528918693,3.0892857142857144,True,0.3158759430008383,,True,True,True,True,True,False,False,False,True,,,
ETHUSDT,bull,2023-03-20,0.36013630613304476,2,True,False,True,0.3573676622875591,True,0.3573676622875591,1.3616071428571428,True,0.3573676622875591,,False,,False,,False,False,False,False,,,,
ETHUSDT,bull,2023-04-10,0.27440617577197146,2,False,True,True,,True,0.7878597706124215,2.7172619047619047,True,0.7013417009305345,,,,,,,True,True,True,,False,False,
ETHUSDT,bull,2023-05-01,0.13559255455856528,1,False,True,True,,False,,,False,1.1931051607830157,,,,,,,,,,,,,
ETHUSDT,bull,2023-05-22,0.11215475662250708,2,False,True,True,,True,0.7963828803370493,1.2455357142857142,True,0.4730000513795401,,,,True,False,True,True,True,True,False,False,False,
ETHUSDT,bull,2023-07-10,0.24963395878191325,4,False,True,True,,False,,,True,0.48274927300507636,,,,True,False,True,True,True,True,False,False,False,
ETHUSDT,bull,2023-09-25,0.16445659782416713,2,False,True,True,,False,,,True,0.7109272445204661,,,,,,,,True,True,,,False,
ETHUSDT,bull,2023-11-06,0.41274347969626934,4,True,False,True,0.3772036474164134,True,0.3772036474164134,2.9895833333333335,True,0.3772036474164134,,False,,False,,False,False,False,False,,,,
ETHUSDT,bull,2023-12-04,0.5897193793331134,8,True,False,True,0.3280597449419457,True,0.38120990225387147,4.410714285714286,True,0.3280597449419457,,False,,False,,False,False,False,False,,,,
ETHUSDT,bull,2023-12-25,0.16120550640064685,2,False,True,True,,False,,,False,1.1392531315086987,,,,,,,,,,,,,
ETHUSDT,bull,2024-01-08,0.3157617213955379,1,True,False,True,0.8462764083158425,True,0.8462764083158425,3.6413690476190474,True,0.4662571047753277,,,,True,True,True,True,True,False,True,True,True,
ETHUSDT,bull,2024-03-11,0.8909527104959633,7,False,True,True,,True,0.6768178381681287,9.208333333333334,True,0.5404268981016396,,,,,,True,True,True,True,False,False,False,
ETHUSDT,bull,2024-03-25,0.20603927986906703,1,True,False,True,0.7646834538088809,True,0.7646834538088809,1.0476190476190477,True,0.7646834538088809,,,,,,,,False,False,,,,
ETHUSDT,bull,2024-05-27,0.39251401260959934,2,False,True,True,,False,,,True,0.3788173212343786,,True,False,True,False,True,True,True,True,False,False,False,
ETHUSDT,bull,2024-07-22,0.27226071428571424,3,False,True,True,,False,,,False,1.2449070612464417,,,,,,,,,,,,,
ETHUSDT,bull,2024-08-19,0.33491950757575756,2,True,False,True,0.9462783629037959,True,0.9462783629037959,3.59375,True,0.6098112674065173,,,,,,True,True,True,False,True,True,True,
ETHUSDT,bull,2024-09-23,0.21172247741064207,1,True,False,True,0.8803399076793953,True,0.8803399076793953,2.0282738095238093,True,0.8803399076793953,,,,,,,,,False,,,,
ETHUSDT,bull,2024-10-21,0.20012651153117939,3,True,False,True,0.8962784958108725,True,0.648589552077245,0.36755952380952384,True,0.7786148816869092,,,,,,,,True,False,,,True,
ETHUSDT,bull,2024-12-02,0.7371943972835314,4,True,False,True,0.3557227823103009,False,,,True,0.3557227823103009,,False,,False,,False,False,False,False,,,,
ETHUSDT,bull,2024-12-16,0.7444779286926994,6,False,True,True,,False,,,True,0.5103677900102053,,,,,,True,True,True,True,False,False,False,
ETHUSDT,bull,2025-05-12,0.7841172638436481,3,True,False,True,0.32537678004685877,True,0.5214436450042371,7.392857142857143,True,0.32537678004685877,,False,,False,,False,False,False,False,,,,
ETHUSDT,bull,2025-05-26,0.8168599348534202,5,True,False,True,0.32639487032251907,True,0.5406258972150445,5.400297619047619,True,0.32639487032251907,,False,,False,,False,False,False,False,,,,
ETHUSDT,bull,2025-06-09,0.20985703599734418,1,False,True,True,,False,,,False,1.53790700468581,,,,,,,,,,,,,
ETHUSDT,bull,2025-08-18,0.47835253212305906,3,False,True,True,,True,0.7079530720127669,6.080357142857143,True,0.4380485737083582,,,,True,False,True,True,True,True,False,False,False,
ETHUSDT,bull,2025-09-08,0.13375611403189647,1,False,True,True,,False,,,True,0.6469573874242235,,,,,,,True,True,True,,False,False,
ETHUSDT,bull,2025-12-08,0.26785550041021744,1,False,True,True,,True,0.9245930911338511,2.669642857142857,True,0.9245930911338511,,,,,,,,,True,,,,
ETHUSDT,bull,2026-01-12,0.22748172537027095,4,False,True,True,,False,,,True,0.9822764743183254,,,,,,,,,True,,,,
ETHUSDT,bull,2026-03-16,0.3283853006681516,3,True,False,True,0.7617077554342299,True,0.7617077554342299,2.2797619047619047,True,0.7617077554342299,,,,,,,,False,False,,,,
ETHUSDT,bull,2026-04-13,0.27230008158881314,3,False,True,True,,False,,,True,0.38982022301448815,,,,True,False,True,True,True,True,False,False,False,
ETHUSDT,bull,2026-05-04,0.09180063366729314,1,False,True,True,,False,,,False,1.6570278364180857,,,,,,,,,,,,,
ETHUSDT,bull,2026-07-27,0.31182696062533516,5,True,False,True,0.3286141829219109,True,0.3286141829219109,2.3764880952380953,True,0.3286141829219109,,False,,False,,False,False,False,False,,,,
ETHUSDT,bull,2026-08-24,0.4096374292132858,4,True,False,True,0.28329690663591645,True,0.28329690663591645,3.056547619047619,True,0.28329690663591645,,False,,False,,False,False,False,False,,,,
ETHUSDT,bull,2026-09-21,0.19081883750530346,1,False,False,False,,False,,,,,,,,,,,,,,,,,
ETHUSDT,bear,2020-05-11,0.22857142857142856,2,False,True,True,,False,,,True,0.8019230769230767,,,,,,,,,True,,,,
ETHUSDT,bear,2020-06-22,0.16068060358377864,3,False,True,True,,False,,,True,0.46930789924186855,,,,True,False,True,True,True,True,False,False,False,
ETHUSDT,bear,2020-09-21,0.20734894815641886,1,False,True,True,,False,,,True,0.7108065108309877,,,,,,,,True,True,,,False,
ETHUSDT,bear,2020-12-07,0.16857169699057398,1,False,True,True,,False,,,False,1.36726732305406,,,,,,,,,,,,,
ETHUSDT,bear,2021-02-22,0.36875,1,False,True,True,,True,0.8685778601694916,3.418154761904762,True,0.588042902542373,,,,,,True,True,True,True,False,False,False,
ETHUSDT,bear,2021-03-22,0.20963694676074404,2,False,True,True,,False,,,False,1.4926198810368885,,,,,,,,,,,,,
ETHUSDT,bear,2021-05-17,0.6801387474367347,1,False,True,True,,False,,,True,0.5077372458829257,,,,,,True,True,True,True,False,False,False,
ETHUSDT,bear,2021-07-19,0.2883817427385892,2,False,True,True,,False,,,False,1.4158273381294963,,,,,,,,,,,,,
ETHUSDT,bear,2021-09-06,0.275847033524591,1,True,False,True,0.6780787469464004,True,0.6780787469464004,1.0446428571428572,True,0.6780787469464004,,,,,,,False,False,False,,,,
ETHUSDT,bear,2021-09-20,0.34402592383387337,3,False,True,True,,False,,,True,0.6059309828321233,,,,,,True,True,True,True,False,False,False,
ETHUSDT,bear,2021-11-29,0.30535679871410587,3,True,False,True,0.7404507885778744,True,0.7404507885778744,1.1145833333333333,True,0.7404507885778744,,,,,,,,False,False,,,,
ETHUSDT,bear,2022-01-24,0.4821496926843713,5,True,False,True,0.7135331625647248,True,0.7135331625647248,13.869047619047619,True,0.4613748370957353,,,,True,True,True,True,False,False,True,True,,
ETHUSDT,bear,2022-02-21,0.29980261715037654,2,False,True,True,,True,0.7597130781110298,0.9955357142857143,True,0.7597130781110298,,,,,,,,True,True,,,False,
ETHUSDT,bear,2022-03-07,0.20182113009854064,1,False,True,True,,False,,,True,0.9114241103376488,,,,,,,,,True,,,,
ETHUSDT,bear,2022-05-09,0.5040698324022346,6,True,False,True,0.20428135234432584,True,0.20428135234432584,4.050595238095238,True,0.20428135234432584,False,False,,False,,False,False,False,False,,,,
ETHUSDT,bear,2022-05-23,0.5265446927374302,8,True,False,True,0.17071346344620508,True,0.17071346344620508,2.1577380952380953,True,0.17071346344620508,False,False,,False,,False,False,False,False,,,,
ETHUSDT,bear,2022-06-13,0.7547374301675978,11,False,False,False,,False,,,True,0.14876608091903656,True,True,,False,,False,False,False,False,,,,
ETHUSDT,bear,2022-08-29,0.3002019704433498,3,True,False,True,0.604502715741455,True,0.604502715741455,1.5163690476190477,True,0.604502715741455,,,,,,False,False,False,False,,,,
ETHUSDT,bear,2022-09-19,0.31916511084528615,2,True,False,True,0.3187502189218536,True,0.8080843462117764,6.25,True,0.3187502189218536,,False,,False,,False,False,False,False,,,,
ETHUSDT,bear,2022-10-10,0.3426421759885521,5,True,False,True,0.8212339717445921,True,0.8212339717445921,3.2514880952380953,True,0.31811804626578355,,True,True,True,True,True,True,True,False,True,True,True,
ETHUSDT,bear,2022-11-07,0.36218887697987373,1,False,True,True,,False,,,True,0.3631013053628381,,True,False,True,False,True,True,True,True,False,False,False,
ETHUSDT,bear,2022-12-19,0.1523922031896043,1,False,True,True,,False,,,True,0.41652131782945734,,,,True,False,True,True,True,True,False,False,False,
ETHUSDT,bear,2023-03-06,0.21610203496703928,3,False,True,True,,False,,,False,1.2696357993580734,,,,,,,,,,,,,
ETHUSDT,bear,2023-03-27,0.09462365591397849,1,False,True,True,,False,,,False,1.4829545454545454,,,,,,,,,,,,,
ETHUSDT,bear,2023-04-24,0.16964260752061877,2,True,False,True,0.6636910484247539,True,0.6636910484247539,1.0089285714285714,True,0.6636910484247539,,,,,,,False,False,False,,,,
ETHUSDT,bear,2023-05-08,0.14245970172855132,1,True,False,True,0.6751188039821013,True,0.6751188039821013,3.0952380952380953,True,0.39068299281973023,,,,True,True,True,False,False,False,True,,,
ETHUSDT,bear,2023-06-12,0.1577720207253886,3,False,True,True,,False,,,False,1.027848932676519,,,,,,,,,,,,,
ETHUSDT,bear,2023-08-14,0.2651628529794021,5,False,True,True,,False,,,True,0.39209461215699354,,,,True,False,True,True,True,True,False,False,False,
ETHUSDT,bear,2023-09-11,0.1250837077526258,2,False,True,True,,False,,,True,0.6407522650315736,,,,,,,True,True,True,,False,False,
ETHUSDT,bear,2023-10-09,0.1491573033707865,2,False,True,True,,False,,,True,0.576271186440678,,,,,,True,True,True,True,False,False,False,
ETHUSDT,bear,2023-12-11,0.12169644006761836,1,False,True,True,,True,0.7894880546075076,1.2470238095238095,True,0.7894880546075076,,,,,,,,True,True,,,False,
ETHUSDT,bear,2024-01-01,0.15815794617840626,1,False,True,True,,False,,,False,1.6807343701720048,,,,,,,,,,,,,
ETHUSDT,bear,2024-03-18,0.2546308043643746,1,True,False,True,0.6518627112797514,True,0.6518627112797514,2.681547619047619,True,0.6031294316047676,,,,,,True,False,False,False,True,,,
ETHUSDT,bear,2024-04-29,0.1637851376686504,1,False,True,True,,True,0.7392471655328794,0.40625,True,0.7392471655328794,,,,,,,,True,True,,,False,
ETHUSDT,bear,2024-07-01,0.2964824120603015,5,True,False,True,0.6460423728813559,True,0.6460423728813559,3.6964285714285716,True,0.3971694915254236,,,,True,True,True,False,False,False,True,,,
ETHUSDT,bear,2024-08-05,0.40712960337756465,2,False,True,True,,False,,,True,0.46670757689629266,,,,True,False,True,True,True,True,False,False,False,
ETHUSDT,bear,2024-09-02,0.23741287885505521,2,False,True,True,,True,0.8630163591544034,3.3973214285714284,True,0.46876820796294916,,,,True,False,True,True,True,True,False,False,False,
ETHUSDT,bear,2024-09-30,0.15382049082363627,1,False,True,True,,False,,,True,0.5056605572371714,,,,,,True,True,True,True,False,False,False,
ETHUSDT,bear,2025-01-13,0.2254852735372355,1,True,False,True,0.6582650305585825,True,0.6582650305585825,1.0431547619047619,True,0.6582650305585825,,,,,,,False,False,False,,,,
ETHUSDT,bear,2025-02-03,0.44443524522738687,4,True,False,True,0.46915130792204746,True,0.46915130792204746,3.1532738095238093,True,0.4295440751401665,,,,False,,False,False,False,False,,,,
ETHUSDT,bear,2025-03-10,0.38743052885455626,3,True,False,True,0.3173403103572715,True,0.3173403103572715,2.994047619047619,True,0.28616925297726453,,False,,False,,False,False,False,False,,,,
ETHUSDT,bear,2025-04-07,0.3422803482492491,2,False,True,True,,False,,,True,0.427038209485727,,,,True,False,True,True,True,True,False,False,False,
ETHUSDT,bear,2025-06-02,0.14674708126559774,1,False,True,True,,False,,,False,1.2202023163758975,,,,,,,,,,,,,
ETHUSDT,bear,2025-06-16,0.26675929142063215,1,False,True,True,,False,,,True,0.5382942708333331,,,,,,True,True,True,True,False,False,False,
ETHUSDT,bear,2025-09-22,0.19840604026845637,2,True,False,True,0.985200845665962,True,0.985200845665962,1.5282738095238095,True,0.8419027484143758,,,,,,,,,False,,,,
ETHUSDT,bear,2025-10-06,0.28691275167785235,4,True,False,True,0.652799707602339,True,0.652799707602339,3.0922619047619047,True,0.652799707602339,,,,,,,False,False,False,,,,
ETHUSDT,bear,2025-11-17,0.38396426052198446,3,True,False,True,0.5058909981628903,True,0.5058909981628903,9.764880952380953,True,0.29332516840171463,,True,True,True,True,False,False,False,False,,,,
ETHUSDT,bear,2025-12-15,0.1953356238320198,1,True,False,True,0.9370868305726808,True,0.9370868305726808,4.227678571428571,True,0.4531233751764093,,,,True,True,True,True,True,False,True,True,True,
ETHUSDT,bear,2026-02-02,0.48997141404971545,3,True,False,True,0.43642032678758813,True,0.43642032678758813,16.608630952380953,True,0.2470274321690901,,True,True,False,,False,False,False,False,,,,
ETHUSDT,bear,2026-03-23,0.18829900493758864,1,False,True,True,,False,,,True,0.5134449292137827,,,,,,True,True,True,True,False,False,False,
ETHUSDT,bear,2026-06-01,0.3793240097088982,4,False,True,True,,False,,,True,0.24855264876158978,,True,False,True,False,True,True,True,True,False,False,False,
ETHUSDT,bear,2026-06-22,0.1827745864840598,1,False,True,True,,False,,,True,0.879316977893522,,,,,,,,,True,,,,
ETHUSDT,bear,2026-08-31,0.08232543640897763,1,False,True,True,,True,0.8561151079136687,0.5029761904761905,False,1.4714123438091624,,,,,,,,,,,,,
BTCUSDT,bull,2020-05-04,0.559085151105976,3,True,False,True,0.533625476184548,True,0.533625476184548,1.0089285714285714,True,0.533625476184548,,,,,,False,False,False,False,,,,
BTCUSDT,bull,2020-06-01,0.2173011046712543,1,True,False,True,0.8969939216701264,True,0.8969939216701264,6.909226190476191,True,0.7696264949009268,,,,,,,,True,False,,,True,
BTCUSDT,bull,2020-07-27,0.34389906258500086,2,True,False,True,0.3958710449066468,True,0.3958710449066468,2.09375,True,0.3958710449066468,,,,False,,False,False,False,False,,,,
BTCUSDT,bull,2020-08-17,0.3820646128602103,5,True,False,True,0.7787347340394746,True,0.7787347340394746,7.081845238095238,True,0.39631301730624535,,,,True,True,True,True,False,False,True,True,,
BTCUSDT,bull,2020-11-30,0.9695604414041953,10,True,False,True,0.2444066902895929,True,0.2444066902895929,1.474702380952381,True,0.2444066902895929,,False,,False,,False,False,False,False,,,,
BTCUSDT,bull,2021-01-04,1.3996303047564798,4,True,False,True,0.539081606364703,True,0.539081606364703,4.075892857142857,True,0.47526526718411627,,,,True,True,False,False,False,False,,,,
BTCUSDT,bull,2021-02-15,1.0246585872576177,4,True,False,True,0.5227769941612873,True,0.5227769941612873,2.5401785714285716,True,0.5227769941612873,,,,,,False,False,False,False,,,,
BTCUSDT,bull,2021-03-08,0.44062899326892546,2,True,False,True,0.6068160407854147,True,0.6068160407854147,2.5863095238095237,True,0.4546665998168668,,,,True,True,False,False,False,False,,,,
BTCUSDT,bull,2021-06-14,0.33724046627272436,1,False,True,True,,False,,,False,1.209593067790119,,,,,,,,,,,,,
BTCUSDT,bull,2021-06-28,0.27251519370563115,1,True,False,True,0.9410645684872729,True,0.9410645684872729,2.705357142857143,True,0.5810284088083753,,,,,,True,True,True,False,True,True,True,
BTCUSDT,bull,2021-07-26,0.6472267514390141,1,True,False,True,0.5747328065195844,True,0.5747328065195844,1.1428571428571428,True,0.5747328065195844,,,,,,False,False,False,False,,,,
BTCUSDT,bull,2021-09-06,0.810736797181064,7,True,False,True,0.5671737861358475,True,0.5671737861358475,3.2604166666666665,True,0.4060303461820096,,,,True,True,False,False,False,False,,,,
BTCUSDT,bull,2021-10-18,0.6998459380137192,4,True,False,True,0.34724206606135627,False,,,True,0.34724206606135627,,False,,False,,False,False,False,False,,,,
BTCUSDT,bull,2021-11-08,0.2024100781928757,2,False,True,True,,False,,,False,1.1670572681930174,,,,,,,,,,,,,
BTCUSDT,bull,2021-12-27,0.14900653713179457,2,False,True,True,,False,,,False,1.7272045544299646,,,,,,,,,,,,,
BTCUSDT,bull,2022-02-07,0.3954993983958643,2,True,False,True,0.8884172062242619,True,0.8884172062242619,2.09375,True,0.6112591746596613,,,,,,True,True,True,False,True,True,True,
BTCUSDT,bull,2022-02-28,0.3220148263889902,1,True,False,True,0.7437784597557551,True,0.7437784597557551,2.168154761904762,True,0.7437784597557551,,,,,,,,False,False,,,,
BTCUSDT,bull,2022-03-28,0.29800183120590296,3,False,True,True,,False,,,True,0.5749141514549069,,,,,,True,True,True,True,False,False,False,
BTCUSDT,bull,2022-05-30,0.16010961609324528,1,False,True,True,,True,0.7233990257854044,0.2604166666666667,False,1.3158153461143132,,,,,,,,,,,,,
BTCUSDT,bull,2022-07-04,0.2163928244357055,1,True,False,True,0.9158555104682716,True,0.9158555104682716,0.6160714285714286,True,0.9158555104682716,,,,,,,,,False,,,,
BTCUSDT,bull,2022-07-25,0.3068091635363208,2,True,False,True,0.40179341265735474,False,,,True,0.40179341265735474,,,,False,,False,False,False,False,,,,
BTCUSDT,bull,2022-08-15,0.21800324800866144,3,False,True,True,,False,,,False,1.2619723306136923,,,,,,,,,,,,,
BTCUSDT,bull,2022-09-12,0.23513513513513515,1,False,True,True,,False,,,False,1.0955632183908048,,,,,,,,,,,,,
BTCUSDT,bull,2022-10-03,0.13357995609451295,2,False,True,True,,False,,,False,1.068924121372687,,,,,,,,,,,,,
BTCUSDT,bull,2022-10-31,0.19845628369554308,3,False,True,True,,False,,,False,1.690458111870412,,,,,,,,,,,,,
BTCUSDT,bull,2022-12-12,0.1914629092416079,3,True,False,True,0.7406655844155846,True,0.7406655844155846,3.424107142857143,True,0.7406655844155846,,,,,,,,False,False,,,,
BTCUSDT,bull,2023-01-30,0.4979272054287478,6,True,False,True,0.3646703174170529,True,0.5897118219887506,5.087797619047619,True,0.3563694030775331,,False,,False,,False,False,False,False,,,,
BTCUSDT,bull,2023-02-20,0.18790889492923415,1,False,True,True,,False,,,True,0.8640263367916997,,,,,,,,,True,,,,
BTCUSDT,bull,2023-03-27,0.4950004098024753,3,True,False,True,0.2089163010182961,True,0.45614289262356145,11.375,True,0.2089163010182961,False,False,,False,,False,False,False,False,,,,
BTCUSDT,bull,2023-04-10,0.17292296072507554,2,False,True,True,,True,0.9040620222756062,1.3586309523809523,True,0.864599257479799,,,,,,,,,True,,,,
BTCUSDT,bull,2023-05-29,0.10027079303675049,1,False,True,True,,False,,,False,1.2121913580246915,,,,,,,,,,,,,
BTCUSDT,bull,2023-06-19,0.27134035597529965,1,True,False,True,0.29748624126134166,False,,,True,0.29748624126134166,,False,,False,,False,False,False,False,,,,
BTCUSDT,bull,2023-07-10,0.2854663599305808,4,False,True,True,,False,,,True,0.3463876714265517,,True,False,True,False,True,True,True,True,False,False,False,
BTCUSDT,bull,2023-08-07,0.0595446584938704,1,False,True,True,,False,,,False,3.334705882352941,,,,,,,,,,,,,
BTCUSDT,bull,2023-10-02,0.10198343924513768,1,True,False,True,0.7885196374622356,True,0.7885196374622356,1.03125,True,0.7885196374622356,,,,,,,,False,False,,,,
BTCUSDT,bull,2023-11-06,0.4514571159283695,4,True,False,True,0.3385080459962086,True,0.3385080459962086,3.0074404761904763,True,0.3385080459962086,,False,,False,,False,False,False,False,,,,
BTCUSDT,bull,2023-12-04,0.2999741626822039,3,True,False,True,0.44043356237297976,True,0.44043356237297976,3.1488095238095237,True,0.44043356237297976,,,,False,,False,False,False,False,,,,
BTCUSDT,bull,2024-01-08,0.21556789725534922,1,False,True,True,,False,,,False,1.0037955029041348,,,,,,,,,,,,,
BTCUSDT,bull,2024-03-11,0.9167570372292124,7,False,False,False,,False,,,True,0.37019617165302626,,True,,True,,True,True,False,False,,,,
BTCUSDT,bull,2024-03-25,0.18236842105263157,1,True,False,True,0.6663059163059163,True,0.6663059163059163,0.9523809523809523,True,0.6663059163059163,,,,,,,False,False,False,,,,
BTCUSDT,bull,2024-04-22,0.12900354377655732,1,False,True,True,,False,,,False,1.391003775550059,,,,,,,,,,,,,
BTCUSDT,bull,2024-05-20,0.2758354160144471,3,True,False,True,0.3483337715051523,False,,,True,0.3483337715051523,,False,,False,,False,False,False,False,,,,
BTCUSDT,bull,2024-06-03,0.27603351392079983,5,False,True,True,,False,,,True,0.45440623338010916,,,,True,False,True,True,True,True,False,False,False,
BTCUSDT,bull,2024-07-29,0.3141132018863856,4,False,True,True,,False,,,False,1.2651404351849087,,,,,,,,,,,,,
BTCUSDT,bull,2024-08-19,0.333157421044019,2,True,False,True,0.7775703918366343,True,0.7775703918366343,3.232142857142857,True,0.4943944398737675,,,,True,True,True,True,False,False,True,True,,
BTCUSDT,bull,2024-09-23,0.26545396375602726,3,True,False,True,0.5416379706152434,True,0.5416379706152434,2.0848214285714284,True,0.47599575298438945,,,,True,True,False,False,False,False,,,,
BTCUSDT,bull,2024-11-18,0.49169286035024695,2,True,False,True,0.26768949771689515,True,0.28797564687975646,3.0029761904761907,True,0.26768949771689515,,False,,False,,False,False,False,False,,,,
BTCUSDT,bull,2024-12-16,0.20140576496674062,2,False,True,True,,True,0.9278904375013761,2.087797619047619,True,0.8753550432657379,,,,,,,,,True,,,,
BTCUSDT,bull,2025-01-20,0.23722007895713595,1,False,True,True,,True,0.8946801953439855,1.1175595238095237,True,0.662386800056896,,,,,,,True,True,True,,False,False,
BTCUSDT,bull,2025-03-24,0.1592476489028213,2,False,True,True,,True,0.6176181102362205,0.40476190476190477,True,0.9548064304461942,,,,,,,,,True,,,,
BTCUSDT,bull,2025-05-19,0.5036799763621956,6,True,False,True,0.36915138990733964,True,0.36915138990733964,6.555059523809524,True,0.2380481301246582,,False,,False,,False,False,False,False,,,,
BTCUSDT,bull,2025-06-09,0.10317022763548413,1,False,True,True,,False,,,False,1.2115958834613723,,,,,,,,,,,,,
BTCUSDT,bull,2025-07-14,0.2566834564196855,4,True,False,True,0.45464291670306445,True,0.45464291670306445,3.431547619047619,True,0.34277693511113916,,True,True,False,,False,False,False,False,,,,
BTCUSDT,bull,2025-08-11,0.11350558784085835,2,False,True,True,,False,,,False,1.107596332587668,,,,,,,,,,,,,
BTCUSDT,bull,2025-09-15,0.09946414330552224,2,True,False,True,0.8729802976452825,True,0.8729802976452825,1.0863095238095237,True,0.8729802976452825,,,,,,,,,False,,,,
BTCUSDT,bull,2025-12-08,0.12852982598524812,1,True,False,True,0.9421859039836562,True,0.9421859039836562,1.0491071428571428,True,0.9421859039836562,,,,,,,,,False,,,,
BTCUSDT,bull,2026-01-12,0.1602147174576998,4,False,True,True,,False,,,True,0.8807187488446044,,,,,,,,,True,,,,
BTCUSDT,bull,2026-03-02,0.186610300680911,1,True,False,True,0.7107034899697717,True,0.7107034899697717,0.23214285714285715,True,0.7107034899697717,,,,,,,,False,False,,,,
BTCUSDT,bull,2026-03-16,0.21789790983258464,3,True,False,True,0.8149251316447503,True,0.8149251316447503,2.28125,True,0.8149251316447503,,,,,,,,,False,,,,
BTCUSDT,bull,2026-05-04,0.2758933550221664,6,False,True,True,,False,,,True,0.3440830797576839,,True,False,True,False,True,True,True,True,False,False,False,
BTCUSDT,bull,2026-07-20,0.15868632549957942,3,True,False,True,0.5122797446947792,True,0.5122797446947792,3.3764880952380953,True,0.5122797446947792,,,,,,False,False,False,False,,,,
BTCUSDT,bull,2026-08-31,0.3222623608361402,5,True,False,True,0.3676772713673087,True,0.3676772713673087,2.056547619047619,True,0.31327914630497655,,False,,False,,False,False,False,False,,,,
BTCUSDT,bull,2026-09-21,0.1665438516394473,1,False,False,False,,False,,,,,,,,,,,,,,,,,
BTCUSDT,bear,2020-03-09,0.6563747628083492,4,False,True,True,,False,,,True,0.4754408306218823,,,,True,False,True,True,True,True,False,False,False,
BTCUSDT,bear,2020-04-13,0.13298511465736892,1,False,True,True,,False,,,False,1.3482811822481269,,,,,,,,,,,,,
BTCUSDT,bear,2020-05-25,0.1340831657239371,1,False,True,True,,False,,,False,1.4033430940095406,,,,,,,,,,,,,
BTCUSDT,bear,2020-06-22,0.1601228893281574,3,False,True,True,,False,,,True,0.28354701490317413,,True,False,True,False,True,True,True,True,False,False,False,
BTCUSDT,bear,2020-07-13,0.04498204857444557,1,False,True,True,,False,,,False,2.948448283956995,,,,,,,,,,,,,
BTCUSDT,bear,2020-08-31,0.2152771888615632,2,False,True,True,,False,,,True,0.286683712149366,,True,False,True,False,True,True,True,True,False,False,False,
BTCUSDT,bear,2020-09-21,0.0934767826787153,1,False,True,True,,True,0.8535590884292539,0.5267857142857143,True,0.8535590884292539,,,,,,,,,True,,,,
BTCUSDT,bear,2020-12-07,0.12031469232311084,1,False,True,True,,False,,,False,2.840899625156185,,,,,,,,,,,,,
BTCUSDT,bear,2021-02-22,0.2645719824860181,1,False,True,True,,False,,,True,0.6256886676160256,,,,,,,True,True,True,,False,False,
BTCUSDT,bear,2021-04-19,0.2778390643785264,1,True,False,True,0.7046851738621863,True,0.7046851738621863,2.425595238095238,True,0.6401165727350062,,,,,,,False,False,False,,,,
BTCUSDT,bear,2021-05-17,0.5190934388305898,1,False,True,True,,False,,,True,0.3943680165342634,,,,True,False,True,True,True,True,False,False,False,
BTCUSDT,bear,2021-06-21,0.30504889768913146,1,False,True,True,,True,0.6208340226660514,3.15625,True,0.6208340226660514,,,,,,,True,True,True,,False,False,
BTCUSDT,bear,2021-07-19,0.2015334625781612,3,False,True,True,,False,,,False,2.5642833529338445,,,,,,,,,,,,,
BTCUSDT,bear,2021-09-20,0.2539456090651558,2,False,True,True,,False,,,True,0.7288586850626414,,,,,,,,True,True,,,False,
BTCUSDT,bear,2021-10-25,0.14296351451973194,1,False,True,True,,False,,,True,0.7082864583333336,,,,,,,,True,True,,,False,
BTCUSDT,bear,2021-11-29,0.40910898615147395,3,True,False,True,0.3972160180516931,True,0.3972160180516931,6.645833333333333,True,0.3899747119461417,,,,False,,False,False,False,False,,,,
BTCUSDT,bear,2022-01-24,0.3698195035869106,4,True,False,True,0.7959561559882511,True,0.673939597005628,3.4449404761904763,True,0.5084483176237555,,,,,,True,True,True,False,True,True,True,
BTCUSDT,bear,2022-02-21,0.2517869022302198,2,False,True,True,,True,0.9569032727524732,0.6904761904761905,True,0.9569032727524732,,,,,,,,,True,,,,
BTCUSDT,bear,2022-03-07,0.18116868798235944,1,False,True,True,,False,,,True,0.6466163583252189,,,,,,,True,True,True,,False,False,
BTCUSDT,bear,2022-05-09,0.38018433179723504,3,True,False,True,0.35485154576063666,True,0.35485154576063666,4.052083333333333,True,0.28750535659626575,,False,,False,,False,False,False,False,,,,
BTCUSDT,bear,2022-06-13,0.457460488782669,2,True,False,True,0.5127845601073189,True,0.5127845601073189,20.257440476190474,True,0.289518211172755,,True,True,True,True,False,False,False,False,,,,
BTCUSDT,bear,2022-07-11,0.16292809091271446,1,False,True,True,,False,,,False,1.4613063687515284,,,,,,,,,,,,,
BTCUSDT,bear,2022-08-22,0.22587301587301586,1,True,False,True,0.18728039353478568,True,0.5871398453970484,2.2708333333333335,True,0.18728039353478568,False,False,,False,,False,False,False,False,,,,
BTCUSDT,bear,2022-09-05,0.26587301587301587,3,True,False,True,0.6492537313432836,True,0.6492537313432836,0.5193452380952381,True,0.6492537313432836,,,,,,,False,False,False,,,,
BTCUSDT,bear,2022-09-19,0.2085645514223195,1,True,False,True,0.5068930062739997,True,0.5068930062739997,2.5029761904761907,True,0.4806639108630422,,,,True,True,False,False,False,False,,,,
BTCUSDT,bear,2022-10-10,0.12596097560975614,1,False,True,True,,False,,,True,0.6926651692355362,,,,,,,True,True,True,,False,False,
BTCUSDT,bear,2022-11-07,0.27992847064083043,1,True,False,True,0.2870356507128478,False,,,True,0.2870356507128478,,False,,False,,False,False,False,False,,,,
BTCUSDT,bear,2022-11-21,0.28083190134909214,3,False,True,True,,False,,,True,0.3159439515794709,,True,False,True,False,True,True,True,True,False,False,False,
BTCUSDT,bear,2022-12-19,0.11902173913043479,1,False,True,True,,False,,,True,0.3461187214611872,,True,False,True,False,True,True,True,True,False,False,False,
BTCUSDT,bear,2023-03-06,0.22984424560905176,2,False,True,True,,False,,,False,1.523412289735668,,,,,,,,,,,,,
BTCUSDT,bear,2023-04-24,0.13328503815319234,2,True,False,True,0.7055342174553713,True,0.7055342174553713,1.0520833333333333,True,0.7055342174553713,,,,,,,,False,False,,,,
BTCUSDT,bear,2023-05-08,0.17090054412569625,4,True,False,True,0.5069706103993972,True,0.5069706103993972,3.0952380952380953,True,0.35776186887716654,,True,True,True,True,False,False,False,False,,,,
BTCUSDT,bear,2023-06-12,0.12885873004711343,2,False,True,True,,False,,,False,1.8343792633015006,,,,,,,,,,,,,
BTCUSDT,bear,2023-07-31,0.10361067503924647,3,True,False,True,0.5151515151515151,True,0.5151515151515151,1.431547619047619,True,0.5151515151515151,,,,,,False,False,False,False,,,,
BTCUSDT,bear,2023-08-14,0.18740495867768595,1,False,True,True,,True,0.6327394602222615,1.6741071428571428,True,0.39248544716881284,,,,True,False,True,True,True,True,False,False,False,
BTCUSDT,bear,2023-09-11,0.11644419199091167,2,False,True,True,,False,,,True,0.7902439024390244,,,,,,,,,True,,,,
BTCUSDT,bear,2023-10-09,0.07297382308740782,1,False,True,True,,False,,,False,2.0090996168582373,,,,,,,,,,,,,
BTCUSDT,bear,2023-11-13,0.10528858516515623,1,False,True,True,,True,0.8235642391947887,0.28422619047619047,True,0.9815225971975524,,,,,,,,,True,,,,
BTCUSDT,bear,2024-01-22,0.21380857681913212,2,False,True,True,,False,,,True,0.5097066539470546,,,,,,True,True,True,True,False,False,False,
BTCUSDT,bear,2024-03-18,0.17705944933366172,1,True,False,True,0.9242435824911707,True,0.8476156986255298,1.2098214285714286,True,0.8476156986255298,,,,,,,,,False,,,,
BTCUSDT,bear,2024-04-15,0.1831434592209673,1,True,False,True,0.5753816650935625,True,0.5753816650935625,1.2261904761904763,True,0.5753816650935625,,,,,,False,False,False,False,,,,
BTCUSDT,bear,2024-04-29,0.1589405254232246,1,False,True,True,,True,0.838828935915315,0.6770833333333334,True,0.838828935915315,,,,,,,,,True,,,,
BTCUSDT,bear,2024-07-01,0.26079091816367267,4,True,False,True,0.8903505275186692,True,0.8903505275186692,3.7202380952380953,True,0.42961014111456597,,,,True,True,True,True,True,False,True,True,True,
BTCUSDT,bear,2024-08-05,0.3024072145089254,1,False,True,True,,True,0.768527343934318,3.6592261904761907,True,0.6111310338319255,,,,,,True,True,True,True,False,False,False,
BTCUSDT,bear,2024-09-02,0.1943156467010559,2,False,True,True,,False,,,True,0.6384883849470175,,,,,,,True,True,True,,False,False,
BTCUSDT,bear,2024-10-07,0.11361926260346125,2,False,True,True,,False,,,False,1.3941456953642388,,,,,,,,,,,,,
BTCUSDT,bear,2025-01-13,0.1795549928575911,4,False,True,True,,False,,,False,1.0839354911654964,,,,,,,,,,,,,
BTCUSDT,bear,2025-02-03,0.17154272727272724,2,True,False,True,0.43992220332066745,True,0.43992220332066745,2.1845238095238093,True,0.40607428840946075,,,,False,,False,False,False,False,,,,
BTCUSDT,bear,2025-02-24,0.21352690042893854,1,True,False,True,0.7617621153674055,True,0.7617621153674055,0.15178571428571427,True,0.7617621153674055,,,,,,,,False,False,,,,
BTCUSDT,bear,2025-03-10,0.23002267892971542,3,True,False,True,0.533065168441073,True,0.533065168441073,2.994047619047619,True,0.4783245523905297,,,,True,True,False,False,False,False,,,,
BTCUSDT,bear,2025-04-07,0.16106679286100595,2,False,True,True,,False,,,True,0.8384749912556838,,,,,,,,,True,,,,
BTCUSDT,bear,2025-06-02,0.1040947842746707,2,True,False,True,0.8879478995057665,True,0.8879478995057665,0.5714285714285714,True,0.8879478995057665,,,,,,,,,False,,,,
BTCUSDT,bear,2025-06-16,0.11331036676619659,1,False,True,True,,False,,,True,0.8281571517442692,,,,,,,,,True,,,,
BTCUSDT,bear,2025-07-28,0.09286293592862936,2,False,True,True,,False,,,True,0.6499475982532746,,,,,,,True,True,True,,False,False,
BTCUSDT,bear,2025-09-01,0.13917874256497223,3,False,True,True,,True,0.6151862513773425,2.5342261904761907,True,0.54194910609723,,,,,,True,True,True,True,False,False,False,
BTCUSDT,bear,2025-09-22,0.07897505157997609,1,False,True,True,,False,,,False,1.8595905126111811,,,,,,,,,,,,,
BTCUSDT,bear,2025-11-17,0.3074423312556603,3,True,False,True,0.4844047825333566,True,0.4844047825333566,9.81547619047619,True,0.34879626161955496,,True,True,False,,False,False,False,False,,,,
BTCUSDT,bear,2025-12-15,0.10730685844217645,1,False,True,True,,False,,,True,0.6101080186075847,,,,,,True,True,True,True,False,False,False,
BTCUSDT,bear,2026-02-02,0.3893728409785964,3,True,False,True,0.6039190078700096,True,0.6039190078700096,16.430059523809526,True,0.30512088240616153,,True,True,True,True,False,False,False,False,,,,
BTCUSDT,bear,2026-03-23,0.14580079448518332,1,False,True,True,,False,,,True,0.3943613670616481,,,,True,False,True,True,True,True,False,False,False,
BTCUSDT,bear,2026-06-01,0.28672066566298876,4,True,False,True,0.34424621137156963,False,,,True,0.2819101677144433,,False,,False,,False,False,False,False,,,,
BTCUSDT,bear,2026-06-29,0.1412050184817873,2,False,True,True,,False,,,True,0.7300669699267128,,,,,,,,True,True,,,False,
BTCUSDT,bear,2026-07-27,0.07015858263316208,1,False,True,True,,True,0.6930121610972658,1.5267857142857142,True,0.6930121610972658,,,,,,,True,True,True,,False,False,
BTCUSDT,bear,2026-09-14,0.08961046537064865,2,False,True,True,,False,,,False,1.6919874142186775,,,,,,,,,,,,,
SOLUSDT,bull,2020-10-12,0.3469205149873243,1,False,True,True,,False,,,False,1.3566413526293162,,,,,,,,,,,,,
SOLUSDT,bull,2020-11-16,0.9788019156787312,2,False,True,True,,False,,,True,0.6484318601106923,,,,,,,True,True,True,,False,False,
SOLUSDT,bull,2021-02-22,6.2364461428230245,5,True,False,True,0.4011565563725491,True,0.4011565563725491,4.144345238095238,True,0.4011565563725491,,,,False,,False,False,False,False,,,,
SOLUSDT,bull,2021-04-26,1.6555160217718194,2,True,False,True,0.4069158292662647,True,0.4069158292662647,2.1919642857142856,True,0.2778996654662684,,True,True,False,,False,False,False,False,,,,
SOLUSDT,bull,2021-05-17,2.1017959633182963,5,True,False,True,0.9694882633602209,True,0.9694882633602209,10.666666666666666,True,0.8586212282283948,,,,,,,,,False,,,,
SOLUSDT,bull,2021-07-05,0.8965568713304806,2,True,False,True,0.8916144070148178,True,0.8916144070148178,2.0089285714285716,True,0.6759531605527497,,,,,,,True,True,False,,True,True,
SOLUSDT,bull,2021-09-06,8.813160400888849,7,True,False,True,0.5187533125106129,True,0.5187533125106129,5.650297619047619,True,0.42394990197541405,,,,True,True,False,False,False,False,,,,
SOLUSDT,bull,2021-09-27,0.5401121340070604,1,True,False,True,0.6456491093169293,True,0.6456491093169293,2.3779761904761907,True,0.5238369857747018,,,,,,True,False,False,False,True,,,
SOLUSDT,bull,2021-11-01,0.888682314664188,3,False,True,True,,True,0.6478981433054393,3.5580357142857144,True,0.36804556746861944,,True,False,True,False,True,True,True,True,False,False,False,
SOLUSDT,bull,2021-12-27,0.38478701825557804,2,False,True,True,,False,,,False,1.2637497803549467,,,,,,,,,,,,,
SOLUSDT,bull,2022-02-07,0.5102850061957868,2,False,True,True,,False,,,False,1.1323457989315202,,,,,,,,,,,,,
SOLUSDT,bull,2022-04-04,0.7847562548362133,3,False,True,True,,False,,,True,0.6640920295809366,,,,,,,True,True,True,,False,False,
SOLUSDT,bull,2022-06-20,0.6625339015885315,1,True,False,True,0.7087719298245614,True,0.7087719298245614,1.5788690476190477,True,0.7087719298245614,,,,,,,,False,False,,,,
SOLUSDT,bull,2022-07-18,0.4952681388012618,1,True,False,True,0.8127388535031846,True,0.8127388535031846,0.5267857142857143,True,0.8127388535031846,,,,,,,,,False,,,,
SOLUSDT,bull,2022-08-08,0.39665127020785224,2,False,True,True,,False,,,False,1.0356622998544398,,,,,,,,,,,,,
SOLUSDT,bull,2022-09-12,0.30200668896321076,2,False,True,True,,True,0.9911406423034328,0.7797619047619048,True,0.9911406423034328,,,,,,,,,True,,,,
SOLUSDT,bull,2022-09-26,0.1807871914609739,1,False,True,True,,True,0.6845018450184499,0.42857142857142855,True,0.6845018450184499,,,,,,,True,True,True,,False,False,
SOLUSDT,bull,2022-10-31,0.44630872483221473,2,False,True,True,,False,,,False,2.4533834586466163,,,,,,,,,,,,,
SOLUSDT,bull,2023-01-23,2.454931207406455,4,True,False,True,0.37759270898805786,True,0.5696626859417557,11.0,True,0.23145820238843498,True,False,,False,,False,False,False,False,,,,True
SOLUSDT,bull,2023-02-20,0.3809766022380467,2,False,True,True,,False,,,True,0.9312416555407209,,,,,,,,,True,,,,
SOLUSDT,bull,2023-03-20,0.4950290752204089,2,True,False,True,0.5826702033598585,True,0.5826702033598585,2.232142857142857,True,0.5826702033598585,,,,,,False,False,False,False,,,,
SOLUSDT,bull,2023-04-17,0.3508317355029279,3,False,True,True,,True,0.8531757754800591,0.7901785714285714,True,0.8531757754800591,,,,,,,,,True,,,,
SOLUSDT,bull,2023-05-29,0.20329195898542898,1,False,True,True,,False,,,False,2.5741969737191406,,,,,,,,,,,,,
SOLUSDT,bull,2023-07-10,1.665,5,True,False,True,0.7750131083464418,True,0.7750131083464418,13.75297619047619,True,0.4589827923161257,,,,True,True,True,True,False,False,True,True,,
SOLUSDT,bull,2023-10-02,0.43360277136258646,3,True,False,True,0.5339547270306257,True,0.5339547270306257,1.0788690476190477,True,0.5339547270306257,,,,,,False,False,False,False,,,,
SOLUSDT,bull,2023-11-13,2.2831892411143127,5,True,False,True,0.3609054190508245,True,0.3609054190508245,2.7113095238095237,True,0.3609054190508245,,False,,False,,False,False,False,False,,,,
SOLUSDT,bull,2023-12-25,5.096926032660902,11,True,False,True,0.4521193388492057,True,0.4521193388492057,8.479166666666666,True,0.40924254132192467,,,,False,,False,False,False,False,,,,
SOLUSDT,bull,2024-02-12,0.5050278622087134,3,True,False,True,0.5099932291797277,True,0.5099932291797277,1.4270833333333333,True,0.5099932291797277,,,,,,False,False,False,False,,,,
SOLUSDT,bull,2024-03-18,1.136294416243655,4,False,False,False,,True,0.8711905293723475,7.614583333333333,True,0.2692427965155239,,True,,True,,True,True,True,False,,,,
SOLUSDT,bull,2024-05-20,0.3714254608796633,1,False,True,True,,False,,,True,0.5392867611138252,,,,,,True,True,True,True,False,False,False,
SOLUSDT,bull,2024-07-29,0.6148464632836119,4,False,True,True,,False,,,False,1.1477432813177286,,,,,,,,,,,,,
SOLUSDT,bull,2024-09-23,0.34264892636891076,3,True,False,True,0.6966474492514895,True,0.6966474492514895,2.0639880952380953,True,0.6966474492514895,,,,,,,False,False,False,,,,
SOLUSDT,bull,2024-11-18,0.7070244468812487,2,True,False,True,0.884317124349968,True,0.884317124349968,7.732142857142857,True,0.391661344767813,,,,True,True,True,True,True,False,True,True,True,
SOLUSDT,bull,2025-03-24,0.31816149512653136,2,False,True,True,,False,,,False,1.22681281618887,,,,,,,,,,,,,
SOLUSDT,bull,2025-04-21,0.651854186364114,2,True,False,True,0.27381144238517335,True,0.27381144238517335,1.6354166666666667,True,0.27381144238517335,,False,,False,,False,False,False,False,,,,
SOLUSDT,bull,2025-05-19,0.971530622964597,6,True,False,True,0.6686851211072664,True,0.6686851211072664,7.382440476190476,True,0.40214100346020765,,,,True,True,True,False,False,False,True,,,
SOLUSDT,bull,2025-07-21,0.6406262417547485,5,True,False,True,0.6292023322168465,True,0.6292023322168465,2.300595238095238,True,0.6292023322168465,,,,,,,False,False,False,,,,
SOLUSDT,bull,2025-08-25,0.3996275366041612,4,True,False,True,0.38389844126627015,True,0.38389844126627015,1.3675595238095237,True,0.38389844126627015,,,,False,,False,False,False,False,,,,
SOLUSDT,bull,2025-09-15,0.627857693295659,7,False,True,True,,False,,,True,0.6420169786232997,,,,,,,True,True,True,,False,False,
SOLUSDT,bull,2025-12-01,0.2136010576764172,2,False,True,True,,True,0.598065764023211,0.2425595238095238,True,0.7404255319148934,,,,,,,,True,True,,,False,
SOLUSDT,bull,2026-01-12,0.27495501670808004,4,False,True,True,,False,,,True,0.9909629167965096,,,,,,,,,True,,,,
SOLUSDT,bull,2026-03-02,0.24586476114860414,1,True,False,True,0.6808396124865446,True,0.6808396124865446,0.5744047619047619,True,0.6808396124865446,,,,,,,False,False,False,,,,
SOLUSDT,bull,2026-03-16,0.29217943628424,3,True,False,True,0.9519927536231884,True,0.9519927536231884,3.537202380952381,True,0.8550724637681159,,,,,,,,,False,,,,
SOLUSDT,bull,2026-04-13,0.18374004958893383,2,True,False,True,0.6676136363636358,True,0.6676136363636358,2.337797619047619,True,0.5284090909090908,,,,,,True,False,False,False,True,,,
SOLUSDT,bull,2026-05-11,0.20969130488254822,2,False,True,True,,False,,,True,0.997067448680352,,,,,,,,,True,,,,
SOLUSDT,bull,2026-06-29,0.3118749999999999,1,True,False,True,0.6738476953907812,True,0.6738476953907812,6.373511904761905,True,0.4188376753507015,,,,True,True,True,False,False,False,True,,,
SOLUSDT,bull,2026-08-03,0.10452418096723855,1,True,False,True,0.5264586160108549,True,0.5264586160108549,1.3601190476190477,True,0.5264586160108549,,,,,,False,False,False,False,,,,
SOLUSDT,bull,2026-08-24,0.568571833782442,4,True,False,True,0.3711648790222,True,0.3711648790222,3.050595238095238,True,0.33075579945123457,,False,,False,,False,False,False,False,,,,
SOLUSDT,bull,2026-09-21,0.3057877141663184,1,False,False,False,,False,,,,,,,,,,,,,,,,,
SOLUSDT,bear,2020-11-02,0.5299306170652495,3,True,False,True,0.8682359495786615,True,0.8682359495786615,2.449404761904762,True,0.7360540427606379,,,,,,,,True,False,,,True,
SOLUSDT,bear,2020-11-23,0.32074273924773844,1,True,False,True,0.631246907471549,True,0.631246907471549,0.7142857142857143,True,0.631246907471549,,,,,,,False,False,False,,,,
SOLUSDT,bear,2020-12-07,0.4319949214410411,3,True,False,True,0.3536921381337252,True,0.3536921381337252,1.4092261904761905,True,0.3536921381337252,,False,,False,,False,False,False,False,,,,
SOLUSDT,bear,2020-12-21,0.5758609744485003,5,False,True,True,,True,0.9867713931376602,1.4032738095238095,True,0.8887281245693814,,,,,,,,,True,,,,
SOLUSDT,bear,2021-06-21,0.5452220939967868,2,False,True,True,,True,0.7478315003112679,2.7142857142857144,True,0.6599709483295291,,,,,,,True,True,True,,False,False,
SOLUSDT,bear,2021-07-19,0.42149172285332004,2,False,True,True,,False,,,True,0.9304742935391511,,,,,,,,,True,,,,
SOLUSDT,bear,2021-09-20,0.46589029067886684,2,False,True,True,,False,,,True,0.6191997143253914,,,,,,,True,True,True,,False,False,
SOLUSDT,bear,2021-12-13,0.391761014307393,2,True,False,True,0.5974113225769202,True,0.5974113225769202,2.4047619047619047,True,0.5537418250910656,,,,,,False,False,False,False,,,,
SOLUSDT,bear,2022-01-24,0.6059762706899077,4,True,False,True,0.3318024333252759,True,0.4875513657239546,13.02827380952381,True,0.30489082265732015,,False,,False,,False,False,False,False,,,,
SOLUSDT,bear,2022-03-07,0.36380045946832945,2,False,True,True,,False,,,True,0.3845286423094272,,,,True,False,True,True,True,True,False,False,False,
SOLUSDT,bear,2022-05-09,0.7319170460293374,5,True,False,True,0.21423635107118172,False,,,True,0.21423635107118172,False,False,,False,,False,False,False,False,,,,
SOLUSDT,bear,2022-06-13,0.8134980851217574,10,True,False,True,0.20047965890922018,False,,,True,0.15189198791970154,False,False,,False,,False,False,False,False,,,,
SOLUSDT,bear,2022-06-27,0.28245164297366576,1,False,True,True,,True,0.7351485148514856,1.1339285714285714,True,0.7351485148514856,,,,,,,,True,True,,,False,
SOLUSDT,bear,2022-07-25,0.2691983122362869,1,False,True,True,,False,,,True,0.6731974921630092,,,,,,,True,True,True,,False,False,
SOLUSDT,bear,2022-08-29,0.38197602315006207,3,True,False,True,0.4886363636363636,True,0.4886363636363636,5.473214285714286,True,0.33116883116883133,,True,True,False,,False,False,False,False,,,,
SOLUSDT,bear,2022-09-19,0.22989982019008476,1,True,False,True,0.6055865921787708,True,0.6055865921787708,2.2797619047619047,True,0.6055865921787708,,,,,,False,False,False,False,,,,
SOLUSDT,bear,2022-10-17,0.24237288135593216,3,False,True,True,,False,,,True,0.8193473193473196,,,,,,,,,True,,,,
SOLUSDT,bear,2022-11-07,0.75707656612529,1,True,False,True,0.20216569618960056,False,,,True,0.20216569618960056,False,False,,False,,False,False,False,False,,,,
SOLUSDT,bear,2022-12-26,0.4801470588235294,2,False,True,True,,False,,,False,1.0736461088681608,,,,,,,,,,,,,
SOLUSDT,bear,2023-02-06,0.26830176039301795,2,False,True,True,,False,,,True,0.8350672770148425,,,,,,,,,True,,,,
SOLUSDT,bear,2023-03-06,0.41093922651933695,2,True,False,True,0.9029308954019899,True,0.9029308954019899,6.404761904761905,True,0.6280362104508381,,,,,,,True,True,False,,True,True,
SOLUSDT,bear,2023-03-27,0.19293182768716016,1,False,True,True,,False,,,True,0.4428788207240406,,,,True,False,True,True,True,True,False,False,False,
SOLUSDT,bear,2023-04-24,0.22158284420915333,1,True,False,True,0.5093490304709142,True,0.5093490304709142,1.1056547619047619,True,0.5093490304709142,,,,,,False,False,False,False,,,,
SOLUSDT,bear,2023-05-22,0.28913952507001184,5,True,False,True,0.4998009818230065,True,0.4998009818230065,1.4151785714285714,True,0.4998009818230065,,,,False,,False,False,False,False,,,,
SOLUSDT,bear,2023-06-05,0.43490155626317445,1,False,True,True,,False,,,True,0.37238321130246455,,True,False,True,False,True,True,True,True,False,False,False,
SOLUSDT,bear,2023-09-11,0.21497529801024334,2,False,True,True,,False,,,True,0.6803710731604472,,,,,,,True,True,True,,False,False,
SOLUSDT,bear,2023-10-09,0.16149818767619809,1,False,True,True,,False,,,False,2.3810473815461353,,,,,,,,,,,,,
SOLUSDT,bear,2024-01-01,0.34211977500827173,1,True,False,True,0.5639218937091277,True,0.5639218937091277,0.7038690476190477,True,0.5639218937091277,,,,,,False,False,False,False,,,,
SOLUSDT,bear,2024-01-22,0.37796404543950596,4,False,True,True,,False,,,True,0.5740130893326109,,,,,,True,True,True,True,False,False,False,
SOLUSDT,bear,2024-02-19,0.1711335695111792,1,False,True,True,,True,0.9231941780990315,0.3898809523809524,False,1.942076019078527,,,,,,,,,,,,,
SOLUSDT,bear,2024-04-08,0.44852628751434637,1,True,False,True,0.8817265184346349,True,0.827957925913021,8.665178571428571,True,0.4696421960408546,,,,True,True,True,True,True,False,True,True,True,
SOLUSDT,bear,2024-04-29,0.2607836886747048,1,False,True,True,,True,0.9809932409759837,1.0178571428571428,True,0.9809932409759837,,,,,,,,,True,,,,
SOLUSDT,bear,2024-07-01,0.31695148591453143,4,False,True,True,,False,,,True,0.5102934577761824,,,,,,True,True,True,True,False,False,False,
SOLUSDT,bear,2024-08-05,0.43699875704641217,1,False,True,True,,False,,,True,0.5071107386906798,,,,,,True,True,True,True,False,False,False,
SOLUSDT,bear,2024-09-02,0.25779146773448325,2,False,True,True,,True,0.9865220092720931,3.3988095238095237,True,0.46238589112459993,,,,True,False,True,True,True,True,False,False,False,
SOLUSDT,bear,2024-09-30,0.17778698202904278,1,False,True,True,,True,0.6703292882228172,0.43154761904761907,True,0.6703292882228172,,,,,,,True,True,True,,False,False,
SOLUSDT,bear,2024-12-16,0.33796856106408707,4,True,False,True,0.5360017889087656,True,0.5360017889087656,3.0610119047619047,True,0.29707066189624354,,True,True,True,True,False,False,False,False,,,,
SOLUSDT,bear,2025-03-10,0.6216847090663059,8,True,False,True,0.19361157969200626,False,,,True,0.13195842629373677,False,False,,False,,False,False,False,False,,,,
SOLUSDT,bear,2025-04-07,0.35425005087850214,2,False,True,True,,False,,,True,0.893910379165071,,,,,,,,,True,,,,
SOLUSDT,bear,2025-06-16,0.252346999405823,1,False,True,True,,False,,,True,0.6814221803626089,,,,,,,True,True,True,,False,False,
SOLUSDT,bear,2025-07-28,0.24568881999612477,1,False,True,True,,False,,,True,0.5995662460567823,,,,,,True,True,True,True,False,False,False,
SOLUSDT,bear,2025-09-22,0.24762318040159378,1,True,False,True,0.7490839573044449,True,0.7490839573044449,1.6860119047619047,True,0.7411183686474431,,,,,,,,False,False,,,,
SOLUSDT,bear,2025-10-06,0.4426604599786974,3,True,False,True,0.6239194367703412,True,0.6239194367703412,3.244047619047619,True,0.6239194367703412,,,,,,,False,False,False,,,,
SOLUSDT,bear,2025-11-17,0.41052118850462743,3,True,False,True,0.30671570953962984,True,0.3296155671570955,9.813988095238095,True,0.2809682012339818,,False,,False,,False,False,False,False,,,,
SOLUSDT,bear,2025-12-15,0.20535167154626546,2,False,True,True,,False,,,True,0.3988726790450932,,,,True,False,True,True,True,True,False,False,False,
SOLUSDT,bear,2026-02-02,0.5477822580645161,3,True,False,True,0.38118022328548634,False,,,True,0.293215556373451,,False,,False,,False,False,False,False,,,,
SOLUSDT,bear,2026-03-30,0.2152585765488992,2,False,True,True,,False,,,True,0.5023786869647953,,,,,,True,True,True,True,False,False,False,
SOLUSDT,bear,2026-04-27,0.10362694300518126,2,False,True,True,,False,,,False,1.656382978723405,,,,,,,,,,,,,
SOLUSDT,bear,2026-06-01,0.38969093127287513,3,False,True,True,,False,,,True,0.29272110618314634,,True,False,True,False,True,True,True,True,False,False,False,
SOLUSDT,bear,2026-06-22,0.1585590323428872,1,False,True,True,,False,,,False,1.6550580431177437,,,,,,,,,,,,,
BNBUSDT,bull,2020-04-27,1.908434894162925,7,True,False,True,0.37870767162423324,True,0.37870767162423324,11.702380952380953,True,0.37870767162423324,,False,,False,,False,False,False,False,,,,
BNBUSDT,bull,2020-06-01,0.3373440939104916,4,True,False,True,0.767072640278382,True,0.767072640278382,4.308035714285714,True,0.5147890387124838,,,,,,True,True,False,False,True,True,,
BNBUSDT,bull,2020-08-17,0.17416743868545512,1,True,False,True,0.8625419932810751,True,0.8625419932810751,0.48214285714285715,True,0.8625419932810751,,,,,,,,,False,,,,
BNBUSDT,bull,2020-09-14,0.8614868641699273,2,True,False,True,0.7203477809499093,True,0.7203477809499093,3.0476190476190474,True,0.7203477809499093,,,,,,,,False,False,,,,
BNBUSDT,bull,2020-09-28,0.33103603603603604,1,True,False,True,0.4135256497482648,True,0.4135256497482648,1.0476190476190477,True,0.4135256497482648,,,,False,,False,False,False,False,,,,
BNBUSDT,bull,2020-10-12,0.4365315315315315,3,True,False,True,0.3499122897533793,True,0.6360540707873283,4.809523809523809,True,0.3499122897533793,,False,,False,,False,False,False,False,,,,
BNBUSDT,bull,2020-10-26,0.4616216216216217,5,True,False,True,0.6558352849336455,True,0.6558352849336455,2.8586309523809526,True,0.6558352849336455,,,,,,,False,False,False,,,,
BNBUSDT,bull,2020-11-23,0.3768803202860808,3,True,False,True,0.8948019801980198,True,0.8948019801980198,2.4895833333333335,True,0.6952351485148517,,,,,,,True,True,False,,True,True,
BNBUSDT,bull,2020-12-14,0.33472912850039266,1,True,False,True,0.658996984251089,True,0.658996984251089,0.8764880952380952,True,0.658996984251089,,,,,,,False,False,False,,,,
BNBUSDT,bull,2021-01-18,0.34927412467976077,1,True,False,True,0.6267318663406684,True,0.6267318663406684,1.0386904761904763,True,0.6267318663406684,,,,,,,False,False,False,,,,
BNBUSDT,bull,2021-02-15,8.962994591517221,5,True,False,True,0.5287896592244419,True,0.5287896592244419,5.572916666666667,True,0.5287896592244419,,,,,,False,False,False,False,,,,
BNBUSDT,bull,2021-04-12,1.8734600855981554,3,True,False,True,0.461934683595228,True,0.461934683595228,2.075892857142857,True,0.461934683595228,,,,False,,False,False,False,False,,,,
BNBUSDT,bull,2021-05-10,2.108540973163094,7,False,True,True,,False,,,False,1.025025638406972,,,,,,,,,,,,,
BNBUSDT,bull,2021-08-23,1.0494401513956793,5,True,False,True,0.7542640318581411,True,0.7542640318581411,6.291666666666667,True,0.25539108873694516,,True,True,True,True,True,True,False,False,True,True,,
BNBUSDT,bull,2021-11-01,0.557920446615492,1,False,True,True,,True,0.6395247029393369,2.4925595238095237,True,0.41588492808005,,,,True,False,True,True,True,True,False,False,False,
BNBUSDT,bull,2021-12-27,0.14055832502492524,2,False,True,True,,False,,,False,2.220598666477515,,,,,,,,,,,,,
BNBUSDT,bull,2022-02-28,0.32920562194291386,1,True,False,True,0.6611811171713371,True,0.6611811171713371,2.4300595238095237,True,0.6566672935866091,,,,,,,False,False,False,,,,
BNBUSDT,bull,2022-04-04,0.281158613006545,3,False,True,True,,False,,,True,0.6835066864784548,,,,,,,True,True,True,,False,False,
BNBUSDT,bull,2022-04-18,0.10342710997442454,1,False,True,True,,False,,,False,1.3981206726013853,,,,,,,,,,,,,
BNBUSDT,bull,2022-08-08,0.40726817042606506,2,True,False,True,0.84,True,0.84,10.736607142857142,True,0.654358974358974,,,,,,,True,True,False,,True,True,
BNBUSDT,bull,2022-09-12,0.16396368433304878,1,False,True,True,,False,,,False,1.0340747752011359,,,,,,,,,,,,,
BNBUSDT,bull,2022-10-03,0.1640655481857199,2,False,True,True,,False,,,False,1.0309155766944116,,,,,,,,,,,,,
BNBUSDT,bull,2022-11-07,0.5682745098039217,4,False,True,True,,False,,,True,0.9561106893934165,,,,,,,,,True,,,,
BNBUSDT,bull,2023-01-09,0.3115640599001664,1,True,False,True,0.4566088117489985,True,0.4566088117489985,1.15625,True,0.4566088117489985,,,,False,,False,False,False,False,,,,
BNBUSDT,bull,2023-01-30,0.406738768718802,4,True,False,True,0.7534260584986706,True,0.7534260584986706,5.092261904761905,True,0.37604827163019006,,True,True,True,True,True,True,False,False,True,True,,
BNBUSDT,bull,2023-03-13,0.30720955729462024,1,True,False,True,0.5948806300762981,True,0.5948806300762981,3.9300595238095237,True,0.3663549101649026,,True,True,True,True,False,False,False,False,,,,
BNBUSDT,bull,2023-04-10,0.18212688699862156,1,False,True,True,,True,0.6730662728447485,1.3586309523809523,True,0.6730662728447485,,,,,,,True,True,True,,False,False,
BNBUSDT,bull,2023-05-29,0.05467219917012457,1,False,True,True,,False,,,False,5.629629629629622,,,,,,,,,,,,,
BNBUSDT,bull,2023-06-19,0.16904545454545453,1,True,False,True,0.9677332616294706,True,0.9677332616294706,0.5982142857142857,True,0.9677332616294706,,,,,,,,,False,,,,
BNBUSDT,bull,2023-07-10,0.18164556962025322,2,False,True,True,,False,,,True,0.6067695370831258,,,,,,True,True,True,True,False,False,False,
BNBUSDT,bull,2023-08-28,0.17943150414528236,1,False,True,True,,False,,,True,0.775302530253025,,,,,,,,True,True,,,False,
BNBUSDT,bull,2023-09-18,0.08692024539877305,1,True,False,True,0.8435911914172779,True,0.8435911914172779,0.3541666666666667,True,0.8435911914172779,,,,,,,,,False,,,,
BNBUSDT,bull,2023-10-02,0.08824539877300608,3,False,True,True,,False,,,False,1.1290322580645158,,,,,,,,,,,,,
BNBUSDT,bull,2023-11-06,0.28238097602144663,4,True,False,True,0.44497187060478205,True,0.44497187060478205,1.1041666666666667,True,0.44497187060478205,,,,False,,False,False,False,False,,,,
BNBUSDT,bull,2023-11-20,0.3524301246090454,6,True,False,True,0.7031976334695029,True,0.7031976334695029,3.363095238095238,True,0.7031976334695029,,,,,,,False,False,False,,,,
BNBUSDT,bull,2023-12-25,0.5178876404494382,4,True,False,True,0.45430877375683426,True,0.45430877375683426,6.441964285714286,True,0.45430877375683426,,,,False,,False,False,False,False,,,,
BNBUSDT,bull,2024-03-11,0.8354308116246699,1,True,False,True,0.534174374319913,True,0.534174374319913,11.040178571428571,True,0.5035704570184985,,,,,,False,False,False,False,,,,
BNBUSDT,bull,2024-03-25,0.24710843373493965,1,True,False,True,0.6641475702909145,True,0.6641475702909145,1.0595238095238095,True,0.6641475702909145,,,,,,,False,False,False,,,,
BNBUSDT,bull,2024-05-06,0.13638484073818372,1,True,False,True,0.674100424134628,True,0.674100424134628,1.1383928571428572,True,0.674100424134628,,,,,,,False,False,False,,,,
BNBUSDT,bull,2024-05-20,0.13070587604737993,1,True,False,True,0.6340896664844178,True,0.6340896664844178,1.037202380952381,True,0.6340896664844178,,,,,,,False,False,False,,,,
BNBUSDT,bull,2024-06-03,0.2920515248423347,3,False,True,True,,False,,,True,0.8148284088823639,,,,,,,,,True,,,,
BNBUSDT,bull,2024-07-22,0.3388860658816251,3,False,True,True,,False,,,True,0.7815372579698807,,,,,,,,True,True,,,False,
BNBUSDT,bull,2024-08-19,0.5048704976213848,2,True,False,True,0.6325157044570746,True,0.6325157044570746,3.5282738095238093,True,0.4530361950344003,,,,True,True,True,False,False,False,True,,,
BNBUSDT,bull,2024-09-23,0.314352441613588,3,True,False,True,0.5785492367958935,True,0.5785492367958935,2.9970238095238093,True,0.5785492367958935,,,,,,False,False,False,False,,,,
BNBUSDT,bull,2024-11-18,0.2671477486101395,2,True,False,True,0.609288864388093,True,0.609288864388093,0.7574404761904762,True,0.609288864388093,,,,,,False,False,False,False,,,,
BNBUSDT,bull,2024-12-02,0.33836766341907426,2,False,True,True,,True,0.8020324798246488,1.2276785714285714,True,0.8020324798246488,,,,,,,,,True,,,,
BNBUSDT,bull,2025-01-06,0.20801891375457468,3,False,True,True,,True,0.6940681924334419,0.6235119047619048,True,0.6940681924334419,,,,,,,True,True,True,,False,False,
BNBUSDT,bull,2025-02-10,0.46471224751522927,1,True,False,True,0.9679617092837739,True,0.9679617092837739,3.861607142857143,True,0.4364193005907465,,,,True,True,True,True,True,False,True,True,True,
BNBUSDT,bull,2025-03-24,0.27286907418010925,2,True,False,True,0.9774240231548484,True,0.9774240231548484,1.3883928571428572,True,0.7284370477568741,,,,,,,,True,False,,,True,
BNBUSDT,bull,2025-04-21,0.21717459133813463,2,True,False,True,0.3364958886780519,True,0.3364958886780519,1.6205357142857142,True,0.32619499412668307,,False,,False,,False,False,False,False,,,,
BNBUSDT,bull,2025-05-12,0.189581832527186,1,True,False,True,0.5463675020356464,True,0.5463675020356464,0.45089285714285715,True,0.5463675020356464,,,,,,False,False,False,False,,,,
BNBUSDT,bull,2025-05-26,0.10240697454040058,1,False,True,True,,False,,,False,1.1713448488587292,,,,,,,,,,,,,
BNBUSDT,bull,2025-06-09,0.08446266377300873,1,False,True,True,,False,,,False,1.4023601065854578,,,,,,,,,,,,,
BNBUSDT,bull,2025-07-28,0.4340916276979914,6,True,False,True,0.44604178646731846,True,0.44604178646731846,2.4107142857142856,True,0.44604178646731846,,,,False,,False,False,False,False,,,,
BNBUSDT,bull,2025-08-18,0.23456046438399306,3,True,False,True,0.41837389832486976,True,0.41837389832486976,2.674107142857143,True,0.41837389832486976,,,,False,,False,False,False,False,,,,
BNBUSDT,bull,2025-09-15,0.4844406719329711,7,True,False,True,0.4284583863218878,True,0.4284583863218878,1.5907738095238095,True,0.4284583863218878,,,,False,,False,False,False,False,,,,
BNBUSDT,bull,2025-10-13,0.6690262263234579,1,False,True,True,,False,,,True,0.5872851672383441,,,,,,True,True,True,True,False,False,False,
BNBUSDT,bull,2026-01-12,0.17381793295611475,4,False,True,True,,False,,,True,0.7345145187372567,,,,,,,,True,True,,,False,
BNBUSDT,bull,2026-03-16,0.1929380343733199,3,False,True,True,,False,,,True,0.8256179775280901,,,,,,,,,True,,,,
BNBUSDT,bull,2026-04-20,0.14750048185593373,3,True,False,True,0.5298170586837735,True,0.5298170586837735,1.3556547619047619,True,0.5298170586837735,,,,,,False,False,False,False,,,,
BNBUSDT,bull,2026-05-11,0.13151124875059397,2,True,False,True,0.774109145277847,True,0.774109145277847,1.75,True,0.6992275105905807,,,,,,,True,False,False,,True,,
BNBUSDT,bull,2026-05-25,0.22333644660735072,4,False,True,True,,False,,,False,1.3918561995597942,,,,,,,,,,,,,
BNBUSDT,bull,2026-08-17,0.30855333009411706,5,True,False,True,0.30415257202846147,True,0.30415257202846147,1.7886904761904763,True,0.2790738364633153,,False,,False,,False,False,False,False,,,,
BNBUSDT,bull,2026-08-31,0.40625168709172377,7,True,False,True,0.34746400885935796,False,,,True,0.34746400885935796,,False,,False,,False,False,False,False,,,,
BNBUSDT,bull,2026-09-21,0.1973777777777778,3,True,False,True,0.43143436163026355,False,,,,,,,,,,,,,,,,,
BNBUSDT,bear,2020-05-04,0.24849754645200417,1,False,True,True,,False,,,True,0.6796094963390283,,,,,,,True,True,True,,False,False,
BNBUSDT,bear,2020-06-22,0.19349352644283524,3,False,True,True,,False,,,True,0.36206407711936456,,True,False,True,False,True,True,True,True,False,False,False,
BNBUSDT,bear,2020-09-21,0.3333733709687106,1,False,True,True,,True,0.9230769230769231,5.157738095238095,True,0.6619528012970636,,,,,,,True,True,True,,False,False,
BNBUSDT,bear,2020-11-02,0.20713141025641027,1,False,True,True,,False,,,True,0.4837077815801222,,,,True,False,True,True,True,True,False,False,False,
BNBUSDT,bear,2021-03-22,0.29570825078754215,2,False,True,True,,False,,,False,1.447990682665698,,,,,,,,,,,,,
BNBUSDT,bear,2021-05-17,0.6952807042863328,1,False,False,False,,False,,,True,0.36825390235802063,,True,,True,,True,True,True,False,,,,
BNBUSDT,bear,2021-06-21,0.4793835901707622,3,False,True,True,,False,,,True,0.4374939665990925,,,,True,False,True,True,True,True,False,False,False,
BNBUSDT,bear,2021-07-19,0.25276926702804625,2,False,True,True,,False,,,False,1.1015151515151513,,,,,,,,,,,,,
BNBUSDT,bear,2021-09-06,0.3594898234004079,2,True,False,True,0.5551452881682452,True,0.5551452881682452,1.1443452380952381,True,0.5551452881682452,,,,,,False,False,False,False,,,,
BNBUSDT,bear,2021-09-20,0.3862298487938133,4,False,True,True,,False,,,True,0.5931663097076254,,,,,,True,True,True,True,False,False,False,
BNBUSDT,bear,2021-11-29,0.2770735349010825,4,True,False,True,0.714016274182249,True,0.714016274182249,1.09375,True,0.714016274182249,,,,,,,,False,False,,,,
BNBUSDT,bear,2022-01-17,0.41313659329708563,3,True,False,True,0.46464389996191446,True,0.46464389996191446,4.467261904761905,True,0.2824256273538996,,True,True,False,,False,False,False,False,,,,
BNBUSDT,bear,2022-02-21,0.27489449582472847,2,False,True,True,,True,0.8683651804670913,0.7172619047619048,True,0.8683651804670913,,,,,,,,,True,,,,
BNBUSDT,bear,2022-04-11,0.15,1,True,False,True,0.5860869565217391,True,0.5860869565217391,0.7395833333333334,True,0.5860869565217391,,,,,,False,False,False,False,,,,
BNBUSDT,bear,2022-05-09,0.4773188405797102,1,True,False,True,0.614796822023177,True,0.614796822023177,4.013392857142857,True,0.5425332726076617,,,,,,False,False,False,False,,,,
BNBUSDT,bear,2022-06-13,0.45847638214750797,3,False,True,True,,True,0.9936737460460912,11.299107142857142,True,0.4033955199793429,,,,True,False,True,True,True,True,False,False,False,
BNBUSDT,bear,2022-09-05,0.23496586524191146,4,True,False,True,0.5338554825669531,True,0.5338554825669531,1.0208333333333333,True,0.5338554825669531,,,,,,False,False,False,False,,,,
BNBUSDT,bear,2022-09-19,0.14566666666666664,1,True,False,True,0.9622425629290623,True,0.9622425629290623,1.8422619047619047,True,0.7656750572082377,,,,,,,,True,False,,,True,
BNBUSDT,bear,2022-10-10,0.14529914529914537,1,False,True,True,,False,,,True,0.49919261822375954,,,,True,False,True,True,True,True,False,False,False,
BNBUSDT,bear,2022-11-21,0.3770598384636544,2,True,False,True,0.39836859208170294,True,0.39836859208170294,2.705357142857143,True,0.39836859208170294,,,,False,,False,False,False,False,,,,
BNBUSDT,bear,2022-12-12,0.31154088050314466,3,False,True,True,,False,,,True,0.35076208741294035,,True,False,True,False,True,True,True,True,False,False,False,
BNBUSDT,bear,2023-02-13,0.1650008871015436,2,True,False,True,0.6668458781362002,True,0.6668458781362002,1.5788690476190477,True,0.6668458781362002,,,,,,,False,False,False,,,,
BNBUSDT,bear,2023-03-06,0.2178425690460702,5,False,True,True,,False,,,False,1.103027012352382,,,,,,,,,,,,,
BNBUSDT,bear,2023-05-08,0.14391353811149038,4,True,False,True,0.330434782608696,True,0.330434782608696,3.0892857142857144,True,0.30434782608695593,,False,,False,,False,False,False,False,,,,
BNBUSDT,bear,2023-06-12,0.30756641067606705,2,True,False,True,0.42345476872697485,True,0.42345476872697485,8.556547619047619,True,0.3805771592304542,,True,True,False,,False,False,False,False,,,,
BNBUSDT,bear,2023-06-26,0.1399354562774603,1,False,True,True,,False,,,False,1.0136148930258408,,,,,,,,,,,,,
BNBUSDT,bear,2023-08-21,0.18562874251497016,3,True,False,True,0.7871833730244641,True,0.7871833730244641,0.5416666666666666,True,0.7871833730244641,,,,,,,,False,False,,,,
BNBUSDT,bear,2023-09-11,0.14748953974895398,2,True,False,True,0.5100709219858153,True,0.5100709219858153,3.0982142857142856,True,0.5024113475177308,,,,,,False,False,False,False,,,,
BNBUSDT,bear,2023-10-09,0.09155278942858425,1,False,True,True,,True,0.9216748768472904,0.22470238095238096,True,0.9216748768472904,,,,,,,,,True,,,,
BNBUSDT,bear,2023-11-27,0.18324645767564796,1,False,True,True,,True,0.6937099358974356,2.0625,True,0.46915064102564064,,,,True,False,True,True,True,True,False,False,False,
BNBUSDT,bear,2024-01-22,0.10790429196536647,1,False,True,True,,False,,,True,0.7382801265458725,,,,,,,,True,True,,,False,
BNBUSDT,bear,2024-03-18,0.22920955284867436,1,True,False,True,0.9048551556485919,True,0.8309811601053408,1.2232142857142858,True,0.8309811601053408,,,,,,,,,False,,,,
BNBUSDT,bear,2024-04-29,0.1347917339360672,1,False,True,True,,True,0.8754341837345793,1.2261904761904763,True,0.8754341837345793,,,,,,,,,True,,,,
BNBUSDT,bear,2024-05-13,0.08090311986863707,1,False,True,True,,False,,,False,1.4848792368581285,,,,,,,,,,,,,
BNBUSDT,bear,2024-07-01,0.37412887168141595,4,True,False,True,0.5669142920501162,True,0.5669142920501162,4.005952380952381,True,0.35122149536164377,,True,True,True,True,False,False,False,False,,,,
BNBUSDT,bear,2024-08-05,0.34442757664763535,2,False,True,True,,True,0.9609543429310594,3.662202380952381,True,0.7215541608776888,,,,,,,,True,True,,,False,
BNBUSDT,bear,2024-09-02,0.2122033217923629,2,False,True,True,,False,,,True,0.7166390793725858,,,,,,,,True,True,,,False,
BNBUSDT,bear,2024-09-30,0.13837107873227147,1,False,True,True,,True,0.9229512024282056,2.7098214285714284,True,0.6233948167172543,,,,,,,True,True,True,,False,False,
BNBUSDT,bear,2024-12-16,0.22224181360201517,2,True,False,True,0.7279836790207413,True,0.7279836790207413,3.0863095238095237,True,0.6443953303864899,,,,,,,True,False,False,,True,,
BNBUSDT,bear,2025-01-13,0.1195174262734584,1,True,False,True,0.5961193360251233,True,0.5961193360251233,0.9955357142857143,True,0.5961193360251233,,,,,,False,False,False,False,,,,
BNBUSDT,bear,2025-02-03,0.33104557640750665,4,False,True,True,,True,0.9390589569161,2.142857142857143,True,0.9390589569161,,,,,,,,,True,,,,
BNBUSDT,bear,2025-03-10,0.3071071892742322,4,False,True,True,,True,0.6156450463292941,3.0386904761904763,True,0.6108339272986457,,,,,,True,True,True,True,False,False,False,
BNBUSDT,bear,2025-04-07,0.2095335598057921,2,False,True,True,,False,,,True,0.6359934853420198,,,,,,,True,True,True,,False,False,
BNBUSDT,bear,2025-05-19,0.08707375099127675,1,False,True,True,,False,,,False,1.0736876966385172,,,,,,,,,,,,,
BNBUSDT,bear,2025-06-02,0.10881088825214906,1,True,False,True,0.6917709019091514,True,0.6917709019091514,1.7961309523809523,True,0.6917709019091514,,,,,,,False,False,False,,,,
BNBUSDT,bear,2025-06-16,0.10922189774529724,1,False,True,True,,False,,,True,0.7485070575461445,,,,,,,,True,True,,,False,
BNBUSDT,bear,2025-11-03,0.2568568433156346,1,True,False,True,0.461454904542462,True,0.461454904542462,1.5699404761904763,True,0.461454904542462,,,,False,,False,False,False,False,,,,
BNBUSDT,bear,2025-11-17,0.3312929081132267,3,True,False,True,0.4327786851776236,True,0.4327786851776236,9.824404761904763,True,0.29621784401796664,,True,True,False,,False,False,False,False,,,,
BNBUSDT,bear,2026-02-02,0.40447683498178033,3,True,False,True,0.2982239382239383,True,0.44939510939510946,19.385416666666668,True,0.19127413127413112,True,False,,False,,False,False,False,False,,,,True
BNBUSDT,bear,2026-03-30,0.1703108190620184,2,False,True,True,,False,,,True,0.4666666666666664,,,,True,False,True,True,True,True,False,False,False,
BNBUSDT,bear,2026-04-27,0.06810304020522534,1,False,True,True,,False,,,False,1.277354260089686,,,,,,,,,,,,,
BNBUSDT,bear,2026-06-01,0.25410198368582493,1,True,False,True,0.40208739655263276,True,0.40208739655263276,3.3511904761904763,True,0.3202256075061936,,True,True,False,,False,False,False,False,,,,
BNBUSDT,bear,2026-06-29,0.15138353654684444,2,False,True,True,,False,,,True,0.5870631194574865,,,,,,True,True,True,True,False,False,False,
XRPUSDT,bull,2020-04-27,0.36096718480138174,2,False,True,True,,True,0.9712918660287082,0.8586309523809523,True,0.9712918660287082,,,,,,,,,True,,,,
XRPUSDT,bull,2020-07-06,0.2638475282906492,2,True,False,True,0.5507900677200903,True,0.5507900677200903,1.525297619047619,True,0.5507900677200903,,,,,,False,False,False,False,,,,
XRPUSDT,bull,2020-07-27,0.9642644431209053,5,True,False,True,0.8017294626312538,True,0.8017294626312538,15.083333333333334,True,0.32303891290920295,,True,True,True,True,True,True,True,False,True,True,True,
XRPUSDT,bull,2020-08-17,0.2344983089064262,1,False,True,True,,False,,,False,1.2019230769230769,,,,,,,,,,,,,
XRPUSDT,bull,2020-10-05,0.18886861313868608,2,True,False,True,0.5628019323671496,True,0.5628019323671496,1.4389880952380953,True,0.5628019323671496,,,,,,False,False,False,False,,,,
XRPUSDT,bull,2020-11-23,2.4487461504619445,3,False,True,True,,False,,,True,0.434602946460654,,,,True,False,True,True,True,True,False,False,False,
XRPUSDT,bull,2021-01-04,1.1804335090802578,1,True,False,True,0.662531017369727,True,0.662531017369727,2.7797619047619047,True,0.605955334987593,,,,,,True,False,False,False,True,,,
XRPUSDT,bull,2021-02-01,2.174277335567658,2,True,False,True,0.7811175337186899,True,0.7811175337186899,7.669642857142857,True,0.6639691714836223,,,,,,,True,False,False,,True,,
XRPUSDT,bull,2021-04-12,4.611694578484246,7,False,False,False,,True,0.6812334584846435,2.4285714285714284,True,0.6812334584846435,,,,,,,True,True,False,,,,
XRPUSDT,bull,2021-05-03,1.0365433233739372,2,False,True,True,,True,0.6501108647450111,1.2053571428571428,True,0.6501108647450111,,,,,,,True,True,True,,False,False,
XRPUSDT,bull,2021-08-09,1.6208503203261504,3,True,False,True,0.3598035692897353,True,0.5894119056174393,12.00297619047619,True,0.35920469517307463,,False,,False,,False,False,False,False,,,,
XRPUSDT,bull,2021-10-04,0.43594824571628393,2,True,False,True,0.8045454545454545,True,0.8045454545454545,2.7485119047619047,True,0.5799465240641714,,,,,,True,True,True,False,True,True,True,
XRPUSDT,bull,2021-11-08,0.45273899033297527,2,False,True,True,,False,,,True,0.8018979833926455,,,,,,,,,True,,,,
XRPUSDT,bull,2022-02-07,0.6775786393562547,3,False,True,True,,True,0.8002699055330633,3.269345238095238,True,0.8002699055330633,,,,,,,,,True,,,,
XRPUSDT,bull,2022-03-21,0.2324786324786325,2,False,True,True,,False,,,True,0.7334558823529406,,,,,,,,True,True,,,False,
XRPUSDT,bull,2022-05-30,0.16278447121820622,1,False,True,True,,True,0.8240131578947371,0.2604166666666667,False,1.5625,,,,,,,,,,,,,
XRPUSDT,bull,2022-06-20,0.34937238493723854,1,True,False,True,0.8642714570858283,True,0.8143712574850299,1.5788690476190477,True,0.8143712574850299,,,,,,,,,False,,,,
XRPUSDT,bull,2022-07-25,0.3648468708388814,2,True,False,True,0.8941605839416058,True,0.8941605839416058,6.793154761904762,True,0.4306569343065691,,,,True,True,True,True,True,False,True,True,True,
XRPUSDT,bull,2022-09-19,0.7910256410256409,2,False,True,True,,True,0.5761750405186384,1.96875,True,0.5761750405186384,,,,,,True,True,True,True,False,False,False,
XRPUSDT,bull,2022-10-31,0.213707758210376,2,False,True,True,,False,,,False,2.2160356347438754,,,,,,,,,,,,,
XRPUSDT,bull,2022-12-26,0.1256038647342996,1,False,True,True,,False,,,False,1.826923076923076,,,,,,,,,,,,,
XRPUSDT,bull,2023-01-23,0.45956873315363866,3,True,False,True,0.6319648093841643,True,0.6319648093841643,7.221726190476191,True,0.36656891495601174,,True,True,True,True,True,False,False,False,True,,,
XRPUSDT,bull,2023-02-20,0.13509015256588078,1,False,True,True,,False,,,False,1.2505133470225869,,,,,,,,,,,,,
XRPUSDT,bull,2023-03-27,0.6876080691642653,3,True,False,True,0.7497904442581725,True,0.7497904442581725,8.269345238095237,True,0.4362950544844929,,,,True,True,True,True,False,False,True,True,,
XRPUSDT,bull,2023-05-29,0.34447996065896225,3,True,False,True,0.5481798715203426,True,0.5481798715203426,1.2083333333333333,True,0.5481798715203426,,,,,,False,False,False,False,,,,
XRPUSDT,bull,2023-06-12,0.3916892058028029,5,True,False,True,0.7871939736346516,True,0.7871939736346516,3.519345238095238,True,0.5957313245448836,,,,,,True,True,False,False,True,True,,
XRPUSDT,bull,2023-07-10,1.1901951883794826,2,False,True,True,,False,,,True,0.4834096109839816,,,,True,False,True,True,True,True,False,False,False,
XRPUSDT,bull,2023-09-25,0.20319684694547843,2,True,False,True,0.8405172413793105,True,0.5818965517241379,0.27976190476190477,True,0.5818965517241379,,,,,,True,True,True,False,True,True,True,
XRPUSDT,bull,2023-11-13,0.5980911983032874,5,False,True,True,,True,0.6900709219858157,2.7455357142857144,True,0.6436170212765958,,,,,,,True,True,True,,False,False,
XRPUSDT,bull,2023-12-25,0.13930176287590737,1,False,True,True,,False,,,False,2.2084367245657566,,,,,,,,,,,,,
XRPUSDT,bull,2024-02-12,0.19772727272727275,2,True,False,True,0.5694879832810866,True,0.5694879832810866,1.2485119047619047,True,0.5694879832810866,,,,,,False,False,False,False,,,,
XRPUSDT,bull,2024-03-11,0.44841655333203806,2,False,True,True,,False,,,True,0.7694974003466208,,,,,,,,True,True,,,False,
XRPUSDT,bull,2024-05-06,0.19446772841575846,1,False,True,True,,True,0.9040948275862072,1.1160714285714286,True,0.9040948275862072,,,,,,,,,True,,,,
XRPUSDT,bull,2024-05-20,0.14688335733388197,1,False,True,True,,False,,,True,0.6904761904761905,,,,,,,True,True,True,,False,False,
XRPUSDT,bull,2024-07-15,0.6726128016789087,2,True,False,True,0.22620904836193428,True,0.8038221528861154,2.40625,True,0.22620904836193428,False,False,,False,,False,False,False,False,,,,
XRPUSDT,bull,2024-07-29,0.7269150052465898,4,True,False,True,0.8184770840851677,True,0.8184770840851677,0.40625,True,0.8184770840851677,,,,,,,,,False,,,,
XRPUSDT,bull,2024-09-23,0.3266281617207728,3,False,True,True,,False,,,True,0.9725609756097557,,,,,,,,,True,,,,
XRPUSDT,bull,2024-12-02,5.00247015232606,6,True,False,True,0.4180314377417496,True,0.4180314377417496,5.4226190476190474,True,0.4180314377417496,,,,False,,False,False,False,False,,,,
XRPUSDT,bull,2024-12-16,0.43618756907531187,1,True,False,True,0.8869449806949805,True,0.8869449806949805,1.4300595238095237,True,0.7956081081081079,,,,,,,,,False,,,,
XRPUSDT,bull,2025-01-13,0.7074430735279367,2,False,True,True,,False,,,True,0.35398794753633483,,True,False,True,False,True,True,True,True,False,False,False,
XRPUSDT,bull,2025-02-10,0.6076207756860965,1,True,False,True,0.8250279955207167,True,0.8250279955207167,1.9479166666666667,True,0.3423852183650614,,True,True,True,True,True,True,True,False,True,True,True,
XRPUSDT,bull,2025-02-24,0.7047516443638012,3,False,True,True,,True,0.8941185936117145,2.3645833333333335,True,0.7443076675516938,,,,,,,,True,True,,,False,
XRPUSDT,bull,2025-03-17,0.3655550865344028,1,False,True,True,,False,,,True,0.7624133949191685,,,,,,,,True,True,,,False,
XRPUSDT,bull,2025-05-12,0.27902495423451185,1,False,True,True,,False,,,True,0.6743784530386737,,,,,,,True,True,True,,False,False,
XRPUSDT,bull,2025-06-09,0.13603227060653192,1,False,True,True,,True,0.6705966416577347,0.08779761904761904,False,1.5380493033226146,,,,,,,,,,,,,
XRPUSDT,bull,2025-07-14,0.9216570529627688,4,False,True,True,,False,,,True,0.4045857988165681,,,,True,False,True,True,True,True,False,False,False,
XRPUSDT,bull,2025-08-04,0.24011589525416271,1,False,True,True,,True,0.9166030242859322,1.9672619047619047,True,0.6114250801893998,,,,,,True,True,True,True,False,False,False,
XRPUSDT,bull,2025-09-08,0.18178445557410508,1,False,True,True,,False,,,True,0.47938775510204085,,,,True,False,True,True,True,True,False,False,False,
XRPUSDT,bull,2025-09-29,0.1605002995805873,1,False,True,True,,False,,,False,4.479234717685484,,,,,,,,,,,,,
XRPUSDT,bull,2025-11-10,0.2490438150568868,1,False,True,True,,False,,,False,1.4770606531881807,,,,,,,,,,,,,
XRPUSDT,bull,2026-01-05,0.3351927537832763,1,False,True,True,,False,,,True,0.7137913989125062,,,,,,,,True,True,,,False,
XRPUSDT,bull,2026-02-09,0.49391444424557013,1,False,True,True,,True,0.7247689798876605,4.135416666666667,True,0.5303497010327957,,,,,,True,True,True,True,False,False,False,
XRPUSDT,bull,2026-03-16,0.2655794532419443,3,False,True,True,,True,0.9771581133194903,3.5401785714285716,True,0.9276179175318897,,,,,,,,,True,,,,
XRPUSDT,bull,2026-04-13,0.18183241973375114,2,True,False,True,0.7105943152454777,True,0.7105943152454777,2.9538690476190474,True,0.5021533161068042,,,,,,True,True,False,False,True,True,,
XRPUSDT,bull,2026-05-11,0.15220949263502445,2,False,True,True,,False,,,False,1.23998044965787,,,,,,,,,,,,,
XRPUSDT,bull,2026-06-29,0.1742882650530701,1,False,True,True,,True,0.746727376209448,2.21875,True,0.6602162777461577,,,,,,,True,True,True,,False,False,
XRPUSDT,bull,2026-07-20,0.1059281778453353,1,False,True,True,,False,,,False,1.072645739910314,,,,,,,,,,,,,
XRPUSDT,bull,2026-08-17,0.7279561154002437,1,False,False,False,,True,0.6353614289701368,4.257440476190476,True,0.5128384035724256,,,,,,True,False,False,False,,,,
XRPUSDT,bull,2026-09-21,0.33113911856787337,1,False,False,False,,False,,,,,,,,,,,,,,,,,
XRPUSDT,bear,2020-03-09,0.7077100115074799,4,False,False,False,,False,,,True,0.29878048780487804,,True,,True,,True,True,True,False,,,,
XRPUSDT,bear,2020-04-13,0.15556635877491493,1,False,True,True,,True,0.6531250000000001,0.11755952380952381,True,0.8062500000000006,,,,,,,,,True,,,,
XRPUSDT,bear,2020-05-04,0.25761421319796957,1,True,False,True,0.6535303776683087,True,0.6535303776683087,3.230654761904762,True,0.5073891625615764,,,,,,True,False,False,False,True,,,
XRPUSDT,bear,2020-06-01,0.3532148900169204,5,False,True,True,,False,,,True,0.6371257485029941,,,,,,,True,True,True,,False,False,
XRPUSDT,bear,2020-08-31,0.3016742770167428,2,True,False,True,0.2926337033299699,True,0.3501513622603431,6.565476190476191,True,0.2431886982845611,,False,,False,,False,False,False,False,,,,
XRPUSDT,bear,2020-09-21,0.151702786377709,1,False,True,True,,True,0.7499999999999993,0.6324404761904762,True,0.7933673469387756,,,,,,,,,True,,,,
XRPUSDT,bear,2020-12-28,0.7407351154313487,2,False,True,True,,False,,,True,0.413163830223498,,,,True,False,True,True,True,True,False,False,False,
XRPUSDT,bear,2021-04-19,0.5598381385938291,1,True,False,True,0.814962052764727,True,0.814962052764727,2.119047619047619,True,0.721358872425009,,,,,,,,True,False,,,True,
XRPUSDT,bear,2021-05-17,0.6332242410563141,2,True,False,True,0.40215647834610585,True,0.40215647834610585,4.215773809523809,True,0.37471039030475856,,True,True,False,,False,False,False,False,,,,
XRPUSDT,bear,2021-06-21,0.5382729501498229,3,False,True,True,,False,,,True,0.3809041835357625,,True,False,True,False,True,True,True,True,False,False,False,
XRPUSDT,bear,2021-09-20,0.39499294781382227,2,True,False,True,0.8830565970362437,True,0.6677379039457241,4.333333333333333,True,0.4122478128905553,,,,True,True,True,True,True,False,True,True,True,
XRPUSDT,bear,2021-10-25,0.24425683902914194,3,False,True,True,,False,,,False,1.0940511797939514,,,,,,,,,,,,,
XRPUSDT,bear,2021-11-29,0.573826247689464,3,True,False,True,0.5696430872310269,True,0.5696430872310269,6.700892857142857,True,0.4607653652879784,,,,True,True,False,False,False,False,,,,
XRPUSDT,bear,2022-01-17,0.46313205694648996,4,True,False,True,0.7854568581725674,True,0.7854568581725674,4.160714285714286,True,0.23659105363578553,,True,True,True,True,True,True,False,False,True,True,,
XRPUSDT,bear,2022-04-11,0.21509477577438735,2,True,False,True,0.5534658785599141,True,0.5534658785599141,1.0014880952380953,True,0.5534658785599141,,,,,,False,False,False,False,,,,
XRPUSDT,bear,2022-05-09,0.6122283865002311,6,True,False,True,0.21238436851047762,False,,,True,0.21238436851047762,False,False,,False,,False,False,False,False,,,,
XRPUSDT,bear,2022-06-13,0.33962698595440943,2,False,True,True,,True,0.679322033898305,1.4806547619047619,True,0.679322033898305,,,,,,,True,True,True,,False,False,
XRPUSDT,bear,2022-06-27,0.21085271317829457,1,True,False,True,0.6568627450980389,True,0.6568627450980389,1.0342261904761905,True,0.6568627450980389,,,,,,,False,False,False,,,,
XRPUSDT,bear,2022-07-11,0.22377260981912148,3,False,True,True,,True,0.9376443418013855,1.1160714285714286,True,0.9376443418013855,,,,,,,,,True,,,,
XRPUSDT,bear,2022-09-05,0.20469028804486358,3,False,True,True,,False,,,False,1.0697384806973846,,,,,,,,,,,,,
XRPUSDT,bear,2022-10-17,0.2354439592430858,2,True,False,True,0.6939721792890264,True,0.6939721792890264,2.1651785714285716,True,0.48995363214837695,,,,True,True,True,False,False,False,True,,,
XRPUSDT,bear,2022-11-07,0.39019607843137255,1,True,False,True,0.5457286432160803,True,0.5457286432160803,7.005952380952381,True,0.436180904522613,,,,True,True,False,False,False,False,,,,
XRPUSDT,bear,2022-12-19,0.17013279879729395,1,True,False,True,0.6126656848306336,True,0.6126656848306336,0.5491071428571429,True,0.6126656848306336,,,,,,False,False,False,False,,,,
XRPUSDT,bear,2023-01-02,0.20386266094420602,1,False,True,True,,False,,,False,1.4815789473684204,,,,,,,,,,,,,
XRPUSDT,bear,2023-02-13,0.1678208679593721,3,True,False,True,0.6698762035763416,True,0.6698762035763416,0.6666666666666666,True,0.6698762035763416,,,,,,,False,False,False,,,,
XRPUSDT,bear,2023-03-06,0.15200391006842628,2,False,True,True,,True,0.6479099678456589,0.3913690476190476,True,0.8601286173633443,,,,,,,,,True,,,,
XRPUSDT,bear,2023-04-24,0.21271929824561403,2,True,False,True,0.3556701030927834,True,0.3556701030927834,1.1071428571428572,True,0.3556701030927834,,False,,False,,False,False,False,False,,,,
XRPUSDT,bear,2023-05-08,0.2567616959064328,4,False,True,True,,True,0.9971530249110315,3.7485119047619047,True,0.49110320284697506,,,,True,False,True,True,True,True,False,False,False,
XRPUSDT,bear,2023-06-26,0.22155477031802115,2,False,True,True,,True,0.9409888357256782,1.5193452380952381,True,0.42344497607655546,,,,True,False,True,True,True,True,False,False,False,
XRPUSDT,bear,2023-08-14,0.5769948186528497,5,False,False,False,,False,,,True,0.23581178160919536,True,True,,True,,True,False,False,False,,,,
XRPUSDT,bear,2023-09-11,0.16993820428934936,2,False,True,True,,True,0.9925133689839568,2.1101190476190474,True,0.7336898395721922,,,,,,,,True,True,,,False,
XRPUSDT,bear,2023-10-09,0.14194722474977256,2,False,True,True,,False,,,True,0.8141025641025647,,,,,,,,,True,,,,
XRPUSDT,bear,2023-11-20,0.24087591240875914,1,True,False,True,0.4033057851239672,True,0.713498622589532,2.011904761904762,True,0.3460055096418737,,True,True,False,,False,False,False,False,,,,
XRPUSDT,bear,2023-12-04,0.25826144658261446,3,True,False,True,0.536998972250771,True,0.536998972250771,3.357142857142857,True,0.536998972250771,,,,,,False,False,False,False,,,,
XRPUSDT,bear,2024-01-01,0.27002427184466016,1,False,True,True,,True,0.8056179775280901,1.6666666666666667,True,0.8056179775280901,,,,,,,,,True,,,,
XRPUSDT,bear,2024-03-18,0.23822937625754537,1,True,False,True,0.5388513513513511,True,0.5388513513513511,1.2886904761904763,True,0.5388513513513511,,,,,,False,False,False,False,,,,
XRPUSDT,bear,2024-04-08,0.45016767270288405,4,True,False,True,0.48092967818831944,True,0.48092967818831944,11.587797619047619,True,0.37753277711561367,,True,True,False,,False,False,False,False,,,,
XRPUSDT,bear,2024-04-29,0.16471206021354806,1,True,False,True,0.9861849096705624,True,0.9861849096705624,0.27976190476190477,True,0.9861849096705624,,,,,,,,,False,,,,
XRPUSDT,bear,2024-05-13,0.14719298245614032,1,True,False,True,0.851013110846246,True,0.851013110846246,0.5104166666666666,True,0.851013110846246,,,,,,,,,False,,,,
XRPUSDT,bear,2024-06-03,0.19730941704035873,2,True,False,True,0.6681818181818183,True,0.6681818181818183,1.1517857142857142,True,0.5327272727272726,,,,,,True,False,False,False,True,,,
XRPUSDT,bear,2024-07-01,0.2683301343570058,2,False,True,True,,False,,,False,1.3204577968526463,,,,,,,,,,,,,
XRPUSDT,bear,2024-08-05,0.34452377335561296,1,False,True,True,,True,0.8800705467372134,3.6711309523809526,True,0.674162257495591,,,,,,,True,True,True,,False,False,
XRPUSDT,bear,2024-09-02,0.20440500713040724,2,False,True,True,,False,,,True,0.7581395348837209,,,,,,,,True,True,,,False,
XRPUSDT,bear,2024-09-30,0.23945353550517937,1,True,False,True,0.37554858934169255,True,0.37554858934169255,2.7098214285714284,True,0.24576802507836934,,False,,False,,False,False,False,False,,,,
XRPUSDT,bear,2024-10-21,0.14245366284201236,1,False,True,True,,False,,,True,0.5600991325898391,,,,,,True,True,True,True,False,False,False,
XRPUSDT,bear,2024-12-09,0.3483882030178327,1,False,True,True,,True,0.8158283295599961,0.44047619047619047,True,0.8158283295599961,,,,,,,,,True,,,,
XRPUSDT,bear,2025-02-03,0.4819492994154452,3,True,False,True,0.7575425123422929,True,0.6531358566465532,2.5952380952380953,True,0.6531358566465532,,,,,,,True,False,False,,True,,
XRPUSDT,bear,2025-03-10,0.36963246299684016,2,True,False,True,0.6234140196166653,True,0.6234140196166653,2.0580357142857144,True,0.6234140196166653,,,,,,,False,False,False,,,,
XRPUSDT,bear,2025-04-07,0.3767774343122102,3,False,True,True,,False,,,True,0.5865039483129936,,,,,,True,True,True,True,False,False,False,
XRPUSDT,bear,2025-06-02,0.22500941619585688,3,True,False,True,0.4685302979578173,True,0.4685302979578173,1.8407738095238095,True,0.4685302979578173,,,,False,,False,False,False,False,,,,
XRPUSDT,bear,2025-06-16,0.18417112299465235,1,False,True,True,,False,,,True,0.7486643437862948,,,,,,,,True,True,,,False,
XRPUSDT,bear,2025-07-28,0.25596245156360864,2,True,False,True,0.6979744136460554,True,0.6979744136460554,2.2410714285714284,True,0.6979744136460554,,,,,,,False,False,False,,,,
XRPUSDT,bear,2025-09-01,0.20282140005323396,4,True,False,True,0.7144940215806361,True,0.7144940215806361,2.0342261904761907,True,0.7144940215806361,,,,,,,,False,False,,,,
XRPUSDT,bear,2025-09-22,0.16170145973944444,2,True,False,True,0.8320714424383615,True,0.8320714424383615,1.3050595238095237,True,0.8320714424383615,,,,,,,,,False,,,,
XRPUSDT,bear,2025-10-06,0.6194901581155211,1,True,False,True,0.79055109907282,True,0.79055109907282,15.580357142857142,True,0.7635170330242733,,,,,,,,True,False,,,True,
XRPUSDT,bear,2025-11-03,0.23412065705068774,1,True,False,True,0.8146974976243269,True,0.8146974976243269,0.5982142857142857,True,0.8146974976243269,,,,,,,,,False,,,,
XRPUSDT,bear,2025-11-17,0.2945075390519012,1,True,False,True,0.6118715451434591,True,0.6118715451434591,3.0982142857142856,True,0.6118715451434591,,,,,,False,False,False,False,,,,
XRPUSDT,bear,2025-12-15,0.31381061281445016,5,True,False,True,0.7994071146245061,True,0.7994071146245061,3.9970238095238093,True,0.22047924901185786,True,True,True,True,True,True,True,True,False,True,True,True,True
XRPUSDT,bear,2026-02-02,0.5377869700103413,4,True,False,True,0.4245058072455965,True,0.4245058072455965,19.510416666666668,True,0.4245058072455965,,,,False,,False,False,False,False,,,,
XRPUSDT,bear,2026-02-23,0.2396213981908584,2,True,False,True,0.8427500000000001,True,0.8427500000000001,2.855654761904762,True,0.5069999999999998,,,,,,True,True,True,False,True,True,True,
XRPUSDT,bear,2026-03-30,0.2050547808764941,2,True,False,True,0.8251366120218577,True,0.7049180327868855,3.392857142857143,True,0.3609593199757133,,True,True,True,True,True,True,True,False,True,True,True,
XRPUSDT,bear,2026-06-01,0.32270144628099173,3,True,False,True,0.48819527811124447,True,0.48819527811124447,2.5104166666666665,True,0.2765106042416969,,True,True,False,,False,False,False,False,,,,
XRPUSDT,bear,2026-06-22,0.22034029389017784,1,True,False,True,0.6167076167076168,True,0.6167076167076168,5.441964285714286,True,0.6167076167076168,,,,,,False,False,False,False,,,,
XRPUSDT,bear,2026-08-10,0.15436818142771228,3,False,True,True,,False,,,False,3.9877573734001146,,,,,,,,,,,,,
ADAUSDT,bull,2020-04-27,0.7576736672051696,2,True,False,True,0.533049040511727,True,0.533049040511727,2.013392857142857,True,0.533049040511727,,,,,,False,False,False,False,,,,
ADAUSDT,bull,2020-06-01,1.1577565632458235,4,True,False,True,0.43496186353329225,True,0.43496186353329225,3.3824404761904763,True,0.339723768295197,,True,True,False,,False,False,False,False,,,,
ADAUSDT,bull,2020-07-06,1.013417977203867,3,True,False,True,0.3495159453302961,True,0.3495159453302961,1.880952380952381,True,0.3066628701594533,,False,,False,,False,False,False,False,,,,
ADAUSDT,bull,2020-07-20,1.2396479584475546,5,True,False,True,0.9280726256983239,True,0.9280726256983239,16.711309523809526,True,0.3436918063314711,,True,True,True,True,True,True,True,False,True,True,True,
ADAUSDT,bull,2020-10-12,0.280532855703571,1,False,True,True,,True,0.5586592178770955,0.5610119047619048,True,0.5586592178770955,,,,,,True,True,True,True,False,False,False,
ADAUSDT,bull,2020-11-23,1.097155858930603,3,True,False,True,0.6068021567814187,True,0.6068021567814187,4.117559523809524,True,0.4478432185815015,,,,True,True,False,False,False,False,,,,
ADAUSDT,bull,2020-12-14,0.36304899623105935,1,False,True,True,,False,,,False,1.088771186440678,,,,,,,,,,,,,
ADAUSDT,bull,2021-01-11,2.167143538388174,3,True,False,True,0.43730516741849124,True,0.43730516741849124,2.1324404761904763,True,0.43730516741849124,,,,False,,False,False,False,False,,,,
ADAUSDT,bull,2021-02-22,10.810522969321253,9,True,False,True,0.36887029657839404,True,0.42719345968915884,9.488095238095237,True,0.3335073299122175,,False,,False,,False,False,False,False,,,,
ADAUSDT,bull,2021-03-15,0.504648114846536,1,True,False,True,0.9118197741136678,True,0.9118197741136678,0.6398809523809523,True,0.9118197741136678,,,,,,,,,False,,,,
ADAUSDT,bull,2021-04-12,0.5919412356365631,5,False,True,True,,False,,,False,1.1361584539072824,,,,,,,,,,,,,
ADAUSDT,bull,2021-05-10,1.7300152496298098,3,True,False,True,0.939280513043256,True,0.939280513043256,0.3854166666666667,True,0.939280513043256,,,,,,,,,False,,,,
ADAUSDT,bull,2021-06-28,0.4950000000000001,1,True,False,True,0.9595959595959596,True,0.9595959595959596,3.005952380952381,True,0.42424242424242453,,,,True,True,True,True,True,False,True,True,True,
ADAUSDT,bull,2021-08-30,2.044313725490196,6,False,True,True,,False,,,True,0.6099654709380395,,,,,,True,True,True,True,False,False,False,
ADAUSDT,bull,2021-10-18,0.11198067632850253,1,False,True,True,,False,,,False,2.2377049180327853,,,,,,,,,,,,,
ADAUSDT,bull,2021-11-08,0.333968930514273,2,False,True,True,,False,,,False,1.1388748950461796,,,,,,,,,,,,,
ADAUSDT,bull,2021-12-27,0.3478113622893913,2,False,True,True,,False,,,False,1.143135345666991,,,,,,,,,,,,,
ADAUSDT,bull,2022-02-28,0.3543454935622317,1,True,False,True,0.8868281604844818,True,0.8868281604844818,1.8258928571428572,True,0.8841786525359577,,,,,,,,,False,,,,
ADAUSDT,bull,2022-04-04,0.6077369439071566,3,False,True,True,,False,,,True,0.7116486314449394,,,,,,,,True,True,,,False,
ADAUSDT,bull,2022-05-30,0.5487640449438203,1,False,True,True,,False,,,True,0.8218673218673219,,,,,,,,,True,,,,
ADAUSDT,bull,2022-07-25,0.38724146523797653,2,True,False,True,0.44144144144144143,True,0.44144144144144143,1.755952380952381,True,0.44144144144144143,,,,False,,False,False,False,False,,,,
ADAUSDT,bull,2022-08-08,0.48218290555694,4,False,True,True,,True,0.8878552971576228,3.7261904761904763,True,0.8299741602067184,,,,,,,,,True,,,,
ADAUSDT,bull,2022-09-05,0.23900709219858163,1,False,True,True,,False,,,True,0.8585558852621165,,,,,,,,,True,,,,
ADAUSDT,bull,2022-10-24,0.33586395384148204,1,False,True,True,,True,0.5424954792043398,0.7232142857142857,True,0.5424954792043398,,,,,,True,True,True,True,False,False,False,
ADAUSDT,bull,2022-12-05,0.11567164179104483,2,False,True,True,,True,0.885630498533724,0.22470238095238096,False,2.187683284457477,,,,,,,,,,,,,
ADAUSDT,bull,2023-01-30,0.7325240686479698,5,True,False,True,0.3965714285714287,True,0.668,6.267857142857143,True,0.3445714285714284,,True,True,False,,False,False,False,False,,,,
ADAUSDT,bull,2023-02-13,0.7664294683968187,7,True,False,True,0.6826870562534135,True,0.6826870562534135,5.34375,True,0.3894046968869469,,,,True,True,True,False,False,False,True,,,
ADAUSDT,bull,2023-03-27,0.3774410774410776,3,True,False,True,0.34701159678858196,True,0.34701159678858196,1.5476190476190477,True,0.34701159678858196,,False,,False,,False,False,False,False,,,,
ADAUSDT,bull,2023-04-10,0.5569023569023569,5,False,True,True,,False,,,True,0.5102781136638451,,,,,,True,True,True,True,False,False,False,
ADAUSDT,bull,2023-05-29,0.09340503821115193,1,False,True,True,,False,,,False,5.139393939393942,,,,,,,,,,,,,
ADAUSDT,bull,2023-07-10,0.5065502183406113,3,False,True,True,,False,,,True,0.6347962382445143,,,,,,,True,True,True,,False,False,
ADAUSDT,bull,2023-10-02,0.12203248646397319,1,False,True,True,,True,0.9453924914675771,1.0788690476190477,True,0.9453924914675771,,,,,,,,,True,,,,
ADAUSDT,bull,2023-11-13,0.7212426532325776,4,True,False,True,0.318393480791618,True,0.318393480791618,2.363095238095238,True,0.318393480791618,,False,,False,,False,False,False,False,,,,
ADAUSDT,bull,2023-12-11,1.8610411418975652,8,True,False,True,0.528084818407399,True,0.528084818407399,10.464285714285714,True,0.3103992781412135,,True,True,True,True,False,False,False,False,,,,
ADAUSDT,bull,2024-03-11,0.4755499000181784,1,False,True,True,,False,,,True,0.9273700305810397,,,,,,,,,True,,,,
ADAUSDT,bull,2024-05-20,0.20301460197833268,1,False,True,True,,True,0.8143851508120649,1.6369047619047619,True,0.8143851508120649,,,,,,,,,True,,,,
ADAUSDT,bull,2024-07-15,0.4452184927169092,2,False,True,True,,False,,,True,0.5348506401137981,,,,,,True,True,True,True,False,False,False,
ADAUSDT,bull,2024-08-19,0.4589090909090908,2,True,False,True,0.7773375594294774,True,0.7773375594294774,4.184523809523809,True,0.5919175911251982,,,,,,True,True,False,False,True,True,,
ADAUSDT,bull,2024-09-09,0.2038931045859453,1,True,False,True,0.6278317152103557,True,0.6278317152103557,0.5907738095238095,True,0.6278317152103557,,,,,,,False,False,False,,,,
ADAUSDT,bull,2024-09-23,0.27445568843912915,1,False,True,True,,False,,,True,0.9407821229050283,,,,,,,,,True,,,,
ADAUSDT,bull,2024-12-02,3.1531249999999997,4,False,False,False,,True,0.8124876114965313,11.953869047619047,True,0.42993062438057483,,,,True,,True,True,True,False,,,,
ADAUSDT,bull,2025-01-13,0.40687575392038594,2,False,True,True,,False,,,True,0.6397865401719536,,,,,,,True,True,True,,False,False,
ADAUSDT,bull,2025-02-10,0.6313825608798115,1,True,False,True,0.7807153965785381,True,0.7807153965785381,1.9479166666666667,True,0.30668740279937795,,True,True,True,True,True,True,False,False,True,True,,
ADAUSDT,bull,2025-03-03,1.02742797998965,1,False,True,True,,False,,,True,0.8885157824042982,,,,,,,,,True,,,,
ADAUSDT,bull,2025-04-21,0.45986687548942834,2,True,False,True,0.4410387398893147,True,0.4410387398893147,1.5520833333333333,True,0.34780757769263515,,True,True,False,,False,False,False,False,,,,
ADAUSDT,bull,2025-05-12,0.34574053885687583,1,False,True,True,,True,0.6981981981981984,0.5833333333333334,True,0.6981981981981984,,,,,,,True,True,True,,False,False,
ADAUSDT,bull,2025-07-21,0.834675044178284,5,True,False,True,0.589508350976241,True,0.589508350976241,2.419642857142857,True,0.589508350976241,,,,,,False,False,False,False,,,,
ADAUSDT,bull,2025-08-11,0.4915179877157065,2,False,True,True,,True,0.711097887533472,3.7723214285714284,True,0.5908955667955964,,,,,,True,True,True,True,False,False,False,
ADAUSDT,bull,2025-09-08,0.22192342169291843,1,False,True,True,,False,,,True,0.5908828620888634,,,,,,True,True,True,True,False,False,False,
ADAUSDT,bull,2025-09-29,0.18362743797266812,1,False,True,True,,False,,,False,4.463872832369943,,,,,,,,,,,,,
ADAUSDT,bull,2025-12-08,0.30553306342780034,1,False,True,True,,False,,,False,1.2137809187279152,,,,,,,,,,,,,
ADAUSDT,bull,2026-01-05,0.3348595848595849,1,False,True,True,,False,,,True,0.5742935278030993,,,,,,True,True,True,True,False,False,False,
ADAUSDT,bull,2026-02-23,0.4219600725952813,3,False,True,True,,True,0.7290322580645161,2.0416666666666665,True,0.7290322580645161,,,,,,,,True,True,,,False,
ADAUSDT,bull,2026-03-16,0.20317589576547218,2,False,True,True,,True,0.9619238476953911,0.33630952380952384,False,1.264529058116233,,,,,,,,,,,,,
ADAUSDT,bull,2026-05-04,0.21209575808483838,1,False,True,True,,False,,,True,0.8633663366336636,,,,,,,,,True,,,,
ADAUSDT,bull,2026-06-29,0.447501810282404,1,True,False,True,0.7556634304207119,True,0.7556634304207119,3.8839285714285716,True,0.6326860841423948,,,,,,,True,False,False,,True,,
ADAUSDT,bull,2026-08-03,0.3818537859007833,1,True,False,True,0.694017094017094,True,0.694017094017094,1.5297619047619047,True,0.6376068376068377,,,,,,,False,False,False,,,,
ADAUSDT,bull,2026-08-17,0.6892950391644906,3,True,False,True,0.659090909090909,True,0.659090909090909,4.065476190476191,True,0.659090909090909,,,,,,,False,False,False,,,,
ADAUSDT,bear,2020-02-24,0.6849503858875413,2,True,False,True,0.5947686116700202,True,0.5947686116700202,1.4925595238095237,True,0.5947686116700202,,,,,,False,False,False,False,,,,
ADAUSDT,bear,2020-03-09,0.7585446527012127,4,False,True,True,,False,,,True,0.2986918604651162,,True,False,True,False,True,True,True,True,False,False,False,
ADAUSDT,bear,2020-05-04,0.22977941176470584,1,False,True,True,,False,,,True,0.8296,,,,,,,,,True,,,,
ADAUSDT,bear,2020-06-15,0.23338126313460908,2,False,True,True,,True,0.8478672985781989,0.8318452380952381,True,0.8478672985781989,,,,,,,,,True,,,,
ADAUSDT,bear,2020-08-31,0.44371856013588556,4,True,False,True,0.21598939929328623,False,,,True,0.21598939929328623,False,False,,False,,False,False,False,False,,,,
ADAUSDT,bear,2020-09-21,0.41179678977715445,3,False,True,True,,True,0.7360454115421002,5.163690476190476,True,0.5920529801324502,,,,,,True,True,True,True,False,False,False,
ADAUSDT,bear,2020-11-02,0.23157618672960922,3,False,True,True,,False,,,True,0.8067195167987921,,,,,,,,,True,,,,
ADAUSDT,bear,2020-12-21,0.28999492127983756,1,False,True,True,,False,,,False,1.6495427125899977,,,,,,,,,,,,,
ADAUSDT,bear,2021-04-19,0.4224647392941477,1,False,True,True,,False,,,True,0.7688984228654301,,,,,,,,True,True,,,False,
ADAUSDT,bear,2021-05-17,0.5952236389394859,1,False,True,True,,True,0.6057123427405645,4.142857142857143,True,0.5655219313158789,,,,,,True,True,True,True,False,False,False,
ADAUSDT,bear,2021-06-21,0.4710953615063204,3,False,True,True,,True,0.5557426743011116,3.1636904761904763,True,0.5557426743011116,,,,,,True,True,True,True,False,False,False,
ADAUSDT,bear,2021-07-19,0.3177257525083612,3,False,True,True,,False,,,True,0.7989473684210524,,,,,,,,,True,,,,
ADAUSDT,bear,2021-09-06,0.4096032461677187,1,True,False,True,0.5983961003223522,True,0.5983961003223522,1.2693452380952381,True,0.5983961003223522,,,,,,False,False,False,False,,,,
ADAUSDT,bear,2021-10-11,0.12911775842483914,1,True,False,True,0.7552948843271428,True,0.7552948843271428,0.5193452380952381,True,0.7552948843271428,,,,,,,,False,False,,,,
ADAUSDT,bear,2021-10-25,0.22534538187505437,1,False,True,True,,False,,,True,0.7004048582995949,,,,,,,True,True,True,,False,False,
ADAUSDT,bear,2021-11-29,0.5053392752039014,3,True,False,True,0.3455074875207987,True,0.3824459234608985,6.757440476190476,True,0.25091514143094834,,False,,False,,False,False,False,False,,,,
ADAUSDT,bear,2022-02-21,0.40937896070975915,2,True,False,True,0.969814241486068,True,0.969814241486068,6.056547619047619,True,0.5112229102167183,,,,,,True,True,True,False,True,True,True,
ADAUSDT,bear,2022-03-14,0.23202614379084974,2,False,True,True,,False,,,False,1.7656850192061457,,,,,,,,,,,,,
ADAUSDT,bear,2022-05-09,0.557310070671378,1,True,False,True,0.5712304339211415,True,0.5712304339211415,4.049107142857143,True,0.4224291658410938,,,,True,True,False,False,False,False,,,,
ADAUSDT,bear,2022-06-13,0.39059779454439936,2,True,False,True,0.39375928677563155,True,0.6493313521545319,8.610119047619047,True,0.39375928677563155,,,,False,,False,False,False,False,,,,
ADAUSDT,bear,2022-07-11,0.41773070226349396,6,True,False,True,0.6721083709621396,True,0.6721083709621396,4.700892857142857,True,0.5112886418895449,,,,,,True,False,False,False,True,,,
ADAUSDT,bear,2022-08-29,0.2888365837256221,3,True,False,True,0.5884749708963912,True,0.5884749708963912,1.9821428571428572,True,0.5884749708963912,,,,,,False,False,False,False,,,,
ADAUSDT,bear,2022-09-19,0.21064682312535774,2,True,False,True,0.447463768115942,True,0.447463768115942,2.1279761904761907,True,0.447463768115942,,,,False,,False,False,False,False,,,,
ADAUSDT,bear,2022-10-17,0.37168479297843926,6,True,False,True,0.5677618069815196,True,0.5677618069815196,2.2589285714285716,True,0.5677618069815196,,,,,,False,False,False,False,,,,
ADAUSDT,bear,2022-11-21,0.32984769265742214,4,True,False,True,0.23501033769813934,True,0.23501033769813934,2.705357142857143,True,0.21778084079944876,False,False,,False,,False,False,False,False,,,,
ADAUSDT,bear,2022-12-26,0.27363940407418674,3,False,True,True,,False,,,True,0.7733333333333331,,,,,,,,True,True,,,False,
ADAUSDT,bear,2023-03-06,0.2962085308056872,3,False,True,True,,False,,,True,0.5688,,,,,,True,True,True,True,False,False,False,
ADAUSDT,bear,2023-05-08,0.2478373702422145,4,True,False,True,0.33595113438045365,True,0.33595113438045365,3.3720238095238093,True,0.28446771378708574,,False,,False,,False,False,False,False,,,,
ADAUSDT,bear,2023-06-05,0.4390370178617654,1,False,True,True,,True,0.9599056603773587,7.154761904761905,True,0.4298349056603775,,,,True,False,True,True,True,True,False,False,False,
ADAUSDT,bear,2023-08-14,0.2730407523510972,2,False,True,True,,True,0.5556831228473018,3.1160714285714284,True,0.466130884041332,,,,True,False,True,True,True,True,False,False,False,
ADAUSDT,bear,2023-09-11,0.1562611487691759,2,False,True,True,,True,0.7511415525114151,3.2351190476190474,True,0.4885844748858454,,,,True,False,True,True,True,True,False,False,False,
ADAUSDT,bear,2023-10-16,0.11581291759465472,2,False,True,True,,False,,,False,1.945512820512822,,,,,,,,,,,,,
ADAUSDT,bear,2024-01-08,0.3169905771495878,2,True,False,True,0.39294008360427307,False,,,True,0.39294008360427307,,,,False,,False,False,False,False,,,,
ADAUSDT,bear,2024-01-22,0.341283863368669,4,False,True,True,,False,,,True,0.3856773080241589,,,,True,False,True,True,True,True,False,False,False,
ADAUSDT,bear,2024-03-18,0.29887889614389546,1,True,False,True,0.4744435284418797,True,0.4744435284418797,1.2886904761904763,True,0.4744435284418797,,,,False,,False,False,False,False,,,,
ADAUSDT,bear,2024-04-08,0.5129974128372552,4,True,False,True,0.30499519692603266,True,0.30499519692603266,16.00595238095238,True,0.2812199807877041,,False,,False,,False,False,False,False,,,,
ADAUSDT,bear,2024-04-29,0.19950220179973188,1,True,False,True,0.8896353166986568,True,0.8896353166986568,2.5104166666666665,True,0.5566218809980807,,,,,,True,True,True,False,True,True,True,
ADAUSDT,bear,2024-06-17,0.2812882185079494,2,True,False,True,0.5137681159420289,True,0.5137681159420289,1.5714285714285714,True,0.37028985507246376,,True,True,True,True,False,False,False,False,,,,
ADAUSDT,bear,2024-07-01,0.35629841011006924,4,True,False,True,0.8043478260869564,True,0.8043478260869564,3.5357142857142856,True,0.7471395881006867,,,,,,,,True,False,,,True,
ADAUSDT,bear,2024-08-05,0.3974583698510078,3,False,True,True,,True,0.6957001102535834,3.2916666666666665,True,0.38864388092612995,,,,True,False,True,True,True,True,False,False,False,
ADAUSDT,bear,2024-09-02,0.24451645064805588,2,False,True,True,,False,,,True,0.6299694189602447,,,,,,,True,True,True,,False,False,
ADAUSDT,bear,2024-09-16,0.10633050150726227,1,False,True,True,,False,,,False,2.3067010309278357,,,,,,,,,,,,,
ADAUSDT,bear,2024-10-07,0.20332050048123199,2,True,False,True,0.4958579881656803,True,0.4958579881656803,1.7083333333333333,True,0.474556213017751,,,,False,,False,False,False,False,,,,
ADAUSDT,bear,2024-10-21,0.24927815206929746,4,False,True,True,,False,,,True,0.5028957528957526,,,,,,True,True,True,True,False,False,False,
ADAUSDT,bear,2024-12-16,0.4269375470278404,2,True,False,True,0.7132534367289388,True,0.7132534367289388,5.043154761904762,True,0.3318646457525554,,True,True,True,True,True,True,False,False,True,True,,
ADAUSDT,bear,2025-02-03,0.5634056417731287,3,False,True,True,,False,,,True,0.4892710394156141,,,,True,False,True,True,True,True,False,False,False,
ADAUSDT,bear,2025-03-10,0.4502680166765932,1,True,False,True,0.2418745275888133,True,0.4119425547996976,13.244047619047619,True,0.20578231292517005,True,False,,False,,False,False,False,False,,,,True
ADAUSDT,bear,2025-04-07,0.34013693321276317,2,False,True,True,,False,,,True,0.556399544246107,,,,,,True,True,True,True,False,False,False,
ADAUSDT,bear,2025-06-16,0.3035689867359497,1,False,True,True,,False,,,True,0.37792792792792784,,True,False,True,False,True,True,True,True,False,False,False,
ADAUSDT,bear,2025-07-28,0.26819349315068497,1,False,True,True,,False,,,True,0.6005586592178773,,,,,,True,True,True,True,False,False,False,
ADAUSDT,bear,2025-09-22,0.21012366380213793,2,True,False,True,0.6902743142144636,True,0.6902743142144636,1.662202380952381,True,0.6902743142144636,,,,,,,False,False,False,,,,
ADAUSDT,bear,2025-10-06,0.6925232597242462,1,True,False,True,0.7466817740369052,True,0.7466817740369052,5.587797619047619,True,0.7466817740369052,,,,,,,,False,False,,,,
ADAUSDT,bear,2025-11-17,0.44107889802394346,3,True,False,True,0.16808371484630477,True,0.3145846958796599,5.383928571428571,True,0.16808371484630477,False,False,,False,,False,False,False,False,,,,
ADAUSDT,bear,2025-12-01,0.4655993076590221,5,True,False,True,0.35068153655514256,True,0.35068153655514256,7.580357142857143,True,0.35068153655514256,,False,,False,,False,False,False,False,,,,
ADAUSDT,bear,2025-12-29,0.3227206946454414,3,True,False,True,0.7027546444586804,True,0.7027546444586804,2.0,True,0.7027546444586804,,,,,,,False,False,False,,,,
ADAUSDT,bear,2026-02-02,0.49599817059227075,4,True,False,True,0.4287690179806362,True,0.4287690179806362,16.40327380952381,True,0.37482710926694335,,True,True,False,,False,False,False,False,,,,
ADAUSDT,bear,2026-03-02,0.21633694958519462,1,True,False,True,0.73598820058997,True,0.73598820058997,1.6875,True,0.5280235988200586,,,,,,True,True,False,False,True,True,,
ADAUSDT,bear,2026-03-23,0.2135363790186125,1,True,False,True,0.8906497622820925,True,0.8906497622820925,6.654761904761905,True,0.3534072900158477,,True,True,True,True,True,True,True,False,True,True,True,
ADAUSDT,bear,2026-06-01,0.4854469854469855,4,True,False,True,0.29550321199143476,False,,,True,0.2519628836545324,,False,,False,,False,False,False,False,,,,
ADAUSDT,bear,2026-06-22,0.27277514481305953,1,False,True,True,,False,,,False,1.1930501930501927,,,,,,,,,,,,,
DOGEUSDT,bull,2020-09-14,0.07888805409466572,1,False,True,True,,False,,,False,1.6761904761904747,,,,,,,,,,,,,
DOGEUSDT,bull,2020-11-23,0.7592668024439917,3,True,False,True,0.707618025751073,True,0.707618025751073,2.517857142857143,True,0.5761802575107297,,,,,,True,True,False,False,True,True,,
DOGEUSDT,bull,2020-12-28,3.6919999999999997,3,True,False,True,0.6695557963163598,True,0.6695557963163598,3.4598214285714284,True,0.5756590827013363,,,,,,True,False,False,False,True,,,
DOGEUSDT,bull,2021-01-25,12.318318318318319,2,True,False,True,0.7305216967333008,True,0.7305216967333008,0.9627976190476191,True,0.7305216967333008,,,,,,,,False,False,,,,
DOGEUSDT,bull,2021-03-08,0.5462672143029716,2,True,False,True,0.6371517027863779,True,0.6371517027863779,2.4910714285714284,True,0.3991596638655462,,,,True,True,True,False,False,False,True,,,
DOGEUSDT,bull,2021-04-12,8.265939428156631,3,True,False,True,0.7282389417013667,True,0.7282389417013667,1.7410714285714286,True,0.7282389417013667,,,,,,,,False,False,,,,
DOGEUSDT,bull,2021-05-03,14.005403879501552,6,False,False,False,,False,,,True,0.5695855360906672,,,,,,True,True,True,False,,,,
DOGEUSDT,bull,2021-08-16,0.8239345450779347,2,False,True,True,,True,0.9946577839230721,8.061011904761905,True,0.5538306831751618,,,,,,True,True,True,True,False,False,False,
DOGEUSDT,bull,2021-10-04,0.4022994431841618,2,True,False,True,0.722798923490965,True,0.722798923490965,1.0535714285714286,True,0.722798923490965,,,,,,,,False,False,,,,
DOGEUSDT,bull,2021-10-25,0.7580944524644259,5,False,True,True,,False,,,True,0.6221436343852014,,,,,,,True,True,True,,False,False,
DOGEUSDT,bull,2022-04-04,0.6352373143846223,4,False,True,True,,True,0.8214541804101536,2.113095238095238,True,0.6704431378172953,,,,,,,True,True,True,,False,False,
DOGEUSDT,bull,2022-06-27,0.6078351356865945,2,True,False,True,0.7207116482040953,True,0.7207116482040953,2.3273809523809526,True,0.44746559248069806,,,,True,True,True,True,False,False,True,True,,
DOGEUSDT,bull,2022-07-18,0.3427524856096286,1,True,False,True,0.8641221374045802,True,0.8641221374045802,0.5342261904761905,True,0.8641221374045802,,,,,,,,,False,,,,
DOGEUSDT,bull,2022-08-15,0.4925000000000001,3,False,True,True,,False,,,True,0.9583756345177664,,,,,,,,,True,,,,
DOGEUSDT,bull,2022-10-31,1.893462028774358,3,False,False,False,,False,,,True,0.8525536212368953,,,,,,,,,False,,,,
DOGEUSDT,bull,2022-12-05,0.5702247191011236,2,False,True,True,,False,,,True,0.9381773399014779,,,,,,,,,True,,,,
DOGEUSDT,bull,2023-01-30,0.523962148962149,5,False,True,True,,False,,,True,0.6187008447422079,,,,,,,True,True,True,,False,False,
DOGEUSDT,bull,2023-04-03,0.6852978859705318,4,False,True,True,,False,,,True,0.5900911427903718,,,,,,True,True,True,True,False,False,False,
DOGEUSDT,bull,2023-05-29,0.08391915641476294,1,False,True,True,,False,,,False,3.739965095986031,,,,,,,,,,,,,
DOGEUSDT,bull,2023-07-24,0.33126984126984127,2,False,True,True,,False,,,True,0.5548634403449931,,,,,,True,True,True,True,False,False,False,
DOGEUSDT,bull,2023-10-02,0.08890397013912456,1,False,True,True,,False,,,False,1.4885496183206104,,,,,,,,,,,,,
DOGEUSDT,bull,2023-10-23,0.33433841787868046,2,True,False,True,0.5167108753315648,True,0.5167108753315648,1.0982142857142858,True,0.5167108753315648,,,,,,False,False,False,False,,,,
DOGEUSDT,bull,2023-11-13,0.3662301216089803,1,True,False,True,0.7292464878671779,True,0.7292464878671779,1.3571428571428572,True,0.7292464878671779,,,,,,,,False,False,,,,
DOGEUSDT,bull,2023-12-11,0.677268475210477,5,True,False,True,0.7826887661141804,True,0.7826887661141804,10.200892857142858,True,0.4882596685082872,,,,True,True,True,True,False,False,True,True,,
DOGEUSDT,bull,2024-03-04,1.8147594455014946,9,True,False,True,0.6334906013629895,True,0.6334906013629895,2.3199404761904763,True,0.5270725679622558,,,,,,True,False,False,False,True,,,
DOGEUSDT,bull,2024-03-25,0.8715311785830885,1,False,True,True,,False,,,True,0.5788537179247051,,,,,,True,True,True,True,False,False,False,
DOGEUSDT,bull,2024-05-20,0.28900839840872244,1,False,True,True,,True,0.9862350242161608,1.6785714285714286,True,0.5263828702523574,,,,,,True,True,True,True,False,False,False,
DOGEUSDT,bull,2024-07-15,0.5795142323332233,2,False,True,True,,False,,,True,0.4498388014413047,,,,True,False,True,True,True,True,False,False,False,
DOGEUSDT,bull,2024-08-19,0.43514488247730393,2,True,False,True,0.7585024292655045,True,0.7585024292655045,2.6339285714285716,True,0.6167476421834809,,,,,,True,True,False,False,True,True,,
DOGEUSDT,bull,2024-09-23,0.48773351339185256,3,True,False,True,0.7198892478080293,True,0.7198892478080293,2.3363095238095237,True,0.7198892478080293,,,,,,,,False,False,,,,
DOGEUSDT,bull,2024-11-18,3.762376237623762,7,True,False,True,0.3057368421052632,False,,,True,0.3057368421052632,,False,,False,,False,False,False,False,,,,
DOGEUSDT,bull,2024-12-02,3.801980198019802,9,False,False,False,,False,,,True,0.3125,,True,,True,,True,True,True,False,,,,
DOGEUSDT,bull,2025-01-13,0.6545939763629434,4,False,True,True,,False,,,True,0.5789749563191613,,,,,,True,True,True,True,False,False,False,
DOGEUSDT,bull,2025-03-24,0.44186698437171484,2,False,True,True,,False,,,True,0.9516256938937352,,,,,,,,,True,,,,
DOGEUSDT,bull,2025-04-21,0.48640529923746445,2,True,False,True,0.4563737133808394,True,0.4563737133808394,1.5520833333333333,True,0.4186856690419638,,,,False,,False,False,False,False,,,,
DOGEUSDT,bull,2025-05-05,1.0005391666024803,4,True,False,True,0.9018475750577366,True,0.9018475750577366,8.662202380952381,True,0.3782140107775212,,True,True,True,True,True,True,True,False,True,True,True,
DOGEUSDT,bull,2025-06-09,0.23197043747764917,1,False,True,True,,False,,,False,1.6474820143884894,,,,,,,,,,,,,
DOGEUSDT,bull,2025-07-21,1.0176041520549863,5,True,False,True,0.6834378661520435,True,0.6834378661520435,6.574404761904762,True,0.6834378661520435,,,,,,,False,False,False,,,,
DOGEUSDT,bull,2025-08-11,0.356851095432603,2,True,False,True,0.7609632822952285,True,0.7185966998662108,0.6994047619047619,True,0.7185966998662108,,,,,,,,False,False,,,,
DOGEUSDT,bull,2025-09-08,0.4995356566792122,1,False,True,True,,False,,,True,0.4917808219178084,,,,True,False,True,True,True,True,False,False,False,
DOGEUSDT,bull,2026-01-05,0.3573781862320098,1,False,True,True,,False,,,True,0.6152353226589032,,,,,,True,True,True,True,False,False,False,
DOGEUSDT,bull,2026-02-09,0.47153047178075347,1,True,False,True,0.8243099787685775,True,0.8243099787685775,10.330357142857142,True,0.6122611464968151,,,,,,True,True,True,False,True,True,True,
DOGEUSDT,bull,2026-03-16,0.2070958049231481,2,True,False,True,0.9257812500000001,True,0.9257812500000001,3.224702380952381,True,0.9257812500000001,,,,,,,,,False,,,,
DOGEUSDT,bull,2026-04-13,0.16275893466879135,3,True,False,True,0.6510489510489507,True,0.6510489510489507,1.005952380952381,True,0.6510489510489507,,,,,,,False,False,False,,,,
DOGEUSDT,bull,2026-05-11,0.3497609833826543,7,False,True,True,,False,,,True,0.6976895541815814,,,,,,,True,True,True,,False,False,
DOGEUSDT,bull,2026-08-17,0.49482248520710076,3,True,False,True,0.6807174887892374,True,0.6807174887892374,4.087797619047619,True,0.6068759342301941,,,,,,True,False,False,False,True,,,
DOGEUSDT,bull,2026-09-21,0.35334695963208995,1,False,False,False,,False,,,,,,,,,,,,,,,,,
DOGEUSDT,bear,2020-09-07,0.2882352941176471,3,True,False,True,0.19480519480519493,True,0.976808905380334,9.927083333333334,True,0.19480519480519493,False,False,,False,,False,False,False,False,,,,
DOGEUSDT,bear,2020-09-21,0.12256267409470747,1,False,True,True,,True,0.6164772727272723,0.5267857142857143,True,0.6164772727272723,,,,,,True,True,True,True,False,False,False,
DOGEUSDT,bear,2020-11-02,0.15693681318681316,1,False,True,True,,False,,,True,0.9606126914660826,,,,,,,,,True,,,,
DOGEUSDT,bear,2021-03-22,0.22509375000000004,2,False,True,True,,False,,,False,1.4477301124531443,,,,,,,,,,,,,
DOGEUSDT,bear,2021-05-17,0.7368909051329118,2,True,False,True,0.4580781869440422,True,0.4580781869440422,4.135416666666667,True,0.33571733366400547,,True,True,False,,False,False,False,False,,,,
DOGEUSDT,bear,2021-06-21,0.6359060402684563,3,True,False,True,0.3975725593667546,True,0.6665611257695689,10.232142857142858,True,0.3975725593667546,,,,False,,False,False,False,False,,,,
DOGEUSDT,bear,2021-07-19,0.6435570469798657,7,True,False,True,0.6705252546320436,True,0.6705252546320436,6.232142857142857,True,0.2571001494768311,,True,True,True,True,True,False,False,False,True,,,
DOGEUSDT,bear,2021-08-23,0.25018454375106464,1,True,False,True,0.6451429868361328,True,0.6451429868361328,1.1919642857142858,True,0.588969586926918,,,,,,True,False,False,False,True,,,
DOGEUSDT,bear,2021-09-06,0.42578502072568275,3,True,False,True,0.38587717543508715,True,0.9251850370074017,6.800595238095238,True,0.38587717543508715,,,,False,,False,False,False,False,,,,
DOGEUSDT,bear,2021-09-20,0.3956691073375916,2,False,True,True,,True,0.7037562012756912,4.333333333333333,True,0.2596267422631703,,True,False,True,False,True,True,True,True,False,False,False,
DOGEUSDT,bear,2021-11-29,0.5775357935067554,3,True,False,True,0.5473114525139664,True,0.5473114525139664,6.752976190476191,True,0.3392690875232774,,True,True,True,True,False,False,False,False,,,,
DOGEUSDT,bear,2022-01-17,0.44409302325581396,1,True,False,True,0.5605362379555928,True,0.5605362379555928,4.160714285714286,True,0.35483870967741943,,True,True,True,True,False,False,False,False,,,,
DOGEUSDT,bear,2022-02-21,0.386037910309755,2,False,True,True,,False,,,True,0.4890718562874252,,,,True,False,True,True,True,True,False,False,False,
DOGEUSDT,bear,2022-05-09,0.6002104155707522,2,True,False,True,0.24062713019768234,True,0.8810984516505989,25.132440476190474,True,0.24062713019768234,,False,,False,,False,False,False,False,,,,
DOGEUSDT,bear,2022-06-13,0.7135425799286925,7,False,False,False,,True,0.8999836173001311,20.166666666666668,True,0.23402686762778505,True,True,,True,,True,True,True,False,,,,
DOGEUSDT,bear,2022-07-11,0.2724619289340101,2,False,True,True,,True,0.9152305542617611,0.7827380952380952,True,0.9152305542617611,,,,,,,,,True,,,,
DOGEUSDT,bear,2022-07-25,0.2205767731878411,1,False,True,True,,False,,,True,0.6672555948174324,,,,,,,True,True,True,,False,False,
DOGEUSDT,bear,2022-10-10,0.1788544937939285,1,False,True,True,,False,,,True,0.5242474916387959,,,,,,True,True,True,True,False,False,False,
DOGEUSDT,bear,2022-11-07,0.5579053373615307,1,True,False,True,0.46886281588447654,True,0.46886281588447654,6.614583333333333,True,0.23928249097472934,,True,True,False,,False,False,False,False,,,,
DOGEUSDT,bear,2022-12-26,0.41395348837209306,3,True,False,True,0.7417891097666378,True,0.7417891097666378,8.578869047619047,True,0.21132238547968907,True,True,True,True,True,True,True,False,False,True,True,,True
DOGEUSDT,bear,2023-02-06,0.21271907861792685,1,True,False,True,0.6322975517890772,True,0.6322975517890772,1.6636904761904763,True,0.6322975517890772,,,,,,,False,False,False,,,,
DOGEUSDT,bear,2023-03-06,0.37466199298948416,5,False,True,True,,False,,,True,0.4413258487035554,,,,True,False,True,True,True,True,False,False,False,
DOGEUSDT,bear,2023-04-24,0.21870413084504092,1,True,False,True,0.33365292425695076,True,0.33365292425695076,1.1071428571428572,True,0.33365292425695076,,False,,False,,False,False,False,False,,,,
DOGEUSDT,bear,2023-05-08,0.2784650870203397,3,True,False,True,0.2496234939759035,True,0.2496234939759035,3.7395833333333335,True,0.2496234939759035,,False,,False,,False,False,False,False,,,,
DOGEUSDT,bear,2023-05-22,0.28412665128957865,5,True,False,True,0.2114391143911443,True,0.2114391143911443,1.7395833333333333,True,0.2114391143911443,False,False,,False,,False,False,False,False,,,,
DOGEUSDT,bear,2023-06-05,0.2895554654776382,1,False,True,True,,False,,,True,0.5305646290247318,,,,,,True,True,True,True,False,False,False,
DOGEUSDT,bear,2023-08-14,0.34422320257541433,3,False,True,True,,False,,,True,0.38448216141323194,,,,True,False,True,True,True,True,False,False,False,
DOGEUSDT,bear,2023-09-11,0.1384839650145772,2,True,False,True,0.45894736842105316,True,0.5347368421052636,3.0580357142857144,True,0.45894736842105316,,,,False,,False,False,False,False,,,,
DOGEUSDT,bear,2023-09-25,0.14081632653061218,4,True,False,True,0.542443064182195,True,0.542443064182195,1.0580357142857142,True,0.542443064182195,,,,,,False,False,False,False,,,,
DOGEUSDT,bear,2023-10-09,0.12153318790900594,1,False,True,True,,True,0.694871794871795,0.4375,True,0.694871794871795,,,,,,,True,True,True,,False,False,
DOGEUSDT,bear,2024-01-01,0.31604387432608283,3,False,True,True,,False,,,True,0.4226470588235294,,,,True,False,True,True,True,True,False,False,False,
DOGEUSDT,bear,2024-04-08,0.4592237243785434,2,True,False,True,0.42668566001899333,True,0.4840455840455839,9.150297619047619,True,0.42668566001899333,,,,False,,False,False,False,False,,,,
DOGEUSDT,bear,2024-04-29,0.4765808983863934,5,True,False,True,0.5028367496339676,True,0.5028367496339676,6.151785714285714,True,0.4491215226939971,,,,True,True,False,False,False,False,,,,
DOGEUSDT,bear,2024-06-17,0.353660627536149,4,True,False,True,0.251131221719457,True,0.251131221719457,1.587797619047619,True,0.251131221719457,,False,,False,,False,False,False,False,,,,
DOGEUSDT,bear,2024-07-01,0.4799679945133451,6,True,False,True,0.627887592283877,True,0.627887592283877,3.9538690476190474,True,0.30924029530840674,,True,True,True,True,True,False,False,False,True,,,
DOGEUSDT,bear,2024-08-05,0.44050932368494294,3,False,True,True,,False,,,True,0.4514294740167432,,,,True,False,True,True,True,True,False,False,False,
DOGEUSDT,bear,2024-09-02,0.22998266897746975,2,False,True,True,,False,,,True,0.7370007535795027,,,,,,,,True,True,,,False,
DOGEUSDT,bear,2024-09-30,0.23600605143721637,1,False,True,True,,False,,,True,0.4631410256410253,,,,True,False,True,True,True,True,False,False,False,
DOGEUSDT,bear,2024-12-16,0.4591752577319588,2,True,False,True,0.7709923664122138,True,0.7709923664122138,5.028273809523809,True,0.3584193982936686,,True,True,True,True,True,True,False,False,True,True,,
DOGEUSDT,bear,2025-02-03,0.5345622119815668,3,True,False,True,0.3647413793103447,True,0.3647413793103447,3.956845238095238,True,0.3647413793103447,,False,,False,,False,False,False,False,,,,
DOGEUSDT,bear,2025-03-10,0.6712211981566819,8,True,False,True,0.21643609900106417,False,,,True,0.12495279942329475,False,False,,False,,False,False,False,False,,,,
DOGEUSDT,bear,2025-04-07,0.36896082434140176,2,False,True,True,,False,,,True,0.5235146884468449,,,,,,True,True,True,True,False,False,False,
DOGEUSDT,bear,2025-06-02,0.3404614961279924,2,True,False,True,0.4493707424084977,True,0.4493707424084977,1.6681547619047619,True,0.4493707424084977,,,,False,,False,False,False,False,,,,
DOGEUSDT,bear,2025-06-16,0.31020803096274785,1,False,True,True,,False,,,True,0.42747972551465996,,,,True,False,True,True,True,True,False,False,False,
DOGEUSDT,bear,2025-07-28,0.3447005249070114,1,False,True,True,,True,0.6783985478015331,3.1279761904761907,True,0.5871319080274305,,,,,,True,True,True,True,False,False,False,
DOGEUSDT,bear,2025-09-01,0.200132926733912,3,False,True,True,,False,,,False,1.9964836882203554,,,,,,,,,,,,,
DOGEUSDT,bear,2025-09-22,0.28152808109781935,2,True,False,True,0.5785573694569875,True,0.5785573694569875,1.6949404761904763,True,0.519509088803983,,,,,,False,False,False,False,,,,
DOGEUSDT,bear,2025-10-06,0.7266860067146909,4,True,False,True,0.6027630752668879,True,0.6027630752668879,15.799107142857142,True,0.6027630752668879,,,,,,False,False,False,False,,,,
DOGEUSDT,bear,2025-11-03,0.2768679875865361,1,True,False,True,0.6018279013623038,True,0.6018279013623038,0.7083333333333334,True,0.6018279013623038,,,,,,False,False,False,False,,,,
DOGEUSDT,bear,2025-11-17,0.36423967534017665,3,True,False,True,0.30895268056101727,True,0.30895268056101727,5.383928571428571,True,0.30895268056101727,,False,,False,,False,False,False,False,,,,
DOGEUSDT,bear,2025-12-01,0.37144903318214373,5,True,False,True,0.27609254498714647,True,0.3201799485861184,6.974702380952381,True,0.27609254498714647,,False,,False,,False,False,False,False,,,,
DOGEUSDT,bear,2025-12-15,0.4277870613511578,7,True,False,True,0.17287946428571419,True,0.4097098214285715,5.580357142857143,True,0.17287946428571419,False,False,,False,,False,False,False,False,,,,
DOGEUSDT,bear,2025-12-29,0.44931964669372165,9,True,False,True,0.43799808734459683,True,0.43799808734459683,3.799107142857143,True,0.43799808734459683,,,,False,,False,False,False,False,,,,
DOGEUSDT,bear,2026-02-02,0.48958865610628516,4,True,False,True,0.504631441617743,True,0.504631441617743,16.666666666666668,True,0.49158512720156555,,,,True,True,False,False,False,False,,,,
DOGEUSDT,bear,2026-03-02,0.18498634265800137,1,False,True,True,,True,0.9124236252545825,1.3705357142857142,True,0.7871690427698573,,,,,,,,True,True,,,False,
DOGEUSDT,bear,2026-03-23,0.15883197702249888,1,False,True,True,,True,0.861965039180229,2.900297619047619,True,0.40024110910186883,,,,True,False,True,True,True,True,False,False,False,
DOGEUSDT,bear,2026-06-01,0.34556033392360236,3,True,False,True,0.36237188872620796,True,0.36237188872620796,2.5104166666666665,True,0.36237188872620796,,False,,False,,False,False,False,False,,,,
DOGEUSDT,bear,2026-06-29,0.4142845096551143,7,True,False,True,0.1805414207205374,False,,,True,0.1805414207205374,False,False,,False,,False,False,False,False,,,,
DOGEUSDT,bear,2026-07-27,0.42996880006745936,11,False,False,False,,False,,,True,0.07805452049421477,True,True,,True,,True,True,False,False,,,,
DOGEUSDT,bear,2026-09-14,0.17755831056944735,2,False,True,True,,False,,,False,1.6366863905325448,,,,,,,,,,,,,
LTCUSDT,bull,2020-04-27,0.3438077634011092,2,True,False,True,0.9178187403993856,True,0.9132104454685098,0.8586309523809523,True,0.9132104454685098,,,,,,,,,False,,,,
LTCUSDT,bull,2020-06-01,0.28358974358974365,4,False,True,True,,False,,,True,0.7414104882459314,,,,,,,,True,True,,,False,
LTCUSDT,bull,2020-07-06,0.1807909604519774,2,True,False,True,0.7357954545454546,True,0.7357954545454546,1.4196428571428572,True,0.7357954545454546,,,,,,,,False,False,,,,
LTCUSDT,bull,2020-07-27,0.6036764705882356,2,True,False,True,0.5651644336175398,True,0.5651644336175398,1.9925595238095237,True,0.440113682501015,,,,True,True,False,False,False,False,,,,
LTCUSDT,bull,2020-08-17,0.34109881576392936,1,False,True,True,,True,0.8668184405236196,0.9955357142857143,True,0.8668184405236196,,,,,,,,,True,,,,
LTCUSDT,bull,2020-11-23,0.8529411764705882,3,True,False,True,0.567816091954023,True,0.567816091954023,2.4151785714285716,True,0.4098850574712643,,,,True,True,False,False,False,False,,,,
LTCUSDT,bull,2021-01-04,1.673495702005731,4,True,False,True,0.6340210598407671,True,0.6340210598407671,4.163690476190476,True,0.6340210598407671,,,,,,,False,False,False,,,,
LTCUSDT,bull,2021-02-15,1.0990266610241217,3,True,False,True,0.7315363881401619,True,0.7315363881401619,2.6949404761904763,True,0.7315363881401619,,,,,,,,False,False,,,,
LTCUSDT,bull,2021-03-08,0.5066989085680674,2,True,False,True,0.8062685412098541,True,0.8062685412098541,2.5833333333333335,True,0.5093512188830128,,,,,,True,True,True,False,True,True,True,
LTCUSDT,bull,2021-04-12,1.0001785395465095,3,True,False,True,0.7800190408187552,True,0.7800190408187552,2.0982142857142856,True,0.7800190408187552,,,,,,,,False,False,,,,
LTCUSDT,bull,2021-05-10,1.019219512195122,3,False,True,True,,False,,,False,1.4163874796592324,,,,,,,,,,,,,
LTCUSDT,bull,2021-08-30,1.2452757423833398,6,True,False,True,0.5983276556209353,True,0.5983276556209353,1.0803571428571428,True,0.5983276556209353,,,,,,False,False,False,False,,,,
LTCUSDT,bull,2021-09-13,0.5194087403598971,1,False,True,True,,False,,,False,1.1729769858945804,,,,,,,,,,,,,
LTCUSDT,bull,2021-10-18,0.5402249444802636,3,True,False,True,0.5967378331786235,True,0.5967378331786235,1.3244047619047619,True,0.5967378331786235,,,,,,False,False,False,False,,,,
LTCUSDT,bull,2021-11-08,0.7411764705882353,2,False,True,True,,False,,,True,0.7685714285714286,,,,,,,,True,True,,,False,
LTCUSDT,bull,2021-12-20,0.1819019927664705,1,False,True,True,,False,,,True,0.9415204678362573,,,,,,,,,True,,,,
LTCUSDT,bull,2022-03-21,0.35032774945375095,2,False,True,True,,False,,,True,0.6035046035046037,,,,,,True,True,True,True,False,False,False,
LTCUSDT,bull,2022-06-20,0.5016133035492678,1,True,False,True,0.7075705096486886,True,0.7075705096486886,2.8973214285714284,True,0.5655616031667491,,,,,,True,True,False,False,True,True,,
LTCUSDT,bull,2022-07-25,0.39805194805194805,2,True,False,True,0.4361065796628604,True,0.4361065796628604,1.9523809523809523,True,0.4361065796628604,,,,False,,False,False,False,False,,,,
LTCUSDT,bull,2022-08-08,0.2680154142581889,2,False,True,True,,False,,,True,0.9503953989935295,,,,,,,,,True,,,,
LTCUSDT,bull,2022-09-12,0.3074985467932572,3,False,True,True,,False,,,False,1.103969754253308,,,,,,,,,,,,,
LTCUSDT,bull,2022-11-21,0.791895314478683,2,True,False,True,0.3840618336886996,True,0.6391257995735609,5.998511904761905,True,0.3840618336886996,,,,False,,False,False,False,False,,,,
LTCUSDT,bull,2022-12-05,0.7940059096665258,4,True,False,True,0.6400850611376927,True,0.6400850611376927,3.9985119047619047,True,0.6034024455077088,,,,,,True,False,False,False,True,,,
LTCUSDT,bull,2023-01-30,0.686145764937623,6,True,False,True,0.34952153110047846,True,0.9023923444976076,5.217261904761905,True,0.30717703349282305,,False,,False,,False,False,False,False,,,,
LTCUSDT,bull,2023-02-13,0.73768877216021,8,True,False,True,0.9092122830440588,True,0.9092122830440588,3.2202380952380953,True,0.35936804628393426,,True,True,True,True,True,True,True,False,True,True,True,
LTCUSDT,bull,2023-03-20,0.47692307692307695,2,True,False,True,0.3387096774193548,True,0.3387096774193548,2.949404761904762,True,0.3387096774193548,,False,,False,,False,False,False,False,,,,
LTCUSDT,bull,2023-04-17,0.5935384615384615,6,True,False,True,0.8649559357179888,True,0.7407983411093831,3.394345238095238,True,0.5075168481078278,,,,,,True,True,True,False,True,True,True,
LTCUSDT,bull,2023-05-15,0.2665333333333333,1,True,False,True,0.6263131565782891,True,0.6263131565782891,1.2038690476190477,True,0.6263131565782891,,,,,,,False,False,False,,,,
LTCUSDT,bull,2023-05-29,0.3008,3,False,True,True,,False,,,False,1.1094858156028369,,,,,,,,,,,,,
LTCUSDT,bull,2023-07-03,0.638655462184874,3,False,True,True,,False,,,True,0.5318911685994646,,,,,,True,True,True,True,False,False,False,
LTCUSDT,bull,2023-09-25,0.19455050329746618,2,True,False,True,0.8278322925958965,True,0.7823371989295268,2.080357142857143,True,0.542372881355932,,,,,,True,True,True,False,True,True,True,
LTCUSDT,bull,2023-10-23,0.2240134340890009,1,True,False,True,0.47751124437781134,True,0.47751124437781134,1.0848214285714286,True,0.47751124437781134,,,,False,,False,False,False,False,,,,
LTCUSDT,bull,2023-11-06,0.29151973131822,3,True,False,True,0.6889400921658982,True,0.6889400921658982,3.0089285714285716,True,0.549539170506912,,,,,,True,False,False,False,True,,,
LTCUSDT,bull,2023-12-04,0.2263279445727483,2,False,True,True,,True,0.6931972789115654,0.011904761904761904,True,0.6931972789115654,,,,,,,True,True,True,,False,False,
LTCUSDT,bull,2023-12-25,0.14489346069066864,1,False,True,True,,False,,,False,2.203853955375253,,,,,,,,,,,,,
LTCUSDT,bull,2024-01-08,0.3748665005339978,1,True,False,True,0.6676163342830008,True,0.6676163342830008,6.153273809523809,True,0.528015194681861,,,,,,True,False,False,False,True,,,
LTCUSDT,bull,2024-02-12,0.16334283000949668,3,True,False,True,0.6269379844961239,True,0.6269379844961239,1.1264880952380953,True,0.6269379844961239,,,,,,,False,False,False,,,,
LTCUSDT,bull,2024-02-26,0.4148888557362375,1,True,False,True,0.8745055735346999,True,0.8745055735346999,0.31547619047619047,True,0.8745055735346999,,,,,,,,,False,,,,
LTCUSDT,bull,2024-03-11,0.5792928539459943,3,True,False,True,0.7429822302343547,True,0.7429822302343547,1.2648809523809523,True,0.7429822302343547,,,,,,,,False,False,,,,
LTCUSDT,bull,2024-04-01,0.4673419036488767,2,False,True,True,,False,,,False,1.180050013892748,,,,,,,,,,,,,
LTCUSDT,bull,2024-05-20,0.14696853415195693,1,False,True,True,,False,,,True,0.6823324630113148,,,,,,,True,True,True,,False,False,
LTCUSDT,bull,2024-07-29,0.36051045728465086,4,False,True,True,,False,,,False,1.3534906588003934,,,,,,,,,,,,,
LTCUSDT,bull,2024-08-12,0.38370912045500727,1,True,False,True,0.48544203282159865,True,0.48544203282159865,2.4732142857142856,True,0.32239280042350454,,True,True,False,,False,False,False,False,,,,
LTCUSDT,bull,2024-09-02,0.16200169635284134,1,True,False,True,0.9329842931937172,True,0.9329842931937172,0.6622023809523809,True,0.9329842931937172,,,,,,,,,False,,,,
LTCUSDT,bull,2024-09-23,0.19986574928679302,2,True,False,True,0.8085642317380357,True,0.8085642317380357,1.0089285714285714,True,0.8085642317380357,,,,,,,,,False,,,,
LTCUSDT,bull,2024-10-14,0.23145304671084532,2,True,False,True,0.8240223463687149,True,0.661312849162011,1.2485119047619047,True,0.661312849162011,,,,,,,True,True,False,,True,True,
LTCUSDT,bull,2024-12-02,1.2877776052182015,4,False,True,True,,True,0.7334780511336229,5.523809523809524,True,0.58634828750603,,,,,,True,True,True,True,False,False,False,
LTCUSDT,bull,2025-01-13,0.6331367788183606,4,False,True,True,,True,0.6444485025566107,1.5074404761904763,True,0.5487582176771365,,,,,,True,True,True,True,False,False,False,
LTCUSDT,bull,2025-02-17,0.7578722870405221,2,False,True,True,,False,,,True,0.5648071511339182,,,,,,True,True,True,True,False,False,False,
LTCUSDT,bull,2025-05-05,0.6996191685179307,4,True,False,True,0.7031072805624858,True,0.7031072805624858,8.663690476190476,True,0.26287139941029725,,True,True,True,True,True,False,False,False,True,,,
LTCUSDT,bull,2025-07-21,0.6078044934962555,5,True,False,True,0.41699092088197154,True,0.41699092088197154,1.1979166666666667,True,0.41699092088197154,,,,False,,False,False,False,False,,,,
LTCUSDT,bull,2025-08-11,0.3018044237485448,2,False,True,True,,False,,,True,0.7132754741240758,,,,,,,,True,True,,,False,
LTCUSDT,bull,2025-09-08,0.13603010348071504,1,False,True,True,,True,0.6168741355463345,0.5758928571428571,True,0.6168741355463345,,,,,,True,True,True,True,False,False,False,
LTCUSDT,bull,2025-12-08,0.17303310548183884,1,False,True,True,,False,,,False,1.1556932610379556,,,,,,,,,,,,,
LTCUSDT,bull,2026-01-05,0.16873278236914602,3,False,True,True,,False,,,False,1.2693877551020405,,,,,,,,,,,,,
LTCUSDT,bull,2026-03-16,0.18180003991219318,3,True,False,True,0.862788144895719,True,0.862788144895719,3.5074404761904763,True,0.7727771679473106,,,,,,,,True,False,,,True,
LTCUSDT,bull,2026-04-13,0.11740654205607479,2,True,False,True,0.5721393034825875,True,0.5721393034825875,1.34375,True,0.5721393034825875,,,,,,False,False,False,False,,,,
LTCUSDT,bull,2026-05-11,0.1508931965032308,4,False,True,True,,False,,,False,1.153652392947103,,,,,,,,,,,,,
LTCUSDT,bull,2026-06-29,0.17554140127388537,1,True,False,True,0.47314949201741624,True,0.47314949201741624,1.8020833333333333,True,0.4368650217706818,,,,False,,False,False,False,False,,,,
LTCUSDT,bull,2026-07-20,0.12499999999999999,1,True,False,True,0.9085820895522397,True,0.8694029850746277,1.90625,True,0.8694029850746277,,,,,,,,,False,,,,
LTCUSDT,bull,2026-08-17,0.279455845054185,1,True,False,True,0.6699669966996701,True,0.6699669966996701,1.75,True,0.6699669966996701,,,,,,,False,False,False,,,,
LTCUSDT,bull,2026-09-07,0.369840903850588,4,True,False,True,0.5785536159600994,True,0.5785536159600994,0.7127976190476191,True,0.5785536159600994,,,,,,False,False,False,False,,,,
LTCUSDT,bull,2026-09-21,0.49591063235587457,1,False,False,False,,False,,,,,,,,,,,,,,,,,
LTCUSDT,bear,2020-03-09,0.72068884170795,4,False,False,False,,False,,,True,0.32896890343698854,,True,,True,,True,True,False,False,,,,
LTCUSDT,bear,2020-04-13,0.2064124056999162,1,False,True,True,,False,,,True,0.7918781725888328,,,,,,,,,True,,,,
LTCUSDT,bear,2020-05-04,0.23364118687364904,1,True,False,True,0.9301934398654332,True,0.9301934398654332,3.230654761904762,True,0.46425567703952925,,,,True,True,True,True,True,False,True,True,True,
LTCUSDT,bear,2020-06-22,0.2221334398721535,3,False,True,True,,False,,,True,0.3048561151079136,,True,False,True,False,True,True,True,True,False,False,False,
LTCUSDT,bear,2020-07-13,0.1126576772509787,1,False,True,True,,False,,,False,1.9498069498069501,,,,,,,,,,,,,
LTCUSDT,bear,2020-08-31,0.3477127967573827,2,True,False,True,0.26269775187343863,False,,,True,0.26269775187343863,,False,,False,,False,False,False,False,,,,
LTCUSDT,bear,2020-09-21,0.3564341085271318,3,False,True,True,,False,,,True,0.3040452370595912,,True,False,True,False,True,True,True,True,False,False,False,
LTCUSDT,bear,2021-01-11,0.3968704785381277,1,False,True,True,,True,0.7283283823926546,0.5610119047619048,True,0.7283283823926546,,,,,,,,True,True,,,False,
LTCUSDT,bear,2021-02-22,0.3830241935483871,1,False,True,True,,True,0.8161911780187387,3.1800595238095237,True,0.46141699126223823,,,,True,False,True,True,True,True,False,False,False,
LTCUSDT,bear,2021-03-22,0.27114600503166475,2,False,True,True,,False,,,True,0.8118701007838747,,,,,,,,,True,,,,
LTCUSDT,bear,2021-04-19,0.39004433336308725,1,False,True,True,,False,,,True,0.5644976733541842,,,,,,True,True,True,True,False,False,False,
LTCUSDT,bear,2021-05-17,0.7149345315746244,1,True,False,True,0.3067513685206461,False,,,True,0.3067513685206461,,False,,False,,False,False,False,False,,,,
LTCUSDT,bear,2021-06-21,0.7467507368217616,6,True,False,True,0.1433793795089127,True,0.618452977904306,22.745535714285715,True,0.1433793795089127,False,False,,False,,False,False,False,False,,,,
LTCUSDT,bear,2021-07-19,0.7494322848722038,10,True,False,True,0.6198181935400683,True,0.6198181935400683,18.745535714285715,True,0.1484752756108568,True,True,True,True,True,True,False,False,False,True,,,True
LTCUSDT,bear,2021-09-06,0.33184472689797323,1,False,True,True,,False,,,False,1.045807453416149,,,,,,,,,,,,,
LTCUSDT,bear,2021-09-27,0.4095677184671347,2,False,True,True,,False,,,True,0.49147991325002593,,,,True,False,True,True,True,True,False,False,False,
LTCUSDT,bear,2021-10-25,0.20930232558139536,1,False,True,True,,False,,,True,0.8793333333333332,,,,,,,,,True,,,,
LTCUSDT,bear,2021-11-29,0.5654054054054054,3,True,False,True,0.24790869980879546,True,0.24790869980879546,21.34970238095238,True,0.24790869980879546,,False,,False,,False,False,False,False,,,,
LTCUSDT,bear,2022-01-17,0.423076923076923,4,True,False,True,0.6750815487164942,True,0.6750815487164942,3.9077380952380953,True,0.289178839880868,,True,True,True,True,True,False,False,False,True,,,
LTCUSDT,bear,2022-03-07,0.3314086956521739,2,True,False,True,0.7980688497061292,True,0.7980688497061292,3.1473214285714284,True,0.46851385390428224,,,,True,True,True,True,True,False,True,True,True,
LTCUSDT,bear,2022-04-11,0.21713669286484827,2,True,False,True,0.45777146912704053,True,0.45777146912704053,1.0401785714285714,True,0.45777146912704053,,,,False,,False,False,False,False,,,,
LTCUSDT,bear,2022-05-09,0.4934677118327734,1,True,False,True,0.37878214826021184,True,0.37878214826021184,3.9970238095238093,True,0.37878214826021184,,False,,False,,False,False,False,False,,,,
LTCUSDT,bear,2022-06-13,0.6240201567749161,6,False,False,False,,False,,,True,0.3022282039778675,,True,,True,,True,False,False,False,,,,
LTCUSDT,bear,2022-07-11,0.2363636363636363,3,False,True,True,,False,,,False,1.086013986013986,,,,,,,,,,,,,
LTCUSDT,bear,2022-08-22,0.2157726789241757,2,False,True,True,,True,0.7816901408450704,1.2485119047619047,True,0.7633802816901409,,,,,,,,True,True,,,False,
LTCUSDT,bear,2022-09-19,0.25963248369887376,1,True,False,True,0.32876712328767105,False,,,True,0.3224885844748857,,False,,False,,False,False,False,False,,,,
LTCUSDT,bear,2022-10-10,0.13388370423546306,1,False,True,True,,False,,,True,0.769436997319035,,,,,,,,True,True,,,False,
LTCUSDT,bear,2022-12-19,0.2832941176470588,2,False,True,True,,False,,,True,0.46013289036544847,,,,True,False,True,True,True,True,False,False,False,
LTCUSDT,bear,2023-03-06,0.3859814849801625,3,False,True,True,,True,0.9441997063142438,7.7976190476190474,True,0.5717082721488008,,,,,,True,True,True,True,False,False,False,
LTCUSDT,bear,2023-05-08,0.2759219926626762,3,True,False,True,0.7893631910426874,True,0.7893631910426874,3.0952380952380953,True,0.6994401679496149,,,,,,,True,False,False,,True,,
LTCUSDT,bear,2023-06-12,0.2803403034030341,2,False,True,True,,True,0.8636197440585008,1.4017857142857142,True,0.8636197440585008,,,,,,,,,True,,,,
LTCUSDT,bear,2023-08-14,0.5219469795740982,6,False,False,False,,False,,,True,0.2061615320566194,True,True,,False,,False,False,False,False,,,,
LTCUSDT,bear,2023-09-11,0.18512233064630176,2,False,True,True,,True,0.8563789152024449,3.0967261904761907,True,0.8242933537051186,,,,,,,,,True,,,,
LTCUSDT,bear,2023-10-16,0.1348249309893942,3,False,True,True,,False,,,False,1.4375000000000002,,,,,,,,,,,,,
LTCUSDT,bear,2023-11-20,0.15550643609413592,2,False,True,True,,False,,,True,0.6546822742474918,,,,,,,True,True,True,,False,False,
LTCUSDT,bear,2023-12-18,0.14563716258631523,2,True,False,True,0.8499999999999993,True,0.8499999999999993,0.9925595238095238,True,0.8499999999999993,,,,,,,,,False,,,,
LTCUSDT,bear,2024-01-01,0.2789115646258503,1,False,True,True,,True,0.9691670501610675,1.5461309523809523,True,0.9691670501610675,,,,,,,,,True,,,,
LTCUSDT,bear,2024-02-19,0.08802721088435372,1,False,True,True,,False,,,False,4.2982998454404955,,,,,,,,,,,,,
LTCUSDT,bear,2024-03-18,0.2725297562818817,1,False,True,True,,False,,,False,1.1639514731369152,,,,,,,,,,,,,
LTCUSDT,bear,2024-04-08,0.3758407079646018,1,True,False,True,0.4506710619260655,True,0.4506710619260655,10.114583333333334,True,0.36284436072521775,,True,True,False,,False,False,False,False,,,,
LTCUSDT,bear,2024-04-29,0.1591601760921098,1,False,True,True,,False,,,True,0.6872340425531919,,,,,,,True,True,True,,False,False,
LTCUSDT,bear,2024-06-03,0.16794914687186352,2,True,False,True,0.39243027888446186,True,0.39243027888446186,1.150297619047619,True,0.39243027888446186,,,,False,,False,False,False,False,,,,
LTCUSDT,bear,2024-07-01,0.37080405932864946,6,True,False,True,0.6117293233082708,True,0.6117293233082708,4.002976190476191,True,0.4276691729323308,,,,True,True,False,False,False,False,,,,
LTCUSDT,bear,2024-08-05,0.35865033871808244,1,False,True,True,,False,,,True,0.6861605521249546,,,,,,,True,True,True,,False,False,
LTCUSDT,bear,2024-08-26,0.13461538461538464,2,False,True,True,,False,,,False,1.0414394765539798,,,,,,,,,,,,,
LTCUSDT,bear,2024-09-09,0.1300729927007299,1,False,True,True,,False,,,False,1.0325476992143665,,,,,,,,,,,,,
LTCUSDT,bear,2024-09-30,0.13468531468531472,1,False,True,True,,False,,,True,0.6313603322949122,,,,,,,True,True,True,,False,False,
LTCUSDT,bear,2024-12-16,0.4128708166451701,2,True,False,True,0.9003617231173956,True,0.9003617231173956,5.038690476190476,True,0.39937520552449857,,,,True,True,True,True,True,False,True,True,True,
LTCUSDT,bear,2025-02-03,0.4112128822573497,1,False,True,True,,False,,,False,1.0373630321537635,,,,,,,,,,,,,
LTCUSDT,bear,2025-03-10,0.4061518698258636,3,True,False,True,0.2328237568089966,True,0.2328237568089966,3.0208333333333335,True,0.19943770866280103,False,False,,False,,False,False,False,False,,,,
LTCUSDT,bear,2025-04-07,0.3466721957287994,2,False,True,True,,False,,,True,0.527511961722488,,,,,,True,True,True,True,False,False,False,
LTCUSDT,bear,2025-06-16,0.1916949872557349,1,False,True,True,,False,,,True,0.6842105263157893,,,,,,,True,True,True,,False,False,
LTCUSDT,bear,2025-07-28,0.15763667565579803,1,False,True,True,,False,,,False,1.354587869362364,,,,,,,,,,,,,
LTCUSDT,bear,2025-09-01,0.20783963037484166,3,True,False,True,0.5184653997848694,True,0.5184653997848694,2.0357142857142856,True,0.5184653997848694,,,,,,False,False,False,False,,,,
LTCUSDT,bear,2025-09-22,0.1703378602186155,2,False,True,True,,False,,,False,1.1998055420515312,,,,,,,,,,,,,
LTCUSDT,bear,2025-12-01,0.34379947229551455,4,True,False,True,0.33026349449987197,True,0.33026349449987197,6.0,True,0.33026349449987197,,False,,False,,False,False,False,False,,,,
LTCUSDT,bear,2025-12-15,0.1704753199268739,1,True,False,True,0.8210455764075066,True,0.8210455764075066,3.0639880952380953,True,0.5348525469168903,,,,,,True,True,True,False,True,True,True,
LTCUSDT,bear,2026-02-02,0.46965232763700643,4,True,False,True,0.3904642409033878,True,0.3904642409033878,16.74404761904762,True,0.29234629861982436,,True,True,False,,False,False,False,False,,,,
LTCUSDT,bear,2026-03-30,0.132725430597771,2,False,True,True,,False,,,True,0.553435114503817,,,,,,True,True,True,True,False,False,False,
LTCUSDT,bear,2026-06-01,0.3317371202113607,3,True,False,True,0.29218516674962686,False,,,True,0.2463912394225984,,False,,False,,False,False,False,False,,,,
LTCUSDT,bear,2026-06-22,0.15299956840742346,1,False,True,True,,False,,,True,0.9717912552891392,,,,,,,,,True,,,,
LTCUSDT,bear,2026-07-27,0.09660033167495861,1,True,False,True,0.6201716738197421,True,0.6201716738197421,1.65625,True,0.6201716738197421,,,,,,,False,False,False,,,,
LTCUSDT,bear,2026-08-10,0.10095356550580441,3,False,True,True,,False,,,False,2.4887063655030786,,,,,,,,,,,,,
LTCUSDT,bear,2026-09-14,0.1562026594849351,1,False,True,True,,False,,,False,2.6788793103448283,,,,,,,,,,,,,
LINKUSDT,bull,2020-03-02,0.49547101449275377,1,False,True,True,,False,,,False,2.1870810481413767,,,,,,,,,,,,,
LINKUSDT,bull,2020-06-01,0.4066301703163018,3,True,False,True,0.7240089753178757,True,0.7240089753178757,2.0267857142857144,True,0.5736724008975317,,,,,,True,True,False,False,True,True,,
LINKUSDT,bull,2020-06-22,0.3511074651353568,1,True,False,True,0.40342679127725845,True,0.40342679127725845,1.119047619047619,True,0.40342679127725845,,,,False,,False,False,False,False,,,,
LINKUSDT,bull,2020-07-13,1.4552912223133714,4,True,False,True,0.47632468996617805,True,0.47632468996617805,2.138392857142857,True,0.39064261555806074,,,,False,,False,False,False,False,,,,
LINKUSDT,bull,2020-08-10,2.1495965238981998,2,True,False,True,0.9375541438059485,True,0.9375541438059485,13.287202380952381,True,0.53414669361825,,,,,,True,True,True,False,True,True,True,
LINKUSDT,bull,2020-10-19,0.5458994866897455,2,True,False,True,0.7017275311611635,True,0.7017275311611635,1.6979166666666667,True,0.4810846271594139,,,,True,True,True,False,False,False,True,,,
LINKUSDT,bull,2020-11-23,0.6849399445642133,3,False,True,True,,False,,,True,0.5864808153477218,,,,,,True,True,True,True,False,False,False,
LINKUSDT,bull,2020-12-14,0.27348332312002105,1,False,True,True,,False,,,False,2.088668373879641,,,,,,,,,,,,,
LINKUSDT,bull,2021-02-15,3.62166542009474,8,True,False,True,0.5646232747048497,True,0.5646232747048497,6.306547619047619,True,0.5646232747048497,,,,,,False,False,False,False,,,,
LINKUSDT,bull,2021-04-12,0.8964415086298743,3,True,False,True,0.6976943189921558,True,0.6976943189921558,1.8169642857142858,True,0.6976943189921558,,,,,,,False,False,False,,,,
LINKUSDT,bull,2021-05-10,0.8018538009710386,4,False,True,True,,False,,,False,1.6128212728119575,,,,,,,,,,,,,
LINKUSDT,bull,2021-08-16,1.2875102896056276,4,True,False,True,0.38866608544027903,True,0.38866608544027903,1.9598214285714286,True,0.38866608544027903,,,,False,,False,False,False,False,,,,
LINKUSDT,bull,2021-10-25,0.44391529891997605,2,True,False,True,0.456896551724138,True,0.456896551724138,1.0773809523809523,True,0.456896551724138,,,,False,,False,False,False,False,,,,
LINKUSDT,bull,2021-11-08,0.6317714091334296,4,False,True,True,,False,,,True,0.8464127069592139,,,,,,,,,True,,,,
LINKUSDT,bull,2022-01-03,0.9085345573072574,5,False,True,True,,False,,,True,0.3507834236345,,True,False,True,False,True,True,True,True,False,False,False,
LINKUSDT,bull,2022-02-07,0.4489281210592687,2,False,True,True,,False,,,True,0.8499669530733643,,,,,,,,,True,,,,
LINKUSDT,bull,2022-02-28,0.3931331225851774,1,True,False,True,0.7710520437793165,True,0.7710520437793165,1.40625,True,0.7710520437793165,,,,,,,,False,False,,,,
LINKUSDT,bull,2022-03-28,0.47619431241440435,3,False,True,True,,False,,,True,0.5613263407206903,,,,,,True,True,True,True,False,False,False,
LINKUSDT,bull,2022-06-06,0.5592455263582138,2,False,True,True,,False,,,False,1.2637647737100028,,,,,,,,,,,,,
LINKUSDT,bull,2022-06-20,0.43059757942511345,1,True,False,True,0.8291611769872642,True,0.8291611769872642,3.0476190476190474,True,0.7444005270092228,,,,,,,,True,False,,,True,
LINKUSDT,bull,2022-08-08,0.5653104925053534,2,False,True,True,,True,0.9667832167832168,3.619047619047619,True,0.8289627039627038,,,,,,,,,True,,,,
LINKUSDT,bull,2022-09-12,0.34292643492320124,2,True,False,True,0.8458274398868458,True,0.8458274398868458,0.7485119047619048,True,0.8458274398868458,,,,,,,,,False,,,,
LINKUSDT,bull,2022-09-26,0.31096437346437367,1,False,True,True,,False,,,True,0.7545679012345676,,,,,,,,True,True,,,False,
LINKUSDT,bull,2022-11-28,0.41416153567547986,1,False,True,True,,False,,,True,0.5168342807170968,,,,,,True,True,True,True,False,False,False,
LINKUSDT,bull,2023-01-23,0.4011152416356878,4,True,False,True,0.40593141797961085,True,0.40593141797961085,1.4791666666666667,True,0.40593141797961085,,,,False,,False,False,False,False,,,,
LINKUSDT,bull,2023-02-20,0.3114958664794884,1,False,True,True,,False,,,True,0.9078617926890334,,,,,,,,,True,,,,
LINKUSDT,bull,2023-03-20,0.3106845591982335,2,True,False,True,0.5385456533624932,True,0.5385456533624932,0.6517857142857143,True,0.5385456533624932,,,,,,False,False,False,False,,,,
LINKUSDT,bull,2023-04-17,0.30797801218243953,3,False,True,True,,False,,,False,1.0192957067052582,,,,,,,,,,,,,
LINKUSDT,bull,2023-05-29,0.08585365853658529,1,False,True,True,,False,,,False,3.7670454545454573,,,,,,,,,,,,,
LINKUSDT,bull,2023-07-17,0.7062374245472839,4,True,False,True,0.8344729344729344,True,0.8344729344729344,9.047619047619047,True,0.3447293447293449,,True,True,True,True,True,True,True,False,True,True,True,
LINKUSDT,bull,2023-09-04,0.13156053184044783,1,True,False,True,0.9800531914893621,True,0.9800531914893621,0.4330357142857143,True,0.9800531914893621,,,,,,,,,False,,,,
LINKUSDT,bull,2023-09-25,0.44250567091258064,2,True,False,True,0.4601735015772871,True,0.4601735015772871,2.7961309523809526,True,0.43730283911671897,,,,False,,False,False,False,False,,,,
LINKUSDT,bull,2023-11-06,1.3492957746478873,4,True,False,True,0.39979123173277664,True,0.39979123173277664,6.4375,True,0.39979123173277664,,,,False,,False,False,False,False,,,,
LINKUSDT,bull,2023-12-04,1.4450704225352113,8,True,False,True,0.3625730994152046,True,0.5159844054580895,7.553571428571429,True,0.36003898635477577,,False,,False,,False,False,False,False,,,,
LINKUSDT,bull,2023-12-25,0.29670087976539594,1,False,True,True,,False,,,False,1.3889300716580182,,,,,,,,,,,,,
LINKUSDT,bull,2024-01-15,0.373031659207691,2,True,False,True,0.681404132415019,True,0.681404132415019,1.2395833333333333,True,0.681404132415019,,,,,,,False,False,False,,,,
LINKUSDT,bull,2024-02-12,0.5451851851851851,3,True,False,True,0.4433423913043476,True,0.4433423913043476,1.7455357142857142,True,0.4433423913043476,,,,False,,False,False,False,False,,,,
LINKUSDT,bull,2024-03-11,0.4005259617148798,1,False,True,True,,False,,,False,1.0128263857077415,,,,,,,,,,,,,
LINKUSDT,bull,2024-03-25,0.276510727239196,1,False,True,True,,False,,,True,0.8663850600266788,,,,,,,,,True,,,,
LINKUSDT,bull,2024-05-27,0.49922081969767806,2,False,True,True,,False,,,True,0.6310285625097548,,,,,,,True,True,True,,False,False,
LINKUSDT,bull,2024-07-15,0.3633142545652767,2,False,True,True,,False,,,True,0.63615903975994,,,,,,,True,True,True,,False,False,
LINKUSDT,bull,2024-08-26,0.6130467955239065,3,True,False,True,0.707114706492429,True,0.707114706492429,2.6160714285714284,True,0.707114706492429,,,,,,,,False,False,,,,
LINKUSDT,bull,2024-09-23,0.3988788270806383,3,True,False,True,0.7881081081081079,True,0.7386486486486485,3.1830357142857144,True,0.7145945945945944,,,,,,,,False,False,,,,
LINKUSDT,bull,2024-12-09,2.07624254473161,5,False,False,False,,False,,,True,0.5235792598266864,,,,,,True,True,True,False,,,,
LINKUSDT,bull,2025-01-20,0.5335175057788805,1,False,True,True,,False,,,True,0.8392687308464546,,,,,,,,,True,,,,
LINKUSDT,bull,2025-03-24,0.35095869583579686,2,False,True,True,,False,,,False,1.202406738868833,,,,,,,,,,,,,
LINKUSDT,bull,2025-04-21,0.5197029702970298,2,True,False,True,0.4097923413983615,True,0.4097923413983615,1.5520833333333333,True,0.2951038293008191,,True,True,False,,False,False,False,False,,,,
LINKUSDT,bull,2025-05-12,0.3620245491741172,1,False,True,True,,False,,,True,0.6580159062369191,,,,,,,True,True,True,,False,False,
LINKUSDT,bull,2025-06-09,0.23889812396105445,1,False,True,True,,False,,,False,1.5666003976143137,,,,,,,,,,,,,
LINKUSDT,bull,2025-07-21,0.8572736427721321,5,True,False,True,0.5189021785561725,True,0.5189021785561725,1.7232142857142858,True,0.5189021785561725,,,,,,False,False,False,False,,,,
LINKUSDT,bull,2025-08-18,0.8060020741508943,3,False,True,True,,False,,,True,0.40603136308805793,,,,True,False,True,True,True,True,False,False,False,
LINKUSDT,bull,2025-09-08,0.173095401509952,1,False,True,True,,True,0.7694951097012954,0.5580357142857143,True,0.7694951097012954,,,,,,,,True,True,,,False,
LINKUSDT,bull,2025-12-08,0.27830309225658056,1,False,True,True,,False,,,False,1.0033670033670037,,,,,,,,,,,,,
LINKUSDT,bull,2026-01-12,0.22817189631650753,4,False,True,True,,False,,,False,1.139387144992526,,,,,,,,,,,,,
LINKUSDT,bull,2026-03-02,0.1960248447204968,1,True,False,True,0.7148288973384034,True,0.7148288973384034,0.5729166666666666,True,0.7148288973384034,,,,,,,,False,False,,,,
LINKUSDT,bull,2026-03-16,0.25180124223602474,3,True,False,True,0.9338924518993593,True,0.9338924518993593,2.2782738095238093,True,0.9338924518993593,,,,,,,,,False,,,,
LINKUSDT,bull,2026-04-13,0.20540078201368536,3,True,False,True,0.5716835217132658,True,0.5716835217132658,2.2142857142857144,True,0.48780487804878037,,,,True,True,False,False,False,False,,,,
LINKUSDT,bull,2026-05-04,0.2207996406109613,1,False,True,True,,False,,,True,0.7889114954221764,,,,,,,,True,True,,,False,
LINKUSDT,bull,2026-06-29,0.16754749321525483,1,True,False,True,0.560102301790281,True,0.560102301790281,0.8184523809523809,True,0.560102301790281,,,,,,False,False,False,False,,,,
LINKUSDT,bull,2026-07-27,0.274103699471504,5,True,False,True,0.4471078686816054,True,0.4471078686816054,1.7157738095238095,True,0.4471078686816054,,,,False,,False,False,False,False,,,,
LINKUSDT,bull,2026-08-17,0.6017508246637909,3,True,False,True,0.36495888678051863,True,0.36495888678051863,1.9821428571428572,True,0.34809192494201974,,False,,False,,False,False,False,False,,,,
LINKUSDT,bull,2026-09-07,0.25546172204883416,1,False,True,True,,False,,,False,1.1027667984189722,,,,,,,,,,,,,
LINKUSDT,bear,2020-03-09,0.7246113466585908,1,False,True,True,,False,,,True,0.3524658679297854,,True,False,True,False,True,True,True,True,False,False,False,
LINKUSDT,bear,2020-05-11,0.22177514792899405,1,False,True,True,,False,,,True,0.9466382070437569,,,,,,,,,True,,,,
LINKUSDT,bear,2020-06-15,0.2092972972972973,2,False,True,True,,False,,,False,1.3264462809917354,,,,,,,,,,,,,
LINKUSDT,bear,2020-07-27,0.2823254259939859,2,False,True,True,,False,,,False,3.2568047337278117,,,,,,,,,,,,,
LINKUSDT,bear,2020-08-31,0.5587800551832873,3,True,False,True,0.3814478441054581,True,0.3814478441054581,2.4092261904761907,True,0.3814478441054581,,False,,False,,False,False,False,False,,,,
LINKUSDT,bear,2020-09-21,0.6398797792668506,6,False,True,True,,True,0.701008701008701,12.418154761904763,True,0.28959728959728964,,True,False,True,False,True,True,True,True,False,False,False,
LINKUSDT,bear,2020-12-21,0.4485460919777274,1,False,True,True,,False,,,True,0.9267432950191571,,,,,,,,,True,,,,
LINKUSDT,bear,2021-02-22,0.4424544841537425,1,False,True,True,,True,0.6948914898805169,3.418154761904762,True,0.6600219458668617,,,,,,,True,True,True,,False,False,
LINKUSDT,bear,2021-03-22,0.2683193015279077,2,False,True,True,,False,,,False,1.1428239395700173,,,,,,,,,,,,,
LINKUSDT,bear,2021-05-17,0.7177312982852837,1,True,False,True,0.534602257810449,True,0.534602257810449,4.2038690476190474,True,0.534602257810449,,,,,,False,False,False,False,,,,
LINKUSDT,bear,2021-06-21,0.718032786885246,6,True,False,True,0.16548575027554713,True,0.6143914344197764,22.74404761904762,True,0.1465386028446963,False,False,,False,,False,False,False,False,,,,
LINKUSDT,bear,2021-07-19,0.37174424071462153,2,False,True,True,,False,,,False,1.336790185911218,,,,,,,,,,,,,
LINKUSDT,bear,2021-08-23,0.21875817848730703,1,False,True,True,,False,,,False,1.4659787647674585,,,,,,,,,,,,,
LINKUSDT,bear,2021-09-20,0.4282965975924807,2,False,True,True,,False,,,True,0.4738193018480492,,,,True,False,True,True,True,True,False,False,False,
LINKUSDT,bear,2021-11-29,0.608270794246404,3,True,False,True,0.5851004583815277,True,0.5851004583815277,6.741071428571429,True,0.3498693398449214,,True,True,True,True,False,False,False,False,,,,
LINKUSDT,bear,2022-01-24,0.5301314000906208,3,True,False,True,0.39789612097304417,True,0.39789612097304417,3.4598214285714284,True,0.317948717948718,,True,True,False,,False,False,False,False,,,,
LINKUSDT,bear,2022-02-21,0.4169866379972355,2,True,False,True,0.8515653775322284,True,0.8515653775322284,6.059523809523809,True,0.5496623695518723,,,,,,True,True,True,False,True,True,True,
LINKUSDT,bear,2022-03-07,0.21758588086983927,1,False,True,True,,False,,,True,0.8655851680185399,,,,,,,,,True,,,,
LINKUSDT,bear,2022-05-09,0.6988103034271993,6,True,False,True,0.32432643498633346,False,,,True,0.19133151112846544,True,False,,False,,False,False,False,False,,,,True
LINKUSDT,bear,2022-06-13,0.4532671629445823,1,False,False,False,,True,0.9614507299270072,8.610119047619047,True,0.5193886861313869,,,,,,True,True,True,False,,,,
LINKUSDT,bear,2022-06-27,0.22405816259087907,1,True,False,True,0.5710914454277285,True,0.5710914454277285,1.1369047619047619,True,0.5710914454277285,,,,,,False,False,False,False,,,,
LINKUSDT,bear,2022-07-11,0.2495703899537344,3,False,True,True,,False,,,False,1.007944915254237,,,,,,,,,,,,,
LINKUSDT,bear,2022-08-29,0.3491528990844997,3,True,False,True,0.993068113321278,True,0.6392405063291137,2.412202380952381,True,0.5991561181434599,,,,,,True,True,True,False,True,True,True,
LINKUSDT,bear,2022-09-19,0.21598844209005535,1,False,True,True,,False,,,False,1.128762541806021,,,,,,,,,,,,,
LINKUSDT,bear,2022-10-10,0.2634414899847722,2,False,True,True,,False,,,True,0.4815473543797243,,,,True,False,True,True,True,True,False,False,False,
LINKUSDT,bear,2022-11-21,0.41751054852320674,2,True,False,True,0.5778170793329964,True,0.5778170793329964,2.705357142857143,True,0.5778170793329964,,,,,,False,False,False,False,,,,
LINKUSDT,bear,2022-12-26,0.3110513510052504,4,False,True,True,,False,,,True,0.24742692466035401,,True,False,True,False,True,True,True,True,False,False,False,
LINKUSDT,bear,2023-03-06,0.29983349191246433,2,False,True,True,,False,,,True,0.5600952003173347,,,,,,True,True,True,True,False,False,False,
LINKUSDT,bear,2023-03-27,0.12765681700362885,1,False,True,True,,True,0.8862944162436548,0.5520833333333334,True,0.8862944162436548,,,,,,,,,True,,,,
LINKUSDT,bear,2023-04-24,0.24000454338936852,1,True,False,True,0.2778040700425933,True,0.2778040700425933,1.53125,True,0.2778040700425933,,False,,False,,False,False,False,False,,,,
LINKUSDT,bear,2023-05-08,0.29520672421626537,3,True,False,True,0.23008849557522118,True,0.23008849557522118,3.7395833333333335,True,0.23008849557522118,False,False,,False,,False,False,False,False,,,,
LINKUSDT,bear,2023-05-22,0.30145388459791,5,True,False,True,0.1989449886963073,True,0.1989449886963073,1.7395833333333333,True,0.1989449886963073,False,False,,False,,False,False,False,False,,,,
LINKUSDT,bear,2023-06-05,0.29784366576819404,1,False,True,True,,False,,,True,0.4102564102564102,,,,True,False,True,True,True,True,False,False,False,
LINKUSDT,bear,2023-08-14,0.29876200101061146,1,False,True,True,,False,,,True,0.37505285412262135,,True,False,True,False,True,True,True,True,False,False,False,
LINKUSDT,bear,2023-09-11,0.11394557823129253,1,False,True,True,,False,,,False,2.0597014925373127,,,,,,,,,,,,,
LINKUSDT,bear,2023-12-18,0.21428571428571422,2,False,True,True,,False,,,False,1.087903225806452,,,,,,,,,,,,,
LINKUSDT,bear,2024-01-01,0.3178040368632329,1,False,True,True,,True,0.8007471980074718,2.224702380952381,True,0.6457925636007825,,,,,,,True,True,True,,False,False,
LINKUSDT,bear,2024-01-22,0.1851270598177099,1,False,True,True,,False,,,False,1.7564395174437561,,,,,,,,,,,,,
LINKUSDT,bear,2024-02-19,0.15642377756471706,1,False,True,True,,False,,,False,1.2647870058228627,,,,,,,,,,,,,
LINKUSDT,bear,2024-03-18,0.289650655021834,1,True,False,True,0.6781245288707978,True,0.6781245288707978,1.1577380952380953,True,0.6781245288707978,,,,,,,False,False,False,,,,
LINKUSDT,bear,2024-04-08,0.4360221526607272,2,True,False,True,0.8316766070245194,True,0.8316766070245194,8.245535714285714,True,0.38115749944775795,,True,True,True,True,True,True,True,False,True,True,True,
LINKUSDT,bear,2024-04-29,0.22688708671241423,1,False,True,True,,True,0.7613417651910915,0.8363095238095238,True,0.7613417651910915,,,,,,,,True,True,,,False,
LINKUSDT,bear,2024-07-01,0.42794033574138557,5,True,False,True,0.485669176584892,True,0.485669176584892,3.956845238095238,True,0.3055623026475589,,True,True,False,,False,False,False,False,,,,
LINKUSDT,bear,2024-08-05,0.475942956150873,3,False,True,True,,False,,,True,0.4038084570148417,,,,True,False,True,True,True,True,False,False,False,
LINKUSDT,bear,2024-09-02,0.2687426093811589,1,False,True,True,,False,,,True,0.6679378116749781,,,,,,,True,True,True,,False,False,
LINKUSDT,bear,2024-10-07,0.21061960542540076,2,True,False,True,0.8141236736187337,True,0.767654592023417,1.7098214285714286,True,0.6582510062202704,,,,,,,True,True,False,,True,True,
LINKUSDT,bear,2025-01-13,0.4268588231492552,5,True,False,True,0.7163512490537471,True,0.7163512490537471,1.962797619047619,True,0.7163512490537471,,,,,,,,False,False,,,,
LINKUSDT,bear,2025-02-03,0.43275735294117645,2,True,False,True,0.3747345170333871,True,0.3747345170333871,2.5863095238095237,True,0.3747345170333871,,False,,False,,False,False,False,False,,,,
LINKUSDT,bear,2025-03-10,0.5647426470588235,7,True,False,True,0.27049020246077726,False,,,True,0.2164572618970119,True,False,,False,,False,False,False,False,,,,True
LINKUSDT,bear,2025-04-07,0.3685131924471677,2,False,True,True,,False,,,True,0.5929759077027487,,,,,,True,True,True,True,False,False,False,
LINKUSDT,bear,2025-06-02,0.29722963951935916,3,True,False,True,0.5648512071869738,True,0.5648512071869738,0.5773809523809523,True,0.5648512071869738,,,,,,False,False,False,False,,,,
LINKUSDT,bear,2025-06-16,0.3020893233659191,1,False,True,True,,False,,,True,0.6233079526226732,,,,,,,True,True,True,,False,False,
LINKUSDT,bear,2025-07-28,0.23951298861339768,1,False,True,True,,False,,,False,1.4963984358921596,,,,,,,,,,,,,
LINKUSDT,bear,2025-09-01,0.21562645802677383,2,True,False,True,0.6296604527296941,True,0.6296604527296941,2.0029761904761907,True,0.6296604527296941,,,,,,,False,False,False,,,,
LINKUSDT,bear,2025-09-22,0.22692877759575633,2,True,False,True,0.6729116534891713,True,0.6729116534891713,1.6845238095238095,True,0.5663458233069779,,,,,,True,False,False,False,True,,,
LINKUSDT,bear,2025-10-06,0.681566424838131,4,True,False,True,0.6881652741215519,True,0.6881652741215519,14.97172619047619,True,0.6881652741215519,,,,,,,False,False,False,,,,
LINKUSDT,bear,2025-12-15,0.21844595495135283,1,True,False,True,0.8163514338010982,True,0.8163514338010982,4.0,True,0.37431360585723006,,True,True,True,True,True,True,True,False,True,True,True,
LINKUSDT,bear,2026-02-02,0.5059011385726188,3,True,False,True,0.5150267599835322,True,0.5150267599835322,16.666666666666668,True,0.2912035131055305,,True,True,True,True,False,False,False,False,,,,
LINKUSDT,bear,2026-03-23,0.18785352783566545,1,False,True,True,,True,0.8880084521922875,4.392857142857143,True,0.5330163761225568,,,,,,True,True,True,True,False,False,False,
LINKUSDT,bear,2026-06-01,0.3572217111315547,4,False,True,True,,False,,,True,0.3074942055112025,,True,False,True,False,True,True,True,True,False,False,False,
LINKUSDT,bear,2026-06-22,0.18763054072870736,1,False,True,True,,False,,,True,0.7254174397031534,,,,,,,,True,True,,,False,
LINKUSDT,bear,2026-09-14,0.22439131388462377,1,False,True,True,,False,,,False,1.2678396871945263,,,,,,,,,,,,,
