sym,t,n_sig,rest_up,atr_up,hi_holds,lo_holds,sigs,dec_A,dec_B,dec_C
BTCUSDT,2020-01-20,1,0.0,0.0,1.0,0.0,-1вт пробил лой пн,-1,-1,0
BTCUSDT,2020-01-27,2,1.0,,0.0,1.0,"-1пн снял PWH|+1лой пн устоял, выше открытия",0,1,1
BTCUSDT,2020-02-03,4,1.0,1.0,0.0,1.0,"-1открытие в верхней трети|-1пн снял PWH|-1вт пробил лой пн|-1снят PWH, ниже открытия",-1,-1,0
BTCUSDT,2020-02-10,3,0.0,0.0,0.0,0.0,-1открытие в верхней трети|-1пн снял PWH|-1вт пробил лой пн,-1,-1,0
BTCUSDT,2020-02-17,2,1.0,1.0,1.0,1.0,+1открытие в нижней трети|+1пн снял PWL,1,1,0
BTCUSDT,2020-02-24,3,0.0,,1.0,0.0,"-1вт пробил лой пн|-1пн внутри, вт снял PWL и вернулся|-1хай пн устоял, ниже открытия",-1,-1,-1
BTCUSDT,2020-03-02,3,0.0,0.0,0.0,0.0,"+1открытие в нижней трети|+1вт инсайд пн|+1лой пн устоял, выше открытия",1,1,1
BTCUSDT,2020-03-09,4,0.0,0.0,1.0,0.0,"+1открытие в нижней трети|+1пн снял PWL|+1вт инсайд пн|-1хай пн устоял, ниже открытия",1,-1,-1
BTCUSDT,2020-03-16,1,1.0,1.0,0.0,1.0,"+1лой пн устоял, выше открытия",1,1,1
BTCUSDT,2020-03-23,1,0.0,,1.0,1.0,"+1лой пн устоял, выше открытия",1,1,1
BTCUSDT,2020-03-30,3,1.0,,0.0,1.0,"+1открытие в нижней трети|+1вт инсайд пн|+1лой пн устоял, выше открытия",1,1,1
BTCUSDT,2020-04-06,2,0.0,0.0,1.0,0.0,"-1пн снял PWH|+1лой пн устоял, выше открытия",0,1,1
BTCUSDT,2020-04-13,2,1.0,1.0,0.0,0.0,+1открытие в нижней трети|+1пн снял PWL,1,1,0
BTCUSDT,2020-04-20,3,1.0,1.0,0.0,1.0,"-1открытие в верхней трети|+1вт инсайд пн|+1лой пн устоял, выше открытия",1,1,1
BTCUSDT,2020-04-27,3,1.0,1.0,0.0,1.0,"-1открытие в верхней трети|+1вт инсайд пн|+1лой пн устоял, выше открытия",1,1,1
BTCUSDT,2020-05-04,2,0.0,1.0,0.0,0.0,"-1открытие в верхней трети|+1лой пн устоял, выше открытия",0,1,1
BTCUSDT,2020-05-11,2,1.0,1.0,0.0,1.0,"+1вт инсайд пн|+1лой пн устоял, выше открытия",1,1,1
BTCUSDT,2020-05-18,5,0.0,0.0,1.0,0.0,"-1открытие в верхней трети|-1пн снял PWH|+1вт инсайд пн|-1хай пн устоял, ниже открытия|-1PWH снят, ср ниже PWH, хай устоял",-1,-1,-1
BTCUSDT,2020-05-25,4,1.0,,0.0,1.0,"+1открытие в нижней трети|+1пн снял PWL|+1лой пн устоял, выше открытия|+1PWL снят, ср выше PWL, лой устоял",1,1,1
BTCUSDT,2020-06-01,4,1.0,,1.0,1.0,"-1открытие в верхней трети|-1пн снял PWH|-1вт пробил лой пн|-1PWH снят, ср ниже PWH, хай устоял",-1,-1,-1
BTCUSDT,2020-06-08,1,0.0,0.0,1.0,0.0,-1вт пробил лой пн,-1,-1,0
BTCUSDT,2020-06-15,4,0.0,,1.0,1.0,"+1открытие в нижней трети|+1пн снял PWL|+1лой пн устоял, выше открытия|+1PWL снят, ср выше PWL, лой устоял",1,1,1
BTCUSDT,2020-06-22,3,0.0,0.0,1.0,0.0,"-1пн снял PWH|+1вт инсайд пн|-1PWH снят, ср ниже PWH, хай устоял",-1,-1,-1
BTCUSDT,2020-06-29,4,0.0,0.0,1.0,0.0,"-1прошлая «обе сняты»|+1открытие в нижней трети|+1вт инсайд пн|+1лой пн устоял, выше открытия",1,1,1
BTCUSDT,2020-07-06,2,0.0,0.0,1.0,1.0,"-1пн снял PWH|+1лой пн устоял, выше открытия",0,1,1
BTCUSDT,2020-07-13,2,1.0,,1.0,0.0,"-1вт пробил лой пн|-1хай пн устоял, ниже открытия",-1,-1,-1
BTCUSDT,2020-07-20,1,1.0,1.0,0.0,1.0,"+1лой пн устоял, выше открытия",1,1,1
BTCUSDT,2020-07-27,4,0.0,0.0,0.0,1.0,"-1открытие в верхней трети|-1пн снял PWH|+1вт инсайд пн|+1лой пн устоял, выше открытия",0,1,1
BTCUSDT,2020-08-03,2,0.0,,0.0,1.0,"+1вт инсайд пн|+1лой пн устоял, выше открытия",1,1,1
BTCUSDT,2020-08-10,6,1.0,,1.0,1.0,"-1открытие в верхней трети|-1пн снял PWH|-1вт пробил лой пн|-1снят PWH, ниже открытия|-1хай пн устоял, ниже открытия|-1PWH снят, ср ниже PWH, хай устоял",-1,-1,-1
BTCUSDT,2020-08-17,5,0.0,,1.0,0.0,"-1открытие в верхней трети|-1пн снял PWH|+1вт инсайд пн|-1хай пн устоял, ниже открытия|-1PWH снят, ср ниже PWH, хай устоял",-1,-1,-1
BTCUSDT,2020-08-24,4,1.0,,1.0,1.0,"+1открытие в нижней трети|-1вт пробил лой пн|-1хай пн устоял, ниже открытия|+1PWL снят, ср выше PWL, лой устоял",0,1,1
BTCUSDT,2020-08-31,3,0.0,0.0,1.0,0.0,"-1открытие в верхней трети|-1вт пробил лой пн|-1PWH снят, ср ниже PWH, хай устоял",-1,-1,-1
BTCUSDT,2020-09-07,2,1.0,,0.0,1.0,+1открытие в нижней трети|-1вт пробил лой пн,0,-1,0
BTCUSDT,2020-09-14,2,0.0,,0.0,1.0,"-1пн снял PWH|+1лой пн устоял, выше открытия",0,1,1
BTCUSDT,2020-09-21,3,1.0,1.0,1.0,1.0,"-1открытие в верхней трети|+1вт инсайд пн|-1хай пн устоял, ниже открытия",-1,-1,-1
BTCUSDT,2020-09-28,5,0.0,0.0,1.0,0.0,"-1открытие в верхней трети|-1пн снял PWH|+1вт инсайд пн|+1лой пн устоял, выше открытия|-1PWH снят, ср ниже PWH, хай устоял",-1,-1,-1
BTCUSDT,2020-10-05,1,1.0,1.0,0.0,1.0,-1вт пробил лой пн,-1,-1,0
BTCUSDT,2020-10-12,5,1.0,,1.0,1.0,"-1открытие в верхней трети|-1пн снял PWH|+1вт инсайд пн|+1лой пн устоял, выше открытия|-1PWH снят, ср ниже PWH, хай устоял",-1,-1,-1
BTCUSDT,2020-10-19,2,1.0,1.0,0.0,1.0,"-1пн снял PWH|+1лой пн устоял, выше открытия",0,1,1
BTCUSDT,2020-10-26,3,1.0,1.0,0.0,1.0,"-1открытие в верхней трети|+1лой пн устоял, выше открытия|-1PWH снят, ср обновила хай, закрылась ниже PWH",-1,-1,-1
BTCUSDT,2020-11-02,2,1.0,1.0,0.0,1.0,"-1открытие в верхней трети|+1лой пн устоял, выше открытия",0,1,1
BTCUSDT,2020-11-09,3,1.0,,0.0,1.0,"-1открытие в верхней трети|+1вт инсайд пн|+1лой пн устоял, выше открытия",1,1,1
BTCUSDT,2020-11-16,3,1.0,1.0,0.0,1.0,"-1открытие в верхней трети|-1пн снял PWH|+1лой пн устоял, выше открытия",-1,1,1
BTCUSDT,2020-11-23,3,0.0,0.0,1.0,0.0,"-1открытие в верхней трети|-1вт пробил лой пн|-1PWH снят, ср обновила хай, закрылась ниже PWH",-1,-1,-1
BTCUSDT,2020-11-30,3,1.0,,1.0,1.0,"-1пн снял PWH|-1вт пробил лой пн|-1PWH снят, ср ниже PWH, хай устоял",-1,-1,-1
BTCUSDT,2020-12-07,3,1.0,,1.0,0.0,"-1открытие в верхней трети|-1вт пробил лой пн|-1хай пн устоял, ниже открытия",-1,-1,-1
BTCUSDT,2020-12-14,3,1.0,1.0,0.0,1.0,"-1открытие в верхней трети|-1пн внутри, вт снял PWH и вернулся|+1лой пн устоял, выше открытия",-1,1,1
BTCUSDT,2020-12-21,2,1.0,1.0,0.0,1.0,-1открытие в верхней трети|+1вт инсайд пн,0,1,0
BTCUSDT,2020-12-28,2,1.0,1.0,0.0,1.0,-1открытие в верхней трети|-1вт пробил лой пн,-1,-1,0
BTCUSDT,2021-01-04,2,1.0,1.0,0.0,1.0,"-1открытие в верхней трети|+1лой пн устоял, выше открытия",0,1,1
BTCUSDT,2021-01-11,3,0.0,0.0,0.0,1.0,"-1открытие в верхней трети|+1вт инсайд пн|-1хай пн устоял, ниже открытия",-1,-1,-1
BTCUSDT,2021-01-18,0,0.0,0.0,1.0,0.0,,0,0,0
BTCUSDT,2021-01-25,2,1.0,1.0,0.0,1.0,"-1вт пробил лой пн|-1хай пн устоял, ниже открытия",-1,-1,-1
BTCUSDT,2021-02-01,1,1.0,1.0,0.0,1.0,"+1лой пн устоял, выше открытия",1,1,1
BTCUSDT,2021-02-08,3,1.0,1.0,0.0,1.0,"-1открытие в верхней трети|-1пн снял PWH|+1лой пн устоял, выше открытия",-1,1,1
BTCUSDT,2021-02-15,3,1.0,1.0,0.0,1.0,"-1открытие в верхней трети|-1пн внутри, вт снял PWH и вернулся|+1лой пн устоял, выше открытия",-1,1,1
BTCUSDT,2021-02-22,5,0.0,0.0,1.0,0.0,"-1открытие в верхней трети|-1вт пробил лой пн|-1пн внутри, вт снял PWL и вернулся|-1хай пн устоял, ниже открытия|+1PWL снят, ср выше PWL, лой устоял",-1,1,1
BTCUSDT,2021-03-01,2,1.0,,1.0,1.0,"+1открытие в нижней трети|+1лой пн устоял, выше открытия",1,1,1
BTCUSDT,2021-03-08,2,1.0,1.0,0.0,1.0,"-1открытие в верхней трети|+1лой пн устоял, выше открытия",0,1,1
BTCUSDT,2021-03-15,3,0.0,,1.0,1.0,"-1открытие в верхней трети|-1вт пробил лой пн|-1хай пн устоял, ниже открытия",-1,-1,-1
BTCUSDT,2021-03-22,3,1.0,1.0,1.0,0.0,"-1вт пробил лой пн|-1пн внутри, вт снял PWL и вернулся|-1хай пн устоял, ниже открытия",-1,-1,-1
BTCUSDT,2021-03-29,1,0.0,,0.0,1.0,"+1лой пн устоял, выше открытия",1,1,1
BTCUSDT,2021-04-05,0,1.0,1.0,0.0,1.0,,0,0,0
BTCUSDT,2021-04-12,2,0.0,0.0,1.0,0.0,"-1открытие в верхней трети|+1лой пн устоял, выше открытия",0,1,1
BTCUSDT,2021-04-19,3,0.0,0.0,1.0,0.0,"-1прошлая «обе сняты»|-1вт пробил лой пн|-1хай пн устоял, ниже открытия",-1,-1,-1
BTCUSDT,2021-04-26,2,1.0,,0.0,1.0,"+1открытие в нижней трети|+1лой пн устоял, выше открытия",1,1,1
BTCUSDT,2021-05-03,5,1.0,,0.0,1.0,"-1открытие в верхней трети|-1пн снял PWH|-1вт пробил лой пн|-1снят PWH, ниже открытия|-1PWH снят, ср ниже PWH, хай устоял",-1,-1,-1
BTCUSDT,2021-05-10,6,0.0,0.0,1.0,0.0,"-1открытие в верхней трети|-1пн снял PWH|+1вт инсайд пн|-1снят PWH, ниже открытия|-1хай пн устоял, ниже открытия|-1PWH снят, ср ниже PWH, хай устоял",-1,-1,-1
BTCUSDT,2021-05-17,4,0.0,1.0,1.0,1.0,"+1открытие в нижней трети|+1пн снял PWL|+1вт инсайд пн|-1хай пн устоял, ниже открытия",1,-1,-1
BTCUSDT,2021-05-24,3,0.0,,1.0,0.0,"+1открытие в нижней трети|+1вт инсайд пн|+1лой пн устоял, выше открытия",1,1,1
BTCUSDT,2021-05-31,2,0.0,,0.0,1.0,"+1открытие в нижней трети|+1лой пн устоял, выше открытия",1,1,1
BTCUSDT,2021-06-07,4,1.0,,0.0,1.0,"+1открытие в нижней трети|+1пн снял PWL|-1вт пробил лой пн|+1PWL снят, ср выше PWL, лой устоял",1,1,1
BTCUSDT,2021-06-14,3,0.0,0.0,1.0,0.0,"-1открытие в верхней трети|-1пн снял PWH|-1PWH снят, ср ниже PWH, хай устоял",-1,-1,-1
BTCUSDT,2021-06-21,5,1.0,0.0,1.0,1.0,"+1открытие в нижней трети|+1пн снял PWL|-1вт пробил лой пн|-1хай пн устоял, ниже открытия|+1PWL снят, ср выше PWL, лой устоял",1,1,1
BTCUSDT,2021-06-28,3,1.0,,1.0,0.0,"-1открытие в верхней трети|+1лой пн устоял, выше открытия|-1PWH снят, ср ниже PWH, хай устоял",-1,-1,-1
BTCUSDT,2021-07-05,2,1.0,,1.0,0.0,"+1вт инсайд пн|-1хай пн устоял, ниже открытия",0,-1,-1
BTCUSDT,2021-07-12,3,0.0,0.0,1.0,0.0,"-1открытие в верхней трети|-1вт пробил лой пн|-1хай пн устоял, ниже открытия",-1,-1,-1
BTCUSDT,2021-07-19,4,1.0,1.0,0.0,1.0,"+1открытие в нижней трети|+1пн снял PWL|-1вт пробил лой пн|+1PWL снят, ср выше PWL, лой устоял",1,1,1
BTCUSDT,2021-07-26,4,0.0,0.0,1.0,1.0,"-1открытие в верхней трети|-1пн снял PWH|+1вт инсайд пн|+1лой пн устоял, выше открытия",0,1,1
BTCUSDT,2021-08-02,2,1.0,1.0,0.0,0.0,"-1вт пробил лой пн|-1хай пн устоял, ниже открытия",-1,-1,-1
BTCUSDT,2021-08-09,3,1.0,,0.0,1.0,"-1открытие в верхней трети|-1пн снял PWH|+1лой пн устоял, выше открытия",-1,1,1
BTCUSDT,2021-08-16,3,1.0,1.0,0.0,0.0,"-1открытие в верхней трети|-1вт пробил лой пн|-1хай пн устоял, ниже открытия",-1,-1,-1
BTCUSDT,2021-08-23,6,0.0,0.0,1.0,0.0,"-1открытие в верхней трети|-1пн снял PWH|-1вт пробил лой пн|-1снят PWH, ниже открытия|-1хай пн устоял, ниже открытия|-1PWH снят, ср ниже PWH, хай устоял",-1,-1,-1
BTCUSDT,2021-08-30,1,1.0,1.0,0.0,1.0,-1вт пробил лой пн,-1,-1,0
BTCUSDT,2021-09-06,3,0.0,,1.0,1.0,-1открытие в верхней трети|-1пн снял PWH|-1вт пробил лой пн,-1,-1,0
BTCUSDT,2021-09-13,1,0.0,,0.0,1.0,"+1лой пн устоял, выше открытия",1,1,1
BTCUSDT,2021-09-20,5,0.0,0.0,1.0,1.0,"-1открытие в верхней трети|+1пн снял PWL|-1вт пробил лой пн|-1хай пн устоял, ниже открытия|+1PWL снят, ср выше PWL, лой устоял",-1,1,1
BTCUSDT,2021-09-27,2,1.0,1.0,0.0,1.0,"-1вт пробил лой пн|-1хай пн устоял, ниже открытия",-1,-1,-1
BTCUSDT,2021-10-04,3,0.0,,0.0,1.0,"-1открытие в верхней трети|-1пн снял PWH|+1лой пн устоял, выше открытия",-1,1,1
BTCUSDT,2021-10-11,3,1.0,1.0,0.0,1.0,-1открытие в верхней трети|-1пн снял PWH|-1вт пробил лой пн,-1,-1,0
BTCUSDT,2021-10-18,2,0.0,0.0,1.0,0.0,"-1открытие в верхней трети|+1лой пн устоял, выше открытия",0,1,1
BTCUSDT,2021-10-25,3,1.0,1.0,1.0,0.0,"+1открытие в нижней трети|-1вт пробил лой пн|-1хай пн устоял, ниже открытия",-1,-1,-1
BTCUSDT,2021-11-01,3,1.0,,1.0,1.0,"-1пн внутри, вт снял PWH и вернулся|+1лой пн устоял, выше открытия|-1PWH снят, ср ниже PWH, хай устоял",-1,-1,-1
BTCUSDT,2021-11-08,2,1.0,,1.0,0.0,-1открытие в верхней трети|-1пн снял PWH,-1,-1,0
BTCUSDT,2021-11-15,2,0.0,0.0,1.0,0.0,"-1вт пробил лой пн|-1хай пн устоял, ниже открытия",-1,-1,-1
BTCUSDT,2021-11-22,5,1.0,0.0,1.0,0.0,"+1открытие в нижней трети|+1пн снял PWL|-1вт пробил лой пн|-1хай пн устоял, ниже открытия|+1PWL снят, ср выше PWL, лой устоял",1,1,1
BTCUSDT,2021-11-29,1,0.0,0.0,1.0,0.0,-1вт пробил лой пн,-1,-1,0
BTCUSDT,2021-12-06,1,0.0,,1.0,0.0,"+1лой пн устоял, выше открытия",1,1,1
BTCUSDT,2021-12-13,4,0.0,,1.0,0.0,"+1пн снял PWL|+1вт инсайд пн|-1хай пн устоял, ниже открытия|+1PWL снят, ср выше PWL, лой устоял",1,1,1
BTCUSDT,2021-12-20,2,1.0,1.0,0.0,1.0,"+1открытие в нижней трети|+1лой пн устоял, выше открытия",1,1,1
BTCUSDT,2021-12-27,6,1.0,,1.0,0.0,"-1открытие в верхней трети|-1пн снял PWH|-1вт пробил лой пн|-1снят PWH, ниже открытия|-1хай пн устоял, ниже открытия|-1PWH снят, ср ниже PWH, хай устоял",-1,-1,-1
BTCUSDT,2022-01-03,4,0.0,0.0,1.0,0.0,"+1открытие в нижней трети|-1вт пробил лой пн|-1пн внутри, вт снял PWL и вернулся|-1хай пн устоял, ниже открытия",-1,-1,-1
BTCUSDT,2022-01-10,4,0.0,,0.0,1.0,"+1открытие в нижней трети|+1пн снял PWL|+1лой пн устоял, выше открытия|+1PWL снят, ср выше PWL, лой устоял",1,1,1
BTCUSDT,2022-01-17,3,0.0,0.0,0.0,0.0,"-1открытие в верхней трети|-1вт пробил лой пн|-1хай пн устоял, ниже открытия",-1,-1,-1
BTCUSDT,2022-01-24,4,1.0,,1.0,1.0,"+1открытие в нижней трети|+1пн снял PWL|+1лой пн устоял, выше открытия|+1PWL снят, ср выше PWL, лой устоял",1,1,1
BTCUSDT,2022-01-31,3,1.0,1.0,0.0,0.0,"-1открытие в верхней трети|-1пн внутри, вт снял PWH и вернулся|-1PWH снят, ср ниже PWH, хай устоял",-1,-1,-1
BTCUSDT,2022-02-07,3,0.0,0.0,0.0,0.0,"-1открытие в верхней трети|-1пн снял PWH|+1лой пн устоял, выше открытия",-1,1,1
BTCUSDT,2022-02-14,4,0.0,0.0,1.0,0.0,"+1открытие в нижней трети|+1пн снял PWL|+1лой пн устоял, выше открытия|+1PWL снят, ср выше PWL, лой устоял",1,1,1
BTCUSDT,2022-02-21,4,1.0,0.0,0.0,0.0,"+1открытие в нижней трети|+1пн снял PWL|-1вт пробил лой пн|-1хай пн устоял, ниже открытия",0,-1,-1
BTCUSDT,2022-02-28,2,0.0,0.0,1.0,1.0,"-1пн снял PWH|+1лой пн устоял, выше открытия",0,1,1
BTCUSDT,2022-03-07,5,0.0,0.0,1.0,1.0,"+1открытие в нижней трети|+1пн снял PWL|+1вт инсайд пн|+1лой пн устоял, выше открытия|+1PWL снят, ср выше PWL, лой устоял",1,1,1
BTCUSDT,2022-03-14,3,1.0,,0.0,1.0,"+1открытие в нижней трети|+1вт инсайд пн|+1лой пн устоял, выше открытия",1,1,1
BTCUSDT,2022-03-21,3,1.0,1.0,0.0,1.0,"-1открытие в верхней трети|-1пн внутри, вт снял PWH и вернулся|+1лой пн устоял, выше открытия",-1,1,1
BTCUSDT,2022-03-28,3,0.0,0.0,1.0,0.0,-1открытие в верхней трети|-1пн снял PWH|+1вт инсайд пн,-1,1,0
BTCUSDT,2022-04-04,0,0.0,,1.0,0.0,,0,0,0
BTCUSDT,2022-04-11,4,0.0,,1.0,1.0,"+1открытие в нижней трети|+1пн снял PWL|+1вт инсайд пн|-1хай пн устоял, ниже открытия",1,-1,-1
BTCUSDT,2022-04-18,4,0.0,0.0,0.0,1.0,"+1открытие в нижней трети|+1пн снял PWL|+1лой пн устоял, выше открытия|+1PWL снят, ср выше PWL, лой устоял",1,1,1
BTCUSDT,2022-04-25,5,0.0,0.0,1.0,0.0,"-1прошлая «обе сняты»|+1открытие в нижней трети|+1пн снял PWL|-1вт пробил лой пн|+1PWL снят, ср выше PWL, лой устоял",1,1,1
BTCUSDT,2022-05-02,2,0.0,0.0,1.0,0.0,+1открытие в нижней трети|-1вт пробил лой пн,0,-1,0
BTCUSDT,2022-05-09,4,1.0,0.0,1.0,0.0,"+1открытие в нижней трети|+1пн снял PWL|-1вт пробил лой пн|-1хай пн устоял, ниже открытия",0,-1,-1
BTCUSDT,2022-05-16,2,1.0,,1.0,1.0,"+1вт инсайд пн|-1хай пн устоял, ниже открытия",0,-1,-1
BTCUSDT,2022-05-23,2,0.0,,1.0,0.0,"-1вт пробил лой пн|-1хай пн устоял, ниже открытия",-1,-1,-1
BTCUSDT,2022-05-30,2,1.0,,1.0,0.0,"-1пн снял PWH|-1PWH снят, ср ниже PWH, хай устоял",-1,-1,-1
BTCUSDT,2022-06-06,4,0.0,0.0,1.0,0.0,"+1открытие в нижней трети|-1вт пробил лой пн|-1пн внутри, вт снял PWL и вернулся|+1PWL снят, ср выше PWL, лой устоял",0,1,1
BTCUSDT,2022-06-13,4,0.0,0.0,1.0,0.0,"+1открытие в нижней трети|+1пн снял PWL|-1вт пробил лой пн|-1хай пн устоял, ниже открытия",0,-1,-1
BTCUSDT,2022-06-20,1,1.0,,0.0,1.0,+1открытие в нижней трети,1,1,0
BTCUSDT,2022-06-27,2,0.0,,1.0,0.0,"-1вт пробил лой пн|-1хай пн устоял, ниже открытия",-1,-1,-1
BTCUSDT,2022-07-04,2,1.0,1.0,0.0,1.0,"+1открытие в нижней трети|+1лой пн устоял, выше открытия",1,1,1
BTCUSDT,2022-07-11,2,1.0,1.0,0.0,1.0,"-1вт пробил лой пн|-1хай пн устоял, ниже открытия",-1,-1,-1
BTCUSDT,2022-07-18,3,0.0,0.0,1.0,1.0,"-1открытие в верхней трети|-1пн снял PWH|+1лой пн устоял, выше открытия",-1,1,1
BTCUSDT,2022-07-25,3,1.0,1.0,0.0,1.0,"-1вт пробил лой пн|-1пн внутри, вт снял PWL и вернулся|+1PWL снят, ср выше PWL, лой устоял",-1,1,1
BTCUSDT,2022-08-01,2,1.0,,1.0,0.0,-1прошлая «обе сняты»|-1вт пробил лой пн,-1,-1,0
BTCUSDT,2022-08-08,3,1.0,1.0,0.0,1.0,"-1пн снял PWH|-1вт пробил лой пн|-1снят PWH, ниже открытия",-1,-1,0
BTCUSDT,2022-08-15,6,0.0,0.0,1.0,0.0,"-1открытие в верхней трети|-1пн снял PWH|-1вт пробил лой пн|-1снят PWH, ниже открытия|-1хай пн устоял, ниже открытия|-1PWH снят, ср ниже PWH, хай устоял",-1,-1,-1
BTCUSDT,2022-08-22,1,0.0,0.0,1.0,0.0,+1открытие в нижней трети,1,1,0
BTCUSDT,2022-08-29,2,0.0,,1.0,1.0,+1открытие в нижней трети|-1вт пробил лой пн,0,-1,0
BTCUSDT,2022-09-05,1,1.0,1.0,0.0,1.0,-1вт пробил лой пн,-1,-1,0
BTCUSDT,2022-09-12,5,0.0,0.0,1.0,0.0,"-1открытие в верхней трети|-1пн снял PWH|-1вт пробил лой пн|-1снят PWH, ниже открытия|-1PWH снят, ср ниже PWH, хай устоял",-1,-1,-1
BTCUSDT,2022-09-19,3,1.0,1.0,1.0,1.0,+1открытие в нижней трети|+1пн снял PWL|+1вт инсайд пн,1,1,0
BTCUSDT,2022-09-26,2,0.0,,1.0,1.0,"-1пн внутри, вт снял PWH и вернулся|-1PWH снят, ср ниже PWH, хай устоял",-1,-1,-1
BTCUSDT,2022-10-03,4,0.0,,1.0,1.0,"+1открытие в нижней трети|-1пн внутри, вт снял PWH и вернулся|+1лой пн устоял, выше открытия|-1PWH снят, ср ниже PWH, хай устоял",0,-1,-1
BTCUSDT,2022-10-10,5,1.0,0.0,0.0,0.0,"+1открытие в нижней трети|-1вт пробил лой пн|-1пн внутри, вт снял PWL и вернулся|-1хай пн устоял, ниже открытия|+1PWL снят, ср выше PWL, лой устоял",-1,1,1
BTCUSDT,2022-10-17,1,1.0,,1.0,0.0,-1вт пробил лой пн,-1,-1,0
BTCUSDT,2022-10-24,2,0.0,0.0,0.0,1.0,"-1открытие в верхней трети|+1лой пн устоял, выше открытия",0,1,1
BTCUSDT,2022-10-31,3,1.0,1.0,0.0,0.0,"-1открытие в верхней трети|+1вт инсайд пн|-1хай пн устоял, ниже открытия",-1,-1,-1
BTCUSDT,2022-11-07,2,1.0,1.0,1.0,1.0,"-1вт пробил лой пн|-1хай пн устоял, ниже открытия",-1,-1,-1
BTCUSDT,2022-11-14,3,0.0,,1.0,1.0,"+1открытие в нижней трети|+1вт инсайд пн|+1лой пн устоял, выше открытия",1,1,1
BTCUSDT,2022-11-21,3,0.0,,0.0,1.0,"+1пн снял PWL|+1лой пн устоял, выше открытия|+1PWL снят, ср выше PWL, лой устоял",1,1,1
BTCUSDT,2022-11-28,2,0.0,,0.0,1.0,"-1открытие в верхней трети|+1лой пн устоял, выше открытия",0,1,1
BTCUSDT,2022-12-05,6,1.0,1.0,1.0,1.0,"-1открытие в верхней трети|-1пн снял PWH|+1вт инсайд пн|-1снят PWH, ниже открытия|-1хай пн устоял, ниже открытия|-1PWH снят, ср ниже PWH, хай устоял",-1,-1,-1
BTCUSDT,2022-12-12,1,0.0,0.0,1.0,0.0,"+1лой пн устоял, выше открытия",1,1,1
BTCUSDT,2022-12-19,5,1.0,,1.0,1.0,"-1прошлая «обе сняты»|+1открытие в нижней трети|+1пн снял PWL|+1лой пн устоял, выше открытия|+1PWL снят, ср выше PWL, лой устоял",1,1,1
BTCUSDT,2022-12-26,2,1.0,,1.0,0.0,-1открытие в верхней трети|-1вт пробил лой пн,-1,-1,0
BTCUSDT,2023-01-02,2,1.0,1.0,0.0,1.0,"+1вт инсайд пн|+1лой пн устоял, выше открытия",1,1,1
BTCUSDT,2023-01-09,3,1.0,1.0,0.0,1.0,"-1открытие в верхней трети|-1пн снял PWH|+1лой пн устоял, выше открытия",-1,1,1
BTCUSDT,2023-01-16,3,1.0,1.0,0.0,1.0,"-1открытие в верхней трети|-1пн внутри, вт снял PWH и вернулся|-1PWH снят, ср обновила хай, закрылась ниже PWH",-1,-1,-1
BTCUSDT,2023-01-23,2,1.0,,0.0,1.0,-1открытие в верхней трети|-1вт пробил лой пн,-1,-1,0
BTCUSDT,2023-01-30,2,0.0,0.0,0.0,1.0,-1открытие в верхней трети|+1вт инсайд пн,0,1,0
BTCUSDT,2023-02-06,2,0.0,0.0,1.0,0.0,"+1открытие в нижней трети|+1лой пн устоял, выше открытия",1,1,1
BTCUSDT,2023-02-13,4,0.0,1.0,0.0,1.0,"+1открытие в нижней трети|+1пн снял PWL|+1лой пн устоял, выше открытия|+1PWL снят, ср выше PWL, лой устоял",1,1,1
BTCUSDT,2023-02-20,3,0.0,0.0,1.0,0.0,"-1открытие в верхней трети|-1пн внутри, вт снял PWH и вернулся|-1PWH снят, ср ниже PWH, хай устоял",-1,-1,-1
BTCUSDT,2023-02-27,2,0.0,0.0,1.0,0.0,+1открытие в нижней трети|-1вт пробил лой пн,0,-1,0
BTCUSDT,2023-03-06,3,1.0,0.0,1.0,0.0,"+1открытие в нижней трети|-1вт пробил лой пн|-1хай пн устоял, ниже открытия",-1,-1,-1
BTCUSDT,2023-03-13,3,1.0,1.0,0.0,1.0,"-1открытие в верхней трети|-1пн снял PWH|+1лой пн устоял, выше открытия",-1,1,1
BTCUSDT,2023-03-20,4,1.0,1.0,1.0,1.0,"-1открытие в верхней трети|-1пн снял PWH|+1вт инсайд пн|-1PWH снят, ср обновила хай, закрылась ниже PWH",-1,-1,-1
BTCUSDT,2023-03-27,4,0.0,,0.0,1.0,"+1пн снял PWL|+1вт инсайд пн|+1лой пн устоял, выше открытия|+1PWL снят, ср выше PWL, лой устоял",1,1,1
BTCUSDT,2023-04-03,2,1.0,,1.0,1.0,-1прошлая «обе сняты»|+1вт инсайд пн,0,1,0
BTCUSDT,2023-04-10,3,1.0,1.0,0.0,1.0,"-1открытие в верхней трети|-1пн снял PWH|+1лой пн устоял, выше открытия",-1,1,1
BTCUSDT,2023-04-17,2,0.0,0.0,1.0,0.0,-1открытие в верхней трети|-1вт пробил лой пн,-1,-1,0
BTCUSDT,2023-04-24,4,1.0,1.0,1.0,1.0,"+1открытие в нижней трети|+1пн снял PWL|+1лой пн устоял, выше открытия|+1PWL снят, ср выше PWL, лой устоял",1,1,1
BTCUSDT,2023-05-01,3,0.0,,0.0,1.0,"-1открытие в верхней трети|+1вт инсайд пн|-1хай пн устоял, ниже открытия",-1,-1,-1
BTCUSDT,2023-05-08,3,0.0,0.0,1.0,0.0,"+1пн снял PWL|+1вт инсайд пн|-1хай пн устоял, ниже открытия",1,-1,-1
BTCUSDT,2023-05-15,1,0.0,0.0,1.0,0.0,+1вт инсайд пн,1,1,0
BTCUSDT,2023-05-22,1,1.0,1.0,0.0,0.0,+1открытие в нижней трети,1,1,0
BTCUSDT,2023-05-29,6,0.0,,1.0,0.0,"-1открытие в верхней трети|-1пн снял PWH|+1вт инсайд пн|-1снят PWH, ниже открытия|-1хай пн устоял, ниже открытия|-1PWH снят, ср ниже PWH, хай устоял",-1,-1,-1
BTCUSDT,2023-06-05,3,0.0,0.0,1.0,0.0,+1открытие в нижней трети|+1пн снял PWL|-1вт пробил лой пн,1,-1,0
BTCUSDT,2023-06-12,1,1.0,1.0,0.0,0.0,+1открытие в нижней трети,1,1,0
BTCUSDT,2023-06-19,3,1.0,1.0,0.0,1.0,"-1открытие в верхней трети|-1пн снял PWH|+1лой пн устоял, выше открытия",-1,1,1
BTCUSDT,2023-06-26,1,1.0,1.0,0.0,0.0,-1открытие в верхней трети,-1,-1,0
BTCUSDT,2023-07-03,4,0.0,,0.0,0.0,"-1пн снял PWH|+1вт инсайд пн|-1хай пн устоял, ниже открытия|-1PWH снят, ср ниже PWH, хай устоял",-1,-1,-1
BTCUSDT,2023-07-10,3,0.0,1.0,0.0,0.0,"+1открытие в нижней трети|+1вт инсайд пн|+1лой пн устоял, выше открытия",1,1,1
BTCUSDT,2023-07-17,5,1.0,,0.0,1.0,"+1открытие в нижней трети|+1пн снял PWL|-1вт пробил лой пн|-1хай пн устоял, ниже открытия|+1PWL снят, ср выше PWL, лой устоял",1,1,1
BTCUSDT,2023-07-24,3,0.0,,1.0,1.0,"+1пн снял PWL|+1вт инсайд пн|-1хай пн устоял, ниже открытия",1,-1,-1
BTCUSDT,2023-07-31,3,0.0,,1.0,1.0,"-1вт пробил лой пн|-1пн внутри, вт снял PWL и вернулся|+1PWL снят, ср выше PWL, лой устоял",-1,1,1
BTCUSDT,2023-08-07,3,0.0,,1.0,1.0,"-1пн внутри, вт снял PWH и вернулся|+1лой пн устоял, выше открытия|-1PWH снят, ср ниже PWH, хай устоял",-1,-1,-1
BTCUSDT,2023-08-14,2,0.0,0.0,1.0,0.0,"-1вт пробил лой пн|-1хай пн устоял, ниже открытия",-1,-1,-1
BTCUSDT,2023-08-21,2,0.0,,1.0,1.0,+1открытие в нижней трети|-1вт пробил лой пн,0,-1,0
BTCUSDT,2023-08-28,1,0.0,0.0,1.0,0.0,"+1лой пн устоял, выше открытия",1,1,1
BTCUSDT,2023-09-04,3,1.0,,0.0,1.0,"+1открытие в нижней трети|-1вт пробил лой пн|-1хай пн устоял, ниже открытия",-1,-1,-1
BTCUSDT,2023-09-11,2,1.0,,0.0,1.0,"+1пн снял PWL|+1лой пн устоял, выше открытия",1,1,1
BTCUSDT,2023-09-18,3,0.0,0.0,1.0,0.0,"-1открытие в верхней трети|-1пн снял PWH|+1лой пн устоял, выше открытия",-1,1,1
BTCUSDT,2023-09-25,5,1.0,1.0,0.0,1.0,"+1открытие в нижней трети|+1пн снял PWL|+1вт инсайд пн|+1лой пн устоял, выше открытия|+1PWL снят, ср выше PWL, лой устоял",1,1,1
BTCUSDT,2023-10-02,6,1.0,1.0,1.0,1.0,"-1открытие в верхней трети|-1пн снял PWH|-1вт пробил лой пн|-1снят PWH, ниже открытия|-1хай пн устоял, ниже открытия|-1PWH снят, ср ниже PWH, хай устоял",-1,-1,-1
BTCUSDT,2023-10-09,2,1.0,,1.0,1.0,"+1вт инсайд пн|-1хай пн устоял, ниже открытия",0,-1,-1
BTCUSDT,2023-10-16,3,1.0,1.0,1.0,1.0,"-1пн снял PWH|+1вт инсайд пн|+1лой пн устоял, выше открытия",1,1,1
BTCUSDT,2023-10-23,4,1.0,0.0,1.0,1.0,"-1открытие в верхней трети|-1пн снял PWH|+1вт инсайд пн|+1лой пн устоял, выше открытия",0,1,1
BTCUSDT,2023-10-30,2,0.0,,0.0,1.0,-1открытие в верхней трети|-1вт пробил лой пн,-1,-1,0
BTCUSDT,2023-11-06,1,1.0,1.0,0.0,1.0,-1вт пробил лой пн,-1,-1,0
BTCUSDT,2023-11-13,3,0.0,0.0,1.0,1.0,"-1вт пробил лой пн|-1пн внутри, вт снял PWL и вернулся|+1PWL снят, ср выше PWL, лой устоял",-1,1,1
BTCUSDT,2023-11-20,2,1.0,,0.0,1.0,-1открытие в верхней трети|-1вт пробил лой пн,-1,-1,0
BTCUSDT,2023-11-27,1,1.0,1.0,0.0,1.0,"+1лой пн устоял, выше открытия",1,1,1
BTCUSDT,2023-12-04,3,1.0,,0.0,1.0,"-1открытие в верхней трети|-1пн снял PWH|+1лой пн устоял, выше открытия",-1,1,1
BTCUSDT,2023-12-11,3,0.0,0.0,1.0,1.0,"-1открытие в верхней трети|+1вт инсайд пн|-1хай пн устоял, ниже открытия",-1,-1,-1
BTCUSDT,2023-12-18,2,0.0,,0.0,1.0,"+1открытие в нижней трети|+1лой пн устоял, выше открытия",1,1,1
BTCUSDT,2023-12-25,1,0.0,0.0,1.0,0.0,-1вт пробил лой пн,-1,-1,0
BTCUSDT,2024-01-01,2,1.0,1.0,1.0,1.0,"-1пн снял PWH|-1PWH снят, ср ниже PWH, хай устоял",-1,-1,-1
BTCUSDT,2024-01-08,2,0.0,1.0,0.0,0.0,"-1пн снял PWH|+1лой пн устоял, выше открытия",0,1,1
BTCUSDT,2024-01-15,2,0.0,,1.0,0.0,"+1открытие в нижней трети|+1лой пн устоял, выше открытия",1,1,1
BTCUSDT,2024-01-22,3,1.0,1.0,0.0,1.0,"+1пн снял PWL|-1вт пробил лой пн|-1хай пн устоял, ниже открытия",-1,-1,-1
BTCUSDT,2024-01-29,4,1.0,,1.0,1.0,"-1открытие в верхней трети|-1пн снял PWH|+1лой пн устоял, выше открытия|-1PWH снят, ср ниже PWH, хай устоял",-1,-1,-1
BTCUSDT,2024-02-05,2,1.0,1.0,0.0,1.0,"+1вт инсайд пн|+1лой пн устоял, выше открытия",1,1,1
BTCUSDT,2024-02-12,3,1.0,,0.0,1.0,"-1открытие в верхней трети|-1пн снял PWH|+1лой пн устоял, выше открытия",-1,1,1
BTCUSDT,2024-02-19,4,0.0,,1.0,0.0,"-1открытие в верхней трети|-1вт пробил лой пн|-1пн внутри, вт снял PWH и вернулся|-1PWH снят, ср ниже PWH, хай устоял",-1,-1,-1
BTCUSDT,2024-02-26,2,1.0,0.0,1.0,1.0,"-1пн снял PWH|+1лой пн устоял, выше открытия",0,1,1
BTCUSDT,2024-03-04,3,1.0,1.0,0.0,1.0,-1открытие в верхней трети|-1пн снял PWH|-1вт пробил лой пн,-1,-1,0
BTCUSDT,2024-03-11,3,0.0,0.0,0.0,0.0,"-1открытие в верхней трети|-1пн снял PWH|+1лой пн устоял, выше открытия",-1,1,1
BTCUSDT,2024-03-18,3,0.0,0.0,1.0,1.0,"-1вт пробил лой пн|-1хай пн устоял, ниже открытия|+1PWL снят, ср обновила лой, закрылась выше PWL",-1,1,1
BTCUSDT,2024-03-25,3,1.0,,1.0,1.0,"-1открытие в верхней трети|-1пн снял PWH|+1лой пн устоял, выше открытия",-1,1,1
BTCUSDT,2024-04-01,3,1.0,1.0,1.0,1.0,"-1открытие в верхней трети|-1вт пробил лой пн|-1хай пн устоял, ниже открытия",-1,-1,-1
BTCUSDT,2024-04-08,5,0.0,0.0,1.0,0.0,"-1открытие в верхней трети|-1пн снял PWH|-1вт пробил лой пн|-1снят PWH, ниже открытия|-1PWH снят, ср ниже PWH, хай устоял",-1,-1,-1
BTCUSDT,2024-04-15,3,1.0,1.0,1.0,0.0,"-1прошлая «обе сняты»|-1вт пробил лой пн|-1хай пн устоял, ниже открытия",-1,-1,-1
BTCUSDT,2024-04-22,5,0.0,,1.0,0.0,"-1открытие в верхней трети|-1пн снял PWH|+1вт инсайд пн|-1хай пн устоял, ниже открытия|-1PWH снят, ср ниже PWH, хай устоял",-1,-1,-1
BTCUSDT,2024-04-29,3,1.0,1.0,1.0,1.0,+1открытие в нижней трети|+1пн снял PWL|-1вт пробил лой пн,1,-1,0
BTCUSDT,2024-05-06,6,1.0,,1.0,0.0,"-1открытие в верхней трети|-1пн снял PWH|-1вт пробил лой пн|-1снят PWH, ниже открытия|-1хай пн устоял, ниже открытия|-1PWH снят, ср ниже PWH, хай устоял",-1,-1,-1
BTCUSDT,2024-05-13,3,1.0,,0.0,1.0,"+1открытие в нижней трети|+1вт инсайд пн|+1лой пн устоял, выше открытия",1,1,1
BTCUSDT,2024-05-20,3,0.0,0.0,1.0,1.0,"-1открытие в верхней трети|-1пн снял PWH|+1лой пн устоял, выше открытия",-1,1,1
BTCUSDT,2024-05-27,2,1.0,,1.0,0.0,"-1вт пробил лой пн|-1хай пн устоял, ниже открытия",-1,-1,-1
BTCUSDT,2024-06-03,3,0.0,0.0,0.0,1.0,"+1открытие в нижней трети|-1пн внутри, вт снял PWH и вернулся|+1лой пн устоял, выше открытия",1,1,1
BTCUSDT,2024-06-10,3,0.0,0.0,1.0,0.0,"-1вт пробил лой пн|-1хай пн устоял, ниже открытия|+1PWL снят, ср выше PWL, лой устоял",-1,1,1
BTCUSDT,2024-06-17,4,0.0,,1.0,0.0,"+1открытие в нижней трети|-1вт пробил лой пн|-1пн внутри, вт снял PWL и вернулся|-1хай пн устоял, ниже открытия",-1,-1,-1
BTCUSDT,2024-06-24,4,1.0,1.0,1.0,1.0,"+1открытие в нижней трети|+1пн снял PWL|+1вт инсайд пн|-1хай пн устоял, ниже открытия",1,-1,-1
BTCUSDT,2024-07-01,6,0.0,0.0,1.0,0.0,"-1открытие в верхней трети|-1пн снял PWH|-1вт пробил лой пн|-1снят PWH, ниже открытия|-1хай пн устоял, ниже открытия|-1PWH снят, ср ниже PWH, хай устоял",-1,-1,-1
BTCUSDT,2024-07-08,2,1.0,1.0,0.0,1.0,"+1открытие в нижней трети|+1лой пн устоял, выше открытия",1,1,1
BTCUSDT,2024-07-15,3,1.0,1.0,0.0,1.0,"-1открытие в верхней трети|-1пн снял PWH|+1лой пн устоял, выше открытия",-1,1,1
BTCUSDT,2024-07-22,6,1.0,1.0,0.0,0.0,"-1открытие в верхней трети|-1пн снял PWH|-1вт пробил лой пн|-1снят PWH, ниже открытия|-1хай пн устоял, ниже открытия|-1PWH снят, ср ниже PWH, хай устоял",-1,-1,-1
BTCUSDT,2024-07-29,6,0.0,0.0,1.0,0.0,"-1открытие в верхней трети|-1пн снял PWH|-1вт пробил лой пн|-1снят PWH, ниже открытия|-1хай пн устоял, ниже открытия|-1PWH снят, ср ниже PWH, хай устоял",-1,-1,-1
BTCUSDT,2024-08-05,4,1.0,1.0,0.0,1.0,"+1открытие в нижней трети|+1пн снял PWL|+1вт инсайд пн|-1хай пн устоял, ниже открытия",1,-1,-1
BTCUSDT,2024-08-12,1,0.0,,1.0,0.0,-1открытие в верхней трети,-1,-1,0
BTCUSDT,2024-08-19,1,1.0,1.0,0.0,1.0,"+1лой пн устоял, выше открытия",1,1,1
BTCUSDT,2024-08-26,3,0.0,,1.0,0.0,"-1открытие в верхней трети|-1вт пробил лой пн|-1хай пн устоял, ниже открытия",-1,-1,-1
BTCUSDT,2024-09-02,3,0.0,0.0,1.0,0.0,"+1открытие в нижней трети|+1пн снял PWL|+1PWL снят, ср обновила лой, закрылась выше PWL",1,1,1
BTCUSDT,2024-09-09,3,1.0,1.0,0.0,1.0,"+1открытие в нижней трети|+1вт инсайд пн|+1лой пн устоял, выше открытия",1,1,1
BTCUSDT,2024-09-16,3,1.0,1.0,0.0,1.0,"-1открытие в верхней трети|-1пн внутри, вт снял PWH и вернулся|+1лой пн устоял, выше открытия",-1,1,1
BTCUSDT,2024-09-23,4,1.0,1.0,0.0,1.0,"-1открытие в верхней трети|-1пн снял PWH|+1вт инсайд пн|-1PWH снят, ср обновила хай, закрылась ниже PWH",-1,-1,-1
BTCUSDT,2024-09-30,3,1.0,1.0,1.0,0.0,"-1открытие в верхней трети|-1вт пробил лой пн|-1хай пн устоял, ниже открытия",-1,-1,-1
BTCUSDT,2024-10-07,2,1.0,1.0,1.0,0.0,"-1вт пробил лой пн|-1хай пн устоял, ниже открытия",-1,-1,-1
BTCUSDT,2024-10-14,3,1.0,,0.0,1.0,"-1открытие в верхней трети|-1пн снял PWH|+1лой пн устоял, выше открытия",-1,1,1
BTCUSDT,2024-10-21,6,1.0,1.0,1.0,1.0,"-1открытие в верхней трети|-1пн снял PWH|-1вт пробил лой пн|-1снят PWH, ниже открытия|-1хай пн устоял, ниже открытия|-1PWH снят, ср ниже PWH, хай устоял",-1,-1,-1
BTCUSDT,2024-10-28,2,0.0,0.0,1.0,0.0,"-1пн снял PWH|+1лой пн устоял, выше открытия",0,1,1
BTCUSDT,2024-11-04,4,1.0,1.0,0.0,1.0,"+1открытие в нижней трети|+1пн снял PWL|+1лой пн устоял, выше открытия|+1PWL снят, ср выше PWL, лой устоял",1,1,1
BTCUSDT,2024-11-11,3,0.0,0.0,1.0,1.0,"-1открытие в верхней трети|-1пн снял PWH|+1лой пн устоял, выше открытия",-1,1,1
BTCUSDT,2024-11-18,3,1.0,1.0,0.0,1.0,"-1открытие в верхней трети|-1пн внутри, вт снял PWH и вернулся|+1лой пн устоял, выше открытия",-1,1,1
BTCUSDT,2024-11-25,3,1.0,,1.0,1.0,"-1открытие в верхней трети|-1вт пробил лой пн|-1хай пн устоял, ниже открытия",-1,-1,-1
BTCUSDT,2024-12-02,2,1.0,1.0,0.0,0.0,-1открытие в верхней трети|-1вт пробил лой пн,-1,-1,0
BTCUSDT,2024-12-09,2,1.0,,0.0,1.0,-1открытие в верхней трети|+1вт инсайд пн,0,1,0
BTCUSDT,2024-12-16,3,0.0,0.0,1.0,0.0,"-1открытие в верхней трети|-1пн снял PWH|-1PWH снят, ср ниже PWH, хай устоял",-1,-1,-1
BTCUSDT,2024-12-23,3,0.0,0.0,0.0,1.0,"-1прошлая «обе сняты»|+1открытие в нижней трети|+1лой пн устоял, выше открытия",1,1,1
BTCUSDT,2024-12-30,4,1.0,1.0,0.0,1.0,"+1открытие в нижней трети|+1пн снял PWL|+1лой пн устоял, выше открытия|+1PWL снят, ср выше PWL, лой устоял",1,1,1
BTCUSDT,2025-01-06,5,0.0,0.0,1.0,0.0,"-1открытие в верхней трети|-1пн снял PWH|-1вт пробил лой пн|-1снят PWH, ниже открытия|-1PWH снят, ср ниже PWH, хай устоял",-1,-1,-1
BTCUSDT,2025-01-13,5,1.0,1.0,0.0,1.0,"-1прошлая «обе сняты»|+1открытие в нижней трети|+1пн снял PWL|+1лой пн устоял, выше открытия|+1PWL снят, ср выше PWL, лой устоял",1,1,1
BTCUSDT,2025-01-20,6,0.0,,1.0,1.0,"-1прошлая «обе сняты»|-1открытие в верхней трети|-1пн снял PWH|+1вт инсайд пн|+1лой пн устоял, выше открытия|-1PWH снят, ср ниже PWH, хай устоял",-1,-1,-1
BTCUSDT,2025-01-27,4,0.0,0.0,0.0,0.0,"+1открытие в нижней трети|+1пн снял PWL|+1лой пн устоял, выше открытия|+1PWL снят, ср выше PWL, лой устоял",1,1,1
BTCUSDT,2025-02-03,5,0.0,,1.0,1.0,"+1открытие в нижней трети|+1пн снял PWL|+1вт инсайд пн|-1хай пн устоял, ниже открытия|+1PWL снят, ср выше PWL, лой устоял",1,1,1
BTCUSDT,2025-02-10,1,0.0,,0.0,1.0,-1вт пробил лой пн,-1,-1,0
BTCUSDT,2025-02-17,3,0.0,,0.0,1.0,"-1вт пробил лой пн|-1пн внутри, вт снял PWL и вернулся|+1PWL снят, ср выше PWL, лой устоял",-1,1,1
BTCUSDT,2025-02-24,4,1.0,1.0,1.0,0.0,"-1прошлая «обе сняты»|+1пн снял PWL|-1вт пробил лой пн|-1хай пн устоял, ниже открытия",-1,-1,-1
BTCUSDT,2025-03-03,3,0.0,0.0,1.0,0.0,"-1открытие в верхней трети|-1вт пробил лой пн|-1хай пн устоял, ниже открытия",-1,-1,-1
BTCUSDT,2025-03-10,4,0.0,,0.0,1.0,"+1открытие в нижней трети|+1пн снял PWL|-1вт пробил лой пн|+1PWL снят, ср выше PWL, лой устоял",1,1,1
BTCUSDT,2025-03-17,2,0.0,,0.0,1.0,-1открытие в верхней трети|-1вт пробил лой пн,-1,-1,0
BTCUSDT,2025-03-24,5,0.0,0.0,1.0,0.0,"-1открытие в верхней трети|-1пн снял PWH|+1вт инсайд пн|+1лой пн устоял, выше открытия|-1PWH снят, ср ниже PWH, хай устоял",-1,-1,-1
BTCUSDT,2025-03-31,4,0.0,0.0,1.0,0.0,"+1открытие в нижней трети|+1пн снял PWL|+1лой пн устоял, выше открытия|+1PWL снят, ср выше PWL, лой устоял",1,1,1
BTCUSDT,2025-04-07,5,1.0,0.0,0.0,1.0,"+1открытие в нижней трети|+1пн снял PWL|+1вт инсайд пн|+1лой пн устоял, выше открытия|+1PWL снят, ср выше PWL, лой устоял",1,1,1
BTCUSDT,2025-04-14,5,1.0,,1.0,1.0,"-1открытие в верхней трети|-1вт пробил лой пн|-1снят PWH, ниже открытия|-1пн внутри, вт снял PWH и вернулся|-1PWH снят, ср ниже PWH, хай устоял",-1,-1,-1
BTCUSDT,2025-04-21,2,1.0,,0.0,1.0,"-1пн снял PWH|+1лой пн устоял, выше открытия",0,1,1
BTCUSDT,2025-04-28,3,1.0,1.0,0.0,1.0,"-1открытие в верхней трети|+1вт инсайд пн|+1лой пн устоял, выше открытия",1,1,1
BTCUSDT,2025-05-05,2,1.0,1.0,0.0,1.0,+1открытие в нижней трети|-1вт пробил лой пн,0,-1,0
BTCUSDT,2025-05-12,5,1.0,1.0,0.0,1.0,"-1открытие в верхней трети|-1пн снял PWH|+1вт инсайд пн|-1хай пн устоял, ниже открытия|-1PWH снят, ср ниже PWH, хай устоял",-1,-1,-1
BTCUSDT,2025-05-19,3,0.0,0.0,0.0,1.0,"-1открытие в верхней трети|-1пн снял PWH|+1лой пн устоял, выше открытия",-1,1,1
BTCUSDT,2025-05-26,2,0.0,0.0,1.0,0.0,-1открытие в верхней трети|-1вт пробил лой пн,-1,-1,0
BTCUSDT,2025-06-02,1,1.0,0.0,1.0,0.0,+1открытие в нижней трети,1,1,0
BTCUSDT,2025-06-09,4,0.0,0.0,1.0,0.0,"-1открытие в верхней трети|-1пн снял PWH|+1вт инсайд пн|+1лой пн устоял, выше открытия",0,1,1
BTCUSDT,2025-06-16,2,0.0,0.0,1.0,0.0,"-1вт пробил лой пн|-1хай пн устоял, ниже открытия",-1,-1,-1
BTCUSDT,2025-06-23,2,1.0,,0.0,1.0,"+1открытие в нижней трети|+1лой пн устоял, выше открытия",1,1,1
BTCUSDT,2025-06-30,4,1.0,,0.0,1.0,"-1открытие в верхней трети|-1пн снял PWH|-1вт пробил лой пн|-1снят PWH, ниже открытия",-1,-1,0
BTCUSDT,2025-07-07,2,1.0,1.0,0.0,1.0,-1открытие в верхней трети|-1вт пробил лой пн,-1,-1,0
BTCUSDT,2025-07-14,6,0.0,,1.0,1.0,"-1открытие в верхней трети|-1пн снял PWH|-1вт пробил лой пн|-1снят PWH, ниже открытия|-1хай пн устоял, ниже открытия|-1PWH снят, ср ниже PWH, хай устоял",-1,-1,-1
BTCUSDT,2025-07-21,2,1.0,0.0,1.0,0.0,+1открытие в нижней трети|-1вт пробил лой пн,0,-1,0
BTCUSDT,2025-07-28,3,0.0,0.0,1.0,0.0,"-1открытие в верхней трети|-1вт пробил лой пн|-1хай пн устоял, ниже открытия",-1,-1,-1
BTCUSDT,2025-08-04,2,1.0,1.0,0.0,1.0,+1открытие в нижней трети|-1вт пробил лой пн,0,-1,0
BTCUSDT,2025-08-11,4,0.0,0.0,0.0,0.0,"-1открытие в верхней трети|-1пн снял PWH|+1вт инсайд пн|+1лой пн устоял, выше открытия",0,1,1
BTCUSDT,2025-08-18,4,0.0,1.0,1.0,0.0,"+1открытие в нижней трети|+1пн снял PWL|-1вт пробил лой пн|-1хай пн устоял, ниже открытия",0,-1,-1
BTCUSDT,2025-08-25,4,0.0,0.0,1.0,0.0,"+1пн снял PWL|-1вт пробил лой пн|-1хай пн устоял, ниже открытия|+1PWL снят, ср выше PWL, лой устоял",0,1,1
BTCUSDT,2025-09-01,4,0.0,,0.0,1.0,"+1открытие в нижней трети|+1пн снял PWL|+1лой пн устоял, выше открытия|+1PWL снят, ср выше PWL, лой устоял",1,1,1
BTCUSDT,2025-09-08,1,1.0,,0.0,1.0,"+1лой пн устоял, выше открытия",1,1,1
BTCUSDT,2025-09-15,4,0.0,,0.0,1.0,"-1открытие в верхней трети|-1пн снял PWH|+1лой пн устоял, выше открытия|-1PWH снят, ср обновила хай, закрылась ниже PWH",-1,-1,-1
BTCUSDT,2025-09-22,4,0.0,0.0,1.0,0.0,"+1открытие в нижней трети|+1пн снял PWL|-1вт пробил лой пн|-1хай пн устоял, ниже открытия",0,-1,-1
BTCUSDT,2025-09-29,1,1.0,1.0,0.0,1.0,"+1лой пн устоял, выше открытия",1,1,1
BTCUSDT,2025-10-06,6,0.0,0.0,1.0,0.0,"-1открытие в верхней трети|-1пн снял PWH|-1вт пробил лой пн|-1снят PWH, ниже открытия|-1хай пн устоял, ниже открытия|-1PWH снят, ср ниже PWH, хай устоял",-1,-1,-1
BTCUSDT,2025-10-13,3,0.0,0.0,1.0,0.0,"-1прошлая «обе сняты»|-1вт пробил лой пн|-1хай пн устоял, ниже открытия",-1,-1,-1
BTCUSDT,2025-10-20,0,1.0,1.0,0.0,1.0,,0,0,0
BTCUSDT,2025-10-27,6,1.0,0.0,1.0,0.0,"-1открытие в верхней трети|-1пн снял PWH|-1вт пробил лой пн|-1снят PWH, ниже открытия|-1хай пн устоял, ниже открытия|-1PWH снят, ср ниже PWH, хай устоял",-1,-1,-1
BTCUSDT,2025-11-03,4,1.0,0.0,1.0,1.0,"-1прошлая «обе сняты»|+1пн снял PWL|-1вт пробил лой пн|-1хай пн устоял, ниже открытия",-1,-1,-1
BTCUSDT,2025-11-10,1,0.0,0.0,1.0,0.0,-1вт пробил лой пн,-1,-1,0
BTCUSDT,2025-11-17,4,0.0,0.0,1.0,0.0,"+1открытие в нижней трети|+1пн снял PWL|-1вт пробил лой пн|-1хай пн устоял, ниже открытия",0,-1,-1
BTCUSDT,2025-11-24,2,0.0,,0.0,1.0,"+1вт инсайд пн|+1лой пн устоял, выше открытия",1,1,1
BTCUSDT,2025-12-01,3,0.0,0.0,1.0,1.0,"+1пн снял PWL|+1лой пн устоял, выше открытия|+1PWL снят, ср выше PWL, лой устоял",1,1,1
BTCUSDT,2025-12-08,4,0.0,0.0,1.0,0.0,"-1прошлая «обе сняты»|-1вт пробил лой пн|-1пн внутри, вт снял PWH и вернулся|-1PWH снят, ср ниже PWH, хай устоял",-1,-1,-1
BTCUSDT,2025-12-15,3,1.0,,1.0,0.0,+1открытие в нижней трети|+1пн снял PWL|+1вт инсайд пн,1,1,0
BTCUSDT,2025-12-22,6,1.0,,1.0,1.0,"-1открытие в верхней трети|-1пн снял PWH|-1вт пробил лой пн|-1снят PWH, ниже открытия|-1хай пн устоял, ниже открытия|-1PWH снят, ср ниже PWH, хай устоял",-1,-1,-1
BTCUSDT,2025-12-29,2,1.0,1.0,0.0,1.0,"+1вт инсайд пн|-1хай пн устоял, ниже открытия",0,-1,-1
BTCUSDT,2026-01-05,5,0.0,0.0,1.0,0.0,"-1открытие в верхней трети|-1пн снял PWH|-1вт пробил лой пн|-1хай пн устоял, ниже открытия|-1PWH снят, ср ниже PWH, хай устоял",-1,-1,-1
BTCUSDT,2026-01-12,2,0.0,0.0,1.0,1.0,"+1открытие в нижней трети|+1лой пн устоял, выше открытия",1,1,1
BTCUSDT,2026-01-19,2,0.0,0.0,1.0,0.0,"-1вт пробил лой пн|-1хай пн устоял, ниже открытия",-1,-1,-1
BTCUSDT,2026-01-26,2,0.0,0.0,1.0,0.0,"+1открытие в нижней трети|+1лой пн устоял, выше открытия",1,1,1
BTCUSDT,2026-02-02,4,0.0,0.0,1.0,0.0,"+1открытие в нижней трети|+1пн снял PWL|-1вт пробил лой пн|-1хай пн устоял, ниже открытия",0,-1,-1
BTCUSDT,2026-02-09,2,1.0,,1.0,0.0,"-1вт пробил лой пн|-1хай пн устоял, ниже открытия",-1,-1,-1
BTCUSDT,2026-02-16,2,1.0,,1.0,0.0,"-1вт пробил лой пн|-1хай пн устоял, ниже открытия",-1,-1,-1
BTCUSDT,2026-02-23,3,0.0,0.0,1.0,1.0,"+1пн снял PWL|-1вт пробил лой пн|+1PWL снят, ср выше PWL, лой устоял",1,1,1
BTCUSDT,2026-03-02,3,0.0,0.0,1.0,1.0,"-1пн снял PWH|+1вт инсайд пн|+1лой пн устоял, выше открытия",1,1,1
BTCUSDT,2026-03-09,2,1.0,1.0,0.0,1.0,"+1открытие в нижней трети|+1лой пн устоял, выше открытия",1,1,1
BTCUSDT,2026-03-16,3,0.0,0.0,1.0,0.0,"-1открытие в верхней трети|-1пн снял PWH|-1PWH снят, ср ниже PWH, хай устоял",-1,-1,-1
BTCUSDT,2026-03-23,3,0.0,0.0,1.0,0.0,"+1открытие в нижней трети|+1вт инсайд пн|+1лой пн устоял, выше открытия",1,1,1
BTCUSDT,2026-03-30,2,1.0,,1.0,0.0,"+1открытие в нижней трети|+1лой пн устоял, выше открытия",1,1,1
BTCUSDT,2026-04-06,3,0.0,1.0,0.0,1.0,-1открытие в верхней трети|-1пн снял PWH|-1вт пробил лой пн,-1,-1,0
BTCUSDT,2026-04-13,2,0.0,1.0,0.0,1.0,"-1пн снял PWH|+1лой пн устоял, выше открытия",0,1,1
BTCUSDT,2026-04-20,1,1.0,,1.0,1.0,"+1лой пн устоял, выше открытия",1,1,1
BTCUSDT,2026-04-27,6,1.0,1.0,1.0,1.0,"-1открытие в верхней трети|-1пн снял PWH|-1вт пробил лой пн|-1снят PWH, ниже открытия|-1хай пн устоял, ниже открытия|-1PWH снят, ср ниже PWH, хай устоял",-1,-1,-1
BTCUSDT,2026-05-04,3,1.0,0.0,1.0,1.0,"-1открытие в верхней трети|-1пн снял PWH|+1лой пн устоял, выше открытия",-1,1,1
BTCUSDT,2026-05-11,3,0.0,1.0,1.0,0.0,"-1открытие в верхней трети|-1вт пробил лой пн|-1хай пн устоял, ниже открытия",-1,-1,-1
BTCUSDT,2026-05-18,5,0.0,0.0,0.0,0.0,"+1открытие в нижней трети|+1пн снял PWL|+1вт инсайд пн|+1лой пн устоял, выше открытия|+1PWL снят, ср выше PWL, лой устоял",1,1,1
BTCUSDT,2026-05-25,2,0.0,,1.0,0.0,-1открытие в верхней трети|-1вт пробил лой пн,-1,-1,0
BTCUSDT,2026-06-01,4,0.0,0.0,1.0,0.0,"+1открытие в нижней трети|+1пн снял PWL|-1вт пробил лой пн|-1хай пн устоял, ниже открытия",0,-1,-1
BTCUSDT,2026-06-08,3,1.0,1.0,0.0,1.0,"+1открытие в нижней трети|-1вт пробил лой пн|-1хай пн устоял, ниже открытия",-1,-1,-1
BTCUSDT,2026-06-15,6,0.0,,1.0,0.0,"-1открытие в верхней трети|-1пн снял PWH|+1вт инсайд пн|-1снят PWH, ниже открытия|-1хай пн устоял, ниже открытия|-1PWH снят, ср ниже PWH, хай устоял",-1,-1,-1
BTCUSDT,2026-06-22,4,0.0,0.0,1.0,0.0,"+1открытие в нижней трети|-1вт пробил лой пн|-1пн внутри, вт снял PWL и вернулся|-1хай пн устоял, ниже открытия",-1,-1,-1
BTCUSDT,2026-06-29,2,1.0,1.0,0.0,1.0,+1открытие в нижней трети|-1вт пробил лой пн,0,-1,0
BTCUSDT,2026-07-06,6,1.0,1.0,1.0,1.0,"-1открытие в верхней трети|-1пн снял PWH|+1вт инсайд пн|-1снят PWH, ниже открытия|-1хай пн устоял, ниже открытия|-1PWH снят, ср ниже PWH, хай устоял",-1,-1,-1
BTCUSDT,2026-07-13,2,0.0,0.0,1.0,1.0,"-1открытие в верхней трети|+1лой пн устоял, выше открытия",0,1,1
BTCUSDT,2026-07-20,3,0.0,0.0,1.0,0.0,"-1открытие в верхней трети|-1пн снял PWH|+1лой пн устоял, выше открытия",-1,1,1
BTCUSDT,2026-07-27,4,0.0,0.0,1.0,0.0,"+1пн снял PWL|-1вт пробил лой пн|-1хай пн устоял, ниже открытия|+1PWL снят, ср выше PWL, лой устоял",0,1,1
BTCUSDT,2026-08-03,1,1.0,,0.0,1.0,"+1лой пн устоял, выше открытия",1,1,1
BTCUSDT,2026-08-10,3,0.0,,1.0,0.0,"-1открытие в верхней трети|-1вт пробил лой пн|-1хай пн устоял, ниже открытия",-1,-1,-1
BTCUSDT,2026-08-17,2,1.0,1.0,0.0,1.0,"+1открытие в нижней трети|+1лой пн устоял, выше открытия",1,1,1
BTCUSDT,2026-08-24,4,0.0,1.0,0.0,1.0,"-1открытие в верхней трети|-1пн снял PWH|+1лой пн устоял, выше открытия|-1PWH снят, ср ниже PWH, хай устоял",-1,-1,-1
BTCUSDT,2026-08-31,5,1.0,1.0,0.0,1.0,"+1открытие в нижней трети|-1вт пробил лой пн|-1пн внутри, вт снял PWL и вернулся|-1хай пн устоял, ниже открытия|+1PWL снят, ср обновила лой, закрылась выше PWL",-1,1,1
BTCUSDT,2026-09-07,4,0.0,,1.0,0.0,"-1прошлая «обе сняты»|-1открытие в верхней трети|-1вт пробил лой пн|-1хай пн устоял, ниже открытия",-1,-1,-1
BTCUSDT,2026-09-14,4,1.0,1.0,0.0,1.0,"+1открытие в нижней трети|-1вт пробил лой пн|-1хай пн устоял, ниже открытия|+1PWL снят, ср выше PWL, лой устоял",0,1,1
BTCUSDT,2026-09-21,4,1.0,,1.0,1.0,"-1открытие в верхней трети|-1пн снял PWH|+1вт инсайд пн|+1лой пн устоял, выше открытия",0,1,1
BTCUSDT,2026-09-28,1,1.0,1.0,0.0,1.0,+1вт инсайд пн,1,1,0
ETHUSDT,2020-01-20,1,0.0,0.0,1.0,0.0,"+1лой пн устоял, выше открытия",1,1,1
ETHUSDT,2020-01-27,3,1.0,1.0,0.0,1.0,"-1открытие в верхней трети|-1пн снял PWH|+1лой пн устоял, выше открытия",-1,1,1
ETHUSDT,2020-02-03,3,1.0,1.0,0.0,1.0,-1открытие в верхней трети|-1пн снял PWH|-1вт пробил лой пн,-1,-1,0
ETHUSDT,2020-02-10,2,0.0,1.0,0.0,1.0,"-1открытие в верхней трети|+1лой пн устоял, выше открытия",0,1,1
ETHUSDT,2020-02-17,0,1.0,,1.0,1.0,,0,0,0
ETHUSDT,2020-02-24,3,0.0,,1.0,0.0,"-1открытие в верхней трети|-1вт пробил лой пн|-1хай пн устоял, ниже открытия",-1,-1,-1
ETHUSDT,2020-03-02,3,0.0,1.0,0.0,0.0,"+1открытие в нижней трети|+1вт инсайд пн|+1лой пн устоял, выше открытия",1,1,1
ETHUSDT,2020-03-09,4,0.0,0.0,0.0,0.0,"+1открытие в нижней трети|+1пн снял PWL|+1вт инсайд пн|-1хай пн устоял, ниже открытия",1,-1,-1
ETHUSDT,2020-03-16,3,1.0,,0.0,1.0,"+1открытие в нижней трети|+1вт инсайд пн|-1хай пн устоял, ниже открытия",1,-1,-1
ETHUSDT,2020-03-23,1,0.0,,1.0,1.0,"+1лой пн устоял, выше открытия",1,1,1
ETHUSDT,2020-03-30,3,1.0,,0.0,1.0,"+1открытие в нижней трети|+1вт инсайд пн|+1лой пн устоял, выше открытия",1,1,1
ETHUSDT,2020-04-06,3,0.0,0.0,1.0,1.0,"-1открытие в верхней трети|-1пн снял PWH|+1лой пн устоял, выше открытия",-1,1,1
ETHUSDT,2020-04-13,0,1.0,1.0,0.0,0.0,,0,0,0
ETHUSDT,2020-04-20,3,1.0,1.0,0.0,1.0,"-1открытие в верхней трети|+1вт инсайд пн|+1лой пн устоял, выше открытия",1,1,1
ETHUSDT,2020-04-27,3,0.0,0.0,0.0,1.0,"-1открытие в верхней трети|+1вт инсайд пн|+1лой пн устоял, выше открытия",1,1,1
ETHUSDT,2020-05-04,0,0.0,1.0,0.0,0.0,,0,0,0
ETHUSDT,2020-05-11,5,1.0,,0.0,1.0,"+1открытие в нижней трети|+1пн снял PWL|+1вт инсайд пн|+1лой пн устоял, выше открытия|+1PWL снят, ср выше PWL, лой устоял",1,1,1
ETHUSDT,2020-05-18,4,0.0,0.0,1.0,0.0,"-1открытие в верхней трети|-1пн снял PWH|+1вт инсайд пн|-1PWH снят, ср ниже PWH, хай устоял",-1,-1,-1
ETHUSDT,2020-05-25,2,1.0,1.0,0.0,1.0,+1открытие в нижней трети|-1вт пробил лой пн,0,-1,0
ETHUSDT,2020-06-01,4,1.0,,1.0,1.0,"-1открытие в верхней трети|-1пн снял PWH|-1вт пробил лой пн|-1PWH снят, ср ниже PWH, хай устоял",-1,-1,-1
ETHUSDT,2020-06-08,2,0.0,0.0,1.0,0.0,-1открытие в верхней трети|-1вт пробил лой пн,-1,-1,0
ETHUSDT,2020-06-15,4,0.0,,1.0,1.0,"+1открытие в нижней трети|+1пн снял PWL|+1лой пн устоял, выше открытия|+1PWL снят, ср выше PWL, лой устоял",1,1,1
ETHUSDT,2020-06-22,4,0.0,0.0,1.0,0.0,"-1пн снял PWH|+1вт инсайд пн|+1лой пн устоял, выше открытия|-1PWH снят, ср обновила хай, закрылась ниже PWH",0,-1,-1
ETHUSDT,2020-06-29,4,0.0,,1.0,1.0,"-1прошлая «обе сняты»|+1открытие в нижней трети|+1вт инсайд пн|+1лой пн устоял, выше открытия",1,1,1
ETHUSDT,2020-07-06,2,0.0,0.0,1.0,1.0,"-1пн снял PWH|+1лой пн устоял, выше открытия",0,1,1
ETHUSDT,2020-07-13,3,1.0,0.0,1.0,0.0,"-1открытие в верхней трети|-1вт пробил лой пн|-1хай пн устоял, ниже открытия",-1,-1,-1
ETHUSDT,2020-07-20,1,1.0,1.0,0.0,1.0,"+1лой пн устоял, выше открытия",1,1,1
ETHUSDT,2020-07-27,4,1.0,1.0,0.0,0.0,"-1открытие в верхней трети|-1пн снял PWH|-1вт пробил лой пн|-1PWH снят, ср ниже PWH, хай устоял",-1,-1,-1
ETHUSDT,2020-08-03,1,0.0,0.0,1.0,0.0,"+1лой пн устоял, выше открытия",1,1,1
ETHUSDT,2020-08-10,2,1.0,1.0,0.0,1.0,"-1вт пробил лой пн|-1хай пн устоял, ниже открытия",-1,-1,-1
ETHUSDT,2020-08-17,6,0.0,0.0,1.0,0.0,"-1открытие в верхней трети|-1пн снял PWH|-1вт пробил лой пн|-1снят PWH, ниже открытия|-1хай пн устоял, ниже открытия|-1PWH снят, ср ниже PWH, хай устоял",-1,-1,-1
ETHUSDT,2020-08-24,5,1.0,1.0,0.0,1.0,"+1открытие в нижней трети|-1вт пробил лой пн|-1пн внутри, вт снял PWL и вернулся|-1хай пн устоял, ниже открытия|+1PWL снят, ср выше PWL, лой устоял",-1,1,1
ETHUSDT,2020-08-31,3,0.0,0.0,1.0,0.0,"-1открытие в верхней трети|-1пн снял PWH|+1лой пн устоял, выше открытия",-1,1,1
ETHUSDT,2020-09-07,2,1.0,,0.0,1.0,+1открытие в нижней трети|+1вт инсайд пн,1,1,0
ETHUSDT,2020-09-14,2,1.0,,0.0,1.0,"+1вт инсайд пн|-1хай пн устоял, ниже открытия",0,-1,-1
ETHUSDT,2020-09-21,3,1.0,1.0,1.0,1.0,"+1пн снял PWL|+1вт инсайд пн|-1хай пн устоял, ниже открытия",1,-1,-1
ETHUSDT,2020-09-28,2,0.0,0.0,0.0,0.0,-1открытие в верхней трети|-1вт пробил лой пн,-1,-1,0
ETHUSDT,2020-10-05,2,1.0,1.0,0.0,1.0,"-1вт пробил лой пн|-1хай пн устоял, ниже открытия",-1,-1,-1
ETHUSDT,2020-10-12,4,0.0,0.0,1.0,0.0,"-1открытие в верхней трети|-1пн снял PWH|+1вт инсайд пн|+1лой пн устоял, выше открытия",0,1,1
ETHUSDT,2020-10-19,1,1.0,1.0,0.0,1.0,-1вт пробил лой пн,-1,-1,0
ETHUSDT,2020-10-26,3,1.0,,1.0,0.0,"-1открытие в верхней трети|+1вт инсайд пн|-1хай пн устоял, ниже открытия",-1,-1,-1
ETHUSDT,2020-11-02,3,1.0,1.0,0.0,1.0,"-1вт пробил лой пн|-1пн внутри, вт снял PWL и вернулся|+1PWL снят, ср выше PWL, лой устоял",-1,1,1
ETHUSDT,2020-11-09,3,0.0,,0.0,1.0,"-1открытие в верхней трети|+1вт инсайд пн|+1лой пн устоял, выше открытия",1,1,1
ETHUSDT,2020-11-16,3,1.0,1.0,0.0,1.0,"+1открытие в нижней трети|+1лой пн устоял, выше открытия|-1PWH снят, ср обновила хай, закрылась ниже PWH",1,-1,-1
ETHUSDT,2020-11-23,4,1.0,0.0,1.0,0.0,"-1открытие в верхней трети|-1пн снял PWH|+1лой пн устоял, выше открытия|-1PWH снят, ср ниже PWH, хай устоял",-1,-1,-1
ETHUSDT,2020-11-30,3,1.0,,1.0,1.0,"-1вт пробил лой пн|-1пн внутри, вт снял PWH и вернулся|-1PWH снят, ср ниже PWH, хай устоял",-1,-1,-1
ETHUSDT,2020-12-07,3,1.0,,1.0,1.0,"-1вт пробил лой пн|-1хай пн устоял, ниже открытия|+1PWL снят, ср обновила лой, закрылась выше PWL",-1,1,1
ETHUSDT,2020-12-14,2,1.0,1.0,0.0,1.0,"-1открытие в верхней трети|+1лой пн устоял, выше открытия",0,1,1
ETHUSDT,2020-12-21,2,1.0,1.0,0.0,1.0,"-1вт пробил лой пн|-1хай пн устоял, ниже открытия",-1,-1,-1
ETHUSDT,2020-12-28,4,1.0,1.0,0.0,1.0,"-1открытие в верхней трети|-1пн снял PWH|+1вт инсайд пн|+1лой пн устоял, выше открытия",0,1,1
ETHUSDT,2021-01-04,4,1.0,1.0,0.0,1.0,"-1открытие в верхней трети|-1пн снял PWH|+1вт инсайд пн|+1лой пн устоял, выше открытия",0,1,1
ETHUSDT,2021-01-11,3,1.0,1.0,0.0,1.0,"-1открытие в верхней трети|+1вт инсайд пн|-1хай пн устоял, ниже открытия",-1,-1,-1
ETHUSDT,2021-01-18,2,1.0,0.0,1.0,0.0,"-1открытие в верхней трети|+1лой пн устоял, выше открытия",0,1,1
ETHUSDT,2021-01-25,6,1.0,1.0,1.0,1.0,"-1открытие в верхней трети|-1пн снял PWH|-1вт пробил лой пн|-1снят PWH, ниже открытия|-1хай пн устоял, ниже открытия|-1PWH снят, ср ниже PWH, хай устоял",-1,-1,-1
ETHUSDT,2021-02-01,1,0.0,0.0,0.0,1.0,"+1лой пн устоял, выше открытия",1,1,1
ETHUSDT,2021-02-08,4,1.0,,0.0,1.0,"-1открытие в верхней трети|-1пн снял PWH|+1лой пн устоял, выше открытия|-1PWH снят, ср обновила хай, закрылась ниже PWH",-1,-1,-1
ETHUSDT,2021-02-15,3,1.0,1.0,0.0,1.0,"-1открытие в верхней трети|+1вт инсайд пн|+1лой пн устоял, выше открытия",1,1,1
ETHUSDT,2021-02-22,4,0.0,0.0,1.0,0.0,"-1открытие в верхней трети|+1пн снял PWL|-1вт пробил лой пн|-1хай пн устоял, ниже открытия",-1,-1,-1
ETHUSDT,2021-03-01,2,1.0,,0.0,1.0,"+1открытие в нижней трети|+1лой пн устоял, выше открытия",1,1,1
ETHUSDT,2021-03-08,3,1.0,,0.0,1.0,"-1открытие в верхней трети|-1пн снял PWH|+1лой пн устоял, выше открытия",-1,1,1
ETHUSDT,2021-03-15,2,0.0,,1.0,1.0,"-1вт пробил лой пн|-1хай пн устоял, ниже открытия",-1,-1,-1
ETHUSDT,2021-03-22,3,1.0,1.0,1.0,1.0,"+1пн снял PWL|-1вт пробил лой пн|-1хай пн устоял, ниже открытия",-1,-1,-1
ETHUSDT,2021-03-29,2,1.0,1.0,0.0,1.0,"-1пн снял PWH|+1лой пн устоял, выше открытия",0,1,1
ETHUSDT,2021-04-05,3,1.0,1.0,0.0,1.0,"-1открытие в верхней трети|-1пн внутри, вт снял PWH и вернулся|-1PWH снят, ср ниже PWH, хай устоял",-1,-1,-1
ETHUSDT,2021-04-12,2,0.0,0.0,0.0,0.0,"-1открытие в верхней трети|+1лой пн устоял, выше открытия",0,1,1
ETHUSDT,2021-04-19,1,0.0,1.0,0.0,1.0,-1вт пробил лой пн,-1,-1,0
ETHUSDT,2021-04-26,1,1.0,1.0,0.0,1.0,"+1лой пн устоял, выше открытия",1,1,1
ETHUSDT,2021-05-03,3,1.0,1.0,0.0,1.0,"-1открытие в верхней трети|-1пн снял PWH|+1лой пн устоял, выше открытия",-1,1,1
ETHUSDT,2021-05-10,4,0.0,0.0,1.0,0.0,"-1открытие в верхней трети|-1пн снял PWH|+1вт инсайд пн|-1PWH снят, ср обновила хай, закрылась ниже PWH",-1,-1,-1
ETHUSDT,2021-05-17,4,0.0,1.0,1.0,1.0,"+1открытие в нижней трети|+1пн снял PWL|+1вт инсайд пн|-1хай пн устоял, ниже открытия",1,-1,-1
ETHUSDT,2021-05-24,2,0.0,0.0,1.0,1.0,"+1открытие в нижней трети|+1лой пн устоял, выше открытия",1,1,1
ETHUSDT,2021-05-31,1,1.0,,0.0,1.0,"+1лой пн устоял, выше открытия",1,1,1
ETHUSDT,2021-06-07,3,0.0,0.0,1.0,0.0,"-1открытие в верхней трети|-1вт пробил лой пн|-1хай пн устоял, ниже открытия",-1,-1,-1
ETHUSDT,2021-06-14,0,0.0,0.0,1.0,0.0,,0,0,0
ETHUSDT,2021-06-21,3,1.0,0.0,1.0,1.0,"+1пн снял PWL|-1вт пробил лой пн|-1хай пн устоял, ниже открытия",-1,-1,-1
ETHUSDT,2021-06-28,1,1.0,0.0,0.0,1.0,"+1лой пн устоял, выше открытия",1,1,1
ETHUSDT,2021-07-05,1,0.0,0.0,1.0,0.0,-1открытие в верхней трети,-1,-1,0
ETHUSDT,2021-07-12,4,0.0,,1.0,0.0,"+1открытие в нижней трети|+1пн снял PWL|-1вт пробил лой пн|-1хай пн устоял, ниже открытия",0,-1,-1
ETHUSDT,2021-07-19,4,1.0,1.0,0.0,1.0,"+1открытие в нижней трети|+1пн снял PWL|-1вт пробил лой пн|+1PWL снят, ср выше PWL, лой устоял",1,1,1
ETHUSDT,2021-07-26,3,1.0,1.0,0.0,1.0,-1открытие в верхней трети|-1пн снял PWH|-1вт пробил лой пн,-1,-1,0
ETHUSDT,2021-08-02,2,1.0,0.0,0.0,1.0,-1открытие в верхней трети|-1вт пробил лой пн,-1,-1,0
ETHUSDT,2021-08-09,4,1.0,,0.0,1.0,"-1открытие в верхней трети|-1пн внутри, вт снял PWH и вернулся|+1лой пн устоял, выше открытия|-1PWH снят, ср обновила хай, закрылась ниже PWH",-1,-1,-1
ETHUSDT,2021-08-16,6,1.0,1.0,1.0,1.0,"-1открытие в верхней трети|-1пн снял PWH|-1вт пробил лой пн|-1снят PWH, ниже открытия|-1хай пн устоял, ниже открытия|-1PWH снят, ср ниже PWH, хай устоял",-1,-1,-1
ETHUSDT,2021-08-23,6,0.0,,1.0,0.0,"-1открытие в верхней трети|-1пн снял PWH|-1вт пробил лой пн|-1снят PWH, ниже открытия|-1хай пн устоял, ниже открытия|-1PWH снят, ср ниже PWH, хай устоял",-1,-1,-1
ETHUSDT,2021-08-30,1,1.0,1.0,0.0,1.0,"+1лой пн устоял, выше открытия",1,1,1
ETHUSDT,2021-09-06,5,0.0,0.0,1.0,1.0,"-1открытие в верхней трети|-1вт пробил лой пн|-1пн внутри, вт снял PWL и вернулся|-1хай пн устоял, ниже открытия|+1PWL снят, ср выше PWL, лой устоял",-1,1,1
ETHUSDT,2021-09-13,1,0.0,0.0,0.0,1.0,"+1лой пн устоял, выше открытия",1,1,1
ETHUSDT,2021-09-20,3,0.0,0.0,1.0,1.0,"+1пн снял PWL|-1вт пробил лой пн|-1хай пн устоял, ниже открытия",-1,-1,-1
ETHUSDT,2021-09-27,2,1.0,1.0,0.0,1.0,"-1вт пробил лой пн|-1хай пн устоял, ниже открытия",-1,-1,-1
ETHUSDT,2021-10-04,2,0.0,,0.0,1.0,"-1открытие в верхней трети|+1лой пн устоял, выше открытия",0,1,1
ETHUSDT,2021-10-11,2,1.0,1.0,0.0,1.0,"+1вт инсайд пн|+1лой пн устоял, выше открытия",1,1,1
ETHUSDT,2021-10-18,3,0.0,1.0,0.0,1.0,"-1открытие в верхней трети|+1вт инсайд пн|+1лой пн устоял, выше открытия",1,1,1
ETHUSDT,2021-10-25,0,1.0,1.0,0.0,0.0,,0,0,0
ETHUSDT,2021-11-01,2,1.0,0.0,1.0,1.0,"-1открытие в верхней трети|+1лой пн устоял, выше открытия",0,1,1
ETHUSDT,2021-11-08,3,0.0,,1.0,1.0,"-1открытие в верхней трети|-1пн снял PWH|-1PWH снят, ср обновила хай, закрылась ниже PWH",-1,-1,-1
ETHUSDT,2021-11-15,2,0.0,0.0,1.0,0.0,"-1вт пробил лой пн|-1хай пн устоял, ниже открытия",-1,-1,-1
ETHUSDT,2021-11-22,1,1.0,1.0,0.0,0.0,"+1лой пн устоял, выше открытия",1,1,1
ETHUSDT,2021-11-29,1,0.0,0.0,1.0,0.0,"+1лой пн устоял, выше открытия",1,1,1
ETHUSDT,2021-12-06,2,0.0,0.0,0.0,0.0,"-1прошлая «обе сняты»|+1лой пн устоял, выше открытия",0,1,1
ETHUSDT,2021-12-13,4,0.0,,1.0,1.0,"+1пн снял PWL|+1вт инсайд пн|-1хай пн устоял, ниже открытия|+1PWL снят, ср обновила лой, закрылась выше PWL",1,1,1
ETHUSDT,2021-12-20,1,1.0,,0.0,1.0,"+1лой пн устоял, выше открытия",1,1,1
ETHUSDT,2021-12-27,3,1.0,1.0,1.0,0.0,"-1открытие в верхней трети|-1вт пробил лой пн|-1хай пн устоял, ниже открытия",-1,-1,-1
ETHUSDT,2022-01-03,0,0.0,0.0,1.0,0.0,,0,0,0
ETHUSDT,2022-01-10,4,0.0,,1.0,1.0,"+1открытие в нижней трети|+1пн снял PWL|+1лой пн устоял, выше открытия|+1PWL снят, ср выше PWL, лой устоял",1,1,1
ETHUSDT,2022-01-17,3,0.0,0.0,1.0,0.0,"-1открытие в верхней трети|-1вт пробил лой пн|-1хай пн устоял, ниже открытия",-1,-1,-1
ETHUSDT,2022-01-24,4,1.0,,1.0,1.0,"+1открытие в нижней трети|+1пн снял PWL|+1вт инсайд пн|+1PWL снят, ср выше PWL, лой устоял",1,1,1
ETHUSDT,2022-01-31,3,1.0,1.0,0.0,1.0,"-1открытие в верхней трети|+1лой пн устоял, выше открытия|-1PWH снят, ср ниже PWH, хай устоял",-1,-1,-1
ETHUSDT,2022-02-07,3,0.0,0.0,0.0,0.0,"-1открытие в верхней трети|-1пн снял PWH|+1лой пн устоял, выше открытия",-1,1,1
ETHUSDT,2022-02-14,4,0.0,0.0,1.0,0.0,"+1открытие в нижней трети|+1пн снял PWL|+1лой пн устоял, выше открытия|+1PWL снят, ср выше PWL, лой устоял",1,1,1
ETHUSDT,2022-02-21,5,1.0,0.0,0.0,0.0,"+1открытие в нижней трети|+1пн снял PWL|-1вт пробил лой пн|-1хай пн устоял, ниже открытия|+1PWL снят, ср выше PWL, лой устоял",1,1,1
ETHUSDT,2022-02-28,2,0.0,0.0,1.0,0.0,"-1пн снял PWH|+1лой пн устоял, выше открытия",0,1,1
ETHUSDT,2022-03-07,5,0.0,0.0,1.0,1.0,"+1открытие в нижней трети|+1пн снял PWL|+1вт инсайд пн|+1лой пн устоял, выше открытия|+1PWL снят, ср выше PWL, лой устоял",1,1,1
ETHUSDT,2022-03-14,2,1.0,1.0,0.0,1.0,"+1открытие в нижней трети|+1лой пн устоял, выше открытия",1,1,1
ETHUSDT,2022-03-21,3,1.0,1.0,0.0,1.0,"-1открытие в верхней трети|-1пн внутри, вт снял PWH и вернулся|+1лой пн устоял, выше открытия",-1,1,1
ETHUSDT,2022-03-28,3,1.0,0.0,0.0,0.0,"-1открытие в верхней трети|-1пн снял PWH|+1лой пн устоял, выше открытия",-1,1,1
ETHUSDT,2022-04-04,2,1.0,1.0,1.0,0.0,-1открытие в верхней трети|-1вт пробил лой пн,-1,-1,0
ETHUSDT,2022-04-11,4,0.0,,1.0,1.0,"+1открытие в нижней трети|+1пн снял PWL|+1вт инсайд пн|-1хай пн устоял, ниже открытия",1,-1,-1
ETHUSDT,2022-04-18,4,0.0,0.0,0.0,1.0,"+1открытие в нижней трети|+1пн снял PWL|+1лой пн устоял, выше открытия|+1PWL снят, ср выше PWL, лой устоял",1,1,1
ETHUSDT,2022-04-25,4,0.0,0.0,1.0,0.0,"+1открытие в нижней трети|+1пн снял PWL|-1вт пробил лой пн|+1PWL снят, ср выше PWL, лой устоял",1,1,1
ETHUSDT,2022-05-02,1,0.0,0.0,1.0,0.0,-1вт пробил лой пн,-1,-1,0
ETHUSDT,2022-05-09,4,1.0,0.0,1.0,0.0,"+1открытие в нижней трети|+1пн снял PWL|-1вт пробил лой пн|-1хай пн устоял, ниже открытия",0,-1,-1
ETHUSDT,2022-05-16,2,1.0,,1.0,0.0,"+1вт инсайд пн|-1хай пн устоял, ниже открытия",0,-1,-1
ETHUSDT,2022-05-23,2,0.0,0.0,1.0,0.0,"-1вт пробил лой пн|-1хай пн устоял, ниже открытия",-1,-1,-1
ETHUSDT,2022-05-30,1,0.0,,1.0,0.0,+1открытие в нижней трети,1,1,0
ETHUSDT,2022-06-06,5,0.0,0.0,1.0,0.0,"+1открытие в нижней трети|-1вт пробил лой пн|-1пн внутри, вт снял PWL и вернулся|-1хай пн устоял, ниже открытия|+1PWL снят, ср выше PWL, лой устоял",-1,1,1
ETHUSDT,2022-06-13,4,0.0,0.0,1.0,0.0,"+1открытие в нижней трети|+1пн снял PWL|-1вт пробил лой пн|-1хай пн устоял, ниже открытия",0,-1,-1
ETHUSDT,2022-06-20,0,1.0,1.0,0.0,1.0,,0,0,0
ETHUSDT,2022-06-27,1,0.0,,1.0,0.0,-1вт пробил лой пн,-1,-1,0
ETHUSDT,2022-07-04,2,0.0,1.0,0.0,1.0,"+1открытие в нижней трети|+1лой пн устоял, выше открытия",1,1,1
ETHUSDT,2022-07-11,3,1.0,1.0,0.0,1.0,"-1вт пробил лой пн|-1хай пн устоял, ниже открытия|+1PWL снят, ср обновила лой, закрылась выше PWL",-1,1,1
ETHUSDT,2022-07-18,3,1.0,1.0,0.0,1.0,"-1открытие в верхней трети|-1пн снял PWH|+1лой пн устоял, выше открытия",-1,1,1
ETHUSDT,2022-07-25,2,1.0,1.0,0.0,1.0,-1открытие в верхней трети|-1вт пробил лой пн,-1,-1,0
ETHUSDT,2022-08-01,3,1.0,,0.0,1.0,"-1открытие в верхней трети|-1вт пробил лой пн|-1хай пн устоял, ниже открытия",-1,-1,-1
ETHUSDT,2022-08-08,3,1.0,1.0,0.0,1.0,-1открытие в верхней трети|-1пн снял PWH|-1вт пробил лой пн,-1,-1,0
ETHUSDT,2022-08-15,3,0.0,0.0,1.0,0.0,"-1открытие в верхней трети|-1вт пробил лой пн|-1хай пн устоял, ниже открытия",-1,-1,-1
ETHUSDT,2022-08-22,2,0.0,0.0,0.0,0.0,"+1открытие в нижней трети|+1лой пн устоял, выше открытия",1,1,1
ETHUSDT,2022-08-29,4,1.0,,0.0,1.0,"+1открытие в нижней трети|+1пн снял PWL|+1лой пн устоял, выше открытия|+1PWL снят, ср выше PWL, лой устоял",1,1,1
ETHUSDT,2022-09-05,5,1.0,1.0,0.0,1.0,"-1открытие в верхней трети|-1вт пробил лой пн|-1снят PWH, ниже открытия|-1пн внутри, вт снял PWH и вернулся|-1PWH снят, ср ниже PWH, хай устоял",-1,-1,-1
ETHUSDT,2022-09-12,3,0.0,0.0,1.0,0.0,"-1открытие в верхней трети|-1вт пробил лой пн|-1хай пн устоял, ниже открытия",-1,-1,-1
ETHUSDT,2022-09-19,3,1.0,,1.0,1.0,+1открытие в нижней трети|+1пн снял PWL|+1вт инсайд пн,1,1,0
ETHUSDT,2022-09-26,0,0.0,,1.0,1.0,,0,0,0
ETHUSDT,2022-10-03,2,0.0,,0.0,1.0,"+1открытие в нижней трети|+1лой пн устоял, выше открытия",1,1,1
ETHUSDT,2022-10-10,2,1.0,0.0,0.0,0.0,"-1вт пробил лой пн|-1хай пн устоял, ниже открытия",-1,-1,-1
ETHUSDT,2022-10-17,2,1.0,1.0,0.0,0.0,-1открытие в верхней трети|-1вт пробил лой пн,-1,-1,0
ETHUSDT,2022-10-24,2,1.0,0.0,0.0,1.0,"-1открытие в верхней трети|+1лой пн устоял, выше открытия",0,1,1
ETHUSDT,2022-10-31,3,1.0,1.0,0.0,1.0,"-1открытие в верхней трети|+1вт инсайд пн|-1хай пн устоял, ниже открытия",-1,-1,-1
ETHUSDT,2022-11-07,2,1.0,1.0,1.0,1.0,"-1вт пробил лой пн|-1хай пн устоял, ниже открытия",-1,-1,-1
ETHUSDT,2022-11-14,1,0.0,,1.0,0.0,+1открытие в нижней трети,1,1,0
ETHUSDT,2022-11-21,4,1.0,,0.0,1.0,"+1открытие в нижней трети|+1пн снял PWL|-1вт пробил лой пн|+1PWL снят, ср выше PWL, лой устоял",1,1,1
ETHUSDT,2022-11-28,2,0.0,,1.0,1.0,"-1открытие в верхней трети|+1лой пн устоял, выше открытия",0,1,1
ETHUSDT,2022-12-05,3,1.0,1.0,1.0,1.0,"-1открытие в верхней трети|-1вт пробил лой пн|-1хай пн устоял, ниже открытия",-1,-1,-1
ETHUSDT,2022-12-12,1,0.0,0.0,1.0,0.0,"+1лой пн устоял, выше открытия",1,1,1
ETHUSDT,2022-12-19,4,1.0,,0.0,1.0,"+1открытие в нижней трети|+1пн снял PWL|+1лой пн устоял, выше открытия|+1PWL снят, ср выше PWL, лой устоял",1,1,1
ETHUSDT,2022-12-26,2,1.0,,1.0,1.0,-1открытие в верхней трети|-1вт пробил лой пн,-1,-1,0
ETHUSDT,2023-01-02,2,1.0,1.0,0.0,1.0,"+1вт инсайд пн|+1лой пн устоял, выше открытия",1,1,1
ETHUSDT,2023-01-09,3,1.0,1.0,0.0,1.0,"-1открытие в верхней трети|-1пн снял PWH|+1лой пн устоял, выше открытия",-1,1,1
ETHUSDT,2023-01-16,2,1.0,1.0,0.0,1.0,-1открытие в верхней трети|+1вт инсайд пн,0,1,0
ETHUSDT,2023-01-23,3,1.0,,0.0,1.0,"-1открытие в верхней трети|-1вт пробил лой пн|-1хай пн устоял, ниже открытия",-1,-1,-1
ETHUSDT,2023-01-30,2,0.0,,0.0,1.0,-1открытие в верхней трети|+1вт инсайд пн,0,1,0
ETHUSDT,2023-02-06,1,0.0,0.0,1.0,0.0,"+1лой пн устоял, выше открытия",1,1,1
ETHUSDT,2023-02-13,4,1.0,,0.0,1.0,"+1открытие в нижней трети|+1пн снял PWL|+1лой пн устоял, выше открытия|+1PWL снят, ср выше PWL, лой устоял",1,1,1
ETHUSDT,2023-02-20,4,0.0,0.0,1.0,0.0,"-1прошлая «обе сняты»|-1открытие в верхней трети|-1вт пробил лой пн|-1хай пн устоял, ниже открытия",-1,-1,-1
ETHUSDT,2023-02-27,1,0.0,0.0,0.0,0.0,-1вт пробил лой пн,-1,-1,0
ETHUSDT,2023-03-06,3,1.0,0.0,0.0,0.0,"+1открытие в нижней трети|-1вт пробил лой пн|-1пн внутри, вт снял PWL и вернулся",-1,-1,0
ETHUSDT,2023-03-13,3,1.0,1.0,0.0,1.0,"-1открытие в верхней трети|-1пн снял PWH|+1лой пн устоял, выше открытия",-1,1,1
ETHUSDT,2023-03-20,2,1.0,1.0,0.0,1.0,-1открытие в верхней трети|-1вт пробил лой пн,-1,-1,0
ETHUSDT,2023-03-27,3,1.0,,0.0,1.0,"+1пн снял PWL|+1лой пн устоял, выше открытия|+1PWL снят, ср выше PWL, лой устоял",1,1,1
ETHUSDT,2023-04-03,2,0.0,0.0,1.0,1.0,"-1открытие в верхней трети|+1лой пн устоял, выше открытия",0,1,1
ETHUSDT,2023-04-10,1,1.0,1.0,0.0,1.0,"+1лой пн устоял, выше открытия",1,1,1
ETHUSDT,2023-04-17,2,0.0,0.0,1.0,0.0,-1открытие в верхней трети|-1вт пробил лой пн,-1,-1,0
ETHUSDT,2023-04-24,4,1.0,,1.0,1.0,"+1открытие в нижней трети|+1пн снял PWL|-1вт пробил лой пн|+1PWL снят, ср обновила лой, закрылась выше PWL",1,1,1
ETHUSDT,2023-05-01,2,0.0,1.0,0.0,1.0,"+1вт инсайд пн|+1лой пн устоял, выше открытия",1,1,1
ETHUSDT,2023-05-08,2,0.0,0.0,1.0,0.0,+1открытие в нижней трети|+1вт инсайд пн,1,1,0
ETHUSDT,2023-05-15,1,0.0,,1.0,0.0,+1вт инсайд пн,1,1,0
ETHUSDT,2023-05-22,1,1.0,1.0,0.0,0.0,"-1PWH снят, ср ниже PWH, хай устоял",-1,-1,-1
ETHUSDT,2023-05-29,3,1.0,,1.0,0.0,"-1открытие в верхней трети|+1вт инсайд пн|-1хай пн устоял, ниже открытия",-1,-1,-1
ETHUSDT,2023-06-05,1,0.0,0.0,1.0,0.0,+1пн снял PWL,1,1,0
ETHUSDT,2023-06-12,1,1.0,1.0,0.0,1.0,+1открытие в нижней трети,1,1,0
ETHUSDT,2023-06-19,1,1.0,,0.0,1.0,"+1лой пн устоял, выше открытия",1,1,1
ETHUSDT,2023-06-26,1,1.0,1.0,0.0,1.0,-1открытие в верхней трети,-1,-1,0
ETHUSDT,2023-07-03,6,0.0,0.0,1.0,0.0,"-1открытие в верхней трети|-1пн снял PWH|-1вт пробил лой пн|-1снят PWH, ниже открытия|-1хай пн устоял, ниже открытия|-1PWH снят, ср ниже PWH, хай устоял",-1,-1,-1
ETHUSDT,2023-07-10,3,1.0,1.0,0.0,1.0,"+1открытие в нижней трети|+1вт инсайд пн|+1лой пн устоял, выше открытия",1,1,1
ETHUSDT,2023-07-17,2,1.0,,1.0,0.0,"+1вт инсайд пн|-1хай пн устоял, ниже открытия",0,-1,-1
ETHUSDT,2023-07-24,4,0.0,,1.0,1.0,"+1пн снял PWL|+1вт инсайд пн|-1хай пн устоял, ниже открытия|+1PWL снят, ср выше PWL, лой устоял",1,1,1
ETHUSDT,2023-07-31,3,0.0,,1.0,1.0,"-1вт пробил лой пн|-1пн внутри, вт снял PWL и вернулся|+1PWL снят, ср выше PWL, лой устоял",-1,1,1
ETHUSDT,2023-08-07,4,0.0,,1.0,1.0,"+1открытие в нижней трети|+1пн снял PWL|+1лой пн устоял, выше открытия|+1PWL снят, ср выше PWL, лой устоял",1,1,1
ETHUSDT,2023-08-14,2,0.0,0.0,1.0,0.0,"-1вт пробил лой пн|-1хай пн устоял, ниже открытия",-1,-1,-1
ETHUSDT,2023-08-21,1,0.0,,1.0,1.0,-1вт пробил лой пн,-1,-1,0
ETHUSDT,2023-08-28,1,0.0,0.0,1.0,0.0,"+1лой пн устоял, выше открытия",1,1,1
ETHUSDT,2023-09-04,2,0.0,,1.0,0.0,+1открытие в нижней трети|-1вт пробил лой пн,0,-1,0
ETHUSDT,2023-09-11,3,1.0,,0.0,1.0,"+1открытие в нижней трети|+1пн снял PWL|+1PWL снят, ср выше PWL, лой устоял",1,1,1
ETHUSDT,2023-09-18,5,0.0,0.0,1.0,0.0,"-1открытие в верхней трети|-1пн снял PWH|+1вт инсайд пн|-1хай пн устоял, ниже открытия|-1PWH снят, ср ниже PWH, хай устоял",-1,-1,-1
ETHUSDT,2023-09-25,4,1.0,1.0,0.0,1.0,"+1открытие в нижней трети|+1пн снял PWL|+1лой пн устоял, выше открытия|+1PWL снят, ср выше PWL, лой устоял",1,1,1
ETHUSDT,2023-10-02,3,0.0,,1.0,0.0,"-1открытие в верхней трети|+1вт инсайд пн|-1хай пн устоял, ниже открытия",-1,-1,-1
ETHUSDT,2023-10-09,4,0.0,0.0,1.0,0.0,"+1открытие в нижней трети|+1пн снял PWL|+1вт инсайд пн|-1хай пн устоял, ниже открытия",1,-1,-1
ETHUSDT,2023-10-16,3,1.0,1.0,0.0,0.0,"-1пн снял PWH|-1вт пробил лой пн|-1PWH снят, ср ниже PWH, хай устоял",-1,-1,-1
ETHUSDT,2023-10-23,3,1.0,1.0,0.0,1.0,"-1открытие в верхней трети|-1пн снял PWH|+1лой пн устоял, выше открытия",-1,1,1
ETHUSDT,2023-10-30,2,1.0,0.0,0.0,0.0,"+1вт инсайд пн|+1лой пн устоял, выше открытия",1,1,1
ETHUSDT,2023-11-06,6,1.0,1.0,0.0,1.0,"-1открытие в верхней трети|-1пн снял PWH|-1вт пробил лой пн|-1снят PWH, ниже открытия|-1хай пн устоял, ниже открытия|-1PWH снят, ср ниже PWH, хай устоял",-1,-1,-1
ETHUSDT,2023-11-13,2,0.0,0.0,1.0,0.0,-1открытие в верхней трети|-1вт пробил лой пн,-1,-1,0
ETHUSDT,2023-11-20,1,0.0,,0.0,1.0,-1вт пробил лой пн,-1,-1,0
ETHUSDT,2023-11-27,0,1.0,1.0,0.0,1.0,,0,0,0
ETHUSDT,2023-12-04,3,1.0,1.0,0.0,1.0,-1открытие в верхней трети|-1пн снял PWH|-1вт пробил лой пн,-1,-1,0
ETHUSDT,2023-12-11,5,0.0,,1.0,1.0,"-1открытие в верхней трети|+1пн снял PWL|+1вт инсайд пн|-1хай пн устоял, ниже открытия|+1PWL снят, ср выше PWL, лой устоял",1,1,1
ETHUSDT,2023-12-18,1,1.0,1.0,0.0,1.0,"+1лой пн устоял, выше открытия",1,1,1
ETHUSDT,2023-12-25,1,0.0,0.0,0.0,1.0,-1вт пробил лой пн,-1,-1,0
ETHUSDT,2024-01-01,0,1.0,,1.0,1.0,,0,0,0
ETHUSDT,2024-01-08,1,0.0,1.0,0.0,1.0,"+1лой пн устоял, выше открытия",1,1,1
ETHUSDT,2024-01-15,1,0.0,,1.0,0.0,"+1лой пн устоял, выше открытия",1,1,1
ETHUSDT,2024-01-22,4,1.0,,1.0,1.0,"+1открытие в нижней трети|+1пн снял PWL|-1вт пробил лой пн|-1хай пн устоял, ниже открытия",0,-1,-1
ETHUSDT,2024-01-29,2,1.0,,1.0,1.0,"+1открытие в нижней трети|+1лой пн устоял, выше открытия",1,1,1
ETHUSDT,2024-02-05,1,1.0,1.0,0.0,1.0,"+1лой пн устоял, выше открытия",1,1,1
ETHUSDT,2024-02-12,3,1.0,1.0,0.0,1.0,"-1открытие в верхней трети|-1пн снял PWH|+1лой пн устоял, выше открытия",-1,1,1
ETHUSDT,2024-02-19,3,1.0,1.0,0.0,1.0,"-1открытие в верхней трети|-1пн снял PWH|+1лой пн устоял, выше открытия",-1,1,1
ETHUSDT,2024-02-26,3,1.0,1.0,0.0,1.0,"-1открытие в верхней трети|-1пн снял PWH|+1лой пн устоял, выше открытия",-1,1,1
ETHUSDT,2024-03-04,3,1.0,1.0,0.0,1.0,-1открытие в верхней трети|-1пн снял PWH|-1вт пробил лой пн,-1,-1,0
ETHUSDT,2024-03-11,3,0.0,0.0,1.0,0.0,"-1открытие в верхней трети|-1пн снял PWH|+1лой пн устоял, выше открытия",-1,1,1
ETHUSDT,2024-03-18,3,0.0,,1.0,1.0,"-1вт пробил лой пн|-1хай пн устоял, ниже открытия|+1PWL снят, ср обновила лой, закрылась выше PWL",-1,1,1
ETHUSDT,2024-03-25,4,1.0,,1.0,1.0,"-1открытие в верхней трети|-1пн снял PWH|+1лой пн устоял, выше открытия|-1PWH снят, ср ниже PWH, хай устоял",-1,-1,-1
ETHUSDT,2024-04-01,4,1.0,,1.0,1.0,"-1открытие в верхней трети|+1пн снял PWL|-1вт пробил лой пн|-1хай пн устоял, ниже открытия",-1,-1,-1
ETHUSDT,2024-04-08,4,0.0,0.0,1.0,0.0,"-1пн снял PWH|+1вт инсайд пн|+1лой пн устоял, выше открытия|-1PWH снят, ср ниже PWH, хай устоял",0,-1,-1
ETHUSDT,2024-04-15,2,1.0,,1.0,0.0,"-1вт пробил лой пн|-1хай пн устоял, ниже открытия",-1,-1,-1
ETHUSDT,2024-04-22,1,1.0,,0.0,0.0,-1открытие в верхней трети,-1,-1,0
ETHUSDT,2024-04-29,2,1.0,1.0,1.0,1.0,"-1вт пробил лой пн|-1хай пн устоял, ниже открытия",-1,-1,-1
ETHUSDT,2024-05-06,3,0.0,,1.0,0.0,"-1открытие в верхней трети|-1вт пробил лой пн|-1хай пн устоял, ниже открытия",-1,-1,-1
ETHUSDT,2024-05-13,4,1.0,,0.0,1.0,"+1открытие в нижней трети|+1пн снял PWL|-1вт пробил лой пн|+1PWL снят, ср выше PWL, лой устоял",1,1,1
ETHUSDT,2024-05-20,3,1.0,1.0,0.0,1.0,"-1открытие в верхней трети|-1пн снял PWH|+1лой пн устоял, выше открытия",-1,1,1
ETHUSDT,2024-05-27,5,1.0,,1.0,0.0,"-1открытие в верхней трети|-1пн снял PWH|-1вт пробил лой пн|-1хай пн устоял, ниже открытия|-1PWH снят, ср ниже PWH, хай устоял",-1,-1,-1
ETHUSDT,2024-06-03,2,0.0,0.0,1.0,0.0,+1открытие в нижней трети|-1вт пробил лой пн,0,-1,0
ETHUSDT,2024-06-10,3,1.0,0.0,1.0,0.0,"-1вт пробил лой пн|-1хай пн устоял, ниже открытия|+1PWL снят, ср выше PWL, лой устоял",-1,1,1
ETHUSDT,2024-06-17,5,0.0,0.0,1.0,1.0,"-1открытие в верхней трети|-1вт пробил лой пн|-1пн внутри, вт снял PWL и вернулся|-1хай пн устоял, ниже открытия|+1PWL снят, ср выше PWL, лой устоял",-1,1,1
ETHUSDT,2024-06-24,5,1.0,,0.0,1.0,"+1открытие в нижней трети|+1пн снял PWL|+1вт инсайд пн|-1хай пн устоял, ниже открытия|+1PWL снят, ср выше PWL, лой устоял",1,1,1
ETHUSDT,2024-07-01,6,0.0,0.0,1.0,0.0,"-1открытие в верхней трети|-1пн снял PWH|-1вт пробил лой пн|-1снят PWH, ниже открытия|-1хай пн устоял, ниже открытия|-1PWH снят, ср ниже PWH, хай устоял",-1,-1,-1
ETHUSDT,2024-07-08,2,1.0,1.0,0.0,1.0,"+1открытие в нижней трети|+1лой пн устоял, выше открытия",1,1,1
ETHUSDT,2024-07-15,3,1.0,1.0,0.0,1.0,"-1открытие в верхней трети|-1пн снял PWH|+1лой пн устоял, выше открытия",-1,1,1
ETHUSDT,2024-07-22,6,0.0,0.0,1.0,0.0,"-1открытие в верхней трети|-1пн снял PWH|-1вт пробил лой пн|-1снят PWH, ниже открытия|-1хай пн устоял, ниже открытия|-1PWH снят, ср ниже PWH, хай устоял",-1,-1,-1
ETHUSDT,2024-07-29,3,0.0,0.0,1.0,0.0,"-1прошлая «обе сняты»|-1вт пробил лой пн|-1хай пн устоял, ниже открытия",-1,-1,-1
ETHUSDT,2024-08-05,4,1.0,1.0,0.0,1.0,"+1открытие в нижней трети|+1пн снял PWL|+1вт инсайд пн|-1хай пн устоял, ниже открытия",1,-1,-1
ETHUSDT,2024-08-12,5,0.0,,1.0,1.0,"-1открытие в верхней трети|-1пн снял PWH|+1вт инсайд пн|+1лой пн устоял, выше открытия|-1PWH снят, ср обновила хай, закрылась ниже PWH",-1,-1,-1
ETHUSDT,2024-08-19,1,1.0,,0.0,1.0,-1вт пробил лой пн,-1,-1,0
ETHUSDT,2024-08-26,3,0.0,0.0,1.0,1.0,"-1открытие в верхней трети|-1вт пробил лой пн|-1хай пн устоял, ниже открытия",-1,-1,-1
ETHUSDT,2024-09-02,2,0.0,0.0,1.0,0.0,+1открытие в нижней трети|-1вт пробил лой пн,0,-1,0
ETHUSDT,2024-09-09,1,0.0,,0.0,1.0,"+1лой пн устоял, выше открытия",1,1,1
ETHUSDT,2024-09-16,4,1.0,1.0,0.0,1.0,"+1открытие в нижней трети|+1пн снял PWL|+1лой пн устоял, выше открытия|+1PWL снят, ср выше PWL, лой устоял",1,1,1
ETHUSDT,2024-09-23,5,1.0,1.0,0.0,1.0,"-1открытие в верхней трети|-1пн снял PWH|+1вт инсайд пн|-1хай пн устоял, ниже открытия|-1PWH снят, ср ниже PWH, хай устоял",-1,-1,-1
ETHUSDT,2024-09-30,2,1.0,,1.0,0.0,"-1вт пробил лой пн|-1хай пн устоял, ниже открытия",-1,-1,-1
ETHUSDT,2024-10-07,2,1.0,1.0,1.0,0.0,"-1вт пробил лой пн|-1хай пн устоял, ниже открытия",-1,-1,-1
ETHUSDT,2024-10-14,3,1.0,1.0,0.0,1.0,"-1открытие в верхней трети|-1пн снял PWH|+1лой пн устоял, выше открытия",-1,1,1
ETHUSDT,2024-10-21,6,0.0,0.0,1.0,0.0,"-1открытие в верхней трети|-1пн снял PWH|-1вт пробил лой пн|-1снят PWH, ниже открытия|-1хай пн устоял, ниже открытия|-1PWH снят, ср ниже PWH, хай устоял",-1,-1,-1
ETHUSDT,2024-10-28,3,0.0,0.0,1.0,0.0,"-1прошлая «обе сняты»|+1открытие в нижней трети|+1лой пн устоял, выше открытия",1,1,1
ETHUSDT,2024-11-04,5,1.0,1.0,0.0,1.0,"+1открытие в нижней трети|+1пн снял PWL|+1вт инсайд пн|+1лой пн устоял, выше открытия|+1PWL снят, ср выше PWL, лой устоял",1,1,1
ETHUSDT,2024-11-11,4,0.0,0.0,1.0,0.0,"-1открытие в верхней трети|-1пн снял PWH|+1лой пн устоял, выше открытия|-1PWH снят, ср ниже PWH, хай устоял",-1,-1,-1
ETHUSDT,2024-11-18,3,1.0,1.0,0.0,1.0,"+1открытие в нижней трети|+1вт инсайд пн|-1хай пн устоял, ниже открытия",1,-1,-1
ETHUSDT,2024-11-25,4,1.0,,0.0,1.0,"-1открытие в верхней трети|-1пн снял PWH|-1вт пробил лой пн|-1снят PWH, ниже открытия",-1,-1,0
ETHUSDT,2024-12-02,4,1.0,0.0,0.0,1.0,"-1открытие в верхней трети|-1пн снял PWH|-1вт пробил лой пн|-1снят PWH, ниже открытия",-1,-1,0
ETHUSDT,2024-12-09,5,1.0,,1.0,1.0,"-1открытие в верхней трети|+1пн снял PWL|+1вт инсайд пн|-1хай пн устоял, ниже открытия|+1PWL снят, ср выше PWL, лой устоял",1,1,1
ETHUSDT,2024-12-16,6,0.0,0.0,1.0,0.0,"-1открытие в верхней трети|-1пн снял PWH|-1вт пробил лой пн|-1снят PWH, ниже открытия|-1хай пн устоял, ниже открытия|-1PWH снят, ср ниже PWH, хай устоял",-1,-1,-1
ETHUSDT,2024-12-23,2,0.0,,1.0,1.0,"+1открытие в нижней трети|+1лой пн устоял, выше открытия",1,1,1
ETHUSDT,2024-12-30,1,1.0,1.0,0.0,1.0,"+1лой пн устоял, выше открытия",1,1,1
ETHUSDT,2025-01-06,6,0.0,0.0,1.0,0.0,"-1открытие в верхней трети|-1пн снял PWH|-1вт пробил лой пн|-1снят PWH, ниже открытия|-1хай пн устоял, ниже открытия|-1PWH снят, ср ниже PWH, хай устоял",-1,-1,-1
ETHUSDT,2025-01-13,5,0.0,0.0,0.0,1.0,"+1открытие в нижней трети|+1пн снял PWL|+1вт инсайд пн|+1лой пн устоял, выше открытия|+1PWL снят, ср выше PWL, лой устоял",1,1,1
ETHUSDT,2025-01-20,2,0.0,,1.0,1.0,"+1вт инсайд пн|+1лой пн устоял, выше открытия",1,1,1
ETHUSDT,2025-01-27,4,0.0,1.0,0.0,0.0,"+1открытие в нижней трети|+1пн снял PWL|+1вт инсайд пн|-1хай пн устоял, ниже открытия",1,-1,-1
ETHUSDT,2025-02-03,5,0.0,0.0,1.0,1.0,"+1открытие в нижней трети|+1пн снял PWL|+1вт инсайд пн|-1хай пн устоял, ниже открытия|+1PWL снят, ср выше PWL, лой устоял",1,1,1
ETHUSDT,2025-02-10,1,0.0,,1.0,1.0,-1вт пробил лой пн,-1,-1,0
ETHUSDT,2025-02-17,3,1.0,,0.0,1.0,"-1пн снял PWH|-1вт пробил лой пн|-1PWH снят, ср ниже PWH, хай устоял",-1,-1,-1
ETHUSDT,2025-02-24,4,1.0,0.0,1.0,0.0,"-1открытие в верхней трети|+1пн снял PWL|-1вт пробил лой пн|-1хай пн устоял, ниже открытия",-1,-1,-1
ETHUSDT,2025-03-03,4,0.0,0.0,1.0,1.0,"-1вт пробил лой пн|-1пн внутри, вт снял PWL и вернулся|-1хай пн устоял, ниже открытия|+1PWL снят, ср выше PWL, лой устоял",-1,1,1
ETHUSDT,2025-03-10,4,0.0,,1.0,1.0,"+1открытие в нижней трети|+1пн снял PWL|-1вт пробил лой пн|-1хай пн устоял, ниже открытия",0,-1,-1
ETHUSDT,2025-03-17,2,0.0,,1.0,1.0,+1открытие в нижней трети|-1вт пробил лой пн,0,-1,0
ETHUSDT,2025-03-24,5,0.0,0.0,1.0,0.0,"-1открытие в верхней трети|-1пн снял PWH|+1вт инсайд пн|+1лой пн устоял, выше открытия|-1PWH снят, ср ниже PWH, хай устоял",-1,-1,-1
ETHUSDT,2025-03-31,1,0.0,0.0,1.0,0.0,+1открытие в нижней трети,1,1,0
ETHUSDT,2025-04-07,4,0.0,0.0,1.0,1.0,"+1открытие в нижней трети|+1пн снял PWL|+1вт инсайд пн|+1PWL снят, ср обновила лой, закрылась выше PWL",1,1,1
ETHUSDT,2025-04-14,6,1.0,,1.0,1.0,"-1открытие в верхней трети|-1пн снял PWH|-1вт пробил лой пн|-1снят PWH, ниже открытия|-1хай пн устоял, ниже открытия|-1PWH снят, ср ниже PWH, хай устоял",-1,-1,-1
ETHUSDT,2025-04-21,2,0.0,,0.0,1.0,+1открытие в нижней трети|-1вт пробил лой пн,0,-1,0
ETHUSDT,2025-04-28,1,1.0,,0.0,1.0,-1открытие в верхней трети,-1,-1,0
ETHUSDT,2025-05-05,1,1.0,1.0,0.0,1.0,-1вт пробил лой пн,-1,-1,0
ETHUSDT,2025-05-12,3,0.0,0.0,1.0,0.0,"-1открытие в верхней трети|-1пн снял PWH|+1лой пн устоял, выше открытия",-1,1,1
ETHUSDT,2025-05-19,1,0.0,,0.0,1.0,"+1лой пн устоял, выше открытия",1,1,1
ETHUSDT,2025-05-26,1,0.0,0.0,0.0,0.0,-1вт пробил лой пн,-1,-1,0
ETHUSDT,2025-06-02,2,0.0,0.0,1.0,0.0,"+1открытие в нижней трети|+1лой пн устоял, выше открытия",1,1,1
ETHUSDT,2025-06-09,2,0.0,0.0,1.0,0.0,"-1пн снял PWH|+1лой пн устоял, выше открытия",0,1,1
ETHUSDT,2025-06-16,3,0.0,0.0,1.0,0.0,"+1открытие в нижней трети|-1вт пробил лой пн|-1хай пн устоял, ниже открытия",-1,-1,-1
ETHUSDT,2025-06-23,2,1.0,,0.0,1.0,"+1открытие в нижней трети|+1лой пн устоял, выше открытия",1,1,1
ETHUSDT,2025-06-30,2,0.0,,0.0,1.0,-1открытие в верхней трети|-1вт пробил лой пн,-1,-1,0
ETHUSDT,2025-07-07,2,1.0,1.0,0.0,1.0,"-1открытие в верхней трети|+1лой пн устоял, выше открытия",0,1,1
ETHUSDT,2025-07-14,3,1.0,1.0,0.0,1.0,-1открытие в верхней трети|-1пн снял PWH|-1вт пробил лой пн,-1,-1,0
ETHUSDT,2025-07-21,6,1.0,1.0,0.0,0.0,"-1открытие в верхней трети|-1пн снял PWH|-1вт пробил лой пн|-1снят PWH, ниже открытия|-1хай пн устоял, ниже открытия|-1PWH снят, ср ниже PWH, хай устоял",-1,-1,-1
ETHUSDT,2025-07-28,6,0.0,0.0,1.0,0.0,"-1открытие в верхней трети|-1пн снял PWH|-1вт пробил лой пн|-1снят PWH, ниже открытия|-1хай пн устоял, ниже открытия|-1PWH снят, ср ниже PWH, хай устоял",-1,-1,-1
ETHUSDT,2025-08-04,3,1.0,1.0,0.0,1.0,"+1открытие в нижней трети|+1вт инсайд пн|+1лой пн устоял, выше открытия",1,1,1
ETHUSDT,2025-08-11,3,0.0,0.0,0.0,1.0,"-1открытие в верхней трети|-1пн снял PWH|+1лой пн устоял, выше открытия",-1,1,1
ETHUSDT,2025-08-18,3,1.0,1.0,0.0,1.0,"-1вт пробил лой пн|-1хай пн устоял, ниже открытия|+1PWL снят, ср обновила лой, закрылась выше PWL",-1,1,1
ETHUSDT,2025-08-25,4,0.0,,1.0,0.0,"-1прошлая «обе сняты»|-1открытие в верхней трети|-1вт пробил лой пн|-1хай пн устоял, ниже открытия",-1,-1,-1
ETHUSDT,2025-09-01,5,0.0,,0.0,1.0,"+1открытие в нижней трети|+1пн снял PWL|+1вт инсайд пн|+1лой пн устоял, выше открытия|+1PWL снят, ср выше PWL, лой устоял",1,1,1
ETHUSDT,2025-09-08,1,1.0,1.0,0.0,1.0,-1вт пробил лой пн,-1,-1,0
ETHUSDT,2025-09-15,2,0.0,,1.0,1.0,"-1вт пробил лой пн|-1хай пн устоял, ниже открытия",-1,-1,-1
ETHUSDT,2025-09-22,4,0.0,0.0,1.0,0.0,"+1открытие в нижней трети|+1пн снял PWL|+1вт инсайд пн|-1хай пн устоял, ниже открытия",1,-1,-1
ETHUSDT,2025-09-29,1,1.0,1.0,0.0,1.0,"+1лой пн устоял, выше открытия",1,1,1
ETHUSDT,2025-10-06,5,0.0,0.0,1.0,0.0,"-1открытие в верхней трети|-1пн снял PWH|-1вт пробил лой пн|-1снят PWH, ниже открытия|-1PWH снят, ср ниже PWH, хай устоял",-1,-1,-1
ETHUSDT,2025-10-13,3,0.0,0.0,1.0,0.0,"-1прошлая «обе сняты»|-1вт пробил лой пн|-1хай пн устоял, ниже открытия",-1,-1,-1
ETHUSDT,2025-10-20,1,1.0,1.0,0.0,1.0,-1вт пробил лой пн,-1,-1,0
ETHUSDT,2025-10-27,6,1.0,0.0,1.0,0.0,"-1открытие в верхней трети|-1пн снял PWH|-1вт пробил лой пн|-1снят PWH, ниже открытия|-1хай пн устоял, ниже открытия|-1PWH снят, ср ниже PWH, хай устоял",-1,-1,-1
ETHUSDT,2025-11-03,4,1.0,0.0,1.0,1.0,"-1прошлая «обе сняты»|+1пн снял PWL|-1вт пробил лой пн|-1хай пн устоял, ниже открытия",-1,-1,-1
ETHUSDT,2025-11-10,2,0.0,0.0,1.0,0.0,"-1вт пробил лой пн|-1хай пн устоял, ниже открытия",-1,-1,-1
ETHUSDT,2025-11-17,5,0.0,0.0,1.0,0.0,"+1открытие в нижней трети|+1пн снял PWL|-1вт пробил лой пн|-1хай пн устоял, ниже открытия|+1PWL снят, ср обновила лой, закрылась выше PWL",1,1,1
ETHUSDT,2025-11-24,3,0.0,,0.0,1.0,"+1открытие в нижней трети|+1вт инсайд пн|+1лой пн устоял, выше открытия",1,1,1
ETHUSDT,2025-12-01,4,0.0,0.0,0.0,1.0,"-1открытие в верхней трети|+1пн снял PWL|+1лой пн устоял, выше открытия|+1PWL снят, ср выше PWL, лой устоял",1,1,1
ETHUSDT,2025-12-08,2,0.0,0.0,1.0,0.0,"-1прошлая «обе сняты»|+1лой пн устоял, выше открытия",0,1,1
ETHUSDT,2025-12-15,4,1.0,,1.0,0.0,"+1открытие в нижней трети|+1пн снял PWL|-1вт пробил лой пн|-1хай пн устоял, ниже открытия",0,-1,-1
ETHUSDT,2025-12-22,2,1.0,,1.0,1.0,"-1вт пробил лой пн|-1хай пн устоял, ниже открытия",-1,-1,-1
ETHUSDT,2025-12-29,3,1.0,1.0,0.0,1.0,"+1открытие в нижней трети|+1вт инсайд пн|+1лой пн устоял, выше открытия",1,1,1
ETHUSDT,2026-01-05,2,0.0,0.0,1.0,0.0,-1открытие в верхней трети|-1пн снял PWH,-1,-1,0
ETHUSDT,2026-01-12,2,0.0,0.0,1.0,1.0,"+1открытие в нижней трети|+1лой пн устоял, выше открытия",1,1,1
ETHUSDT,2026-01-19,2,0.0,0.0,1.0,0.0,"-1вт пробил лой пн|-1хай пн устоял, ниже открытия",-1,-1,-1
ETHUSDT,2026-01-26,2,0.0,0.0,1.0,0.0,"+1открытие в нижней трети|+1лой пн устоял, выше открытия",1,1,1
ETHUSDT,2026-02-02,4,0.0,0.0,1.0,0.0,"+1открытие в нижней трети|+1пн снял PWL|-1вт пробил лой пн|-1хай пн устоял, ниже открытия",0,-1,-1
ETHUSDT,2026-02-09,2,1.0,,1.0,0.0,"-1вт пробил лой пн|-1хай пн устоял, ниже открытия",-1,-1,-1
ETHUSDT,2026-02-16,2,1.0,,1.0,0.0,+1открытие в нижней трети|+1вт инсайд пн,1,1,0
ETHUSDT,2026-02-23,3,0.0,0.0,1.0,1.0,"+1пн снял PWL|-1вт пробил лой пн|+1PWL снят, ср выше PWL, лой устоял",1,1,1
ETHUSDT,2026-03-02,3,0.0,0.0,1.0,0.0,"-1прошлая «обе сняты»|+1вт инсайд пн|+1лой пн устоял, выше открытия",1,1,1
ETHUSDT,2026-03-09,2,1.0,1.0,0.0,1.0,"+1открытие в нижней трети|+1лой пн устоял, выше открытия",1,1,1
ETHUSDT,2026-03-16,4,0.0,0.0,1.0,0.0,"-1открытие в верхней трети|-1пн снял PWH|+1вт инсайд пн|-1PWH снят, ср ниже PWH, хай устоял",-1,-1,-1
ETHUSDT,2026-03-23,5,0.0,0.0,1.0,0.0,"+1открытие в нижней трети|+1пн снял PWL|+1вт инсайд пн|+1лой пн устоял, выше открытия|+1PWL снят, ср выше PWL, лой устоял",1,1,1
ETHUSDT,2026-03-30,2,0.0,0.0,1.0,1.0,"+1открытие в нижней трети|+1лой пн устоял, выше открытия",1,1,1
ETHUSDT,2026-04-06,3,1.0,1.0,0.0,1.0,-1открытие в верхней трети|-1пн снял PWH|-1вт пробил лой пн,-1,-1,0
ETHUSDT,2026-04-13,2,0.0,1.0,0.0,1.0,"-1пн снял PWH|+1лой пн устоял, выше открытия",0,1,1
ETHUSDT,2026-04-20,3,0.0,,1.0,1.0,"+1открытие в нижней трети|+1вт инсайд пн|+1лой пн устоял, выше открытия",1,1,1
ETHUSDT,2026-04-27,4,1.0,1.0,1.0,1.0,"-1открытие в верхней трети|-1вт пробил лой пн|-1пн внутри, вт снял PWL и вернулся|-1хай пн устоял, ниже открытия",-1,-1,-1
ETHUSDT,2026-05-04,2,1.0,0.0,1.0,0.0,"+1вт инсайд пн|+1лой пн устоял, выше открытия",1,1,1
ETHUSDT,2026-05-11,4,0.0,0.0,1.0,0.0,"-1открытие в верхней трети|-1вт пробил лой пн|-1пн внутри, вт снял PWL и вернулся|-1хай пн устоял, ниже открытия",-1,-1,-1
ETHUSDT,2026-05-18,5,0.0,0.0,0.0,0.0,"+1открытие в нижней трети|+1пн снял PWL|+1вт инсайд пн|-1хай пн устоял, ниже открытия|+1PWL снят, ср выше PWL, лой устоял",1,1,1
ETHUSDT,2026-05-25,2,0.0,,1.0,0.0,"-1вт пробил лой пн|-1хай пн устоял, ниже открытия",-1,-1,-1
ETHUSDT,2026-06-01,4,0.0,0.0,1.0,0.0,"+1открытие в нижней трети|+1пн снял PWL|-1вт пробил лой пн|-1хай пн устоял, ниже открытия",0,-1,-1
ETHUSDT,2026-06-08,2,1.0,1.0,0.0,1.0,"-1вт пробил лой пн|-1хай пн устоял, ниже открытия",-1,-1,-1
ETHUSDT,2026-06-15,4,0.0,,1.0,0.0,"-1открытие в верхней трети|-1пн снял PWH|+1вт инсайд пн|+1лой пн устоял, выше открытия",0,1,1
ETHUSDT,2026-06-22,3,0.0,0.0,1.0,0.0,"+1открытие в нижней трети|-1вт пробил лой пн|-1хай пн устоял, ниже открытия",-1,-1,-1
ETHUSDT,2026-06-29,3,1.0,1.0,0.0,1.0,"+1открытие в нижней трети|+1вт инсайд пн|+1лой пн устоял, выше открытия",1,1,1
ETHUSDT,2026-07-06,6,1.0,1.0,1.0,1.0,"-1открытие в верхней трети|-1пн снял PWH|+1вт инсайд пн|-1снят PWH, ниже открытия|-1хай пн устоял, ниже открытия|-1PWH снят, ср ниже PWH, хай устоял",-1,-1,-1
ETHUSDT,2026-07-13,3,0.0,0.0,1.0,1.0,"-1открытие в верхней трети|-1пн снял PWH|+1лой пн устоял, выше открытия",-1,1,1
ETHUSDT,2026-07-20,3,1.0,0.0,0.0,1.0,"-1пн внутри, вт снял PWH и вернулся|+1лой пн устоял, выше открытия|-1PWH снят, ср обновила хай, закрылась ниже PWH",-1,-1,-1
ETHUSDT,2026-07-27,6,0.0,0.0,1.0,0.0,"-1открытие в верхней трети|-1пн снял PWH|-1вт пробил лой пн|-1снят PWH, ниже открытия|-1хай пн устоял, ниже открытия|-1PWH снят, ср ниже PWH, хай устоял",-1,-1,-1
ETHUSDT,2026-08-03,3,1.0,,0.0,1.0,"-1прошлая «обе сняты»|+1вт инсайд пн|+1лой пн устоял, выше открытия",1,1,1
ETHUSDT,2026-08-10,3,0.0,,1.0,1.0,"-1открытие в верхней трети|-1вт пробил лой пн|-1хай пн устоял, ниже открытия",-1,-1,-1
ETHUSDT,2026-08-17,2,1.0,1.0,0.0,1.0,"+1открытие в нижней трети|+1лой пн устоял, выше открытия",1,1,1
ETHUSDT,2026-08-24,2,0.0,0.0,0.0,0.0,-1открытие в верхней трети|-1вт пробил лой пн,-1,-1,0
ETHUSDT,2026-08-31,5,1.0,1.0,0.0,1.0,"+1открытие в нижней трети|-1вт пробил лой пн|-1пн внутри, вт снял PWL и вернулся|-1хай пн устоял, ниже открытия|+1PWL снят, ср обновила лой, закрылась выше PWL",-1,1,1
ETHUSDT,2026-09-07,3,1.0,1.0,0.0,0.0,"-1открытие в верхней трети|-1вт пробил лой пн|-1хай пн устоял, ниже открытия",-1,-1,-1
ETHUSDT,2026-09-14,4,1.0,1.0,0.0,1.0,"+1открытие в нижней трети|-1вт пробил лой пн|-1хай пн устоял, ниже открытия|+1PWL снят, ср выше PWL, лой устоял",0,1,1
ETHUSDT,2026-09-21,4,1.0,,1.0,0.0,-1прошлая «обе сняты»|-1открытие в верхней трети|-1пн снял PWH|+1вт инсайд пн,-1,1,0
ETHUSDT,2026-09-28,0,1.0,,0.0,1.0,,0,0,0
SOLUSDT,2020-10-05,3,1.0,1.0,1.0,0.0,"+1открытие в нижней трети|-1вт пробил лой пн|-1хай пн устоял, ниже открытия",-1,-1,-1
SOLUSDT,2020-10-12,5,0.0,,1.0,0.0,"-1пн снял PWH|-1вт пробил лой пн|-1снят PWH, ниже открытия|-1хай пн устоял, ниже открытия|-1PWH снят, ср ниже PWH, хай устоял",-1,-1,-1
SOLUSDT,2020-10-19,4,0.0,,1.0,0.0,"+1открытие в нижней трети|+1пн снял PWL|-1вт пробил лой пн|-1хай пн устоял, ниже открытия",0,-1,-1
SOLUSDT,2020-10-26,4,1.0,,1.0,0.0,"+1открытие в нижней трети|+1пн снял PWL|-1вт пробил лой пн|-1хай пн устоял, ниже открытия",0,-1,-1
SOLUSDT,2020-11-02,2,1.0,1.0,0.0,1.0,"-1вт пробил лой пн|-1хай пн устоял, ниже открытия",-1,-1,-1
SOLUSDT,2020-11-09,1,1.0,,1.0,0.0,-1открытие в верхней трети,-1,-1,0
SOLUSDT,2020-11-16,4,1.0,1.0,0.0,1.0,"-1пн снял PWH|+1вт инсайд пн|+1лой пн устоял, выше открытия|-1PWH снят, ср ниже PWH, хай устоял",0,-1,-1
SOLUSDT,2020-11-23,2,0.0,0.0,1.0,0.0,"+1открытие в нижней трети|+1лой пн устоял, выше открытия",1,1,1
SOLUSDT,2020-11-30,2,0.0,0.0,0.0,0.0,"+1открытие в нижней трети|+1лой пн устоял, выше открытия",1,1,1
SOLUSDT,2020-12-07,3,0.0,,1.0,0.0,"+1открытие в нижней трети|-1вт пробил лой пн|-1хай пн устоял, ниже открытия",-1,-1,-1
SOLUSDT,2020-12-14,2,0.0,0.0,0.0,0.0,"+1открытие в нижней трети|+1лой пн устоял, выше открытия",1,1,1
SOLUSDT,2020-12-21,4,1.0,1.0,1.0,1.0,"+1открытие в нижней трети|+1пн снял PWL|-1вт пробил лой пн|-1хай пн устоял, ниже открытия",0,-1,-1
SOLUSDT,2020-12-28,2,1.0,1.0,0.0,1.0,"+1лой пн устоял, выше открытия|-1PWH снят, ср ниже PWH, хай устоял",0,-1,-1
SOLUSDT,2021-01-04,4,1.0,1.0,0.0,1.0,"-1открытие в верхней трети|-1пн снял PWH|-1снят PWH, ниже открытия|-1PWH снят, ср ниже PWH, хай устоял",-1,-1,-1
SOLUSDT,2021-01-11,4,1.0,0.0,0.0,1.0,"-1открытие в верхней трети|-1пн внутри, вт снял PWH и вернулся|+1лой пн устоял, выше открытия|-1PWH снят, ср ниже PWH, хай устоял",-1,-1,-1
SOLUSDT,2021-01-18,6,0.0,0.0,1.0,0.0,"-1открытие в верхней трети|-1пн снял PWH|+1вт инсайд пн|-1снят PWH, ниже открытия|-1хай пн устоял, ниже открытия|-1PWH снят, ср ниже PWH, хай устоял",-1,-1,-1
SOLUSDT,2021-01-25,3,1.0,1.0,0.0,1.0,"-1прошлая «обе сняты»|-1открытие в верхней трети|+1лой пн устоял, выше открытия",-1,1,1
SOLUSDT,2021-02-01,1,1.0,1.0,0.0,1.0,"+1лой пн устоял, выше открытия",1,1,1
SOLUSDT,2021-02-08,3,0.0,1.0,0.0,1.0,"-1открытие в верхней трети|-1пн снял PWH|+1лой пн устоял, выше открытия",-1,1,1
SOLUSDT,2021-02-15,2,1.0,1.0,0.0,1.0,"+1вт инсайд пн|-1хай пн устоял, ниже открытия",0,-1,-1
SOLUSDT,2021-02-22,3,0.0,0.0,1.0,1.0,"-1открытие в верхней трети|-1пн снял PWH|+1лой пн устоял, выше открытия",-1,1,1
SOLUSDT,2021-03-01,2,0.0,,1.0,0.0,"+1вт инсайд пн|+1лой пн устоял, выше открытия",1,1,1
SOLUSDT,2021-03-08,1,1.0,,0.0,1.0,"+1лой пн устоял, выше открытия",1,1,1
SOLUSDT,2021-03-15,2,1.0,,0.0,1.0,"-1вт пробил лой пн|-1хай пн устоял, ниже открытия",-1,-1,-1
SOLUSDT,2021-03-22,6,1.0,1.0,0.0,0.0,"-1открытие в верхней трети|-1пн снял PWH|-1вт пробил лой пн|-1снят PWH, ниже открытия|-1хай пн устоял, ниже открытия|-1PWH снят, ср ниже PWH, хай устоял",-1,-1,-1
SOLUSDT,2021-03-29,4,1.0,1.0,0.0,1.0,"-1открытие в верхней трети|-1пн внутри, вт снял PWH и вернулся|+1лой пн устоял, выше открытия|-1PWH снят, ср ниже PWH, хай устоял",-1,-1,-1
SOLUSDT,2021-04-05,2,1.0,1.0,0.0,1.0,-1открытие в верхней трети|-1вт пробил лой пн,-1,-1,0
SOLUSDT,2021-04-12,6,1.0,0.0,0.0,0.0,"-1открытие в верхней трети|-1пн снял PWH|-1вт пробил лой пн|-1снят PWH, ниже открытия|-1хай пн устоял, ниже открытия|-1PWH снят, ср ниже PWH, хай устоял",-1,-1,-1
SOLUSDT,2021-04-19,5,1.0,1.0,0.0,1.0,"-1открытие в верхней трети|-1пн снял PWH|-1вт пробил лой пн|-1снят PWH, ниже открытия|-1PWH снят, ср ниже PWH, хай устоял",-1,-1,-1
SOLUSDT,2021-04-26,3,1.0,,0.0,1.0,"-1открытие в верхней трети|-1вт пробил лой пн|-1хай пн устоял, ниже открытия",-1,-1,-1
SOLUSDT,2021-05-03,2,0.0,,1.0,0.0,"-1вт пробил лой пн|-1хай пн устоял, ниже открытия",-1,-1,-1
SOLUSDT,2021-05-10,3,1.0,0.0,0.0,0.0,"+1пн снял PWL|+1вт инсайд пн|+1PWL снят, ср выше PWL, лой устоял",1,1,1
SOLUSDT,2021-05-17,2,0.0,1.0,1.0,0.0,"-1прошлая «обе сняты»|-1PWH снят, ср ниже PWH, хай устоял",-1,-1,-1
SOLUSDT,2021-05-24,2,0.0,,1.0,1.0,"+1открытие в нижней трети|+1лой пн устоял, выше открытия",1,1,1
SOLUSDT,2021-05-31,2,1.0,,0.0,1.0,"+1открытие в нижней трети|+1лой пн устоял, выше открытия",1,1,1
SOLUSDT,2021-06-07,6,0.0,0.0,1.0,1.0,"-1открытие в верхней трети|-1пн снял PWH|-1вт пробил лой пн|-1снят PWH, ниже открытия|-1хай пн устоял, ниже открытия|-1PWH снят, ср ниже PWH, хай устоял",-1,-1,-1
SOLUSDT,2021-06-14,1,0.0,0.0,1.0,0.0,"+1лой пн устоял, выше открытия",1,1,1
SOLUSDT,2021-06-21,3,1.0,,1.0,1.0,"+1пн снял PWL|-1вт пробил лой пн|-1хай пн устоял, ниже открытия",-1,-1,-1
SOLUSDT,2021-06-28,4,0.0,,1.0,1.0,"-1открытие в верхней трети|-1пн внутри, вт снял PWH и вернулся|+1лой пн устоял, выше открытия|-1PWH снят, ср обновила хай, закрылась ниже PWH",-1,-1,-1
SOLUSDT,2021-07-05,1,0.0,0.0,1.0,0.0,"+1лой пн устоял, выше открытия",1,1,1
SOLUSDT,2021-07-12,5,0.0,0.0,1.0,0.0,"+1открытие в нижней трети|+1пн снял PWL|-1вт пробил лой пн|-1хай пн устоял, ниже открытия|+1PWL снят, ср обновила лой, закрылась выше PWL",1,1,1
SOLUSDT,2021-07-19,4,1.0,1.0,0.0,1.0,"+1открытие в нижней трети|+1пн снял PWL|-1вт пробил лой пн|+1PWL снят, ср выше PWL, лой устоял",1,1,1
SOLUSDT,2021-07-26,6,1.0,1.0,0.0,1.0,"-1открытие в верхней трети|-1пн снял PWH|-1вт пробил лой пн|-1снят PWH, ниже открытия|-1хай пн устоял, ниже открытия|-1PWH снят, ср ниже PWH, хай устоял",-1,-1,-1
SOLUSDT,2021-08-02,2,1.0,1.0,0.0,1.0,-1открытие в верхней трети|-1вт пробил лой пн,-1,-1,0
SOLUSDT,2021-08-09,1,1.0,1.0,0.0,1.0,"+1лой пн устоял, выше открытия",1,1,1
SOLUSDT,2021-08-16,3,1.0,0.0,0.0,1.0,"-1открытие в верхней трети|-1пн снял PWH|+1лой пн устоял, выше открытия",-1,1,1
SOLUSDT,2021-08-23,2,1.0,1.0,0.0,1.0,-1открытие в верхней трети|-1вт пробил лой пн,-1,-1,0
SOLUSDT,2021-08-30,3,1.0,1.0,0.0,1.0,"-1открытие в верхней трети|-1пн снял PWH|+1лой пн устоял, выше открытия",-1,1,1
SOLUSDT,2021-09-06,3,0.0,1.0,0.0,1.0,-1открытие в верхней трети|-1пн снял PWH|-1вт пробил лой пн,-1,-1,0
SOLUSDT,2021-09-13,2,0.0,,1.0,0.0,"-1вт пробил лой пн|-1хай пн устоял, ниже открытия",-1,-1,-1
SOLUSDT,2021-09-20,4,0.0,,1.0,1.0,"+1пн снял PWL|-1вт пробил лой пн|-1хай пн устоял, ниже открытия|+1PWL снят, ср выше PWL, лой устоял",0,1,1
SOLUSDT,2021-09-27,2,1.0,1.0,0.0,1.0,"-1вт пробил лой пн|-1хай пн устоял, ниже открытия",-1,-1,-1
SOLUSDT,2021-10-04,3,0.0,,1.0,0.0,"-1открытие в верхней трети|-1вт пробил лой пн|-1хай пн устоял, ниже открытия",-1,-1,-1
SOLUSDT,2021-10-11,4,1.0,1.0,0.0,1.0,"+1открытие в нижней трети|+1пн снял PWL|-1вт пробил лой пн|+1PWL снят, ср выше PWL, лой устоял",1,1,1
SOLUSDT,2021-10-18,2,1.0,1.0,0.0,1.0,-1открытие в верхней трети|-1вт пробил лой пн,-1,-1,0
SOLUSDT,2021-10-25,6,1.0,1.0,1.0,1.0,"-1открытие в верхней трети|-1пн снял PWH|-1вт пробил лой пн|-1снят PWH, ниже открытия|-1хай пн устоял, ниже открытия|-1PWH снят, ср ниже PWH, хай устоял",-1,-1,-1
SOLUSDT,2021-11-01,1,1.0,,0.0,1.0,"+1лой пн устоял, выше открытия",1,1,1
SOLUSDT,2021-11-08,3,1.0,,1.0,1.0,"-1открытие в верхней трети|-1вт пробил лой пн|-1хай пн устоял, ниже открытия",-1,-1,-1
SOLUSDT,2021-11-15,4,1.0,0.0,1.0,0.0,"-1вт пробил лой пн|-1пн внутри, вт снял PWL и вернулся|-1хай пн устоял, ниже открытия|+1PWL снят, ср обновила лой, закрылась выше PWL",-1,1,1
SOLUSDT,2021-11-22,3,0.0,0.0,1.0,0.0,"-1открытие в верхней трети|-1вт пробил лой пн|-1хай пн устоял, ниже открытия",-1,-1,-1
SOLUSDT,2021-11-29,1,0.0,0.0,0.0,0.0,-1вт пробил лой пн,-1,-1,0
SOLUSDT,2021-12-06,1,0.0,0.0,1.0,0.0,-1прошлая «обе сняты»,-1,-1,0
SOLUSDT,2021-12-13,5,1.0,,0.0,1.0,"+1открытие в нижней трети|+1пн снял PWL|+1вт инсайд пн|+1лой пн устоял, выше открытия|+1PWL снят, ср выше PWL, лой устоял",1,1,1
SOLUSDT,2021-12-20,1,1.0,1.0,0.0,1.0,-1открытие в верхней трети,-1,-1,0
SOLUSDT,2021-12-27,6,1.0,,1.0,0.0,"-1открытие в верхней трети|-1пн снял PWH|-1вт пробил лой пн|-1снят PWH, ниже открытия|-1хай пн устоял, ниже открытия|-1PWH снят, ср ниже PWH, хай устоял",-1,-1,-1
SOLUSDT,2022-01-03,5,0.0,0.0,1.0,0.0,"-1прошлая «обе сняты»|+1открытие в нижней трети|+1пн снял PWL|-1вт пробил лой пн|-1хай пн устоял, ниже открытия",-1,-1,-1
SOLUSDT,2022-01-10,5,0.0,,0.0,1.0,"+1открытие в нижней трети|+1пн снял PWL|+1вт инсайд пн|+1лой пн устоял, выше открытия|+1PWL снят, ср выше PWL, лой устоял",1,1,1
SOLUSDT,2022-01-17,2,0.0,0.0,1.0,0.0,"-1вт пробил лой пн|-1хай пн устоял, ниже открытия",-1,-1,-1
SOLUSDT,2022-01-24,3,1.0,,1.0,1.0,"+1открытие в нижней трети|+1пн снял PWL|+1PWL снят, ср выше PWL, лой устоял",1,1,1
SOLUSDT,2022-01-31,2,1.0,1.0,0.0,1.0,"+1лой пн устоял, выше открытия|-1PWH снят, ср ниже PWH, хай устоял",0,-1,-1
SOLUSDT,2022-02-07,6,0.0,0.0,1.0,0.0,"-1открытие в верхней трети|-1пн снял PWH|-1вт пробил лой пн|-1снят PWH, ниже открытия|-1хай пн устоял, ниже открытия|-1PWH снят, ср ниже PWH, хай устоял",-1,-1,-1
SOLUSDT,2022-02-14,4,0.0,0.0,1.0,0.0,"+1открытие в нижней трети|+1пн снял PWL|+1лой пн устоял, выше открытия|+1PWL снят, ср выше PWL, лой устоял",1,1,1
SOLUSDT,2022-03-21,1,1.0,1.0,0.0,1.0,"+1лой пн устоял, выше открытия",1,1,1
SOLUSDT,2022-04-18,4,0.0,,1.0,1.0,"+1открытие в нижней трети|+1пн снял PWL|+1лой пн устоял, выше открытия|+1PWL снят, ср выше PWL, лой устоял",1,1,1
SOLUSDT,2022-04-25,3,0.0,0.0,1.0,0.0,"+1открытие в нижней трети|+1пн снял PWL|+1PWL снят, ср выше PWL, лой устоял",1,1,1
SOLUSDT,2022-05-02,1,0.0,0.0,0.0,0.0,-1вт пробил лой пн,-1,-1,0
SOLUSDT,2022-05-09,4,1.0,0.0,1.0,0.0,"+1открытие в нижней трети|+1пн снял PWL|-1вт пробил лой пн|-1хай пн устоял, ниже открытия",0,-1,-1
SOLUSDT,2022-05-16,2,1.0,,1.0,0.0,"+1вт инсайд пн|-1хай пн устоял, ниже открытия",0,-1,-1
SOLUSDT,2022-05-23,4,0.0,,1.0,0.0,"-1вт пробил лой пн|-1пн внутри, вт снял PWL и вернулся|-1хай пн устоял, ниже открытия|+1PWL снят, ср выше PWL, лой устоял",-1,1,1
SOLUSDT,2022-05-30,2,0.0,,1.0,0.0,"+1вт инсайд пн|-1хай пн устоял, ниже открытия",0,-1,-1
SOLUSDT,2022-06-06,2,0.0,0.0,1.0,0.0,+1открытие в нижней трети|-1вт пробил лой пн,0,-1,0
SOLUSDT,2022-06-13,4,0.0,0.0,0.0,1.0,"+1открытие в нижней трети|+1пн снял PWL|-1вт пробил лой пн|+1PWL снят, ср выше PWL, лой устоял",1,1,1
SOLUSDT,2022-06-20,3,1.0,1.0,0.0,1.0,"-1открытие в верхней трети|-1пн снял PWH|-1PWH снят, ср ниже PWH, хай устоял",-1,-1,-1
SOLUSDT,2022-06-27,3,0.0,,1.0,0.0,"-1открытие в верхней трети|-1вт пробил лой пн|-1хай пн устоял, ниже открытия",-1,-1,-1
SOLUSDT,2022-07-04,2,0.0,,0.0,1.0,"+1открытие в нижней трети|+1лой пн устоял, выше открытия",1,1,1
SOLUSDT,2022-07-11,2,1.0,1.0,0.0,1.0,"-1вт пробил лой пн|-1хай пн устоял, ниже открытия",-1,-1,-1
SOLUSDT,2022-07-18,4,0.0,0.0,1.0,1.0,"-1прошлая «обе сняты»|-1открытие в верхней трети|-1пн снял PWH|+1лой пн устоял, выше открытия",-1,1,1
SOLUSDT,2022-07-25,5,1.0,1.0,0.0,1.0,"+1открытие в нижней трети|+1пн снял PWL|-1вт пробил лой пн|-1хай пн устоял, ниже открытия|+1PWL снят, ср выше PWL, лой устоял",1,1,1
SOLUSDT,2022-08-01,2,1.0,,1.0,1.0,"-1вт пробил лой пн|-1хай пн устоял, ниже открытия",-1,-1,-1
SOLUSDT,2022-08-08,4,1.0,1.0,0.0,1.0,"-1пн снял PWH|-1вт пробил лой пн|-1снят PWH, ниже открытия|-1PWH снят, ср ниже PWH, хай устоял",-1,-1,-1
SOLUSDT,2022-08-15,2,0.0,0.0,1.0,0.0,"-1вт пробил лой пн|-1хай пн устоял, ниже открытия",-1,-1,-1
SOLUSDT,2022-08-22,5,0.0,0.0,1.0,0.0,"+1открытие в нижней трети|+1пн снял PWL|+1вт инсайд пн|-1хай пн устоял, ниже открытия|+1PWL снят, ср выше PWL, лой устоял",1,1,1
SOLUSDT,2022-08-29,4,1.0,,1.0,1.0,"+1открытие в нижней трети|+1пн снял PWL|+1лой пн устоял, выше открытия|+1PWL снят, ср выше PWL, лой устоял",1,1,1
SOLUSDT,2022-09-05,5,1.0,1.0,0.0,1.0,"-1открытие в верхней трети|-1вт пробил лой пн|-1снят PWH, ниже открытия|-1пн внутри, вт снял PWH и вернулся|-1PWH снят, ср ниже PWH, хай устоял",-1,-1,-1
SOLUSDT,2022-09-12,5,0.0,0.0,1.0,0.0,"-1открытие в верхней трети|-1пн снял PWH|-1вт пробил лой пн|-1снят PWH, ниже открытия|-1PWH снят, ср ниже PWH, хай устоял",-1,-1,-1
SOLUSDT,2022-09-19,3,1.0,1.0,0.0,1.0,+1открытие в нижней трети|+1пн снял PWL|+1вт инсайд пн,1,1,0
SOLUSDT,2022-09-26,2,0.0,,1.0,1.0,"-1пн внутри, вт снял PWH и вернулся|-1PWH снят, ср ниже PWH, хай устоял",-1,-1,-1
SOLUSDT,2022-10-03,2,0.0,,0.0,1.0,"+1открытие в нижней трети|+1лой пн устоял, выше открытия",1,1,1
SOLUSDT,2022-10-10,2,0.0,0.0,1.0,0.0,"-1вт пробил лой пн|-1хай пн устоял, ниже открытия",-1,-1,-1
SOLUSDT,2022-10-17,1,1.0,0.0,1.0,0.0,-1вт пробил лой пн,-1,-1,0
SOLUSDT,2022-10-24,3,1.0,1.0,0.0,1.0,"-1вт пробил лой пн|-1пн внутри, вт снял PWH и вернулся|-1PWH снят, ср ниже PWH, хай устоял",-1,-1,-1
SOLUSDT,2022-10-31,6,1.0,1.0,0.0,1.0,"-1открытие в верхней трети|-1пн снял PWH|-1вт пробил лой пн|-1снят PWH, ниже открытия|-1хай пн устоял, ниже открытия|-1PWH снят, ср ниже PWH, хай устоял",-1,-1,-1
SOLUSDT,2022-11-07,4,1.0,1.0,1.0,1.0,"+1открытие в нижней трети|+1пн снял PWL|-1вт пробил лой пн|-1хай пн устоял, ниже открытия",0,-1,-1
SOLUSDT,2022-11-14,3,0.0,,1.0,1.0,"+1открытие в нижней трети|+1вт инсайд пн|+1лой пн устоял, выше открытия",1,1,1
SOLUSDT,2022-11-21,4,0.0,,0.0,1.0,"+1открытие в нижней трети|+1пн снял PWL|-1вт пробил лой пн|+1PWL снят, ср выше PWL, лой устоял",1,1,1
SOLUSDT,2022-11-28,3,0.0,,1.0,1.0,"-1открытие в верхней трети|+1вт инсайд пн|+1лой пн устоял, выше открытия",1,1,1
SOLUSDT,2022-12-05,2,0.0,,1.0,0.0,"-1пн внутри, вт снял PWH и вернулся|-1PWH снят, ср ниже PWH, хай устоял",-1,-1,-1
SOLUSDT,2022-12-12,3,0.0,0.0,1.0,0.0,"+1открытие в нижней трети|+1пн снял PWL|+1PWL снят, ср выше PWL, лой устоял",1,1,1
SOLUSDT,2022-12-19,5,0.0,0.0,1.0,0.0,"+1открытие в нижней трети|+1пн снял PWL|+1вт инсайд пн|-1хай пн устоял, ниже открытия|+1PWL снят, ср выше PWL, лой устоял",1,1,1
SOLUSDT,2022-12-26,4,1.0,0.0,1.0,0.0,"+1открытие в нижней трети|-1вт пробил лой пн|-1пн внутри, вт снял PWL и вернулся|-1хай пн устоял, ниже открытия",-1,-1,-1
SOLUSDT,2023-01-02,2,1.0,1.0,0.0,1.0,"-1пн снял PWH|+1лой пн устоял, выше открытия",0,1,1
SOLUSDT,2023-01-09,4,1.0,1.0,0.0,1.0,"-1открытие в верхней трети|-1пн снял PWH|+1вт инсайд пн|+1лой пн устоял, выше открытия",0,1,1
SOLUSDT,2023-01-16,3,1.0,1.0,0.0,1.0,"-1открытие в верхней трети|+1вт инсайд пн|-1хай пн устоял, ниже открытия",-1,-1,-1
SOLUSDT,2023-01-23,1,1.0,,0.0,1.0,-1вт пробил лой пн,-1,-1,0
SOLUSDT,2023-01-30,3,0.0,,1.0,1.0,"-1открытие в верхней трети|+1вт инсайд пн|-1хай пн устоял, ниже открытия",-1,-1,-1
SOLUSDT,2023-02-06,1,0.0,0.0,1.0,0.0,+1открытие в нижней трети,1,1,0
SOLUSDT,2023-02-13,1,1.0,0.0,0.0,1.0,"+1лой пн устоял, выше открытия",1,1,1
SOLUSDT,2023-02-20,5,0.0,0.0,1.0,0.0,"-1открытие в верхней трети|-1пн снял PWH|+1вт инсайд пн|-1хай пн устоял, ниже открытия|-1PWH снят, ср ниже PWH, хай устоял",-1,-1,-1
SOLUSDT,2023-02-27,3,0.0,0.0,1.0,0.0,"+1открытие в нижней трети|-1вт пробил лой пн|-1хай пн устоял, ниже открытия",-1,-1,-1
SOLUSDT,2023-03-06,4,1.0,0.0,1.0,0.0,"+1открытие в нижней трети|-1вт пробил лой пн|-1пн внутри, вт снял PWL и вернулся|-1хай пн устоял, ниже открытия",-1,-1,-1
SOLUSDT,2023-03-13,3,1.0,1.0,0.0,1.0,"-1открытие в верхней трети|-1пн снял PWH|-1PWH снят, ср ниже PWH, хай устоял",-1,-1,-1
SOLUSDT,2023-03-20,5,0.0,,1.0,0.0,"-1открытие в верхней трети|-1пн снял PWH|+1вт инсайд пн|-1хай пн устоял, ниже открытия|-1PWH снят, ср ниже PWH, хай устоял",-1,-1,-1
SOLUSDT,2023-03-27,5,0.0,,0.0,1.0,"+1открытие в нижней трети|+1пн снял PWL|+1вт инсайд пн|+1лой пн устоял, выше открытия|+1PWL снят, ср выше PWL, лой устоял",1,1,1
SOLUSDT,2023-04-03,1,0.0,,1.0,0.0,"+1лой пн устоял, выше открытия",1,1,1
SOLUSDT,2023-04-10,2,1.0,1.0,0.0,1.0,"+1открытие в нижней трети|+1лой пн устоял, выше открытия",1,1,1
SOLUSDT,2023-04-17,6,0.0,0.0,1.0,0.0,"-1открытие в верхней трети|-1пн снял PWH|-1вт пробил лой пн|-1снят PWH, ниже открытия|-1хай пн устоял, ниже открытия|-1PWH снят, ср ниже PWH, хай устоял",-1,-1,-1
SOLUSDT,2023-04-24,4,1.0,1.0,0.0,1.0,"+1открытие в нижней трети|-1вт пробил лой пн|-1пн внутри, вт снял PWL и вернулся|+1PWL снят, ср обновила лой, закрылась выше PWL",0,1,1
SOLUSDT,2023-05-01,2,0.0,,0.0,1.0,"+1вт инсайд пн|-1хай пн устоял, ниже открытия",0,-1,-1
SOLUSDT,2023-05-08,4,1.0,,1.0,1.0,"+1открытие в нижней трети|+1пн снял PWL|+1вт инсайд пн|-1хай пн устоял, ниже открытия",1,-1,-1
SOLUSDT,2023-05-15,1,0.0,0.0,1.0,0.0,-1вт пробил лой пн,-1,-1,0
SOLUSDT,2023-05-22,2,1.0,1.0,0.0,1.0,+1открытие в нижней трети|+1пн снял PWL,1,1,0
SOLUSDT,2023-05-29,3,1.0,1.0,0.0,1.0,"-1открытие в верхней трети|+1лой пн устоял, выше открытия|-1PWH снят, ср ниже PWH, хай устоял",-1,-1,-1
SOLUSDT,2023-06-05,4,0.0,0.0,1.0,0.0,"-1открытие в верхней трети|+1пн снял PWL|+1вт инсайд пн|-1хай пн устоял, ниже открытия",0,-1,-1
SOLUSDT,2023-06-12,1,1.0,1.0,0.0,1.0,+1открытие в нижней трети,1,1,0
SOLUSDT,2023-06-19,1,0.0,,0.0,1.0,"+1лой пн устоял, выше открытия",1,1,1
SOLUSDT,2023-06-26,3,1.0,1.0,0.0,1.0,"-1открытие в верхней трети|+1вт инсайд пн|-1хай пн устоял, ниже открытия",-1,-1,-1
SOLUSDT,2023-07-03,1,1.0,1.0,0.0,1.0,-1открытие в верхней трети,-1,-1,0
SOLUSDT,2023-07-10,2,1.0,1.0,0.0,1.0,"-1открытие в верхней трети|+1лой пн устоял, выше открытия",0,1,1
SOLUSDT,2023-07-17,2,0.0,,1.0,0.0,"-1вт пробил лой пн|-1хай пн устоял, ниже открытия",-1,-1,-1
SOLUSDT,2023-07-24,4,0.0,,1.0,1.0,"+1открытие в нижней трети|+1пн снял PWL|-1вт пробил лой пн|+1PWL снят, ср выше PWL, лой устоял",1,1,1
SOLUSDT,2023-07-31,4,1.0,,1.0,0.0,"-1вт пробил лой пн|-1пн внутри, вт снял PWL и вернулся|-1хай пн устоял, ниже открытия|+1PWL снят, ср выше PWL, лой устоял",-1,1,1
SOLUSDT,2023-08-07,3,0.0,,0.0,1.0,"-1пн внутри, вт снял PWH и вернулся|+1лой пн устоял, выше открытия|-1PWH снят, ср обновила хай, закрылась ниже PWH",-1,-1,-1
SOLUSDT,2023-08-14,4,0.0,0.0,1.0,0.0,"-1вт пробил лой пн|-1снят PWH, ниже открытия|-1пн внутри, вт снял PWH и вернулся|-1PWH снят, ср ниже PWH, хай устоял",-1,-1,-1
SOLUSDT,2023-08-21,3,0.0,0.0,0.0,1.0,"-1вт пробил лой пн|-1пн внутри, вт снял PWL и вернулся|+1PWL снят, ср выше PWL, лой устоял",-1,1,1
SOLUSDT,2023-08-28,3,0.0,0.0,1.0,0.0,"-1пн внутри, вт снял PWH и вернулся|+1лой пн устоял, выше открытия|-1PWH снят, ср ниже PWH, хай устоял",-1,-1,-1
SOLUSDT,2023-09-04,3,0.0,0.0,1.0,0.0,-1прошлая «обе сняты»|+1открытие в нижней трети|-1вт пробил лой пн,-1,-1,0
SOLUSDT,2023-09-11,4,1.0,1.0,0.0,1.0,"+1открытие в нижней трети|+1пн снял PWL|+1лой пн устоял, выше открытия|+1PWL снят, ср выше PWL, лой устоял",1,1,1
SOLUSDT,2023-09-18,3,0.0,0.0,1.0,1.0,"-1открытие в верхней трети|-1пн снял PWH|+1лой пн устоял, выше открытия",-1,1,1
SOLUSDT,2023-09-25,2,1.0,1.0,0.0,1.0,"-1вт пробил лой пн|-1хай пн устоял, ниже открытия",-1,-1,-1
SOLUSDT,2023-10-02,6,1.0,1.0,1.0,0.0,"-1открытие в верхней трети|-1пн снял PWH|+1вт инсайд пн|-1снят PWH, ниже открытия|-1хай пн устоял, ниже открытия|-1PWH снят, ср ниже PWH, хай устоял",-1,-1,-1
SOLUSDT,2023-10-09,4,0.0,,1.0,0.0,"+1открытие в нижней трети|+1пн снял PWL|+1вт инсайд пн|-1хай пн устоял, ниже открытия",1,-1,-1
SOLUSDT,2023-10-16,3,1.0,1.0,0.0,1.0,"-1пн снял PWH|+1вт инсайд пн|+1лой пн устоял, выше открытия",1,1,1
SOLUSDT,2023-10-23,4,1.0,0.0,1.0,1.0,"-1открытие в верхней трети|-1пн снял PWH|+1вт инсайд пн|+1лой пн устоял, выше открытия",0,1,1
SOLUSDT,2023-10-30,3,0.0,1.0,1.0,1.0,"-1открытие в верхней трети|-1пн снял PWH|+1лой пн устоял, выше открытия",-1,1,1
SOLUSDT,2023-11-06,1,1.0,1.0,0.0,1.0,"+1лой пн устоял, выше открытия",1,1,1
SOLUSDT,2023-11-13,2,0.0,0.0,0.0,1.0,-1открытие в верхней трети|-1вт пробил лой пн,-1,-1,0
SOLUSDT,2023-11-20,2,1.0,,1.0,1.0,"-1вт пробил лой пн|-1хай пн устоял, ниже открытия",-1,-1,-1
SOLUSDT,2023-11-27,1,1.0,1.0,0.0,1.0,"+1лой пн устоял, выше открытия",1,1,1
SOLUSDT,2023-12-04,2,1.0,1.0,0.0,1.0,-1открытие в верхней трети|+1вт инсайд пн,0,1,0
SOLUSDT,2023-12-11,3,1.0,1.0,0.0,1.0,"-1открытие в верхней трети|+1вт инсайд пн|-1хай пн устоял, ниже открытия",-1,-1,-1
SOLUSDT,2023-12-18,1,1.0,1.0,0.0,1.0,"+1лой пн устоял, выше открытия",1,1,1
SOLUSDT,2023-12-25,6,0.0,0.0,1.0,0.0,"-1открытие в верхней трети|-1пн снял PWH|-1вт пробил лой пн|-1снят PWH, ниже открытия|-1хай пн устоял, ниже открытия|-1PWH снят, ср ниже PWH, хай устоял",-1,-1,-1
SOLUSDT,2024-01-01,1,0.0,,1.0,1.0,+1открытие в нижней трети,1,1,0
SOLUSDT,2024-01-08,2,0.0,0.0,1.0,1.0,"+1открытие в нижней трети|+1лой пн устоял, выше открытия",1,1,1
SOLUSDT,2024-01-15,1,0.0,0.0,0.0,0.0,"+1лой пн устоял, выше открытия",1,1,1
SOLUSDT,2024-01-22,5,1.0,1.0,0.0,1.0,"+1открытие в нижней трети|+1пн снял PWL|-1вт пробил лой пн|-1хай пн устоял, ниже открытия|+1PWL снят, ср выше PWL, лой устоял",1,1,1
SOLUSDT,2024-01-29,4,0.0,,1.0,0.0,"-1открытие в верхней трети|-1пн снял PWH|+1лой пн устоял, выше открытия|-1PWH снят, ср ниже PWH, хай устоял",-1,-1,-1
SOLUSDT,2024-02-05,2,1.0,1.0,0.0,1.0,+1открытие в нижней трети|-1вт пробил лой пн,0,-1,0
SOLUSDT,2024-02-12,3,0.0,0.0,1.0,1.0,"-1открытие в верхней трети|-1пн снял PWH|+1лой пн устоял, выше открытия",-1,1,1
SOLUSDT,2024-02-19,4,0.0,0.0,1.0,0.0,"-1вт пробил лой пн|-1пн внутри, вт снял PWL и вернулся|-1хай пн устоял, ниже открытия|+1PWL снят, ср обновила лой, закрылась выше PWL",-1,1,1
SOLUSDT,2024-02-26,2,1.0,1.0,0.0,1.0,"+1открытие в нижней трети|+1лой пн устоял, выше открытия",1,1,1
SOLUSDT,2024-03-04,5,1.0,1.0,0.0,1.0,"-1открытие в верхней трети|-1вт пробил лой пн|-1снят PWH, ниже открытия|-1пн внутри, вт снял PWH и вернулся|-1PWH снят, ср ниже PWH, хай устоял",-1,-1,-1
SOLUSDT,2024-03-11,3,1.0,1.0,0.0,1.0,"-1открытие в верхней трети|-1пн внутри, вт снял PWH и вернулся|+1лой пн устоял, выше открытия",-1,1,1
SOLUSDT,2024-03-18,6,0.0,0.0,1.0,1.0,"-1открытие в верхней трети|-1пн снял PWH|-1вт пробил лой пн|-1снят PWH, ниже открытия|-1хай пн устоял, ниже открытия|-1PWH снят, ср ниже PWH, хай устоял",-1,-1,-1
SOLUSDT,2024-03-25,0,1.0,,0.0,1.0,,0,0,0
SOLUSDT,2024-04-01,4,0.0,0.0,1.0,0.0,"-1открытие в верхней трети|-1пн снял PWH|-1вт пробил лой пн|-1хай пн устоял, ниже открытия",-1,-1,-1
SOLUSDT,2024-04-08,3,0.0,0.0,1.0,0.0,"+1открытие в нижней трети|-1вт пробил лой пн|-1хай пн устоял, ниже открытия",-1,-1,-1
SOLUSDT,2024-04-15,2,1.0,1.0,1.0,1.0,"-1вт пробил лой пн|-1хай пн устоял, ниже открытия",-1,-1,-1
SOLUSDT,2024-04-22,3,0.0,,1.0,0.0,"-1открытие в верхней трети|-1пн снял PWH|-1PWH снят, ср ниже PWH, хай устоял",-1,-1,-1
SOLUSDT,2024-04-29,3,1.0,1.0,0.0,1.0,"+1открытие в нижней трети|-1вт пробил лой пн|+1PWL снят, ср обновила лой, закрылась выше PWL",1,1,1
SOLUSDT,2024-05-06,3,1.0,1.0,1.0,1.0,"-1открытие в верхней трети|-1пн снял PWH|-1PWH снят, ср ниже PWH, хай устоял",-1,-1,-1
SOLUSDT,2024-05-13,5,1.0,1.0,0.0,1.0,"+1открытие в нижней трети|+1пн снял PWL|+1вт инсайд пн|+1лой пн устоял, выше открытия|+1PWL снят, ср выше PWL, лой устоял",1,1,1
SOLUSDT,2024-05-20,3,0.0,0.0,1.0,0.0,"-1открытие в верхней трети|-1пн снял PWH|+1лой пн устоял, выше открытия",-1,1,1
SOLUSDT,2024-05-27,2,0.0,,1.0,0.0,"+1открытие в нижней трети|+1лой пн устоял, выше открытия",1,1,1
SOLUSDT,2024-06-03,2,0.0,0.0,1.0,0.0,"+1открытие в нижней трети|+1лой пн устоял, выше открытия",1,1,1
SOLUSDT,2024-06-10,4,0.0,0.0,1.0,0.0,"-1прошлая «обе сняты»|-1вт пробил лой пн|-1хай пн устоял, ниже открытия|+1PWL снят, ср выше PWL, лой устоял",-1,1,1
SOLUSDT,2024-06-17,2,0.0,,1.0,1.0,"-1вт пробил лой пн|-1хай пн устоял, ниже открытия",-1,-1,-1
SOLUSDT,2024-06-24,4,1.0,1.0,0.0,1.0,"+1открытие в нижней трети|+1пн снял PWL|+1лой пн устоял, выше открытия|+1PWL снят, ср выше PWL, лой устоял",1,1,1
SOLUSDT,2024-07-01,2,0.0,0.0,1.0,0.0,"-1открытие в верхней трети|-1PWH снят, ср ниже PWH, хай устоял",-1,-1,-1
SOLUSDT,2024-07-08,3,1.0,,0.0,1.0,"-1прошлая «обе сняты»|+1открытие в нижней трети|+1лой пн устоял, выше открытия",1,1,1
SOLUSDT,2024-07-15,3,1.0,1.0,0.0,1.0,"-1открытие в верхней трети|-1пн снял PWH|+1лой пн устоял, выше открытия",-1,1,1
SOLUSDT,2024-07-22,3,1.0,0.0,0.0,0.0,"-1открытие в верхней трети|-1вт пробил лой пн|-1хай пн устоял, ниже открытия",-1,-1,-1
SOLUSDT,2024-07-29,6,0.0,0.0,1.0,0.0,"-1открытие в верхней трети|-1пн снял PWH|-1вт пробил лой пн|-1снят PWH, ниже открытия|-1хай пн устоял, ниже открытия|-1PWH снят, ср ниже PWH, хай устоял",-1,-1,-1
SOLUSDT,2024-08-05,4,0.0,1.0,0.0,1.0,"+1открытие в нижней трети|+1пн снял PWL|+1лой пн устоял, выше открытия|+1PWL снят, ср выше PWL, лой устоял",1,1,1
SOLUSDT,2024-08-12,2,0.0,,1.0,0.0,"+1вт инсайд пн|+1лой пн устоял, выше открытия",1,1,1
SOLUSDT,2024-08-19,0,1.0,1.0,0.0,1.0,,0,0,0
SOLUSDT,2024-08-26,3,0.0,0.0,1.0,0.0,"-1открытие в верхней трети|-1вт пробил лой пн|-1хай пн устоял, ниже открытия",-1,-1,-1
SOLUSDT,2024-09-02,3,0.0,0.0,1.0,0.0,"+1открытие в нижней трети|+1пн снял PWL|+1PWL снят, ср обновила лой, закрылась выше PWL",1,1,1
SOLUSDT,2024-09-09,3,0.0,,0.0,1.0,"-1пн внутри, вт снял PWH и вернулся|+1лой пн устоял, выше открытия|-1PWH снят, ср ниже PWH, хай устоял",-1,-1,-1
SOLUSDT,2024-09-16,0,1.0,1.0,0.0,1.0,,0,0,0
SOLUSDT,2024-09-23,3,1.0,1.0,0.0,1.0,"-1открытие в верхней трети|+1лой пн устоял, выше открытия|-1PWH снят, ср ниже PWH, хай устоял",-1,-1,-1
SOLUSDT,2024-09-30,3,1.0,,1.0,0.0,"-1открытие в верхней трети|-1вт пробил лой пн|-1хай пн устоял, ниже открытия",-1,-1,-1
SOLUSDT,2024-10-07,2,1.0,1.0,1.0,0.0,"-1вт пробил лой пн|-1хай пн устоял, ниже открытия",-1,-1,-1
SOLUSDT,2024-10-14,3,1.0,1.0,0.0,1.0,"-1открытие в верхней трети|-1пн снял PWH|+1лой пн устоял, выше открытия",-1,1,1
SOLUSDT,2024-10-21,4,1.0,1.0,0.0,0.0,"-1открытие в верхней трети|-1пн снял PWH|+1вт инсайд пн|+1лой пн устоял, выше открытия",0,1,1
SOLUSDT,2024-10-28,3,0.0,0.0,1.0,0.0,"-1открытие в верхней трети|-1пн снял PWH|-1PWH снят, ср ниже PWH, хай устоял",-1,-1,-1
SOLUSDT,2024-11-04,5,1.0,1.0,0.0,1.0,"-1прошлая «обе сняты»|+1открытие в нижней трети|+1пн снял PWL|+1лой пн устоял, выше открытия|+1PWL снят, ср выше PWL, лой устоял",1,1,1
SOLUSDT,2024-11-11,3,1.0,1.0,0.0,1.0,"-1открытие в верхней трети|-1пн снял PWH|-1PWH снят, ср ниже PWH, хай устоял",-1,-1,-1
SOLUSDT,2024-11-18,5,1.0,1.0,0.0,0.0,"-1открытие в верхней трети|-1пн снял PWH|-1вт пробил лой пн|-1хай пн устоял, ниже открытия|-1PWH снят, ср ниже PWH, хай устоял",-1,-1,-1
SOLUSDT,2024-11-25,5,0.0,,1.0,1.0,"-1открытие в верхней трети|-1вт пробил лой пн|-1пн внутри, вт снял PWL и вернулся|-1хай пн устоял, ниже открытия|+1PWL снят, ср выше PWL, лой устоял",-1,1,1
SOLUSDT,2024-12-02,3,1.0,1.0,0.0,1.0,"+1пн снял PWL|-1вт пробил лой пн|+1PWL снят, ср выше PWL, лой устоял",1,1,1
SOLUSDT,2024-12-09,5,0.0,,1.0,1.0,"-1открытие в верхней трети|+1пн снял PWL|+1вт инсайд пн|-1хай пн устоял, ниже открытия|+1PWL снят, ср выше PWL, лой устоял",1,1,1
SOLUSDT,2024-12-16,1,0.0,0.0,1.0,0.0,-1вт пробил лой пн,-1,-1,0
SOLUSDT,2024-12-23,2,0.0,,1.0,1.0,"+1открытие в нижней трети|+1лой пн устоял, выше открытия",1,1,1
SOLUSDT,2024-12-30,1,1.0,1.0,0.0,1.0,"+1лой пн устоял, выше открытия",1,1,1
SOLUSDT,2025-01-06,6,0.0,0.0,1.0,0.0,"-1открытие в верхней трети|-1пн снял PWH|-1вт пробил лой пн|-1снят PWH, ниже открытия|-1хай пн устоял, ниже открытия|-1PWH снят, ср ниже PWH, хай устоял",-1,-1,-1
SOLUSDT,2025-01-13,6,1.0,1.0,0.0,1.0,"-1прошлая «обе сняты»|+1открытие в нижней трети|+1пн снял PWL|+1вт инсайд пн|+1лой пн устоял, выше открытия|+1PWL снят, ср выше PWL, лой устоял",1,1,1
SOLUSDT,2025-01-20,2,0.0,,1.0,1.0,"+1вт инсайд пн|+1лой пн устоял, выше открытия",1,1,1
SOLUSDT,2025-01-27,2,0.0,0.0,0.0,0.0,+1открытие в нижней трети|+1пн снял PWL,1,1,0
SOLUSDT,2025-02-03,3,1.0,,1.0,1.0,"+1открытие в нижней трети|+1пн снял PWL|+1PWL снят, ср выше PWL, лой устоял",1,1,1
SOLUSDT,2025-02-10,2,0.0,,1.0,0.0,"-1вт пробил лой пн|-1хай пн устоял, ниже открытия",-1,-1,-1
SOLUSDT,2025-02-17,4,0.0,,1.0,1.0,"+1открытие в нижней трети|+1пн снял PWL|-1вт пробил лой пн|-1хай пн устоял, ниже открытия",0,-1,-1
SOLUSDT,2025-02-24,4,1.0,1.0,0.0,0.0,"+1открытие в нижней трети|+1пн снял PWL|-1вт пробил лой пн|-1хай пн устоял, ниже открытия",0,-1,-1
SOLUSDT,2025-03-03,3,0.0,0.0,1.0,0.0,"-1открытие в верхней трети|-1вт пробил лой пн|-1хай пн устоял, ниже открытия",-1,-1,-1
SOLUSDT,2025-03-10,4,0.0,,0.0,1.0,"+1открытие в нижней трети|+1пн снял PWL|-1вт пробил лой пн|+1PWL снят, ср выше PWL, лой устоял",1,1,1
SOLUSDT,2025-03-17,1,0.0,,0.0,1.0,-1вт пробил лой пн,-1,-1,0
SOLUSDT,2025-03-24,3,0.0,0.0,1.0,0.0,"-1открытие в верхней трети|-1пн снял PWH|+1лой пн устоял, выше открытия",-1,1,1
SOLUSDT,2025-03-31,1,0.0,0.0,1.0,0.0,+1открытие в нижней трети,1,1,0
SOLUSDT,2025-04-07,5,1.0,0.0,0.0,1.0,"+1открытие в нижней трети|+1пн снял PWL|+1вт инсайд пн|+1лой пн устоял, выше открытия|+1PWL снят, ср выше PWL, лой устоял",1,1,1
SOLUSDT,2025-04-14,5,1.0,,0.0,1.0,"-1открытие в верхней трети|-1пн снял PWH|-1вт пробил лой пн|-1снят PWH, ниже открытия|-1PWH снят, ср ниже PWH, хай устоял",-1,-1,-1
SOLUSDT,2025-04-21,3,0.0,,0.0,1.0,"-1открытие в верхней трети|-1пн снял PWH|+1лой пн устоял, выше открытия",-1,1,1
SOLUSDT,2025-04-28,2,0.0,,0.0,1.0,"+1вт инсайд пн|-1хай пн устоял, ниже открытия",0,-1,-1
SOLUSDT,2025-05-05,2,1.0,1.0,0.0,1.0,+1открытие в нижней трети|-1вт пробил лой пн,0,-1,0
SOLUSDT,2025-05-12,4,0.0,0.0,1.0,0.0,"-1открытие в верхней трети|-1пн снял PWH|-1вт пробил лой пн|-1PWH снят, ср обновила хай, закрылась ниже PWH",-1,-1,-1
SOLUSDT,2025-05-19,4,1.0,1.0,0.0,1.0,"+1пн снял PWL|+1вт инсайд пн|+1лой пн устоял, выше открытия|+1PWL снят, ср выше PWL, лой устоял",1,1,1
SOLUSDT,2025-05-26,2,0.0,0.0,1.0,0.0,-1прошлая «обе сняты»|-1вт пробил лой пн,-1,-1,0
SOLUSDT,2025-06-02,1,0.0,0.0,1.0,0.0,+1открытие в нижней трети,1,1,0
SOLUSDT,2025-06-09,2,0.0,0.0,1.0,0.0,"+1лой пн устоял, выше открытия|-1PWH снят, ср обновила хай, закрылась ниже PWH",0,-1,-1
SOLUSDT,2025-06-16,3,0.0,0.0,1.0,0.0,"-1прошлая «обе сняты»|-1вт пробил лой пн|-1хай пн устоял, ниже открытия",-1,-1,-1
SOLUSDT,2025-06-23,3,1.0,1.0,0.0,1.0,"+1открытие в нижней трети|+1вт инсайд пн|+1лой пн устоял, выше открытия",1,1,1
SOLUSDT,2025-06-30,6,0.0,,1.0,1.0,"-1открытие в верхней трети|-1пн снял PWH|-1вт пробил лой пн|-1снят PWH, ниже открытия|-1хай пн устоял, ниже открытия|-1PWH снят, ср ниже PWH, хай устоял",-1,-1,-1
SOLUSDT,2025-07-07,2,1.0,1.0,0.0,1.0,"+1вт инсайд пн|+1лой пн устоял, выше открытия",1,1,1
SOLUSDT,2025-07-14,2,1.0,1.0,0.0,1.0,-1пн снял PWH|-1вт пробил лой пн,-1,-1,0
SOLUSDT,2025-07-21,3,0.0,0.0,1.0,0.0,"-1открытие в верхней трети|-1пн снял PWH|+1лой пн устоял, выше открытия",-1,1,1
SOLUSDT,2025-07-28,2,0.0,0.0,1.0,0.0,"-1вт пробил лой пн|-1хай пн устоял, ниже открытия",-1,-1,-1
SOLUSDT,2025-08-04,1,1.0,1.0,0.0,1.0,+1открытие в нижней трети,1,1,0
SOLUSDT,2025-08-11,3,0.0,0.0,0.0,1.0,"-1открытие в верхней трети|-1пн снял PWH|+1лой пн устоял, выше открытия",-1,1,1
SOLUSDT,2025-08-18,2,1.0,1.0,0.0,1.0,"-1вт пробил лой пн|-1хай пн устоял, ниже открытия",-1,-1,-1
SOLUSDT,2025-08-25,6,0.0,1.0,0.0,1.0,"-1открытие в верхней трети|-1пн снял PWH|+1вт инсайд пн|-1снят PWH, ниже открытия|-1хай пн устоял, ниже открытия|-1PWH снят, ср ниже PWH, хай устоял",-1,-1,-1
SOLUSDT,2025-09-01,1,0.0,,1.0,1.0,"+1лой пн устоял, выше открытия",1,1,1
SOLUSDT,2025-09-08,2,1.0,1.0,0.0,1.0,"-1пн снял PWH|+1лой пн устоял, выше открытия",0,1,1
SOLUSDT,2025-09-15,3,0.0,0.0,0.0,1.0,"-1открытие в верхней трети|+1вт инсайд пн|+1лой пн устоял, выше открытия",1,1,1
SOLUSDT,2025-09-22,4,0.0,0.0,1.0,0.0,"+1открытие в нижней трети|+1пн снял PWL|-1вт пробил лой пн|-1хай пн устоял, ниже открытия",0,-1,-1
SOLUSDT,2025-09-29,1,1.0,1.0,0.0,1.0,-1вт пробил лой пн,-1,-1,0
SOLUSDT,2025-10-06,5,0.0,0.0,1.0,0.0,"-1открытие в верхней трети|-1пн снял PWH|-1вт пробил лой пн|-1снят PWH, ниже открытия|-1PWH снят, ср ниже PWH, хай устоял",-1,-1,-1
SOLUSDT,2025-10-13,0,0.0,0.0,1.0,0.0,,0,0,0
SOLUSDT,2025-10-20,1,1.0,1.0,0.0,1.0,-1вт пробил лой пн,-1,-1,0
SOLUSDT,2025-10-27,6,0.0,0.0,1.0,0.0,"-1открытие в верхней трети|-1пн снял PWH|-1вт пробил лой пн|-1снят PWH, ниже открытия|-1хай пн устоял, ниже открытия|-1PWH снят, ср ниже PWH, хай устоял",-1,-1,-1
SOLUSDT,2025-11-03,3,1.0,0.0,1.0,1.0,"+1пн снял PWL|-1вт пробил лой пн|-1хай пн устоял, ниже открытия",-1,-1,-1
SOLUSDT,2025-11-10,1,0.0,0.0,1.0,0.0,-1вт пробил лой пн,-1,-1,0
SOLUSDT,2025-11-17,5,0.0,0.0,0.0,0.0,"+1открытие в нижней трети|+1пн снял PWL|+1вт инсайд пн|-1хай пн устоял, ниже открытия|+1PWL снят, ср выше PWL, лой устоял",1,1,1
SOLUSDT,2025-11-24,1,0.0,,1.0,1.0,"+1лой пн устоял, выше открытия",1,1,1
SOLUSDT,2025-12-01,4,0.0,0.0,0.0,1.0,"+1открытие в нижней трети|+1пн снял PWL|+1лой пн устоял, выше открытия|+1PWL снят, ср выше PWL, лой устоял",1,1,1
SOLUSDT,2025-12-08,2,0.0,0.0,1.0,0.0,"-1прошлая «обе сняты»|+1лой пн устоял, выше открытия",0,1,1
SOLUSDT,2025-12-15,4,1.0,,1.0,0.0,"+1открытие в нижней трети|+1пн снял PWL|+1вт инсайд пн|-1хай пн устоял, ниже открытия",1,-1,-1
SOLUSDT,2025-12-22,2,1.0,,1.0,0.0,"-1вт пробил лой пн|-1хай пн устоял, ниже открытия",-1,-1,-1
SOLUSDT,2025-12-29,5,1.0,1.0,0.0,1.0,"-1пн снял PWH|+1вт инсайд пн|-1снят PWH, ниже открытия|-1хай пн устоял, ниже открытия|-1PWH снят, ср ниже PWH, хай устоял",-1,-1,-1
SOLUSDT,2026-01-05,3,1.0,1.0,1.0,0.0,"-1открытие в верхней трети|-1пн снял PWH|+1лой пн устоял, выше открытия",-1,1,1
SOLUSDT,2026-01-12,2,0.0,0.0,1.0,0.0,-1пн снял PWH|-1вт пробил лой пн,-1,-1,0
SOLUSDT,2026-01-19,4,0.0,0.0,1.0,0.0,"+1открытие в нижней трети|+1пн снял PWL|-1вт пробил лой пн|-1хай пн устоял, ниже открытия",0,-1,-1
SOLUSDT,2026-01-26,2,0.0,0.0,1.0,0.0,"+1открытие в нижней трети|+1лой пн устоял, выше открытия",1,1,1
SOLUSDT,2026-02-02,3,0.0,0.0,1.0,0.0,"+1открытие в нижней трети|+1вт инсайд пн|-1хай пн устоял, ниже открытия",1,-1,-1
SOLUSDT,2026-02-09,2,1.0,1.0,0.0,0.0,"-1вт пробил лой пн|-1хай пн устоял, ниже открытия",-1,-1,-1
SOLUSDT,2026-02-16,0,1.0,,1.0,0.0,,0,0,0
SOLUSDT,2026-02-23,3,0.0,0.0,1.0,1.0,"+1пн снял PWL|-1вт пробил лой пн|+1PWL снят, ср выше PWL, лой устоял",1,1,1
SOLUSDT,2026-03-02,3,0.0,0.0,1.0,0.0,"-1прошлая «обе сняты»|+1вт инсайд пн|+1лой пн устоял, выше открытия",1,1,1
SOLUSDT,2026-03-09,2,1.0,1.0,0.0,1.0,"+1открытие в нижней трети|+1лой пн устоял, выше открытия",1,1,1
SOLUSDT,2026-03-16,5,0.0,,1.0,0.0,"-1открытие в верхней трети|-1пн снял PWH|+1вт инсайд пн|-1хай пн устоял, ниже открытия|-1PWH снят, ср ниже PWH, хай устоял",-1,-1,-1
SOLUSDT,2026-03-23,5,0.0,0.0,1.0,0.0,"+1открытие в нижней трети|+1пн снял PWL|+1вт инсайд пн|+1лой пн устоял, выше открытия|+1PWL снят, ср выше PWL, лой устоял",1,1,1
SOLUSDT,2026-03-30,2,1.0,,1.0,0.0,+1открытие в нижней трети|-1вт пробил лой пн,0,-1,0
SOLUSDT,2026-04-06,3,0.0,,1.0,1.0,"-1вт пробил лой пн|-1пн внутри, вт снял PWH и вернулся|-1PWH снят, ср ниже PWH, хай устоял",-1,-1,-1
SOLUSDT,2026-04-13,3,0.0,1.0,0.0,1.0,"-1пн внутри, вт снял PWH и вернулся|+1лой пн устоял, выше открытия|-1PWH снят, ср ниже PWH, хай устоял",-1,-1,-1
SOLUSDT,2026-04-20,2,1.0,,1.0,1.0,"+1открытие в нижней трети|+1лой пн устоял, выше открытия",1,1,1
SOLUSDT,2026-04-27,3,1.0,,1.0,1.0,"-1вт пробил лой пн|-1пн внутри, вт снял PWL и вернулся|-1хай пн устоял, ниже открытия",-1,-1,-1
SOLUSDT,2026-05-04,1,1.0,1.0,0.0,1.0,"+1лой пн устоял, выше открытия",1,1,1
SOLUSDT,2026-05-11,6,0.0,0.0,1.0,0.0,"-1открытие в верхней трети|-1пн снял PWH|-1вт пробил лой пн|-1снят PWH, ниже открытия|-1хай пн устоял, ниже открытия|-1PWH снят, ср ниже PWH, хай устоял",-1,-1,-1
SOLUSDT,2026-05-18,2,0.0,0.0,0.0,0.0,"+1открытие в нижней трети|+1лой пн устоял, выше открытия",1,1,1
SOLUSDT,2026-05-25,2,1.0,,1.0,0.0,"-1вт пробил лой пн|-1хай пн устоял, ниже открытия",-1,-1,-1
SOLUSDT,2026-06-01,3,0.0,0.0,1.0,0.0,"+1пн снял PWL|-1вт пробил лой пн|-1хай пн устоял, ниже открытия",-1,-1,-1
SOLUSDT,2026-06-08,3,1.0,1.0,0.0,1.0,"+1открытие в нижней трети|-1вт пробил лой пн|-1хай пн устоял, ниже открытия",-1,-1,-1
SOLUSDT,2026-06-15,4,1.0,,1.0,0.0,"-1открытие в верхней трети|-1пн снял PWH|+1вт инсайд пн|+1лой пн устоял, выше открытия",0,1,1
SOLUSDT,2026-06-22,2,1.0,0.0,1.0,0.0,"-1вт пробил лой пн|-1хай пн устоял, ниже открытия",-1,-1,-1
SOLUSDT,2026-06-29,4,1.0,1.0,0.0,1.0,"-1открытие в верхней трети|-1пн снял PWH|+1вт инсайд пн|+1лой пн устоял, выше открытия",0,1,1
SOLUSDT,2026-07-06,3,0.0,,1.0,0.0,"-1открытие в верхней трети|+1вт инсайд пн|-1хай пн устоял, ниже открытия",-1,-1,-1
SOLUSDT,2026-07-13,5,0.0,0.0,1.0,0.0,"+1открытие в нижней трети|+1пн снял PWL|+1вт инсайд пн|+1лой пн устоял, выше открытия|+1PWL снят, ср выше PWL, лой устоял",1,1,1
SOLUSDT,2026-07-20,1,0.0,0.0,1.0,0.0,"+1лой пн устоял, выше открытия",1,1,1
SOLUSDT,2026-07-27,4,0.0,0.0,1.0,0.0,"-1вт пробил лой пн|-1пн внутри, вт снял PWL и вернулся|-1хай пн устоял, ниже открытия|+1PWL снят, ср обновила лой, закрылась выше PWL",-1,1,1
SOLUSDT,2026-08-03,1,1.0,1.0,0.0,1.0,"+1лой пн устоял, выше открытия",1,1,1
SOLUSDT,2026-08-10,2,0.0,,1.0,0.0,-1открытие в верхней трети|-1вт пробил лой пн,-1,-1,0
SOLUSDT,2026-08-17,3,1.0,1.0,0.0,1.0,"+1открытие в нижней трети|-1пн внутри, вт снял PWH и вернулся|+1лой пн устоял, выше открытия",1,1,1
SOLUSDT,2026-08-24,4,0.0,1.0,0.0,1.0,"-1открытие в верхней трети|-1пн внутри, вт снял PWH и вернулся|+1лой пн устоял, выше открытия|-1PWH снят, ср ниже PWH, хай устоял",-1,-1,-1
SOLUSDT,2026-08-31,2,1.0,,0.0,1.0,"-1вт пробил лой пн|-1хай пн устоял, ниже открытия",-1,-1,-1
SOLUSDT,2026-09-07,3,0.0,,1.0,0.0,"-1открытие в верхней трети|-1вт пробил лой пн|-1хай пн устоял, ниже открытия",-1,-1,-1
SOLUSDT,2026-09-14,4,1.0,1.0,0.0,1.0,"+1открытие в нижней трети|-1вт пробил лой пн|-1хай пн устоял, ниже открытия|+1PWL снят, ср выше PWL, лой устоял",0,1,1
SOLUSDT,2026-09-21,4,1.0,1.0,0.0,1.0,"-1открытие в верхней трети|-1пн снял PWH|+1вт инсайд пн|+1лой пн устоял, выше открытия",0,1,1
SOLUSDT,2026-09-28,3,1.0,,0.0,1.0,"-1открытие в верхней трети|-1вт пробил лой пн|-1хай пн устоял, ниже открытия",-1,-1,-1
BNBUSDT,2020-03-02,2,0.0,1.0,0.0,0.0,"+1открытие в нижней трети|+1лой пн устоял, выше открытия",1,1,1
BNBUSDT,2020-03-09,4,0.0,0.0,1.0,0.0,"+1открытие в нижней трети|+1пн снял PWL|+1вт инсайд пн|-1хай пн устоял, ниже открытия",1,-1,-1
BNBUSDT,2020-03-16,1,1.0,1.0,0.0,1.0,"+1лой пн устоял, выше открытия",1,1,1
BNBUSDT,2020-03-23,1,0.0,,0.0,1.0,"+1лой пн устоял, выше открытия",1,1,1
BNBUSDT,2020-03-30,2,1.0,,0.0,1.0,"+1открытие в нижней трети|+1лой пн устоял, выше открытия",1,1,1
BNBUSDT,2020-04-06,3,0.0,0.0,1.0,0.0,"-1открытие в верхней трети|-1пн снял PWH|+1лой пн устоял, выше открытия",-1,1,1
BNBUSDT,2020-04-13,2,1.0,1.0,0.0,1.0,"+1лой пн устоял, выше открытия|-1PWH снят, ср ниже PWH, хай устоял",0,-1,-1
BNBUSDT,2020-04-20,3,1.0,,0.0,1.0,"-1открытие в верхней трети|-1вт пробил лой пн|-1хай пн устоял, ниже открытия",-1,-1,-1
BNBUSDT,2020-04-27,5,0.0,,0.0,1.0,"-1открытие в верхней трети|-1пн снял PWH|+1вт инсайд пн|-1снят PWH, ниже открытия|+1лой пн устоял, выше открытия",-1,1,1
BNBUSDT,2020-05-04,0,0.0,1.0,0.0,0.0,,0,0,0
BNBUSDT,2020-05-11,1,1.0,,0.0,1.0,"+1лой пн устоял, выше открытия",1,1,1
BNBUSDT,2020-05-18,3,0.0,0.0,1.0,0.0,"-1открытие в верхней трети|-1пн снял PWH|+1лой пн устоял, выше открытия",-1,1,1
BNBUSDT,2020-05-25,2,1.0,1.0,0.0,1.0,"+1открытие в нижней трети|+1лой пн устоял, выше открытия",1,1,1
BNBUSDT,2020-06-01,3,0.0,,1.0,1.0,"-1вт пробил лой пн|-1пн внутри, вт снял PWH и вернулся|-1PWH снят, ср ниже PWH, хай устоял",-1,-1,-1
BNBUSDT,2020-06-08,1,0.0,0.0,1.0,0.0,-1вт пробил лой пн,-1,-1,0
BNBUSDT,2020-06-15,2,0.0,,1.0,1.0,"+1пн снял PWL|+1PWL снят, ср выше PWL, лой устоял",1,1,1
BNBUSDT,2020-06-22,1,0.0,0.0,1.0,0.0,+1вт инсайд пн,1,1,0
BNBUSDT,2020-06-29,2,0.0,0.0,0.0,0.0,"+1вт инсайд пн|+1лой пн устоял, выше открытия",1,1,1
BNBUSDT,2020-07-06,2,1.0,0.0,0.0,1.0,"-1пн снял PWH|+1лой пн устоял, выше открытия",0,1,1
BNBUSDT,2020-07-13,6,1.0,0.0,1.0,0.0,"-1открытие в верхней трети|-1пн снял PWH|-1вт пробил лой пн|-1снят PWH, ниже открытия|-1хай пн устоял, ниже открытия|-1PWH снят, ср ниже PWH, хай устоял",-1,-1,-1
BNBUSDT,2020-07-20,2,1.0,1.0,0.0,1.0,"+1вт инсайд пн|+1лой пн устоял, выше открытия",1,1,1
BNBUSDT,2020-07-27,4,1.0,1.0,0.0,1.0,"-1открытие в верхней трети|-1пн внутри, вт снял PWH и вернулся|+1лой пн устоял, выше открытия|-1PWH снят, ср ниже PWH, хай устоял",-1,-1,-1
BNBUSDT,2020-08-03,4,0.0,0.0,1.0,1.0,"-1открытие в верхней трети|-1пн снял PWH|+1вт инсайд пн|+1лой пн устоял, выше открытия",0,1,1
BNBUSDT,2020-08-10,4,1.0,1.0,0.0,1.0,"-1вт пробил лой пн|-1пн внутри, вт снял PWL и вернулся|-1хай пн устоял, ниже открытия|+1PWL снят, ср обновила лой, закрылась выше PWL",-1,1,1
BNBUSDT,2020-08-17,7,0.0,,1.0,0.0,"-1прошлая «обе сняты»|-1открытие в верхней трети|-1пн снял PWH|-1вт пробил лой пн|-1снят PWH, ниже открытия|-1хай пн устоял, ниже открытия|-1PWH снят, ср ниже PWH, хай устоял",-1,-1,-1
BNBUSDT,2020-08-24,4,1.0,1.0,0.0,1.0,"+1открытие в нижней трети|-1вт пробил лой пн|-1пн внутри, вт снял PWL и вернулся|+1PWL снят, ср выше PWL, лой устоял",0,1,1
BNBUSDT,2020-08-31,3,0.0,0.0,1.0,0.0,-1открытие в верхней трети|-1пн снял PWH|-1вт пробил лой пн,-1,-1,0
BNBUSDT,2020-09-07,3,1.0,1.0,0.0,1.0,"-1прошлая «обе сняты»|+1вт инсайд пн|+1лой пн устоял, выше открытия",1,1,1
BNBUSDT,2020-09-14,6,0.0,,1.0,0.0,"-1открытие в верхней трети|-1пн снял PWH|-1вт пробил лой пн|-1снят PWH, ниже открытия|-1хай пн устоял, ниже открытия|-1PWH снят, ср ниже PWH, хай устоял",-1,-1,-1
BNBUSDT,2020-09-21,4,1.0,1.0,0.0,1.0,"+1открытие в нижней трети|+1пн снял PWL|+1вт инсайд пн|-1хай пн устоял, ниже открытия",1,-1,-1
BNBUSDT,2020-09-28,3,0.0,0.0,1.0,0.0,"-1открытие в верхней трети|-1пн снял PWH|+1лой пн устоял, выше открытия",-1,1,1
BNBUSDT,2020-10-05,3,1.0,,0.0,0.0,"-1открытие в верхней трети|-1вт пробил лой пн|-1хай пн устоял, ниже открытия",-1,-1,-1
BNBUSDT,2020-10-12,3,0.0,,0.0,1.0,"-1открытие в верхней трети|-1пн снял PWH|+1лой пн устоял, выше открытия",-1,1,1
BNBUSDT,2020-10-19,2,1.0,1.0,0.0,1.0,"-1вт пробил лой пн|-1хай пн устоял, ниже открытия",-1,-1,-1
BNBUSDT,2020-10-26,2,0.0,0.0,1.0,0.0,"-1пн снял PWH|-1PWH снят, ср ниже PWH, хай устоял",-1,-1,-1
BNBUSDT,2020-11-02,4,1.0,1.0,0.0,1.0,"-1прошлая «обе сняты»|+1открытие в нижней трети|-1вт пробил лой пн|-1хай пн устоял, ниже открытия",-1,-1,-1
BNBUSDT,2020-11-09,2,0.0,,1.0,0.0,"+1вт инсайд пн|-1хай пн устоял, ниже открытия",0,-1,-1
BNBUSDT,2020-11-16,1,1.0,1.0,0.0,1.0,+1открытие в нижней трети,1,1,0
BNBUSDT,2020-11-23,3,0.0,0.0,1.0,0.0,"-1открытие в верхней трети|+1лой пн устоял, выше открытия|-1PWH снят, ср обновила хай, закрылась ниже PWH",-1,-1,-1
BNBUSDT,2020-11-30,2,0.0,,1.0,0.0,-1прошлая «обе сняты»|-1вт пробил лой пн,-1,-1,0
BNBUSDT,2020-12-07,3,1.0,,1.0,0.0,"+1открытие в нижней трети|-1вт пробил лой пн|-1хай пн устоял, ниже открытия",-1,-1,-1
BNBUSDT,2020-12-14,3,1.0,1.0,0.0,1.0,"-1открытие в верхней трети|-1пн снял PWH|+1лой пн устоял, выше открытия",-1,1,1
BNBUSDT,2020-12-21,3,1.0,1.0,1.0,1.0,"-1открытие в верхней трети|-1вт пробил лой пн|-1хай пн устоял, ниже открытия",-1,-1,-1
BNBUSDT,2020-12-28,2,1.0,1.0,0.0,1.0,"-1пн снял PWH|+1лой пн устоял, выше открытия",0,1,1
BNBUSDT,2021-01-04,4,1.0,,0.0,1.0,"-1открытие в верхней трети|-1пн снял PWH|+1вт инсайд пн|+1лой пн устоял, выше открытия",0,1,1
BNBUSDT,2021-01-11,4,1.0,1.0,0.0,1.0,"+1пн снял PWL|+1вт инсайд пн|-1хай пн устоял, ниже открытия|+1PWL снят, ср выше PWL, лой устоял",1,1,1
BNBUSDT,2021-01-18,5,0.0,0.0,1.0,0.0,"-1открытие в верхней трети|-1пн снял PWH|-1вт пробил лой пн|-1снят PWH, ниже открытия|-1PWH снят, ср ниже PWH, хай устоял",-1,-1,-1
BNBUSDT,2021-01-25,2,1.0,1.0,0.0,1.0,"-1вт пробил лой пн|-1хай пн устоял, ниже открытия",-1,-1,-1
BNBUSDT,2021-02-01,3,1.0,1.0,0.0,1.0,"-1открытие в верхней трети|-1пн снял PWH|+1лой пн устоял, выше открытия",-1,1,1
BNBUSDT,2021-02-08,3,1.0,0.0,1.0,1.0,"-1открытие в верхней трети|-1пн снял PWH|+1лой пн устоял, выше открытия",-1,1,1
BNBUSDT,2021-02-15,3,1.0,1.0,0.0,1.0,"-1открытие в верхней трети|+1вт инсайд пн|+1лой пн устоял, выше открытия",1,1,1
BNBUSDT,2021-02-22,3,0.0,0.0,1.0,1.0,"-1открытие в верхней трети|-1вт пробил лой пн|-1хай пн устоял, ниже открытия",-1,-1,-1
BNBUSDT,2021-03-01,2,0.0,,1.0,1.0,"+1открытие в нижней трети|+1лой пн устоял, выше открытия",1,1,1
BNBUSDT,2021-03-08,1,0.0,1.0,0.0,1.0,"+1лой пн устоял, выше открытия",1,1,1
BNBUSDT,2021-03-15,1,0.0,,0.0,1.0,-1вт пробил лой пн,-1,-1,0
BNBUSDT,2021-03-22,2,1.0,1.0,0.0,0.0,"-1вт пробил лой пн|-1хай пн устоял, ниже открытия",-1,-1,-1
BNBUSDT,2021-03-29,3,1.0,1.0,0.0,1.0,"-1прошлая «обе сняты»|-1открытие в верхней трети|+1лой пн устоял, выше открытия",-1,1,1
BNBUSDT,2021-04-05,3,1.0,1.0,0.0,1.0,"-1открытие в верхней трети|-1пн снял PWH|+1лой пн устоял, выше открытия",-1,1,1
BNBUSDT,2021-04-12,4,0.0,0.0,1.0,0.0,"-1открытие в верхней трети|-1пн снял PWH|+1вт инсайд пн|+1лой пн устоял, выше открытия",0,1,1
BNBUSDT,2021-04-19,2,0.0,0.0,1.0,0.0,"+1открытие в нижней трети|+1лой пн устоял, выше открытия",1,1,1
BNBUSDT,2021-04-26,1,1.0,1.0,0.0,1.0,"+1лой пн устоял, выше открытия",1,1,1
BNBUSDT,2021-05-03,4,1.0,,1.0,1.0,"-1открытие в верхней трети|-1пн снял PWH|-1вт пробил лой пн|-1снят PWH, ниже открытия",-1,-1,0
BNBUSDT,2021-05-10,3,0.0,0.0,1.0,0.0,"-1открытие в верхней трети|+1вт инсайд пн|-1хай пн устоял, ниже открытия",-1,-1,-1
BNBUSDT,2021-05-17,4,0.0,1.0,1.0,0.0,"+1открытие в нижней трети|+1пн снял PWL|+1вт инсайд пн|-1хай пн устоял, ниже открытия",1,-1,-1
BNBUSDT,2021-05-24,2,0.0,,1.0,1.0,"+1открытие в нижней трети|+1лой пн устоял, выше открытия",1,1,1
BNBUSDT,2021-05-31,1,0.0,,0.0,1.0,"+1лой пн устоял, выше открытия",1,1,1
BNBUSDT,2021-06-07,3,0.0,,1.0,1.0,"-1открытие в верхней трети|-1вт пробил лой пн|-1хай пн устоял, ниже открытия",-1,-1,-1
BNBUSDT,2021-06-14,0,0.0,,1.0,0.0,,0,0,0
BNBUSDT,2021-06-21,3,0.0,0.0,1.0,1.0,"+1пн снял PWL|-1вт пробил лой пн|-1хай пн устоял, ниже открытия",-1,-1,-1
BNBUSDT,2021-06-28,0,1.0,,1.0,0.0,,0,0,0
BNBUSDT,2021-07-05,2,0.0,,1.0,1.0,"-1открытие в верхней трети|+1лой пн устоял, выше открытия",0,1,1
BNBUSDT,2021-07-12,2,0.0,,1.0,1.0,"-1вт пробил лой пн|-1хай пн устоял, ниже открытия",-1,-1,-1
BNBUSDT,2021-07-19,5,1.0,,0.0,1.0,"+1открытие в нижней трети|+1пн снял PWL|-1вт пробил лой пн|-1хай пн устоял, ниже открытия|+1PWL снят, ср выше PWL, лой устоял",1,1,1
BNBUSDT,2021-07-26,3,1.0,1.0,0.0,1.0,-1открытие в верхней трети|-1пн снял PWH|-1вт пробил лой пн,-1,-1,0
BNBUSDT,2021-08-02,2,1.0,1.0,0.0,1.0,-1открытие в верхней трети|-1вт пробил лой пн,-1,-1,0
BNBUSDT,2021-08-09,1,1.0,0.0,0.0,1.0,"+1лой пн устоял, выше открытия",1,1,1
BNBUSDT,2021-08-16,6,1.0,1.0,0.0,1.0,"-1открытие в верхней трети|-1пн снял PWH|-1вт пробил лой пн|-1снят PWH, ниже открытия|-1хай пн устоял, ниже открытия|-1PWH снят, ср ниже PWH, хай устоял",-1,-1,-1
BNBUSDT,2021-08-23,4,0.0,0.0,0.0,1.0,"-1открытие в верхней трети|-1пн снял PWH|+1вт инсайд пн|+1лой пн устоял, выше открытия",0,1,1
BNBUSDT,2021-08-30,1,1.0,,0.0,1.0,-1вт пробил лой пн,-1,-1,0
BNBUSDT,2021-09-06,3,1.0,,1.0,1.0,"-1открытие в верхней трети|-1вт пробил лой пн|-1хай пн устоял, ниже открытия",-1,-1,-1
BNBUSDT,2021-09-13,2,0.0,,1.0,1.0,"+1вт инсайд пн|+1лой пн устоял, выше открытия",1,1,1
BNBUSDT,2021-09-20,3,0.0,0.0,1.0,0.0,"+1пн снял PWL|-1вт пробил лой пн|-1хай пн устоял, ниже открытия",-1,-1,-1
BNBUSDT,2021-09-27,2,1.0,1.0,0.0,1.0,+1открытие в нижней трети|-1вт пробил лой пн,0,-1,0
BNBUSDT,2021-10-04,3,0.0,0.0,0.0,0.0,"-1открытие в верхней трети|+1лой пн устоял, выше открытия|-1PWH снят, ср ниже PWH, хай устоял",-1,-1,-1
BNBUSDT,2021-10-11,4,1.0,,0.0,1.0,"+1открытие в нижней трети|+1пн снял PWL|-1вт пробил лой пн|+1PWL снят, ср выше PWL, лой устоял",1,1,1
BNBUSDT,2021-10-18,3,0.0,0.0,1.0,0.0,"-1открытие в верхней трети|-1пн снял PWH|+1лой пн устоял, выше открытия",-1,1,1
BNBUSDT,2021-10-25,2,1.0,1.0,0.0,1.0,+1открытие в нижней трети|-1вт пробил лой пн,0,-1,0
BNBUSDT,2021-11-01,3,1.0,1.0,0.0,1.0,"-1открытие в верхней трети|-1пн снял PWH|+1лой пн устоял, выше открытия",-1,1,1
BNBUSDT,2021-11-08,1,1.0,1.0,1.0,1.0,-1открытие в верхней трети,-1,-1,0
BNBUSDT,2021-11-15,5,1.0,0.0,1.0,0.0,"-1открытие в верхней трети|-1вт пробил лой пн|-1пн внутри, вт снял PWL и вернулся|-1хай пн устоял, ниже открытия|+1PWL снят, ср обновила лой, закрылась выше PWL",-1,1,1
BNBUSDT,2021-11-22,1,1.0,1.0,0.0,1.0,"+1лой пн устоял, выше открытия",1,1,1
BNBUSDT,2021-11-29,1,0.0,0.0,1.0,0.0,"+1лой пн устоял, выше открытия",1,1,1
BNBUSDT,2021-12-06,2,0.0,0.0,0.0,1.0,"+1вт инсайд пн|+1лой пн устоял, выше открытия",1,1,1
BNBUSDT,2021-12-13,4,0.0,,1.0,1.0,"+1пн снял PWL|-1вт пробил лой пн|-1хай пн устоял, ниже открытия|+1PWL снят, ср обновила лой, закрылась выше PWL",0,1,1
BNBUSDT,2021-12-20,1,1.0,,0.0,1.0,"+1лой пн устоял, выше открытия",1,1,1
BNBUSDT,2021-12-27,6,1.0,,1.0,0.0,"-1открытие в верхней трети|-1пн снял PWH|-1вт пробил лой пн|-1снят PWH, ниже открытия|-1хай пн устоял, ниже открытия|-1PWH снят, ср ниже PWH, хай устоял",-1,-1,-1
BNBUSDT,2022-01-03,3,0.0,0.0,1.0,0.0,"-1вт пробил лой пн|-1пн внутри, вт снял PWL и вернулся|-1хай пн устоял, ниже открытия",-1,-1,-1
BNBUSDT,2022-01-10,4,1.0,,0.0,1.0,"+1открытие в нижней трети|+1пн снял PWL|+1лой пн устоял, выше открытия|+1PWL снят, ср выше PWL, лой устоял",1,1,1
BNBUSDT,2022-01-17,3,0.0,0.0,1.0,0.0,"-1открытие в верхней трети|-1вт пробил лой пн|-1хай пн устоял, ниже открытия",-1,-1,-1
BNBUSDT,2022-01-24,1,1.0,,1.0,1.0,+1открытие в нижней трети,1,1,0
BNBUSDT,2022-01-31,0,1.0,1.0,0.0,0.0,,0,0,0
BNBUSDT,2022-02-07,5,0.0,0.0,1.0,0.0,"-1открытие в верхней трети|-1пн снял PWH|-1вт пробил лой пн|-1снят PWH, ниже открытия|-1PWH снят, ср ниже PWH, хай устоял",-1,-1,-1
BNBUSDT,2022-02-14,4,0.0,0.0,1.0,0.0,"+1открытие в нижней трети|+1пн снял PWL|+1лой пн устоял, выше открытия|+1PWL снят, ср выше PWL, лой устоял",1,1,1
BNBUSDT,2022-02-21,4,0.0,0.0,1.0,0.0,"+1открытие в нижней трети|+1пн снял PWL|-1вт пробил лой пн|-1хай пн устоял, ниже открытия",0,-1,-1
BNBUSDT,2022-02-28,2,0.0,0.0,1.0,1.0,"-1пн снял PWH|+1лой пн устоял, выше открытия",0,1,1
BNBUSDT,2022-03-07,2,0.0,0.0,1.0,0.0,"+1открытие в нижней трети|+1лой пн устоял, выше открытия",1,1,1
BNBUSDT,2022-03-14,4,1.0,,0.0,1.0,"+1открытие в нижней трети|+1пн снял PWL|+1лой пн устоял, выше открытия|+1PWL снят, ср выше PWL, лой устоял",1,1,1
BNBUSDT,2022-03-21,4,1.0,1.0,0.0,1.0,"-1прошлая «обе сняты»|-1открытие в верхней трети|-1пн внутри, вт снял PWH и вернулся|+1лой пн устоял, выше открытия",-1,1,1
BNBUSDT,2022-03-28,2,1.0,0.0,0.0,0.0,-1открытие в верхней трети|-1пн снял PWH,-1,-1,0
BNBUSDT,2022-04-04,4,0.0,1.0,1.0,0.0,"-1открытие в верхней трети|-1снят PWH, ниже открытия|-1пн внутри, вт снял PWH и вернулся|-1PWH снят, ср ниже PWH, хай устоял",-1,-1,-1
BNBUSDT,2022-04-11,5,0.0,,0.0,1.0,"+1открытие в нижней трети|+1пн снял PWL|+1вт инсайд пн|+1лой пн устоял, выше открытия|+1PWL снят, ср выше PWL, лой устоял",1,1,1
BNBUSDT,2022-04-18,1,0.0,0.0,1.0,1.0,"+1лой пн устоял, выше открытия",1,1,1
BNBUSDT,2022-04-25,3,0.0,1.0,0.0,0.0,+1открытие в нижней трети|+1пн снял PWL|-1вт пробил лой пн,1,-1,0
BNBUSDT,2022-05-02,1,0.0,0.0,0.0,0.0,-1вт пробил лой пн,-1,-1,0
BNBUSDT,2022-05-09,4,1.0,0.0,1.0,0.0,"+1открытие в нижней трети|+1пн снял PWL|-1вт пробил лой пн|-1хай пн устоял, ниже открытия",0,-1,-1
BNBUSDT,2022-05-16,3,1.0,1.0,0.0,1.0,"-1открытие в верхней трети|+1вт инсайд пн|-1хай пн устоял, ниже открытия",-1,-1,-1
BNBUSDT,2022-05-23,3,0.0,0.0,1.0,0.0,-1открытие в верхней трети|-1пн снял PWH|-1вт пробил лой пн,-1,-1,0
BNBUSDT,2022-05-30,1,0.0,,1.0,0.0,+1открытие в нижней трети,1,1,0
BNBUSDT,2022-06-06,4,0.0,0.0,1.0,0.0,"+1открытие в нижней трети|+1пн снял PWL|-1вт пробил лой пн|-1хай пн устоял, ниже открытия",0,-1,-1
BNBUSDT,2022-06-13,4,0.0,0.0,1.0,0.0,"+1открытие в нижней трети|+1пн снял PWL|-1вт пробил лой пн|-1хай пн устоял, ниже открытия",0,-1,-1
BNBUSDT,2022-06-20,0,1.0,1.0,0.0,1.0,,0,0,0
BNBUSDT,2022-06-27,2,0.0,,1.0,0.0,-1открытие в верхней трети|-1вт пробил лой пн,-1,-1,0
BNBUSDT,2022-07-04,1,0.0,,0.0,1.0,"+1лой пн устоял, выше открытия",1,1,1
BNBUSDT,2022-07-11,2,1.0,1.0,0.0,1.0,"-1вт пробил лой пн|-1хай пн устоял, ниже открытия",-1,-1,-1
BNBUSDT,2022-07-18,3,1.0,1.0,1.0,1.0,"-1открытие в верхней трети|-1пн снял PWH|+1лой пн устоял, выше открытия",-1,1,1
BNBUSDT,2022-07-25,3,1.0,1.0,0.0,1.0,"+1пн снял PWL|-1вт пробил лой пн|+1PWL снят, ср выше PWL, лой устоял",1,1,1
BNBUSDT,2022-08-01,2,1.0,1.0,0.0,1.0,-1открытие в верхней трети|-1вт пробил лой пн,-1,-1,0
BNBUSDT,2022-08-08,3,0.0,,1.0,1.0,-1открытие в верхней трети|-1пн снял PWH|-1вт пробил лой пн,-1,-1,0
BNBUSDT,2022-08-15,4,0.0,0.0,1.0,0.0,"+1открытие в нижней трети|-1вт пробил лой пн|-1пн внутри, вт снял PWL и вернулся|-1хай пн устоял, ниже открытия",-1,-1,-1
BNBUSDT,2022-08-22,2,0.0,0.0,0.0,0.0,"+1вт инсайд пн|-1хай пн устоял, ниже открытия",0,-1,-1
BNBUSDT,2022-08-29,4,0.0,,1.0,0.0,"+1открытие в нижней трети|+1пн снял PWL|+1лой пн устоял, выше открытия|+1PWL снят, ср выше PWL, лой устоял",1,1,1
BNBUSDT,2022-09-05,2,1.0,1.0,0.0,1.0,"-1вт пробил лой пн|+1PWL снят, ср обновила лой, закрылась выше PWL",0,1,1
BNBUSDT,2022-09-12,6,0.0,0.0,1.0,0.0,"-1открытие в верхней трети|-1пн снял PWH|-1вт пробил лой пн|-1снят PWH, ниже открытия|-1хай пн устоял, ниже открытия|-1PWH снят, ср ниже PWH, хай устоял",-1,-1,-1
BNBUSDT,2022-09-19,3,1.0,1.0,0.0,1.0,"+1открытие в нижней трети|+1пн снял PWL|+1PWL снят, ср выше PWL, лой устоял",1,1,1
BNBUSDT,2022-09-26,4,1.0,,0.0,1.0,"-1вт пробил лой пн|-1снят PWH, ниже открытия|-1пн внутри, вт снял PWH и вернулся|-1PWH снят, ср ниже PWH, хай устоял",-1,-1,-1
BNBUSDT,2022-10-03,2,0.0,0.0,1.0,0.0,"-1открытие в верхней трети|+1лой пн устоял, выше открытия",0,1,1
BNBUSDT,2022-10-10,4,1.0,0.0,1.0,0.0,"+1открытие в нижней трети|+1пн снял PWL|-1вт пробил лой пн|-1хай пн устоял, ниже открытия",0,-1,-1
BNBUSDT,2022-10-17,1,1.0,0.0,0.0,0.0,-1открытие в верхней трети,-1,-1,0
BNBUSDT,2022-10-24,3,1.0,1.0,0.0,1.0,"-1открытие в верхней трети|-1пн снял PWH|+1лой пн устоял, выше открытия",-1,1,1
BNBUSDT,2022-10-31,4,1.0,1.0,0.0,1.0,"-1открытие в верхней трети|-1пн снял PWH|+1вт инсайд пн|+1лой пн устоял, выше открытия",0,1,1
BNBUSDT,2022-11-07,1,1.0,1.0,1.0,1.0,-1вт пробил лой пн,-1,-1,0
BNBUSDT,2022-11-14,3,0.0,,1.0,0.0,"+1открытие в нижней трети|+1вт инсайд пн|-1хай пн устоял, ниже открытия",1,-1,-1
BNBUSDT,2022-11-21,4,1.0,,0.0,1.0,"+1открытие в нижней трети|+1пн снял PWL|+1лой пн устоял, выше открытия|+1PWL снят, ср выше PWL, лой устоял",1,1,1
BNBUSDT,2022-11-28,3,0.0,0.0,1.0,0.0,"-1открытие в верхней трети|+1вт инсайд пн|-1хай пн устоял, ниже открытия",-1,-1,-1
BNBUSDT,2022-12-05,3,1.0,,1.0,1.0,"+1открытие в нижней трети|+1вт инсайд пн|-1хай пн устоял, ниже открытия",1,-1,-1
BNBUSDT,2022-12-12,4,0.0,0.0,1.0,0.0,"+1открытие в нижней трети|+1пн снял PWL|-1вт пробил лой пн|-1хай пн устоял, ниже открытия",0,-1,-1
BNBUSDT,2022-12-19,0,0.0,,1.0,1.0,,0,0,0
BNBUSDT,2022-12-26,0,0.0,,1.0,1.0,,0,0,0
BNBUSDT,2023-01-02,4,1.0,1.0,0.0,1.0,"+1пн снял PWL|+1вт инсайд пн|+1лой пн устоял, выше открытия|+1PWL снят, ср выше PWL, лой устоял",1,1,1
BNBUSDT,2023-01-09,3,1.0,0.0,0.0,1.0,-1открытие в верхней трети|-1пн снял PWH|-1вт пробил лой пн,-1,-1,0
BNBUSDT,2023-01-16,3,1.0,1.0,0.0,1.0,"-1открытие в верхней трети|+1вт инсайд пн|-1хай пн устоял, ниже открытия",-1,-1,-1
BNBUSDT,2023-01-23,5,1.0,,1.0,1.0,"-1открытие в верхней трети|-1вт пробил лой пн|-1снят PWH, ниже открытия|-1пн внутри, вт снял PWH и вернулся|-1PWH снят, ср ниже PWH, хай устоял",-1,-1,-1
BNBUSDT,2023-01-30,3,1.0,1.0,0.0,1.0,"-1открытие в верхней трети|+1вт инсайд пн|+1лой пн устоял, выше открытия",1,1,1
BNBUSDT,2023-02-06,2,0.0,0.0,1.0,0.0,"-1открытие в верхней трети|+1лой пн устоял, выше открытия",0,1,1
BNBUSDT,2023-02-13,5,0.0,0.0,0.0,1.0,"+1открытие в нижней трети|+1пн снял PWL|+1вт инсайд пн|+1лой пн устоял, выше открытия|+1PWL снят, ср выше PWL, лой устоял",1,1,1
BNBUSDT,2023-02-20,1,0.0,0.0,1.0,0.0,+1вт инсайд пн,1,1,0
BNBUSDT,2023-02-27,2,0.0,0.0,1.0,0.0,"-1вт пробил лой пн|-1хай пн устоял, ниже открытия",-1,-1,-1
BNBUSDT,2023-03-06,3,1.0,0.0,1.0,0.0,"+1открытие в нижней трети|+1пн снял PWL|+1PWL снят, ср выше PWL, лой устоял",1,1,1
BNBUSDT,2023-03-13,3,1.0,1.0,0.0,1.0,"-1открытие в верхней трети|-1пн снял PWH|+1лой пн устоял, выше открытия",-1,1,1
BNBUSDT,2023-03-20,2,1.0,,1.0,1.0,-1открытие в верхней трети|-1вт пробил лой пн,-1,-1,0
BNBUSDT,2023-03-27,3,0.0,,1.0,1.0,"+1пн снял PWL|+1вт инсайд пн|-1хай пн устоял, ниже открытия",1,-1,-1
BNBUSDT,2023-04-03,4,0.0,,1.0,1.0,"+1пн снял PWL|+1вт инсайд пн|+1лой пн устоял, выше открытия|+1PWL снят, ср выше PWL, лой устоял",1,1,1
BNBUSDT,2023-04-10,3,1.0,1.0,0.0,1.0,"-1открытие в верхней трети|-1пн снял PWH|+1лой пн устоял, выше открытия",-1,1,1
BNBUSDT,2023-04-17,3,1.0,1.0,1.0,0.0,"-1открытие в верхней трети|-1вт пробил лой пн|-1хай пн устоял, ниже открытия",-1,-1,-1
BNBUSDT,2023-04-24,0,1.0,,1.0,0.0,,0,0,0
BNBUSDT,2023-05-01,3,0.0,,1.0,0.0,"-1открытие в верхней трети|-1вт пробил лой пн|-1хай пн устоял, ниже открытия",-1,-1,-1
BNBUSDT,2023-05-08,4,0.0,0.0,1.0,0.0,"+1открытие в нижней трети|+1пн снял PWL|+1вт инсайд пн|-1хай пн устоял, ниже открытия",1,-1,-1
BNBUSDT,2023-05-15,1,0.0,0.0,1.0,0.0,-1вт пробил лой пн,-1,-1,0
BNBUSDT,2023-05-22,3,1.0,1.0,1.0,0.0,"+1открытие в нижней трети|+1пн снял PWL|+1PWL снят, ср обновила лой, закрылась выше PWL",1,1,1
BNBUSDT,2023-05-29,6,0.0,,1.0,0.0,"-1открытие в верхней трети|-1пн снял PWH|+1вт инсайд пн|-1снят PWH, ниже открытия|-1хай пн устоял, ниже открытия|-1PWH снят, ср ниже PWH, хай устоял",-1,-1,-1
BNBUSDT,2023-06-05,4,0.0,1.0,1.0,0.0,"+1открытие в нижней трети|+1пн снял PWL|+1вт инсайд пн|-1хай пн устоял, ниже открытия",1,-1,-1
BNBUSDT,2023-06-12,4,1.0,,1.0,1.0,"+1открытие в нижней трети|+1пн снял PWL|+1лой пн устоял, выше открытия|+1PWL снят, ср выше PWL, лой устоял",1,1,1
BNBUSDT,2023-06-19,2,0.0,0.0,0.0,0.0,"-1открытие в верхней трети|+1лой пн устоял, выше открытия",0,1,1
BNBUSDT,2023-06-26,2,1.0,1.0,0.0,1.0,"+1вт инсайд пн|-1хай пн устоял, ниже открытия",0,-1,-1
BNBUSDT,2023-07-03,6,0.0,,1.0,0.0,"-1открытие в верхней трети|-1пн снял PWH|-1вт пробил лой пн|-1снят PWH, ниже открытия|-1хай пн устоял, ниже открытия|-1PWH снят, ср ниже PWH, хай устоял",-1,-1,-1
BNBUSDT,2023-07-10,2,0.0,1.0,0.0,1.0,"+1открытие в нижней трети|+1лой пн устоял, выше открытия",1,1,1
BNBUSDT,2023-07-17,1,1.0,,1.0,1.0,-1вт пробил лой пн,-1,-1,0
BNBUSDT,2023-07-24,4,1.0,,0.0,1.0,"+1пн снял PWL|+1вт инсайд пн|-1хай пн устоял, ниже открытия|+1PWL снят, ср выше PWL, лой устоял",1,1,1
BNBUSDT,2023-07-31,3,1.0,1.0,1.0,1.0,"-1открытие в верхней трети|-1вт пробил лой пн|-1PWH снят, ср обновила хай, закрылась ниже PWH",-1,-1,-1
BNBUSDT,2023-08-07,2,0.0,0.0,1.0,0.0,"-1прошлая «обе сняты»|+1лой пн устоял, выше открытия",0,1,1
BNBUSDT,2023-08-14,3,0.0,0.0,1.0,0.0,"+1открытие в нижней трети|-1вт пробил лой пн|-1хай пн устоял, ниже открытия",-1,-1,-1
BNBUSDT,2023-08-21,4,1.0,,0.0,1.0,"+1открытие в нижней трети|-1вт пробил лой пн|-1пн внутри, вт снял PWL и вернулся|+1PWL снят, ср выше PWL, лой устоял",0,1,1
BNBUSDT,2023-08-28,2,0.0,0.0,1.0,0.0,"-1открытие в верхней трети|+1лой пн устоял, выше открытия",0,1,1
BNBUSDT,2023-09-04,2,0.0,,1.0,0.0,+1открытие в нижней трети|+1вт инсайд пн,1,1,0
BNBUSDT,2023-09-11,4,1.0,,0.0,1.0,"+1открытие в нижней трети|+1пн снял PWL|+1лой пн устоял, выше открытия|+1PWL снят, ср выше PWL, лой устоял",1,1,1
BNBUSDT,2023-09-18,5,0.0,0.0,1.0,0.0,"-1открытие в верхней трети|-1пн снял PWH|+1вт инсайд пн|-1хай пн устоял, ниже открытия|-1PWH снят, ср ниже PWH, хай устоял",-1,-1,-1
BNBUSDT,2023-09-25,2,1.0,1.0,0.0,1.0,"+1открытие в нижней трети|+1лой пн устоял, выше открытия",1,1,1
BNBUSDT,2023-10-02,6,0.0,0.0,1.0,0.0,"-1открытие в верхней трети|-1пн снял PWH|-1вт пробил лой пн|-1снят PWH, ниже открытия|-1хай пн устоял, ниже открытия|-1PWH снят, ср ниже PWH, хай устоял",-1,-1,-1
BNBUSDT,2023-10-09,2,1.0,1.0,1.0,1.0,+1открытие в нижней трети|+1пн снял PWL,1,1,0
BNBUSDT,2023-10-16,3,1.0,1.0,1.0,0.0,"-1пн снял PWH|-1вт пробил лой пн|-1PWH снят, ср ниже PWH, хай устоял",-1,-1,-1
BNBUSDT,2023-10-23,3,1.0,1.0,1.0,1.0,"-1открытие в верхней трети|-1пн снял PWH|+1лой пн устоял, выше открытия",-1,1,1
BNBUSDT,2023-10-30,1,1.0,1.0,0.0,1.0,-1вт пробил лой пн,-1,-1,0
BNBUSDT,2023-11-06,4,1.0,1.0,0.0,0.0,"-1открытие в верхней трети|-1пн снял PWH|+1вт инсайд пн|+1лой пн устоял, выше открытия",0,1,1
BNBUSDT,2023-11-13,3,0.0,0.0,0.0,1.0,"-1вт пробил лой пн|-1пн внутри, вт снял PWL и вернулся|+1PWL снят, ср выше PWL, лой устоял",-1,1,1
BNBUSDT,2023-11-20,2,0.0,,1.0,1.0,-1пн снял PWH|-1вт пробил лой пн,-1,-1,0
BNBUSDT,2023-11-27,5,1.0,,1.0,1.0,"+1открытие в нижней трети|+1пн снял PWL|+1вт инсайд пн|-1хай пн устоял, ниже открытия|+1PWL снят, ср выше PWL, лой устоял",1,1,1
BNBUSDT,2023-12-04,4,1.0,1.0,0.0,1.0,"-1пн снял PWH|+1вт инсайд пн|+1лой пн устоял, выше открытия|-1PWH снят, ср ниже PWH, хай устоял",0,-1,-1
BNBUSDT,2023-12-11,3,0.0,0.0,1.0,1.0,"-1открытие в верхней трети|-1пн снял PWH|+1лой пн устоял, выше открытия",-1,1,1
BNBUSDT,2023-12-18,1,1.0,1.0,0.0,1.0,"+1лой пн устоял, выше открытия",1,1,1
BNBUSDT,2023-12-25,2,0.0,1.0,0.0,1.0,"-1открытие в верхней трети|+1лой пн устоял, выше открытия",0,1,1
BNBUSDT,2024-01-01,1,0.0,,1.0,1.0,-1вт пробил лой пн,-1,-1,0
BNBUSDT,2024-01-08,1,0.0,,0.0,0.0,+1вт инсайд пн,1,1,0
BNBUSDT,2024-01-15,4,1.0,,1.0,1.0,"-1пн снял PWH|+1вт инсайд пн|+1лой пн устоял, выше открытия|-1PWH снят, ср ниже PWH, хай устоял",0,-1,-1
BNBUSDT,2024-01-22,3,1.0,1.0,1.0,0.0,"-1открытие в верхней трети|-1вт пробил лой пн|-1хай пн устоял, ниже открытия",-1,-1,-1
BNBUSDT,2024-01-29,0,1.0,,1.0,0.0,,0,0,0
BNBUSDT,2024-02-05,2,1.0,1.0,0.0,1.0,"+1вт инсайд пн|+1лой пн устоял, выше открытия",1,1,1
BNBUSDT,2024-02-12,4,1.0,1.0,0.0,1.0,"-1открытие в верхней трети|-1пн снял PWH|+1вт инсайд пн|+1лой пн устоял, выше открытия",0,1,1
BNBUSDT,2024-02-19,2,1.0,1.0,0.0,1.0,-1открытие в верхней трети|-1вт пробил лой пн,-1,-1,0
BNBUSDT,2024-02-26,4,1.0,0.0,1.0,1.0,"-1открытие в верхней трети|-1пн снял PWH|+1вт инсайд пн|+1лой пн устоял, выше открытия",0,1,1
BNBUSDT,2024-03-04,2,1.0,1.0,0.0,1.0,-1открытие в верхней трети|-1вт пробил лой пн,-1,-1,0
BNBUSDT,2024-03-11,3,0.0,0.0,0.0,1.0,"-1открытие в верхней трети|-1пн внутри, вт снял PWH и вернулся|+1лой пн устоял, выше открытия",-1,1,1
BNBUSDT,2024-03-18,4,1.0,,0.0,1.0,"-1вт пробил лой пн|-1пн внутри, вт снял PWL и вернулся|-1хай пн устоял, ниже открытия|+1PWL снят, ср выше PWL, лой устоял",-1,1,1
BNBUSDT,2024-03-25,4,1.0,,0.0,1.0,"-1открытие в верхней трети|-1пн снял PWH|+1вт инсайд пн|-1PWH снят, ср ниже PWH, хай устоял",-1,-1,-1
BNBUSDT,2024-04-01,3,1.0,1.0,1.0,1.0,"-1открытие в верхней трети|-1вт пробил лой пн|-1хай пн устоял, ниже открытия",-1,-1,-1
BNBUSDT,2024-04-08,1,0.0,0.0,0.0,0.0,-1вт пробил лой пн,-1,-1,0
BNBUSDT,2024-04-15,3,1.0,1.0,1.0,1.0,"-1прошлая «обе сняты»|-1вт пробил лой пн|-1хай пн устоял, ниже открытия",-1,-1,-1
BNBUSDT,2024-04-22,3,0.0,,1.0,1.0,"-1открытие в верхней трети|-1пн снял PWH|+1лой пн устоял, выше открытия",-1,1,1
BNBUSDT,2024-04-29,1,1.0,1.0,1.0,1.0,-1вт пробил лой пн,-1,-1,0
BNBUSDT,2024-05-06,3,1.0,,0.0,1.0,"-1открытие в верхней трети|-1вт пробил лой пн|-1хай пн устоял, ниже открытия",-1,-1,-1
BNBUSDT,2024-05-13,3,0.0,,1.0,1.0,"-1вт пробил лой пн|-1хай пн устоял, ниже открытия|+1PWL снят, ср выше PWL, лой устоял",-1,1,1
BNBUSDT,2024-05-20,2,0.0,0.0,1.0,1.0,"-1пн снял PWH|+1лой пн устоял, выше открытия",0,1,1
BNBUSDT,2024-05-27,2,1.0,,1.0,0.0,"-1вт пробил лой пн|-1хай пн устоял, ниже открытия",-1,-1,-1
BNBUSDT,2024-06-03,2,0.0,1.0,0.0,1.0,"-1пн снял PWH|+1лой пн устоял, выше открытия",0,1,1
BNBUSDT,2024-06-10,4,0.0,0.0,1.0,0.0,"-1вт пробил лой пн|-1пн внутри, вт снял PWL и вернулся|-1хай пн устоял, ниже открытия|+1PWL снят, ср обновила лой, закрылась выше PWL",-1,1,1
BNBUSDT,2024-06-17,4,0.0,,1.0,1.0,"+1открытие в нижней трети|-1вт пробил лой пн|-1хай пн устоял, ниже открытия|+1PWL снят, ср выше PWL, лой устоял",0,1,1
BNBUSDT,2024-06-24,3,1.0,,0.0,1.0,+1открытие в нижней трети|+1пн снял PWL|+1вт инсайд пн,1,1,0
BNBUSDT,2024-07-01,6,0.0,0.0,1.0,0.0,"-1открытие в верхней трети|-1пн снял PWH|-1вт пробил лой пн|-1снят PWH, ниже открытия|-1хай пн устоял, ниже открытия|-1PWH снят, ср ниже PWH, хай устоял",-1,-1,-1
BNBUSDT,2024-07-08,3,1.0,,0.0,1.0,"+1открытие в нижней трети|+1вт инсайд пн|+1лой пн устоял, выше открытия",1,1,1
BNBUSDT,2024-07-15,3,1.0,1.0,0.0,1.0,"-1открытие в верхней трети|-1пн снял PWH|+1лой пн устоял, выше открытия",-1,1,1
BNBUSDT,2024-07-22,6,1.0,,1.0,0.0,"-1открытие в верхней трети|-1пн снял PWH|-1вт пробил лой пн|-1снят PWH, ниже открытия|-1хай пн устоял, ниже открытия|-1PWH снят, ср ниже PWH, хай устоял",-1,-1,-1
BNBUSDT,2024-07-29,2,0.0,0.0,1.0,0.0,"-1вт пробил лой пн|-1хай пн устоял, ниже открытия",-1,-1,-1
BNBUSDT,2024-08-05,4,1.0,1.0,0.0,1.0,"+1открытие в нижней трети|+1пн снял PWL|+1вт инсайд пн|-1хай пн устоял, ниже открытия",1,-1,-1
BNBUSDT,2024-08-12,2,1.0,,0.0,1.0,"-1открытие в верхней трети|+1лой пн устоял, выше открытия",0,1,1
BNBUSDT,2024-08-19,2,1.0,,0.0,1.0,"-1пн снял PWH|+1лой пн устоял, выше открытия",0,1,1
BNBUSDT,2024-08-26,4,0.0,0.0,1.0,0.0,"-1вт пробил лой пн|-1пн внутри, вт снял PWL и вернулся|-1хай пн устоял, ниже открытия|+1PWL снят, ср выше PWL, лой устоял",-1,1,1
BNBUSDT,2024-09-02,3,0.0,0.0,1.0,0.0,"+1открытие в нижней трети|+1пн снял PWL|+1PWL снят, ср обновила лой, закрылась выше PWL",1,1,1
BNBUSDT,2024-09-09,2,1.0,1.0,0.0,1.0,"+1вт инсайд пн|+1лой пн устоял, выше открытия",1,1,1
BNBUSDT,2024-09-16,3,1.0,1.0,0.0,1.0,"-1открытие в верхней трети|+1вт инсайд пн|+1лой пн устоял, выше открытия",1,1,1
BNBUSDT,2024-09-23,5,1.0,1.0,0.0,0.0,"-1открытие в верхней трети|-1пн снял PWH|+1вт инсайд пн|-1хай пн устоял, ниже открытия|-1PWH снят, ср ниже PWH, хай устоял",-1,-1,-1
BNBUSDT,2024-09-30,3,1.0,1.0,1.0,0.0,"+1пн снял PWL|-1вт пробил лой пн|-1хай пн устоял, ниже открытия",-1,-1,-1
BNBUSDT,2024-10-07,1,1.0,,1.0,0.0,-1вт пробил лой пн,-1,-1,0
BNBUSDT,2024-10-14,2,1.0,,0.0,1.0,"-1пн снял PWH|+1лой пн устоял, выше открытия",0,1,1
BNBUSDT,2024-10-21,6,1.0,0.0,1.0,0.0,"-1открытие в верхней трети|-1пн снял PWH|-1вт пробил лой пн|-1снят PWH, ниже открытия|-1хай пн устоял, ниже открытия|-1PWH снят, ср ниже PWH, хай устоял",-1,-1,-1
BNBUSDT,2024-10-28,4,0.0,0.0,1.0,0.0,"-1прошлая «обе сняты»|-1пн внутри, вт снял PWH и вернулся|+1лой пн устоял, выше открытия|-1PWH снят, ср ниже PWH, хай устоял",-1,-1,-1
BNBUSDT,2024-11-04,4,1.0,1.0,0.0,1.0,"+1открытие в нижней трети|+1пн снял PWL|+1лой пн устоял, выше открытия|+1PWL снят, ср выше PWL, лой устоял",1,1,1
BNBUSDT,2024-11-11,5,0.0,1.0,1.0,1.0,"-1открытие в верхней трети|-1пн снял PWH|-1вт пробил лой пн|-1снят PWH, ниже открытия|-1PWH снят, ср ниже PWH, хай устоял",-1,-1,-1
BNBUSDT,2024-11-18,3,1.0,1.0,0.0,0.0,"+1открытие в нижней трети|-1вт пробил лой пн|-1хай пн устоял, ниже открытия",-1,-1,-1
BNBUSDT,2024-11-25,4,1.0,,0.0,1.0,"-1прошлая «обе сняты»|-1открытие в верхней трети|-1вт пробил лой пн|-1хай пн устоял, ниже открытия",-1,-1,-1
BNBUSDT,2024-12-02,2,1.0,0.0,1.0,1.0,-1открытие в верхней трети|-1вт пробил лой пн,-1,-1,0
BNBUSDT,2024-12-09,3,1.0,,1.0,1.0,"-1открытие в верхней трети|+1вт инсайд пн|-1хай пн устоял, ниже открытия",-1,-1,-1
BNBUSDT,2024-12-16,1,0.0,0.0,1.0,0.0,-1открытие в верхней трети,-1,-1,0
BNBUSDT,2024-12-23,2,0.0,,0.0,1.0,"+1открытие в нижней трети|+1лой пн устоял, выше открытия",1,1,1
BNBUSDT,2024-12-30,1,1.0,,0.0,1.0,"+1лой пн устоял, выше открытия",1,1,1
BNBUSDT,2025-01-06,5,0.0,,1.0,0.0,"-1пн снял PWH|-1вт пробил лой пн|-1снят PWH, ниже открытия|-1хай пн устоял, ниже открытия|-1PWH снят, ср ниже PWH, хай устоял",-1,-1,-1
BNBUSDT,2025-01-13,5,0.0,0.0,0.0,1.0,"-1прошлая «обе сняты»|+1открытие в нижней трети|+1пн снял PWL|+1лой пн устоял, выше открытия|+1PWL снят, ср выше PWL, лой устоял",1,1,1
BNBUSDT,2025-01-20,2,0.0,0.0,1.0,0.0,"+1вт инсайд пн|+1лой пн устоял, выше открытия",1,1,1
BNBUSDT,2025-01-27,4,0.0,0.0,0.0,0.0,"+1открытие в нижней трети|+1пн снял PWL|+1лой пн устоял, выше открытия|+1PWL снят, ср выше PWL, лой устоял",1,1,1
BNBUSDT,2025-02-03,3,1.0,1.0,0.0,1.0,+1открытие в нижней трети|+1пн снял PWL|+1вт инсайд пн,1,1,0
BNBUSDT,2025-02-10,2,0.0,0.0,0.0,1.0,"-1открытие в верхней трети|+1лой пн устоял, выше открытия",0,1,1
BNBUSDT,2025-02-17,2,1.0,,1.0,1.0,"-1вт пробил лой пн|-1хай пн устоял, ниже открытия",-1,-1,-1
BNBUSDT,2025-02-24,3,1.0,0.0,1.0,0.0,"+1пн снял PWL|-1вт пробил лой пн|-1хай пн устоял, ниже открытия",-1,-1,-1
BNBUSDT,2025-03-03,4,0.0,0.0,1.0,1.0,"-1вт пробил лой пн|-1пн внутри, вт снял PWL и вернулся|-1хай пн устоял, ниже открытия|+1PWL снят, ср выше PWL, лой устоял",-1,1,1
BNBUSDT,2025-03-10,4,1.0,1.0,0.0,1.0,"+1открытие в нижней трети|+1пн снял PWL|-1вт пробил лой пн|+1PWL снят, ср выше PWL, лой устоял",1,1,1
BNBUSDT,2025-03-17,5,1.0,,1.0,1.0,"-1открытие в верхней трети|-1пн снял PWH|+1вт инсайд пн|+1лой пн устоял, выше открытия|-1PWH снят, ср ниже PWH, хай устоял",-1,-1,-1
BNBUSDT,2025-03-24,2,0.0,,1.0,0.0,"-1пн внутри, вт снял PWH и вернулся|-1PWH снят, ср ниже PWH, хай устоял",-1,-1,-1
BNBUSDT,2025-03-31,2,0.0,0.0,1.0,0.0,+1открытие в нижней трети|+1пн снял PWL,1,1,0
BNBUSDT,2025-04-07,5,1.0,,0.0,1.0,"+1открытие в нижней трети|+1пн снял PWL|+1вт инсайд пн|+1лой пн устоял, выше открытия|+1PWL снят, ср выше PWL, лой устоял",1,1,1
BNBUSDT,2025-04-14,3,1.0,,0.0,1.0,"-1открытие в верхней трети|-1вт пробил лой пн|-1хай пн устоял, ниже открытия",-1,-1,-1
BNBUSDT,2025-04-21,3,0.0,,1.0,1.0,"-1открытие в верхней трети|-1пн снял PWH|+1лой пн устоял, выше открытия",-1,1,1
BNBUSDT,2025-04-28,1,0.0,0.0,1.0,0.0,-1вт пробил лой пн,-1,-1,0
BNBUSDT,2025-05-05,4,1.0,1.0,0.0,1.0,"+1открытие в нижней трети|+1пн снял PWL|+1лой пн устоял, выше открытия|+1PWL снят, ср выше PWL, лой устоял",1,1,1
BNBUSDT,2025-05-12,4,0.0,0.0,1.0,0.0,"-1открытие в верхней трети|-1пн снял PWH|-1вт пробил лой пн|-1PWH снят, ср ниже PWH, хай устоял",-1,-1,-1
BNBUSDT,2025-05-19,4,0.0,,0.0,1.0,"+1открытие в нижней трети|+1пн снял PWL|+1лой пн устоял, выше открытия|+1PWL снят, ср выше PWL, лой устоял",1,1,1
BNBUSDT,2025-05-26,3,0.0,0.0,1.0,0.0,"-1вт пробил лой пн|-1пн внутри, вт снял PWH и вернулся|-1PWH снят, ср ниже PWH, хай устоял",-1,-1,-1
BNBUSDT,2025-06-02,2,0.0,0.0,1.0,0.0,"+1открытие в нижней трети|+1лой пн устоял, выше открытия",1,1,1
BNBUSDT,2025-06-09,3,0.0,0.0,1.0,0.0,"-1пн внутри, вт снял PWH и вернулся|+1лой пн устоял, выше открытия|-1PWH снят, ср ниже PWH, хай устоял",-1,-1,-1
BNBUSDT,2025-06-16,3,0.0,0.0,1.0,0.0,"+1открытие в нижней трети|-1вт пробил лой пн|-1хай пн устоял, ниже открытия",-1,-1,-1
BNBUSDT,2025-06-23,2,1.0,,0.0,1.0,"+1открытие в нижней трети|+1лой пн устоял, выше открытия",1,1,1
BNBUSDT,2025-06-30,4,1.0,,0.0,1.0,"-1открытие в верхней трети|-1пн снял PWH|-1вт пробил лой пн|-1снят PWH, ниже открытия",-1,-1,0
BNBUSDT,2025-07-07,3,1.0,1.0,0.0,1.0,"-1открытие в верхней трети|+1вт инсайд пн|+1лой пн устоял, выше открытия",1,1,1
BNBUSDT,2025-07-14,4,1.0,1.0,0.0,1.0,"-1открытие в верхней трети|-1пн снял PWH|-1вт пробил лой пн|-1снят PWH, ниже открытия",-1,-1,0
BNBUSDT,2025-07-21,3,1.0,0.0,0.0,0.0,-1открытие в верхней трети|-1пн снял PWH|-1вт пробил лой пн,-1,-1,0
BNBUSDT,2025-07-28,6,0.0,0.0,1.0,0.0,"-1открытие в верхней трети|-1пн снял PWH|-1вт пробил лой пн|-1снят PWH, ниже открытия|-1хай пн устоял, ниже открытия|-1PWH снят, ср ниже PWH, хай устоял",-1,-1,-1
BNBUSDT,2025-08-04,3,1.0,1.0,0.0,1.0,-1прошлая «обе сняты»|+1открытие в нижней трети|-1вт пробил лой пн,-1,-1,0
BNBUSDT,2025-08-11,3,1.0,0.0,0.0,1.0,"-1открытие в верхней трети|-1пн снял PWH|+1лой пн устоял, выше открытия",-1,1,1
BNBUSDT,2025-08-18,2,1.0,0.0,0.0,1.0,-1открытие в верхней трети|-1вт пробил лой пн,-1,-1,0
BNBUSDT,2025-08-25,3,1.0,,0.0,1.0,"-1открытие в верхней трети|-1вт пробил лой пн|-1хай пн устоял, ниже открытия",-1,-1,-1
BNBUSDT,2025-09-01,2,1.0,,0.0,1.0,"+1вт инсайд пн|-1хай пн устоял, ниже открытия",0,-1,-1
BNBUSDT,2025-09-08,5,1.0,1.0,0.0,1.0,"-1открытие в верхней трети|-1пн снял PWH|+1вт инсайд пн|-1снят PWH, ниже открытия|+1лой пн устоял, выше открытия",-1,1,1
BNBUSDT,2025-09-15,2,1.0,1.0,0.0,1.0,"-1открытие в верхней трети|+1лой пн устоял, выше открытия",0,1,1
BNBUSDT,2025-09-22,3,0.0,0.0,1.0,0.0,"-1открытие в верхней трети|-1вт пробил лой пн|-1хай пн устоял, ниже открытия",-1,-1,-1
BNBUSDT,2025-09-29,2,1.0,1.0,0.0,1.0,"+1вт инсайд пн|+1лой пн устоял, выше открытия",1,1,1
BNBUSDT,2025-10-06,3,0.0,0.0,1.0,0.0,"-1открытие в верхней трети|-1пн снял PWH|+1лой пн устоял, выше открытия",-1,1,1
BNBUSDT,2025-10-13,6,0.0,0.0,1.0,0.0,"-1открытие в верхней трети|-1пн снял PWH|-1вт пробил лой пн|-1снят PWH, ниже открытия|-1хай пн устоял, ниже открытия|-1PWH снят, ср ниже PWH, хай устоял",-1,-1,-1
BNBUSDT,2025-10-20,3,1.0,,0.0,1.0,"+1открытие в нижней трети|-1вт пробил лой пн|-1хай пн устоял, ниже открытия",-1,-1,-1
BNBUSDT,2025-10-27,6,0.0,,1.0,0.0,"-1открытие в верхней трети|-1пн снял PWH|-1вт пробил лой пн|-1снят PWH, ниже открытия|-1хай пн устоял, ниже открытия|-1PWH снят, ср ниже PWH, хай устоял",-1,-1,-1
BNBUSDT,2025-11-03,5,1.0,1.0,1.0,1.0,"-1прошлая «обе сняты»|+1открытие в нижней трети|+1пн снял PWL|-1вт пробил лой пн|-1хай пн устоял, ниже открытия",-1,-1,-1
BNBUSDT,2025-11-10,2,0.0,0.0,1.0,0.0,"-1вт пробил лой пн|-1хай пн устоял, ниже открытия",-1,-1,-1
BNBUSDT,2025-11-17,4,0.0,0.0,1.0,0.0,"+1открытие в нижней трети|-1вт пробил лой пн|-1пн внутри, вт снял PWL и вернулся|+1PWL снят, ср обновила лой, закрылась выше PWL",0,1,1
BNBUSDT,2025-11-24,2,0.0,,0.0,1.0,"+1вт инсайд пн|+1лой пн устоял, выше открытия",1,1,1
BNBUSDT,2025-12-01,3,0.0,0.0,0.0,1.0,"+1пн снял PWL|+1лой пн устоял, выше открытия|+1PWL снят, ср выше PWL, лой устоял",1,1,1
BNBUSDT,2025-12-08,3,0.0,,1.0,0.0,-1прошлая «обе сняты»|-1открытие в верхней трети|-1вт пробил лой пн,-1,-1,0
BNBUSDT,2025-12-15,4,1.0,,1.0,0.0,"+1открытие в нижней трети|+1пн снял PWL|+1вт инсайд пн|-1хай пн устоял, ниже открытия",1,-1,-1
BNBUSDT,2025-12-22,2,1.0,,1.0,0.0,"-1вт пробил лой пн|-1хай пн устоял, ниже открытия",-1,-1,-1
BNBUSDT,2025-12-29,5,1.0,1.0,0.0,1.0,"-1открытие в верхней трети|-1пн снял PWH|+1вт инсайд пн|+1лой пн устоял, выше открытия|-1PWH снят, ср обновила хай, закрылась ниже PWH",-1,-1,-1
BNBUSDT,2026-01-05,4,1.0,0.0,1.0,0.0,"-1открытие в верхней трети|-1пн снял PWH|+1лой пн устоял, выше открытия|-1PWH снят, ср ниже PWH, хай устоял",-1,-1,-1
BNBUSDT,2026-01-12,1,0.0,0.0,0.0,1.0,"+1лой пн устоял, выше открытия",1,1,1
BNBUSDT,2026-01-19,1,0.0,0.0,1.0,0.0,-1вт пробил лой пн,-1,-1,0
BNBUSDT,2026-01-26,2,0.0,0.0,1.0,0.0,"+1открытие в нижней трети|+1лой пн устоял, выше открытия",1,1,1
BNBUSDT,2026-02-02,2,0.0,0.0,1.0,0.0,+1открытие в нижней трети|+1пн снял PWL,1,1,0
BNBUSDT,2026-02-09,3,1.0,,1.0,1.0,"+1открытие в нижней трети|-1вт пробил лой пн|-1хай пн устоял, ниже открытия",-1,-1,-1
BNBUSDT,2026-02-16,0,1.0,,0.0,0.0,,0,0,0
BNBUSDT,2026-02-23,3,0.0,0.0,1.0,1.0,"+1пн снял PWL|-1вт пробил лой пн|+1PWL снят, ср выше PWL, лой устоял",1,1,1
BNBUSDT,2026-03-02,4,0.0,0.0,1.0,0.0,"-1прошлая «обе сняты»|-1пн снял PWH|+1вт инсайд пн|+1лой пн устоял, выше открытия",0,1,1
BNBUSDT,2026-03-09,2,1.0,,0.0,1.0,"+1открытие в нижней трети|+1лой пн устоял, выше открытия",1,1,1
BNBUSDT,2026-03-16,6,0.0,0.0,1.0,0.0,"-1открытие в верхней трети|-1пн снял PWH|-1вт пробил лой пн|-1снят PWH, ниже открытия|-1хай пн устоял, ниже открытия|-1PWH снят, ср ниже PWH, хай устоял",-1,-1,-1
BNBUSDT,2026-03-23,5,0.0,0.0,1.0,0.0,"+1открытие в нижней трети|+1пн снял PWL|+1вт инсайд пн|+1лой пн устоял, выше открытия|+1PWL снят, ср выше PWL, лой устоял",1,1,1
BNBUSDT,2026-03-30,2,0.0,0.0,1.0,0.0,+1открытие в нижней трети|-1вт пробил лой пн,0,-1,0
BNBUSDT,2026-04-06,3,0.0,,1.0,0.0,"-1вт пробил лой пн|-1пн внутри, вт снял PWH и вернулся|-1PWH снят, ср ниже PWH, хай устоял",-1,-1,-1
BNBUSDT,2026-04-13,4,0.0,1.0,0.0,1.0,"+1открытие в нижней трети|-1пн внутри, вт снял PWH и вернулся|+1лой пн устоял, выше открытия|-1PWH снят, ср обновила хай, закрылась ниже PWH",0,-1,-1
BNBUSDT,2026-04-20,1,0.0,,1.0,1.0,"+1лой пн устоял, выше открытия",1,1,1
BNBUSDT,2026-04-27,2,0.0,,1.0,1.0,"+1вт инсайд пн|-1хай пн устоял, ниже открытия",0,-1,-1
BNBUSDT,2026-05-04,3,1.0,0.0,0.0,1.0,"+1открытие в нижней трети|+1вт инсайд пн|+1лой пн устоял, выше открытия",1,1,1
BNBUSDT,2026-05-11,4,0.0,1.0,0.0,0.0,"-1открытие в верхней трети|-1пн снял PWH|+1вт инсайд пн|+1лой пн устоял, выше открытия",0,1,1
BNBUSDT,2026-05-18,5,1.0,,0.0,1.0,"+1открытие в нижней трети|+1пн снял PWL|+1вт инсайд пн|+1лой пн устоял, выше открытия|+1PWL снят, ср выше PWL, лой устоял",1,1,1
BNBUSDT,2026-05-25,6,1.0,0.0,0.0,0.0,"-1открытие в верхней трети|-1пн снял PWH|-1вт пробил лой пн|-1снят PWH, ниже открытия|-1хай пн устоял, ниже открытия|-1PWH снят, ср ниже PWH, хай устоял",-1,-1,-1
BNBUSDT,2026-06-01,3,0.0,0.0,1.0,0.0,"-1открытие в верхней трети|-1вт пробил лой пн|-1хай пн устоял, ниже открытия",-1,-1,-1
BNBUSDT,2026-06-08,3,1.0,,0.0,1.0,"+1открытие в нижней трети|-1вт пробил лой пн|-1хай пн устоял, ниже открытия",-1,-1,-1
BNBUSDT,2026-06-15,6,0.0,0.0,1.0,0.0,"-1открытие в верхней трети|-1пн снял PWH|-1вт пробил лой пн|-1снят PWH, ниже открытия|-1хай пн устоял, ниже открытия|-1PWH снят, ср ниже PWH, хай устоял",-1,-1,-1
BNBUSDT,2026-06-22,5,0.0,0.0,1.0,0.0,"-1прошлая «обе сняты»|+1открытие в нижней трети|-1вт пробил лой пн|-1пн внутри, вт снял PWL и вернулся|-1хай пн устоял, ниже открытия",-1,-1,-1
BNBUSDT,2026-06-29,3,1.0,1.0,0.0,1.0,"+1открытие в нижней трети|-1вт пробил лой пн|-1хай пн устоял, ниже открытия",-1,-1,-1
BNBUSDT,2026-07-06,3,1.0,,1.0,1.0,"-1открытие в верхней трети|+1вт инсайд пн|-1хай пн устоял, ниже открытия",-1,-1,-1
BNBUSDT,2026-07-13,1,0.0,0.0,0.0,0.0,"+1лой пн устоял, выше открытия",1,1,1
BNBUSDT,2026-07-20,0,1.0,0.0,1.0,0.0,,0,0,0
BNBUSDT,2026-07-27,3,1.0,1.0,0.0,1.0,"-1открытие в верхней трети|-1вт пробил лой пн|-1хай пн устоял, ниже открытия",-1,-1,-1
BNBUSDT,2026-08-03,2,1.0,1.0,0.0,1.0,"-1открытие в верхней трети|+1лой пн устоял, выше открытия",0,1,1
BNBUSDT,2026-08-10,3,0.0,,1.0,1.0,"-1открытие в верхней трети|+1лой пн устоял, выше открытия|-1PWH снят, ср обновила хай, закрылась ниже PWH",-1,-1,-1
BNBUSDT,2026-08-17,2,1.0,1.0,0.0,1.0,+1открытие в нижней трети|-1вт пробил лой пн,0,-1,0
BNBUSDT,2026-08-24,2,0.0,0.0,1.0,0.0,-1открытие в верхней трети|-1вт пробил лой пн,-1,-1,0
BNBUSDT,2026-08-31,4,1.0,1.0,0.0,1.0,"+1открытие в нижней трети|-1вт пробил лой пн|-1пн внутри, вт снял PWL и вернулся|+1PWL снят, ср выше PWL, лой устоял",0,1,1
BNBUSDT,2026-09-07,1,0.0,,1.0,0.0,-1открытие в верхней трети,-1,-1,0
BNBUSDT,2026-09-14,2,1.0,1.0,0.0,1.0,+1открытие в нижней трети|-1вт пробил лой пн,0,-1,0
BNBUSDT,2026-09-21,5,1.0,,1.0,1.0,"-1открытие в верхней трети|-1пн снял PWH|+1вт инсайд пн|-1хай пн устоял, ниже открытия|-1PWH снят, ср ниже PWH, хай устоял",-1,-1,-1
BNBUSDT,2026-09-28,4,1.0,1.0,0.0,1.0,"+1пн снял PWL|-1вт пробил лой пн|-1хай пн устоял, ниже открытия|+1PWL снят, ср выше PWL, лой устоял",0,1,1
XRPUSDT,2020-01-27,1,1.0,1.0,0.0,1.0,"+1лой пн устоял, выше открытия",1,1,1
XRPUSDT,2020-02-03,2,1.0,0.0,0.0,1.0,"-1открытие в верхней трети|+1лой пн устоял, выше открытия",0,1,1
XRPUSDT,2020-02-10,2,0.0,1.0,0.0,1.0,"-1открытие в верхней трети|+1лой пн устоял, выше открытия",0,1,1
XRPUSDT,2020-02-17,1,1.0,,1.0,0.0,+1открытие в нижней трети,1,1,0
XRPUSDT,2020-02-24,2,0.0,,1.0,1.0,"-1вт пробил лой пн|-1хай пн устоял, ниже открытия",-1,-1,-1
XRPUSDT,2020-03-02,3,0.0,0.0,0.0,0.0,"+1открытие в нижней трети|+1вт инсайд пн|+1лой пн устоял, выше открытия",1,1,1
XRPUSDT,2020-03-09,4,0.0,0.0,1.0,0.0,"+1открытие в нижней трети|+1пн снял PWL|+1лой пн устоял, выше открытия|+1PWL снят, ср выше PWL, лой устоял",1,1,1
XRPUSDT,2020-03-16,2,1.0,1.0,0.0,1.0,"+1вт инсайд пн|-1хай пн устоял, ниже открытия",0,-1,-1
XRPUSDT,2020-03-23,1,1.0,1.0,0.0,1.0,"+1лой пн устоял, выше открытия",1,1,1
XRPUSDT,2020-03-30,1,1.0,,0.0,1.0,"+1лой пн устоял, выше открытия",1,1,1
XRPUSDT,2020-04-06,3,0.0,0.0,1.0,1.0,"-1открытие в верхней трети|-1пн снял PWH|+1лой пн устоял, выше открытия",-1,1,1
XRPUSDT,2020-04-13,1,1.0,1.0,0.0,0.0,+1вт инсайд пн,1,1,0
XRPUSDT,2020-04-20,2,1.0,,0.0,1.0,"+1вт инсайд пн|-1хай пн устоял, ниже открытия",0,-1,-1
XRPUSDT,2020-04-27,3,0.0,1.0,0.0,1.0,"-1открытие в верхней трети|-1пн снял PWH|+1лой пн устоял, выше открытия",-1,1,1
XRPUSDT,2020-05-04,0,0.0,1.0,0.0,0.0,,0,0,0
XRPUSDT,2020-05-11,2,0.0,,0.0,1.0,"+1вт инсайд пн|+1лой пн устоял, выше открытия",1,1,1
XRPUSDT,2020-05-18,4,0.0,0.0,1.0,0.0,"-1открытие в верхней трети|-1пн снял PWH|+1вт инсайд пн|-1PWH снят, ср ниже PWH, хай устоял",-1,-1,-1
XRPUSDT,2020-05-25,3,1.0,1.0,0.0,1.0,"+1открытие в нижней трети|+1вт инсайд пн|+1лой пн устоял, выше открытия",1,1,1
XRPUSDT,2020-06-01,1,0.0,,1.0,1.0,-1вт пробил лой пн,-1,-1,0
XRPUSDT,2020-06-08,3,0.0,0.0,1.0,0.0,-1прошлая «обе сняты»|-1открытие в верхней трети|-1вт пробил лой пн,-1,-1,0
XRPUSDT,2020-06-15,4,0.0,,1.0,1.0,"+1открытие в нижней трети|+1пн снял PWL|+1лой пн устоял, выше открытия|+1PWL снят, ср выше PWL, лой устоял",1,1,1
XRPUSDT,2020-06-22,2,0.0,0.0,1.0,0.0,+1открытие в нижней трети|+1вт инсайд пн,1,1,0
XRPUSDT,2020-06-29,2,1.0,,0.0,0.0,"+1вт инсайд пн|-1хай пн устоял, ниже открытия",0,-1,-1
XRPUSDT,2020-07-06,2,0.0,0.0,0.0,1.0,"-1пн снял PWH|+1лой пн устоял, выше открытия",0,1,1
XRPUSDT,2020-07-13,3,1.0,0.0,1.0,0.0,"-1открытие в верхней трети|+1вт инсайд пн|-1хай пн устоял, ниже открытия",-1,-1,-1
XRPUSDT,2020-07-20,1,1.0,1.0,0.0,1.0,"+1лой пн устоял, выше открытия",1,1,1
XRPUSDT,2020-07-27,3,1.0,0.0,0.0,1.0,"-1открытие в верхней трети|-1пн снял PWH|+1лой пн устоял, выше открытия",-1,1,1
XRPUSDT,2020-08-03,2,0.0,0.0,1.0,0.0,"+1вт инсайд пн|+1лой пн устоял, выше открытия",1,1,1
XRPUSDT,2020-08-10,4,1.0,,1.0,1.0,"+1открытие в нижней трети|-1вт пробил лой пн|-1пн внутри, вт снял PWL и вернулся|+1PWL снят, ср выше PWL, лой устоял",0,1,1
XRPUSDT,2020-08-17,6,0.0,,1.0,0.0,"-1открытие в верхней трети|-1пн снял PWH|-1вт пробил лой пн|-1снят PWH, ниже открытия|-1хай пн устоял, ниже открытия|-1PWH снят, ср ниже PWH, хай устоял",-1,-1,-1
XRPUSDT,2020-08-24,5,1.0,0.0,1.0,0.0,"+1открытие в нижней трети|-1вт пробил лой пн|-1пн внутри, вт снял PWL и вернулся|-1хай пн устоял, ниже открытия|+1PWL снят, ср выше PWL, лой устоял",-1,1,1
XRPUSDT,2020-08-31,3,0.0,0.0,1.0,0.0,"-1открытие в верхней трети|-1вт пробил лой пн|-1PWH снят, ср обновила хай, закрылась ниже PWH",-1,-1,-1
XRPUSDT,2020-09-07,1,1.0,,0.0,1.0,+1открытие в нижней трети,1,1,0
XRPUSDT,2020-09-14,0,0.0,,0.0,1.0,,0,0,0
XRPUSDT,2020-09-21,3,1.0,1.0,1.0,0.0,"+1пн снял PWL|+1вт инсайд пн|-1хай пн устоял, ниже открытия",1,-1,-1
XRPUSDT,2020-09-28,6,1.0,0.0,0.0,0.0,"-1открытие в верхней трети|-1пн снял PWH|-1вт пробил лой пн|-1снят PWH, ниже открытия|-1хай пн устоял, ниже открытия|-1PWH снят, ср ниже PWH, хай устоял",-1,-1,-1
XRPUSDT,2020-10-05,5,1.0,1.0,0.0,1.0,"-1открытие в верхней трети|-1пн снял PWH|-1вт пробил лой пн|-1снят PWH, ниже открытия|-1PWH снят, ср ниже PWH, хай устоял",-1,-1,-1
XRPUSDT,2020-10-12,1,0.0,0.0,1.0,0.0,-1открытие в верхней трети,-1,-1,0
XRPUSDT,2020-10-19,2,1.0,1.0,0.0,0.0,"+1открытие в нижней трети|+1лой пн устоял, выше открытия",1,1,1
XRPUSDT,2020-10-26,4,0.0,0.0,1.0,0.0,"-1прошлая «обе сняты»|-1открытие в верхней трети|+1вт инсайд пн|-1хай пн устоял, ниже открытия",-1,-1,-1
XRPUSDT,2020-11-02,4,1.0,1.0,0.0,1.0,"-1вт пробил лой пн|-1пн внутри, вт снял PWL и вернулся|-1хай пн устоял, ниже открытия|+1PWL снят, ср выше PWL, лой устоял",-1,1,1
XRPUSDT,2020-11-09,2,1.0,1.0,0.0,1.0,"-1прошлая «обе сняты»|+1лой пн устоял, выше открытия",0,1,1
XRPUSDT,2020-11-16,3,1.0,1.0,0.0,1.0,"-1открытие в верхней трети|-1пн снял PWH|+1лой пн устоял, выше открытия",-1,1,1
XRPUSDT,2020-11-23,3,0.0,0.0,1.0,1.0,"-1открытие в верхней трети|-1пн снял PWH|+1лой пн устоял, выше открытия",-1,1,1
XRPUSDT,2020-11-30,1,0.0,,1.0,0.0,-1вт пробил лой пн,-1,-1,0
XRPUSDT,2020-12-07,2,0.0,,1.0,0.0,"-1вт пробил лой пн|-1хай пн устоял, ниже открытия",-1,-1,-1
XRPUSDT,2020-12-14,3,0.0,1.0,0.0,1.0,"+1открытие в нижней трети|-1вт пробил лой пн|+1PWL снят, ср обновила лой, закрылась выше PWL",1,1,1
XRPUSDT,2020-12-21,4,1.0,1.0,1.0,1.0,"-1прошлая «обе сняты»|-1вт пробил лой пн|-1пн внутри, вт снял PWL и вернулся|-1хай пн устоял, ниже открытия",-1,-1,-1
XRPUSDT,2020-12-28,5,1.0,,1.0,1.0,"+1открытие в нижней трети|-1вт пробил лой пн|-1пн внутри, вт снял PWL и вернулся|-1хай пн устоял, ниже открытия|+1PWL снят, ср выше PWL, лой устоял",-1,1,1
XRPUSDT,2021-01-04,2,1.0,1.0,0.0,1.0,"+1вт инсайд пн|+1лой пн устоял, выше открытия",1,1,1
XRPUSDT,2021-01-11,2,0.0,,1.0,1.0,"+1вт инсайд пн|-1хай пн устоял, ниже открытия",0,-1,-1
XRPUSDT,2021-01-18,3,0.0,0.0,1.0,0.0,"-1пн внутри, вт снял PWH и вернулся|+1лой пн устоял, выше открытия|-1PWH снят, ср ниже PWH, хай устоял",-1,-1,-1
XRPUSDT,2021-01-25,3,1.0,1.0,0.0,1.0,"-1прошлая «обе сняты»|-1вт пробил лой пн|-1хай пн устоял, ниже открытия",-1,-1,-1
XRPUSDT,2021-02-01,6,1.0,1.0,1.0,1.0,"-1открытие в верхней трети|-1пн снял PWH|-1вт пробил лой пн|-1снят PWH, ниже открытия|-1хай пн устоял, ниже открытия|-1PWH снят, ср ниже PWH, хай устоял",-1,-1,-1
XRPUSDT,2021-02-08,2,1.0,1.0,0.0,1.0,"+1открытие в нижней трети|+1лой пн устоял, выше открытия",1,1,1
XRPUSDT,2021-02-15,3,1.0,,1.0,0.0,"-1открытие в верхней трети|-1вт пробил лой пн|-1хай пн устоял, ниже открытия",-1,-1,-1
XRPUSDT,2021-02-22,3,0.0,,1.0,1.0,"-1пн снял PWH|-1вт пробил лой пн|-1хай пн устоял, ниже открытия",-1,-1,-1
XRPUSDT,2021-03-01,2,1.0,,0.0,1.0,"+1открытие в нижней трети|+1лой пн устоял, выше открытия",1,1,1
XRPUSDT,2021-03-08,2,0.0,,1.0,0.0,"+1вт инсайд пн|-1хай пн устоял, ниже открытия",0,-1,-1
XRPUSDT,2021-03-15,4,1.0,1.0,0.0,1.0,"+1открытие в нижней трети|-1пн внутри, вт снял PWH и вернулся|+1лой пн устоял, выше открытия|-1PWH снят, ср ниже PWH, хай устоял",0,-1,-1
XRPUSDT,2021-03-22,5,1.0,1.0,1.0,1.0,"-1открытие в верхней трети|-1пн снял PWH|+1вт инсайд пн|-1хай пн устоял, ниже открытия|-1PWH снят, ср ниже PWH, хай устоял",-1,-1,-1
XRPUSDT,2021-03-29,0,1.0,1.0,0.0,1.0,,0,0,0
XRPUSDT,2021-04-05,3,1.0,1.0,0.0,1.0,"-1открытие в верхней трети|-1пн снял PWH|+1лой пн устоял, выше открытия",-1,1,1
XRPUSDT,2021-04-12,2,0.0,0.0,1.0,0.0,"-1открытие в верхней трети|+1лой пн устоял, выше открытия",0,1,1
XRPUSDT,2021-04-19,2,0.0,0.0,1.0,0.0,"-1вт пробил лой пн|-1хай пн устоял, ниже открытия",-1,-1,-1
XRPUSDT,2021-04-26,2,1.0,1.0,0.0,1.0,"+1открытие в нижней трети|+1лой пн устоял, выше открытия",1,1,1
XRPUSDT,2021-05-03,2,0.0,,0.0,1.0,-1открытие в верхней трети|-1вт пробил лой пн,-1,-1,0
XRPUSDT,2021-05-10,3,1.0,1.0,1.0,0.0,"+1пн снял PWL|+1вт инсайд пн|-1хай пн устоял, ниже открытия",1,-1,-1
XRPUSDT,2021-05-17,2,0.0,0.0,1.0,0.0,"-1пн внутри, вт снял PWH и вернулся|-1PWH снят, ср ниже PWH, хай устоял",-1,-1,-1
XRPUSDT,2021-05-24,2,0.0,,1.0,1.0,"+1открытие в нижней трети|+1лой пн устоял, выше открытия",1,1,1
XRPUSDT,2021-05-31,3,0.0,,1.0,1.0,"-1пн внутри, вт снял PWH и вернулся|+1лой пн устоял, выше открытия|-1PWH снят, ср ниже PWH, хай устоял",-1,-1,-1
XRPUSDT,2021-06-07,5,0.0,,1.0,1.0,"+1открытие в нижней трети|+1пн снял PWL|-1вт пробил лой пн|-1хай пн устоял, ниже открытия|+1PWL снят, ср выше PWL, лой устоял",1,1,1
XRPUSDT,2021-06-14,2,0.0,0.0,1.0,0.0,"-1вт пробил лой пн|-1хай пн устоял, ниже открытия",-1,-1,-1
XRPUSDT,2021-06-21,3,1.0,,1.0,1.0,"+1пн снял PWL|-1вт пробил лой пн|-1хай пн устоял, ниже открытия",-1,-1,-1
XRPUSDT,2021-06-28,1,0.0,,1.0,1.0,"+1лой пн устоял, выше открытия",1,1,1
XRPUSDT,2021-07-05,2,0.0,,1.0,0.0,"+1вт инсайд пн|-1хай пн устоял, ниже открытия",0,-1,-1
XRPUSDT,2021-07-12,2,0.0,0.0,1.0,0.0,"-1вт пробил лой пн|-1хай пн устоял, ниже открытия",-1,-1,-1
XRPUSDT,2021-07-19,5,1.0,1.0,0.0,1.0,"+1открытие в нижней трети|+1пн снял PWL|-1вт пробил лой пн|-1хай пн устоял, ниже открытия|+1PWL снят, ср выше PWL, лой устоял",1,1,1
XRPUSDT,2021-07-26,4,0.0,1.0,0.0,1.0,"-1открытие в верхней трети|-1пн снял PWH|+1вт инсайд пн|+1лой пн устоял, выше открытия",0,1,1
XRPUSDT,2021-08-02,2,1.0,1.0,0.0,1.0,-1открытие в верхней трети|-1вт пробил лой пн,-1,-1,0
XRPUSDT,2021-08-09,1,1.0,0.0,0.0,1.0,"+1лой пн устоял, выше открытия",1,1,1
XRPUSDT,2021-08-16,3,1.0,1.0,1.0,1.0,"-1открытие в верхней трети|-1вт пробил лой пн|-1хай пн устоял, ниже открытия",-1,-1,-1
XRPUSDT,2021-08-23,2,0.0,,1.0,0.0,"-1вт пробил лой пн|-1хай пн устоял, ниже открытия",-1,-1,-1
XRPUSDT,2021-08-30,1,1.0,,0.0,1.0,-1вт пробил лой пн,-1,-1,0
XRPUSDT,2021-09-06,4,1.0,1.0,1.0,1.0,"-1открытие в верхней трети|-1пн снял PWH|-1вт пробил лой пн|-1хай пн устоял, ниже открытия",-1,-1,-1
XRPUSDT,2021-09-13,3,0.0,,0.0,1.0,"-1прошлая «обе сняты»|+1вт инсайд пн|+1лой пн устоял, выше открытия",1,1,1
XRPUSDT,2021-09-20,4,0.0,0.0,1.0,1.0,"+1открытие в нижней трети|+1пн снял PWL|-1вт пробил лой пн|-1хай пн устоял, ниже открытия",0,-1,-1
XRPUSDT,2021-09-27,1,1.0,1.0,0.0,1.0,-1вт пробил лой пн,-1,-1,0
XRPUSDT,2021-10-04,4,1.0,1.0,0.0,1.0,"-1открытие в верхней трети|-1пн внутри, вт снял PWH и вернулся|+1лой пн устоял, выше открытия|-1PWH снят, ср обновила хай, закрылась ниже PWH",-1,-1,-1
XRPUSDT,2021-10-11,2,0.0,0.0,0.0,0.0,"-1вт пробил лой пн|-1хай пн устоял, ниже открытия",-1,-1,-1
XRPUSDT,2021-10-18,2,0.0,0.0,0.0,0.0,"+1вт инсайд пн|+1лой пн устоял, выше открытия",1,1,1
XRPUSDT,2021-10-25,1,1.0,1.0,1.0,1.0,+1открытие в нижней трети,1,1,0
XRPUSDT,2021-11-01,2,1.0,0.0,0.0,1.0,"-1открытие в верхней трети|+1лой пн устоял, выше открытия",0,1,1
XRPUSDT,2021-11-08,4,0.0,,1.0,1.0,"-1открытие в верхней трети|-1пн снял PWH|+1вт инсайд пн|-1PWH снят, ср обновила хай, закрылась ниже PWH",-1,-1,-1
XRPUSDT,2021-11-15,3,0.0,,1.0,0.0,"-1вт пробил лой пн|-1хай пн устоял, ниже открытия|+1PWL снят, ср выше PWL, лой устоял",-1,1,1
XRPUSDT,2021-11-22,2,0.0,0.0,1.0,0.0,+1открытие в нижней трети|-1вт пробил лой пн,0,-1,0
XRPUSDT,2021-11-29,1,0.0,0.0,1.0,0.0,"+1лой пн устоял, выше открытия",1,1,1
XRPUSDT,2021-12-06,1,0.0,,0.0,1.0,"+1лой пн устоял, выше открытия",1,1,1
XRPUSDT,2021-12-13,2,1.0,,0.0,1.0,"+1вт инсайд пн|-1хай пн устоял, ниже открытия",0,-1,-1
XRPUSDT,2021-12-20,3,0.0,1.0,0.0,1.0,"-1открытие в верхней трети|-1пн снял PWH|+1лой пн устоял, выше открытия",-1,1,1
XRPUSDT,2021-12-27,2,1.0,,1.0,0.0,"-1вт пробил лой пн|-1хай пн устоял, ниже открытия",-1,-1,-1
XRPUSDT,2022-01-03,2,0.0,,1.0,1.0,"-1вт пробил лой пн|-1хай пн устоял, ниже открытия",-1,-1,-1
XRPUSDT,2022-01-10,4,0.0,,1.0,1.0,"+1открытие в нижней трети|+1пн снял PWL|+1лой пн устоял, выше открытия|+1PWL снят, ср выше PWL, лой устоял",1,1,1
XRPUSDT,2022-01-17,3,0.0,0.0,1.0,0.0,"-1открытие в верхней трети|-1вт пробил лой пн|-1хай пн устоял, ниже открытия",-1,-1,-1
XRPUSDT,2022-01-24,1,0.0,,1.0,1.0,+1вт инсайд пн,1,1,0
XRPUSDT,2022-01-31,0,1.0,1.0,0.0,1.0,,0,0,0
XRPUSDT,2022-02-07,3,0.0,0.0,1.0,1.0,"-1открытие в верхней трети|-1пн снял PWH|+1лой пн устоял, выше открытия",-1,1,1
XRPUSDT,2022-02-14,1,0.0,0.0,1.0,0.0,"+1лой пн устоял, выше открытия",1,1,1
XRPUSDT,2022-03-21,3,1.0,,1.0,1.0,"-1открытие в верхней трети|-1пн снял PWH|+1лой пн устоял, выше открытия",-1,1,1
XRPUSDT,2022-04-18,0,0.0,0.0,1.0,0.0,,0,0,0
XRPUSDT,2022-04-25,3,0.0,0.0,1.0,0.0,+1открытие в нижней трети|+1пн снял PWL|-1вт пробил лой пн,1,-1,0
XRPUSDT,2022-05-02,2,0.0,0.0,0.0,0.0,+1открытие в нижней трети|-1вт пробил лой пн,0,-1,0
XRPUSDT,2022-05-09,4,1.0,0.0,1.0,0.0,"+1открытие в нижней трети|+1пн снял PWL|+1вт инсайд пн|-1хай пн устоял, ниже открытия",1,-1,-1
XRPUSDT,2022-05-16,2,1.0,,1.0,0.0,"+1вт инсайд пн|-1хай пн устоял, ниже открытия",0,-1,-1
XRPUSDT,2022-05-23,2,0.0,,1.0,0.0,"-1вт пробил лой пн|-1хай пн устоял, ниже открытия",-1,-1,-1
XRPUSDT,2022-05-30,4,0.0,,1.0,0.0,"+1открытие в нижней трети|-1пн внутри, вт снял PWH и вернулся|+1лой пн устоял, выше открытия|-1PWH снят, ср ниже PWH, хай устоял",0,-1,-1
XRPUSDT,2022-06-06,2,0.0,0.0,1.0,0.0,+1открытие в нижней трети|-1вт пробил лой пн,0,-1,0
XRPUSDT,2022-06-13,4,0.0,0.0,1.0,0.0,"+1открытие в нижней трети|+1пн снял PWL|-1вт пробил лой пн|+1PWL снят, ср выше PWL, лой устоял",1,1,1
XRPUSDT,2022-06-20,0,1.0,1.0,0.0,1.0,,0,0,0
XRPUSDT,2022-06-27,2,0.0,,1.0,0.0,"-1вт пробил лой пн|-1хай пн устоял, ниже открытия",-1,-1,-1
XRPUSDT,2022-07-04,2,0.0,1.0,0.0,1.0,+1открытие в нижней трети|-1вт пробил лой пн,0,-1,0
XRPUSDT,2022-07-11,5,1.0,1.0,0.0,1.0,"+1открытие в нижней трети|+1пн снял PWL|-1вт пробил лой пн|-1хай пн устоял, ниже открытия|+1PWL снят, ср обновила лой, закрылась выше PWL",1,1,1
XRPUSDT,2022-07-18,4,0.0,,1.0,1.0,"-1прошлая «обе сняты»|-1открытие в верхней трети|-1пн снял PWH|+1лой пн устоял, выше открытия",-1,1,1
XRPUSDT,2022-07-25,3,1.0,1.0,0.0,1.0,"+1пн снял PWL|-1вт пробил лой пн|+1PWL снят, ср выше PWL, лой устоял",1,1,1
XRPUSDT,2022-08-01,2,1.0,,1.0,1.0,-1прошлая «обе сняты»|-1вт пробил лой пн,-1,-1,0
XRPUSDT,2022-08-08,4,0.0,,0.0,1.0,"+1открытие в нижней трети|-1вт пробил лой пн|-1пн внутри, вт снял PWL и вернулся|+1PWL снят, ср обновила лой, закрылась выше PWL",0,1,1
XRPUSDT,2022-08-15,2,0.0,0.0,1.0,0.0,"+1вт инсайд пн|+1лой пн устоял, выше открытия",1,1,1
XRPUSDT,2022-08-22,2,0.0,1.0,0.0,0.0,"+1открытие в нижней трети|+1лой пн устоял, выше открытия",1,1,1
XRPUSDT,2022-08-29,4,1.0,,1.0,1.0,"+1открытие в нижней трети|+1пн снял PWL|+1лой пн устоял, выше открытия|+1PWL снят, ср выше PWL, лой устоял",1,1,1
XRPUSDT,2022-09-05,2,1.0,1.0,0.0,1.0,-1открытие в верхней трети|-1вт пробил лой пн,-1,-1,0
XRPUSDT,2022-09-12,2,1.0,0.0,0.0,0.0,-1открытие в верхней трети|-1вт пробил лой пн,-1,-1,0
XRPUSDT,2022-09-19,2,1.0,1.0,0.0,1.0,"+1лой пн устоял, выше открытия|-1PWH снят, ср обновила хай, закрылась ниже PWH",0,-1,-1
XRPUSDT,2022-09-26,3,0.0,1.0,0.0,1.0,"-1открытие в верхней трети|-1вт пробил лой пн|-1хай пн устоял, ниже открытия",-1,-1,-1
XRPUSDT,2022-10-03,1,1.0,1.0,0.0,1.0,"+1лой пн устоял, выше открытия",1,1,1
XRPUSDT,2022-10-10,3,0.0,0.0,1.0,0.0,"-1открытие в верхней трети|-1вт пробил лой пн|-1хай пн устоял, ниже открытия",-1,-1,-1
XRPUSDT,2022-10-17,1,1.0,,1.0,0.0,-1вт пробил лой пн,-1,-1,0
XRPUSDT,2022-10-24,2,0.0,,0.0,1.0,-1открытие в верхней трети|-1вт пробил лой пн,-1,-1,0
XRPUSDT,2022-10-31,2,1.0,1.0,0.0,1.0,"+1вт инсайд пн|-1хай пн устоял, ниже открытия",0,-1,-1
XRPUSDT,2022-11-07,2,1.0,1.0,1.0,1.0,"-1вт пробил лой пн|-1хай пн устоял, ниже открытия",-1,-1,-1
XRPUSDT,2022-11-14,2,0.0,,1.0,1.0,"+1открытие в нижней трети|+1лой пн устоял, выше открытия",1,1,1
XRPUSDT,2022-11-21,1,1.0,,0.0,1.0,"+1лой пн устоял, выше открытия",1,1,1
XRPUSDT,2022-11-28,2,0.0,,1.0,1.0,"-1открытие в верхней трети|+1лой пн устоял, выше открытия",0,1,1
XRPUSDT,2022-12-05,2,0.0,,0.0,1.0,"+1вт инсайд пн|-1хай пн устоял, ниже открытия",0,-1,-1
XRPUSDT,2022-12-12,2,0.0,0.0,1.0,0.0,"+1пн снял PWL|+1лой пн устоял, выше открытия",1,1,1
XRPUSDT,2022-12-19,3,1.0,,0.0,1.0,"+1открытие в нижней трети|+1пн снял PWL|+1PWL снят, ср выше PWL, лой устоял",1,1,1
XRPUSDT,2022-12-26,2,0.0,0.0,1.0,0.0,"-1пн снял PWH|+1лой пн устоял, выше открытия",0,1,1
XRPUSDT,2023-01-02,5,0.0,0.0,1.0,1.0,"+1открытие в нижней трети|+1пн снял PWL|+1вт инсайд пн|+1лой пн устоял, выше открытия|+1PWL снят, ср выше PWL, лой устоял",1,1,1
XRPUSDT,2023-01-09,4,1.0,1.0,0.0,1.0,"-1открытие в верхней трети|-1пн снял PWH|+1вт инсайд пн|+1лой пн устоял, выше открытия",0,1,1
XRPUSDT,2023-01-16,2,1.0,1.0,0.0,1.0,"+1вт инсайд пн|-1хай пн устоял, ниже открытия",0,-1,-1
XRPUSDT,2023-01-23,3,0.0,,1.0,1.0,-1открытие в верхней трети|-1пн снял PWH|+1вт инсайд пн,-1,1,0
XRPUSDT,2023-01-30,4,0.0,,1.0,1.0,"+1пн снял PWL|+1вт инсайд пн|-1хай пн устоял, ниже открытия|+1PWL снят, ср выше PWL, лой устоял",1,1,1
XRPUSDT,2023-02-06,1,0.0,0.0,0.0,0.0,-1вт пробил лой пн,-1,-1,0
XRPUSDT,2023-02-13,4,0.0,0.0,0.0,1.0,"+1открытие в нижней трети|+1пн снял PWL|+1лой пн устоял, выше открытия|+1PWL снят, ср выше PWL, лой устоял",1,1,1
XRPUSDT,2023-02-20,4,0.0,0.0,1.0,0.0,"-1пн снял PWH|+1вт инсайд пн|+1лой пн устоял, выше открытия|-1PWH снят, ср ниже PWH, хай устоял",0,-1,-1
XRPUSDT,2023-02-27,2,0.0,0.0,1.0,0.0,"+1открытие в нижней трети|+1лой пн устоял, выше открытия",1,1,1
XRPUSDT,2023-03-06,1,0.0,0.0,1.0,0.0,"+1лой пн устоял, выше открытия",1,1,1
XRPUSDT,2023-03-13,1,1.0,1.0,0.0,1.0,-1прошлая «обе сняты»,-1,-1,0
XRPUSDT,2023-03-20,2,1.0,1.0,1.0,1.0,"-1открытие в верхней трети|+1лой пн устоял, выше открытия",0,1,1
XRPUSDT,2023-03-27,1,0.0,0.0,1.0,1.0,"+1лой пн устоял, выше открытия",1,1,1
XRPUSDT,2023-04-03,1,0.0,,1.0,1.0,+1вт инсайд пн,1,1,0
XRPUSDT,2023-04-10,2,1.0,1.0,0.0,1.0,"-1пн внутри, вт снял PWH и вернулся|-1PWH снят, ср ниже PWH, хай устоял",-1,-1,-1
XRPUSDT,2023-04-17,0,0.0,0.0,1.0,0.0,,0,0,0
XRPUSDT,2023-04-24,3,1.0,,0.0,1.0,"+1открытие в нижней трети|+1вт инсайд пн|-1хай пн устоял, ниже открытия",1,-1,-1
XRPUSDT,2023-05-01,3,0.0,,1.0,0.0,"-1открытие в верхней трети|+1вт инсайд пн|-1хай пн устоял, ниже открытия",-1,-1,-1
XRPUSDT,2023-05-08,4,0.0,,1.0,1.0,"+1открытие в нижней трети|+1пн снял PWL|+1вт инсайд пн|-1хай пн устоял, ниже открытия",1,-1,-1
XRPUSDT,2023-05-15,1,1.0,1.0,0.0,1.0,-1вт пробил лой пн,-1,-1,0
XRPUSDT,2023-05-22,3,1.0,1.0,0.0,1.0,"-1открытие в верхней трети|+1вт инсайд пн|-1хай пн устоял, ниже открытия",-1,-1,-1
XRPUSDT,2023-05-29,3,1.0,1.0,0.0,1.0,"-1открытие в верхней трети|-1пн снял PWH|+1лой пн устоял, выше открытия",-1,1,1
XRPUSDT,2023-06-05,3,1.0,1.0,1.0,0.0,"-1открытие в верхней трети|+1вт инсайд пн|-1хай пн устоял, ниже открытия",-1,-1,-1
XRPUSDT,2023-06-12,5,1.0,,1.0,0.0,"-1открытие в верхней трети|-1вт пробил лой пн|-1снят PWH, ниже открытия|-1пн внутри, вт снял PWH и вернулся|-1PWH снят, ср ниже PWH, хай устоял",-1,-1,-1
XRPUSDT,2023-06-19,3,0.0,,0.0,1.0,-1прошлая «обе сняты»|+1открытие в нижней трети|-1вт пробил лой пн,-1,-1,0
XRPUSDT,2023-06-26,3,1.0,1.0,0.0,1.0,"+1пн снял PWL|+1вт инсайд пн|-1хай пн устоял, ниже открытия",1,-1,-1
XRPUSDT,2023-07-03,1,0.0,,1.0,0.0,-1открытие в верхней трети,-1,-1,0
XRPUSDT,2023-07-10,3,1.0,1.0,0.0,1.0,"+1открытие в нижней трети|+1вт инсайд пн|+1лой пн устоял, выше открытия",1,1,1
XRPUSDT,2023-07-17,1,0.0,0.0,1.0,1.0,"+1лой пн устоял, выше открытия",1,1,1
XRPUSDT,2023-07-24,5,0.0,,1.0,1.0,"+1открытие в нижней трети|+1пн снял PWL|-1вт пробил лой пн|-1хай пн устоял, ниже открытия|+1PWL снят, ср выше PWL, лой устоял",1,1,1
XRPUSDT,2023-07-31,4,0.0,0.0,1.0,0.0,"-1вт пробил лой пн|-1пн внутри, вт снял PWL и вернулся|-1хай пн устоял, ниже открытия|+1PWL снят, ср выше PWL, лой устоял",-1,1,1
XRPUSDT,2023-08-07,4,0.0,,1.0,1.0,"+1открытие в нижней трети|+1пн снял PWL|+1лой пн устоял, выше открытия|+1PWL снят, ср выше PWL, лой устоял",1,1,1
XRPUSDT,2023-08-14,3,0.0,0.0,1.0,0.0,"-1вт пробил лой пн|-1пн внутри, вт снял PWL и вернулся|-1хай пн устоял, ниже открытия",-1,-1,-1
XRPUSDT,2023-08-21,2,0.0,,1.0,1.0,"+1вт инсайд пн|-1хай пн устоял, ниже открытия",0,-1,-1
XRPUSDT,2023-08-28,2,0.0,0.0,1.0,0.0,"+1лой пн устоял, выше открытия|-1PWH снят, ср ниже PWH, хай устоял",0,-1,-1
XRPUSDT,2023-09-04,4,0.0,,1.0,1.0,"-1прошлая «обе сняты»|+1открытие в нижней трети|+1вт инсайд пн|-1хай пн устоял, ниже открытия",0,-1,-1
XRPUSDT,2023-09-11,4,1.0,1.0,0.0,1.0,"+1открытие в нижней трети|+1пн снял PWL|+1вт инсайд пн|-1хай пн устоял, ниже открытия",1,-1,-1
XRPUSDT,2023-09-18,2,0.0,0.0,1.0,1.0,"-1открытие в верхней трети|+1лой пн устоял, выше открытия",0,1,1
XRPUSDT,2023-09-25,0,1.0,1.0,0.0,1.0,,0,0,0
XRPUSDT,2023-10-02,1,0.0,0.0,1.0,1.0,"+1лой пн устоял, выше открытия",1,1,1
XRPUSDT,2023-10-09,3,0.0,,1.0,0.0,"+1пн снял PWL|+1вт инсайд пн|-1хай пн устоял, ниже открытия",1,-1,-1
XRPUSDT,2023-10-16,2,1.0,1.0,0.0,0.0,+1открытие в нижней трети|-1вт пробил лой пн,0,-1,0
XRPUSDT,2023-10-23,3,1.0,0.0,1.0,1.0,"-1открытие в верхней трети|-1пн снял PWH|+1лой пн устоял, выше открытия",-1,1,1
XRPUSDT,2023-10-30,1,1.0,1.0,0.0,1.0,"+1лой пн устоял, выше открытия",1,1,1
XRPUSDT,2023-11-06,3,0.0,0.0,1.0,0.0,-1открытие в верхней трети|-1пн снял PWH|-1вт пробил лой пн,-1,-1,0
XRPUSDT,2023-11-13,3,0.0,0.0,1.0,0.0,"-1пн снял PWH|-1вт пробил лой пн|-1хай пн устоял, ниже открытия",-1,-1,-1
XRPUSDT,2023-11-20,5,1.0,,0.0,1.0,"-1прошлая «обе сняты»|+1открытие в нижней трети|-1вт пробил лой пн|-1хай пн устоял, ниже открытия|+1PWL снят, ср выше PWL, лой устоял",-1,1,1
XRPUSDT,2023-11-27,2,1.0,,0.0,1.0,-1открытие в верхней трети|+1вт инсайд пн,0,1,0
XRPUSDT,2023-12-04,3,1.0,1.0,0.0,1.0,"-1открытие в верхней трети|+1вт инсайд пн|+1лой пн устоял, выше открытия",1,1,1
XRPUSDT,2023-12-11,3,0.0,,1.0,1.0,"-1открытие в верхней трети|+1вт инсайд пн|-1хай пн устоял, ниже открытия",-1,-1,-1
XRPUSDT,2023-12-18,4,0.0,,0.0,1.0,"+1открытие в нижней трети|+1пн снял PWL|+1лой пн устоял, выше открытия|+1PWL снят, ср выше PWL, лой устоял",1,1,1
XRPUSDT,2023-12-25,2,0.0,0.0,0.0,1.0,-1пн снял PWH|-1вт пробил лой пн,-1,-1,0
XRPUSDT,2024-01-01,0,0.0,0.0,1.0,1.0,,0,0,0
XRPUSDT,2024-01-08,2,0.0,0.0,0.0,1.0,"+1вт инсайд пн|+1лой пн устоял, выше открытия",1,1,1
XRPUSDT,2024-01-15,2,0.0,0.0,1.0,0.0,"-1вт пробил лой пн|-1хай пн устоял, ниже открытия",-1,-1,-1
XRPUSDT,2024-01-22,3,1.0,,1.0,1.0,"+1пн снял PWL|-1вт пробил лой пн|-1хай пн устоял, ниже открытия",-1,-1,-1
XRPUSDT,2024-01-29,2,0.0,1.0,1.0,1.0,"-1вт пробил лой пн|-1хай пн устоял, ниже открытия",-1,-1,-1
XRPUSDT,2024-02-05,2,1.0,1.0,0.0,1.0,"+1вт инсайд пн|+1лой пн устоял, выше открытия",1,1,1
XRPUSDT,2024-02-12,4,1.0,1.0,0.0,1.0,"-1открытие в верхней трети|-1пн снял PWH|-1вт пробил лой пн|-1снят PWH, ниже открытия",-1,-1,0
XRPUSDT,2024-02-19,2,0.0,0.0,1.0,0.0,-1открытие в верхней трети|-1вт пробил лой пн,-1,-1,0
XRPUSDT,2024-02-26,1,1.0,1.0,0.0,1.0,"-1PWH снят, ср обновила хай, закрылась ниже PWH",-1,-1,-1
XRPUSDT,2024-03-04,5,0.0,,1.0,1.0,"-1открытие в верхней трети|-1пн снял PWH|-1вт пробил лой пн|-1снят PWH, ниже открытия|-1PWH снят, ср ниже PWH, хай устоял",-1,-1,-1
XRPUSDT,2024-03-11,3,0.0,0.0,1.0,1.0,"-1пн снял PWH|+1вт инсайд пн|+1лой пн устоял, выше открытия",1,1,1
XRPUSDT,2024-03-18,5,1.0,,1.0,1.0,"+1открытие в нижней трети|-1вт пробил лой пн|-1пн внутри, вт снял PWL и вернулся|-1хай пн устоял, ниже открытия|+1PWL снят, ср обновила лой, закрылась выше PWL",-1,1,1
XRPUSDT,2024-03-25,2,1.0,,1.0,0.0,"-1вт пробил лой пн|-1хай пн устоял, ниже открытия",-1,-1,-1
XRPUSDT,2024-04-01,3,1.0,1.0,1.0,0.0,"+1пн снял PWL|-1вт пробил лой пн|-1хай пн устоял, ниже открытия",-1,-1,-1
XRPUSDT,2024-04-08,3,0.0,0.0,1.0,0.0,"-1пн внутри, вт снял PWH и вернулся|+1лой пн устоял, выше открытия|-1PWH снят, ср ниже PWH, хай устоял",-1,-1,-1
XRPUSDT,2024-04-15,2,1.0,,0.0,0.0,"-1вт пробил лой пн|-1хай пн устоял, ниже открытия",-1,-1,-1
XRPUSDT,2024-04-22,4,0.0,,1.0,0.0,"-1открытие в верхней трети|-1пн снял PWH|+1вт инсайд пн|-1PWH снят, ср ниже PWH, хай устоял",-1,-1,-1
XRPUSDT,2024-04-29,4,1.0,,0.0,1.0,"+1открытие в нижней трети|+1пн снял PWL|-1вт пробил лой пн|+1PWL снят, ср обновила лой, закрылась выше PWL",1,1,1
XRPUSDT,2024-05-06,6,0.0,,1.0,0.0,"-1открытие в верхней трети|-1пн снял PWH|-1вт пробил лой пн|-1снят PWH, ниже открытия|-1хай пн устоял, ниже открытия|-1PWH снят, ср ниже PWH, хай устоял",-1,-1,-1
XRPUSDT,2024-05-13,4,0.0,,0.0,1.0,"+1открытие в нижней трети|+1пн снял PWL|+1лой пн устоял, выше открытия|+1PWL снят, ср выше PWL, лой устоял",1,1,1
XRPUSDT,2024-05-20,3,1.0,0.0,1.0,0.0,"-1пн снял PWH|+1лой пн устоял, выше открытия|-1PWH снят, ср ниже PWH, хай устоял",-1,-1,-1
XRPUSDT,2024-05-27,2,0.0,,1.0,0.0,"-1вт пробил лой пн|-1хай пн устоял, ниже открытия",-1,-1,-1
XRPUSDT,2024-06-03,2,0.0,0.0,1.0,0.0,"+1открытие в нижней трети|+1лой пн устоял, выше открытия",1,1,1
XRPUSDT,2024-06-10,2,0.0,0.0,1.0,0.0,"-1вт пробил лой пн|-1хай пн устоял, ниже открытия",-1,-1,-1
XRPUSDT,2024-06-17,3,0.0,,1.0,1.0,"-1пн снял PWH|-1вт пробил лой пн|-1PWH снят, ср ниже PWH, хай устоял",-1,-1,-1
XRPUSDT,2024-06-24,5,1.0,,1.0,1.0,"+1открытие в нижней трети|+1пн снял PWL|+1вт инсайд пн|-1хай пн устоял, ниже открытия|+1PWL снят, ср выше PWL, лой устоял",1,1,1
XRPUSDT,2024-07-01,3,0.0,0.0,1.0,0.0,"-1открытие в верхней трети|-1пн снял PWH|-1PWH снят, ср ниже PWH, хай устоял",-1,-1,-1
XRPUSDT,2024-07-08,2,1.0,1.0,0.0,1.0,"+1вт инсайд пн|+1лой пн устоял, выше открытия",1,1,1
XRPUSDT,2024-07-15,2,0.0,0.0,1.0,1.0,"-1открытие в верхней трети|+1лой пн устоял, выше открытия",0,1,1
XRPUSDT,2024-07-22,1,0.0,,1.0,1.0,-1вт пробил лой пн,-1,-1,0
XRPUSDT,2024-07-29,3,0.0,0.0,1.0,0.0,"-1пн внутри, вт снял PWH и вернулся|+1лой пн устоял, выше открытия|-1PWH снят, ср обновила хай, закрылась ниже PWH",-1,-1,-1
XRPUSDT,2024-08-05,5,0.0,1.0,1.0,1.0,"+1открытие в нижней трети|+1пн снял PWL|+1вт инсайд пн|+1лой пн устоял, выше открытия|+1PWL снят, ср выше PWL, лой устоял",1,1,1
XRPUSDT,2024-08-12,1,0.0,,0.0,1.0,"+1лой пн устоял, выше открытия",1,1,1
XRPUSDT,2024-08-19,2,0.0,,0.0,1.0,"-1пн снял PWH|+1лой пн устоял, выше открытия",0,1,1
XRPUSDT,2024-08-26,4,0.0,0.0,1.0,0.0,"-1вт пробил лой пн|-1пн внутри, вт снял PWL и вернулся|-1хай пн устоял, ниже открытия|+1PWL снят, ср выше PWL, лой устоял",-1,1,1
XRPUSDT,2024-09-02,1,0.0,0.0,1.0,0.0,+1открытие в нижней трети,1,1,0
XRPUSDT,2024-09-09,1,1.0,1.0,0.0,1.0,+1вт инсайд пн,1,1,0
XRPUSDT,2024-09-16,1,1.0,1.0,0.0,1.0,"+1лой пн устоял, выше открытия",1,1,1
XRPUSDT,2024-09-23,1,1.0,1.0,0.0,0.0,+1вт инсайд пн,1,1,0
XRPUSDT,2024-09-30,3,0.0,0.0,1.0,0.0,"-1открытие в верхней трети|-1вт пробил лой пн|-1хай пн устоял, ниже открытия",-1,-1,-1
XRPUSDT,2024-10-07,3,1.0,,1.0,1.0,"+1открытие в нижней трети|-1вт пробил лой пн|-1хай пн устоял, ниже открытия",-1,-1,-1
XRPUSDT,2024-10-14,2,1.0,,0.0,1.0,"-1пн снял PWH|+1лой пн устоял, выше открытия",0,1,1
XRPUSDT,2024-10-21,2,0.0,0.0,1.0,0.0,"-1вт пробил лой пн|-1хай пн устоял, ниже открытия",-1,-1,-1
XRPUSDT,2024-10-28,1,0.0,0.0,1.0,0.0,"+1лой пн устоял, выше открытия",1,1,1
XRPUSDT,2024-11-04,2,1.0,1.0,0.0,1.0,"+1открытие в нижней трети|+1лой пн устоял, выше открытия",1,1,1
XRPUSDT,2024-11-11,3,1.0,1.0,0.0,1.0,"-1открытие в верхней трети|-1пн снял PWH|+1лой пн устоял, выше открытия",-1,1,1
XRPUSDT,2024-11-18,3,1.0,1.0,0.0,1.0,"-1открытие в верхней трети|+1вт инсайд пн|+1лой пн устоял, выше открытия",1,1,1
XRPUSDT,2024-11-25,1,1.0,1.0,0.0,1.0,-1вт пробил лой пн,-1,-1,0
XRPUSDT,2024-12-02,3,1.0,1.0,1.0,0.0,"-1открытие в верхней трети|-1пн снял PWH|+1лой пн устоял, выше открытия",-1,1,1
XRPUSDT,2024-12-09,4,1.0,,1.0,1.0,"+1пн снял PWL|-1вт пробил лой пн|-1хай пн устоял, ниже открытия|+1PWL снят, ср выше PWL, лой устоял",0,1,1
XRPUSDT,2024-12-16,3,0.0,0.0,1.0,0.0,"-1открытие в верхней трети|-1пн внутри, вт снял PWH и вернулся|-1PWH снят, ср ниже PWH, хай устоял",-1,-1,-1
XRPUSDT,2024-12-23,2,0.0,,1.0,0.0,"+1открытие в нижней трети|+1лой пн устоял, выше открытия",1,1,1
XRPUSDT,2024-12-30,5,1.0,,0.0,1.0,"+1открытие в нижней трети|+1пн снял PWL|+1вт инсайд пн|+1лой пн устоял, выше открытия|+1PWL снят, ср выше PWL, лой устоял",1,1,1
XRPUSDT,2025-01-06,2,1.0,0.0,0.0,1.0,-1открытие в верхней трети|-1вт пробил лой пн,-1,-1,0
XRPUSDT,2025-01-13,2,0.0,0.0,0.0,1.0,"-1открытие в верхней трети|+1лой пн устоял, выше открытия",0,1,1
XRPUSDT,2025-01-20,2,0.0,,1.0,1.0,"+1вт инсайд пн|+1лой пн устоял, выше открытия",1,1,1
XRPUSDT,2025-01-27,4,0.0,0.0,1.0,0.0,"+1открытие в нижней трети|+1пн снял PWL|+1лой пн устоял, выше открытия|+1PWL снят, ср выше PWL, лой устоял",1,1,1
XRPUSDT,2025-02-03,2,1.0,,1.0,1.0,+1открытие в нижней трети|+1пн снял PWL,1,1,0
XRPUSDT,2025-02-10,1,1.0,1.0,0.0,1.0,"+1лой пн устоял, выше открытия",1,1,1
XRPUSDT,2025-02-17,2,0.0,,1.0,1.0,-1открытие в верхней трети|-1вт пробил лой пн,-1,-1,0
XRPUSDT,2025-02-24,3,1.0,0.0,0.0,0.0,"+1пн снял PWL|-1вт пробил лой пн|-1хай пн устоял, ниже открытия",-1,-1,-1
XRPUSDT,2025-03-03,3,0.0,0.0,1.0,0.0,"-1открытие в верхней трети|-1вт пробил лой пн|-1хай пн устоял, ниже открытия",-1,-1,-1
XRPUSDT,2025-03-10,4,1.0,,0.0,1.0,"+1открытие в нижней трети|+1пн снял PWL|-1вт пробил лой пн|+1PWL снят, ср выше PWL, лой устоял",1,1,1
XRPUSDT,2025-03-17,2,0.0,,1.0,1.0,-1открытие в верхней трети|-1вт пробил лой пн,-1,-1,0
XRPUSDT,2025-03-24,2,0.0,0.0,1.0,0.0,"-1вт пробил лой пн|-1хай пн устоял, ниже открытия",-1,-1,-1
XRPUSDT,2025-03-31,2,0.0,1.0,1.0,0.0,+1открытие в нижней трети|+1пн снял PWL,1,1,0
XRPUSDT,2025-04-07,5,1.0,1.0,0.0,1.0,"+1открытие в нижней трети|+1пн снял PWL|+1вт инсайд пн|+1лой пн устоял, выше открытия|+1PWL снят, ср выше PWL, лой устоял",1,1,1
XRPUSDT,2025-04-14,3,0.0,,1.0,1.0,-1прошлая «обе сняты»|-1открытие в верхней трети|-1вт пробил лой пн,-1,-1,0
XRPUSDT,2025-04-21,2,1.0,,1.0,1.0,"+1открытие в нижней трети|+1лой пн устоял, выше открытия",1,1,1
XRPUSDT,2025-04-28,6,0.0,,1.0,1.0,"-1открытие в верхней трети|-1пн снял PWH|+1вт инсайд пн|-1снят PWH, ниже открытия|-1хай пн устоял, ниже открытия|-1PWH снят, ср ниже PWH, хай устоял",-1,-1,-1
XRPUSDT,2025-05-05,5,1.0,1.0,0.0,1.0,"+1открытие в нижней трети|+1пн снял PWL|-1вт пробил лой пн|-1хай пн устоял, ниже открытия|+1PWL снят, ср выше PWL, лой устоял",1,1,1
XRPUSDT,2025-05-12,4,0.0,0.0,1.0,0.0,"-1открытие в верхней трети|-1пн снял PWH|+1вт инсайд пн|+1лой пн устоял, выше открытия",0,1,1
XRPUSDT,2025-05-19,4,0.0,,0.0,0.0,"+1пн снял PWL|+1вт инсайд пн|-1хай пн устоял, ниже открытия|+1PWL снят, ср выше PWL, лой устоял",1,1,1
XRPUSDT,2025-05-26,2,0.0,0.0,1.0,0.0,"-1вт пробил лой пн|-1хай пн устоял, ниже открытия",-1,-1,-1
XRPUSDT,2025-06-02,1,1.0,0.0,0.0,0.0,"+1лой пн устоял, выше открытия",1,1,1
XRPUSDT,2025-06-09,5,0.0,0.0,1.0,0.0,"-1открытие в верхней трети|-1пн снял PWH|+1вт инсайд пн|+1лой пн устоял, выше открытия|-1PWH снят, ср обновила хай, закрылась ниже PWH",-1,-1,-1
XRPUSDT,2025-06-16,2,0.0,0.0,1.0,0.0,+1открытие в нижней трети|-1вт пробил лой пн,0,-1,0
XRPUSDT,2025-06-23,2,1.0,0.0,1.0,1.0,"+1открытие в нижней трети|+1лой пн устоял, выше открытия",1,1,1
XRPUSDT,2025-06-30,4,1.0,,1.0,1.0,"-1открытие в верхней трети|-1пн снял PWH|-1вт пробил лой пн|-1снят PWH, ниже открытия",-1,-1,0
XRPUSDT,2025-07-07,3,1.0,1.0,0.0,1.0,-1открытие в верхней трети|-1пн снял PWH|-1вт пробил лой пн,-1,-1,0
XRPUSDT,2025-07-14,3,1.0,1.0,0.0,1.0,-1открытие в верхней трети|-1пн снял PWH|-1вт пробил лой пн,-1,-1,0
XRPUSDT,2025-07-21,3,1.0,0.0,1.0,0.0,"-1открытие в верхней трети|+1вт инсайд пн|-1хай пн устоял, ниже открытия",-1,-1,-1
XRPUSDT,2025-07-28,2,0.0,0.0,1.0,0.0,"-1вт пробил лой пн|-1хай пн устоял, ниже открытия",-1,-1,-1
XRPUSDT,2025-08-04,1,1.0,1.0,0.0,1.0,-1вт пробил лой пн,-1,-1,0
XRPUSDT,2025-08-11,1,0.0,0.0,0.0,0.0,-1вт пробил лой пн,-1,-1,0
XRPUSDT,2025-08-18,4,1.0,,0.0,0.0,"+1открытие в нижней трети|+1пн снял PWL|-1вт пробил лой пн|-1хай пн устоял, ниже открытия",0,-1,-1
XRPUSDT,2025-08-25,1,0.0,0.0,1.0,0.0,-1открытие в верхней трети,-1,-1,0
XRPUSDT,2025-09-01,4,1.0,,0.0,1.0,"+1открытие в нижней трети|+1пн снял PWL|+1лой пн устоял, выше открытия|+1PWL снят, ср выше PWL, лой устоял",1,1,1
XRPUSDT,2025-09-08,3,1.0,1.0,0.0,1.0,"-1открытие в верхней трети|-1пн снял PWH|+1лой пн устоял, выше открытия",-1,1,1
XRPUSDT,2025-09-15,2,0.0,0.0,0.0,0.0,"+1вт инсайд пн|+1лой пн устоял, выше открытия",1,1,1
XRPUSDT,2025-09-22,3,0.0,0.0,1.0,1.0,+1открытие в нижней трети|+1пн снял PWL|+1вт инсайд пн,1,1,0
XRPUSDT,2025-09-29,1,1.0,1.0,0.0,1.0,-1вт пробил лой пн,-1,-1,0
XRPUSDT,2025-10-06,2,0.0,0.0,1.0,0.0,"-1вт пробил лой пн|-1хай пн устоял, ниже открытия",-1,-1,-1
XRPUSDT,2025-10-13,3,0.0,,1.0,0.0,"-1открытие в верхней трети|-1вт пробил лой пн|-1хай пн устоял, ниже открытия",-1,-1,-1
XRPUSDT,2025-10-20,2,1.0,1.0,0.0,1.0,"+1вт инсайд пн|-1хай пн устоял, ниже открытия",0,-1,-1
XRPUSDT,2025-10-27,6,0.0,0.0,1.0,0.0,"-1открытие в верхней трети|-1пн снял PWH|-1вт пробил лой пн|-1снят PWH, ниже открытия|-1хай пн устоял, ниже открытия|-1PWH снят, ср ниже PWH, хай устоял",-1,-1,-1
XRPUSDT,2025-11-03,3,1.0,0.0,1.0,1.0,"+1пн снял PWL|-1вт пробил лой пн|-1хай пн устоял, ниже открытия",-1,-1,-1
XRPUSDT,2025-11-10,3,0.0,0.0,1.0,0.0,"-1пн снял PWH|+1вт инсайд пн|-1PWH снят, ср ниже PWH, хай устоял",-1,-1,-1
XRPUSDT,2025-11-17,4,0.0,0.0,1.0,0.0,"+1открытие в нижней трети|+1пн снял PWL|-1вт пробил лой пн|-1хай пн устоял, ниже открытия",0,-1,-1
XRPUSDT,2025-11-24,2,0.0,,1.0,1.0,"+1вт инсайд пн|+1лой пн устоял, выше открытия",1,1,1
XRPUSDT,2025-12-01,3,0.0,0.0,1.0,1.0,"+1пн снял PWL|+1лой пн устоял, выше открытия|+1PWL снят, ср выше PWL, лой устоял",1,1,1
XRPUSDT,2025-12-08,1,0.0,,1.0,0.0,+1открытие в нижней трети,1,1,0
XRPUSDT,2025-12-15,4,1.0,,1.0,0.0,"+1открытие в нижней трети|+1пн снял PWL|-1вт пробил лой пн|-1хай пн устоял, ниже открытия",0,-1,-1
XRPUSDT,2025-12-22,2,1.0,,1.0,0.0,"-1вт пробил лой пн|-1хай пн устоял, ниже открытия",-1,-1,-1
XRPUSDT,2025-12-29,3,1.0,1.0,0.0,1.0,"+1открытие в нижней трети|-1вт пробил лой пн|-1хай пн устоял, ниже открытия",-1,-1,-1
XRPUSDT,2026-01-05,3,0.0,0.0,1.0,0.0,"-1открытие в верхней трети|-1пн снял PWH|+1лой пн устоял, выше открытия",-1,1,1
XRPUSDT,2026-01-12,4,0.0,0.0,1.0,0.0,"+1открытие в нижней трети|+1пн снял PWL|+1лой пн устоял, выше открытия|+1PWL снят, ср выше PWL, лой устоял",1,1,1
XRPUSDT,2026-01-19,4,0.0,0.0,1.0,0.0,"+1открытие в нижней трети|+1пн снял PWL|+1вт инсайд пн|-1хай пн устоял, ниже открытия",1,-1,-1
XRPUSDT,2026-01-26,3,0.0,0.0,1.0,0.0,"+1открытие в нижней трети|+1вт инсайд пн|+1лой пн устоял, выше открытия",1,1,1
XRPUSDT,2026-02-02,3,0.0,0.0,1.0,0.0,"+1открытие в нижней трети|-1вт пробил лой пн|-1хай пн устоял, ниже открытия",-1,-1,-1
XRPUSDT,2026-02-09,2,1.0,1.0,0.0,1.0,"+1вт инсайд пн|-1хай пн устоял, ниже открытия",0,-1,-1
XRPUSDT,2026-02-16,2,0.0,,1.0,0.0,"-1вт пробил лой пн|-1хай пн устоял, ниже открытия",-1,-1,-1
XRPUSDT,2026-02-23,4,0.0,0.0,1.0,0.0,"+1открытие в нижней трети|+1пн снял PWL|-1вт пробил лой пн|+1PWL снят, ср выше PWL, лой устоял",1,1,1
XRPUSDT,2026-03-02,2,0.0,0.0,1.0,0.0,"+1вт инсайд пн|+1лой пн устоял, выше открытия",1,1,1
XRPUSDT,2026-03-09,2,1.0,,0.0,1.0,"+1открытие в нижней трети|+1лой пн устоял, выше открытия",1,1,1
XRPUSDT,2026-03-16,3,0.0,0.0,1.0,0.0,"-1открытие в верхней трети|-1пн снял PWH|-1PWH снят, ср ниже PWH, хай устоял",-1,-1,-1
XRPUSDT,2026-03-23,5,0.0,0.0,1.0,0.0,"+1открытие в нижней трети|+1пн снял PWL|+1вт инсайд пн|+1лой пн устоял, выше открытия|+1PWL снят, ср выше PWL, лой устоял",1,1,1
XRPUSDT,2026-03-30,2,0.0,0.0,1.0,0.0,+1открытие в нижней трети|-1вт пробил лой пн,0,-1,0
XRPUSDT,2026-04-06,2,0.0,,1.0,1.0,"-1вт пробил лой пн|-1PWH снят, ср ниже PWH, хай устоял",-1,-1,-1
XRPUSDT,2026-04-13,2,1.0,1.0,0.0,1.0,"+1открытие в нижней трети|+1лой пн устоял, выше открытия",1,1,1
XRPUSDT,2026-04-20,1,1.0,,1.0,1.0,"+1лой пн устоял, выше открытия",1,1,1
XRPUSDT,2026-04-27,3,1.0,,1.0,1.0,"+1пн снял PWL|-1вт пробил лой пн|-1хай пн устоял, ниже открытия",-1,-1,-1
XRPUSDT,2026-05-04,1,1.0,0.0,0.0,0.0,"+1лой пн устоял, выше открытия",1,1,1
XRPUSDT,2026-05-11,3,0.0,1.0,0.0,0.0,"-1открытие в верхней трети|-1вт пробил лой пн|-1хай пн устоял, ниже открытия",-1,-1,-1
XRPUSDT,2026-05-18,6,0.0,0.0,1.0,0.0,"-1прошлая «обе сняты»|+1открытие в нижней трети|-1вт пробил лой пн|-1пн внутри, вт снял PWL и вернулся|-1хай пн устоял, ниже открытия|+1PWL снят, ср обновила лой, закрылась выше PWL",-1,1,1
XRPUSDT,2026-05-25,2,1.0,1.0,0.0,0.0,"-1вт пробил лой пн|-1хай пн устоял, ниже открытия",-1,-1,-1
XRPUSDT,2026-06-01,3,0.0,0.0,1.0,0.0,"-1открытие в верхней трети|-1вт пробил лой пн|-1хай пн устоял, ниже открытия",-1,-1,-1
XRPUSDT,2026-06-08,2,1.0,1.0,0.0,1.0,"-1вт пробил лой пн|-1хай пн устоял, ниже открытия",-1,-1,-1
XRPUSDT,2026-06-15,4,0.0,0.0,1.0,0.0,"-1открытие в верхней трети|-1пн снял PWH|+1вт инсайд пн|-1PWH снят, ср ниже PWH, хай устоял",-1,-1,-1
XRPUSDT,2026-06-22,3,0.0,0.0,1.0,0.0,"+1открытие в нижней трети|-1вт пробил лой пн|-1хай пн устоял, ниже открытия",-1,-1,-1
XRPUSDT,2026-06-29,2,1.0,1.0,0.0,1.0,+1открытие в нижней трети|-1вт пробил лой пн,0,-1,0
XRPUSDT,2026-07-06,3,0.0,,1.0,1.0,"-1открытие в верхней трети|-1вт пробил лой пн|-1хай пн устоял, ниже открытия",-1,-1,-1
XRPUSDT,2026-07-13,4,0.0,0.0,1.0,1.0,"+1открытие в нижней трети|+1пн снял PWL|+1лой пн устоял, выше открытия|+1PWL снят, ср выше PWL, лой устоял",1,1,1
XRPUSDT,2026-07-20,1,0.0,0.0,1.0,1.0,"+1лой пн устоял, выше открытия",1,1,1
XRPUSDT,2026-07-27,3,1.0,,1.0,1.0,"+1пн снял PWL|-1вт пробил лой пн|-1хай пн устоял, ниже открытия",-1,-1,-1
XRPUSDT,2026-08-03,2,0.0,0.0,1.0,0.0,"+1вт инсайд пн|-1хай пн устоял, ниже открытия",0,-1,-1
XRPUSDT,2026-08-10,4,0.0,,1.0,0.0,"+1открытие в нижней трети|+1пн снял PWL|-1вт пробил лой пн|-1хай пн устоял, ниже открытия",0,-1,-1
XRPUSDT,2026-08-17,3,1.0,1.0,0.0,1.0,"+1открытие в нижней трети|+1вт инсайд пн|+1лой пн устоял, выше открытия",1,1,1
XRPUSDT,2026-08-24,2,0.0,,1.0,0.0,-1открытие в верхней трети|-1вт пробил лой пн,-1,-1,0
XRPUSDT,2026-08-31,2,1.0,1.0,0.0,1.0,+1открытие в нижней трети|-1вт пробил лой пн,0,-1,0
XRPUSDT,2026-09-07,0,0.0,0.0,1.0,0.0,,0,0,0
XRPUSDT,2026-09-14,4,1.0,1.0,1.0,1.0,"+1открытие в нижней трети|-1пн снял PWH|-1вт пробил лой пн|-1хай пн устоял, ниже открытия",-1,-1,-1
XRPUSDT,2026-09-21,4,1.0,1.0,1.0,1.0,"-1прошлая «обе сняты»|-1открытие в верхней трети|-1пн снял PWH|+1лой пн устоял, выше открытия",-1,1,1
XRPUSDT,2026-09-28,1,1.0,,1.0,0.0,-1вт пробил лой пн,-1,-1,0
ADAUSDT,2020-02-17,3,1.0,,1.0,0.0,"+1открытие в нижней трети|+1пн снял PWL|+1PWL снят, ср выше PWL, лой устоял",1,1,1
ADAUSDT,2020-02-24,3,0.0,0.0,1.0,0.0,"-1открытие в верхней трети|-1вт пробил лой пн|-1хай пн устоял, ниже открытия",-1,-1,-1
ADAUSDT,2020-03-02,2,0.0,0.0,0.0,0.0,"+1вт инсайд пн|+1лой пн устоял, выше открытия",1,1,1
ADAUSDT,2020-03-09,4,0.0,0.0,1.0,0.0,"+1открытие в нижней трети|+1пн снял PWL|+1вт инсайд пн|-1хай пн устоял, ниже открытия",1,-1,-1
ADAUSDT,2020-03-16,2,1.0,1.0,0.0,1.0,"+1вт инсайд пн|-1хай пн устоял, ниже открытия",0,-1,-1
ADAUSDT,2020-03-23,1,0.0,,0.0,1.0,"+1лой пн устоял, выше открытия",1,1,1
ADAUSDT,2020-03-30,2,1.0,,0.0,1.0,"+1открытие в нижней трети|+1лой пн устоял, выше открытия",1,1,1
ADAUSDT,2020-04-06,3,0.0,0.0,1.0,1.0,"-1открытие в верхней трети|-1пн снял PWH|+1лой пн устоял, выше открытия",-1,1,1
ADAUSDT,2020-04-13,2,1.0,1.0,0.0,0.0,+1открытие в нижней трети|+1пн снял PWL,1,1,0
ADAUSDT,2020-04-20,3,1.0,1.0,0.0,1.0,-1прошлая «обе сняты»|-1открытие в верхней трети|-1вт пробил лой пн,-1,-1,0
ADAUSDT,2020-04-27,3,0.0,1.0,0.0,1.0,"-1открытие в верхней трети|-1пн снял PWH|+1лой пн устоял, выше открытия",-1,1,1
ADAUSDT,2020-05-04,2,0.0,1.0,0.0,0.0,"+1вт инсайд пн|+1лой пн устоял, выше открытия",1,1,1
ADAUSDT,2020-05-11,1,0.0,,1.0,1.0,"+1лой пн устоял, выше открытия",1,1,1
ADAUSDT,2020-05-18,3,0.0,0.0,1.0,0.0,"-1открытие в верхней трети|-1пн снял PWH|+1лой пн устоял, выше открытия",-1,1,1
ADAUSDT,2020-05-25,3,1.0,1.0,0.0,1.0,"+1открытие в нижней трети|+1вт инсайд пн|+1лой пн устоял, выше открытия",1,1,1
ADAUSDT,2020-06-01,1,1.0,,0.0,1.0,-1вт пробил лой пн,-1,-1,0
ADAUSDT,2020-06-08,3,0.0,0.0,1.0,0.0,"-1открытие в верхней трети|-1вт пробил лой пн|-1хай пн устоял, ниже открытия",-1,-1,-1
ADAUSDT,2020-06-15,4,0.0,0.0,0.0,1.0,"+1открытие в нижней трети|+1пн снял PWL|+1лой пн устоял, выше открытия|+1PWL снят, ср выше PWL, лой устоял",1,1,1
ADAUSDT,2020-06-22,1,0.0,0.0,1.0,0.0,"+1лой пн устоял, выше открытия",1,1,1
ADAUSDT,2020-06-29,1,1.0,0.0,0.0,1.0,"+1лой пн устоял, выше открытия",1,1,1
ADAUSDT,2020-07-06,3,0.0,0.0,1.0,1.0,"-1открытие в верхней трети|-1пн снял PWH|+1лой пн устоял, выше открытия",-1,1,1
ADAUSDT,2020-07-13,3,0.0,0.0,1.0,0.0,"-1открытие в верхней трети|+1вт инсайд пн|+1лой пн устоял, выше открытия",1,1,1
ADAUSDT,2020-07-20,3,1.0,1.0,0.0,1.0,"+1открытие в нижней трети|+1пн снял PWL|+1PWL снят, ср выше PWL, лой устоял",1,1,1
ADAUSDT,2020-07-27,1,0.0,0.0,1.0,0.0,-1открытие в верхней трети,-1,-1,0
ADAUSDT,2020-08-03,2,1.0,,0.0,1.0,"+1открытие в нижней трети|+1лой пн устоял, выше открытия",1,1,1
ADAUSDT,2020-08-10,4,1.0,,1.0,1.0,"-1вт пробил лой пн|-1пн внутри, вт снял PWL и вернулся|-1хай пн устоял, ниже открытия|+1PWL снят, ср обновила лой, закрылась выше PWL",-1,1,1
ADAUSDT,2020-08-17,3,0.0,0.0,1.0,0.0,"-1открытие в верхней трети|-1вт пробил лой пн|-1хай пн устоял, ниже открытия",-1,-1,-1
ADAUSDT,2020-08-24,3,1.0,0.0,1.0,0.0,"+1открытие в нижней трети|-1вт пробил лой пн|-1хай пн устоял, ниже открытия",-1,-1,-1
ADAUSDT,2020-08-31,2,0.0,0.0,1.0,0.0,"-1пн внутри, вт снял PWH и вернулся|-1PWH снят, ср ниже PWH, хай устоял",-1,-1,-1
ADAUSDT,2020-09-07,2,1.0,,0.0,1.0,"+1открытие в нижней трети|+1лой пн устоял, выше открытия",1,1,1
ADAUSDT,2020-09-14,0,0.0,,1.0,0.0,,0,0,0
ADAUSDT,2020-09-21,4,1.0,1.0,0.0,0.0,"+1открытие в нижней трети|+1пн снял PWL|+1вт инсайд пн|-1хай пн устоял, ниже открытия",1,-1,-1
ADAUSDT,2020-09-28,5,0.0,0.0,1.0,0.0,"-1открытие в верхней трети|-1пн снял PWH|-1вт пробил лой пн|-1снят PWH, ниже открытия|-1PWH снят, ср ниже PWH, хай устоял",-1,-1,-1
ADAUSDT,2020-10-05,2,1.0,1.0,0.0,1.0,"-1вт пробил лой пн|-1хай пн устоял, ниже открытия",-1,-1,-1
ADAUSDT,2020-10-12,5,1.0,,1.0,1.0,"-1прошлая «обе сняты»|-1открытие в верхней трети|-1пн снял PWH|+1лой пн устоял, выше открытия|-1PWH снят, ср ниже PWH, хай устоял",-1,-1,-1
ADAUSDT,2020-10-19,4,1.0,1.0,0.0,1.0,"-1вт пробил лой пн|-1пн внутри, вт снял PWL и вернулся|-1хай пн устоял, ниже открытия|+1PWL снят, ср выше PWL, лой устоял",-1,1,1
ADAUSDT,2020-10-26,3,0.0,0.0,1.0,0.0,"+1пн снял PWL|+1вт инсайд пн|-1хай пн устоял, ниже открытия",1,-1,-1
ADAUSDT,2020-11-02,4,1.0,1.0,0.0,1.0,"-1вт пробил лой пн|-1пн внутри, вт снял PWL и вернулся|-1хай пн устоял, ниже открытия|+1PWL снят, ср выше PWL, лой устоял",-1,1,1
ADAUSDT,2020-11-09,2,0.0,,1.0,0.0,-1прошлая «обе сняты»|-1открытие в верхней трети,-1,-1,0
ADAUSDT,2020-11-16,3,1.0,1.0,0.0,1.0,"+1открытие в нижней трети|+1лой пн устоял, выше открытия|-1PWH снят, ср ниже PWH, хай устоял",1,-1,-1
ADAUSDT,2020-11-23,3,1.0,0.0,1.0,0.0,"-1открытие в верхней трети|-1пн снял PWH|+1лой пн устоял, выше открытия",-1,1,1
ADAUSDT,2020-11-30,2,1.0,,1.0,1.0,-1открытие в верхней трети|-1вт пробил лой пн,-1,-1,0
ADAUSDT,2020-12-07,3,1.0,,1.0,1.0,"-1вт пробил лой пн|-1хай пн устоял, ниже открытия|+1PWL снят, ср обновила лой, закрылась выше PWL",-1,1,1
ADAUSDT,2020-12-14,3,0.0,,0.0,1.0,"-1открытие в верхней трети|-1снят PWH, ниже открытия|-1пн внутри, вт снял PWH и вернулся",-1,-1,0
ADAUSDT,2020-12-21,3,1.0,1.0,0.0,1.0,"+1пн снял PWL|+1вт инсайд пн|-1хай пн устоял, ниже открытия",1,-1,-1
ADAUSDT,2020-12-28,3,1.0,1.0,0.0,1.0,"-1открытие в верхней трети|-1пн снял PWH|+1лой пн устоял, выше открытия",-1,1,1
ADAUSDT,2021-01-04,3,0.0,1.0,0.0,1.0,"-1открытие в верхней трети|-1пн снял PWH|+1лой пн устоял, выше открытия",-1,1,1
ADAUSDT,2021-01-11,2,1.0,1.0,0.0,1.0,"-1открытие в верхней трети|+1лой пн устоял, выше открытия",0,1,1
ADAUSDT,2021-01-18,3,0.0,0.0,1.0,0.0,"-1открытие в верхней трети|-1вт пробил лой пн|-1хай пн устоял, ниже открытия",-1,-1,-1
ADAUSDT,2021-01-25,2,1.0,1.0,0.0,1.0,"-1вт пробил лой пн|-1хай пн устоял, ниже открытия",-1,-1,-1
ADAUSDT,2021-02-01,2,1.0,1.0,0.0,1.0,"-1пн снял PWH|+1лой пн устоял, выше открытия",0,1,1
ADAUSDT,2021-02-08,4,0.0,0.0,0.0,1.0,"-1открытие в верхней трети|-1пн снял PWH|+1вт инсайд пн|+1лой пн устоял, выше открытия",0,1,1
ADAUSDT,2021-02-15,2,1.0,1.0,0.0,1.0,"+1вт инсайд пн|+1лой пн устоял, выше открытия",1,1,1
ADAUSDT,2021-02-22,3,1.0,1.0,0.0,1.0,"-1открытие в верхней трети|-1вт пробил лой пн|-1хай пн устоял, ниже открытия",-1,-1,-1
ADAUSDT,2021-03-01,3,0.0,,1.0,0.0,"-1открытие в верхней трети|-1вт пробил лой пн|-1хай пн устоял, ниже открытия",-1,-1,-1
ADAUSDT,2021-03-08,2,0.0,,1.0,0.0,"+1открытие в нижней трети|+1лой пн устоял, выше открытия",1,1,1
ADAUSDT,2021-03-15,2,0.0,0.0,0.0,1.0,"+1открытие в нижней трети|+1лой пн устоял, выше открытия",1,1,1
ADAUSDT,2021-03-22,2,1.0,1.0,0.0,1.0,"+1вт инсайд пн|-1хай пн устоял, ниже открытия",0,-1,-1
ADAUSDT,2021-03-29,0,0.0,,0.0,1.0,,0,0,0
ADAUSDT,2021-04-05,1,1.0,1.0,1.0,1.0,"-1PWH снят, ср ниже PWH, хай устоял",-1,-1,-1
ADAUSDT,2021-04-12,2,0.0,0.0,1.0,0.0,"-1пн снял PWH|+1лой пн устоял, выше открытия",0,1,1
ADAUSDT,2021-04-19,3,0.0,0.0,1.0,0.0,"-1прошлая «обе сняты»|-1вт пробил лой пн|-1хай пн устоял, ниже открытия",-1,-1,-1
ADAUSDT,2021-04-26,2,0.0,,0.0,1.0,"-1пн внутри, вт снял PWH и вернулся|+1лой пн устоял, выше открытия",0,1,1
ADAUSDT,2021-05-03,2,1.0,1.0,0.0,1.0,-1открытие в верхней трети|-1вт пробил лой пн,-1,-1,0
ADAUSDT,2021-05-10,3,1.0,1.0,0.0,0.0,"-1открытие в верхней трети|+1вт инсайд пн|-1хай пн устоял, ниже открытия",-1,-1,-1
ADAUSDT,2021-05-17,3,0.0,1.0,1.0,1.0,"-1открытие в верхней трети|+1вт инсайд пн|-1хай пн устоял, ниже открытия",-1,-1,-1
ADAUSDT,2021-05-24,2,0.0,0.0,1.0,1.0,"+1открытие в нижней трети|+1лой пн устоял, выше открытия",1,1,1
ADAUSDT,2021-05-31,1,0.0,,0.0,1.0,"+1лой пн устоял, выше открытия",1,1,1
ADAUSDT,2021-06-07,4,0.0,0.0,1.0,0.0,"-1вт пробил лой пн|-1пн внутри, вт снял PWL и вернулся|-1хай пн устоял, ниже открытия|+1PWL снят, ср выше PWL, лой устоял",-1,1,1
ADAUSDT,2021-06-14,0,0.0,0.0,1.0,0.0,,0,0,0
ADAUSDT,2021-06-21,3,1.0,1.0,1.0,1.0,"+1пн снял PWL|-1вт пробил лой пн|-1хай пн устоял, ниже открытия",-1,-1,-1
ADAUSDT,2021-06-28,1,1.0,,0.0,1.0,-1открытие в верхней трети,-1,-1,0
ADAUSDT,2021-07-05,3,0.0,,1.0,0.0,"-1открытие в верхней трети|+1вт инсайд пн|-1хай пн устоял, ниже открытия",-1,-1,-1
ADAUSDT,2021-07-12,2,0.0,0.0,1.0,0.0,"-1вт пробил лой пн|-1хай пн устоял, ниже открытия",-1,-1,-1
ADAUSDT,2021-07-19,4,1.0,1.0,0.0,1.0,"+1открытие в нижней трети|+1пн снял PWL|-1вт пробил лой пн|+1PWL снят, ср выше PWL, лой устоял",1,1,1
ADAUSDT,2021-07-26,3,1.0,1.0,1.0,1.0,-1открытие в верхней трети|-1пн снял PWH|-1вт пробил лой пн,-1,-1,0
ADAUSDT,2021-08-02,1,1.0,1.0,0.0,1.0,-1вт пробил лой пн,-1,-1,0
ADAUSDT,2021-08-09,3,1.0,0.0,0.0,1.0,"-1открытие в верхней трети|-1пн снял PWH|+1лой пн устоял, выше открытия",-1,1,1
ADAUSDT,2021-08-16,3,1.0,1.0,0.0,1.0,"-1открытие в верхней трети|-1вт пробил лой пн|-1хай пн устоял, ниже открытия",-1,-1,-1
ADAUSDT,2021-08-23,3,1.0,0.0,1.0,0.0,-1открытие в верхней трети|-1пн снял PWH|-1вт пробил лой пн,-1,-1,0
ADAUSDT,2021-08-30,2,1.0,,0.0,1.0,-1открытие в верхней трети|-1вт пробил лой пн,-1,-1,0
ADAUSDT,2021-09-06,2,1.0,1.0,1.0,1.0,"-1вт пробил лой пн|-1хай пн устоял, ниже открытия",-1,-1,-1
ADAUSDT,2021-09-13,3,0.0,,1.0,0.0,"-1открытие в верхней трети|+1вт инсайд пн|-1хай пн устоял, ниже открытия",-1,-1,-1
ADAUSDT,2021-09-20,4,0.0,,0.0,1.0,"+1открытие в нижней трети|+1пн снял PWL|-1вт пробил лой пн|-1хай пн устоял, ниже открытия",0,-1,-1
ADAUSDT,2021-09-27,2,1.0,1.0,0.0,1.0,"-1вт пробил лой пн|-1хай пн устоял, ниже открытия",-1,-1,-1
ADAUSDT,2021-10-04,1,0.0,,0.0,1.0,-1открытие в верхней трети,-1,-1,0
ADAUSDT,2021-10-11,4,0.0,,0.0,1.0,"+1открытие в нижней трети|+1пн снял PWL|-1вт пробил лой пн|+1PWL снят, ср выше PWL, лой устоял",1,1,1
ADAUSDT,2021-10-18,1,0.0,,0.0,0.0,-1вт пробил лой пн,-1,-1,0
ADAUSDT,2021-10-25,1,1.0,1.0,1.0,1.0,+1открытие в нижней трети,1,1,0
ADAUSDT,2021-11-01,2,0.0,0.0,1.0,1.0,"+1вт инсайд пн|+1лой пн устоял, выше открытия",1,1,1
ADAUSDT,2021-11-08,1,0.0,,1.0,1.0,"-1PWH снят, ср ниже PWH, хай устоял",-1,-1,-1
ADAUSDT,2021-11-15,3,0.0,0.0,1.0,0.0,"+1открытие в нижней трети|-1вт пробил лой пн|-1хай пн устоял, ниже открытия",-1,-1,-1
ADAUSDT,2021-11-22,2,0.0,0.0,1.0,0.0,"-1вт пробил лой пн|-1хай пн устоял, ниже открытия",-1,-1,-1
ADAUSDT,2021-11-29,2,0.0,1.0,0.0,0.0,"-1вт пробил лой пн|-1хай пн устоял, ниже открытия",-1,-1,-1
ADAUSDT,2021-12-06,1,0.0,0.0,1.0,0.0,"+1лой пн устоял, выше открытия",1,1,1
ADAUSDT,2021-12-13,2,0.0,,1.0,0.0,"-1вт пробил лой пн|-1хай пн устоял, ниже открытия",-1,-1,-1
ADAUSDT,2021-12-20,1,1.0,1.0,0.0,1.0,"+1лой пн устоял, выше открытия",1,1,1
ADAUSDT,2021-12-27,6,1.0,,1.0,0.0,"-1открытие в верхней трети|-1пн снял PWH|-1вт пробил лой пн|-1снят PWH, ниже открытия|-1хай пн устоял, ниже открытия|-1PWH снят, ср ниже PWH, хай устоял",-1,-1,-1
ADAUSDT,2022-01-03,3,0.0,0.0,1.0,0.0,"+1открытие в нижней трети|-1вт пробил лой пн|-1хай пн устоял, ниже открытия",-1,-1,-1
ADAUSDT,2022-01-10,4,1.0,1.0,0.0,1.0,"+1открытие в нижней трети|+1пн снял PWL|+1лой пн устоял, выше открытия|+1PWL снят, ср выше PWL, лой устоял",1,1,1
ADAUSDT,2022-01-17,3,0.0,0.0,1.0,0.0,"-1открытие в верхней трети|-1пн снял PWH|-1PWH снят, ср ниже PWH, хай устоял",-1,-1,-1
ADAUSDT,2022-01-24,3,0.0,,1.0,1.0,-1прошлая «обе сняты»|+1открытие в нижней трети|+1вт инсайд пн,1,1,0
ADAUSDT,2022-01-31,0,1.0,1.0,0.0,1.0,,0,0,0
ADAUSDT,2022-02-07,3,0.0,0.0,1.0,0.0,"-1открытие в верхней трети|-1пн снял PWH|+1лой пн устоял, выше открытия",-1,1,1
ADAUSDT,2022-02-14,4,0.0,0.0,1.0,0.0,"+1открытие в нижней трети|+1пн снял PWL|+1лой пн устоял, выше открытия|+1PWL снят, ср выше PWL, лой устоял",1,1,1
ADAUSDT,2022-02-21,4,0.0,0.0,1.0,0.0,"+1открытие в нижней трети|+1пн снял PWL|-1вт пробил лой пн|-1хай пн устоял, ниже открытия",0,-1,-1
ADAUSDT,2022-02-28,3,0.0,0.0,1.0,0.0,"-1пн внутри, вт снял PWH и вернулся|+1лой пн устоял, выше открытия|-1PWH снят, ср ниже PWH, хай устоял",-1,-1,-1
ADAUSDT,2022-03-07,5,0.0,,1.0,1.0,"+1открытие в нижней трети|+1пн снял PWL|+1вт инсайд пн|+1лой пн устоял, выше открытия|+1PWL снят, ср выше PWL, лой устоял",1,1,1
ADAUSDT,2022-03-14,4,1.0,1.0,0.0,1.0,"+1открытие в нижней трети|+1пн снял PWL|+1лой пн устоял, выше открытия|+1PWL снят, ср выше PWL, лой устоял",1,1,1
ADAUSDT,2022-03-21,3,1.0,1.0,0.0,1.0,"-1открытие в верхней трети|-1пн снял PWH|+1лой пн устоял, выше открытия",-1,1,1
ADAUSDT,2022-03-28,4,0.0,0.0,1.0,0.0,"-1открытие в верхней трети|-1пн снял PWH|+1вт инсайд пн|+1лой пн устоял, выше открытия",0,1,1
ADAUSDT,2022-04-04,5,0.0,,1.0,0.0,"-1пн снял PWH|+1вт инсайд пн|-1снят PWH, ниже открытия|-1хай пн устоял, ниже открытия|-1PWH снят, ср ниже PWH, хай устоял",-1,-1,-1
ADAUSDT,2022-04-11,4,0.0,,1.0,0.0,"+1открытие в нижней трети|+1пн снял PWL|-1вт пробил лой пн|-1хай пн устоял, ниже открытия",0,-1,-1
ADAUSDT,2022-04-18,4,0.0,,1.0,1.0,"+1открытие в нижней трети|+1пн снял PWL|+1лой пн устоял, выше открытия|+1PWL снят, ср выше PWL, лой устоял",1,1,1
ADAUSDT,2022-04-25,4,0.0,0.0,1.0,0.0,"+1открытие в нижней трети|+1пн снял PWL|-1вт пробил лой пн|-1хай пн устоял, ниже открытия",0,-1,-1
ADAUSDT,2022-05-02,2,0.0,0.0,0.0,0.0,+1открытие в нижней трети|-1вт пробил лой пн,0,-1,0
ADAUSDT,2022-05-09,5,1.0,0.0,1.0,0.0,"-1прошлая «обе сняты»|+1открытие в нижней трети|+1пн снял PWL|-1вт пробил лой пн|-1хай пн устоял, ниже открытия",-1,-1,-1
ADAUSDT,2022-05-16,2,1.0,,1.0,0.0,"+1вт инсайд пн|-1хай пн устоял, ниже открытия",0,-1,-1
ADAUSDT,2022-05-23,2,0.0,,1.0,0.0,"-1вт пробил лой пн|-1хай пн устоял, ниже открытия",-1,-1,-1
ADAUSDT,2022-05-30,4,1.0,1.0,1.0,1.0,"+1открытие в нижней трети|-1пн снял PWH|+1лой пн устоял, выше открытия|-1PWH снят, ср ниже PWH, хай устоял",0,-1,-1
ADAUSDT,2022-06-06,2,0.0,0.0,1.0,0.0,"+1вт инсайд пн|+1лой пн устоял, выше открытия",1,1,1
ADAUSDT,2022-06-13,4,0.0,0.0,0.0,0.0,"+1открытие в нижней трети|+1пн снял PWL|+1лой пн устоял, выше открытия|+1PWL снят, ср выше PWL, лой устоял",1,1,1
ADAUSDT,2022-06-20,0,1.0,,0.0,1.0,,0,0,0
ADAUSDT,2022-06-27,2,0.0,,1.0,0.0,"-1вт пробил лой пн|-1хай пн устоял, ниже открытия",-1,-1,-1
ADAUSDT,2022-07-04,2,1.0,1.0,0.0,1.0,+1открытие в нижней трети|-1вт пробил лой пн,0,-1,0
ADAUSDT,2022-07-11,3,1.0,1.0,0.0,1.0,"+1пн снял PWL|-1вт пробил лой пн|-1хай пн устоял, ниже открытия",-1,-1,-1
ADAUSDT,2022-07-18,3,1.0,1.0,1.0,1.0,"-1открытие в верхней трети|-1пн снял PWH|+1лой пн устоял, выше открытия",-1,1,1
ADAUSDT,2022-07-25,2,1.0,1.0,0.0,1.0,"-1вт пробил лой пн|-1хай пн устоял, ниже открытия",-1,-1,-1
ADAUSDT,2022-08-01,2,1.0,,0.0,1.0,"-1вт пробил лой пн|-1хай пн устоял, ниже открытия",-1,-1,-1
ADAUSDT,2022-08-08,5,1.0,1.0,0.0,1.0,"-1открытие в верхней трети|-1пн снял PWH|-1вт пробил лой пн|-1снят PWH, ниже открытия|-1PWH снят, ср ниже PWH, хай устоял",-1,-1,-1
ADAUSDT,2022-08-15,2,0.0,0.0,1.0,0.0,-1открытие в верхней трети|+1вт инсайд пн,0,1,0
ADAUSDT,2022-08-22,1,0.0,,0.0,0.0,+1открытие в нижней трети,1,1,0
ADAUSDT,2022-08-29,4,1.0,1.0,0.0,1.0,"+1открытие в нижней трети|+1пн снял PWL|+1лой пн устоял, выше открытия|+1PWL снят, ср выше PWL, лой устоял",1,1,1
ADAUSDT,2022-09-05,5,1.0,1.0,0.0,1.0,"-1открытие в верхней трети|-1вт пробил лой пн|-1снят PWH, ниже открытия|-1пн внутри, вт снял PWH и вернулся|-1PWH снят, ср ниже PWH, хай устоял",-1,-1,-1
ADAUSDT,2022-09-12,3,0.0,0.0,1.0,0.0,"-1открытие в верхней трети|-1вт пробил лой пн|-1хай пн устоял, ниже открытия",-1,-1,-1
ADAUSDT,2022-09-19,4,1.0,1.0,0.0,1.0,"+1открытие в нижней трети|+1пн снял PWL|+1вт инсайд пн|+1PWL снят, ср обновила лой, закрылась выше PWL",1,1,1
ADAUSDT,2022-09-26,0,0.0,,1.0,0.0,,0,0,0
ADAUSDT,2022-10-03,4,0.0,,1.0,1.0,"+1открытие в нижней трети|+1пн снял PWL|+1лой пн устоял, выше открытия|+1PWL снят, ср выше PWL, лой устоял",1,1,1
ADAUSDT,2022-10-10,3,0.0,0.0,1.0,0.0,"+1пн снял PWL|-1вт пробил лой пн|-1хай пн устоял, ниже открытия",-1,-1,-1
ADAUSDT,2022-10-17,3,1.0,0.0,1.0,0.0,"+1открытие в нижней трети|-1вт пробил лой пн|-1хай пн устоял, ниже открытия",-1,-1,-1
ADAUSDT,2022-10-24,2,1.0,0.0,0.0,1.0,"-1открытие в верхней трети|+1лой пн устоял, выше открытия",0,1,1
ADAUSDT,2022-10-31,2,1.0,1.0,0.0,1.0,"+1вт инсайд пн|-1хай пн устоял, ниже открытия",0,-1,-1
ADAUSDT,2022-11-07,2,1.0,1.0,1.0,1.0,"-1вт пробил лой пн|-1хай пн устоял, ниже открытия",-1,-1,-1
ADAUSDT,2022-11-14,2,0.0,,1.0,0.0,"+1открытие в нижней трети|+1лой пн устоял, выше открытия",1,1,1
ADAUSDT,2022-11-21,4,0.0,,0.0,1.0,"+1открытие в нижней трети|+1пн снял PWL|+1лой пн устоял, выше открытия|+1PWL снят, ср выше PWL, лой устоял",1,1,1
ADAUSDT,2022-11-28,2,1.0,,0.0,1.0,"+1вт инсайд пн|+1лой пн устоял, выше открытия",1,1,1
ADAUSDT,2022-12-05,6,0.0,,1.0,0.0,"-1открытие в верхней трети|-1пн снял PWH|-1вт пробил лой пн|-1снят PWH, ниже открытия|-1хай пн устоял, ниже открытия|-1PWH снят, ср ниже PWH, хай устоял",-1,-1,-1
ADAUSDT,2022-12-12,4,0.0,0.0,1.0,0.0,"+1открытие в нижней трети|+1пн снял PWL|-1вт пробил лой пн|+1PWL снят, ср выше PWL, лой устоял",1,1,1
ADAUSDT,2022-12-19,4,1.0,,1.0,0.0,"+1открытие в нижней трети|+1пн снял PWL|+1вт инсайд пн|-1хай пн устоял, ниже открытия",1,-1,-1
ADAUSDT,2022-12-26,1,1.0,,1.0,0.0,-1вт пробил лой пн,-1,-1,0
ADAUSDT,2023-01-02,2,1.0,1.0,0.0,1.0,"+1вт инсайд пн|+1лой пн устоял, выше открытия",1,1,1
ADAUSDT,2023-01-09,4,1.0,1.0,0.0,1.0,"-1открытие в верхней трети|-1пн снял PWH|+1вт инсайд пн|+1лой пн устоял, выше открытия",0,1,1
ADAUSDT,2023-01-16,3,1.0,1.0,0.0,1.0,"-1открытие в верхней трети|+1вт инсайд пн|-1хай пн устоял, ниже открытия",-1,-1,-1
ADAUSDT,2023-01-23,3,1.0,,0.0,1.0,"-1открытие в верхней трети|-1вт пробил лой пн|-1хай пн устоял, ниже открытия",-1,-1,-1
ADAUSDT,2023-01-30,4,0.0,,0.0,1.0,"-1открытие в верхней трети|-1снят PWH, ниже открытия|-1пн внутри, вт снял PWH и вернулся|-1PWH снят, ср обновила хай, закрылась ниже PWH",-1,-1,-1
ADAUSDT,2023-02-06,2,0.0,0.0,1.0,0.0,"+1вт инсайд пн|+1лой пн устоял, выше открытия",1,1,1
ADAUSDT,2023-02-13,4,0.0,0.0,0.0,1.0,"+1открытие в нижней трети|+1пн снял PWL|+1лой пн устоял, выше открытия|+1PWL снят, ср выше PWL, лой устоял",1,1,1
ADAUSDT,2023-02-20,4,0.0,0.0,1.0,0.0,"-1прошлая «обе сняты»|-1открытие в верхней трети|-1вт пробил лой пн|-1хай пн устоял, ниже открытия",-1,-1,-1
ADAUSDT,2023-02-27,5,0.0,0.0,1.0,0.0,"+1открытие в нижней трети|-1вт пробил лой пн|-1пн внутри, вт снял PWL и вернулся|-1хай пн устоял, ниже открытия|+1PWL снят, ср выше PWL, лой устоял",-1,1,1
ADAUSDT,2023-03-06,2,1.0,0.0,1.0,0.0,"-1вт пробил лой пн|-1хай пн устоял, ниже открытия",-1,-1,-1
ADAUSDT,2023-03-13,3,1.0,1.0,1.0,1.0,"-1открытие в верхней трети|-1пн снял PWH|-1PWH снят, ср ниже PWH, хай устоял",-1,-1,-1
ADAUSDT,2023-03-20,2,0.0,1.0,1.0,1.0,"-1вт пробил лой пн|-1PWH снят, ср ниже PWH, хай устоял",-1,-1,-1
ADAUSDT,2023-03-27,1,1.0,1.0,0.0,1.0,"+1лой пн устоял, выше открытия",1,1,1
ADAUSDT,2023-04-03,2,0.0,,1.0,1.0,"+1вт инсайд пн|+1лой пн устоял, выше открытия",1,1,1
ADAUSDT,2023-04-10,3,1.0,1.0,0.0,1.0,"-1пн внутри, вт снял PWH и вернулся|+1лой пн устоял, выше открытия|-1PWH снят, ср ниже PWH, хай устоял",-1,-1,-1
ADAUSDT,2023-04-17,3,0.0,0.0,1.0,0.0,"-1открытие в верхней трети|-1вт пробил лой пн|-1хай пн устоял, ниже открытия",-1,-1,-1
ADAUSDT,2023-04-24,4,0.0,,0.0,1.0,"+1открытие в нижней трети|-1вт пробил лой пн|-1пн внутри, вт снял PWL и вернулся|+1PWL снят, ср выше PWL, лой устоял",0,1,1
ADAUSDT,2023-05-01,2,0.0,,1.0,0.0,"+1вт инсайд пн|-1хай пн устоял, ниже открытия",0,-1,-1
ADAUSDT,2023-05-08,4,1.0,0.0,1.0,0.0,"+1открытие в нижней трети|+1пн снял PWL|+1вт инсайд пн|-1хай пн устоял, ниже открытия",1,-1,-1
ADAUSDT,2023-05-15,2,0.0,0.0,1.0,0.0,-1открытие в верхней трети|-1вт пробил лой пн,-1,-1,0
ADAUSDT,2023-05-22,4,1.0,1.0,0.0,0.0,"+1открытие в нижней трети|+1пн снял PWL|+1лой пн устоял, выше открытия|+1PWL снят, ср выше PWL, лой устоял",1,1,1
ADAUSDT,2023-05-29,6,1.0,0.0,1.0,0.0,"-1открытие в верхней трети|-1пн снял PWH|-1вт пробил лой пн|-1снят PWH, ниже открытия|-1хай пн устоял, ниже открытия|-1PWH снят, ср ниже PWH, хай устоял",-1,-1,-1
ADAUSDT,2023-06-05,3,0.0,0.0,1.0,0.0,"+1пн снял PWL|-1вт пробил лой пн|-1хай пн устоял, ниже открытия",-1,-1,-1
ADAUSDT,2023-06-12,0,0.0,,1.0,0.0,,0,0,0
ADAUSDT,2023-06-19,4,1.0,,0.0,1.0,"+1открытие в нижней трети|-1вт пробил лой пн|-1пн внутри, вт снял PWL и вернулся|+1PWL снят, ср выше PWL, лой устоял",0,1,1
ADAUSDT,2023-06-26,3,1.0,1.0,0.0,1.0,"-1открытие в верхней трети|+1вт инсайд пн|-1хай пн устоял, ниже открытия",-1,-1,-1
ADAUSDT,2023-07-03,4,1.0,,1.0,0.0,"-1открытие в верхней трети|-1вт пробил лой пн|-1пн внутри, вт снял PWH и вернулся|-1PWH снят, ср ниже PWH, хай устоял",-1,-1,-1
ADAUSDT,2023-07-10,1,1.0,1.0,0.0,1.0,"+1лой пн устоял, выше открытия",1,1,1
ADAUSDT,2023-07-17,1,0.0,,0.0,1.0,-1вт пробил лой пн,-1,-1,0
ADAUSDT,2023-07-24,2,1.0,,1.0,1.0,"+1вт инсайд пн|-1хай пн устоял, ниже открытия",0,-1,-1
ADAUSDT,2023-07-31,4,0.0,,1.0,0.0,"-1открытие в верхней трети|-1пн снял PWH|-1вт пробил лой пн|-1хай пн устоял, ниже открытия",-1,-1,-1
ADAUSDT,2023-08-07,4,0.0,0.0,1.0,1.0,"+1открытие в нижней трети|+1пн снял PWL|+1лой пн устоял, выше открытия|+1PWL снят, ср выше PWL, лой устоял",1,1,1
ADAUSDT,2023-08-14,3,0.0,0.0,1.0,0.0,"-1вт пробил лой пн|-1пн внутри, вт снял PWL и вернулся|-1хай пн устоял, ниже открытия",-1,-1,-1
ADAUSDT,2023-08-21,2,0.0,,1.0,1.0,"-1вт пробил лой пн|-1хай пн устоял, ниже открытия",-1,-1,-1
ADAUSDT,2023-08-28,3,0.0,0.0,1.0,0.0,"-1пн внутри, вт снял PWH и вернулся|+1лой пн устоял, выше открытия|-1PWH снят, ср ниже PWH, хай устоял",-1,-1,-1
ADAUSDT,2023-09-04,3,0.0,0.0,1.0,0.0,-1прошлая «обе сняты»|+1открытие в нижней трети|+1вт инсайд пн,1,1,0
ADAUSDT,2023-09-11,2,0.0,,0.0,1.0,"+1пн снял PWL|+1PWL снят, ср выше PWL, лой устоял",1,1,1
ADAUSDT,2023-09-18,3,0.0,0.0,1.0,0.0,"-1пн снял PWH|+1лой пн устоял, выше открытия|-1PWH снят, ср ниже PWH, хай устоял",-1,-1,-1
ADAUSDT,2023-09-25,4,1.0,1.0,0.0,1.0,"+1открытие в нижней трети|+1пн снял PWL|+1лой пн устоял, выше открытия|+1PWL снят, ср выше PWL, лой устоял",1,1,1
ADAUSDT,2023-10-02,6,0.0,1.0,1.0,1.0,"-1открытие в верхней трети|-1пн снял PWH|+1вт инсайд пн|-1снят PWH, ниже открытия|-1хай пн устоял, ниже открытия|-1PWH снят, ср ниже PWH, хай устоял",-1,-1,-1
ADAUSDT,2023-10-09,4,0.0,,1.0,0.0,"+1открытие в нижней трети|+1пн снял PWL|-1вт пробил лой пн|-1хай пн устоял, ниже открытия",0,-1,-1
ADAUSDT,2023-10-16,6,1.0,1.0,0.0,0.0,"+1открытие в нижней трети|-1пн снял PWH|-1вт пробил лой пн|-1снят PWH, ниже открытия|-1хай пн устоял, ниже открытия|-1PWH снят, ср ниже PWH, хай устоял",-1,-1,-1
ADAUSDT,2023-10-23,3,1.0,1.0,0.0,1.0,"-1открытие в верхней трети|-1пн снял PWH|+1лой пн устоял, выше открытия",-1,1,1
ADAUSDT,2023-10-30,4,1.0,1.0,0.0,1.0,"-1открытие в верхней трети|-1пн снял PWH|-1вт пробил лой пн|-1снят PWH, ниже открытия",-1,-1,0
ADAUSDT,2023-11-06,3,1.0,1.0,0.0,1.0,-1открытие в верхней трети|-1пн снял PWH|-1вт пробил лой пн,-1,-1,0
ADAUSDT,2023-11-13,3,1.0,1.0,0.0,1.0,"-1открытие в верхней трети|-1вт пробил лой пн|-1хай пн устоял, ниже открытия",-1,-1,-1
ADAUSDT,2023-11-20,2,1.0,,1.0,1.0,"-1вт пробил лой пн|-1хай пн устоял, ниже открытия",-1,-1,-1
ADAUSDT,2023-11-27,3,1.0,,0.0,1.0,"-1открытие в верхней трети|-1вт пробил лой пн|-1хай пн устоял, ниже открытия",-1,-1,-1
ADAUSDT,2023-12-04,3,1.0,1.0,0.0,1.0,"-1открытие в верхней трети|-1пн снял PWH|+1лой пн устоял, выше открытия",-1,1,1
ADAUSDT,2023-12-11,2,0.0,0.0,0.0,1.0,"-1открытие в верхней трети|+1лой пн устоял, выше открытия",0,1,1
ADAUSDT,2023-12-18,1,1.0,,0.0,1.0,"+1лой пн устоял, выше открытия",1,1,1
ADAUSDT,2023-12-25,1,0.0,,0.0,1.0,-1вт пробил лой пн,-1,-1,0
ADAUSDT,2024-01-01,1,0.0,0.0,1.0,1.0,+1открытие в нижней трети,1,1,0
ADAUSDT,2024-01-08,5,0.0,1.0,0.0,1.0,"+1открытие в нижней трети|+1пн снял PWL|+1вт инсайд пн|+1лой пн устоял, выше открытия|+1PWL снят, ср выше PWL, лой устоял",1,1,1
ADAUSDT,2024-01-15,0,0.0,0.0,1.0,0.0,,0,0,0
ADAUSDT,2024-01-22,4,1.0,,1.0,1.0,"-1вт пробил лой пн|-1пн внутри, вт снял PWL и вернулся|-1хай пн устоял, ниже открытия|+1PWL снят, ср выше PWL, лой устоял",-1,1,1
ADAUSDT,2024-01-29,4,0.0,1.0,1.0,1.0,"-1открытие в верхней трети|-1пн снял PWH|+1лой пн устоял, выше открытия|-1PWH снят, ср ниже PWH, хай устоял",-1,-1,-1
ADAUSDT,2024-02-05,2,1.0,1.0,0.0,1.0,+1открытие в нижней трети|+1вт инсайд пн,1,1,0
ADAUSDT,2024-02-12,4,1.0,1.0,0.0,1.0,"-1открытие в верхней трети|-1пн снял PWH|+1вт инсайд пн|+1лой пн устоял, выше открытия",0,1,1
ADAUSDT,2024-02-19,4,0.0,,1.0,0.0,"-1открытие в верхней трети|-1пн снял PWH|-1вт пробил лой пн|-1PWH снят, ср ниже PWH, хай устоял",-1,-1,-1
ADAUSDT,2024-02-26,2,1.0,1.0,0.0,1.0,"+1открытие в нижней трети|+1лой пн устоял, выше открытия",1,1,1
ADAUSDT,2024-03-04,3,0.0,,1.0,1.0,-1открытие в верхней трети|-1пн снял PWH|-1вт пробил лой пн,-1,-1,0
ADAUSDT,2024-03-11,4,0.0,0.0,0.0,0.0,"-1прошлая «обе сняты»|-1открытие в верхней трети|+1вт инсайд пн|+1лой пн устоял, выше открытия",0,1,1
ADAUSDT,2024-03-18,4,1.0,,1.0,1.0,"+1открытие в нижней трети|-1вт пробил лой пн|-1хай пн устоял, ниже открытия|+1PWL снят, ср обновила лой, закрылась выше PWL",0,1,1
ADAUSDT,2024-03-25,0,1.0,,1.0,1.0,,0,0,0
ADAUSDT,2024-04-01,3,1.0,,1.0,0.0,"+1пн снял PWL|-1вт пробил лой пн|-1хай пн устоял, ниже открытия",-1,-1,-1
ADAUSDT,2024-04-08,1,0.0,0.0,1.0,0.0,+1открытие в нижней трети,1,1,0
ADAUSDT,2024-04-15,3,1.0,1.0,0.0,0.0,"+1открытие в нижней трети|+1вт инсайд пн|-1хай пн устоял, ниже открытия",1,-1,-1
ADAUSDT,2024-04-22,5,0.0,,1.0,0.0,"-1открытие в верхней трети|-1пн снял PWH|+1вт инсайд пн|-1хай пн устоял, ниже открытия|-1PWH снят, ср ниже PWH, хай устоял",-1,-1,-1
ADAUSDT,2024-04-29,4,1.0,,0.0,1.0,"+1открытие в нижней трети|-1вт пробил лой пн|-1хай пн устоял, ниже открытия|+1PWL снят, ср обновила лой, закрылась выше PWL",0,1,1
ADAUSDT,2024-05-06,6,0.0,,1.0,0.0,"-1открытие в верхней трети|-1пн снял PWH|-1вт пробил лой пн|-1снят PWH, ниже открытия|-1хай пн устоял, ниже открытия|-1PWH снят, ср ниже PWH, хай устоял",-1,-1,-1
ADAUSDT,2024-05-13,5,1.0,1.0,0.0,1.0,"+1открытие в нижней трети|+1пн снял PWL|+1вт инсайд пн|+1лой пн устоял, выше открытия|+1PWL снят, ср выше PWL, лой устоял",1,1,1
ADAUSDT,2024-05-20,4,0.0,0.0,1.0,0.0,"-1прошлая «обе сняты»|-1пн снял PWH|+1лой пн устоял, выше открытия|-1PWH снят, ср ниже PWH, хай устоял",-1,-1,-1
ADAUSDT,2024-05-27,3,0.0,,1.0,0.0,"+1открытие в нижней трети|-1вт пробил лой пн|-1хай пн устоял, ниже открытия",-1,-1,-1
ADAUSDT,2024-06-03,2,0.0,1.0,0.0,0.0,"+1открытие в нижней трети|+1лой пн устоял, выше открытия",1,1,1
ADAUSDT,2024-06-10,5,0.0,0.0,1.0,0.0,"-1прошлая «обе сняты»|+1открытие в нижней трети|-1вт пробил лой пн|-1хай пн устоял, ниже открытия|+1PWL снят, ср выше PWL, лой устоял",-1,1,1
ADAUSDT,2024-06-17,3,0.0,,1.0,1.0,"+1пн снял PWL|-1вт пробил лой пн|-1хай пн устоял, ниже открытия",-1,-1,-1
ADAUSDT,2024-06-24,1,1.0,,0.0,1.0,"+1лой пн устоял, выше открытия",1,1,1
ADAUSDT,2024-07-01,3,0.0,0.0,1.0,0.0,"-1открытие в верхней трети|-1пн снял PWH|+1лой пн устоял, выше открытия",-1,1,1
ADAUSDT,2024-07-08,2,1.0,1.0,0.0,1.0,"+1открытие в нижней трети|+1лой пн устоял, выше открытия",1,1,1
ADAUSDT,2024-07-15,4,1.0,,1.0,0.0,"-1открытие в верхней трети|-1вт пробил лой пн|-1пн внутри, вт снял PWH и вернулся|-1PWH снят, ср обновила хай, закрылась ниже PWH",-1,-1,-1
ADAUSDT,2024-07-22,3,1.0,,1.0,0.0,"-1открытие в верхней трети|-1вт пробил лой пн|-1хай пн устоял, ниже открытия",-1,-1,-1
ADAUSDT,2024-07-29,2,0.0,0.0,1.0,0.0,"-1вт пробил лой пн|-1хай пн устоял, ниже открытия",-1,-1,-1
ADAUSDT,2024-08-05,4,1.0,1.0,0.0,1.0,"+1открытие в нижней трети|+1пн снял PWL|+1вт инсайд пн|-1хай пн устоял, ниже открытия",1,-1,-1
ADAUSDT,2024-08-12,1,0.0,,1.0,0.0,"+1лой пн устоял, выше открытия",1,1,1
ADAUSDT,2024-08-19,2,1.0,1.0,0.0,1.0,"-1пн внутри, вт снял PWH и вернулся|+1лой пн устоял, выше открытия",0,1,1
ADAUSDT,2024-08-26,3,0.0,1.0,1.0,0.0,"-1открытие в верхней трети|-1вт пробил лой пн|-1хай пн устоял, ниже открытия",-1,-1,-1
ADAUSDT,2024-09-02,3,1.0,0.0,0.0,0.0,+1открытие в нижней трети|+1пн снял PWL|-1вт пробил лой пн,1,-1,0
ADAUSDT,2024-09-09,3,0.0,,0.0,1.0,-1открытие в верхней трети|-1пн снял PWH|-1вт пробил лой пн,-1,-1,0
ADAUSDT,2024-09-16,4,1.0,,0.0,1.0,"+1открытие в нижней трети|+1пн снял PWL|+1лой пн устоял, выше открытия|+1PWL снят, ср выше PWL, лой устоял",1,1,1
ADAUSDT,2024-09-23,3,1.0,1.0,0.0,1.0,"-1открытие в верхней трети|-1пн снял PWH|+1лой пн устоял, выше открытия",-1,1,1
ADAUSDT,2024-09-30,4,1.0,,1.0,0.0,"-1открытие в верхней трети|-1вт пробил лой пн|-1пн внутри, вт снял PWL и вернулся|-1хай пн устоял, ниже открытия",-1,-1,-1
ADAUSDT,2024-10-07,2,1.0,,1.0,0.0,"-1вт пробил лой пн|-1хай пн устоял, ниже открытия",-1,-1,-1
ADAUSDT,2024-10-14,3,1.0,,1.0,0.0,"-1пн внутри, вт снял PWH и вернулся|+1лой пн устоял, выше открытия|-1PWH снят, ср ниже PWH, хай устоял",-1,-1,-1
ADAUSDT,2024-10-21,6,0.0,0.0,1.0,0.0,"-1открытие в верхней трети|-1пн снял PWH|+1вт инсайд пн|-1снят PWH, ниже открытия|-1хай пн устоял, ниже открытия|-1PWH снят, ср ниже PWH, хай устоял",-1,-1,-1
ADAUSDT,2024-10-28,2,0.0,0.0,1.0,0.0,"-1прошлая «обе сняты»|+1лой пн устоял, выше открытия",0,1,1
ADAUSDT,2024-11-04,4,1.0,1.0,0.0,1.0,"+1открытие в нижней трети|+1пн снял PWL|+1лой пн устоял, выше открытия|+1PWL снят, ср выше PWL, лой устоял",1,1,1
ADAUSDT,2024-11-11,2,1.0,1.0,0.0,1.0,-1открытие в верхней трети|-1вт пробил лой пн,-1,-1,0
ADAUSDT,2024-11-18,2,1.0,1.0,0.0,1.0,"+1вт инсайд пн|+1лой пн устоял, выше открытия",1,1,1
ADAUSDT,2024-11-25,3,1.0,1.0,0.0,1.0,"-1открытие в верхней трети|-1вт пробил лой пн|-1хай пн устоял, ниже открытия",-1,-1,-1
ADAUSDT,2024-12-02,3,1.0,,1.0,1.0,"-1открытие в верхней трети|-1пн снял PWH|+1лой пн устоял, выше открытия",-1,1,1
ADAUSDT,2024-12-09,4,1.0,,1.0,1.0,"+1пн снял PWL|+1вт инсайд пн|-1хай пн устоял, ниже открытия|+1PWL снят, ср выше PWL, лой устоял",1,1,1
ADAUSDT,2024-12-16,3,0.0,0.0,1.0,0.0,"-1открытие в верхней трети|-1вт пробил лой пн|-1хай пн устоял, ниже открытия",-1,-1,-1
ADAUSDT,2024-12-23,1,0.0,,1.0,0.0,"+1лой пн устоял, выше открытия",1,1,1
ADAUSDT,2024-12-30,5,1.0,1.0,0.0,1.0,"+1открытие в нижней трети|+1пн снял PWL|+1вт инсайд пн|+1лой пн устоял, выше открытия|+1PWL снят, ср выше PWL, лой устоял",1,1,1
ADAUSDT,2025-01-06,5,1.0,1.0,1.0,0.0,"-1открытие в верхней трети|-1вт пробил лой пн|-1снят PWH, ниже открытия|-1пн внутри, вт снял PWH и вернулся|-1PWH снят, ср ниже PWH, хай устоял",-1,-1,-1
ADAUSDT,2025-01-13,4,0.0,1.0,0.0,1.0,"+1открытие в нижней трети|+1пн снял PWL|+1лой пн устоял, выше открытия|+1PWL снят, ср выше PWL, лой устоял",1,1,1
ADAUSDT,2025-01-20,3,0.0,,1.0,0.0,"-1прошлая «обе сняты»|-1вт пробил лой пн|-1хай пн устоял, ниже открытия",-1,-1,-1
ADAUSDT,2025-01-27,2,0.0,0.0,0.0,0.0,+1открытие в нижней трети|+1пн снял PWL,1,1,0
ADAUSDT,2025-02-03,4,0.0,0.0,1.0,1.0,"+1открытие в нижней трети|+1пн снял PWL|+1вт инсайд пн|-1хай пн устоял, ниже открытия",1,-1,-1
ADAUSDT,2025-02-10,1,0.0,,0.0,1.0,"+1лой пн устоял, выше открытия",1,1,1
ADAUSDT,2025-02-17,1,0.0,,1.0,1.0,-1вт пробил лой пн,-1,-1,0
ADAUSDT,2025-02-24,3,1.0,0.0,0.0,0.0,"+1пн снял PWL|-1вт пробил лой пн|-1хай пн устоял, ниже открытия",-1,-1,-1
ADAUSDT,2025-03-03,6,0.0,0.0,1.0,0.0,"-1открытие в верхней трети|-1пн снял PWH|-1вт пробил лой пн|-1снят PWH, ниже открытия|-1хай пн устоял, ниже открытия|-1PWH снят, ср ниже PWH, хай устоял",-1,-1,-1
ADAUSDT,2025-03-10,4,0.0,,1.0,1.0,"+1открытие в нижней трети|+1пн снял PWL|-1вт пробил лой пн|+1PWL снят, ср выше PWL, лой устоял",1,1,1
ADAUSDT,2025-03-17,1,0.0,,0.0,1.0,-1вт пробил лой пн,-1,-1,0
ADAUSDT,2025-03-24,3,0.0,0.0,1.0,0.0,"-1пн внутри, вт снял PWH и вернулся|+1лой пн устоял, выше открытия|-1PWH снят, ср обновила хай, закрылась ниже PWH",-1,-1,-1
ADAUSDT,2025-03-31,2,0.0,0.0,1.0,0.0,+1открытие в нижней трети|+1пн снял PWL,1,1,0
ADAUSDT,2025-04-07,4,1.0,,0.0,1.0,"+1открытие в нижней трети|+1пн снял PWL|+1лой пн устоял, выше открытия|+1PWL снят, ср выше PWL, лой устоял",1,1,1
ADAUSDT,2025-04-14,3,1.0,,1.0,1.0,"-1открытие в верхней трети|-1вт пробил лой пн|-1хай пн устоял, ниже открытия",-1,-1,-1
ADAUSDT,2025-04-21,1,1.0,1.0,0.0,1.0,-1вт пробил лой пн,-1,-1,0
ADAUSDT,2025-04-28,3,0.0,1.0,0.0,1.0,"-1открытие в верхней трети|+1вт инсайд пн|-1хай пн устоял, ниже открытия",-1,-1,-1
ADAUSDT,2025-05-05,5,1.0,1.0,0.0,1.0,"+1открытие в нижней трети|+1пн снял PWL|-1вт пробил лой пн|-1хай пн устоял, ниже открытия|+1PWL снят, ср выше PWL, лой устоял",1,1,1
ADAUSDT,2025-05-12,5,0.0,0.0,1.0,0.0,"-1открытие в верхней трети|-1пн снял PWH|-1вт пробил лой пн|-1хай пн устоял, ниже открытия|-1PWH снят, ср ниже PWH, хай устоял",-1,-1,-1
ADAUSDT,2025-05-19,5,0.0,1.0,0.0,1.0,"+1открытие в нижней трети|+1пн снял PWL|+1вт инсайд пн|+1лой пн устоял, выше открытия|+1PWL снят, ср выше PWL, лой устоял",1,1,1
ADAUSDT,2025-05-26,2,0.0,0.0,1.0,0.0,"-1вт пробил лой пн|-1хай пн устоял, ниже открытия",-1,-1,-1
ADAUSDT,2025-06-02,1,1.0,0.0,1.0,0.0,+1открытие в нижней трети,1,1,0
ADAUSDT,2025-06-09,3,0.0,0.0,1.0,0.0,"-1пн снял PWH|+1лой пн устоял, выше открытия|-1PWH снят, ср обновила хай, закрылась ниже PWH",-1,-1,-1
ADAUSDT,2025-06-16,4,0.0,0.0,1.0,0.0,"-1прошлая «обе сняты»|+1открытие в нижней трети|-1вт пробил лой пн|-1хай пн устоял, ниже открытия",-1,-1,-1
ADAUSDT,2025-06-23,2,1.0,,1.0,1.0,"+1открытие в нижней трети|+1лой пн устоял, выше открытия",1,1,1
ADAUSDT,2025-06-30,2,1.0,,0.0,1.0,-1открытие в верхней трети|-1вт пробил лой пн,-1,-1,0
ADAUSDT,2025-07-07,1,1.0,1.0,0.0,1.0,-1вт пробил лой пн,-1,-1,0
ADAUSDT,2025-07-14,2,1.0,1.0,0.0,1.0,-1открытие в верхней трети|-1вт пробил лой пн,-1,-1,0
ADAUSDT,2025-07-21,5,1.0,,1.0,0.0,"-1открытие в верхней трети|-1пн снял PWH|+1вт инсайд пн|-1хай пн устоял, ниже открытия|-1PWH снят, ср ниже PWH, хай устоял",-1,-1,-1
ADAUSDT,2025-07-28,2,0.0,0.0,1.0,0.0,"-1вт пробил лой пн|-1хай пн устоял, ниже открытия",-1,-1,-1
ADAUSDT,2025-08-04,2,1.0,1.0,0.0,1.0,+1открытие в нижней трети|-1вт пробил лой пн,0,-1,0
ADAUSDT,2025-08-11,2,1.0,1.0,0.0,1.0,-1открытие в верхней трети|-1вт пробил лой пн,-1,-1,0
ADAUSDT,2025-08-18,3,1.0,1.0,1.0,0.0,"-1открытие в верхней трети|-1вт пробил лой пн|-1хай пн устоял, ниже открытия",-1,-1,-1
ADAUSDT,2025-08-25,2,0.0,,1.0,0.0,"-1вт пробил лой пн|-1хай пн устоял, ниже открытия",-1,-1,-1
ADAUSDT,2025-09-01,5,0.0,,0.0,1.0,"+1открытие в нижней трети|+1пн снял PWL|+1вт инсайд пн|+1лой пн устоял, выше открытия|+1PWL снят, ср выше PWL, лой устоял",1,1,1
ADAUSDT,2025-09-08,3,1.0,1.0,0.0,1.0,"-1открытие в верхней трети|-1пн снял PWH|+1лой пн устоял, выше открытия",-1,1,1
ADAUSDT,2025-09-15,2,0.0,0.0,0.0,1.0,"+1вт инсайд пн|+1лой пн устоял, выше открытия",1,1,1
ADAUSDT,2025-09-22,3,0.0,0.0,1.0,0.0,"+1пн снял PWL|+1вт инсайд пн|-1хай пн устоял, ниже открытия",1,-1,-1
ADAUSDT,2025-09-29,1,0.0,,0.0,1.0,-1вт пробил лой пн,-1,-1,0
ADAUSDT,2025-10-06,1,0.0,0.0,1.0,0.0,-1вт пробил лой пн,-1,-1,0
ADAUSDT,2025-10-13,3,0.0,,1.0,0.0,"-1открытие в верхней трети|-1вт пробил лой пн|-1хай пн устоял, ниже открытия",-1,-1,-1
ADAUSDT,2025-10-20,1,1.0,,0.0,1.0,-1вт пробил лой пн,-1,-1,0
ADAUSDT,2025-10-27,6,0.0,0.0,1.0,0.0,"-1открытие в верхней трети|-1пн снял PWH|-1вт пробил лой пн|-1снят PWH, ниже открытия|-1хай пн устоял, ниже открытия|-1PWH снят, ср ниже PWH, хай устоял",-1,-1,-1
ADAUSDT,2025-11-03,5,1.0,1.0,1.0,1.0,"-1прошлая «обе сняты»|+1открытие в нижней трети|+1пн снял PWL|-1вт пробил лой пн|-1хай пн устоял, ниже открытия",-1,-1,-1
ADAUSDT,2025-11-10,2,0.0,0.0,1.0,0.0,-1открытие в верхней трети|-1вт пробил лой пн,-1,-1,0
ADAUSDT,2025-11-17,4,0.0,0.0,1.0,0.0,"+1открытие в нижней трети|+1пн снял PWL|-1вт пробил лой пн|-1хай пн устоял, ниже открытия",0,-1,-1
ADAUSDT,2025-11-24,3,0.0,,0.0,1.0,"+1открытие в нижней трети|+1вт инсайд пн|+1лой пн устоял, выше открытия",1,1,1
ADAUSDT,2025-12-01,4,0.0,0.0,0.0,1.0,"+1открытие в нижней трети|+1пн снял PWL|+1лой пн устоял, выше открытия|+1PWL снят, ср выше PWL, лой устоял",1,1,1
ADAUSDT,2025-12-08,3,0.0,0.0,1.0,0.0,"-1прошлая «обе сняты»|+1лой пн устоял, выше открытия|-1PWH снят, ср ниже PWH, хай устоял",-1,-1,-1
ADAUSDT,2025-12-15,4,0.0,,1.0,0.0,"+1открытие в нижней трети|+1пн снял PWL|+1вт инсайд пн|-1хай пн устоял, ниже открытия",1,-1,-1
ADAUSDT,2025-12-22,3,1.0,,1.0,0.0,"+1открытие в нижней трети|-1вт пробил лой пн|-1хай пн устоял, ниже открытия",-1,-1,-1
ADAUSDT,2025-12-29,6,1.0,1.0,0.0,1.0,"-1открытие в верхней трети|-1пн снял PWH|-1вт пробил лой пн|-1снят PWH, ниже открытия|-1хай пн устоял, ниже открытия|-1PWH снят, ср ниже PWH, хай устоял",-1,-1,-1
ADAUSDT,2026-01-05,4,0.0,,1.0,0.0,"-1открытие в верхней трети|-1пн снял PWH|+1лой пн устоял, выше открытия|-1PWH снят, ср ниже PWH, хай устоял",-1,-1,-1
ADAUSDT,2026-01-12,4,0.0,0.0,1.0,0.0,"+1открытие в нижней трети|+1пн снял PWL|+1лой пн устоял, выше открытия|+1PWL снят, ср выше PWL, лой устоял",1,1,1
ADAUSDT,2026-01-19,4,0.0,0.0,1.0,0.0,"+1открытие в нижней трети|+1пн снял PWL|+1вт инсайд пн|-1хай пн устоял, ниже открытия",1,-1,-1
ADAUSDT,2026-01-26,2,0.0,0.0,1.0,0.0,"+1открытие в нижней трети|+1лой пн устоял, выше открытия",1,1,1
ADAUSDT,2026-02-02,2,0.0,0.0,1.0,0.0,"+1открытие в нижней трети|+1лой пн устоял, выше открытия",1,1,1
ADAUSDT,2026-02-09,2,1.0,1.0,0.0,1.0,"+1вт инсайд пн|-1хай пн устоял, ниже открытия",0,-1,-1
ADAUSDT,2026-02-16,0,0.0,,0.0,0.0,,0,0,0
ADAUSDT,2026-02-23,4,0.0,0.0,1.0,1.0,"+1открытие в нижней трети|+1пн снял PWL|-1вт пробил лой пн|+1PWL снят, ср выше PWL, лой устоял",1,1,1
ADAUSDT,2026-03-02,3,0.0,0.0,1.0,0.0,-1прошлая «обе сняты»|+1открытие в нижней трети|-1вт пробил лой пн,-1,-1,0
ADAUSDT,2026-03-09,2,1.0,,0.0,1.0,"+1открытие в нижней трети|+1лой пн устоял, выше открытия",1,1,1
ADAUSDT,2026-03-16,4,0.0,0.0,1.0,0.0,"-1пн снял PWH|+1вт инсайд пн|+1лой пн устоял, выше открытия|-1PWH снят, ср обновила хай, закрылась ниже PWH",0,-1,-1
ADAUSDT,2026-03-23,5,0.0,0.0,1.0,0.0,"-1прошлая «обе сняты»|+1открытие в нижней трети|+1пн снял PWL|+1лой пн устоял, выше открытия|+1PWL снят, ср выше PWL, лой устоял",1,1,1
ADAUSDT,2026-03-30,2,1.0,,1.0,1.0,+1открытие в нижней трети|-1вт пробил лой пн,0,-1,0
ADAUSDT,2026-04-06,4,0.0,0.0,1.0,0.0,"-1открытие в верхней трети|-1пн снял PWH|-1вт пробил лой пн|-1PWH снят, ср ниже PWH, хай устоял",-1,-1,-1
ADAUSDT,2026-04-13,2,0.0,1.0,0.0,1.0,"+1открытие в нижней трети|+1лой пн устоял, выше открытия",1,1,1
ADAUSDT,2026-04-20,2,1.0,,1.0,1.0,"+1открытие в нижней трети|+1лой пн устоял, выше открытия",1,1,1
ADAUSDT,2026-04-27,2,1.0,,1.0,1.0,"+1вт инсайд пн|-1хай пн устоял, ниже открытия",0,-1,-1
ADAUSDT,2026-05-04,1,1.0,1.0,0.0,1.0,"+1лой пн устоял, выше открытия",1,1,1
ADAUSDT,2026-05-11,3,0.0,1.0,1.0,0.0,"-1открытие в верхней трети|-1вт пробил лой пн|-1хай пн устоял, ниже открытия",-1,-1,-1
ADAUSDT,2026-05-18,1,0.0,,0.0,0.0,+1открытие в нижней трети,1,1,0
ADAUSDT,2026-05-25,2,0.0,,1.0,0.0,"-1вт пробил лой пн|-1хай пн устоял, ниже открытия",-1,-1,-1
ADAUSDT,2026-06-01,3,0.0,0.0,1.0,0.0,"+1пн снял PWL|-1вт пробил лой пн|-1хай пн устоял, ниже открытия",-1,-1,-1
ADAUSDT,2026-06-08,3,1.0,1.0,0.0,1.0,"+1открытие в нижней трети|+1вт инсайд пн|-1хай пн устоял, ниже открытия",1,-1,-1
ADAUSDT,2026-06-15,6,0.0,,1.0,0.0,"-1открытие в верхней трети|-1пн снял PWH|-1вт пробил лой пн|-1снят PWH, ниже открытия|-1хай пн устоял, ниже открытия|-1PWH снят, ср ниже PWH, хай устоял",-1,-1,-1
ADAUSDT,2026-06-22,3,0.0,,1.0,0.0,"+1открытие в нижней трети|-1вт пробил лой пн|-1хай пн устоял, ниже открытия",-1,-1,-1
ADAUSDT,2026-06-29,3,1.0,1.0,0.0,1.0,"+1открытие в нижней трети|+1вт инсайд пн|+1лой пн устоял, выше открытия",1,1,1
ADAUSDT,2026-07-06,3,0.0,,1.0,0.0,"-1открытие в верхней трети|-1вт пробил лой пн|-1хай пн устоял, ниже открытия",-1,-1,-1
ADAUSDT,2026-07-13,4,1.0,,1.0,1.0,"+1открытие в нижней трети|+1пн снял PWL|+1лой пн устоял, выше открытия|+1PWL снят, ср выше PWL, лой устоял",1,1,1
ADAUSDT,2026-07-20,3,0.0,0.0,1.0,1.0,"-1открытие в верхней трети|-1пн снял PWH|+1лой пн устоял, выше открытия",-1,1,1
ADAUSDT,2026-07-27,4,1.0,1.0,0.0,1.0,"+1открытие в нижней трети|+1пн снял PWL|-1вт пробил лой пн|+1PWL снят, ср выше PWL, лой устоял",1,1,1
ADAUSDT,2026-08-03,4,1.0,1.0,0.0,1.0,"-1открытие в верхней трети|-1пн снял PWH|+1лой пн устоял, выше открытия|-1PWH снят, ср ниже PWH, хай устоял",-1,-1,-1
ADAUSDT,2026-08-10,2,0.0,,1.0,0.0,"-1вт пробил лой пн|-1хай пн устоял, ниже открытия",-1,-1,-1
ADAUSDT,2026-08-17,4,1.0,1.0,0.0,1.0,"+1открытие в нижней трети|+1пн снял PWL|-1вт пробил лой пн|+1PWL снят, ср выше PWL, лой устоял",1,1,1
ADAUSDT,2026-08-24,1,0.0,0.0,1.0,0.0,-1вт пробил лой пн,-1,-1,0
ADAUSDT,2026-08-31,2,1.0,1.0,0.0,1.0,"+1открытие в нижней трети|+1лой пн устоял, выше открытия",1,1,1
ADAUSDT,2026-09-07,4,0.0,,1.0,0.0,"-1открытие в верхней трети|-1снят PWH, ниже открытия|-1пн внутри, вт снял PWH и вернулся|-1PWH снят, ср ниже PWH, хай устоял",-1,-1,-1
ADAUSDT,2026-09-14,3,1.0,1.0,0.0,1.0,"+1открытие в нижней трети|-1вт пробил лой пн|-1хай пн устоял, ниже открытия",-1,-1,-1
ADAUSDT,2026-09-21,4,1.0,1.0,0.0,1.0,"-1прошлая «обе сняты»|-1открытие в верхней трети|-1пн снял PWH|+1лой пн устоял, выше открытия",-1,1,1
ADAUSDT,2026-09-28,3,1.0,1.0,0.0,0.0,"-1открытие в верхней трети|-1вт пробил лой пн|-1хай пн устоял, ниже открытия",-1,-1,-1
DOGEUSDT,2020-07-27,3,1.0,1.0,0.0,1.0,"+1пн снял PWL|+1вт инсайд пн|+1PWL снят, ср выше PWL, лой устоял",1,1,1
DOGEUSDT,2020-08-03,2,0.0,,0.0,1.0,"-1прошлая «обе сняты»|+1лой пн устоял, выше открытия",0,1,1
DOGEUSDT,2020-08-10,1,1.0,,0.0,1.0,-1вт пробил лой пн,-1,-1,0
DOGEUSDT,2020-08-17,6,0.0,,1.0,0.0,"-1открытие в верхней трети|-1пн снял PWH|-1вт пробил лой пн|-1снят PWH, ниже открытия|-1хай пн устоял, ниже открытия|-1PWH снят, ср ниже PWH, хай устоял",-1,-1,-1
DOGEUSDT,2020-08-24,3,1.0,,1.0,0.0,"+1открытие в нижней трети|-1вт пробил лой пн|-1хай пн устоял, ниже открытия",-1,-1,-1
DOGEUSDT,2020-08-31,2,0.0,0.0,1.0,0.0,"-1вт пробил лой пн|-1хай пн устоял, ниже открытия",-1,-1,-1
DOGEUSDT,2020-09-07,4,1.0,,0.0,1.0,"+1открытие в нижней трети|-1вт пробил лой пн|-1пн внутри, вт снял PWL и вернулся|+1PWL снят, ср выше PWL, лой устоял",0,1,1
DOGEUSDT,2020-09-14,4,0.0,,1.0,0.0,"-1открытие в верхней трети|-1пн внутри, вт снял PWH и вернулся|+1лой пн устоял, выше открытия|-1PWH снят, ср ниже PWH, хай устоял",-1,-1,-1
DOGEUSDT,2020-09-21,3,1.0,1.0,1.0,0.0,"+1пн снял PWL|+1вт инсайд пн|-1хай пн устоял, ниже открытия",1,-1,-1
DOGEUSDT,2020-09-28,2,1.0,0.0,1.0,0.0,"+1вт инсайд пн|-1хай пн устоял, ниже открытия",0,-1,-1
DOGEUSDT,2020-10-05,2,1.0,1.0,0.0,0.0,"-1вт пробил лой пн|-1хай пн устоял, ниже открытия",-1,-1,-1
DOGEUSDT,2020-10-12,3,0.0,0.0,1.0,0.0,"-1открытие в верхней трети|+1вт инсайд пн|-1хай пн устоял, ниже открытия",-1,-1,-1
DOGEUSDT,2020-10-19,2,1.0,1.0,0.0,1.0,"+1открытие в нижней трети|+1лой пн устоял, выше открытия",1,1,1
DOGEUSDT,2020-10-26,4,0.0,0.0,1.0,0.0,"-1пн снял PWH|-1вт пробил лой пн|-1хай пн устоял, ниже открытия|-1PWH снят, ср ниже PWH, хай устоял",-1,-1,-1
DOGEUSDT,2020-11-02,6,1.0,1.0,0.0,1.0,"-1прошлая «обе сняты»|+1открытие в нижней трети|-1вт пробил лой пн|-1пн внутри, вт снял PWL и вернулся|-1хай пн устоял, ниже открытия|+1PWL снят, ср выше PWL, лой устоял",-1,1,1
DOGEUSDT,2020-11-09,3,1.0,,1.0,1.0,"-1вт пробил лой пн|-1пн внутри, вт снял PWH и вернулся|-1PWH снят, ср ниже PWH, хай устоял",-1,-1,-1
DOGEUSDT,2020-11-16,3,1.0,1.0,0.0,1.0,"-1пн снял PWH|+1вт инсайд пн|+1лой пн устоял, выше открытия",1,1,1
DOGEUSDT,2020-11-23,1,0.0,0.0,1.0,0.0,"+1лой пн устоял, выше открытия",1,1,1
DOGEUSDT,2020-11-30,2,1.0,,1.0,0.0,"-1вт пробил лой пн|-1хай пн устоял, ниже открытия",-1,-1,-1
DOGEUSDT,2020-12-07,2,1.0,,1.0,0.0,"-1вт пробил лой пн|-1хай пн устоял, ниже открытия",-1,-1,-1
DOGEUSDT,2020-12-14,1,1.0,1.0,0.0,1.0,-1вт пробил лой пн,-1,-1,0
DOGEUSDT,2020-12-21,6,1.0,1.0,1.0,1.0,"-1открытие в верхней трети|-1пн снял PWH|+1вт инсайд пн|-1снят PWH, ниже открытия|-1хай пн устоял, ниже открытия|-1PWH снят, ср ниже PWH, хай устоял",-1,-1,-1
DOGEUSDT,2020-12-28,1,1.0,1.0,0.0,1.0,-1вт пробил лой пн,-1,-1,0
DOGEUSDT,2021-01-04,2,0.0,0.0,1.0,1.0,"+1вт инсайд пн|+1лой пн устоял, выше открытия",1,1,1
DOGEUSDT,2021-01-11,4,1.0,,0.0,1.0,"+1пн снял PWL|+1вт инсайд пн|-1хай пн устоял, ниже открытия|+1PWL снят, ср выше PWL, лой устоял",1,1,1
DOGEUSDT,2021-01-18,2,0.0,,1.0,0.0,-1открытие в верхней трети|-1вт пробил лой пн,-1,-1,0
DOGEUSDT,2021-01-25,2,1.0,1.0,0.0,1.0,"-1вт пробил лой пн|-1хай пн устоял, ниже открытия",-1,-1,-1
DOGEUSDT,2021-02-01,1,1.0,1.0,0.0,1.0,-1вт пробил лой пн,-1,-1,0
DOGEUSDT,2021-02-08,3,0.0,,1.0,0.0,"-1открытие в верхней трети|+1вт инсайд пн|-1хай пн устоял, ниже открытия",-1,-1,-1
DOGEUSDT,2021-02-15,4,1.0,1.0,0.0,1.0,"+1открытие в нижней трети|+1пн снял PWL|+1вт инсайд пн|-1хай пн устоял, ниже открытия",1,-1,-1
DOGEUSDT,2021-02-22,3,0.0,,1.0,1.0,"+1пн снял PWL|-1вт пробил лой пн|+1PWL снят, ср выше PWL, лой устоял",1,1,1
DOGEUSDT,2021-03-01,2,1.0,,1.0,0.0,"+1вт инсайд пн|+1лой пн устоял, выше открытия",1,1,1
DOGEUSDT,2021-03-08,4,1.0,1.0,0.0,1.0,"-1открытие в верхней трети|-1пн снял PWH|+1вт инсайд пн|+1лой пн устоял, выше открытия",0,1,1
DOGEUSDT,2021-03-15,2,0.0,,0.0,1.0,"+1вт инсайд пн|-1хай пн устоял, ниже открытия",0,-1,-1
DOGEUSDT,2021-03-22,3,1.0,,1.0,0.0,"+1пн снял PWL|-1вт пробил лой пн|-1хай пн устоял, ниже открытия",-1,-1,-1
DOGEUSDT,2021-03-29,0,1.0,1.0,0.0,1.0,,0,0,0
DOGEUSDT,2021-04-05,2,1.0,1.0,0.0,1.0,"+1открытие в нижней трети|+1лой пн устоял, выше открытия",1,1,1
DOGEUSDT,2021-04-12,2,1.0,1.0,0.0,1.0,"-1открытие в верхней трети|+1лой пн устоял, выше открытия",0,1,1
DOGEUSDT,2021-04-19,2,0.0,0.0,1.0,0.0,"-1вт пробил лой пн|-1хай пн устоял, ниже открытия",-1,-1,-1
DOGEUSDT,2021-04-26,3,1.0,,0.0,1.0,"+1открытие в нижней трети|+1вт инсайд пн|+1лой пн устоял, выше открытия",1,1,1
DOGEUSDT,2021-05-03,3,0.0,0.0,0.0,1.0,"-1открытие в верхней трети|-1пн снял PWH|+1лой пн устоял, выше открытия",-1,1,1
DOGEUSDT,2021-05-10,2,1.0,1.0,0.0,0.0,"+1вт инсайд пн|-1хай пн устоял, ниже открытия",0,-1,-1
DOGEUSDT,2021-05-17,3,0.0,,1.0,1.0,"-1открытие в верхней трети|+1вт инсайд пн|-1хай пн устоял, ниже открытия",-1,-1,-1
DOGEUSDT,2021-05-24,1,0.0,,1.0,0.0,"+1лой пн устоял, выше открытия",1,1,1
DOGEUSDT,2021-05-31,3,0.0,,1.0,1.0,"+1открытие в нижней трети|-1пн внутри, вт снял PWH и вернулся|+1лой пн устоял, выше открытия",1,1,1
DOGEUSDT,2021-06-07,2,0.0,,1.0,1.0,"-1вт пробил лой пн|-1хай пн устоял, ниже открытия",-1,-1,-1
DOGEUSDT,2021-06-14,2,0.0,0.0,1.0,0.0,"-1вт пробил лой пн|-1хай пн устоял, ниже открытия",-1,-1,-1
DOGEUSDT,2021-06-21,4,1.0,1.0,0.0,1.0,"+1открытие в нижней трети|+1пн снял PWL|-1вт пробил лой пн|-1хай пн устоял, ниже открытия",0,-1,-1
DOGEUSDT,2021-06-28,1,0.0,,1.0,1.0,-1открытие в верхней трети,-1,-1,0
DOGEUSDT,2021-07-05,4,0.0,,1.0,0.0,"+1открытие в нижней трети|+1пн снял PWL|+1вт инсайд пн|-1хай пн устоял, ниже открытия",1,-1,-1
DOGEUSDT,2021-07-12,2,0.0,0.0,1.0,0.0,"-1вт пробил лой пн|-1хай пн устоял, ниже открытия",-1,-1,-1
DOGEUSDT,2021-07-19,4,1.0,,1.0,1.0,"+1открытие в нижней трети|-1вт пробил лой пн|-1пн внутри, вт снял PWL и вернулся|+1PWL снят, ср выше PWL, лой устоял",0,1,1
DOGEUSDT,2021-07-26,4,0.0,,1.0,1.0,"-1открытие в верхней трети|-1пн снял PWH|-1вт пробил лой пн|-1PWH снят, ср ниже PWH, хай устоял",-1,-1,-1
DOGEUSDT,2021-08-02,5,1.0,1.0,0.0,1.0,"+1открытие в нижней трети|-1вт пробил лой пн|-1пн внутри, вт снял PWL и вернулся|-1хай пн устоял, ниже открытия|+1PWL снят, ср выше PWL, лой устоял",-1,1,1
DOGEUSDT,2021-08-09,2,1.0,1.0,0.0,1.0,"+1вт инсайд пн|+1лой пн устоял, выше открытия",1,1,1
DOGEUSDT,2021-08-16,6,1.0,1.0,1.0,1.0,"-1открытие в верхней трети|-1пн снял PWH|-1вт пробил лой пн|-1снят PWH, ниже открытия|-1хай пн устоял, ниже открытия|-1PWH снят, ср ниже PWH, хай устоял",-1,-1,-1
DOGEUSDT,2021-08-23,4,0.0,,1.0,0.0,"-1вт пробил лой пн|-1пн внутри, вт снял PWL и вернулся|-1хай пн устоял, ниже открытия|+1PWL снят, ср выше PWL, лой устоял",-1,1,1
DOGEUSDT,2021-08-30,2,1.0,,0.0,1.0,+1открытие в нижней трети|-1вт пробил лой пн,0,-1,0
DOGEUSDT,2021-09-06,4,0.0,,1.0,1.0,"-1открытие в верхней трети|-1пн снял PWH|-1вт пробил лой пн|-1хай пн устоял, ниже открытия",-1,-1,-1
DOGEUSDT,2021-09-13,2,0.0,,0.0,1.0,"+1вт инсайд пн|-1хай пн устоял, ниже открытия",0,-1,-1
DOGEUSDT,2021-09-20,4,0.0,0.0,1.0,0.0,"+1открытие в нижней трети|+1пн снял PWL|-1вт пробил лой пн|-1хай пн устоял, ниже открытия",0,-1,-1
DOGEUSDT,2021-09-27,3,1.0,1.0,0.0,1.0,"+1открытие в нижней трети|-1вт пробил лой пн|-1хай пн устоял, ниже открытия",-1,-1,-1
DOGEUSDT,2021-10-04,3,0.0,0.0,1.0,1.0,"-1открытие в верхней трети|-1пн снял PWH|+1лой пн устоял, выше открытия",-1,1,1
DOGEUSDT,2021-10-11,2,1.0,,0.0,1.0,+1открытие в нижней трети|-1вт пробил лой пн,0,-1,0
DOGEUSDT,2021-10-18,4,1.0,0.0,0.0,0.0,"-1открытие в верхней трети|-1пн снял PWH|+1вт инсайд пн|+1лой пн устоял, выше открытия",0,1,1
DOGEUSDT,2021-10-25,3,1.0,1.0,0.0,1.0,"-1открытие в верхней трети|-1вт пробил лой пн|-1хай пн устоял, ниже открытия",-1,-1,-1
DOGEUSDT,2021-11-01,3,0.0,,1.0,0.0,"-1прошлая «обе сняты»|+1вт инсайд пн|-1хай пн устоял, ниже открытия",-1,-1,-1
DOGEUSDT,2021-11-08,4,1.0,,1.0,1.0,"-1пн снял PWH|+1вт инсайд пн|-1хай пн устоял, ниже открытия|-1PWH снят, ср ниже PWH, хай устоял",-1,-1,-1
DOGEUSDT,2021-11-15,5,0.0,0.0,1.0,0.0,"-1прошлая «обе сняты»|-1вт пробил лой пн|-1пн внутри, вт снял PWL и вернулся|-1хай пн устоял, ниже открытия|+1PWL снят, ср выше PWL, лой устоял",-1,1,1
DOGEUSDT,2021-11-22,4,0.0,0.0,1.0,0.0,"+1открытие в нижней трети|-1вт пробил лой пн|-1пн внутри, вт снял PWL и вернулся|+1PWL снят, ср обновила лой, закрылась выше PWL",0,1,1
DOGEUSDT,2021-11-29,1,0.0,0.0,1.0,0.0,"+1лой пн устоял, выше открытия",1,1,1
DOGEUSDT,2021-12-06,1,0.0,,1.0,1.0,"+1лой пн устоял, выше открытия",1,1,1
DOGEUSDT,2021-12-13,2,0.0,,1.0,1.0,"+1пн снял PWL|+1лой пн устоял, выше открытия",1,1,1
DOGEUSDT,2021-12-20,3,1.0,1.0,0.0,1.0,"-1прошлая «обе сняты»|+1открытие в нижней трети|+1лой пн устоял, выше открытия",1,1,1
DOGEUSDT,2021-12-27,3,1.0,,1.0,0.0,"-1открытие в верхней трети|-1вт пробил лой пн|-1хай пн устоял, ниже открытия",-1,-1,-1
DOGEUSDT,2022-01-03,2,0.0,0.0,1.0,0.0,"-1вт пробил лой пн|-1хай пн устоял, ниже открытия",-1,-1,-1
DOGEUSDT,2022-01-10,4,1.0,1.0,0.0,1.0,"+1открытие в нижней трети|+1пн снял PWL|+1лой пн устоял, выше открытия|+1PWL снят, ср выше PWL, лой устоял",1,1,1
DOGEUSDT,2022-01-17,2,0.0,0.0,1.0,0.0,"-1вт пробил лой пн|-1хай пн устоял, ниже открытия",-1,-1,-1
DOGEUSDT,2022-01-24,1,0.0,,1.0,1.0,"+1лой пн устоял, выше открытия",1,1,1
DOGEUSDT,2022-01-31,0,1.0,1.0,0.0,0.0,,0,0,0
DOGEUSDT,2022-02-07,4,0.0,0.0,1.0,0.0,"-1открытие в верхней трети|-1пн снял PWH|+1вт инсайд пн|+1лой пн устоял, выше открытия",0,1,1
DOGEUSDT,2022-02-14,2,0.0,0.0,1.0,0.0,"+1открытие в нижней трети|+1лой пн устоял, выше открытия",1,1,1
DOGEUSDT,2022-02-21,4,0.0,0.0,1.0,0.0,"+1открытие в нижней трети|+1пн снял PWL|-1вт пробил лой пн|-1хай пн устоял, ниже открытия",0,-1,-1
DOGEUSDT,2022-02-28,1,0.0,0.0,1.0,0.0,"+1лой пн устоял, выше открытия",1,1,1
DOGEUSDT,2022-03-07,5,0.0,0.0,1.0,0.0,"+1открытие в нижней трети|+1пн снял PWL|+1вт инсайд пн|+1лой пн устоял, выше открытия|+1PWL снят, ср выше PWL, лой устоял",1,1,1
DOGEUSDT,2022-03-14,2,1.0,1.0,0.0,1.0,+1открытие в нижней трети|-1вт пробил лой пн,0,-1,0
DOGEUSDT,2022-03-21,2,1.0,1.0,0.0,1.0,"-1пн внутри, вт снял PWH и вернулся|+1лой пн устоял, выше открытия",0,1,1
DOGEUSDT,2022-03-28,6,1.0,0.0,1.0,0.0,"-1открытие в верхней трети|-1пн снял PWH|-1вт пробил лой пн|-1снят PWH, ниже открытия|-1хай пн устоял, ниже открытия|-1PWH снят, ср ниже PWH, хай устоял",-1,-1,-1
DOGEUSDT,2022-04-04,3,1.0,1.0,1.0,0.0,"-1открытие в верхней трети|-1пн снял PWH|-1PWH снят, ср ниже PWH, хай устоял",-1,-1,-1
DOGEUSDT,2022-04-11,4,0.0,,1.0,1.0,"+1открытие в нижней трети|+1пн снял PWL|+1вт инсайд пн|-1хай пн устоял, ниже открытия",1,-1,-1
DOGEUSDT,2022-04-18,3,0.0,,1.0,0.0,"+1пн снял PWL|+1лой пн устоял, выше открытия|+1PWL снят, ср выше PWL, лой устоял",1,1,1
DOGEUSDT,2022-04-25,3,0.0,0.0,1.0,1.0,"+1открытие в нижней трети|+1вт инсайд пн|+1лой пн устоял, выше открытия",1,1,1
DOGEUSDT,2022-05-02,3,0.0,0.0,0.0,0.0,-1прошлая «обе сняты»|+1открытие в нижней трети|-1вт пробил лой пн,-1,-1,0
DOGEUSDT,2022-05-09,4,1.0,0.0,1.0,0.0,"+1открытие в нижней трети|+1пн снял PWL|-1вт пробил лой пн|-1хай пн устоял, ниже открытия",0,-1,-1
DOGEUSDT,2022-05-16,2,1.0,,1.0,0.0,"+1вт инсайд пн|-1хай пн устоял, ниже открытия",0,-1,-1
DOGEUSDT,2022-05-23,4,0.0,,0.0,0.0,"-1вт пробил лой пн|-1пн внутри, вт снял PWL и вернулся|-1хай пн устоял, ниже открытия|+1PWL снят, ср выше PWL, лой устоял",-1,1,1
DOGEUSDT,2022-05-30,1,0.0,,1.0,1.0,+1вт инсайд пн,1,1,0
DOGEUSDT,2022-06-06,5,0.0,0.0,1.0,0.0,"+1открытие в нижней трети|-1вт пробил лой пн|-1пн внутри, вт снял PWL и вернулся|-1хай пн устоял, ниже открытия|+1PWL снят, ср выше PWL, лой устоял",-1,1,1
DOGEUSDT,2022-06-13,4,0.0,0.0,1.0,0.0,"+1открытие в нижней трети|+1пн снял PWL|-1вт пробил лой пн|-1хай пн устоял, ниже открытия",0,-1,-1
DOGEUSDT,2022-06-20,3,1.0,1.0,0.0,1.0,"-1пн внутри, вт снял PWH и вернулся|+1лой пн устоял, выше открытия|-1PWH снят, ср ниже PWH, хай устоял",-1,-1,-1
DOGEUSDT,2022-06-27,6,0.0,,1.0,0.0,"-1открытие в верхней трети|-1пн снял PWH|-1вт пробил лой пн|-1снят PWH, ниже открытия|-1хай пн устоял, ниже открытия|-1PWH снят, ср ниже PWH, хай устоял",-1,-1,-1
DOGEUSDT,2022-07-04,2,0.0,,0.0,1.0,+1открытие в нижней трети|-1вт пробил лой пн,0,-1,0
DOGEUSDT,2022-07-11,4,1.0,,1.0,1.0,"+1открытие в нижней трети|+1пн снял PWL|-1вт пробил лой пн|-1хай пн устоял, ниже открытия",0,-1,-1
DOGEUSDT,2022-07-18,2,0.0,0.0,1.0,1.0,"-1пн снял PWH|+1лой пн устоял, выше открытия",0,1,1
DOGEUSDT,2022-07-25,5,1.0,1.0,0.0,1.0,"+1открытие в нижней трети|+1пн снял PWL|-1вт пробил лой пн|-1хай пн устоял, ниже открытия|+1PWL снят, ср выше PWL, лой устоял",1,1,1
DOGEUSDT,2022-08-01,2,1.0,1.0,0.0,1.0,"-1вт пробил лой пн|-1хай пн устоял, ниже открытия",-1,-1,-1
DOGEUSDT,2022-08-08,3,1.0,1.0,0.0,1.0,"-1пн снял PWH|-1вт пробил лой пн|-1PWH снят, ср ниже PWH, хай устоял",-1,-1,-1
DOGEUSDT,2022-08-15,2,0.0,0.0,1.0,0.0,"-1открытие в верхней трети|-1PWH снят, ср ниже PWH, хай устоял",-1,-1,-1
DOGEUSDT,2022-08-22,4,0.0,,0.0,0.0,"+1открытие в нижней трети|+1пн снял PWL|+1вт инсайд пн|+1PWL снят, ср выше PWL, лой устоял",1,1,1
DOGEUSDT,2022-08-29,4,1.0,,1.0,0.0,"+1открытие в нижней трети|+1пн снял PWL|-1вт пробил лой пн|+1PWL снят, ср выше PWL, лой устоял",1,1,1
DOGEUSDT,2022-09-05,2,1.0,1.0,0.0,1.0,-1открытие в верхней трети|-1вт пробил лой пн,-1,-1,0
DOGEUSDT,2022-09-12,4,0.0,0.0,1.0,0.0,"-1прошлая «обе сняты»|-1открытие в верхней трети|-1вт пробил лой пн|-1хай пн устоял, ниже открытия",-1,-1,-1
DOGEUSDT,2022-09-19,3,1.0,1.0,0.0,1.0,"+1открытие в нижней трети|+1пн снял PWL|+1PWL снят, ср выше PWL, лой устоял",1,1,1
DOGEUSDT,2022-09-26,2,0.0,,0.0,1.0,-1прошлая «обе сняты»|-1вт пробил лой пн,-1,-1,0
DOGEUSDT,2022-10-03,2,0.0,0.0,1.0,1.0,"+1открытие в нижней трети|+1лой пн устоял, выше открытия",1,1,1
DOGEUSDT,2022-10-10,4,0.0,0.0,1.0,0.0,"-1вт пробил лой пн|-1пн внутри, вт снял PWL и вернулся|-1хай пн устоял, ниже открытия|+1PWL снят, ср выше PWL, лой устоял",-1,1,1
DOGEUSDT,2022-10-17,0,1.0,,1.0,0.0,,0,0,0
DOGEUSDT,2022-10-24,2,1.0,1.0,0.0,1.0,"-1открытие в верхней трети|+1лой пн устоял, выше открытия",0,1,1
DOGEUSDT,2022-10-31,3,0.0,0.0,1.0,0.0,"-1пн внутри, вт снял PWH и вернулся|+1лой пн устоял, выше открытия|-1PWH снят, ср ниже PWH, хай устоял",-1,-1,-1
DOGEUSDT,2022-11-07,4,1.0,,1.0,1.0,"+1открытие в нижней трети|+1пн снял PWL|-1вт пробил лой пн|-1хай пн устоял, ниже открытия",0,-1,-1
DOGEUSDT,2022-11-14,3,0.0,,1.0,0.0,"+1открытие в нижней трети|+1вт инсайд пн|+1лой пн устоял, выше открытия",1,1,1
DOGEUSDT,2022-11-21,4,1.0,1.0,0.0,1.0,"+1открытие в нижней трети|+1пн снял PWL|+1лой пн устоял, выше открытия|+1PWL снят, ср выше PWL, лой устоял",1,1,1
DOGEUSDT,2022-11-28,2,0.0,0.0,1.0,1.0,"-1открытие в верхней трети|+1лой пн устоял, выше открытия",0,1,1
DOGEUSDT,2022-12-05,6,0.0,,1.0,0.0,"-1открытие в верхней трети|-1пн снял PWH|-1вт пробил лой пн|-1снят PWH, ниже открытия|-1хай пн устоял, ниже открытия|-1PWH снят, ср ниже PWH, хай устоял",-1,-1,-1
DOGEUSDT,2022-12-12,2,0.0,0.0,1.0,0.0,+1открытие в нижней трети|+1пн снял PWL,1,1,0
DOGEUSDT,2022-12-19,4,1.0,,1.0,1.0,"+1открытие в нижней трети|+1пн снял PWL|+1вт инсайд пн|-1хай пн устоял, ниже открытия",1,-1,-1
DOGEUSDT,2022-12-26,2,0.0,,1.0,0.0,"-1вт пробил лой пн|-1хай пн устоял, ниже открытия",-1,-1,-1
DOGEUSDT,2023-01-02,2,1.0,,0.0,1.0,"+1вт инсайд пн|+1лой пн устоял, выше открытия",1,1,1
DOGEUSDT,2023-01-09,4,1.0,0.0,0.0,1.0,"-1открытие в верхней трети|-1пн снял PWH|+1вт инсайд пн|+1лой пн устоял, выше открытия",0,1,1
DOGEUSDT,2023-01-16,1,1.0,1.0,0.0,1.0,+1вт инсайд пн,1,1,0
DOGEUSDT,2023-01-23,3,1.0,1.0,0.0,1.0,"-1открытие в верхней трети|-1вт пробил лой пн|-1хай пн устоял, ниже открытия",-1,-1,-1
DOGEUSDT,2023-01-30,2,0.0,,0.0,1.0,"-1открытие в верхней трети|+1лой пн устоял, выше открытия",0,1,1
DOGEUSDT,2023-02-06,1,0.0,0.0,1.0,0.0,+1вт инсайд пн,1,1,0
DOGEUSDT,2023-02-13,3,0.0,,0.0,1.0,"+1открытие в нижней трети|+1вт инсайд пн|+1лой пн устоял, выше открытия",1,1,1
DOGEUSDT,2023-02-20,1,0.0,0.0,1.0,0.0,-1вт пробил лой пн,-1,-1,0
DOGEUSDT,2023-02-27,2,0.0,0.0,1.0,0.0,+1открытие в нижней трети|-1вт пробил лой пн,0,-1,0
DOGEUSDT,2023-03-06,2,0.0,0.0,1.0,0.0,+1открытие в нижней трети|-1вт пробил лой пн,0,-1,0
DOGEUSDT,2023-03-13,2,1.0,1.0,0.0,1.0,"-1пн внутри, вт снял PWH и вернулся|-1PWH снят, ср ниже PWH, хай устоял",-1,-1,-1
DOGEUSDT,2023-03-20,0,1.0,1.0,0.0,1.0,,0,0,0
DOGEUSDT,2023-03-27,2,1.0,1.0,0.0,1.0,"+1вт инсайд пн|+1лой пн устоял, выше открытия",1,1,1
DOGEUSDT,2023-04-03,3,0.0,0.0,1.0,1.0,"-1пн снял PWH|+1вт инсайд пн|+1лой пн устоял, выше открытия",1,1,1
DOGEUSDT,2023-04-10,1,1.0,1.0,0.0,1.0,+1открытие в нижней трети,1,1,0
DOGEUSDT,2023-04-17,3,0.0,0.0,1.0,0.0,"-1открытие в верхней трети|-1пн снял PWH|-1PWH снят, ср ниже PWH, хай устоял",-1,-1,-1
DOGEUSDT,2023-04-24,2,1.0,,1.0,1.0,+1открытие в нижней трети|+1вт инсайд пн,1,1,0
DOGEUSDT,2023-05-01,1,0.0,,0.0,0.0,+1вт инсайд пн,1,1,0
DOGEUSDT,2023-05-08,4,0.0,0.0,1.0,0.0,"+1открытие в нижней трети|+1пн снял PWL|+1вт инсайд пн|-1хай пн устоял, ниже открытия",1,-1,-1
DOGEUSDT,2023-05-15,2,0.0,0.0,1.0,1.0,"+1вт инсайд пн|+1лой пн устоял, выше открытия",1,1,1
DOGEUSDT,2023-05-22,4,1.0,1.0,1.0,0.0,"+1открытие в нижней трети|+1пн снял PWL|+1вт инсайд пн|-1хай пн устоял, ниже открытия",1,-1,-1
DOGEUSDT,2023-05-29,6,1.0,,1.0,1.0,"-1открытие в верхней трети|-1пн снял PWH|-1вт пробил лой пн|-1снят PWH, ниже открытия|-1хай пн устоял, ниже открытия|-1PWH снят, ср ниже PWH, хай устоял",-1,-1,-1
DOGEUSDT,2023-06-05,3,0.0,1.0,1.0,0.0,"+1пн снял PWL|+1вт инсайд пн|-1хай пн устоял, ниже открытия",1,-1,-1
DOGEUSDT,2023-06-12,0,1.0,,0.0,1.0,,0,0,0
DOGEUSDT,2023-06-19,2,1.0,,0.0,1.0,-1открытие в верхней трети|-1вт пробил лой пн,-1,-1,0
DOGEUSDT,2023-06-26,2,1.0,1.0,0.0,1.0,"+1вт инсайд пн|-1хай пн устоял, ниже открытия",0,-1,-1
DOGEUSDT,2023-07-03,4,0.0,,1.0,0.0,"-1прошлая «обе сняты»|-1открытие в верхней трети|-1пн внутри, вт снял PWH и вернулся|-1PWH снят, ср ниже PWH, хай устоял",-1,-1,-1
DOGEUSDT,2023-07-10,5,1.0,1.0,0.0,1.0,"+1открытие в нижней трети|+1пн снял PWL|+1вт инсайд пн|-1хай пн устоял, ниже открытия|+1PWL снят, ср выше PWL, лой устоял",1,1,1
DOGEUSDT,2023-07-17,2,1.0,1.0,0.0,1.0,-1прошлая «обе сняты»|-1вт пробил лой пн,-1,-1,0
DOGEUSDT,2023-07-24,2,1.0,1.0,1.0,1.0,"-1пн снял PWH|+1лой пн устоял, выше открытия",0,1,1
DOGEUSDT,2023-07-31,2,1.0,,1.0,0.0,"-1вт пробил лой пн|-1хай пн устоял, ниже открытия",-1,-1,-1
DOGEUSDT,2023-08-07,5,0.0,,0.0,1.0,"+1открытие в нижней трети|+1пн снял PWL|+1вт инсайд пн|+1лой пн устоял, выше открытия|+1PWL снят, ср выше PWL, лой устоял",1,1,1
DOGEUSDT,2023-08-14,2,0.0,0.0,1.0,0.0,"-1вт пробил лой пн|-1хай пн устоял, ниже открытия",-1,-1,-1
DOGEUSDT,2023-08-21,1,0.0,,1.0,1.0,-1вт пробил лой пн,-1,-1,0
DOGEUSDT,2023-08-28,2,0.0,,1.0,1.0,"+1лой пн устоял, выше открытия|-1PWH снят, ср ниже PWH, хай устоял",0,-1,-1
DOGEUSDT,2023-09-04,2,0.0,0.0,1.0,0.0,"+1открытие в нижней трети|+1лой пн устоял, выше открытия",1,1,1
DOGEUSDT,2023-09-11,2,1.0,,0.0,1.0,"+1пн снял PWL|+1PWL снят, ср выше PWL, лой устоял",1,1,1
DOGEUSDT,2023-09-18,3,0.0,0.0,0.0,0.0,"-1пн внутри, вт снял PWH и вернулся|+1лой пн устоял, выше открытия|-1PWH снят, ср ниже PWH, хай устоял",-1,-1,-1
DOGEUSDT,2023-09-25,4,1.0,1.0,0.0,1.0,"+1открытие в нижней трети|+1пн снял PWL|-1вт пробил лой пн|+1PWL снят, ср выше PWL, лой устоял",1,1,1
DOGEUSDT,2023-10-02,7,0.0,,1.0,1.0,"-1прошлая «обе сняты»|-1открытие в верхней трети|-1пн снял PWH|+1вт инсайд пн|-1снят PWH, ниже открытия|-1хай пн устоял, ниже открытия|-1PWH снят, ср ниже PWH, хай устоял",-1,-1,-1
DOGEUSDT,2023-10-09,4,1.0,0.0,1.0,1.0,"+1открытие в нижней трети|+1пн снял PWL|+1вт инсайд пн|-1хай пн устоял, ниже открытия",1,-1,-1
DOGEUSDT,2023-10-16,5,1.0,1.0,1.0,0.0,"-1пн снял PWH|-1вт пробил лой пн|-1снят PWH, ниже открытия|-1хай пн устоял, ниже открытия|-1PWH снят, ср ниже PWH, хай устоял",-1,-1,-1
DOGEUSDT,2023-10-23,3,1.0,1.0,0.0,1.0,"-1открытие в верхней трети|-1пн снял PWH|+1лой пн устоял, выше открытия",-1,1,1
DOGEUSDT,2023-10-30,1,1.0,,0.0,1.0,-1вт пробил лой пн,-1,-1,0
DOGEUSDT,2023-11-06,4,1.0,0.0,0.0,0.0,"-1открытие в верхней трети|-1пн снял PWH|+1вт инсайд пн|+1лой пн устоял, выше открытия",0,1,1
DOGEUSDT,2023-11-13,3,1.0,1.0,0.0,1.0,"-1открытие в верхней трети|-1вт пробил лой пн|-1хай пн устоял, ниже открытия",-1,-1,-1
DOGEUSDT,2023-11-20,2,1.0,,1.0,1.0,"-1вт пробил лой пн|-1хай пн устоял, ниже открытия",-1,-1,-1
DOGEUSDT,2023-11-27,2,1.0,1.0,0.0,1.0,-1открытие в верхней трети|-1вт пробил лой пн,-1,-1,0
DOGEUSDT,2023-12-04,3,1.0,1.0,1.0,1.0,"-1открытие в верхней трети|-1пн снял PWH|+1лой пн устоял, выше открытия",-1,1,1
DOGEUSDT,2023-12-11,6,0.0,,1.0,1.0,"-1открытие в верхней трети|-1пн снял PWH|+1вт инсайд пн|-1снят PWH, ниже открытия|-1хай пн устоял, ниже открытия|-1PWH снят, ср ниже PWH, хай устоял",-1,-1,-1
DOGEUSDT,2023-12-18,5,1.0,,0.0,1.0,"+1открытие в нижней трети|+1пн снял PWL|+1вт инсайд пн|-1хай пн устоял, ниже открытия|+1PWL снят, ср выше PWL, лой устоял",1,1,1
DOGEUSDT,2023-12-25,3,0.0,,1.0,1.0,"-1вт пробил лой пн|-1пн внутри, вт снял PWL и вернулся|+1PWL снят, ср выше PWL, лой устоял",-1,1,1
DOGEUSDT,2024-01-01,0,0.0,0.0,1.0,1.0,,0,0,0
DOGEUSDT,2024-01-08,2,0.0,0.0,0.0,1.0,"+1открытие в нижней трети|+1лой пн устоял, выше открытия",1,1,1
DOGEUSDT,2024-01-15,1,1.0,1.0,0.0,0.0,-1вт пробил лой пн,-1,-1,0
DOGEUSDT,2024-01-22,3,0.0,,1.0,1.0,"-1открытие в верхней трети|-1вт пробил лой пн|-1хай пн устоял, ниже открытия",-1,-1,-1
DOGEUSDT,2024-01-29,3,0.0,,1.0,0.0,"+1открытие в нижней трети|+1вт инсайд пн|-1хай пн устоял, ниже открытия",1,-1,-1
DOGEUSDT,2024-02-05,3,1.0,1.0,0.0,1.0,"+1открытие в нижней трети|+1вт инсайд пн|+1лой пн устоял, выше открытия",1,1,1
DOGEUSDT,2024-02-12,1,0.0,1.0,0.0,1.0,"+1лой пн устоял, выше открытия",1,1,1
DOGEUSDT,2024-02-19,3,1.0,,1.0,1.0,"-1пн снял PWH|-1вт пробил лой пн|-1PWH снят, ср ниже PWH, хай устоял",-1,-1,-1
DOGEUSDT,2024-02-26,1,1.0,0.0,0.0,1.0,"+1лой пн устоял, выше открытия",1,1,1
DOGEUSDT,2024-03-04,4,1.0,1.0,1.0,1.0,"-1открытие в верхней трети|-1пн снял PWH|-1вт пробил лой пн|-1снят PWH, ниже открытия",-1,-1,0
DOGEUSDT,2024-03-11,1,0.0,0.0,0.0,0.0,-1вт пробил лой пн,-1,-1,0
DOGEUSDT,2024-03-18,4,1.0,,0.0,1.0,"+1открытие в нижней трети|-1вт пробил лой пн|-1хай пн устоял, ниже открытия|+1PWL снят, ср обновила лой, закрылась выше PWL",0,1,1
DOGEUSDT,2024-03-25,3,1.0,1.0,0.0,1.0,"-1открытие в верхней трети|-1пн снял PWH|+1лой пн устоял, выше открытия",-1,1,1
DOGEUSDT,2024-04-01,3,1.0,1.0,1.0,0.0,"-1открытие в верхней трети|-1вт пробил лой пн|-1хай пн устоял, ниже открытия",-1,-1,-1
DOGEUSDT,2024-04-08,1,0.0,0.0,1.0,0.0,-1вт пробил лой пн,-1,-1,0
DOGEUSDT,2024-04-15,2,1.0,,1.0,0.0,"-1вт пробил лой пн|-1хай пн устоял, ниже открытия",-1,-1,-1
DOGEUSDT,2024-04-22,1,0.0,,1.0,0.0,+1вт инсайд пн,1,1,0
DOGEUSDT,2024-04-29,4,1.0,1.0,0.0,1.0,"+1открытие в нижней трети|+1пн снял PWL|-1вт пробил лой пн|-1хай пн устоял, ниже открытия",0,-1,-1
DOGEUSDT,2024-05-06,4,0.0,,1.0,0.0,"-1прошлая «обе сняты»|-1открытие в верхней трети|-1вт пробил лой пн|-1хай пн устоял, ниже открытия",-1,-1,-1
DOGEUSDT,2024-05-13,5,0.0,,0.0,1.0,"+1открытие в нижней трети|+1пн снял PWL|+1вт инсайд пн|+1лой пн устоял, выше открытия|+1PWL снят, ср выше PWL, лой устоял",1,1,1
DOGEUSDT,2024-05-20,2,0.0,0.0,0.0,1.0,"-1пн снял PWH|+1лой пн устоял, выше открытия",0,1,1
DOGEUSDT,2024-05-27,3,0.0,,1.0,0.0,"-1открытие в верхней трети|-1вт пробил лой пн|-1хай пн устоял, ниже открытия",-1,-1,-1
DOGEUSDT,2024-06-03,3,0.0,0.0,0.0,0.0,"+1открытие в нижней трети|+1вт инсайд пн|+1лой пн устоял, выше открытия",1,1,1
DOGEUSDT,2024-06-10,3,0.0,0.0,1.0,0.0,"-1вт пробил лой пн|-1пн внутри, вт снял PWL и вернулся|+1PWL снят, ср выше PWL, лой устоял",-1,1,1
DOGEUSDT,2024-06-17,4,0.0,,1.0,1.0,"+1открытие в нижней трети|+1пн снял PWL|-1вт пробил лой пн|-1хай пн устоял, ниже открытия",0,-1,-1
DOGEUSDT,2024-06-24,1,1.0,,1.0,1.0,"+1лой пн устоял, выше открытия",1,1,1
DOGEUSDT,2024-07-01,3,0.0,0.0,1.0,0.0,"-1открытие в верхней трети|-1вт пробил лой пн|-1хай пн устоял, ниже открытия",-1,-1,-1
DOGEUSDT,2024-07-08,2,1.0,1.0,0.0,1.0,"+1вт инсайд пн|+1лой пн устоял, выше открытия",1,1,1
DOGEUSDT,2024-07-15,3,1.0,1.0,0.0,1.0,"-1открытие в верхней трети|-1пн снял PWH|+1лой пн устоял, выше открытия",-1,1,1
DOGEUSDT,2024-07-22,3,1.0,1.0,1.0,0.0,"-1открытие в верхней трети|-1вт пробил лой пн|-1хай пн устоял, ниже открытия",-1,-1,-1
DOGEUSDT,2024-07-29,2,0.0,0.0,1.0,0.0,"-1вт пробил лой пн|-1хай пн устоял, ниже открытия",-1,-1,-1
DOGEUSDT,2024-08-05,4,1.0,1.0,0.0,1.0,"+1открытие в нижней трети|+1пн снял PWL|+1вт инсайд пн|-1хай пн устоял, ниже открытия",1,-1,-1
DOGEUSDT,2024-08-12,1,0.0,,1.0,0.0,"+1лой пн устоял, выше открытия",1,1,1
DOGEUSDT,2024-08-19,2,1.0,1.0,0.0,1.0,"+1открытие в нижней трети|+1лой пн устоял, выше открытия",1,1,1
DOGEUSDT,2024-08-26,4,0.0,0.0,1.0,0.0,"-1вт пробил лой пн|-1пн внутри, вт снял PWL и вернулся|-1хай пн устоял, ниже открытия|+1PWL снят, ср выше PWL, лой устоял",-1,1,1
DOGEUSDT,2024-09-02,1,0.0,0.0,1.0,0.0,+1открытие в нижней трети,1,1,0
DOGEUSDT,2024-09-09,3,1.0,1.0,0.0,1.0,"-1пн снял PWH|+1вт инсайд пн|+1лой пн устоял, выше открытия",1,1,1
DOGEUSDT,2024-09-16,2,1.0,1.0,0.0,1.0,"+1вт инсайд пн|+1лой пн устоял, выше открытия",1,1,1
DOGEUSDT,2024-09-23,3,1.0,1.0,0.0,1.0,"-1пн внутри, вт снял PWH и вернулся|+1лой пн устоял, выше открытия|-1PWH снят, ср обновила хай, закрылась ниже PWH",-1,-1,-1
DOGEUSDT,2024-09-30,5,1.0,1.0,1.0,0.0,"-1открытие в верхней трети|-1вт пробил лой пн|-1пн внутри, вт снял PWL и вернулся|-1хай пн устоял, ниже открытия|+1PWL снят, ср обновила лой, закрылась выше PWL",-1,1,1
DOGEUSDT,2024-10-07,2,1.0,,1.0,0.0,"-1вт пробил лой пн|-1хай пн устоял, ниже открытия",-1,-1,-1
DOGEUSDT,2024-10-14,3,1.0,1.0,0.0,1.0,"-1открытие в верхней трети|-1пн снял PWH|+1лой пн устоял, выше открытия",-1,1,1
DOGEUSDT,2024-10-21,6,1.0,0.0,1.0,0.0,"-1открытие в верхней трети|-1пн снял PWH|-1вт пробил лой пн|-1снят PWH, ниже открытия|-1хай пн устоял, ниже открытия|-1PWH снят, ср ниже PWH, хай устоял",-1,-1,-1
DOGEUSDT,2024-10-28,3,0.0,0.0,1.0,1.0,"-1открытие в верхней трети|-1пн снял PWH|+1лой пн устоял, выше открытия",-1,1,1
DOGEUSDT,2024-11-04,2,1.0,1.0,0.0,1.0,"+1открытие в нижней трети|+1лой пн устоял, выше открытия",1,1,1
DOGEUSDT,2024-11-11,3,0.0,0.0,1.0,1.0,"-1открытие в верхней трети|-1пн снял PWH|+1лой пн устоял, выше открытия",-1,1,1
DOGEUSDT,2024-11-18,1,1.0,1.0,0.0,1.0,"+1лой пн устоял, выше открытия",1,1,1
DOGEUSDT,2024-11-25,2,1.0,,0.0,1.0,"-1вт пробил лой пн|-1хай пн устоял, ниже открытия",-1,-1,-1
DOGEUSDT,2024-12-02,6,1.0,1.0,0.0,1.0,"-1открытие в верхней трети|-1пн снял PWH|-1вт пробил лой пн|-1снят PWH, ниже открытия|-1хай пн устоял, ниже открытия|-1PWH снят, ср ниже PWH, хай устоял",-1,-1,-1
DOGEUSDT,2024-12-09,5,0.0,,1.0,1.0,"-1открытие в верхней трети|+1пн снял PWL|-1вт пробил лой пн|-1хай пн устоял, ниже открытия|+1PWL снят, ср выше PWL, лой устоял",-1,1,1
DOGEUSDT,2024-12-16,2,0.0,0.0,1.0,0.0,"-1вт пробил лой пн|-1хай пн устоял, ниже открытия",-1,-1,-1
DOGEUSDT,2024-12-23,2,0.0,,1.0,1.0,"+1открытие в нижней трети|+1лой пн устоял, выше открытия",1,1,1
DOGEUSDT,2024-12-30,2,1.0,1.0,0.0,1.0,"+1открытие в нижней трети|+1лой пн устоял, выше открытия",1,1,1
DOGEUSDT,2025-01-06,2,0.0,0.0,1.0,0.0,-1открытие в верхней трети|-1вт пробил лой пн,-1,-1,0
DOGEUSDT,2025-01-13,4,0.0,1.0,0.0,1.0,"+1открытие в нижней трети|+1пн снял PWL|+1лой пн устоял, выше открытия|+1PWL снят, ср выше PWL, лой устоял",1,1,1
DOGEUSDT,2025-01-20,2,0.0,,1.0,0.0,-1прошлая «обе сняты»|-1вт пробил лой пн,-1,-1,0
DOGEUSDT,2025-01-27,2,0.0,0.0,0.0,0.0,+1открытие в нижней трети|+1пн снял PWL,1,1,0
DOGEUSDT,2025-02-03,5,0.0,,1.0,1.0,"+1открытие в нижней трети|+1пн снял PWL|+1вт инсайд пн|-1хай пн устоял, ниже открытия|+1PWL снят, ср выше PWL, лой устоял",1,1,1
DOGEUSDT,2025-02-10,1,1.0,,0.0,1.0,"+1лой пн устоял, выше открытия",1,1,1
DOGEUSDT,2025-02-17,2,0.0,,1.0,0.0,"-1вт пробил лой пн|-1хай пн устоял, ниже открытия",-1,-1,-1
DOGEUSDT,2025-02-24,4,1.0,0.0,1.0,0.0,"+1открытие в нижней трети|+1пн снял PWL|-1вт пробил лой пн|-1хай пн устоял, ниже открытия",0,-1,-1
DOGEUSDT,2025-03-03,3,0.0,0.0,1.0,0.0,"-1открытие в верхней трети|-1вт пробил лой пн|-1хай пн устоял, ниже открытия",-1,-1,-1
DOGEUSDT,2025-03-10,4,0.0,,1.0,1.0,"+1открытие в нижней трети|+1пн снял PWL|-1вт пробил лой пн|+1PWL снят, ср выше PWL, лой устоял",1,1,1
DOGEUSDT,2025-03-17,1,0.0,,0.0,1.0,-1вт пробил лой пн,-1,-1,0
DOGEUSDT,2025-03-24,2,0.0,0.0,1.0,0.0,"-1пн снял PWH|+1лой пн устоял, выше открытия",0,1,1
DOGEUSDT,2025-03-31,2,0.0,0.0,1.0,0.0,+1открытие в нижней трети|+1пн снял PWL,1,1,0
DOGEUSDT,2025-04-07,4,1.0,,0.0,1.0,"+1открытие в нижней трети|+1пн снял PWL|+1лой пн устоял, выше открытия|+1PWL снят, ср выше PWL, лой устоял",1,1,1
DOGEUSDT,2025-04-14,6,1.0,,1.0,1.0,"-1открытие в верхней трети|-1пн снял PWH|-1вт пробил лой пн|-1снят PWH, ниже открытия|-1хай пн устоял, ниже открытия|-1PWH снят, ср ниже PWH, хай устоял",-1,-1,-1
DOGEUSDT,2025-04-21,2,1.0,1.0,0.0,1.0,"+1открытие в нижней трети|+1лой пн устоял, выше открытия",1,1,1
DOGEUSDT,2025-04-28,2,0.0,1.0,0.0,1.0,"-1вт пробил лой пн|-1хай пн устоял, ниже открытия",-1,-1,-1
DOGEUSDT,2025-05-05,4,1.0,1.0,0.0,1.0,"+1открытие в нижней трети|-1вт пробил лой пн|-1пн внутри, вт снял PWL и вернулся|+1PWL снят, ср выше PWL, лой устоял",0,1,1
DOGEUSDT,2025-05-12,2,1.0,0.0,1.0,0.0,-1открытие в верхней трети|-1вт пробил лой пн,-1,-1,0
DOGEUSDT,2025-05-19,2,0.0,,0.0,1.0,"+1вт инсайд пн|+1лой пн устоял, выше открытия",1,1,1
DOGEUSDT,2025-05-26,2,0.0,0.0,1.0,0.0,+1открытие в нижней трети|-1вт пробил лой пн,0,-1,0
DOGEUSDT,2025-06-02,1,0.0,0.0,1.0,0.0,+1открытие в нижней трети,1,1,0
DOGEUSDT,2025-06-09,1,0.0,0.0,1.0,0.0,"+1лой пн устоял, выше открытия",1,1,1
DOGEUSDT,2025-06-16,4,0.0,0.0,1.0,0.0,"+1открытие в нижней трети|-1вт пробил лой пн|-1хай пн устоял, ниже открытия|+1PWL снят, ср выше PWL, лой устоял",0,1,1
DOGEUSDT,2025-06-23,2,1.0,,0.0,1.0,"+1открытие в нижней трети|+1лой пн устоял, выше открытия",1,1,1
DOGEUSDT,2025-06-30,2,1.0,,0.0,1.0,-1открытие в верхней трети|-1вт пробил лой пн,-1,-1,0
DOGEUSDT,2025-07-07,5,1.0,1.0,0.0,1.0,"-1открытие в верхней трети|-1пн снял PWH|+1вт инсайд пн|-1снят PWH, ниже открытия|+1лой пн устоял, выше открытия",-1,1,1
DOGEUSDT,2025-07-14,2,1.0,1.0,0.0,1.0,-1открытие в верхней трети|-1вт пробил лой пн,-1,-1,0
DOGEUSDT,2025-07-21,6,0.0,0.0,1.0,0.0,"-1открытие в верхней трети|-1пн снял PWH|-1вт пробил лой пн|-1снят PWH, ниже открытия|-1хай пн устоял, ниже открытия|-1PWH снят, ср ниже PWH, хай устоял",-1,-1,-1
DOGEUSDT,2025-07-28,4,0.0,0.0,1.0,0.0,"+1открытие в нижней трети|-1вт пробил лой пн|-1пн внутри, вт снял PWL и вернулся|-1хай пн устоял, ниже открытия",-1,-1,-1
DOGEUSDT,2025-08-04,2,1.0,1.0,0.0,1.0,+1открытие в нижней трети|-1вт пробил лой пн,0,-1,0
DOGEUSDT,2025-08-11,2,0.0,0.0,0.0,0.0,-1открытие в верхней трети|-1вт пробил лой пн,-1,-1,0
DOGEUSDT,2025-08-18,3,1.0,1.0,0.0,1.0,"-1вт пробил лой пн|-1хай пн устоял, ниже открытия|+1PWL снят, ср обновила лой, закрылась выше PWL",-1,1,1
DOGEUSDT,2025-08-25,4,0.0,,1.0,1.0,"+1пн снял PWL|+1вт инсайд пн|-1хай пн устоял, ниже открытия|+1PWL снят, ср выше PWL, лой устоял",1,1,1
DOGEUSDT,2025-09-01,5,1.0,,0.0,1.0,"+1открытие в нижней трети|+1пн снял PWL|+1вт инсайд пн|+1лой пн устоял, выше открытия|+1PWL снят, ср выше PWL, лой устоял",1,1,1
DOGEUSDT,2025-09-08,3,1.0,1.0,0.0,1.0,"-1открытие в верхней трети|-1пн снял PWH|+1лой пн устоял, выше открытия",-1,1,1
DOGEUSDT,2025-09-15,1,0.0,0.0,0.0,1.0,-1вт пробил лой пн,-1,-1,0
DOGEUSDT,2025-09-22,4,0.0,0.0,1.0,0.0,"+1открытие в нижней трети|+1пн снял PWL|+1вт инсайд пн|-1хай пн устоял, ниже открытия",1,-1,-1
DOGEUSDT,2025-09-29,1,1.0,,0.0,1.0,-1вт пробил лой пн,-1,-1,0
DOGEUSDT,2025-10-06,5,0.0,0.0,1.0,0.0,"-1открытие в верхней трети|-1пн снял PWH|-1вт пробил лой пн|-1снят PWH, ниже открытия|-1PWH снят, ср ниже PWH, хай устоял",-1,-1,-1
DOGEUSDT,2025-10-13,2,0.0,,1.0,0.0,"-1вт пробил лой пн|-1хай пн устоял, ниже открытия",-1,-1,-1
DOGEUSDT,2025-10-20,0,1.0,,0.0,1.0,,0,0,0
DOGEUSDT,2025-10-27,6,0.0,0.0,1.0,0.0,"-1открытие в верхней трети|-1пн снял PWH|-1вт пробил лой пн|-1снят PWH, ниже открытия|-1хай пн устоял, ниже открытия|-1PWH снят, ср ниже PWH, хай устоял",-1,-1,-1
DOGEUSDT,2025-11-03,5,1.0,0.0,1.0,1.0,"-1прошлая «обе сняты»|+1открытие в нижней трети|+1пн снял PWL|-1вт пробил лой пн|-1хай пн устоял, ниже открытия",-1,-1,-1
DOGEUSDT,2025-11-10,2,0.0,0.0,1.0,0.0,-1открытие в верхней трети|-1вт пробил лой пн,-1,-1,0
DOGEUSDT,2025-11-17,5,0.0,0.0,1.0,0.0,"+1открытие в нижней трети|+1пн снял PWL|-1вт пробил лой пн|-1хай пн устоял, ниже открытия|+1PWL снят, ср обновила лой, закрылась выше PWL",1,1,1
DOGEUSDT,2025-11-24,1,0.0,,1.0,1.0,"+1лой пн устоял, выше открытия",1,1,1
DOGEUSDT,2025-12-01,4,0.0,0.0,1.0,1.0,"+1открытие в нижней трети|+1пн снял PWL|+1лой пн устоял, выше открытия|+1PWL снят, ср выше PWL, лой устоял",1,1,1
DOGEUSDT,2025-12-08,2,0.0,0.0,1.0,0.0,"+1открытие в нижней трети|+1лой пн устоял, выше открытия",1,1,1
DOGEUSDT,2025-12-15,4,1.0,,1.0,0.0,"+1открытие в нижней трети|+1пн снял PWL|+1вт инсайд пн|-1хай пн устоял, ниже открытия",1,-1,-1
DOGEUSDT,2025-12-22,2,0.0,,1.0,0.0,"-1вт пробил лой пн|-1хай пн устоял, ниже открытия",-1,-1,-1
DOGEUSDT,2025-12-29,3,1.0,1.0,0.0,1.0,"+1открытие в нижней трети|+1вт инсайд пн|-1хай пн устоял, ниже открытия",1,-1,-1
DOGEUSDT,2026-01-05,4,0.0,0.0,1.0,0.0,"-1открытие в верхней трети|-1пн снял PWH|-1вт пробил лой пн|-1PWH снят, ср ниже PWH, хай устоял",-1,-1,-1
DOGEUSDT,2026-01-12,4,0.0,0.0,1.0,0.0,"+1открытие в нижней трети|+1пн снял PWL|+1лой пн устоял, выше открытия|+1PWL снят, ср выше PWL, лой устоял",1,1,1
DOGEUSDT,2026-01-19,4,0.0,0.0,1.0,0.0,"+1открытие в нижней трети|+1пн снял PWL|+1вт инсайд пн|-1хай пн устоял, ниже открытия",1,-1,-1
DOGEUSDT,2026-01-26,2,0.0,0.0,1.0,0.0,"+1открытие в нижней трети|+1лой пн устоял, выше открытия",1,1,1
DOGEUSDT,2026-02-02,1,0.0,0.0,1.0,0.0,+1открытие в нижней трети,1,1,0
DOGEUSDT,2026-02-09,2,1.0,1.0,0.0,1.0,"-1вт пробил лой пн|-1хай пн устоял, ниже открытия",-1,-1,-1
DOGEUSDT,2026-02-16,2,0.0,,1.0,0.0,"-1вт пробил лой пн|-1хай пн устоял, ниже открытия",-1,-1,-1
DOGEUSDT,2026-02-23,4,0.0,0.0,1.0,0.0,"+1открытие в нижней трети|+1пн снял PWL|-1вт пробил лой пн|+1PWL снят, ср выше PWL, лой устоял",1,1,1
DOGEUSDT,2026-03-02,2,0.0,0.0,1.0,0.0,+1открытие в нижней трети|-1вт пробил лой пн,0,-1,0
DOGEUSDT,2026-03-09,2,1.0,1.0,0.0,1.0,"+1открытие в нижней трети|+1лой пн устоял, выше открытия",1,1,1
DOGEUSDT,2026-03-16,2,0.0,0.0,1.0,0.0,"-1пн снял PWH|-1PWH снят, ср ниже PWH, хай устоял",-1,-1,-1
DOGEUSDT,2026-03-23,3,0.0,0.0,1.0,0.0,"+1открытие в нижней трети|+1вт инсайд пн|+1лой пн устоял, выше открытия",1,1,1
DOGEUSDT,2026-03-30,2,1.0,,1.0,0.0,+1открытие в нижней трети|-1вт пробил лой пн,0,-1,0
DOGEUSDT,2026-04-06,2,0.0,,1.0,1.0,"+1лой пн устоял, выше открытия|-1PWH снят, ср ниже PWH, хай устоял",0,-1,-1
DOGEUSDT,2026-04-13,4,0.0,1.0,0.0,1.0,"+1открытие в нижней трети|-1пн внутри, вт снял PWH и вернулся|+1лой пн устоял, выше открытия|-1PWH снят, ср ниже PWH, хай устоял",0,-1,-1
DOGEUSDT,2026-04-20,3,1.0,,0.0,1.0,"+1открытие в нижней трети|+1вт инсайд пн|+1лой пн устоял, выше открытия",1,1,1
DOGEUSDT,2026-04-27,3,1.0,1.0,1.0,1.0,"-1открытие в верхней трети|-1пн снял PWH|+1лой пн устоял, выше открытия",-1,1,1
DOGEUSDT,2026-05-04,3,1.0,0.0,1.0,0.0,"-1открытие в верхней трети|-1пн снял PWH|+1лой пн устоял, выше открытия",-1,1,1
DOGEUSDT,2026-05-11,1,0.0,1.0,0.0,0.0,-1вт пробил лой пн,-1,-1,0
DOGEUSDT,2026-05-18,5,0.0,0.0,1.0,0.0,"-1прошлая «обе сняты»|+1открытие в нижней трети|+1пн снял PWL|+1вт инсайд пн|-1хай пн устоял, ниже открытия",1,-1,-1
DOGEUSDT,2026-05-25,1,0.0,,1.0,0.0,-1вт пробил лой пн,-1,-1,0
DOGEUSDT,2026-06-01,2,0.0,0.0,1.0,0.0,"-1вт пробил лой пн|-1хай пн устоял, ниже открытия",-1,-1,-1
DOGEUSDT,2026-06-08,2,1.0,1.0,0.0,1.0,"-1вт пробил лой пн|-1хай пн устоял, ниже открытия",-1,-1,-1
DOGEUSDT,2026-06-15,2,0.0,,1.0,0.0,"-1вт пробил лой пн|-1хай пн устоял, ниже открытия",-1,-1,-1
DOGEUSDT,2026-06-22,3,0.0,0.0,1.0,0.0,"+1открытие в нижней трети|-1вт пробил лой пн|-1хай пн устоял, ниже открытия",-1,-1,-1
DOGEUSDT,2026-06-29,5,1.0,1.0,0.0,1.0,"+1открытие в нижней трети|-1вт пробил лой пн|-1пн внутри, вт снял PWL и вернулся|-1хай пн устоял, ниже открытия|+1PWL снят, ср выше PWL, лой устоял",-1,1,1
DOGEUSDT,2026-07-06,3,1.0,,1.0,1.0,"-1открытие в верхней трети|-1вт пробил лой пн|-1хай пн устоял, ниже открытия",-1,-1,-1
DOGEUSDT,2026-07-13,4,0.0,0.0,1.0,1.0,"+1открытие в нижней трети|+1пн снял PWL|+1лой пн устоял, выше открытия|+1PWL снят, ср выше PWL, лой устоял",1,1,1
DOGEUSDT,2026-07-20,1,1.0,0.0,0.0,0.0,"+1лой пн устоял, выше открытия",1,1,1
DOGEUSDT,2026-07-27,3,1.0,,1.0,0.0,"-1открытие в верхней трети|-1вт пробил лой пн|-1хай пн устоял, ниже открытия",-1,-1,-1
DOGEUSDT,2026-08-03,2,0.0,,0.0,0.0,"+1вт инсайд пн|-1хай пн устоял, ниже открытия",0,-1,-1
DOGEUSDT,2026-08-10,2,0.0,,1.0,1.0,"+1открытие в нижней трети|-1PWH снят, ср ниже PWH, хай устоял",0,-1,-1
DOGEUSDT,2026-08-17,3,1.0,1.0,0.0,1.0,"+1открытие в нижней трети|+1вт инсайд пн|+1лой пн устоял, выше открытия",1,1,1
DOGEUSDT,2026-08-24,3,0.0,0.0,1.0,0.0,"-1открытие в верхней трети|-1вт пробил лой пн|-1хай пн устоял, ниже открытия",-1,-1,-1
DOGEUSDT,2026-08-31,5,1.0,1.0,0.0,1.0,"+1открытие в нижней трети|-1вт пробил лой пн|-1пн внутри, вт снял PWL и вернулся|-1хай пн устоял, ниже открытия|+1PWL снят, ср обновила лой, закрылась выше PWL",-1,1,1
DOGEUSDT,2026-09-07,4,0.0,,1.0,0.0,"-1прошлая «обе сняты»|-1открытие в верхней трети|-1вт пробил лой пн|-1хай пн устоял, ниже открытия",-1,-1,-1
DOGEUSDT,2026-09-14,4,1.0,1.0,0.0,1.0,"+1открытие в нижней трети|+1пн снял PWL|-1вт пробил лой пн|-1хай пн устоял, ниже открытия",0,-1,-1
DOGEUSDT,2026-09-21,3,1.0,1.0,1.0,1.0,"-1открытие в верхней трети|-1пн снял PWH|+1лой пн устоял, выше открытия",-1,1,1
DOGEUSDT,2026-09-28,1,1.0,,1.0,0.0,+1вт инсайд пн,1,1,0
LTCUSDT,2020-01-27,2,1.0,1.0,0.0,1.0,"-1пн снял PWH|+1лой пн устоял, выше открытия",0,1,1
LTCUSDT,2020-02-03,2,1.0,1.0,0.0,1.0,-1открытие в верхней трети|-1вт пробил лой пн,-1,-1,0
LTCUSDT,2020-02-10,3,0.0,0.0,0.0,0.0,"-1открытие в верхней трети|+1вт инсайд пн|+1лой пн устоял, выше открытия",1,1,1
LTCUSDT,2020-02-17,0,1.0,1.0,0.0,1.0,,0,0,0
LTCUSDT,2020-02-24,3,0.0,,1.0,0.0,"-1открытие в верхней трети|-1вт пробил лой пн|-1хай пн устоял, ниже открытия",-1,-1,-1
LTCUSDT,2020-03-02,2,0.0,0.0,0.0,0.0,"+1открытие в нижней трети|+1лой пн устоял, выше открытия",1,1,1
LTCUSDT,2020-03-09,4,0.0,0.0,1.0,0.0,"+1открытие в нижней трети|+1пн снял PWL|+1вт инсайд пн|-1хай пн устоял, ниже открытия",1,-1,-1
LTCUSDT,2020-03-16,2,1.0,1.0,0.0,1.0,"+1вт инсайд пн|-1хай пн устоял, ниже открытия",0,-1,-1
LTCUSDT,2020-03-23,1,0.0,,0.0,1.0,"+1лой пн устоял, выше открытия",1,1,1
LTCUSDT,2020-03-30,1,1.0,,0.0,1.0,+1вт инсайд пн,1,1,0
LTCUSDT,2020-04-06,2,0.0,0.0,1.0,1.0,"-1пн снял PWH|+1лой пн устоял, выше открытия",0,1,1
LTCUSDT,2020-04-13,4,1.0,1.0,0.0,0.0,"+1открытие в нижней трети|+1пн снял PWL|+1вт инсайд пн|-1хай пн устоял, ниже открытия",1,-1,-1
LTCUSDT,2020-04-20,2,1.0,1.0,0.0,1.0,"+1вт инсайд пн|-1хай пн устоял, ниже открытия",0,-1,-1
LTCUSDT,2020-04-27,2,0.0,0.0,0.0,1.0,"-1открытие в верхней трети|+1лой пн устоял, выше открытия",0,1,1
LTCUSDT,2020-05-04,2,0.0,1.0,0.0,0.0,"+1вт инсайд пн|-1хай пн устоял, ниже открытия",0,-1,-1
LTCUSDT,2020-05-11,3,1.0,,0.0,1.0,"+1открытие в нижней трети|+1вт инсайд пн|+1лой пн устоял, выше открытия",1,1,1
LTCUSDT,2020-05-18,4,0.0,,1.0,0.0,"-1открытие в верхней трети|-1пн снял PWH|+1вт инсайд пн|-1PWH снят, ср ниже PWH, хай устоял",-1,-1,-1
LTCUSDT,2020-05-25,3,1.0,1.0,0.0,1.0,"+1открытие в нижней трети|+1вт инсайд пн|+1лой пн устоял, выше открытия",1,1,1
LTCUSDT,2020-06-01,3,0.0,,1.0,1.0,"-1пн снял PWH|-1вт пробил лой пн|-1PWH снят, ср ниже PWH, хай устоял",-1,-1,-1
LTCUSDT,2020-06-08,1,0.0,0.0,1.0,0.0,-1вт пробил лой пн,-1,-1,0
LTCUSDT,2020-06-15,3,0.0,,1.0,1.0,"+1пн снял PWL|+1лой пн устоял, выше открытия|+1PWL снят, ср выше PWL, лой устоял",1,1,1
LTCUSDT,2020-06-22,1,0.0,0.0,1.0,0.0,+1вт инсайд пн,1,1,0
LTCUSDT,2020-06-29,2,0.0,,1.0,0.0,"+1вт инсайд пн|+1лой пн устоял, выше открытия",1,1,1
LTCUSDT,2020-07-06,2,0.0,0.0,0.0,1.0,"-1пн снял PWH|+1лой пн устоял, выше открытия",0,1,1
LTCUSDT,2020-07-13,3,0.0,0.0,1.0,0.0,"-1открытие в верхней трети|+1вт инсайд пн|-1хай пн устоял, ниже открытия",-1,-1,-1
LTCUSDT,2020-07-20,1,1.0,1.0,0.0,1.0,"+1лой пн устоял, выше открытия",1,1,1
LTCUSDT,2020-07-27,3,1.0,1.0,0.0,1.0,"-1открытие в верхней трети|-1пн снял PWH|+1лой пн устоял, выше открытия",-1,1,1
LTCUSDT,2020-08-03,2,0.0,,0.0,0.0,"+1вт инсайд пн|+1лой пн устоял, выше открытия",1,1,1
LTCUSDT,2020-08-10,1,1.0,1.0,0.0,1.0,-1вт пробил лой пн,-1,-1,0
LTCUSDT,2020-08-17,5,0.0,0.0,1.0,0.0,"-1открытие в верхней трети|-1пн снял PWH|+1вт инсайд пн|-1хай пн устоял, ниже открытия|-1PWH снят, ср ниже PWH, хай устоял",-1,-1,-1
LTCUSDT,2020-08-24,5,1.0,,1.0,0.0,"+1открытие в нижней трети|-1вт пробил лой пн|-1пн внутри, вт снял PWL и вернулся|-1хай пн устоял, ниже открытия|+1PWL снят, ср выше PWL, лой устоял",-1,1,1
LTCUSDT,2020-08-31,5,0.0,0.0,1.0,0.0,"-1открытие в верхней трети|-1пн снял PWH|-1вт пробил лой пн|-1снят PWH, ниже открытия|-1PWH снят, ср ниже PWH, хай устоял",-1,-1,-1
LTCUSDT,2020-09-07,1,1.0,,0.0,1.0,+1открытие в нижней трети,1,1,0
LTCUSDT,2020-09-14,0,0.0,,1.0,0.0,,0,0,0
LTCUSDT,2020-09-21,4,1.0,1.0,1.0,1.0,"+1открытие в нижней трети|+1пн снял PWL|+1вт инсайд пн|-1хай пн устоял, ниже открытия",1,-1,-1
LTCUSDT,2020-09-28,3,1.0,0.0,0.0,0.0,"-1открытие в верхней трети|+1вт инсайд пн|+1лой пн устоял, выше открытия",1,1,1
LTCUSDT,2020-10-05,1,1.0,1.0,0.0,1.0,-1вт пробил лой пн,-1,-1,0
LTCUSDT,2020-10-12,6,0.0,0.0,1.0,0.0,"-1открытие в верхней трети|-1пн снял PWH|-1вт пробил лой пн|-1снят PWH, ниже открытия|-1хай пн устоял, ниже открытия|-1PWH снят, ср ниже PWH, хай устоял",-1,-1,-1
LTCUSDT,2020-10-19,2,1.0,1.0,0.0,1.0,+1открытие в нижней трети|-1вт пробил лой пн,0,-1,0
LTCUSDT,2020-10-26,2,0.0,0.0,1.0,0.0,-1открытие в верхней трети|+1вт инсайд пн,0,1,0
LTCUSDT,2020-11-02,4,1.0,1.0,0.0,1.0,"-1вт пробил лой пн|-1пн внутри, вт снял PWL и вернулся|-1хай пн устоял, ниже открытия|+1PWL снят, ср выше PWL, лой устоял",-1,1,1
LTCUSDT,2020-11-09,3,1.0,1.0,0.0,1.0,"-1открытие в верхней трети|-1вт пробил лой пн|-1хай пн устоял, ниже открытия",-1,-1,-1
LTCUSDT,2020-11-16,2,1.0,1.0,0.0,1.0,"-1пн снял PWH|+1лой пн устоял, выше открытия",0,1,1
LTCUSDT,2020-11-23,3,0.0,0.0,1.0,0.0,"-1открытие в верхней трети|-1пн снял PWH|-1PWH снят, ср ниже PWH, хай устоял",-1,-1,-1
LTCUSDT,2020-11-30,1,0.0,0.0,1.0,1.0,"+1лой пн устоял, выше открытия",1,1,1
LTCUSDT,2020-12-07,4,1.0,,1.0,0.0,"-1вт пробил лой пн|-1пн внутри, вт снял PWL и вернулся|-1хай пн устоял, ниже открытия|+1PWL снят, ср обновила лой, закрылась выше PWL",-1,1,1
LTCUSDT,2020-12-14,1,1.0,1.0,0.0,1.0,-1открытие в верхней трети,-1,-1,0
LTCUSDT,2020-12-21,3,1.0,1.0,0.0,1.0,"-1открытие в верхней трети|-1вт пробил лой пн|-1хай пн устоял, ниже открытия",-1,-1,-1
LTCUSDT,2020-12-28,2,1.0,1.0,0.0,1.0,-1открытие в верхней трети|-1вт пробил лой пн,-1,-1,0
LTCUSDT,2021-01-04,5,1.0,0.0,0.0,1.0,"-1открытие в верхней трети|-1пн снял PWH|+1вт инсайд пн|-1снят PWH, ниже открытия|+1лой пн устоял, выше открытия",-1,1,1
LTCUSDT,2021-01-11,4,0.0,,1.0,1.0,"+1пн снял PWL|+1вт инсайд пн|-1хай пн устоял, ниже открытия|+1PWL снят, ср выше PWL, лой устоял",1,1,1
LTCUSDT,2021-01-18,0,0.0,0.0,1.0,0.0,,0,0,0
LTCUSDT,2021-01-25,2,1.0,1.0,1.0,1.0,"-1вт пробил лой пн|-1хай пн устоял, ниже открытия",-1,-1,-1
LTCUSDT,2021-02-01,1,0.0,0.0,0.0,1.0,"+1лой пн устоял, выше открытия",1,1,1
LTCUSDT,2021-02-08,2,1.0,1.0,0.0,1.0,"-1пн снял PWH|+1лой пн устоял, выше открытия",0,1,1
LTCUSDT,2021-02-15,2,0.0,0.0,0.0,1.0,"-1открытие в верхней трети|+1лой пн устоял, выше открытия",0,1,1
LTCUSDT,2021-02-22,4,0.0,0.0,1.0,0.0,"-1открытие в верхней трети|+1пн снял PWL|-1вт пробил лой пн|-1хай пн устоял, ниже открытия",-1,-1,-1
LTCUSDT,2021-03-01,2,1.0,,1.0,1.0,"+1открытие в нижней трети|+1лой пн устоял, выше открытия",1,1,1
LTCUSDT,2021-03-08,2,1.0,1.0,0.0,1.0,"-1открытие в верхней трети|+1лой пн устоял, выше открытия",0,1,1
LTCUSDT,2021-03-15,3,0.0,,1.0,1.0,"-1открытие в верхней трети|-1вт пробил лой пн|-1хай пн устоял, ниже открытия",-1,-1,-1
LTCUSDT,2021-03-22,4,1.0,,1.0,0.0,"+1открытие в нижней трети|+1пн снял PWL|-1вт пробил лой пн|-1хай пн устоял, ниже открытия",0,-1,-1
LTCUSDT,2021-03-29,3,1.0,1.0,0.0,1.0,"-1пн внутри, вт снял PWH и вернулся|+1лой пн устоял, выше открытия|-1PWH снят, ср ниже PWH, хай устоял",-1,-1,-1
LTCUSDT,2021-04-05,2,1.0,1.0,0.0,1.0,"-1пн снял PWH|+1лой пн устоял, выше открытия",0,1,1
LTCUSDT,2021-04-12,2,0.0,1.0,0.0,0.0,"-1открытие в верхней трети|+1лой пн устоял, выше открытия",0,1,1
LTCUSDT,2021-04-19,2,0.0,0.0,0.0,0.0,"-1вт пробил лой пн|-1хай пн устоял, ниже открытия",-1,-1,-1
LTCUSDT,2021-04-26,2,1.0,,0.0,1.0,"+1открытие в нижней трети|+1лой пн устоял, выше открытия",1,1,1
LTCUSDT,2021-05-03,3,1.0,0.0,0.0,1.0,"-1открытие в верхней трети|-1пн снял PWH|+1лой пн устоял, выше открытия",-1,1,1
LTCUSDT,2021-05-10,6,0.0,,1.0,0.0,"-1открытие в верхней трети|-1пн снял PWH|+1вт инсайд пн|-1снят PWH, ниже открытия|-1хай пн устоял, ниже открытия|-1PWH снят, ср ниже PWH, хай устоял",-1,-1,-1
LTCUSDT,2021-05-17,2,0.0,0.0,1.0,0.0,+1открытие в нижней трети|+1пн снял PWL,1,1,0
LTCUSDT,2021-05-24,2,0.0,,0.0,1.0,"+1открытие в нижней трети|+1лой пн устоял, выше открытия",1,1,1
LTCUSDT,2021-05-31,1,0.0,,0.0,1.0,"+1лой пн устоял, выше открытия",1,1,1
LTCUSDT,2021-06-07,4,0.0,,1.0,1.0,"+1пн снял PWL|-1вт пробил лой пн|-1хай пн устоял, ниже открытия|+1PWL снят, ср выше PWL, лой устоял",0,1,1
LTCUSDT,2021-06-14,1,0.0,0.0,1.0,0.0,-1открытие в верхней трети,-1,-1,0
LTCUSDT,2021-06-21,4,1.0,,1.0,1.0,"+1открытие в нижней трети|+1пн снял PWL|-1вт пробил лой пн|-1хай пн устоял, ниже открытия",0,-1,-1
LTCUSDT,2021-06-28,1,1.0,,1.0,1.0,"+1лой пн устоял, выше открытия",1,1,1
LTCUSDT,2021-07-05,3,0.0,,1.0,0.0,"-1открытие в верхней трети|+1вт инсайд пн|-1хай пн устоял, ниже открытия",-1,-1,-1
LTCUSDT,2021-07-12,2,0.0,0.0,1.0,0.0,"-1вт пробил лой пн|-1хай пн устоял, ниже открытия",-1,-1,-1
LTCUSDT,2021-07-19,5,1.0,1.0,0.0,1.0,"+1открытие в нижней трети|+1пн снял PWL|-1вт пробил лой пн|-1хай пн устоял, ниже открытия|+1PWL снят, ср выше PWL, лой устоял",1,1,1
LTCUSDT,2021-07-26,4,0.0,1.0,0.0,1.0,"-1открытие в верхней трети|-1пн снял PWH|+1вт инсайд пн|+1лой пн устоял, выше открытия",0,1,1
LTCUSDT,2021-08-02,1,1.0,1.0,0.0,1.0,-1вт пробил лой пн,-1,-1,0
LTCUSDT,2021-08-09,3,1.0,1.0,0.0,1.0,"-1пн снял PWH|+1вт инсайд пн|+1лой пн устоял, выше открытия",1,1,1
LTCUSDT,2021-08-16,6,1.0,1.0,0.0,0.0,"-1открытие в верхней трети|-1пн снял PWH|-1вт пробил лой пн|-1снят PWH, ниже открытия|-1хай пн устоял, ниже открытия|-1PWH снят, ср ниже PWH, хай устоял",-1,-1,-1
LTCUSDT,2021-08-23,6,0.0,,1.0,0.0,"-1открытие в верхней трети|-1пн снял PWH|-1вт пробил лой пн|-1снят PWH, ниже открытия|-1хай пн устоял, ниже открытия|-1PWH снят, ср ниже PWH, хай устоял",-1,-1,-1
LTCUSDT,2021-08-30,1,1.0,1.0,0.0,1.0,-1вт пробил лой пн,-1,-1,0
LTCUSDT,2021-09-06,5,1.0,,1.0,1.0,"-1открытие в верхней трети|-1вт пробил лой пн|-1пн внутри, вт снял PWL и вернулся|-1хай пн устоял, ниже открытия|+1PWL снят, ср выше PWL, лой устоял",-1,1,1
LTCUSDT,2021-09-13,5,0.0,,1.0,1.0,"-1пн снял PWH|+1вт инсайд пн|-1снят PWH, ниже открытия|+1лой пн устоял, выше открытия|-1PWH снят, ср ниже PWH, хай устоял",-1,-1,-1
LTCUSDT,2021-09-20,4,0.0,,1.0,0.0,"+1открытие в нижней трети|+1пн снял PWL|-1вт пробил лой пн|-1хай пн устоял, ниже открытия",0,-1,-1
LTCUSDT,2021-09-27,4,1.0,1.0,0.0,1.0,"+1открытие в нижней трети|-1вт пробил лой пн|-1хай пн устоял, ниже открытия|+1PWL снят, ср обновила лой, закрылась выше PWL",0,1,1
LTCUSDT,2021-10-04,3,0.0,,0.0,1.0,"-1открытие в верхней трети|-1пн внутри, вт снял PWH и вернулся|+1лой пн устоял, выше открытия",-1,1,1
LTCUSDT,2021-10-11,1,1.0,1.0,0.0,1.0,-1вт пробил лой пн,-1,-1,0
LTCUSDT,2021-10-18,1,0.0,0.0,0.0,1.0,"+1лой пн устоял, выше открытия",1,1,1
LTCUSDT,2021-10-25,1,1.0,1.0,1.0,1.0,+1открытие в нижней трети,1,1,0
LTCUSDT,2021-11-01,2,0.0,0.0,1.0,1.0,"-1пн внутри, вт снял PWH и вернулся|+1лой пн устоял, выше открытия",0,1,1
LTCUSDT,2021-11-08,2,1.0,1.0,1.0,1.0,"-1пн снял PWH|+1лой пн устоял, выше открытия",0,1,1
LTCUSDT,2021-11-15,3,0.0,0.0,1.0,0.0,"-1открытие в верхней трети|-1вт пробил лой пн|-1хай пн устоял, ниже открытия",-1,-1,-1
LTCUSDT,2021-11-22,3,0.0,0.0,0.0,0.0,"+1открытие в нижней трети|+1вт инсайд пн|-1хай пн устоял, ниже открытия",1,-1,-1
LTCUSDT,2021-11-29,1,0.0,0.0,1.0,0.0,"+1лой пн устоял, выше открытия",1,1,1
LTCUSDT,2021-12-06,2,0.0,,1.0,1.0,"+1открытие в нижней трети|+1лой пн устоял, выше открытия",1,1,1
LTCUSDT,2021-12-13,2,0.0,,0.0,0.0,"+1вт инсайд пн|-1хай пн устоял, ниже открытия",0,-1,-1
LTCUSDT,2021-12-20,2,1.0,,0.0,1.0,"+1вт инсайд пн|+1лой пн устоял, выше открытия",1,1,1
LTCUSDT,2021-12-27,4,1.0,,1.0,0.0,"-1вт пробил лой пн|-1пн внутри, вт снял PWL и вернулся|-1хай пн устоял, ниже открытия|+1PWL снят, ср обновила лой, закрылась выше PWL",-1,1,1
LTCUSDT,2022-01-03,1,0.0,0.0,1.0,0.0,-1вт пробил лой пн,-1,-1,0
LTCUSDT,2022-01-10,4,1.0,1.0,0.0,1.0,"+1открытие в нижней трети|+1пн снял PWL|+1лой пн устоял, выше открытия|+1PWL снят, ср выше PWL, лой устоял",1,1,1
LTCUSDT,2022-01-17,6,0.0,0.0,1.0,0.0,"-1открытие в верхней трети|-1пн снял PWH|-1вт пробил лой пн|-1снят PWH, ниже открытия|-1хай пн устоял, ниже открытия|-1PWH снят, ср ниже PWH, хай устоял",-1,-1,-1
LTCUSDT,2022-01-24,2,1.0,,1.0,1.0,+1открытие в нижней трети|+1вт инсайд пн,1,1,0
LTCUSDT,2022-01-31,2,1.0,1.0,0.0,1.0,"-1пн внутри, вт снял PWH и вернулся|-1PWH снят, ср ниже PWH, хай устоял",-1,-1,-1
LTCUSDT,2022-02-07,3,0.0,0.0,0.0,0.0,"-1открытие в верхней трети|-1пн снял PWH|+1лой пн устоял, выше открытия",-1,1,1
LTCUSDT,2022-02-14,2,0.0,0.0,1.0,0.0,"+1открытие в нижней трети|+1лой пн устоял, выше открытия",1,1,1
LTCUSDT,2022-03-21,2,1.0,1.0,0.0,1.0,"-1открытие в верхней трети|+1лой пн устоял, выше открытия",0,1,1
LTCUSDT,2022-04-18,1,0.0,0.0,0.0,0.0,"+1лой пн устоял, выше открытия",1,1,1
LTCUSDT,2022-04-25,3,0.0,0.0,1.0,0.0,+1открытие в нижней трети|+1пн снял PWL|-1вт пробил лой пн,1,-1,0
LTCUSDT,2022-05-02,1,0.0,0.0,1.0,0.0,-1вт пробил лой пн,-1,-1,0
LTCUSDT,2022-05-09,5,1.0,0.0,1.0,0.0,"-1прошлая «обе сняты»|+1открытие в нижней трети|+1пн снял PWL|-1вт пробил лой пн|-1хай пн устоял, ниже открытия",-1,-1,-1
LTCUSDT,2022-05-16,0,1.0,,1.0,0.0,,0,0,0
LTCUSDT,2022-05-23,3,0.0,,1.0,0.0,"-1открытие в верхней трети|-1вт пробил лой пн|-1хай пн устоял, ниже открытия",-1,-1,-1
LTCUSDT,2022-05-30,2,1.0,,1.0,0.0,+1открытие в нижней трети|+1вт инсайд пн,1,1,0
LTCUSDT,2022-06-06,5,0.0,0.0,1.0,0.0,"+1открытие в нижней трети|-1вт пробил лой пн|-1пн внутри, вт снял PWL и вернулся|-1хай пн устоял, ниже открытия|+1PWL снят, ср выше PWL, лой устоял",-1,1,1
LTCUSDT,2022-06-13,4,1.0,0.0,0.0,1.0,"+1открытие в нижней трети|+1пн снял PWL|-1вт пробил лой пн|+1PWL снят, ср выше PWL, лой устоял",1,1,1
LTCUSDT,2022-06-20,1,1.0,1.0,0.0,1.0,-1открытие в верхней трети,-1,-1,0
LTCUSDT,2022-06-27,2,0.0,,1.0,0.0,"-1вт пробил лой пн|-1хай пн устоял, ниже открытия",-1,-1,-1
LTCUSDT,2022-07-04,4,1.0,1.0,0.0,1.0,"+1открытие в нижней трети|-1вт пробил лой пн|-1пн внутри, вт снял PWL и вернулся|+1PWL снят, ср выше PWL, лой устоял",0,1,1
LTCUSDT,2022-07-11,3,1.0,1.0,0.0,1.0,"-1вт пробил лой пн|-1хай пн устоял, ниже открытия|+1PWL снят, ср обновила лой, закрылась выше PWL",-1,1,1
LTCUSDT,2022-07-18,3,1.0,,1.0,0.0,"-1открытие в верхней трети|-1пн снял PWH|+1лой пн устоял, выше открытия",-1,1,1
LTCUSDT,2022-07-25,3,1.0,1.0,0.0,1.0,"+1пн снял PWL|-1вт пробил лой пн|+1PWL снят, ср выше PWL, лой устоял",1,1,1
LTCUSDT,2022-08-01,3,1.0,1.0,0.0,1.0,"-1прошлая «обе сняты»|-1вт пробил лой пн|-1хай пн устоял, ниже открытия",-1,-1,-1
LTCUSDT,2022-08-08,5,1.0,1.0,0.0,1.0,"-1открытие в верхней трети|-1пн снял PWH|-1вт пробил лой пн|-1снят PWH, ниже открытия|-1PWH снят, ср ниже PWH, хай устоял",-1,-1,-1
LTCUSDT,2022-08-15,3,0.0,0.0,1.0,0.0,"-1открытие в верхней трети|+1вт инсайд пн|-1хай пн устоял, ниже открытия",-1,-1,-1
LTCUSDT,2022-08-22,4,0.0,0.0,0.0,0.0,"+1открытие в нижней трети|+1пн снял PWL|+1лой пн устоял, выше открытия|+1PWL снят, ср выше PWL, лой устоял",1,1,1
LTCUSDT,2022-08-29,2,1.0,1.0,0.0,1.0,+1открытие в нижней трети|-1вт пробил лой пн,0,-1,0
LTCUSDT,2022-09-05,5,1.0,1.0,0.0,1.0,"-1открытие в верхней трети|-1вт пробил лой пн|-1снят PWH, ниже открытия|-1пн внутри, вт снял PWH и вернулся|-1PWH снят, ср ниже PWH, хай устоял",-1,-1,-1
LTCUSDT,2022-09-12,5,0.0,0.0,1.0,0.0,"-1открытие в верхней трети|-1вт пробил лой пн|-1снят PWH, ниже открытия|-1пн внутри, вт снял PWH и вернулся|-1PWH снят, ср ниже PWH, хай устоял",-1,-1,-1
LTCUSDT,2022-09-19,2,1.0,1.0,0.0,1.0,+1открытие в нижней трети|+1пн снял PWL,1,1,0
LTCUSDT,2022-09-26,1,0.0,,1.0,1.0,-1вт пробил лой пн,-1,-1,0
LTCUSDT,2022-10-03,4,0.0,,1.0,1.0,"+1открытие в нижней трети|-1пн внутри, вт снял PWH и вернулся|+1лой пн устоял, выше открытия|-1PWH снят, ср ниже PWH, хай устоял",0,-1,-1
LTCUSDT,2022-10-10,4,0.0,0.0,1.0,0.0,"-1вт пробил лой пн|-1пн внутри, вт снял PWL и вернулся|-1хай пн устоял, ниже открытия|+1PWL снят, ср выше PWL, лой устоял",-1,1,1
LTCUSDT,2022-10-17,1,1.0,1.0,0.0,0.0,-1вт пробил лой пн,-1,-1,0
LTCUSDT,2022-10-24,3,0.0,0.0,1.0,1.0,"-1открытие в верхней трети|-1пн снял PWH|+1лой пн устоял, выше открытия",-1,1,1
LTCUSDT,2022-10-31,2,1.0,1.0,0.0,1.0,"+1вт инсайд пн|+1лой пн устоял, выше открытия",1,1,1
LTCUSDT,2022-11-07,4,1.0,1.0,1.0,1.0,"-1открытие в верхней трети|-1пн снял PWH|-1вт пробил лой пн|-1хай пн устоял, ниже открытия",-1,-1,-1
LTCUSDT,2022-11-14,2,1.0,1.0,0.0,1.0,"-1прошлая «обе сняты»|+1лой пн устоял, выше открытия",0,1,1
LTCUSDT,2022-11-21,2,0.0,,1.0,1.0,"-1открытие в верхней трети|+1лой пн устоял, выше открытия",0,1,1
LTCUSDT,2022-11-28,1,0.0,,1.0,1.0,"+1лой пн устоял, выше открытия",1,1,1
LTCUSDT,2022-12-05,4,0.0,,1.0,0.0,"-1пн снял PWH|+1вт инсайд пн|-1хай пн устоял, ниже открытия|-1PWH снят, ср ниже PWH, хай устоял",-1,-1,-1
LTCUSDT,2022-12-12,3,0.0,0.0,1.0,0.0,"+1открытие в нижней трети|+1пн снял PWL|+1PWL снят, ср выше PWL, лой устоял",1,1,1
LTCUSDT,2022-12-19,4,1.0,,0.0,1.0,"+1открытие в нижней трети|+1пн снял PWL|+1лой пн устоял, выше открытия|+1PWL снят, ср выше PWL, лой устоял",1,1,1
LTCUSDT,2022-12-26,6,1.0,1.0,1.0,0.0,"-1открытие в верхней трети|-1пн снял PWH|-1вт пробил лой пн|-1снят PWH, ниже открытия|-1хай пн устоял, ниже открытия|-1PWH снят, ср ниже PWH, хай устоял",-1,-1,-1
LTCUSDT,2023-01-02,4,1.0,0.0,0.0,1.0,"-1открытие в верхней трети|-1пн снял PWH|+1вт инсайд пн|+1лой пн устоял, выше открытия",0,1,1
LTCUSDT,2023-01-09,4,1.0,1.0,0.0,1.0,"-1открытие в верхней трети|-1пн снял PWH|+1вт инсайд пн|+1лой пн устоял, выше открытия",0,1,1
LTCUSDT,2023-01-16,1,1.0,1.0,0.0,0.0,-1открытие в верхней трети,-1,-1,0
LTCUSDT,2023-01-23,4,1.0,1.0,0.0,1.0,"-1пн снял PWH|-1вт пробил лой пн|-1снят PWH, ниже открытия|-1PWH снят, ср ниже PWH, хай устоял",-1,-1,-1
LTCUSDT,2023-01-30,2,0.0,0.0,1.0,1.0,"-1открытие в верхней трети|+1лой пн устоял, выше открытия",0,1,1
LTCUSDT,2023-02-06,1,0.0,0.0,1.0,0.0,"+1лой пн устоял, выше открытия",1,1,1
LTCUSDT,2023-02-13,4,0.0,0.0,0.0,1.0,"+1открытие в нижней трети|+1пн снял PWL|+1лой пн устоял, выше открытия|+1PWL снят, ср выше PWL, лой устоял",1,1,1
LTCUSDT,2023-02-20,3,1.0,0.0,1.0,0.0,"-1прошлая «обе сняты»|-1вт пробил лой пн|-1хай пн устоял, ниже открытия",-1,-1,-1
LTCUSDT,2023-02-27,2,0.0,0.0,1.0,0.0,"+1вт инсайд пн|+1лой пн устоял, выше открытия",1,1,1
LTCUSDT,2023-03-06,3,0.0,0.0,1.0,0.0,"-1вт пробил лой пн|-1пн внутри, вт снял PWL и вернулся|-1хай пн устоял, ниже открытия",-1,-1,-1
LTCUSDT,2023-03-13,1,1.0,1.0,1.0,1.0,"+1лой пн устоял, выше открытия",1,1,1
LTCUSDT,2023-03-20,2,1.0,1.0,0.0,1.0,-1открытие в верхней трети|-1вт пробил лой пн,-1,-1,0
LTCUSDT,2023-03-27,3,1.0,,0.0,1.0,"-1открытие в верхней трети|-1вт пробил лой пн|-1хай пн устоял, ниже открытия",-1,-1,-1
LTCUSDT,2023-04-03,6,0.0,,1.0,0.0,"-1открытие в верхней трети|-1пн снял PWH|+1вт инсайд пн|-1снят PWH, ниже открытия|-1хай пн устоял, ниже открытия|-1PWH снят, ср ниже PWH, хай устоял",-1,-1,-1
LTCUSDT,2023-04-10,4,1.0,1.0,0.0,1.0,"+1открытие в нижней трети|-1пн внутри, вт снял PWH и вернулся|+1лой пн устоял, выше открытия|-1PWH снят, ср ниже PWH, хай устоял",0,-1,-1
LTCUSDT,2023-04-17,3,0.0,0.0,1.0,0.0,"-1открытие в верхней трети|-1пн внутри, вт снял PWH и вернулся|-1PWH снят, ср ниже PWH, хай устоял",-1,-1,-1
LTCUSDT,2023-04-24,1,1.0,,1.0,1.0,+1открытие в нижней трети,1,1,0
LTCUSDT,2023-05-01,1,0.0,0.0,1.0,0.0,"+1лой пн устоял, выше открытия",1,1,1
LTCUSDT,2023-05-08,5,1.0,,1.0,1.0,"+1открытие в нижней трети|+1пн снял PWL|+1вт инсайд пн|-1хай пн устоял, ниже открытия|+1PWL снят, ср выше PWL, лой устоял",1,1,1
LTCUSDT,2023-05-15,3,0.0,0.0,1.0,1.0,"-1открытие в верхней трети|-1пн снял PWH|+1лой пн устоял, выше открытия",-1,1,1
LTCUSDT,2023-05-22,1,1.0,1.0,1.0,0.0,-1открытие в верхней трети,-1,-1,0
LTCUSDT,2023-05-29,3,1.0,1.0,0.0,1.0,"-1открытие в верхней трети|-1пн внутри, вт снял PWH и вернулся|-1PWH снят, ср ниже PWH, хай устоял",-1,-1,-1
LTCUSDT,2023-06-05,4,0.0,0.0,1.0,0.0,"+1пн снял PWL|+1вт инсайд пн|-1хай пн устоял, ниже открытия|+1PWL снят, ср выше PWL, лой устоял",1,1,1
LTCUSDT,2023-06-12,1,1.0,1.0,1.0,1.0,+1открытие в нижней трети,1,1,0
LTCUSDT,2023-06-19,2,1.0,1.0,0.0,1.0,-1открытие в верхней трети|-1вт пробил лой пн,-1,-1,0
LTCUSDT,2023-06-26,3,1.0,1.0,0.0,1.0,"-1открытие в верхней трети|+1вт инсайд пн|-1хай пн устоял, ниже открытия",-1,-1,-1
LTCUSDT,2023-07-03,6,0.0,0.0,1.0,0.0,"-1открытие в верхней трети|-1пн снял PWH|-1вт пробил лой пн|-1снят PWH, ниже открытия|-1хай пн устоял, ниже открытия|-1PWH снят, ср ниже PWH, хай устоял",-1,-1,-1
LTCUSDT,2023-07-10,4,0.0,1.0,0.0,1.0,"+1открытие в нижней трети|+1пн снял PWL|+1лой пн устоял, выше открытия|+1PWL снят, ср выше PWL, лой устоял",1,1,1
LTCUSDT,2023-07-17,4,1.0,,0.0,1.0,"+1открытие в нижней трети|+1пн снял PWL|+1вт инсайд пн|+1PWL снят, ср выше PWL, лой устоял",1,1,1
LTCUSDT,2023-07-24,4,1.0,1.0,0.0,1.0,"+1пн снял PWL|+1вт инсайд пн|-1хай пн устоял, ниже открытия|+1PWL снят, ср выше PWL, лой устоял",1,1,1
LTCUSDT,2023-07-31,3,0.0,0.0,1.0,0.0,"-1открытие в верхней трети|-1вт пробил лой пн|-1хай пн устоял, ниже открытия",-1,-1,-1
LTCUSDT,2023-08-07,4,0.0,,1.0,1.0,"+1открытие в нижней трети|+1пн снял PWL|+1лой пн устоял, выше открытия|+1PWL снят, ср выше PWL, лой устоял",1,1,1
LTCUSDT,2023-08-14,3,0.0,0.0,1.0,0.0,"-1вт пробил лой пн|-1пн внутри, вт снял PWL и вернулся|-1хай пн устоял, ниже открытия",-1,-1,-1
LTCUSDT,2023-08-21,1,0.0,,1.0,1.0,-1вт пробил лой пн,-1,-1,0
LTCUSDT,2023-08-28,1,0.0,0.0,1.0,0.0,"+1лой пн устоял, выше открытия",1,1,1
LTCUSDT,2023-09-04,4,0.0,0.0,1.0,0.0,"-1прошлая «обе сняты»|+1открытие в нижней трети|-1вт пробил лой пн|-1хай пн устоял, ниже открытия",-1,-1,-1
LTCUSDT,2023-09-11,5,1.0,1.0,0.0,1.0,"+1открытие в нижней трети|+1пн снял PWL|+1вт инсайд пн|+1лой пн устоял, выше открытия|+1PWL снят, ср выше PWL, лой устоял",1,1,1
LTCUSDT,2023-09-18,4,0.0,,1.0,1.0,"-1прошлая «обе сняты»|-1пн снял PWH|+1лой пн устоял, выше открытия|-1PWH снят, ср ниже PWH, хай устоял",-1,-1,-1
LTCUSDT,2023-09-25,3,1.0,1.0,0.0,1.0,"+1открытие в нижней трети|+1пн снял PWL|+1PWL снят, ср выше PWL, лой устоял",1,1,1
LTCUSDT,2023-10-02,4,1.0,,1.0,1.0,"-1прошлая «обе сняты»|-1открытие в верхней трети|+1вт инсайд пн|-1хай пн устоял, ниже открытия",-1,-1,-1
LTCUSDT,2023-10-09,3,1.0,,1.0,0.0,"+1пн снял PWL|+1вт инсайд пн|-1хай пн устоял, ниже открытия",1,-1,-1
LTCUSDT,2023-10-16,5,1.0,1.0,1.0,0.0,"+1открытие в нижней трети|-1пн снял PWH|-1вт пробил лой пн|-1хай пн устоял, ниже открытия|-1PWH снят, ср ниже PWH, хай устоял",-1,-1,-1
LTCUSDT,2023-10-23,4,1.0,0.0,1.0,0.0,"-1прошлая «обе сняты»|-1открытие в верхней трети|-1пн снял PWH|+1лой пн устоял, выше открытия",-1,1,1
LTCUSDT,2023-10-30,1,1.0,,0.0,1.0,-1вт пробил лой пн,-1,-1,0
LTCUSDT,2023-11-06,4,1.0,0.0,0.0,0.0,"-1открытие в верхней трети|-1пн снял PWH|+1вт инсайд пн|+1лой пн устоял, выше открытия",0,1,1
LTCUSDT,2023-11-13,3,0.0,0.0,1.0,0.0,"-1открытие в верхней трети|-1вт пробил лой пн|-1хай пн устоял, ниже открытия",-1,-1,-1
LTCUSDT,2023-11-20,2,1.0,,0.0,1.0,"-1вт пробил лой пн|+1PWL снят, ср выше PWL, лой устоял",0,1,1
LTCUSDT,2023-11-27,2,1.0,,0.0,1.0,-1открытие в верхней трети|-1вт пробил лой пн,-1,-1,0
LTCUSDT,2023-12-04,4,1.0,1.0,0.0,1.0,"-1открытие в верхней трети|-1пн снял PWH|-1вт пробил лой пн|-1PWH снят, ср ниже PWH, хай устоял",-1,-1,-1
LTCUSDT,2023-12-11,5,0.0,,1.0,1.0,"-1открытие в верхней трети|+1пн снял PWL|+1вт инсайд пн|-1хай пн устоял, ниже открытия|+1PWL снят, ср выше PWL, лой устоял",1,1,1
LTCUSDT,2023-12-18,3,1.0,1.0,0.0,1.0,"+1открытие в нижней трети|+1пн снял PWL|+1PWL снят, ср выше PWL, лой устоял",1,1,1
LTCUSDT,2023-12-25,2,0.0,0.0,0.0,1.0,"-1пн внутри, вт снял PWH и вернулся|+1лой пн устоял, выше открытия",0,1,1
LTCUSDT,2024-01-01,1,0.0,,1.0,1.0,+1открытие в нижней трети,1,1,0
LTCUSDT,2024-01-08,2,0.0,1.0,0.0,1.0,"+1вт инсайд пн|+1лой пн устоял, выше открытия",1,1,1
LTCUSDT,2024-01-15,2,1.0,,0.0,0.0,"-1вт пробил лой пн|-1хай пн устоял, ниже открытия",-1,-1,-1
LTCUSDT,2024-01-22,3,1.0,,1.0,1.0,"-1открытие в верхней трети|-1вт пробил лой пн|-1хай пн устоял, ниже открытия",-1,-1,-1
LTCUSDT,2024-01-29,1,1.0,,1.0,0.0,+1вт инсайд пн,1,1,0
LTCUSDT,2024-02-05,2,1.0,1.0,0.0,1.0,"+1открытие в нижней трети|+1лой пн устоял, выше открытия",1,1,1
LTCUSDT,2024-02-12,6,1.0,,1.0,0.0,"-1открытие в верхней трети|-1пн снял PWH|-1вт пробил лой пн|-1снят PWH, ниже открытия|-1хай пн устоял, ниже открытия|-1PWH снят, ср ниже PWH, хай устоял",-1,-1,-1
LTCUSDT,2024-02-19,4,1.0,,1.0,1.0,"-1вт пробил лой пн|-1пн внутри, вт снял PWL и вернулся|-1хай пн устоял, ниже открытия|+1PWL снят, ср выше PWL, лой устоял",-1,1,1
LTCUSDT,2024-02-26,3,1.0,1.0,0.0,1.0,"-1открытие в верхней трети|-1пн снял PWH|+1лой пн устоял, выше открытия",-1,1,1
LTCUSDT,2024-03-04,3,1.0,1.0,1.0,1.0,"-1открытие в верхней трети|-1вт пробил лой пн|-1хай пн устоял, ниже открытия",-1,-1,-1
LTCUSDT,2024-03-11,4,0.0,0.0,1.0,0.0,"-1открытие в верхней трети|-1пн снял PWH|+1вт инсайд пн|+1лой пн устоял, выше открытия",0,1,1
LTCUSDT,2024-03-18,4,1.0,,0.0,1.0,"+1открытие в нижней трети|-1вт пробил лой пн|-1хай пн устоял, ниже открытия|+1PWL снят, ср обновила лой, закрылась выше PWL",0,1,1
LTCUSDT,2024-03-25,3,1.0,1.0,0.0,1.0,-1открытие в верхней трети|-1пн снял PWH|-1вт пробил лой пн,-1,-1,0
LTCUSDT,2024-04-01,5,1.0,1.0,1.0,1.0,"-1открытие в верхней трети|-1пн снял PWH|-1вт пробил лой пн|-1хай пн устоял, ниже открытия|-1PWH снят, ср ниже PWH, хай устоял",-1,-1,-1
LTCUSDT,2024-04-08,2,0.0,0.0,1.0,0.0,"-1вт пробил лой пн|-1хай пн устоял, ниже открытия",-1,-1,-1
LTCUSDT,2024-04-15,2,1.0,,0.0,1.0,+1открытие в нижней трети|-1вт пробил лой пн,0,-1,0
LTCUSDT,2024-04-22,4,1.0,,0.0,0.0,"-1открытие в верхней трети|-1пн снял PWH|+1вт инсайд пн|-1PWH снят, ср обновила хай, закрылась ниже PWH",-1,-1,-1
LTCUSDT,2024-04-29,4,1.0,,1.0,1.0,"+1открытие в нижней трети|+1пн снял PWL|-1вт пробил лой пн|-1хай пн устоял, ниже открытия",0,-1,-1
LTCUSDT,2024-05-06,1,0.0,,1.0,1.0,-1вт пробил лой пн,-1,-1,0
LTCUSDT,2024-05-13,3,0.0,,0.0,1.0,"+1пн снял PWL|-1вт пробил лой пн|+1PWL снят, ср обновила лой, закрылась выше PWL",1,1,1
LTCUSDT,2024-05-20,3,0.0,0.0,1.0,0.0,"-1прошлая «обе сняты»|-1пн снял PWH|+1лой пн устоял, выше открытия",-1,1,1
LTCUSDT,2024-05-27,2,0.0,,1.0,0.0,"-1вт пробил лой пн|-1хай пн устоял, ниже открытия",-1,-1,-1
LTCUSDT,2024-06-03,4,0.0,0.0,0.0,0.0,"+1открытие в нижней трети|-1вт пробил лой пн|-1пн внутри, вт снял PWL и вернулся|+1PWL снят, ср выше PWL, лой устоял",0,1,1
LTCUSDT,2024-06-10,2,1.0,,1.0,1.0,"-1вт пробил лой пн|-1хай пн устоял, ниже открытия",-1,-1,-1
LTCUSDT,2024-06-17,4,0.0,,1.0,1.0,"-1открытие в верхней трети|+1пн снял PWL|-1вт пробил лой пн|-1хай пн устоял, ниже открытия",-1,-1,-1
LTCUSDT,2024-06-24,5,1.0,1.0,0.0,1.0,"+1открытие в нижней трети|+1пн снял PWL|+1вт инсайд пн|-1хай пн устоял, ниже открытия|+1PWL снят, ср выше PWL, лой устоял",1,1,1
LTCUSDT,2024-07-01,1,0.0,0.0,1.0,0.0,-1открытие в верхней трети,-1,-1,0
LTCUSDT,2024-07-08,3,1.0,,0.0,1.0,"+1открытие в нижней трети|+1вт инсайд пн|+1лой пн устоял, выше открытия",1,1,1
LTCUSDT,2024-07-15,3,1.0,,1.0,1.0,"-1открытие в верхней трети|-1пн снял PWH|+1лой пн устоял, выше открытия",-1,1,1
LTCUSDT,2024-07-22,6,0.0,0.0,1.0,0.0,"-1открытие в верхней трети|-1пн снял PWH|-1вт пробил лой пн|-1снят PWH, ниже открытия|-1хай пн устоял, ниже открытия|-1PWH снят, ср ниже PWH, хай устоял",-1,-1,-1
LTCUSDT,2024-07-29,5,0.0,0.0,1.0,0.0,"-1прошлая «обе сняты»|-1пн снял PWH|+1вт инсайд пн|-1хай пн устоял, ниже открытия|-1PWH снят, ср ниже PWH, хай устоял",-1,-1,-1
LTCUSDT,2024-08-05,4,1.0,1.0,1.0,1.0,"+1открытие в нижней трети|+1пн снял PWL|+1вт инсайд пн|-1хай пн устоял, ниже открытия",1,-1,-1
LTCUSDT,2024-08-12,2,1.0,,0.0,1.0,"-1открытие в верхней трети|+1лой пн устоял, выше открытия",0,1,1
LTCUSDT,2024-08-19,3,1.0,1.0,0.0,1.0,"-1открытие в верхней трети|-1вт пробил лой пн|-1хай пн устоял, ниже открытия",-1,-1,-1
LTCUSDT,2024-08-26,2,1.0,1.0,0.0,1.0,"-1вт пробил лой пн|-1хай пн устоял, ниже открытия",-1,-1,-1
LTCUSDT,2024-09-02,0,0.0,1.0,0.0,0.0,,0,0,0
LTCUSDT,2024-09-09,5,1.0,1.0,0.0,1.0,"+1открытие в нижней трети|+1пн снял PWL|+1вт инсайд пн|+1лой пн устоял, выше открытия|+1PWL снят, ср выше PWL, лой устоял",1,1,1
LTCUSDT,2024-09-16,1,1.0,1.0,0.0,1.0,-1вт пробил лой пн,-1,-1,0
LTCUSDT,2024-09-23,6,1.0,1.0,0.0,0.0,"-1открытие в верхней трети|-1пн снял PWH|-1вт пробил лой пн|-1снят PWH, ниже открытия|-1хай пн устоял, ниже открытия|-1PWH снят, ср ниже PWH, хай устоял",-1,-1,-1
LTCUSDT,2024-09-30,2,1.0,1.0,1.0,0.0,"-1вт пробил лой пн|-1хай пн устоял, ниже открытия",-1,-1,-1
LTCUSDT,2024-10-07,3,1.0,,1.0,0.0,"-1открытие в верхней трети|+1вт инсайд пн|-1хай пн устоял, ниже открытия",-1,-1,-1
LTCUSDT,2024-10-14,2,1.0,1.0,0.0,1.0,"+1открытие в нижней трети|+1лой пн устоял, выше открытия",1,1,1
LTCUSDT,2024-10-21,3,1.0,0.0,1.0,0.0,"-1открытие в верхней трети|-1вт пробил лой пн|-1хай пн устоял, ниже открытия",-1,-1,-1
LTCUSDT,2024-10-28,1,0.0,0.0,1.0,0.0,"+1лой пн устоял, выше открытия",1,1,1
LTCUSDT,2024-11-04,5,1.0,1.0,0.0,1.0,"+1открытие в нижней трети|+1пн снял PWL|+1вт инсайд пн|+1лой пн устоял, выше открытия|+1PWL снят, ср выше PWL, лой устоял",1,1,1
LTCUSDT,2024-11-11,4,1.0,1.0,0.0,1.0,"-1открытие в верхней трети|-1пн снял PWH|-1вт пробил лой пн|-1PWH снят, ср ниже PWH, хай устоял",-1,-1,-1
LTCUSDT,2024-11-18,2,1.0,1.0,0.0,0.0,"-1вт пробил лой пн|-1хай пн устоял, ниже открытия",-1,-1,-1
LTCUSDT,2024-11-25,1,1.0,1.0,0.0,1.0,-1вт пробил лой пн,-1,-1,0
LTCUSDT,2024-12-02,4,1.0,1.0,0.0,1.0,"-1открытие в верхней трети|-1пн снял PWH|+1вт инсайд пн|+1лой пн устоял, выше открытия",0,1,1
LTCUSDT,2024-12-09,4,1.0,,1.0,1.0,"+1пн снял PWL|+1вт инсайд пн|-1хай пн устоял, ниже открытия|+1PWL снят, ср выше PWL, лой устоял",1,1,1
LTCUSDT,2024-12-16,1,0.0,0.0,1.0,0.0,-1вт пробил лой пн,-1,-1,0
LTCUSDT,2024-12-23,2,0.0,,1.0,0.0,"+1открытие в нижней трети|+1лой пн устоял, выше открытия",1,1,1
LTCUSDT,2024-12-30,2,1.0,1.0,0.0,1.0,"+1открытие в нижней трети|+1лой пн устоял, выше открытия",1,1,1
LTCUSDT,2025-01-06,6,1.0,,1.0,1.0,"-1открытие в верхней трети|-1пн снял PWH|-1вт пробил лой пн|-1снят PWH, ниже открытия|-1хай пн устоял, ниже открытия|-1PWH снят, ср ниже PWH, хай устоял",-1,-1,-1
LTCUSDT,2025-01-13,6,0.0,1.0,0.0,1.0,"-1прошлая «обе сняты»|+1открытие в нижней трети|+1пн снял PWL|+1вт инсайд пн|+1лой пн устоял, выше открытия|+1PWL снят, ср выше PWL, лой устоял",1,1,1
LTCUSDT,2025-01-20,3,1.0,1.0,0.0,0.0,"-1прошлая «обе сняты»|+1вт инсайд пн|-1хай пн устоял, ниже открытия",-1,-1,-1
LTCUSDT,2025-01-27,4,0.0,1.0,0.0,0.0,"+1открытие в нижней трети|+1пн снял PWL|+1вт инсайд пн|+1PWL снят, ср выше PWL, лой устоял",1,1,1
LTCUSDT,2025-02-03,3,1.0,,0.0,1.0,+1открытие в нижней трети|+1пн снял PWL|+1вт инсайд пн,1,1,0
LTCUSDT,2025-02-10,3,1.0,1.0,0.0,1.0,"-1открытие в верхней трети|-1пн снял PWH|+1лой пн устоял, выше открытия",-1,1,1
LTCUSDT,2025-02-17,1,0.0,,0.0,1.0,-1вт пробил лой пн,-1,-1,0
LTCUSDT,2025-02-24,4,1.0,,0.0,1.0,"+1пн снял PWL|-1вт пробил лой пн|-1хай пн устоял, ниже открытия|+1PWL снят, ср выше PWL, лой устоял",0,1,1
LTCUSDT,2025-03-03,3,0.0,,1.0,0.0,"-1открытие в верхней трети|-1вт пробил лой пн|-1хай пн устоял, ниже открытия",-1,-1,-1
LTCUSDT,2025-03-10,4,0.0,,1.0,1.0,"+1открытие в нижней трети|+1пн снял PWL|-1вт пробил лой пн|-1хай пн устоял, ниже открытия",0,-1,-1
LTCUSDT,2025-03-17,1,0.0,,0.0,1.0,-1вт пробил лой пн,-1,-1,0
LTCUSDT,2025-03-24,4,0.0,0.0,1.0,0.0,"-1пн снял PWH|+1вт инсайд пн|+1лой пн устоял, выше открытия|-1PWH снят, ср обновила хай, закрылась ниже PWH",0,-1,-1
LTCUSDT,2025-03-31,3,0.0,0.0,1.0,0.0,+1открытие в нижней трети|+1пн снял PWL|+1вт инсайд пн,1,1,0
LTCUSDT,2025-04-07,4,1.0,,0.0,1.0,"+1открытие в нижней трети|+1пн снял PWL|+1лой пн устоял, выше открытия|+1PWL снят, ср выше PWL, лой устоял",1,1,1
LTCUSDT,2025-04-14,6,1.0,,1.0,1.0,"-1открытие в верхней трети|-1пн снял PWH|-1вт пробил лой пн|-1снят PWH, ниже открытия|-1хай пн устоял, ниже открытия|-1PWH снят, ср ниже PWH, хай устоял",-1,-1,-1
LTCUSDT,2025-04-21,2,1.0,,0.0,1.0,-1пн снял PWH|-1вт пробил лой пн,-1,-1,0
LTCUSDT,2025-04-28,5,1.0,1.0,0.0,1.0,"-1открытие в верхней трети|-1пн снял PWH|+1вт инсайд пн|-1хай пн устоял, ниже открытия|-1PWH снят, ср ниже PWH, хай устоял",-1,-1,-1
LTCUSDT,2025-05-05,1,1.0,1.0,0.0,1.0,-1вт пробил лой пн,-1,-1,0
LTCUSDT,2025-05-12,3,0.0,,1.0,0.0,"-1открытие в верхней трети|+1вт инсайд пн|+1лой пн устоял, выше открытия",1,1,1
LTCUSDT,2025-05-19,4,0.0,,0.0,1.0,"+1пн снял PWL|-1вт пробил лой пн|-1хай пн устоял, ниже открытия|+1PWL снят, ср выше PWL, лой устоял",0,1,1
LTCUSDT,2025-05-26,3,0.0,0.0,0.0,0.0,"+1открытие в нижней трети|-1вт пробил лой пн|-1хай пн устоял, ниже открытия",-1,-1,-1
LTCUSDT,2025-06-02,1,0.0,0.0,1.0,0.0,+1открытие в нижней трети,1,1,0
LTCUSDT,2025-06-09,1,0.0,0.0,1.0,0.0,"+1лой пн устоял, выше открытия",1,1,1
LTCUSDT,2025-06-16,3,0.0,0.0,1.0,0.0,"-1прошлая «обе сняты»|-1вт пробил лой пн|-1хай пн устоял, ниже открытия",-1,-1,-1
LTCUSDT,2025-06-23,3,1.0,,0.0,1.0,"+1открытие в нижней трети|+1вт инсайд пн|+1лой пн устоял, выше открытия",1,1,1
LTCUSDT,2025-06-30,2,0.0,1.0,0.0,1.0,-1открытие в верхней трети|-1вт пробил лой пн,-1,-1,0
LTCUSDT,2025-07-07,2,1.0,1.0,0.0,1.0,"+1вт инсайд пн|+1лой пн устоял, выше открытия",1,1,1
LTCUSDT,2025-07-14,2,1.0,1.0,0.0,1.0,-1открытие в верхней трети|-1вт пробил лой пн,-1,-1,0
LTCUSDT,2025-07-21,4,1.0,,1.0,0.0,"-1открытие в верхней трети|-1пн снял PWH|-1вт пробил лой пн|-1PWH снят, ср обновила хай, закрылась ниже PWH",-1,-1,-1
LTCUSDT,2025-07-28,2,0.0,,1.0,0.0,"-1вт пробил лой пн|-1хай пн устоял, ниже открытия",-1,-1,-1
LTCUSDT,2025-08-04,2,1.0,1.0,1.0,1.0,"-1пн снял PWH|+1лой пн устоял, выше открытия",0,1,1
LTCUSDT,2025-08-11,2,0.0,0.0,1.0,0.0,-1открытие в верхней трети|-1вт пробил лой пн,-1,-1,0
LTCUSDT,2025-08-18,4,1.0,1.0,0.0,1.0,"+1открытие в нижней трети|+1пн снял PWL|-1вт пробил лой пн|-1хай пн устоял, ниже открытия",0,-1,-1
LTCUSDT,2025-08-25,4,0.0,,1.0,1.0,"+1пн снял PWL|+1вт инсайд пн|-1хай пн устоял, ниже открытия|+1PWL снят, ср выше PWL, лой устоял",1,1,1
LTCUSDT,2025-09-01,4,1.0,,0.0,1.0,"+1открытие в нижней трети|+1пн снял PWL|+1лой пн устоял, выше открытия|+1PWL снят, ср выше PWL, лой устоял",1,1,1
LTCUSDT,2025-09-08,4,0.0,0.0,0.0,1.0,"-1открытие в верхней трети|-1пн снял PWH|-1вт пробил лой пн|-1снят PWH, ниже открытия",-1,-1,0
LTCUSDT,2025-09-15,2,0.0,,0.0,1.0,"+1вт инсайд пн|+1лой пн устоял, выше открытия",1,1,1
LTCUSDT,2025-09-22,4,1.0,0.0,1.0,0.0,"+1открытие в нижней трети|+1пн снял PWL|+1вт инсайд пн|-1хай пн устоял, ниже открытия",1,-1,-1
LTCUSDT,2025-09-29,1,1.0,1.0,0.0,1.0,-1вт пробил лой пн,-1,-1,0
LTCUSDT,2025-10-06,3,0.0,1.0,0.0,0.0,"-1открытие в верхней трети|-1вт пробил лой пн|-1хай пн устоял, ниже открытия",-1,-1,-1
LTCUSDT,2025-10-13,2,0.0,,1.0,0.0,"-1вт пробил лой пн|-1хай пн устоял, ниже открытия",-1,-1,-1
LTCUSDT,2025-10-20,1,1.0,,0.0,1.0,-1вт пробил лой пн,-1,-1,0
LTCUSDT,2025-10-27,5,1.0,0.0,1.0,0.0,"-1открытие в верхней трети|-1пн снял PWH|-1вт пробил лой пн|-1снят PWH, ниже открытия|-1PWH снят, ср ниже PWH, хай устоял",-1,-1,-1
LTCUSDT,2025-11-03,3,1.0,1.0,0.0,1.0,"+1пн снял PWL|-1вт пробил лой пн|-1хай пн устоял, ниже открытия",-1,-1,-1
LTCUSDT,2025-11-10,3,0.0,1.0,1.0,0.0,"-1открытие в верхней трети|-1вт пробил лой пн|-1хай пн устоял, ниже открытия",-1,-1,-1
LTCUSDT,2025-11-17,4,0.0,0.0,1.0,0.0,"+1открытие в нижней трети|+1пн снял PWL|-1вт пробил лой пн|-1хай пн устоял, ниже открытия",0,-1,-1
LTCUSDT,2025-11-24,3,0.0,,0.0,1.0,"+1открытие в нижней трети|+1вт инсайд пн|+1лой пн устоял, выше открытия",1,1,1
LTCUSDT,2025-12-01,4,0.0,0.0,0.0,1.0,"+1открытие в нижней трети|+1пн снял PWL|+1лой пн устоял, выше открытия|+1PWL снят, ср выше PWL, лой устоял",1,1,1
LTCUSDT,2025-12-08,3,0.0,0.0,1.0,0.0,"-1пн внутри, вт снял PWH и вернулся|+1лой пн устоял, выше открытия|-1PWH снят, ср ниже PWH, хай устоял",-1,-1,-1
LTCUSDT,2025-12-15,4,1.0,,1.0,0.0,"+1открытие в нижней трети|+1пн снял PWL|+1вт инсайд пн|-1хай пн устоял, ниже открытия",1,-1,-1
LTCUSDT,2025-12-22,2,1.0,1.0,0.0,1.0,"-1вт пробил лой пн|-1хай пн устоял, ниже открытия",-1,-1,-1
LTCUSDT,2025-12-29,2,1.0,1.0,0.0,1.0,"+1вт инсайд пн|-1хай пн устоял, ниже открытия",0,-1,-1
LTCUSDT,2026-01-05,4,0.0,0.0,1.0,0.0,"-1открытие в верхней трети|-1пн снял PWH|-1вт пробил лой пн|-1PWH снят, ср ниже PWH, хай устоял",-1,-1,-1
LTCUSDT,2026-01-12,3,0.0,0.0,1.0,0.0,+1открытие в нижней трети|+1пн снял PWL|-1вт пробил лой пн,1,-1,0
LTCUSDT,2026-01-19,4,0.0,,1.0,0.0,"+1открытие в нижней трети|+1пн снял PWL|+1вт инсайд пн|-1хай пн устоял, ниже открытия",1,-1,-1
LTCUSDT,2026-01-26,2,0.0,0.0,1.0,0.0,"+1открытие в нижней трети|+1лой пн устоял, выше открытия",1,1,1
LTCUSDT,2026-02-02,2,0.0,0.0,1.0,0.0,"+1открытие в нижней трети|+1лой пн устоял, выше открытия",1,1,1
LTCUSDT,2026-02-09,2,1.0,,0.0,1.0,"+1вт инсайд пн|-1хай пн устоял, ниже открытия",0,-1,-1
LTCUSDT,2026-02-16,2,1.0,,0.0,0.0,-1открытие в верхней трети|-1вт пробил лой пн,-1,-1,0
LTCUSDT,2026-02-23,3,0.0,0.0,1.0,1.0,"+1пн снял PWL|-1вт пробил лой пн|+1PWL снят, ср выше PWL, лой устоял",1,1,1
LTCUSDT,2026-03-02,3,0.0,0.0,1.0,0.0,"-1прошлая «обе сняты»|+1вт инсайд пн|+1лой пн устоял, выше открытия",1,1,1
LTCUSDT,2026-03-09,2,1.0,,0.0,1.0,"+1открытие в нижней трети|+1лой пн устоял, выше открытия",1,1,1
LTCUSDT,2026-03-16,3,0.0,0.0,1.0,0.0,"-1открытие в верхней трети|-1пн снял PWH|-1PWH снят, ср ниже PWH, хай устоял",-1,-1,-1
LTCUSDT,2026-03-23,2,0.0,0.0,1.0,0.0,"+1открытие в нижней трети|+1лой пн устоял, выше открытия",1,1,1
LTCUSDT,2026-03-30,3,1.0,0.0,1.0,0.0,"+1открытие в нижней трети|+1вт инсайд пн|+1лой пн устоял, выше открытия",1,1,1
LTCUSDT,2026-04-06,3,0.0,1.0,1.0,1.0,"-1открытие в верхней трети|-1вт пробил лой пн|-1PWH снят, ср ниже PWH, хай устоял",-1,-1,-1
LTCUSDT,2026-04-13,4,0.0,1.0,0.0,1.0,"+1открытие в нижней трети|+1пн снял PWL|+1лой пн устоял, выше открытия|+1PWL снят, ср выше PWL, лой устоял",1,1,1
LTCUSDT,2026-04-20,3,1.0,,0.0,1.0,"-1прошлая «обе сняты»|+1открытие в нижней трети|+1лой пн устоял, выше открытия",1,1,1
LTCUSDT,2026-04-27,5,0.0,,1.0,1.0,"-1открытие в верхней трети|-1пн снял PWH|-1вт пробил лой пн|-1снят PWH, ниже открытия|-1PWH снят, ср обновила хай, закрылась ниже PWH",-1,-1,-1
LTCUSDT,2026-05-04,2,1.0,1.0,0.0,1.0,+1открытие в нижней трети|-1вт пробил лой пн,0,-1,0
LTCUSDT,2026-05-11,6,0.0,1.0,1.0,0.0,"-1открытие в верхней трети|-1пн снял PWH|-1вт пробил лой пн|-1снят PWH, ниже открытия|-1хай пн устоял, ниже открытия|-1PWH снят, ср ниже PWH, хай устоял",-1,-1,-1
LTCUSDT,2026-05-18,4,0.0,0.0,0.0,0.0,"+1открытие в нижней трети|+1пн снял PWL|+1вт инсайд пн|+1PWL снят, ср выше PWL, лой устоял",1,1,1
LTCUSDT,2026-05-25,2,1.0,,1.0,0.0,"-1вт пробил лой пн|-1хай пн устоял, ниже открытия",-1,-1,-1
LTCUSDT,2026-06-01,3,0.0,0.0,1.0,0.0,"+1пн снял PWL|-1вт пробил лой пн|-1хай пн устоял, ниже открытия",-1,-1,-1
LTCUSDT,2026-06-08,3,1.0,1.0,0.0,1.0,"+1открытие в нижней трети|-1вт пробил лой пн|-1хай пн устоял, ниже открытия",-1,-1,-1
LTCUSDT,2026-06-15,4,0.0,,1.0,0.0,"-1открытие в верхней трети|-1пн снял PWH|-1вт пробил лой пн|-1PWH снят, ср ниже PWH, хай устоял",-1,-1,-1
LTCUSDT,2026-06-22,2,1.0,0.0,1.0,0.0,"-1вт пробил лой пн|-1хай пн устоял, ниже открытия",-1,-1,-1
LTCUSDT,2026-06-29,1,1.0,1.0,0.0,1.0,-1вт пробил лой пн,-1,-1,0
LTCUSDT,2026-07-06,3,1.0,,1.0,1.0,"-1открытие в верхней трети|-1вт пробил лой пн|-1хай пн устоял, ниже открытия",-1,-1,-1
LTCUSDT,2026-07-13,4,1.0,1.0,0.0,1.0,"+1открытие в нижней трети|+1пн снял PWL|+1лой пн устоял, выше открытия|+1PWL снят, ср выше PWL, лой устоял",1,1,1
LTCUSDT,2026-07-20,4,1.0,,0.0,0.0,"-1открытие в верхней трети|-1снят PWH, ниже открытия|-1пн внутри, вт снял PWH и вернулся|-1PWH снят, ср ниже PWH, хай устоял",-1,-1,-1
LTCUSDT,2026-07-27,3,0.0,0.0,1.0,0.0,"-1открытие в верхней трети|-1вт пробил лой пн|-1хай пн устоял, ниже открытия",-1,-1,-1
LTCUSDT,2026-08-03,2,1.0,,0.0,1.0,"+1открытие в нижней трети|+1лой пн устоял, выше открытия",1,1,1
LTCUSDT,2026-08-10,2,0.0,0.0,1.0,0.0,"-1вт пробил лой пн|-1хай пн устоял, ниже открытия",-1,-1,-1
LTCUSDT,2026-08-17,2,1.0,1.0,0.0,1.0,"+1открытие в нижней трети|+1лой пн устоял, выше открытия",1,1,1
LTCUSDT,2026-08-24,3,0.0,0.0,1.0,0.0,"-1открытие в верхней трети|-1вт пробил лой пн|-1хай пн устоял, ниже открытия",-1,-1,-1
LTCUSDT,2026-08-31,2,1.0,1.0,0.0,1.0,"+1открытие в нижней трети|+1лой пн устоял, выше открытия",1,1,1
LTCUSDT,2026-09-07,6,1.0,,1.0,0.0,"-1открытие в верхней трети|-1пн снял PWH|-1вт пробил лой пн|-1снят PWH, ниже открытия|-1хай пн устоял, ниже открытия|-1PWH снят, ср ниже PWH, хай устоял",-1,-1,-1
LTCUSDT,2026-09-14,4,1.0,1.0,0.0,1.0,"+1открытие в нижней трети|-1вт пробил лой пн|-1хай пн устоял, ниже открытия|+1PWL снят, ср обновила лой, закрылась выше PWL",0,1,1
LTCUSDT,2026-09-21,4,1.0,1.0,0.0,1.0,"-1открытие в верхней трети|-1пн снял PWH|+1вт инсайд пн|+1лой пн устоял, выше открытия",0,1,1
LTCUSDT,2026-09-28,3,1.0,1.0,1.0,1.0,"-1открытие в верхней трети|-1вт пробил лой пн|-1хай пн устоял, ниже открытия",-1,-1,-1
LINKUSDT,2020-02-03,2,1.0,1.0,0.0,1.0,-1открытие в верхней трети|-1вт пробил лой пн,-1,-1,0
LINKUSDT,2020-02-10,2,1.0,0.0,0.0,1.0,"-1открытие в верхней трети|+1лой пн устоял, выше открытия",0,1,1
LINKUSDT,2020-02-17,1,0.0,,1.0,1.0,-1открытие в верхней трети,-1,-1,0
LINKUSDT,2020-02-24,3,1.0,1.0,0.0,1.0,"+1пн снял PWL|-1вт пробил лой пн|-1хай пн устоял, ниже открытия",-1,-1,-1
LINKUSDT,2020-03-02,1,0.0,0.0,1.0,1.0,"+1лой пн устоял, выше открытия",1,1,1
LINKUSDT,2020-03-09,4,0.0,0.0,1.0,0.0,"+1открытие в нижней трети|+1пн снял PWL|+1вт инсайд пн|-1хай пн устоял, ниже открытия",1,-1,-1
LINKUSDT,2020-03-16,3,1.0,1.0,0.0,1.0,"+1открытие в нижней трети|+1вт инсайд пн|-1хай пн устоял, ниже открытия",1,-1,-1
LINKUSDT,2020-03-23,1,0.0,,1.0,1.0,"+1лой пн устоял, выше открытия",1,1,1
LINKUSDT,2020-03-30,2,0.0,,0.0,1.0,"+1открытие в нижней трети|+1лой пн устоял, выше открытия",1,1,1
LINKUSDT,2020-04-06,2,1.0,1.0,0.0,1.0,"-1пн снял PWH|+1лой пн устоял, выше открытия",0,1,1
LINKUSDT,2020-04-13,3,1.0,1.0,0.0,0.0,"-1открытие в верхней трети|+1вт инсайд пн|-1хай пн устоял, ниже открытия",-1,-1,-1
LINKUSDT,2020-04-20,3,1.0,,0.0,1.0,"-1открытие в верхней трети|+1вт инсайд пн|+1лой пн устоял, выше открытия",1,1,1
LINKUSDT,2020-04-27,2,0.0,,1.0,1.0,"+1вт инсайд пн|+1лой пн устоял, выше открытия",1,1,1
LINKUSDT,2020-05-04,2,1.0,1.0,0.0,0.0,"+1вт инсайд пн|-1хай пн устоял, ниже открытия",0,-1,-1
LINKUSDT,2020-05-11,5,1.0,,0.0,1.0,"-1прошлая «обе сняты»|+1пн снял PWL|+1вт инсайд пн|+1лой пн устоял, выше открытия|+1PWL снят, ср выше PWL, лой устоял",1,1,1
LINKUSDT,2020-05-18,3,0.0,0.0,0.0,0.0,-1открытие в верхней трети|-1пн снял PWH|-1вт пробил лой пн,-1,-1,0
LINKUSDT,2020-05-25,3,1.0,1.0,0.0,1.0,"+1открытие в нижней трети|+1вт инсайд пн|+1лой пн устоял, выше открытия",1,1,1
LINKUSDT,2020-06-01,3,0.0,0.0,1.0,1.0,-1открытие в верхней трети|-1пн снял PWH|-1вт пробил лой пн,-1,-1,0
LINKUSDT,2020-06-08,1,0.0,0.0,1.0,0.0,"+1лой пн устоял, выше открытия",1,1,1
LINKUSDT,2020-06-15,4,1.0,,0.0,1.0,"+1открытие в нижней трети|+1пн снял PWL|+1лой пн устоял, выше открытия|+1PWL снят, ср выше PWL, лой устоял",1,1,1
LINKUSDT,2020-06-22,3,0.0,0.0,1.0,1.0,"-1открытие в верхней трети|-1пн снял PWH|+1лой пн устоял, выше открытия",-1,1,1
LINKUSDT,2020-06-29,1,1.0,,0.0,1.0,"+1лой пн устоял, выше открытия",1,1,1
LINKUSDT,2020-07-06,2,1.0,0.0,0.0,1.0,"-1пн снял PWH|+1лой пн устоял, выше открытия",0,1,1
LINKUSDT,2020-07-13,4,0.0,0.0,1.0,1.0,"-1открытие в верхней трети|-1пн снял PWH|+1вт инсайд пн|+1лой пн устоял, выше открытия",0,1,1
LINKUSDT,2020-07-20,2,1.0,,1.0,1.0,"-1вт пробил лой пн|-1хай пн устоял, ниже открытия",-1,-1,-1
LINKUSDT,2020-07-27,4,1.0,1.0,0.0,1.0,"+1пн снял PWL|+1вт инсайд пн|-1хай пн устоял, ниже открытия|+1PWL снят, ср выше PWL, лой устоял",1,1,1
LINKUSDT,2020-08-03,3,1.0,1.0,0.0,1.0,"-1открытие в верхней трети|-1пн снял PWH|+1лой пн устоял, выше открытия",-1,1,1
LINKUSDT,2020-08-10,2,1.0,1.0,0.0,1.0,-1открытие в верхней трети|-1вт пробил лой пн,-1,-1,0
LINKUSDT,2020-08-17,3,0.0,0.0,1.0,0.0,"-1открытие в верхней трети|-1вт пробил лой пн|-1хай пн устоял, ниже открытия",-1,-1,-1
LINKUSDT,2020-08-24,2,1.0,1.0,0.0,1.0,+1открытие в нижней трети|-1вт пробил лой пн,0,-1,0
LINKUSDT,2020-08-31,3,0.0,0.0,1.0,0.0,"-1открытие в верхней трети|-1вт пробил лой пн|-1хай пн устоял, ниже открытия",-1,-1,-1
LINKUSDT,2020-09-07,2,0.0,,0.0,1.0,"-1вт пробил лой пн|-1хай пн устоял, ниже открытия",-1,-1,-1
LINKUSDT,2020-09-14,2,0.0,,1.0,0.0,"-1вт пробил лой пн|-1хай пн устоял, ниже открытия",-1,-1,-1
LINKUSDT,2020-09-21,4,1.0,1.0,0.0,1.0,"+1открытие в нижней трети|+1пн снял PWL|+1вт инсайд пн|-1хай пн устоял, ниже открытия",1,-1,-1
LINKUSDT,2020-09-28,3,0.0,,1.0,0.0,"-1открытие в верхней трети|-1вт пробил лой пн|-1хай пн устоял, ниже открытия",-1,-1,-1
LINKUSDT,2020-10-05,4,1.0,1.0,0.0,1.0,"+1открытие в нижней трети|-1вт пробил лой пн|-1хай пн устоял, ниже открытия|+1PWL снят, ср обновила лой, закрылась выше PWL",0,1,1
LINKUSDT,2020-10-12,4,1.0,,1.0,0.0,"-1открытие в верхней трети|-1пн снял PWH|-1вт пробил лой пн|-1PWH снят, ср ниже PWH, хай устоял",-1,-1,-1
LINKUSDT,2020-10-19,3,1.0,1.0,0.0,1.0,"-1вт пробил лой пн|-1хай пн устоял, ниже открытия|+1PWL снят, ср выше PWL, лой устоял",-1,1,1
LINKUSDT,2020-10-26,1,1.0,,1.0,0.0,-1открытие в верхней трети,-1,-1,0
LINKUSDT,2020-11-02,3,1.0,1.0,0.0,1.0,"+1пн снял PWL|-1вт пробил лой пн|-1хай пн устоял, ниже открытия",-1,-1,-1
LINKUSDT,2020-11-09,2,0.0,,1.0,0.0,"-1открытие в верхней трети|+1лой пн устоял, выше открытия",0,1,1
LINKUSDT,2020-11-16,3,1.0,1.0,0.0,1.0,"+1открытие в нижней трети|-1пн внутри, вт снял PWH и вернулся|+1лой пн устоял, выше открытия",1,1,1
LINKUSDT,2020-11-23,3,0.0,0.0,1.0,0.0,"-1открытие в верхней трети|-1пн внутри, вт снял PWH и вернулся|-1PWH снят, ср ниже PWH, хай устоял",-1,-1,-1
LINKUSDT,2020-11-30,2,0.0,0.0,1.0,0.0,-1прошлая «обе сняты»|-1вт пробил лой пн,-1,-1,0
LINKUSDT,2020-12-07,3,1.0,,1.0,0.0,"-1вт пробил лой пн|-1хай пн устоял, ниже открытия|+1PWL снят, ср обновила лой, закрылась выше PWL",-1,1,1
LINKUSDT,2020-12-14,1,0.0,1.0,0.0,1.0,-1открытие в верхней трети,-1,-1,0
LINKUSDT,2020-12-21,3,1.0,0.0,1.0,1.0,"+1пн снял PWL|-1вт пробил лой пн|-1хай пн устоял, ниже открытия",-1,-1,-1
LINKUSDT,2020-12-28,2,1.0,1.0,0.0,1.0,-1открытие в верхней трети|-1вт пробил лой пн,-1,-1,0
LINKUSDT,2021-01-04,4,0.0,0.0,0.0,1.0,"-1открытие в верхней трети|-1пн снял PWH|+1вт инсайд пн|+1лой пн устоял, выше открытия",0,1,1
LINKUSDT,2021-01-11,2,1.0,1.0,0.0,1.0,"+1вт инсайд пн|-1хай пн устоял, ниже открытия",0,-1,-1
LINKUSDT,2021-01-18,3,1.0,0.0,0.0,0.0,"-1открытие в верхней трети|-1вт пробил лой пн|-1хай пн устоял, ниже открытия",-1,-1,-1
LINKUSDT,2021-01-25,6,1.0,1.0,1.0,1.0,"-1открытие в верхней трети|-1пн снял PWH|-1вт пробил лой пн|-1снят PWH, ниже открытия|-1хай пн устоял, ниже открытия|-1PWH снят, ср ниже PWH, хай устоял",-1,-1,-1
LINKUSDT,2021-02-01,1,0.0,,0.0,1.0,"+1лой пн устоял, выше открытия",1,1,1
LINKUSDT,2021-02-08,2,1.0,1.0,0.0,1.0,"+1лой пн устоял, выше открытия|-1PWH снят, ср обновила хай, закрылась ниже PWH",0,-1,-1
LINKUSDT,2021-02-15,3,1.0,1.0,0.0,1.0,"-1открытие в верхней трети|+1вт инсайд пн|-1хай пн устоял, ниже открытия",-1,-1,-1
LINKUSDT,2021-02-22,5,0.0,0.0,1.0,1.0,"-1открытие в верхней трети|+1пн снял PWL|-1вт пробил лой пн|-1хай пн устоял, ниже открытия|+1PWL снят, ср выше PWL, лой устоял",-1,1,1
LINKUSDT,2021-03-01,2,0.0,,1.0,1.0,"+1открытие в нижней трети|+1лой пн устоял, выше открытия",1,1,1
LINKUSDT,2021-03-08,3,0.0,,1.0,0.0,"-1пн снял PWH|+1лой пн устоял, выше открытия|-1PWH снят, ср ниже PWH, хай устоял",-1,-1,-1
LINKUSDT,2021-03-15,4,0.0,,0.0,1.0,"+1открытие в нижней трети|+1пн снял PWL|-1вт пробил лой пн|+1PWL снят, ср выше PWL, лой устоял",1,1,1
LINKUSDT,2021-03-22,2,1.0,1.0,1.0,1.0,"-1вт пробил лой пн|-1хай пн устоял, ниже открытия",-1,-1,-1
LINKUSDT,2021-03-29,1,1.0,1.0,0.0,1.0,+1вт инсайд пн,1,1,0
LINKUSDT,2021-04-05,2,1.0,1.0,1.0,1.0,"+1лой пн устоял, выше открытия|-1PWH снят, ср обновила хай, закрылась ниже PWH",0,-1,-1
LINKUSDT,2021-04-12,2,0.0,1.0,0.0,0.0,"-1открытие в верхней трети|+1лой пн устоял, выше открытия",0,1,1
LINKUSDT,2021-04-19,2,0.0,1.0,1.0,0.0,"-1вт пробил лой пн|-1хай пн устоял, ниже открытия",-1,-1,-1
LINKUSDT,2021-04-26,2,1.0,,0.0,1.0,"+1открытие в нижней трети|+1лой пн устоял, выше открытия",1,1,1
LINKUSDT,2021-05-03,3,1.0,0.0,0.0,1.0,-1открытие в верхней трети|-1пн снял PWH|-1вт пробил лой пн,-1,-1,0
LINKUSDT,2021-05-10,6,0.0,1.0,1.0,0.0,"-1открытие в верхней трети|-1пн снял PWH|+1вт инсайд пн|-1снят PWH, ниже открытия|-1хай пн устоял, ниже открытия|-1PWH снят, ср ниже PWH, хай устоял",-1,-1,-1
LINKUSDT,2021-05-17,3,0.0,1.0,1.0,0.0,-1прошлая «обе сняты»|+1открытие в нижней трети|+1пн снял PWL,1,1,0
LINKUSDT,2021-05-24,2,0.0,0.0,0.0,1.0,"+1открытие в нижней трети|+1лой пн устоял, выше открытия",1,1,1
LINKUSDT,2021-05-31,1,0.0,,0.0,1.0,"+1лой пн устоял, выше открытия",1,1,1
LINKUSDT,2021-06-07,5,0.0,0.0,1.0,0.0,"+1открытие в нижней трети|+1пн снял PWL|-1вт пробил лой пн|-1хай пн устоял, ниже открытия|+1PWL снят, ср выше PWL, лой устоял",1,1,1
LINKUSDT,2021-06-14,0,0.0,0.0,1.0,0.0,,0,0,0
LINKUSDT,2021-06-21,3,1.0,,1.0,1.0,"+1пн снял PWL|-1вт пробил лой пн|-1хай пн устоял, ниже открытия",-1,-1,-1
LINKUSDT,2021-06-28,1,0.0,,1.0,0.0,"+1лой пн устоял, выше открытия",1,1,1
LINKUSDT,2021-07-05,1,0.0,,1.0,0.0,"+1лой пн устоял, выше открытия",1,1,1
LINKUSDT,2021-07-12,4,0.0,0.0,1.0,0.0,"+1открытие в нижней трети|+1пн снял PWL|-1вт пробил лой пн|-1хай пн устоял, ниже открытия",0,-1,-1
LINKUSDT,2021-07-19,4,1.0,1.0,0.0,1.0,"+1открытие в нижней трети|+1пн снял PWL|-1вт пробил лой пн|+1PWL снят, ср выше PWL, лой устоял",1,1,1
LINKUSDT,2021-07-26,4,1.0,1.0,0.0,1.0,"-1открытие в верхней трети|-1пн снял PWH|+1вт инсайд пн|+1лой пн устоял, выше открытия",0,1,1
LINKUSDT,2021-08-02,3,0.0,,0.0,1.0,"-1открытие в верхней трети|-1пн снял PWH|+1лой пн устоял, выше открытия",-1,1,1
LINKUSDT,2021-08-09,2,1.0,,0.0,1.0,"-1пн внутри, вт снял PWH и вернулся|+1лой пн устоял, выше открытия",0,1,1
LINKUSDT,2021-08-16,6,1.0,1.0,1.0,0.0,"-1открытие в верхней трети|-1пн снял PWH|-1вт пробил лой пн|-1снят PWH, ниже открытия|-1хай пн устоял, ниже открытия|-1PWH снят, ср ниже PWH, хай устоял",-1,-1,-1
LINKUSDT,2021-08-23,2,0.0,0.0,1.0,0.0,"-1вт пробил лой пн|-1хай пн устоял, ниже открытия",-1,-1,-1
LINKUSDT,2021-08-30,1,1.0,1.0,0.0,1.0,"+1лой пн устоял, выше открытия",1,1,1
LINKUSDT,2021-09-06,4,1.0,1.0,1.0,1.0,"-1открытие в верхней трети|-1пн снял PWH|-1вт пробил лой пн|-1хай пн устоял, ниже открытия",-1,-1,-1
LINKUSDT,2021-09-13,2,0.0,,0.0,1.0,"-1прошлая «обе сняты»|+1лой пн устоял, выше открытия",0,1,1
LINKUSDT,2021-09-20,4,1.0,,1.0,1.0,"+1открытие в нижней трети|+1пн снял PWL|-1вт пробил лой пн|-1хай пн устоял, ниже открытия",0,-1,-1
LINKUSDT,2021-09-27,2,1.0,1.0,0.0,1.0,"-1вт пробил лой пн|-1хай пн устоял, ниже открытия",-1,-1,-1
LINKUSDT,2021-10-04,2,0.0,,1.0,1.0,-1открытие в верхней трети|+1вт инсайд пн,0,1,0
LINKUSDT,2021-10-11,4,1.0,1.0,0.0,1.0,"+1открытие в нижней трети|+1пн снял PWL|-1вт пробил лой пн|+1PWL снят, ср выше PWL, лой устоял",1,1,1
LINKUSDT,2021-10-18,3,1.0,1.0,0.0,1.0,"-1прошлая «обе сняты»|+1вт инсайд пн|+1лой пн устоял, выше открытия",1,1,1
LINKUSDT,2021-10-25,3,1.0,1.0,1.0,1.0,"-1открытие в верхней трети|-1пн снял PWH|-1PWH снят, ср обновила хай, закрылась ниже PWH",-1,-1,-1
LINKUSDT,2021-11-01,1,1.0,,0.0,1.0,"+1лой пн устоял, выше открытия",1,1,1
LINKUSDT,2021-11-08,2,0.0,1.0,1.0,1.0,-1открытие в верхней трети|-1пн снял PWH,-1,-1,0
LINKUSDT,2021-11-15,3,0.0,0.0,1.0,0.0,"+1открытие в нижней трети|-1вт пробил лой пн|-1хай пн устоял, ниже открытия",-1,-1,-1
LINKUSDT,2021-11-22,2,0.0,0.0,1.0,0.0,"-1вт пробил лой пн|-1хай пн устоял, ниже открытия",-1,-1,-1
LINKUSDT,2021-11-29,1,0.0,0.0,1.0,0.0,-1вт пробил лой пн,-1,-1,0
LINKUSDT,2021-12-06,1,0.0,0.0,1.0,1.0,"+1лой пн устоял, выше открытия",1,1,1
LINKUSDT,2021-12-13,2,0.0,,1.0,1.0,"+1вт инсайд пн|-1хай пн устоял, ниже открытия",0,-1,-1
LINKUSDT,2021-12-20,1,1.0,1.0,0.0,1.0,"+1лой пн устоял, выше открытия",1,1,1
LINKUSDT,2021-12-27,6,1.0,1.0,1.0,0.0,"-1открытие в верхней трети|-1пн снял PWH|-1вт пробил лой пн|-1снят PWH, ниже открытия|-1хай пн устоял, ниже открытия|-1PWH снят, ср ниже PWH, хай устоял",-1,-1,-1
LINKUSDT,2022-01-03,1,1.0,0.0,0.0,1.0,"+1лой пн устоял, выше открытия",1,1,1
LINKUSDT,2022-01-10,1,0.0,0.0,1.0,0.0,-1открытие в верхней трети,-1,-1,0
LINKUSDT,2022-01-17,3,0.0,0.0,1.0,0.0,"+1пн снял PWL|-1вт пробил лой пн|-1хай пн устоял, ниже открытия",-1,-1,-1
LINKUSDT,2022-01-24,4,1.0,1.0,0.0,1.0,"+1открытие в нижней трети|+1пн снял PWL|+1вт инсайд пн|+1PWL снят, ср выше PWL, лой устоял",1,1,1
LINKUSDT,2022-01-31,1,1.0,1.0,0.0,0.0,-1открытие в верхней трети,-1,-1,0
LINKUSDT,2022-02-07,3,0.0,0.0,1.0,0.0,"-1открытие в верхней трети|-1пн снял PWH|+1лой пн устоял, выше открытия",-1,1,1
LINKUSDT,2022-02-14,4,0.0,0.0,1.0,0.0,"+1открытие в нижней трети|+1пн снял PWL|+1лой пн устоял, выше открытия|+1PWL снят, ср выше PWL, лой устоял",1,1,1
LINKUSDT,2022-02-21,4,1.0,0.0,0.0,0.0,"+1открытие в нижней трети|+1пн снял PWL|-1вт пробил лой пн|-1хай пн устоял, ниже открытия",0,-1,-1
LINKUSDT,2022-02-28,3,0.0,0.0,1.0,0.0,"-1пн внутри, вт снял PWH и вернулся|+1лой пн устоял, выше открытия|-1PWH снят, ср обновила хай, закрылась ниже PWH",-1,-1,-1
LINKUSDT,2022-03-07,5,0.0,0.0,1.0,1.0,"+1открытие в нижней трети|+1пн снял PWL|+1вт инсайд пн|+1лой пн устоял, выше открытия|+1PWL снят, ср выше PWL, лой устоял",1,1,1
LINKUSDT,2022-03-14,2,0.0,,0.0,1.0,"+1открытие в нижней трети|+1лой пн устоял, выше открытия",1,1,1
LINKUSDT,2022-03-21,2,1.0,1.0,0.0,1.0,"-1открытие в верхней трети|+1лой пн устоял, выше открытия",0,1,1
LINKUSDT,2022-03-28,3,1.0,0.0,0.0,0.0,"-1открытие в верхней трети|-1пн снял PWH|+1лой пн устоял, выше открытия",-1,1,1
LINKUSDT,2022-04-04,3,0.0,,1.0,0.0,"-1открытие в верхней трети|-1вт пробил лой пн|-1хай пн устоял, ниже открытия",-1,-1,-1
LINKUSDT,2022-04-11,4,0.0,,1.0,0.0,"+1открытие в нижней трети|+1пн снял PWL|+1вт инсайд пн|-1хай пн устоял, ниже открытия",1,-1,-1
LINKUSDT,2022-04-18,4,0.0,,1.0,1.0,"+1открытие в нижней трети|+1пн снял PWL|+1лой пн устоял, выше открытия|+1PWL снят, ср выше PWL, лой устоял",1,1,1
LINKUSDT,2022-04-25,4,0.0,0.0,1.0,0.0,"+1открытие в нижней трети|+1пн снял PWL|-1вт пробил лой пн|-1хай пн устоял, ниже открытия",0,-1,-1
LINKUSDT,2022-05-02,2,0.0,0.0,0.0,0.0,"+1открытие в нижней трети|+1лой пн устоял, выше открытия",1,1,1
LINKUSDT,2022-05-09,4,1.0,0.0,1.0,0.0,"+1открытие в нижней трети|+1пн снял PWL|-1вт пробил лой пн|-1хай пн устоял, ниже открытия",0,-1,-1
LINKUSDT,2022-05-16,0,1.0,,1.0,0.0,,0,0,0
LINKUSDT,2022-05-23,2,0.0,,1.0,0.0,"-1вт пробил лой пн|-1хай пн устоял, ниже открытия",-1,-1,-1
LINKUSDT,2022-05-30,3,1.0,1.0,0.0,1.0,"-1пн внутри, вт снял PWH и вернулся|+1лой пн устоял, выше открытия|-1PWH снят, ср обновила хай, закрылась ниже PWH",-1,-1,-1
LINKUSDT,2022-06-06,3,0.0,1.0,0.0,0.0,-1открытие в верхней трети|-1пн снял PWH|-1вт пробил лой пн,-1,-1,0
LINKUSDT,2022-06-13,4,0.0,0.0,0.0,1.0,"+1открытие в нижней трети|+1пн снял PWL|+1лой пн устоял, выше открытия|+1PWL снят, ср выше PWL, лой устоял",1,1,1
LINKUSDT,2022-06-20,3,1.0,,1.0,1.0,"-1пн внутри, вт снял PWH и вернулся|+1лой пн устоял, выше открытия|-1PWH снят, ср ниже PWH, хай устоял",-1,-1,-1
LINKUSDT,2022-06-27,3,0.0,,1.0,0.0,"+1открытие в нижней трети|-1вт пробил лой пн|-1пн внутри, вт снял PWL и вернулся",-1,-1,0
LINKUSDT,2022-07-04,2,0.0,,0.0,1.0,"+1открытие в нижней трети|+1лой пн устоял, выше открытия",1,1,1
LINKUSDT,2022-07-11,5,1.0,1.0,0.0,1.0,"+1открытие в нижней трети|+1пн снял PWL|-1вт пробил лой пн|-1хай пн устоял, ниже открытия|+1PWL снят, ср обновила лой, закрылась выше PWL",1,1,1
LINKUSDT,2022-07-18,2,1.0,1.0,1.0,1.0,"-1пн снял PWH|+1лой пн устоял, выше открытия",0,1,1
LINKUSDT,2022-07-25,4,1.0,1.0,0.0,1.0,"-1вт пробил лой пн|-1пн внутри, вт снял PWL и вернулся|-1хай пн устоял, ниже открытия|+1PWL снят, ср выше PWL, лой устоял",-1,1,1
LINKUSDT,2022-08-01,3,1.0,1.0,0.0,1.0,"-1открытие в верхней трети|-1вт пробил лой пн|-1хай пн устоял, ниже открытия",-1,-1,-1
LINKUSDT,2022-08-08,3,0.0,,0.0,1.0,"-1открытие в верхней трети|-1пн снял PWH|+1лой пн устоял, выше открытия",-1,1,1
LINKUSDT,2022-08-15,2,0.0,0.0,1.0,0.0,"-1вт пробил лой пн|-1хай пн устоял, ниже открытия",-1,-1,-1
LINKUSDT,2022-08-22,2,0.0,0.0,1.0,0.0,"+1открытие в нижней трети|+1лой пн устоял, выше открытия",1,1,1
LINKUSDT,2022-08-29,4,1.0,1.0,0.0,1.0,"+1открытие в нижней трети|+1пн снял PWL|+1лой пн устоял, выше открытия|+1PWL снят, ср выше PWL, лой устоял",1,1,1
LINKUSDT,2022-09-05,5,1.0,1.0,0.0,1.0,"-1открытие в верхней трети|-1пн снял PWH|-1вт пробил лой пн|-1снят PWH, ниже открытия|-1PWH снят, ср ниже PWH, хай устоял",-1,-1,-1
LINKUSDT,2022-09-12,6,1.0,1.0,1.0,1.0,"-1открытие в верхней трети|-1пн снял PWH|-1вт пробил лой пн|-1снят PWH, ниже открытия|-1хай пн устоял, ниже открытия|-1PWH снят, ср ниже PWH, хай устоял",-1,-1,-1
LINKUSDT,2022-09-19,2,1.0,1.0,0.0,1.0,"-1вт пробил лой пн|-1хай пн устоял, ниже открытия",-1,-1,-1
LINKUSDT,2022-09-26,3,0.0,0.0,1.0,0.0,"-1открытие в верхней трети|-1пн внутри, вт снял PWH и вернулся|-1PWH снят, ср обновила хай, закрылась ниже PWH",-1,-1,-1
LINKUSDT,2022-10-03,4,0.0,,1.0,1.0,"+1открытие в нижней трети|+1пн снял PWL|+1лой пн устоял, выше открытия|+1PWL снят, ср выше PWL, лой устоял",1,1,1
LINKUSDT,2022-10-10,2,1.0,0.0,1.0,0.0,"-1вт пробил лой пн|-1хай пн устоял, ниже открытия",-1,-1,-1
LINKUSDT,2022-10-17,2,1.0,,1.0,0.0,"-1вт пробил лой пн|-1хай пн устоял, ниже открытия",-1,-1,-1
LINKUSDT,2022-10-24,2,1.0,1.0,0.0,1.0,"-1открытие в верхней трети|+1лой пн устоял, выше открытия",0,1,1
LINKUSDT,2022-10-31,6,1.0,1.0,0.0,1.0,"-1открытие в верхней трети|-1пн снял PWH|-1вт пробил лой пн|-1снят PWH, ниже открытия|-1хай пн устоял, ниже открытия|-1PWH снят, ср ниже PWH, хай устоял",-1,-1,-1
LINKUSDT,2022-11-07,2,0.0,1.0,1.0,1.0,-1пн снял PWH|-1вт пробил лой пн,-1,-1,0
LINKUSDT,2022-11-14,4,0.0,,1.0,1.0,"+1открытие в нижней трети|+1пн снял PWL|+1лой пн устоял, выше открытия|+1PWL снят, ср выше PWL, лой устоял",1,1,1
LINKUSDT,2022-11-21,4,1.0,,0.0,1.0,"+1открытие в нижней трети|+1пн снял PWL|+1лой пн устоял, выше открытия|+1PWL снят, ср выше PWL, лой устоял",1,1,1
LINKUSDT,2022-11-28,3,0.0,0.0,0.0,1.0,"-1открытие в верхней трети|-1пн снял PWH|+1лой пн устоял, выше открытия",-1,1,1
LINKUSDT,2022-12-05,3,0.0,,1.0,0.0,"-1открытие в верхней трети|-1вт пробил лой пн|-1хай пн устоял, ниже открытия",-1,-1,-1
LINKUSDT,2022-12-12,4,0.0,0.0,1.0,0.0,"+1открытие в нижней трети|+1пн снял PWL|+1лой пн устоял, выше открытия|+1PWL снят, ср выше PWL, лой устоял",1,1,1
LINKUSDT,2022-12-19,4,0.0,,1.0,1.0,"+1открытие в нижней трети|+1пн снял PWL|+1лой пн устоял, выше открытия|+1PWL снят, ср выше PWL, лой устоял",1,1,1
LINKUSDT,2022-12-26,2,0.0,,1.0,0.0,-1открытие в верхней трети|-1вт пробил лой пн,-1,-1,0
LINKUSDT,2023-01-02,2,1.0,0.0,0.0,0.0,"+1вт инсайд пн|+1лой пн устоял, выше открытия",1,1,1
LINKUSDT,2023-01-09,3,1.0,0.0,0.0,1.0,"-1открытие в верхней трети|-1пн снял PWH|+1лой пн устоял, выше открытия",-1,1,1
LINKUSDT,2023-01-16,0,1.0,1.0,0.0,1.0,,0,0,0
LINKUSDT,2023-01-23,3,1.0,1.0,0.0,1.0,"-1открытие в верхней трети|-1вт пробил лой пн|-1хай пн устоял, ниже открытия",-1,-1,-1
LINKUSDT,2023-01-30,3,0.0,,0.0,1.0,"-1открытие в верхней трети|+1вт инсайд пн|-1хай пн устоял, ниже открытия",-1,-1,-1
LINKUSDT,2023-02-06,1,0.0,1.0,0.0,0.0,"+1лой пн устоял, выше открытия",1,1,1
LINKUSDT,2023-02-13,5,1.0,1.0,0.0,1.0,"+1открытие в нижней трети|+1пн снял PWL|+1вт инсайд пн|+1лой пн устоял, выше открытия|+1PWL снят, ср выше PWL, лой устоял",1,1,1
LINKUSDT,2023-02-20,6,0.0,1.0,1.0,0.0,"-1открытие в верхней трети|-1пн снял PWH|-1вт пробил лой пн|-1снят PWH, ниже открытия|-1хай пн устоял, ниже открытия|-1PWH снят, ср ниже PWH, хай устоял",-1,-1,-1
LINKUSDT,2023-02-27,4,0.0,0.0,0.0,0.0,"+1открытие в нижней трети|-1вт пробил лой пн|-1пн внутри, вт снял PWL и вернулся|+1PWL снят, ср выше PWL, лой устоял",0,1,1
LINKUSDT,2023-03-06,2,0.0,0.0,1.0,0.0,"-1вт пробил лой пн|-1хай пн устоял, ниже открытия",-1,-1,-1
LINKUSDT,2023-03-13,2,1.0,1.0,0.0,1.0,"-1пн внутри, вт снял PWH и вернулся|-1PWH снят, ср ниже PWH, хай устоял",-1,-1,-1
LINKUSDT,2023-03-20,4,1.0,1.0,1.0,1.0,"-1открытие в верхней трети|-1пн снял PWH|-1вт пробил лой пн|-1PWH снят, ср обновила хай, закрылась ниже PWH",-1,-1,-1
LINKUSDT,2023-03-27,4,0.0,,0.0,1.0,"+1пн снял PWL|+1вт инсайд пн|+1лой пн устоял, выше открытия|+1PWL снят, ср выше PWL, лой устоял",1,1,1
LINKUSDT,2023-04-03,1,0.0,,1.0,1.0,"+1лой пн устоял, выше открытия",1,1,1
LINKUSDT,2023-04-10,1,1.0,1.0,0.0,1.0,+1открытие в нижней трети,1,1,0
LINKUSDT,2023-04-17,3,0.0,0.0,1.0,0.0,"-1открытие в верхней трети|-1пн снял PWH|-1PWH снят, ср ниже PWH, хай устоял",-1,-1,-1
LINKUSDT,2023-04-24,2,1.0,,1.0,1.0,+1открытие в нижней трети|-1вт пробил лой пн,0,-1,0
LINKUSDT,2023-05-01,2,0.0,,0.0,1.0,"+1вт инсайд пн|+1лой пн устоял, выше открытия",1,1,1
LINKUSDT,2023-05-08,4,0.0,0.0,1.0,0.0,"+1открытие в нижней трети|+1пн снял PWL|+1вт инсайд пн|-1хай пн устоял, ниже открытия",1,-1,-1
LINKUSDT,2023-05-15,1,0.0,0.0,1.0,0.0,"+1лой пн устоял, выше открытия",1,1,1
LINKUSDT,2023-05-22,2,1.0,1.0,0.0,0.0,+1открытие в нижней трети|+1пн снял PWL,1,1,0
LINKUSDT,2023-05-29,6,0.0,,1.0,0.0,"-1открытие в верхней трети|-1пн снял PWH|+1вт инсайд пн|-1снят PWH, ниже открытия|-1хай пн устоял, ниже открытия|-1PWH снят, ср ниже PWH, хай устоял",-1,-1,-1
LINKUSDT,2023-06-05,3,0.0,0.0,1.0,0.0,"+1пн снял PWL|+1вт инсайд пн|-1хай пн устоял, ниже открытия",1,-1,-1
LINKUSDT,2023-06-12,2,0.0,,1.0,1.0,"+1открытие в нижней трети|+1лой пн устоял, выше открытия",1,1,1
LINKUSDT,2023-06-19,4,1.0,1.0,0.0,1.0,"+1открытие в нижней трети|+1пн снял PWL|+1лой пн устоял, выше открытия|+1PWL снят, ср выше PWL, лой устоял",1,1,1
LINKUSDT,2023-06-26,3,1.0,1.0,0.0,1.0,"-1открытие в верхней трети|+1вт инсайд пн|-1хай пн устоял, ниже открытия",-1,-1,-1
LINKUSDT,2023-07-03,6,0.0,,1.0,0.0,"-1открытие в верхней трети|-1пн снял PWH|-1вт пробил лой пн|-1снят PWH, ниже открытия|-1хай пн устоял, ниже открытия|-1PWH снят, ср ниже PWH, хай устоял",-1,-1,-1
LINKUSDT,2023-07-10,3,1.0,1.0,0.0,1.0,"+1открытие в нижней трети|+1вт инсайд пн|+1лой пн устоял, выше открытия",1,1,1
LINKUSDT,2023-07-17,1,1.0,1.0,0.0,1.0,"+1лой пн устоял, выше открытия",1,1,1
LINKUSDT,2023-07-24,3,0.0,,0.0,1.0,"-1открытие в верхней трети|-1вт пробил лой пн|-1хай пн устоял, ниже открытия",-1,-1,-1
LINKUSDT,2023-07-31,4,0.0,,1.0,0.0,"+1открытие в нижней трети|-1вт пробил лой пн|-1пн внутри, вт снял PWL и вернулся|+1PWL снят, ср выше PWL, лой устоял",0,1,1
LINKUSDT,2023-08-07,4,0.0,0.0,1.0,1.0,"+1открытие в нижней трети|+1пн снял PWL|+1лой пн устоял, выше открытия|+1PWL снят, ср выше PWL, лой устоял",1,1,1
LINKUSDT,2023-08-14,4,0.0,0.0,1.0,0.0,"-1прошлая «обе сняты»|-1вт пробил лой пн|-1пн внутри, вт снял PWL и вернулся|-1хай пн устоял, ниже открытия",-1,-1,-1
LINKUSDT,2023-08-21,2,0.0,0.0,1.0,1.0,+1открытие в нижней трети|-1вт пробил лой пн,0,-1,0
LINKUSDT,2023-08-28,4,1.0,,1.0,0.0,"+1открытие в нижней трети|-1вт пробил лой пн|-1пн внутри, вт снял PWL и вернулся|+1PWL снят, ср выше PWL, лой устоял",0,1,1
LINKUSDT,2023-09-04,1,0.0,0.0,0.0,1.0,-1вт пробил лой пн,-1,-1,0
LINKUSDT,2023-09-11,4,1.0,1.0,0.0,1.0,"+1открытие в нижней трети|+1пн снял PWL|+1лой пн устоял, выше открытия|+1PWL снят, ср выше PWL, лой устоял",1,1,1
LINKUSDT,2023-09-18,2,1.0,0.0,0.0,1.0,"-1пн снял PWH|+1лой пн устоял, выше открытия",0,1,1
LINKUSDT,2023-09-25,3,1.0,1.0,0.0,1.0,"-1открытие в верхней трети|-1пн снял PWH|+1лой пн устоял, выше открытия",-1,1,1
LINKUSDT,2023-10-02,3,1.0,,1.0,1.0,"-1открытие в верхней трети|+1вт инсайд пн|-1хай пн устоял, ниже открытия",-1,-1,-1
LINKUSDT,2023-10-09,4,1.0,,1.0,1.0,"+1пн снял PWL|+1вт инсайд пн|-1хай пн устоял, ниже открытия|+1PWL снят, ср обновила лой, закрылась выше PWL",1,1,1
LINKUSDT,2023-10-16,5,1.0,1.0,0.0,0.0,"-1пн снял PWH|-1вт пробил лой пн|-1снят PWH, ниже открытия|-1хай пн устоял, ниже открытия|-1PWH снят, ср ниже PWH, хай устоял",-1,-1,-1
LINKUSDT,2023-10-23,3,1.0,0.0,1.0,1.0,-1открытие в верхней трети|-1пн снял PWH|-1вт пробил лой пн,-1,-1,0
LINKUSDT,2023-10-30,3,1.0,0.0,0.0,0.0,"-1открытие в верхней трети|-1пн снял PWH|-1PWH снят, ср ниже PWH, хай устоял",-1,-1,-1
LINKUSDT,2023-11-06,3,1.0,1.0,0.0,1.0,"-1открытие в верхней трети|-1пн снял PWH|+1лой пн устоял, выше открытия",-1,1,1
LINKUSDT,2023-11-13,3,0.0,0.0,1.0,0.0,"-1открытие в верхней трети|-1вт пробил лой пн|-1хай пн устоял, ниже открытия",-1,-1,-1
LINKUSDT,2023-11-20,2,1.0,,1.0,1.0,"-1вт пробил лой пн|-1хай пн устоял, ниже открытия",-1,-1,-1
LINKUSDT,2023-11-27,3,1.0,1.0,0.0,1.0,"-1открытие в верхней трети|-1вт пробил лой пн|-1хай пн устоял, ниже открытия",-1,-1,-1
LINKUSDT,2023-12-04,5,1.0,1.0,0.0,0.0,"-1открытие в верхней трети|-1пн снял PWH|+1вт инсайд пн|-1хай пн устоял, ниже открытия|-1PWH снят, ср ниже PWH, хай устоял",-1,-1,-1
LINKUSDT,2023-12-11,4,0.0,,1.0,1.0,"+1пн снял PWL|+1вт инсайд пн|-1хай пн устоял, ниже открытия|+1PWL снят, ср выше PWL, лой устоял",1,1,1
LINKUSDT,2023-12-18,4,1.0,1.0,0.0,1.0,"+1открытие в нижней трети|+1пн снял PWL|+1лой пн устоял, выше открытия|+1PWL снят, ср выше PWL, лой устоял",1,1,1
LINKUSDT,2023-12-25,2,0.0,0.0,0.0,1.0,-1открытие в верхней трети|-1вт пробил лой пн,-1,-1,0
LINKUSDT,2024-01-01,1,0.0,0.0,1.0,1.0,+1открытие в нижней трети,1,1,0
LINKUSDT,2024-01-08,3,0.0,0.0,0.0,1.0,"+1открытие в нижней трети|+1вт инсайд пн|+1лой пн устоял, выше открытия",1,1,1
LINKUSDT,2024-01-15,3,0.0,0.0,0.0,0.0,-1открытие в верхней трети|-1пн снял PWH|-1вт пробил лой пн,-1,-1,0
LINKUSDT,2024-01-22,4,1.0,,1.0,0.0,"-1вт пробил лой пн|-1пн внутри, вт снял PWL и вернулся|-1хай пн устоял, ниже открытия|+1PWL снят, ср выше PWL, лой устоял",-1,1,1
LINKUSDT,2024-01-29,1,1.0,1.0,0.0,1.0,"+1лой пн устоял, выше открытия",1,1,1
LINKUSDT,2024-02-05,5,1.0,1.0,0.0,1.0,"-1открытие в верхней трети|-1пн снял PWH|+1вт инсайд пн|+1лой пн устоял, выше открытия|-1PWH снят, ср ниже PWH, хай устоял",-1,-1,-1
LINKUSDT,2024-02-12,5,0.0,,1.0,0.0,"-1открытие в верхней трети|-1пн снял PWH|-1вт пробил лой пн|-1снят PWH, ниже открытия|-1PWH снят, ср ниже PWH, хай устоял",-1,-1,-1
LINKUSDT,2024-02-19,3,1.0,,1.0,0.0,"-1вт пробил лой пн|-1пн внутри, вт снял PWL и вернулся|-1хай пн устоял, ниже открытия",-1,-1,-1
LINKUSDT,2024-02-26,0,1.0,1.0,0.0,1.0,,0,0,0
LINKUSDT,2024-03-04,4,1.0,1.0,0.0,1.0,"-1открытие в верхней трети|-1вт пробил лой пн|-1пн внутри, вт снял PWL и вернулся|+1PWL снят, ср выше PWL, лой устоял",-1,1,1
LINKUSDT,2024-03-11,7,0.0,0.0,1.0,0.0,"-1прошлая «обе сняты»|-1открытие в верхней трети|-1пн снял PWH|-1вт пробил лой пн|-1снят PWH, ниже открытия|-1хай пн устоял, ниже открытия|-1PWH снят, ср ниже PWH, хай устоял",-1,-1,-1
LINKUSDT,2024-03-18,4,1.0,,1.0,1.0,"+1открытие в нижней трети|-1вт пробил лой пн|-1хай пн устоял, ниже открытия|+1PWL снят, ср обновила лой, закрылась выше PWL",0,1,1
LINKUSDT,2024-03-25,4,0.0,,1.0,1.0,"-1открытие в верхней трети|-1пн снял PWH|+1лой пн устоял, выше открытия|-1PWH снят, ср ниже PWH, хай устоял",-1,-1,-1
LINKUSDT,2024-04-01,3,1.0,,1.0,0.0,"+1пн снял PWL|-1вт пробил лой пн|-1хай пн устоял, ниже открытия",-1,-1,-1
LINKUSDT,2024-04-08,2,0.0,0.0,1.0,0.0,"-1вт пробил лой пн|-1хай пн устоял, ниже открытия",-1,-1,-1
LINKUSDT,2024-04-15,2,1.0,1.0,0.0,1.0,"-1вт пробил лой пн|-1хай пн устоял, ниже открытия",-1,-1,-1
LINKUSDT,2024-04-22,5,0.0,,1.0,0.0,"-1открытие в верхней трети|-1пн снял PWH|+1вт инсайд пн|-1хай пн устоял, ниже открытия|-1PWH снят, ср ниже PWH, хай устоял",-1,-1,-1
LINKUSDT,2024-04-29,3,1.0,1.0,0.0,1.0,+1открытие в нижней трети|+1пн снял PWL|-1вт пробил лой пн,1,-1,0
LINKUSDT,2024-05-06,6,0.0,,1.0,0.0,"-1открытие в верхней трети|-1пн снял PWH|-1вт пробил лой пн|-1снят PWH, ниже открытия|-1хай пн устоял, ниже открытия|-1PWH снят, ср ниже PWH, хай устоял",-1,-1,-1
LINKUSDT,2024-05-13,4,1.0,1.0,0.0,1.0,"+1открытие в нижней трети|+1пн снял PWL|-1вт пробил лой пн|+1PWL снят, ср обновила лой, закрылась выше PWL",1,1,1
LINKUSDT,2024-05-20,5,1.0,0.0,0.0,0.0,"-1открытие в верхней трети|-1пн снял PWH|+1вт инсайд пн|-1хай пн устоял, ниже открытия|-1PWH снят, ср ниже PWH, хай устоял",-1,-1,-1
LINKUSDT,2024-05-27,3,0.0,,1.0,1.0,"-1пн снял PWH|+1вт инсайд пн|+1лой пн устоял, выше открытия",1,1,1
LINKUSDT,2024-06-03,2,0.0,0.0,1.0,0.0,"-1вт пробил лой пн|-1хай пн устоял, ниже открытия",-1,-1,-1
LINKUSDT,2024-06-10,3,0.0,0.0,1.0,0.0,"-1вт пробил лой пн|-1хай пн устоял, ниже открытия|+1PWL снят, ср выше PWL, лой устоял",-1,1,1
LINKUSDT,2024-06-17,3,0.0,0.0,1.0,1.0,"+1пн снял PWL|-1вт пробил лой пн|-1хай пн устоял, ниже открытия",-1,-1,-1
LINKUSDT,2024-06-24,4,1.0,,0.0,1.0,"+1открытие в нижней трети|+1пн снял PWL|+1лой пн устоял, выше открытия|+1PWL снят, ср выше PWL, лой устоял",1,1,1
LINKUSDT,2024-07-01,3,0.0,0.0,1.0,0.0,"-1открытие в верхней трети|-1пн внутри, вт снял PWH и вернулся|-1PWH снят, ср ниже PWH, хай устоял",-1,-1,-1
LINKUSDT,2024-07-08,2,1.0,,1.0,1.0,"+1вт инсайд пн|+1лой пн устоял, выше открытия",1,1,1
LINKUSDT,2024-07-15,3,1.0,1.0,0.0,0.0,"-1открытие в верхней трети|-1пн снял PWH|+1лой пн устоял, выше открытия",-1,1,1
LINKUSDT,2024-07-22,3,0.0,0.0,1.0,0.0,"-1открытие в верхней трети|-1вт пробил лой пн|-1хай пн устоял, ниже открытия",-1,-1,-1
LINKUSDT,2024-07-29,2,0.0,0.0,1.0,0.0,"-1вт пробил лой пн|-1хай пн устоял, ниже открытия",-1,-1,-1
LINKUSDT,2024-08-05,4,1.0,1.0,1.0,1.0,"+1открытие в нижней трети|+1пн снял PWL|+1вт инсайд пн|-1хай пн устоял, ниже открытия",1,-1,-1
LINKUSDT,2024-08-12,3,0.0,,1.0,0.0,"-1открытие в верхней трети|+1вт инсайд пн|+1лой пн устоял, выше открытия",1,1,1
LINKUSDT,2024-08-19,2,1.0,1.0,0.0,1.0,"+1открытие в нижней трети|+1лой пн устоял, выше открытия",1,1,1
LINKUSDT,2024-08-26,6,0.0,0.0,1.0,0.0,"-1открытие в верхней трети|-1пн снял PWH|-1вт пробил лой пн|-1снят PWH, ниже открытия|-1хай пн устоял, ниже открытия|-1PWH снят, ср ниже PWH, хай устоял",-1,-1,-1
LINKUSDT,2024-09-02,4,1.0,0.0,1.0,0.0,"+1открытие в нижней трети|-1вт пробил лой пн|-1пн внутри, вт снял PWL и вернулся|+1PWL снят, ср обновила лой, закрылась выше PWL",0,1,1
LINKUSDT,2024-09-09,2,1.0,1.0,0.0,1.0,-1открытие в верхней трети|+1вт инсайд пн,0,1,0
LINKUSDT,2024-09-16,0,1.0,1.0,0.0,1.0,,0,0,0
LINKUSDT,2024-09-23,1,1.0,1.0,0.0,1.0,"+1лой пн устоял, выше открытия",1,1,1
LINKUSDT,2024-09-30,4,1.0,1.0,1.0,0.0,"-1открытие в верхней трети|-1вт пробил лой пн|-1пн внутри, вт снял PWL и вернулся|-1хай пн устоял, ниже открытия",-1,-1,-1
LINKUSDT,2024-10-07,2,1.0,,1.0,0.0,"-1вт пробил лой пн|-1хай пн устоял, ниже открытия",-1,-1,-1
LINKUSDT,2024-10-14,2,1.0,1.0,0.0,1.0,"+1открытие в нижней трети|+1лой пн устоял, выше открытия",1,1,1
LINKUSDT,2024-10-21,3,0.0,1.0,1.0,0.0,"-1открытие в верхней трети|-1пн внутри, вт снял PWH и вернулся|-1PWH снят, ср ниже PWH, хай устоял",-1,-1,-1
LINKUSDT,2024-10-28,4,0.0,0.0,0.0,0.0,"+1открытие в нижней трети|+1пн снял PWL|+1лой пн устоял, выше открытия|+1PWL снят, ср выше PWL, лой устоял",1,1,1
LINKUSDT,2024-11-04,4,1.0,1.0,0.0,1.0,"+1открытие в нижней трети|+1пн снял PWL|+1лой пн устоял, выше открытия|+1PWL снят, ср выше PWL, лой устоял",1,1,1
LINKUSDT,2024-11-11,4,1.0,1.0,1.0,0.0,"-1открытие в верхней трети|-1пн снял PWH|-1снят PWH, ниже открытия|-1PWH снят, ср ниже PWH, хай устоял",-1,-1,-1
LINKUSDT,2024-11-18,4,1.0,1.0,0.0,1.0,"-1пн снял PWH|+1вт инсайд пн|+1лой пн устоял, выше открытия|-1PWH снят, ср ниже PWH, хай устоял",0,-1,-1
LINKUSDT,2024-11-25,4,1.0,,0.0,1.0,"-1открытие в верхней трети|-1пн снял PWH|-1вт пробил лой пн|-1снят PWH, ниже открытия",-1,-1,0
LINKUSDT,2024-12-02,4,1.0,0.0,0.0,1.0,"-1открытие в верхней трети|-1пн снял PWH|+1вт инсайд пн|+1лой пн устоял, выше открытия",0,1,1
LINKUSDT,2024-12-09,3,1.0,1.0,0.0,1.0,"-1открытие в верхней трети|+1вт инсайд пн|-1хай пн устоял, ниже открытия",-1,-1,-1
LINKUSDT,2024-12-16,3,0.0,0.0,1.0,0.0,"-1открытие в верхней трети|-1вт пробил лой пн|-1хай пн устоял, ниже открытия",-1,-1,-1
LINKUSDT,2024-12-23,2,0.0,0.0,1.0,0.0,"+1открытие в нижней трети|+1лой пн устоял, выше открытия",1,1,1
LINKUSDT,2024-12-30,4,1.0,,0.0,1.0,"+1открытие в нижней трети|+1пн снял PWL|-1вт пробил лой пн|+1PWL снят, ср обновила лой, закрылась выше PWL",1,1,1
LINKUSDT,2025-01-06,6,0.0,,1.0,0.0,"-1открытие в верхней трети|-1пн снял PWH|-1вт пробил лой пн|-1снят PWH, ниже открытия|-1хай пн устоял, ниже открытия|-1PWH снят, ср ниже PWH, хай устоял",-1,-1,-1
LINKUSDT,2025-01-13,5,1.0,1.0,0.0,1.0,"-1прошлая «обе сняты»|+1открытие в нижней трети|+1пн снял PWL|+1лой пн устоял, выше открытия|+1PWL снят, ср выше PWL, лой устоял",1,1,1
LINKUSDT,2025-01-20,5,0.0,,1.0,1.0,"-1прошлая «обе сняты»|-1открытие в верхней трети|-1пн снял PWH|+1лой пн устоял, выше открытия|-1PWH снят, ср обновила хай, закрылась ниже PWH",-1,-1,-1
LINKUSDT,2025-01-27,4,0.0,1.0,0.0,0.0,"+1пн снял PWL|+1вт инсайд пн|-1хай пн устоял, ниже открытия|+1PWL снят, ср выше PWL, лой устоял",1,1,1
LINKUSDT,2025-02-03,4,0.0,,1.0,1.0,"+1открытие в нижней трети|+1пн снял PWL|+1вт инсайд пн|-1хай пн устоял, ниже открытия",1,-1,-1
LINKUSDT,2025-02-10,0,0.0,,0.0,1.0,,0,0,0
LINKUSDT,2025-02-17,4,0.0,,1.0,0.0,"-1вт пробил лой пн|-1пн внутри, вт снял PWL и вернулся|-1хай пн устоял, ниже открытия|+1PWL снят, ср выше PWL, лой устоял",-1,1,1
LINKUSDT,2025-02-24,4,1.0,0.0,1.0,0.0,"+1открытие в нижней трети|+1пн снял PWL|-1вт пробил лой пн|-1хай пн устоял, ниже открытия",0,-1,-1
LINKUSDT,2025-03-03,5,0.0,0.0,0.0,1.0,"-1открытие в верхней трети|-1вт пробил лой пн|-1пн внутри, вт снял PWL и вернулся|-1хай пн устоял, ниже открытия|+1PWL снят, ср выше PWL, лой устоял",-1,1,1
LINKUSDT,2025-03-10,5,0.0,,0.0,1.0,"+1открытие в нижней трети|+1пн снял PWL|-1вт пробил лой пн|-1хай пн устоял, ниже открытия|+1PWL снят, ср выше PWL, лой устоял",1,1,1
LINKUSDT,2025-03-17,1,0.0,,0.0,1.0,"+1лой пн устоял, выше открытия",1,1,1
LINKUSDT,2025-03-24,2,0.0,0.0,1.0,0.0,"-1пн снял PWH|+1лой пн устоял, выше открытия",0,1,1
LINKUSDT,2025-03-31,3,0.0,0.0,1.0,0.0,-1прошлая «обе сняты»|+1открытие в нижней трети|+1пн снял PWL,1,1,0
LINKUSDT,2025-04-07,4,0.0,,0.0,1.0,"+1открытие в нижней трети|+1пн снял PWL|+1лой пн устоял, выше открытия|+1PWL снят, ср выше PWL, лой устоял",1,1,1
LINKUSDT,2025-04-14,3,1.0,1.0,0.0,1.0,"-1открытие в верхней трети|-1вт пробил лой пн|-1хай пн устоял, ниже открытия",-1,-1,-1
LINKUSDT,2025-04-21,3,0.0,,0.0,1.0,-1открытие в верхней трети|-1пн снял PWH|-1вт пробил лой пн,-1,-1,0
LINKUSDT,2025-04-28,1,0.0,1.0,1.0,0.0,-1открытие в верхней трети,-1,-1,0
LINKUSDT,2025-05-05,5,1.0,1.0,0.0,1.0,"+1открытие в нижней трети|+1пн снял PWL|-1вт пробил лой пн|-1хай пн устоял, ниже открытия|+1PWL снят, ср выше PWL, лой устоял",1,1,1
LINKUSDT,2025-05-12,5,0.0,0.0,1.0,0.0,"-1открытие в верхней трети|-1пн снял PWH|+1вт инсайд пн|-1хай пн устоял, ниже открытия|-1PWH снят, ср ниже PWH, хай устоял",-1,-1,-1
LINKUSDT,2025-05-19,4,0.0,,0.0,1.0,"+1открытие в нижней трети|+1пн снял PWL|+1лой пн устоял, выше открытия|+1PWL снят, ср выше PWL, лой устоял",1,1,1
LINKUSDT,2025-05-26,2,0.0,0.0,0.0,0.0,+1открытие в нижней трети|-1вт пробил лой пн,0,-1,0
LINKUSDT,2025-06-02,1,0.0,0.0,1.0,0.0,+1открытие в нижней трети,1,1,0
LINKUSDT,2025-06-09,1,0.0,0.0,1.0,0.0,"+1лой пн устоял, выше открытия",1,1,1
LINKUSDT,2025-06-16,3,0.0,0.0,1.0,0.0,"+1открытие в нижней трети|-1вт пробил лой пн|-1хай пн устоял, ниже открытия",-1,-1,-1
LINKUSDT,2025-06-23,2,1.0,,0.0,1.0,"+1открытие в нижней трети|+1лой пн устоял, выше открытия",1,1,1
LINKUSDT,2025-06-30,2,0.0,,0.0,1.0,-1открытие в верхней трети|-1вт пробил лой пн,-1,-1,0
LINKUSDT,2025-07-07,1,1.0,1.0,0.0,1.0,-1вт пробил лой пн,-1,-1,0
LINKUSDT,2025-07-14,3,1.0,1.0,0.0,1.0,-1открытие в верхней трети|-1пн снял PWH|-1вт пробил лой пн,-1,-1,0
LINKUSDT,2025-07-21,5,1.0,1.0,1.0,0.0,"-1открытие в верхней трети|-1пн снял PWH|-1вт пробил лой пн|-1хай пн устоял, ниже открытия|-1PWH снят, ср ниже PWH, хай устоял",-1,-1,-1
LINKUSDT,2025-07-28,2,0.0,0.0,1.0,0.0,"-1вт пробил лой пн|-1хай пн устоял, ниже открытия",-1,-1,-1
LINKUSDT,2025-08-04,2,1.0,1.0,0.0,1.0,+1открытие в нижней трети|-1вт пробил лой пн,0,-1,0
LINKUSDT,2025-08-11,2,1.0,0.0,0.0,1.0,"-1открытие в верхней трети|+1лой пн устоял, выше открытия",0,1,1
LINKUSDT,2025-08-18,4,0.0,0.0,0.0,1.0,"-1открытие в верхней трети|-1пн снял PWH|-1вт пробил лой пн|-1снят PWH, ниже открытия",-1,-1,0
LINKUSDT,2025-08-25,4,0.0,,1.0,0.0,"+1пн снял PWL|-1вт пробил лой пн|-1хай пн устоял, ниже открытия|+1PWL снят, ср выше PWL, лой устоял",0,1,1
LINKUSDT,2025-09-01,5,0.0,,0.0,0.0,"+1открытие в нижней трети|+1пн снял PWL|+1вт инсайд пн|+1лой пн устоял, выше открытия|+1PWL снят, ср выше PWL, лой устоял",1,1,1
LINKUSDT,2025-09-08,2,1.0,1.0,0.0,1.0,"+1открытие в нижней трети|+1лой пн устоял, выше открытия",1,1,1
LINKUSDT,2025-09-15,2,0.0,,0.0,1.0,"+1вт инсайд пн|-1хай пн устоял, ниже открытия",0,-1,-1
LINKUSDT,2025-09-22,4,1.0,0.0,1.0,0.0,"+1открытие в нижней трети|+1пн снял PWL|+1вт инсайд пн|-1хай пн устоял, ниже открытия",1,-1,-1
LINKUSDT,2025-09-29,2,0.0,,0.0,1.0,"+1вт инсайд пн|+1лой пн устоял, выше открытия",1,1,1
LINKUSDT,2025-10-06,4,0.0,0.0,1.0,0.0,"-1пн снял PWH|-1снят PWH, ниже открытия|+1лой пн устоял, выше открытия|-1PWH снят, ср ниже PWH, хай устоял",-1,-1,-1
LINKUSDT,2025-10-13,3,0.0,,1.0,0.0,"-1открытие в верхней трети|-1вт пробил лой пн|-1хай пн устоял, ниже открытия",-1,-1,-1
LINKUSDT,2025-10-20,2,1.0,,1.0,1.0,"+1вт инсайд пн|-1хай пн устоял, ниже открытия",0,-1,-1
LINKUSDT,2025-10-27,3,0.0,0.0,1.0,0.0,"-1открытие в верхней трети|-1вт пробил лой пн|-1хай пн устоял, ниже открытия",-1,-1,-1
LINKUSDT,2025-11-03,3,1.0,1.0,1.0,1.0,"+1пн снял PWL|-1вт пробил лой пн|-1хай пн устоял, ниже открытия",-1,-1,-1
LINKUSDT,2025-11-10,1,0.0,0.0,1.0,0.0,-1вт пробил лой пн,-1,-1,0
LINKUSDT,2025-11-17,5,0.0,0.0,1.0,0.0,"+1открытие в нижней трети|+1пн снял PWL|-1вт пробил лой пн|-1хай пн устоял, ниже открытия|+1PWL снят, ср обновила лой, закрылась выше PWL",1,1,1
LINKUSDT,2025-11-24,1,0.0,,0.0,1.0,"+1лой пн устоял, выше открытия",1,1,1
LINKUSDT,2025-12-01,2,0.0,0.0,0.0,1.0,"+1пн снял PWL|+1лой пн устоял, выше открытия",1,1,1
LINKUSDT,2025-12-08,3,0.0,0.0,1.0,0.0,"-1вт пробил лой пн|-1пн внутри, вт снял PWH и вернулся|-1PWH снят, ср ниже PWH, хай устоял",-1,-1,-1
LINKUSDT,2025-12-15,4,1.0,,1.0,0.0,"+1открытие в нижней трети|+1пн снял PWL|+1вт инсайд пн|-1хай пн устоял, ниже открытия",1,-1,-1
LINKUSDT,2025-12-22,2,1.0,,1.0,0.0,"-1вт пробил лой пн|-1хай пн устоял, ниже открытия",-1,-1,-1
LINKUSDT,2025-12-29,5,1.0,1.0,0.0,0.0,"-1пн снял PWH|+1вт инсайд пн|-1снят PWH, ниже открытия|-1хай пн устоял, ниже открытия|-1PWH снят, ср ниже PWH, хай устоял",-1,-1,-1
LINKUSDT,2026-01-05,3,0.0,,1.0,0.0,"-1открытие в верхней трети|-1пн снял PWH|-1PWH снят, ср ниже PWH, хай устоял",-1,-1,-1
LINKUSDT,2026-01-12,4,0.0,0.0,1.0,1.0,"+1открытие в нижней трети|+1пн снял PWL|+1лой пн устоял, выше открытия|+1PWL снят, ср выше PWL, лой устоял",1,1,1
LINKUSDT,2026-01-19,5,0.0,0.0,1.0,0.0,"-1прошлая «обе сняты»|+1открытие в нижней трети|+1пн снял PWL|-1вт пробил лой пн|-1хай пн устоял, ниже открытия",-1,-1,-1
LINKUSDT,2026-01-26,2,0.0,0.0,1.0,0.0,"+1открытие в нижней трети|+1лой пн устоял, выше открытия",1,1,1
LINKUSDT,2026-02-02,3,0.0,0.0,1.0,0.0,"+1открытие в нижней трети|+1вт инсайд пн|-1хай пн устоял, ниже открытия",1,-1,-1
LINKUSDT,2026-02-09,2,1.0,1.0,0.0,1.0,"+1вт инсайд пн|-1хай пн устоял, ниже открытия",0,-1,-1
LINKUSDT,2026-02-16,0,1.0,,0.0,0.0,,0,0,0
LINKUSDT,2026-02-23,3,0.0,0.0,1.0,1.0,"+1пн снял PWL|-1вт пробил лой пн|+1PWL снят, ср выше PWL, лой устоял",1,1,1
LINKUSDT,2026-03-02,2,0.0,0.0,1.0,0.0,-1прошлая «обе сняты»|-1вт пробил лой пн,-1,-1,0
LINKUSDT,2026-03-09,2,1.0,,0.0,1.0,"+1открытие в нижней трети|+1лой пн устоял, выше открытия",1,1,1
LINKUSDT,2026-03-16,5,0.0,0.0,1.0,0.0,"-1открытие в верхней трети|-1пн снял PWH|+1вт инсайд пн|-1хай пн устоял, ниже открытия|-1PWH снят, ср ниже PWH, хай устоял",-1,-1,-1
LINKUSDT,2026-03-23,3,0.0,0.0,1.0,0.0,"+1открытие в нижней трети|+1вт инсайд пн|+1лой пн устоял, выше открытия",1,1,1
LINKUSDT,2026-03-30,3,0.0,0.0,1.0,1.0,"+1открытие в нижней трети|+1вт инсайд пн|+1лой пн устоял, выше открытия",1,1,1
LINKUSDT,2026-04-06,2,0.0,1.0,1.0,1.0,"-1вт пробил лой пн|-1PWH снят, ср ниже PWH, хай устоял",-1,-1,-1
LINKUSDT,2026-04-13,5,0.0,1.0,0.0,1.0,"+1открытие в нижней трети|-1пн снял PWH|+1вт инсайд пн|+1лой пн устоял, выше открытия|-1PWH снят, ср ниже PWH, хай устоял",1,-1,-1
LINKUSDT,2026-04-20,2,1.0,,1.0,1.0,"+1открытие в нижней трети|+1лой пн устоял, выше открытия",1,1,1
LINKUSDT,2026-04-27,6,1.0,,1.0,1.0,"-1открытие в верхней трети|-1пн снял PWH|-1вт пробил лой пн|-1снят PWH, ниже открытия|-1хай пн устоял, ниже открытия|-1PWH снят, ср ниже PWH, хай устоял",-1,-1,-1
LINKUSDT,2026-05-04,4,1.0,1.0,0.0,1.0,"-1прошлая «обе сняты»|+1открытие в нижней трети|-1пн снял PWH|+1лой пн устоял, выше открытия",0,1,1
LINKUSDT,2026-05-11,2,0.0,1.0,1.0,0.0,-1открытие в верхней трети|-1вт пробил лой пн,-1,-1,0
LINKUSDT,2026-05-18,4,0.0,0.0,0.0,0.0,"+1открытие в нижней трети|+1пн снял PWL|+1лой пн устоял, выше открытия|+1PWL снят, ср выше PWL, лой устоял",1,1,1
LINKUSDT,2026-05-25,1,1.0,,1.0,0.0,-1вт пробил лой пн,-1,-1,0
LINKUSDT,2026-06-01,2,0.0,0.0,1.0,0.0,"-1вт пробил лой пн|-1хай пн устоял, ниже открытия",-1,-1,-1
LINKUSDT,2026-06-08,2,1.0,1.0,0.0,1.0,"-1вт пробил лой пн|-1хай пн устоял, ниже открытия",-1,-1,-1
LINKUSDT,2026-06-15,5,0.0,,1.0,0.0,"-1открытие в верхней трети|-1пн снял PWH|-1вт пробил лой пн|-1хай пн устоял, ниже открытия|-1PWH снят, ср ниже PWH, хай устоял",-1,-1,-1
LINKUSDT,2026-06-22,3,0.0,0.0,1.0,0.0,"+1открытие в нижней трети|-1вт пробил лой пн|-1хай пн устоял, ниже открытия",-1,-1,-1
LINKUSDT,2026-06-29,2,1.0,1.0,0.0,1.0,+1открытие в нижней трети|-1вт пробил лой пн,0,-1,0
LINKUSDT,2026-07-06,3,1.0,1.0,1.0,1.0,"-1открытие в верхней трети|+1вт инсайд пн|-1хай пн устоял, ниже открытия",-1,-1,-1
LINKUSDT,2026-07-13,2,0.0,0.0,1.0,1.0,"-1открытие в верхней трети|+1лой пн устоял, выше открытия",0,1,1
LINKUSDT,2026-07-20,4,1.0,0.0,0.0,0.0,"-1открытие в верхней трети|-1пн снял PWH|+1лой пн устоял, выше открытия|-1PWH снят, ср обновила хай, закрылась ниже PWH",-1,-1,-1
LINKUSDT,2026-07-27,4,1.0,0.0,1.0,0.0,"-1открытие в верхней трети|-1пн снял PWH|-1вт пробил лой пн|-1хай пн устоял, ниже открытия",-1,-1,-1
LINKUSDT,2026-08-03,3,1.0,,0.0,1.0,"-1прошлая «обе сняты»|-1вт пробил лой пн|-1хай пн устоял, ниже открытия",-1,-1,-1
LINKUSDT,2026-08-10,1,1.0,1.0,0.0,1.0,"+1лой пн устоял, выше открытия",1,1,1
LINKUSDT,2026-08-17,2,1.0,1.0,0.0,1.0,-1открытие в верхней трети|-1вт пробил лой пн,-1,-1,0
LINKUSDT,2026-08-24,2,0.0,,0.0,0.0,-1открытие в верхней трети|-1вт пробил лой пн,-1,-1,0
LINKUSDT,2026-08-31,1,1.0,1.0,0.0,1.0,+1открытие в нижней трети,1,1,0
LINKUSDT,2026-09-07,6,0.0,,1.0,0.0,"-1открытие в верхней трети|-1пн снял PWH|-1вт пробил лой пн|-1снят PWH, ниже открытия|-1хай пн устоял, ниже открытия|-1PWH снят, ср ниже PWH, хай устоял",-1,-1,-1
LINKUSDT,2026-09-14,4,1.0,1.0,0.0,1.0,"+1открытие в нижней трети|+1пн снял PWL|-1вт пробил лой пн|-1хай пн устоял, ниже открытия",0,-1,-1
LINKUSDT,2026-09-21,3,1.0,1.0,0.0,1.0,"-1открытие в верхней трети|-1пн снял PWH|-1PWH снят, ср ниже PWH, хай устоял",-1,-1,-1
LINKUSDT,2026-09-28,4,0.0,0.0,1.0,0.0,"-1открытие в верхней трети|-1пн снял PWH|+1лой пн устоял, выше открытия|-1PWH снят, ср ниже PWH, хай устоял",-1,-1,-1
