sym,side,day,t_sweep,status,inval_t,t_entry,entry,risk_pct,hours_to_signal,sweep_depth_pct,pos_in_pd,entry_vs_pdl_R,fvg_top_vs_pdl_pct,fvg_size_pct,fvg_age_h,prev_day_bull,trend5,pd_range_pct,sig_same_day,sig_ny,fvg_cross,sig_hour_et,mfe_R,new_low_after,win_1R,rr_1R,net_1R,win_2R,rr_2R,net_2R,win_PDH,rr_PDH,net_PDH,after_stop_down1R,after_stop_pdh
ADAUSDT,low,2020-02-15,2020-02-15 15:45:00,инвалидация,2020-02-16 00:00:00,,,,,,,,,,,,,,,,,,,,,,,,,,,,,,
ADAUSDT,low,2020-02-16,2020-02-16 15:15:00,инвалидация,2020-02-17 00:00:00,,,,,,,,,,,,,,,,,,,,,,,,,,,,,,
ADAUSDT,low,2020-03-07,2020-03-07 16:45:00,инвалидация,2020-03-08 00:00:00,,,,,,,,,,,,,,,,,,,,,,,,,,,,,,
ADAUSDT,low,2020-05-03,2020-05-03 14:00:00,инвалидация,2020-05-04 00:00:00,,,,,,,,,,,,,,,,,,,,,,,,,,,,,,
ADAUSDT,low,2020-05-21,2020-05-21 14:30:00,инвалидация,2020-05-22 00:00:00,,,,,,,,,,,,,,,,,,,,,,,,,,,,,,
ADAUSDT,low,2020-05-24,2020-05-24 13:45:00,инвалидация,2020-05-25 00:00:00,,,,,,,,,,,,,,,,,,,,,,,,,,,,,,
ADAUSDT,low,2020-06-02,2020-06-02 14:45:00,сделка,,2020-06-03 12:00:00,0.08175,13.96990825688073,21.25,4.178576289642017,0.8509763617677294,0.7250183881475265,10.875187151218201,1.1977677963794826,2.75,True,47.3034319956419,13.243500748604879,False,False,False,4.0,0.7582921789079194,False,False,1.0,-1.007158243143848,False,2.0,-1.007158243143848,True,0.12696578053308058,0.11980753738923272,,
ADAUSDT,low,2020-06-11,2020-06-11 15:00:00,инвалидация,2020-06-12 00:00:00,,,,,,,,,,,,,,,,,,,,,,,,,,,,,,
ADAUSDT,low,2020-06-27,2020-06-27 15:30:00,инвалидация,2020-06-28 00:00:00,,,,,,,,,,,,,,,,,,,,,,,,,,,,,,
ADAUSDT,low,2020-10-14,2020-10-14 15:45:00,инвалидация,2020-10-15 00:00:00,,,,,,,,,,,,,,,,,,,,,,,,,,,,,,
ADAUSDT,low,2021-01-15,2021-01-15 15:45:00,сделка,,2021-01-16 08:00:00,0.31585,12.289792623080574,16.25,6.4721753794266395,0.6651770367824005,0.49848894732788124,6.408094435075891,2.455311973018553,0.0,False,-5.676328502415454,9.811129848229344,False,False,False,23.0,2.128947111481965,False,True,1.0,0.9918631662008521,True,2.0,1.9918631662008521,True,0.2509189843397178,0.24278215054056995,,
ADAUSDT,low,2021-01-21,2021-01-21 16:45:00,инвалидация,2021-01-22 00:00:00,,,,,,,,,,,,,,,,,,,,,,,,,,,,,,
ADAUSDT,low,2021-07-12,2021-07-12 15:45:00,инвалидация,2021-07-13 00:00:00,,,,,,,,,,,,,,,,,,,,,,,,,,,,,,
ADAUSDT,low,2021-07-25,2021-07-25 14:15:00,сделка,,2021-07-26 00:00:00,1.2274,3.1359051653902714,9.75,0.4683449025675378,0.5958646616541374,0.8235884032517428,1.480304424186673,0.24253575311534037,0.75,True,9.898341359015514,4.449276574391563,True,False,False,16.0,4.47127962774841,False,True,1.0,0.9681112805630541,True,2.0,1.968111280563054,True,0.5585851946344578,0.5266964751975118,,
ADAUSDT,low,2021-08-24,2021-08-24 14:15:00,нет сигнала,,,,,,,,,,,,,,,,,,,,,,,,,,,,,,,
ADAUSDT,low,2021-09-04,2021-09-04 15:45:00,инвалидация,2021-09-05 00:00:00,,,,,,,,,,,,,,,,,,,,,,,,,,,,,,
ADAUSDT,low,2021-09-10,2021-09-10 14:00:00,инвалидация,2021-09-11 00:00:00,,,,,,,,,,,,,,,,,,,,,,,,,,,,,,
ADAUSDT,low,2021-10-19,2021-10-19 14:15:00,нет сигнала,,,,,,,,,,,,,,,,,,,,,,,,,,,,,,,
ADAUSDT,low,2021-10-31,2021-10-31 13:30:00,нет сигнала,,,,,,,,,,,,,,,,,,,,,,,,,,,,,,,
ADAUSDT,low,2021-11-04,2021-11-04 15:15:00,нет сигнала,,,,,,,,,,,,,,,,,,,,,,,,,,,,,,,
ADAUSDT,low,2021-11-14,2021-11-14 16:00:00,инвалидация,2021-11-16 00:00:00,,,,,,,,,,,,,,,,,,,,,,,,,,,,,,
ADAUSDT,low,2021-11-18,2021-11-18 15:15:00,инвалидация,2021-11-19 00:00:00,,,,,,,,,,,,,,,,,,,,,,,,,,,,,,
ADAUSDT,low,2021-12-09,2021-12-09 14:45:00,инвалидация,2021-12-10 00:00:00,,,,,,,,,,,,,,,,,,,,,,,,,,,,,,
ADAUSDT,low,2022-01-03,2022-01-03 16:15:00,инвалидация,2022-01-04 00:00:00,,,,,,,,,,,,,,,,,,,,,,,,,,,,,,
ADAUSDT,low,2022-02-02,2022-02-02 16:15:00,инвалидация,2022-02-03 00:00:00,,,,,,,,,,,,,,,,,,,,,,,,,,,,,,
ADAUSDT,low,2022-02-06,2022-02-06 15:00:00,нет сигнала,,,,,,,,,,,,,,,,,,,,,,,,,,,,,,,
ADAUSDT,low,2022-02-18,2022-02-18 14:30:00,инвалидация,2022-02-19 00:00:00,,,,,,,,,,,,,,,,,,,,,,,,,,,,,,
ADAUSDT,low,2022-03-31,2022-03-31 14:00:00,инвалидация,2022-04-01 00:00:00,,,,,,,,,,,,,,,,,,,,,,,,,,,,,,
ADAUSDT,low,2022-04-14,2022-04-14 15:45:00,инвалидация,2022-04-15 00:00:00,,,,,,,,,,,,,,,,,,,,,,,,,,,,,,
ADAUSDT,low,2022-04-30,2022-04-30 14:45:00,инвалидация,2022-05-01 00:00:00,,,,,,,,,,,,,,,,,,,,,,,,,,,,,,
ADAUSDT,low,2022-05-06,2022-05-06 13:30:00,инвалидация,2022-05-08 00:00:00,,,,,,,,,,,,,,,,,,,,,,,,,,,,,,
ADAUSDT,low,2022-05-24,2022-05-24 13:45:00,нет сигнала,,,,,,,,,,,,,,,,,,,,,,,,,,,,,,,
ADAUSDT,low,2022-06-01,2022-06-01 15:45:00,инвалидация,2022-06-02 00:00:00,,,,,,,,,,,,,,,,,,,,,,,,,,,,,,
ADAUSDT,low,2022-07-05,2022-07-05 15:00:00,сделка,,2022-07-07 04:00:00,0.4636,4.345103537532354,37.0,0.022522522522520044,0.6068111455108361,0.972999270250548,4.21171171171171,2.387387387387387,3.0,True,0.7730298475413339,7.274774774774774,False,False,False,20.0,1.4793560333401181,True,True,1.0,0.9769855886893799,False,2.0,-1.02301441131062,True,0.6304638128664257,0.6074494015558056,False,False
ADAUSDT,low,2022-07-08,2022-07-08 13:45:00,сделка,,2022-07-09 08:00:00,0.4794,4.1426783479349165,18.25,0.10857763300760052,0.8630136986301367,0.9516616314199388,2.866449511400649,0.2823018458197662,1.75,True,4.785949506037318,4.755700325732894,False,False,False,0.0,0.23665659617321172,True,False,1.0,-1.0241389728096677,False,2.0000000000000027,-1.0241389728096677,True,0.15105740181268903,0.12691842900302136,True,False
ADAUSDT,low,2022-07-10,2022-07-10 13:30:00,инвалидация,2022-07-11 00:00:00,,,,,,,,,,,,,,,,,,,,,,,,,,,,,,
ADAUSDT,low,2022-08-26,2022-08-26 15:00:00,инвалидация,2022-08-27 00:00:00,,,,,,,,,,,,,,,,,,,,,,,,,,,,,,
ADAUSDT,low,2022-09-15,2022-09-15 15:15:00,нет сигнала,,,,,,,,,,,,,,,,,,,,,,,,,,,,,,,
ADAUSDT,low,2022-09-18,2022-09-18 14:15:00,инвалидация,2022-09-19 00:00:00,,,,,,,,,,,,,,,,,,,,,,,,,,,,,,
ADAUSDT,low,2022-12-22,2022-12-22 15:00:00,сделка,,2022-12-23 04:00:00,0.2614,5.909028309104828,13.0,0.5252525252525235,1.1982758620689675,0.8998977094689959,4.08080808080808,1.4545454545454515,35.0,False,-3.7248194602812528,4.686868686868687,False,False,False,19.0,0.3237042120392069,False,False,1.0,-1.0169232562054098,False,2.0,-1.0169232562054098,,,,,
ADAUSDT,low,2022-12-25,2022-12-25 14:30:00,сделка,,2022-12-26 00:00:00,0.2589,1.91355735805331,9.5,0.8580343213728686,0.6410256410256483,0.5046223406402632,0.273010920436809,0.039001560062398195,3.0,False,2.4129746835443013,1.5210608424336813,True,False,False,15.0,1.5138670219207897,True,True,1.0,0.9477413104032943,False,2.0,-1.0522586895967057,True,0.28258851075853847,0.23032982116183284,True,False
ADAUSDT,low,2023-01-16,2023-01-16 15:00:00,нет сигнала,,,,,,,,,,,,,,,,,,,,,,,,,,,,,,,
ADAUSDT,low,2023-01-18,2023-01-18 15:45:00,инвалидация,2023-01-19 00:00:00,,,,,,,,,,,,,,,,,,,,,,,,,,,,,,
ADAUSDT,low,2023-04-28,2023-04-28 13:30:00,нет сигнала,,,,,,,,,,,,,,,,,,,,,,,,,,,,,,,
ADAUSDT,low,2023-05-11,2023-05-11 14:00:00,сделка,,2023-05-12 00:00:00,0.3596,3.3781423804226884,10.0,1.779158429822092,0.29411764705882093,0.4527568777885671,1.2425868398757298,0.6777746399322105,1.25,True,-6.323006602336206,5.280994069471898,True,False,False,16.0,1.3335748036681594,False,True,1.0,0.97039793213586,False,2.0,-1.02960206786414,True,1.0866165066925748,1.0570144388284348,,
ADAUSDT,low,2023-05-30,2023-05-30 14:45:00,инвалидация,2023-06-01 00:00:00,,,,,,,,,,,,,,,,,,,,,,,,,,,,,,
ADAUSDT,low,2023-06-20,2023-06-20 14:00:00,сделка,,2023-06-21 00:00:00,0.2703,6.900443951165372,10.0,1.8316445830085668,1.9295774647887323,0.7345096210037578,3.858144972720195,1.792673421667963,38.25,True,-0.03799392097264019,2.7669524551831626,True,False,False,16.0,1.8604002809365272,False,True,1.0,0.9855081787914368,False,2.0,-1.0144918212085632,,,,,
ADAUSDT,low,2023-06-24,2023-06-24 15:30:00,нет сигнала,,,,,,,,,,,,,,,,,,,,,,,,,,,,,,,
ADAUSDT,low,2023-07-06,2023-07-06 14:00:00,инвалидация,2023-07-07 00:00:00,,,,,,,,,,,,,,,,,,,,,,,,,,,,,,
ADAUSDT,low,2023-08-07,2023-08-07 15:15:00,сделка,,2023-08-08 12:00:00,0.2934,4.322085889570532,20.75,3.2035825008611694,0.5740740740740709,0.2444602160712882,0.5167068549776098,0.6889424733034798,0.25,False,-5.8349451966473085,1.860144677919399,False,False,True,4.0,0.7176090213705574,False,False,1.0,-1.0231369765791343,False,2.0,-1.0231369765791343,True,0.18137370869805494,0.1582367321189207,,
ADAUSDT,low,2023-08-31,2023-08-31 15:30:00,инвалидация,2023-09-01 00:00:00,,,,,,,,,,,,,,,,,,,,,,,,,,,,,,
ADAUSDT,low,2023-09-03,2023-09-03 15:00:00,нет сигнала,,,,,,,,,,,,,,,,,,,,,,,,,,,,,,,
ADAUSDT,low,2023-09-27,2023-09-27 14:30:00,нет сигнала,,,,,,,,,,,,,,,,,,,,,,,,,,,,,,,
ADAUSDT,low,2023-10-10,2023-10-10 14:45:00,инвалидация,2023-10-12 00:00:00,,,,,,,,,,,,,,,,,,,,,,,,,,,,,,
ADAUSDT,low,2023-10-17,2023-10-17 13:45:00,инвалидация,2023-10-18 00:00:00,,,,,,,,,,,,,,,,,,,,,,,,,,,,,,
ADAUSDT,low,2023-10-31,2023-10-31 13:45:00,нет сигнала,,,,,,,,,,,,,,,,,,,,,,,,,,,,,,,
ADAUSDT,low,2023-11-07,2023-11-07 16:45:00,сделка,,2023-11-09 04:00:00,0.366,8.916311475409833,35.25,0.9792284866468918,0.7435897435897433,0.8886519150448764,7.448071216617197,1.3056379821958337,13.0,True,17.983739837398378,11.572700296735897,False,False,False,19.0,0.9162307675807522,False,False,1.0,-1.011215400031256,False,2.0,-1.011215400031256,True,0.3064316948430614,0.29521629481180534,,
ADAUSDT,low,2023-11-09,2023-11-09 16:00:00,нет сигнала,,,,,,,,,,,,,,,,,,,,,,,,,,,,,,,
ADAUSDT,low,2023-11-17,2023-11-17 15:15:00,сделка,,2023-11-19 00:00:00,0.3773,7.752027564272479,32.75,2.871480345692788,0.3625730994152051,0.6359322219335063,5.045999442431002,1.0036241984945768,35.0,False,-3.689269940244231,14.301644828547518,False,False,False,15.0,0.7624348682321063,False,False,1.0,-1.0128998509320168,False,2.0,-1.0128998509320168,False,1.118009874044388,-1.0128998509320168,,
ADAUSDT,low,2023-11-26,2023-11-26 16:15:00,инвалидация,2023-11-28 00:00:00,,,,,,,,,,,,,,,,,,,,,,,,,,,,,,
ADAUSDT,low,2024-01-12,2024-01-12 16:45:00,инвалидация,2024-01-13 00:00:00,,,,,,,,,,,,,,,,,,,,,,,,,,,,,,
ADAUSDT,low,2024-01-15,2024-01-15 15:45:00,сделка,,2024-01-16 16:00:00,0.5423,3.913258344089999,24.25,0.362941738299907,0.6988847583643129,0.8858898480793146,3.381088825214909,0.09551098376314346,26.25,False,2.4985360140542716,5.13849092645655,False,False,False,7.0,0.29215516266445346,True,False,1.0,-1.0255541523730538,False,2.0,-1.0255541523730538,False,0.38168658348098033,-1.0255541523730538,True,False
ADAUSDT,low,2024-01-17,2024-01-17 16:15:00,инвалидация,2024-01-19 00:00:00,,,,,,,,,,,,,,,,,,,,,,,,,,,,,,
ADAUSDT,low,2024-01-25,2024-01-25 16:15:00,нет сигнала,,,,,,,,,,,,,,,,,,,,,,,,,,,,,,,
ADAUSDT,low,2024-02-20,2024-02-20 15:15:00,инвалидация,2024-02-22 00:00:00,,,,,,,,,,,,,,,,,,,,,,,,,,,,,,
ADAUSDT,low,2024-03-05,2024-03-05 16:00:00,инвалидация,2024-03-06 00:00:00,,,,,,,,,,,,,,,,,,,,,,,,,,,,,,
ADAUSDT,low,2024-03-08,2024-03-08 15:30:00,нет сигнала,,,,,,,,,,,,,,,,,,,,,,,,,,,,,,,
ADAUSDT,low,2024-04-17,2024-04-17 14:15:00,сделка,,2024-04-18 16:00:00,0.454,6.063193832599123,25.75,2.75626423690205,0.38860103626943016,0.5449215131380577,2.961275626423693,0.22779043280182254,4.0,False,-21.879263301500686,8.792710706150347,False,False,False,8.0,0.2034373649048745,True,False,1.0,-1.0164929577976451,False,1.999999999999998,-1.0164929577976451,False,0.8573431806705438,-1.0164929577976451,False,True
ADAUSDT,low,2024-05-06,2024-05-06 15:00:00,инвалидация,2024-05-08 00:00:00,,,,,,,,,,,,,,,,,,,,,,,,,,,,,,
ADAUSDT,low,2024-05-10,2024-05-10 14:45:00,инвалидация,2024-05-12 00:00:00,,,,,,,,,,,,,,,,,,,,,,,,,,,,,,
ADAUSDT,low,2024-05-26,2024-05-26 13:30:00,нет сигнала,,,,,,,,,,,,,,,,,,,,,,,,,,,,,,,
ADAUSDT,low,2024-06-21,2024-06-21 13:30:00,инвалидация,2024-06-22 00:00:00,,,,,,,,,,,,,,,,,,,,,,,,,,,,,,
ADAUSDT,low,2024-07-21,2024-07-21 14:00:00,сделка,2024-07-23 00:00:00,2024-07-22 00:00:00,0.4467,6.9210208193418294,10.0,2.552095527979388,1.3333333333333295,0.6339718335371113,1.5218918286115677,0.0702411613205261,10.0,False,-1.7315043849786338,3.441816904706169,True,False,False,16.0,0.11320925598876992,True,False,1.0,-1.0144487356143381,False,2.0,-1.0144487356143381,,,,True,False
ADAUSDT,low,2024-08-02,2024-08-02 15:00:00,инвалидация,2024-08-03 00:00:00,,,,,,,,,,,,,,,,,,,,,,,,,,,,,,
ADAUSDT,low,2024-08-04,2024-08-04 14:30:00,инвалидация,2024-08-05 00:00:00,,,,,,,,,,,,,,,,,,,,,,,,,,,,,,
ADAUSDT,low,2024-09-03,2024-09-03 13:30:00,инвалидация,2024-09-04 00:00:00,,,,,,,,,,,,,,,,,,,,,,,,,,,,,,
ADAUSDT,low,2024-10-01,2024-10-01 14:30:00,инвалидация,2024-10-02 00:00:00,,,,,,,,,,,,,,,,,,,,,,,,,,,,,,
ADAUSDT,low,2024-10-10,2024-10-10 13:45:00,сделка,,2024-10-11 16:00:00,0.3499,5.4675907402114765,26.25,0.7494004796163076,1.1478873239436613,0.8520158276314492,4.826139088729017,0.629496402877695,50.0,False,-3.386454183266923,4.256594724220621,False,False,False,8.0,1.113370375984655,False,True,1.0,0.9817104087062427,False,2.0,-1.0182895912937573,,,,,
ADAUSDT,low,2024-10-13,2024-10-13 14:30:00,инвалидация,2024-10-14 00:00:00,,,,,,,,,,,,,,,,,,,,,,,,,,,,,,
ADAUSDT,low,2024-10-31,2024-10-31 14:00:00,инвалидация,2024-11-01 00:00:00,,,,,,,,,,,,,,,,,,,,,,,,,,,,,,
ADAUSDT,low,2024-11-04,2024-11-04 14:30:00,инвалидация,2024-11-05 00:00:00,,,,,,,,,,,,,,,,,,,,,,,,,,,,,,
ADAUSDT,low,2025-01-07,2025-01-07 15:15:00,инвалидация,2025-01-08 00:00:00,,,,,,,,,,,,,,,,,,,,,,,,,,,,,,
ADAUSDT,low,2025-02-06,2025-02-06 15:15:00,инвалидация,2025-02-07 00:00:00,,,,,,,,,,,,,,,,,,,,,,,,,,,,,,
ADAUSDT,low,2025-03-06,2025-03-06 14:30:00,инвалидация,2025-03-07 00:00:00,,,,,,,,,,,,,,,,,,,,,,,,,,,,,,
ADAUSDT,low,2025-03-22,2025-03-22 15:00:00,нет сигнала,,,,,,,,,,,,,,,,,,,,,,,,,,,,,,,
ADAUSDT,low,2025-04-15,2025-04-15 14:15:00,инвалидация,2025-04-16 00:00:00,,,,,,,,,,,,,,,,,,,,,,,,,,,,,,
ADAUSDT,low,2025-04-26,2025-04-26 13:30:00,нет сигнала,,,,,,,,,,,,,,,,,,,,,,,,,,,,,,,
ADAUSDT,low,2025-05-28,2025-05-28 15:00:00,инвалидация,2025-05-30 00:00:00,,,,,,,,,,,,,,,,,,,,,,,,,,,,,,
ADAUSDT,low,2025-07-28,2025-07-28 14:15:00,инвалидация,2025-07-29 00:00:00,,,,,,,,,,,,,,,,,,,,,,,,,,,,,,
ADAUSDT,low,2025-08-05,2025-08-05 14:30:00,сделка,,2025-08-06 16:00:00,0.7415,4.316952124072824,25.5,2.000827928798117,0.49557522123893855,0.5248327095738247,1.0901062508624282,0.4001655857596266,12.0,True,-1.1141696159391876,4.677797709396998,False,False,False,8.0,2.899075919550644,False,True,1.0,0.9768355086816077,True,2.0,1.9768355086816076,True,0.5342047222447848,0.5110402309263925,,
ADAUSDT,low,2025-08-19,2025-08-19 15:30:00,инвалидация,2025-08-20 00:00:00,,,,,,,,,,,,,,,,,,,,,,,,,,,,,,
ADAUSDT,low,2025-10-07,2025-10-07 15:00:00,инвалидация,2025-10-08 00:00:00,,,,,,,,,,,,,,,,,,,,,,,,,,,,,,
ADAUSDT,low,2025-10-10,2025-10-10 15:15:00,инвалидация,2025-10-11 00:00:00,,,,,,,,,,,,,,,,,,,,,,,,,,,,,,
ADAUSDT,low,2025-11-20,2025-11-20 16:45:00,инвалидация,2025-11-21 00:00:00,,,,,,,,,,,,,,,,,,,,,,,,,,,,,,
ADAUSDT,low,2025-12-12,2025-12-12 15:45:00,нет сигнала,,,,,,,,,,,,,,,,,,,,,,,,,,,,,,,
ADAUSDT,low,2025-12-15,2025-12-15 14:45:00,инвалидация,2025-12-16 00:00:00,,,,,,,,,,,,,,,,,,,,,,,,,,,,,,
ADAUSDT,low,2025-12-29,2025-12-29 16:15:00,инвалидация,2025-12-30 00:00:00,,,,,,,,,,,,,,,,,,,,,,,,,,,,,,
ADAUSDT,low,2026-01-07,2026-01-07 14:30:00,инвалидация,2026-01-09 00:00:00,,,,,,,,,,,,,,,,,,,,,,,,,,,,,,
ADAUSDT,low,2026-01-23,2026-01-23 14:30:00,нет сигнала,,,,,,,,,,,,,,,,,,,,,,,,,,,,,,,
ADAUSDT,low,2026-02-16,2026-02-16 15:30:00,нет сигнала,,,,,,,,,,,,,,,,,,,,,,,,,,,,,,,
ADAUSDT,low,2026-03-31,2026-03-31 14:45:00,сделка,,2026-04-01 08:00:00,0.2498,6.338751000800638,17.25,2.0903010033444835,0.7794117647058806,0.6694370413408952,3.3444816053511737,0.45986622073578176,20.5,True,-10.022189349112422,5.685618729097002,False,False,False,0.0,0.5999671596923106,False,False,1.0,-1.0157759785780147,False,1.9999999999999982,-1.0157759785780147,True,0.18946331358704777,0.17368733500903308,,
ADAUSDT,low,2026-04-29,2026-04-29 15:30:00,нет сигнала,,,,,,,,,,,,,,,,,,,,,,,,,,,,,,,
ADAUSDT,low,2026-05-15,2026-05-15 13:30:00,инвалидация,2026-05-16 00:00:00,,,,,,,,,,,,,,,,,,,,,,,,,,,,,,
ADAUSDT,low,2026-06-18,2026-06-18 15:00:00,инвалидация,2026-06-20 00:00:00,,,,,,,,,,,,,,,,,,,,,,,,,,,,,,
ADAUSDT,low,2026-06-25,2026-06-25 13:45:00,нет сигнала,,,,,,,,,,,,,,,,,,,,,,,,,,,,,,,
ADAUSDT,low,2026-07-23,2026-07-23 14:45:00,инвалидация,2026-07-24 00:00:00,,,,,,,,,,,,,,,,,,,,,,,,,,,,,,
ADAUSDT,low,2026-08-26,2026-08-26 14:30:00,сделка,,2026-08-27 00:00:00,0.2122,4.807822808671076,9.5,1.8446601941747562,0.26956521739130457,0.6077120621042518,0.6310679611650599,0.24271844660194197,0.5,False,5.025125628140694,11.16504854368933,True,False,False,16.0,0.5685048322910732,True,False,1.0,-1.0207994354158907,False,2.0,-1.0207994354158907,False,1.6467036521534544,-1.0207994354158907,True,False
ADAUSDT,low,2026-09-09,2026-09-09 15:15:00,инвалидация,2026-09-10 00:00:00,,,,,,,,,,,,,,,,,,,,,,,,,,,,,,
ADAUSDT,low,2026-09-15,2026-09-15 14:30:00,инвалидация,2026-09-16 00:00:00,,,,,,,,,,,,,,,,,,,,,,,,,,,,,,
ADAUSDT,low,2026-09-23,2026-09-23 14:00:00,инвалидация,2026-09-24 00:00:00,,,,,,,,,,,,,,,,,,,,,,,,,,,,,,
ADAUSDT,high,2020-03-30,2020-03-30 15:30:00,инвалидация,2020-04-01 00:00:00,,,,,,,,,,,,,,,,,,,,,,,,,,,,,,
ADAUSDT,high,2020-03-31,2020-03-31 15:00:00,инвалидация,2020-04-02 00:00:00,,,,,,,,,,,,,,,,,,,,,,,,,,,,,,
ADAUSDT,high,2020-04-12,2020-04-12 14:30:00,сделка,,2020-04-13 00:00:00,0.03347,4.346847923513596,9.5,2.2267799589803596,0.44000000000000017,0.4536425434225273,1.67008496923528,2.168180486375616,3.0,False,6.985805733370438,4.394960445355996,True,False,True,16.0,1.7320897112496483,True,True,1.0,0.9769948243509818,False,2.0,-1.0230051756490182,True,0.5773632370832161,0.554358061434198,False,False
ADAUSDT,high,2020-04-14,2020-04-14 14:00:00,сделка,,2020-04-15 16:00:00,0.03252,4.039975399753988,26.0,0.2967359050444983,0.6483516483516478,0.8981580149185593,2.5816023738872484,0.4154302670623182,14.0,True,9.27297668038409,5.400593471810096,False,False,False,8.0,1.1950068503577451,True,True,1.0,0.9752473740295325,False,2.0,-1.0247526259704673,True,0.48713655046430443,0.46238392449383703,True,False
ADAUSDT,high,2020-05-13,2020-05-13 13:45:00,инвалидация,2020-05-14 00:00:00,,,,,,,,,,,,,,,,,,,,,,,,,,,,,,
ADAUSDT,high,2020-05-15,2020-05-15 14:30:00,нет сигнала,,,,,,,,,,,,,,,,,,,,,,,,,,,,,,,
ADAUSDT,high,2020-10-08,2020-10-08 14:30:00,инвалидация,2020-10-09 00:00:00,,,,,,,,,,,,,,,,,,,,,,,,,,,,,,
ADAUSDT,high,2020-10-12,2020-10-12 15:45:00,инвалидация,2020-10-13 00:00:00,,,,,,,,,,,,,,,,,,,,,,,,,,,,,,
ADAUSDT,high,2020-10-17,2020-10-17 15:00:00,нет сигнала,,,,,,,,,,,,,,,,,,,,,,,,,,,,,,,
ADAUSDT,high,2021-01-05,2021-01-05 15:45:00,инвалидация,2021-01-06 00:00:00,,,,,,,,,,,,,,,,,,,,,,,,,,,,,,
ADAUSDT,high,2021-01-30,2021-01-30 16:45:00,сделка,,2021-01-31 16:00:00,0.3446,9.860185722576889,23.25,2.293627610083303,0.6404895461499233,0.7392975496053353,6.058638970031368,0.04868549172345504,1.0,False,1.726086219560428,10.608027696635286,False,False,False,7.0,0.3923103637037873,True,False,1.0,-1.0101417967991242,False,2.0,-1.0101417967991242,False,0.41497195260490605,-1.0101417967991242,True,False
ADAUSDT,high,2021-02-11,2021-02-11 16:15:00,нет сигнала,,,,,,,,,,,,,,,,,,,,,,,,,,,,,,,
ADAUSDT,high,2021-02-26,2021-02-26 16:00:00,инвалидация,2021-02-27 00:00:00,,,,,,,,,,,,,,,,,,,,,,,,,,,,,,
ADAUSDT,high,2021-03-16,2021-03-16 15:30:00,инвалидация,2021-03-17 00:00:00,,,,,,,,,,,,,,,,,,,,,,,,,,,,,,
ADAUSDT,high,2021-04-05,2021-04-05 14:00:00,инвалидация,2021-04-06 00:00:00,,,,,,,,,,,,,,,,,,,,,,,,,,,,,,
ADAUSDT,high,2021-06-09,2021-06-09 15:30:00,инвалидация,2021-06-10 00:00:00,,,,,,,,,,,,,,,,,,,,,,,,,,,,,,
ADAUSDT,high,2021-06-14,2021-06-14 13:30:00,сделка,,2021-06-16 12:00:00,1.52,6.059901315789473,46.5,1.988474447470084,0.3290645879732736,0.6416206621394949,2.5140903046038785,0.03799632702171705,16.25,False,1.581177661121998,11.373567221835222,False,False,False,4.0,3.006171934795707,False,True,1.0,0.9834980811091026,True,2.0,1.9834980811091028,True,1.3082113331270602,1.291709414236163,,
ADAUSDT,high,2021-08-03,2021-08-03 13:45:00,инвалидация,2021-08-04 00:00:00,,,,,,,,,,,,,,,,,,,,,,,,,,,,,,
ADAUSDT,high,2021-08-06,2021-08-06 15:45:00,инвалидация,2021-08-07 00:00:00,,,,,,,,,,,,,,,,,,,,,,,,,,,,,,
ADAUSDT,high,2021-08-27,2021-08-27 14:00:00,инвалидация,2021-08-28 00:00:00,,,,,,,,,,,,,,,,,,,,,,,,,,,,,,
ADAUSDT,high,2021-10-02,2021-10-02 15:45:00,сделка,,2021-10-04 04:00:00,2.1743,6.982651887963935,36.25,2.1764938662445434,0.5428881650380022,0.6586582604308429,2.0182034032449567,2.290814756188709,0.75,False,-2.285610629903416,8.099195356813091,False,False,True,20.0,0.41297872929013796,True,False,1.0,-1.014321206556548,False,2.0,-1.014321206556548,False,0.5545902552827695,-1.014321206556548,False,False
ADAUSDT,high,2021-10-15,2021-10-15 15:00:00,сделка,,2021-10-16 20:00:00,2.1835,3.3182367758186224,29.0,1.2034667025910328,0.6191155492154076,0.5990032255081567,1.1181463020342244,0.35924379181822297,19.5,True,4.236019374724793,3.147873725807178,False,False,False,12.0,1.2904792991938387,True,True,1.0,0.9698635128364733,False,2.0,-1.0301364871635266,True,0.36851120094626066,0.338374713782734,False,True
ADAUSDT,high,2021-10-25,2021-10-25 15:45:00,сделка,,2021-10-27 00:00:00,2.1403,3.219501938980509,32.25,1.6207753936826446,0.3913043478260896,0.4571378814924519,0.6768579058845372,0.5018878349756125,1.25,True,-0.4639931821410091,3.7066028179390473,False,False,False,16.0,5.183798452987372,False,True,1.0,0.9689392949918004,True,2.0,1.9689392949918005,True,0.7111033712104728,0.6800426662022733,,
ADAUSDT,high,2022-01-11,2022-01-11 16:30:00,инвалидация,2022-01-12 00:00:00,,,,,,,,,,,,,,,,,,,,,,,,,,,,,,
ADAUSDT,high,2022-02-28,2022-02-28 14:45:00,инвалидация,2022-03-01 00:00:00,,,,,,,,,,,,,,,,,,,,,,,,,,,,,,
ADAUSDT,high,2022-04-17,2022-04-17 13:45:00,сделка,,2022-04-17 20:00:00,0.9452,1.9109500634786263,6.25,0.04158436427903805,0.6447876447876443,0.9245777115871157,1.4450566586963327,0.4054475517205546,1.75,True,-3.326448527013801,2.6925875870672544,True,False,False,12.0,3.9972760944065895,True,True,1.0,0.9476700088028656,True,2.0,1.9476700088028656,True,0.5093482003952984,0.45701820919816394,False,True
ADAUSDT,high,2022-07-30,2022-07-30 14:00:00,сделка,,2022-08-01 00:00:00,0.5158,8.037359441644028,34.0,2.034457478005865,0.7525252525252516,0.7188222892801407,4.160557184750722,0.5865102639296152,2.0,False,-1.9144364133619907,7.258064516129028,False,False,False,16.0,0.668167027283892,False,False,1.0,-1.0124418972084126,False,2.0,-1.0124418972084126,True,0.23639122264917503,0.22394932544076238,,
ADAUSDT,high,2022-08-23,2022-08-23 13:30:00,инвалидация,2022-08-24 00:00:00,,,,,,,,,,,,,,,,,,,,,,,,,,,,,,
ADAUSDT,high,2022-10-17,2022-10-17 13:30:00,сделка,,2022-10-18 12:00:00,0.3679,2.195053003533558,22.5,0.26695141484249896,0.6036036036036022,0.8296597156867621,1.4148424986652353,0.1067805659369877,1.5,False,5.22407170294495,2.963160704751735,False,False,False,4.0,4.779830600822256,False,True,1.0,0.9544430135222148,True,2.0,1.9544430135222148,True,0.5448511565704142,0.499294170092629,,
ADAUSDT,high,2022-10-25,2022-10-25 13:30:00,инвалидация,2022-10-26 00:00:00,,,,,,,,,,,,,,,,,,,,,,,,,,,,,,
ADAUSDT,high,2023-01-20,2023-01-20 16:30:00,инвалидация,2023-01-21 00:00:00,,,,,,,,,,,,,,,,,,,,,,,,,,,,,,
ADAUSDT,high,2023-01-31,2023-01-31 16:00:00,нет сигнала,,,,,,,,,,,,,,,,,,,,,,,,,,,,,,,
ADAUSDT,high,2023-02-12,2023-02-12 14:30:00,сделка,,2023-02-13 04:00:00,0.362,3.3352762430939134,13.5,0.9727100783571986,0.5912408759124089,0.6708796806281437,2.1345582275060693,0.8916509051607593,20.0,False,3.586387434554971,3.701702242637123,False,False,False,19.0,1.4494314087645102,True,True,1.0,0.970017476001557,False,2.0,-1.029982523998443,True,0.46381805080464233,0.43383552680619936,True,False
ADAUSDT,high,2023-02-14,2023-02-14 14:45:00,инвалидация,2023-02-15 00:00:00,,,,,,,,,,,,,,,,,,,,,,,,,,,,,,
ADAUSDT,high,2023-02-18,2023-02-18 16:00:00,сделка,,2023-02-19 04:00:00,0.4024,4.204498011928433,12.0,2.1956574774335222,0.30737704918032843,0.4432912305173504,1.7565259819468124,0.024396194193703095,0.0,False,-10.766273001922553,5.952671383264206,False,False,False,19.0,1.5249218329796834,False,True,1.0,0.9762159478453091,False,2.0,-1.0237840521546908,True,0.9988829060990937,0.9750988539444028,,
ADAUSDT,high,2023-03-28,2023-03-28 13:45:00,инвалидация,2023-03-29 00:00:00,,,,,,,,,,,,,,,,,,,,,,,,,,,,,,
ADAUSDT,high,2023-04-30,2023-04-30 15:30:00,сделка,,2023-05-01 20:00:00,0.3821,8.692724417691702,28.5,1.840942562592049,2.8111111111111073,0.7617063426353834,5.351006381934214,1.7182130584192454,112.25,True,-4.958246346555328,2.209131075110459,False,False,False,12.0,0.2769841245946846,False,False,1.0,-1.0115038732616988,False,2.0,-1.0115038732616988,,,,,
ADAUSDT,high,2023-05-14,2023-05-14 15:00:00,сделка,,2023-05-16 04:00:00,0.3648,3.118366228070173,37.0,1.3211108115395027,0.6853932584269642,0.5362260236642696,1.2941493664060464,0.18873011593422323,21.75,True,0.1917282936181809,2.3995686168778696,False,False,False,20.0,0.12306826772622703,True,False,1.0,-1.0320680743332338,False,2.0,-1.0320680743332338,False,0.24613653545245406,-1.0320680743332338,False,False
ADAUSDT,high,2023-07-13,2023-07-13 15:30:00,инвалидация,2023-07-14 00:00:00,,,,,,,,,,,,,,,,,,,,,,,,,,,,,,
ADAUSDT,high,2023-07-28,2023-07-28 14:30:00,сделка,,2023-07-29 12:00:00,0.3088,1.591126943005185,21.5,0.03191828917969645,0.5487804878048759,0.9158627427036253,1.3724864347271069,0.2872646026173035,2.5,False,0.7421748951274683,2.6172997127354103,False,False,False,4.0,0.04070501078683457,True,False,1.0,-1.0628485366548621,False,2.0,-1.0628485366548621,False,0.753042699556321,-1.0628485366548621,True,True
ADAUSDT,high,2023-08-19,2023-08-19 14:30:00,инвалидация,2023-08-20 00:00:00,,,,,,,,,,,,,,,,,,,,,,,,,,,,,,
ADAUSDT,high,2023-08-28,2023-08-28 15:15:00,инвалидация,2023-08-29 00:00:00,,,,,,,,,,,,,,,,,,,,,,,,,,,,,,
ADAUSDT,high,2023-09-28,2023-09-28 14:30:00,инвалидация,2023-09-29 00:00:00,,,,,,,,,,,,,,,,,,,,,,,,,,,,,,
ADAUSDT,high,2023-10-29,2023-10-29 15:15:00,инвалидация,2023-10-31 00:00:00,,,,,,,,,,,,,,,,,,,,,,,,,,,,,,
ADAUSDT,high,2023-12-27,2023-12-27 16:30:00,инвалидация,2023-12-28 00:00:00,,,,,,,,,,,,,,,,,,,,,,,,,,,,,,
ADAUSDT,high,2024-01-29,2024-01-29 16:15:00,инвалидация,2024-01-30 00:00:00,,,,,,,,,,,,,,,,,,,,,,,,,,,,,,
ADAUSDT,high,2024-02-26,2024-02-26 15:30:00,инвалидация,2024-02-27 00:00:00,,,,,,,,,,,,,,,,,,,,,,,,,,,,,,
ADAUSDT,high,2024-05-08,2024-05-08 14:45:00,инвалидация,2024-05-10 00:00:00,,,,,,,,,,,,,,,,,,,,,,,,,,,,,,
ADAUSDT,high,2024-07-17,2024-07-17 13:45:00,сделка,,2024-07-18 16:00:00,0.4255,7.369306698002352,26.25,0.9064780013265515,1.0268199233716488,0.8546899516526127,3.9796595180190053,0.9064780013265515,21.75,True,-10.636685194542705,5.77050630112756,False,False,False,8.0,0.3635621436134238,False,False,1.0,-1.0135697975532905,False,2.0,-1.0135697975532905,,,,,
ADAUSDT,high,2024-09-13,2024-09-13 15:45:00,сделка,,2024-09-14 12:00:00,0.3535,3.328118811881195,20.25,0.9405255878284964,0.8163265306122477,0.6799887801851262,1.078838174273863,0.19363762102352253,0.0,False,-9.501845018450197,2.710926694329177,False,False,False,4.0,2.3289615721340535,False,True,1.0,0.9699529957755698,True,2.0,1.9699529957755697,True,0.15299747554165058,0.12295047131722034,,
ADAUSDT,high,2024-09-17,2024-09-17 15:00:00,сделка,2024-09-19 00:00:00,2024-09-18 12:00:00,0.3305,3.8556429652042192,21.0,1.3597398758498354,0.6393442622950803,0.612105564667384,2.1874076263671185,0.20691693762931673,11.5,True,6.5155807365439,3.606266627253914,False,False,False,4.0,0.282510260615716,True,False,1.0,-1.0259360114259706,False,2.0,-1.0259360114259706,False,0.3452903185303215,-1.0259360114259706,True,False
ADAUSDT,high,2024-10-14,2024-10-14 14:00:00,инвалидация,2024-10-15 00:00:00,,,,,,,,,,,,,,,,,,,,,,,,,,,,,,
ADAUSDT,high,2024-10-20,2024-10-20 14:00:00,инвалидация,2024-10-21 00:00:00,,,,,,,,,,,,,,,,,,,,,,,,,,,,,,
ADAUSDT,high,2024-11-01,2024-11-01 14:30:00,сделка,,2024-11-03 00:00:00,0.3482,4.642159678345766,33.5,0.6915629322268333,0.6244131455399056,0.8228161346201445,3.3195020746887995,0.6362378976486928,11.25,True,-2.4595080983803363,5.892116182572611,False,False,False,16.0,1.744617668893843,True,True,1.0,0.9784583024003959,False,2.0,-1.0215416975996041,True,0.49492699826775727,0.47338530066815315,True,False
ADAUSDT,high,2024-11-05,2024-11-05 16:45:00,инвалидация,2024-11-07 00:00:00,,,,,,,,,,,,,,,,,,,,,,,,,,,,,,
ADAUSDT,high,2024-12-05,2024-12-05 16:30:00,нет сигнала,,,,,,,,,,,,,,,,,,,,,,,,,,,,,,,
ADAUSDT,high,2024-12-24,2024-12-24 15:30:00,нет сигнала,,,,,,,,,,,,,,,,,,,,,,,,,,,,,,,
ADAUSDT,high,2025-01-01,2025-01-01 16:00:00,инвалидация,2025-01-02 00:00:00,,,,,,,,,,,,,,,,,,,,,,,,,,,,,,
ADAUSDT,high,2025-01-06,2025-01-06 16:00:00,сделка,,2025-01-07 16:00:00,1.0447,10.381162056092657,24.0,3.485447358965141,1.1229508196721323,0.6316158300446282,1.113905856988858,0.1616960114983852,3.25,False,-29.146442523973004,5.479698167445198,False,False,False,7.0,1.5260207280640283,False,True,1.0,0.9903671670416405,False,2.0,-1.0096328329583595,,,,,
ADAUSDT,high,2025-01-14,2025-01-14 14:30:00,инвалидация,2025-01-15 00:00:00,,,,,,,,,,,,,,,,,,,,,,,,,,,,,,
ADAUSDT,high,2025-03-02,2025-03-02 15:15:00,инвалидация,2025-03-03 00:00:00,,,,,,,,,,,,,,,,,,,,,,,,,,,,,,
ADAUSDT,high,2025-03-14,2025-03-14 15:15:00,инвалидация,2025-03-16 00:00:00,,,,,,,,,,,,,,,,,,,,,,,,,,,,,,
ADAUSDT,high,2025-04-02,2025-04-02 15:30:00,нет сигнала,,,,,,,,,,,,,,,,,,,,,,,,,,,,,,,
ADAUSDT,high,2025-04-12,2025-04-12 13:30:00,инвалидация,2025-04-13 00:00:00,,,,,,,,,,,,,,,,,,,,,,,,,,,,,,
ADAUSDT,high,2025-04-22,2025-04-22 13:45:00,инвалидация,2025-04-23 00:00:00,,,,,,,,,,,,,,,,,,,,,,,,,,,,,,
ADAUSDT,high,2025-04-24,2025-04-24 15:00:00,инвалидация,2025-04-25 00:00:00,,,,,,,,,,,,,,,,,,,,,,,,,,,,,,
ADAUSDT,high,2025-05-03,2025-05-03 14:45:00,нет сигнала,,,,,,,,,,,,,,,,,,,,,,,,,,,,,,,
ADAUSDT,high,2025-06-08,2025-06-08 13:30:00,инвалидация,2025-06-10 00:00:00,,,,,,,,,,,,,,,,,,,,,,,,,,,,,,
ADAUSDT,high,2025-07-02,2025-07-02 15:30:00,инвалидация,2025-07-03 00:00:00,,,,,,,,,,,,,,,,,,,,,,,,,,,,,,
ADAUSDT,high,2025-07-06,2025-07-06 13:30:00,инвалидация,2025-07-07 00:00:00,,,,,,,,,,,,,,,,,,,,,,,,,,,,,,
ADAUSDT,high,2025-08-22,2025-08-22 14:00:00,инвалидация,2025-08-23 00:00:00,,,,,,,,,,,,,,,,,,,,,,,,,,,,,,
ADAUSDT,high,2025-09-10,2025-09-10 13:45:00,нет сигнала,,,,,,,,,,,,,,,,,,,,,,,,,,,,,,,
ADAUSDT,high,2025-09-24,2025-09-24 14:45:00,нет сигнала,,,,,,,,,,,,,,,,,,,,,,,,,,,,,,,
ADAUSDT,high,2025-09-29,2025-09-29 14:15:00,сделка,,2025-09-30 12:00:00,0.7905,3.3037065148640132,21.75,0.5051127263767392,0.4463157894736843,0.8117691206089792,2.4762843415054836,0.7515091782678323,14.25,False,-0.335153922542209,5.851915732413452,False,False,False,4.0,0.49778295131682737,True,False,1.0,-1.0302690325396886,False,2.0,-1.0302690325396886,False,1.0070532015101956,-1.0302690325396886,True,False
ADAUSDT,high,2025-10-12,2025-10-12 15:15:00,инвалидация,2025-10-13 00:00:00,,,,,,,,,,,,,,,,,,,,,,,,,,,,,,
ADAUSDT,high,2025-10-21,2025-10-21 15:00:00,сделка,,2025-10-22 12:00:00,0.6354,7.945420207743173,21.0,1.4359733530718048,1.0956284153005482,0.7942921886018066,5.921539600296082,0.32568467801629764,51.25,False,0.8682634730538963,5.418208734270905,False,False,False,4.0,0.6120605642841834,True,False,1.0,-1.012585866749067,False,2.0,-1.012585866749067,,,,False,False
ADAUSDT,high,2025-12-02,2025-12-02 15:00:00,инвалидация,2025-12-03 00:00:00,,,,,,,,,,,,,,,,,,,,,,,,,,,,,,
ADAUSDT,high,2025-12-07,2025-12-07 16:15:00,инвалидация,2025-12-09 00:00:00,,,,,,,,,,,,,,,,,,,,,,,,,,,,,,
ADAUSDT,high,2025-12-17,2025-12-17 14:45:00,нет сигнала,,,,,,,,,,,,,,,,,,,,,,,,,,,,,,,
ADAUSDT,high,2025-12-19,2025-12-19 16:30:00,сделка,,2025-12-21 08:00:00,0.3673,3.8063980397495283,39.5,0.39536109646810785,0.3666666666666663,0.8654664578102972,3.162888771744863,0.4217185028993121,3.5,True,14.404094564952471,8.697944122298374,False,False,False,23.0,0.7152615353804116,True,False,1.0,-1.0262715561945226,False,2.0,-1.0262715561945226,False,1.4948966089450608,-1.0262715561945226,False,True
ADAUSDT,high,2026-01-09,2026-01-09 15:30:00,нет сигнала,,,,,,,,,,,,,,,,,,,,,,,,,,,,,,,
ADAUSDT,high,2026-01-13,2026-01-13 15:45:00,инвалидация,2026-01-14 00:00:00,,,,,,,,,,,,,,,,,,,,,,,,,,,,,,
ADAUSDT,high,2026-01-17,2026-01-17 14:30:00,сделка,,2026-01-18 04:00:00,0.3952,2.379605263157902,13.5,1.43036386449184,0.16256157635468071,0.35090704153463503,0.4015056461731608,0.4015056461731608,0.0,False,-1.2029690299462457,5.094102885821842,False,False,True,19.0,5.752748771825335,False,True,1.0,0.9579762233895495,True,2.0,1.9579762233895495,True,1.8077029412390169,1.7656791646285663,,
ADAUSDT,high,2026-02-02,2026-02-02 14:30:00,сделка,,2026-02-04 00:00:00,0.2915,4.701509433962271,33.5,1.9391507856904138,0.3725490196078434,0.5545461842114853,1.4710799063858107,1.3707790036776972,23.75,True,20.776699029126206,6.820461384152448,False,False,False,15.0,5.187925486504817,False,True,1.0,0.9787302351713622,True,2.0,1.978730235171362,True,0.9339725207772374,0.9127027559485995,,
ADAUSDT,high,2026-02-03,2026-02-03 15:45:00,сделка,,2026-02-04 00:00:00,0.2915,4.701509433962271,8.25,0.5606860158311278,0.42086330935251887,0.8537092572729481,2.8034300791556754,1.352242744063322,23.75,False,16.531695057246573,9.168865435356215,True,False,False,15.0,5.187925486504817,False,True,1.0,0.9787302351713622,True,2.0,1.978730235171362,True,1.174762311290121,1.1534925464614831,,
ADAUSDT,high,2026-02-13,2026-02-13 15:00:00,инвалидация,2026-02-14 00:00:00,,,,,,,,,,,,,,,,,,,,,,,,,,,,,,
ADAUSDT,high,2026-03-04,2026-03-04 14:30:00,сделка,,2026-03-05 04:00:00,0.2739,4.156626506024089,13.5,2.8880866425992604,0.1834319526627244,0.2722880983750596,1.010830324909756,0.974729241877249,3.25,True,8.542538354253843,6.101083032490983,False,False,False,19.0,2.485726833552922,False,True,1.0,0.9759420289855072,True,2.0,1.9759420289855072,True,1.2121212121212126,1.1880632411067198,,
ADAUSDT,high,2026-04-03,2026-04-03 15:00:00,нет сигнала,,,,,,,,,,,,,,,,,,,,,,,,,,,,,,,
ADAUSDT,high,2026-04-14,2026-04-14 14:00:00,сделка,,2026-04-14 20:00:00,0.2404,3.889143094841935,6.0,0.20080321285140582,0.6466165413533829,0.9198352853093734,2.9317269076305226,0.7228915662650586,14.0,False,0.7584830339321409,5.341365461847392,True,False,False,12.0,0.25669821915610574,True,False,1.0,-1.0257126049521363,False,2.0,-1.0257126049521363,False,0.5027006791807053,-1.0257126049521363,True,False
ADAUSDT,high,2026-05-10,2026-05-10 15:45:00,инвалидация,2026-05-11 00:00:00,,,,,,,,,,,,,,,,,,,,,,,,,,,,,,
ADAUSDT,high,2026-05-25,2026-05-25 14:45:00,сделка,,2026-05-26 04:00:00,0.2407,3.011092646447859,13.25,0.3646677471637001,0.7176470588235304,0.8416463153828108,1.4991896272285175,0.28363047001619873,8.75,True,2.4193548387096793,3.444084278768225,False,False,False,20.0,1.7798749948259451,False,True,1.0,0.966789464243829,False,2.0,-1.033210535756171,True,0.3311395339211042,0.29792899816493323,,
ADAUSDT,high,2026-06-08,2026-06-08 15:00:00,инвалидация,2026-06-09 00:00:00,,,,,,,,,,,,,,,,,,,,,,,,,,,,,,
ADAUSDT,high,2026-07-04,2026-07-04 14:45:00,инвалидация,2026-07-05 00:00:00,,,,,,,,,,,,,,,,,,,,,,,,,,,,,,
ADAUSDT,high,2026-07-11,2026-07-11 15:00:00,нет сигнала,,,,,,,,,,,,,,,,,,,,,,,,,,,,,,,
ADAUSDT,high,2026-07-22,2026-07-22 14:00:00,сделка,,2026-07-24 12:00:00,0.1663,8.82790138304269,46.0,1.8591549295774632,1.3658536585365864,0.7629012042940434,5.971830985915492,0.1126760563380314,44.5,False,-8.027380211574359,4.619718309859146,False,False,False,4.0,0.8923219443082125,False,False,1.0,-1.0113277205601874,False,2.0,-1.0113277205601874,,,,,
ADAUSDT,high,2026-07-30,2026-07-30 14:30:00,инвалидация,2026-07-31 00:00:00,,,,,,,,,,,,,,,,,,,,,,,,,,,,,,
ADAUSDT,high,2026-08-03,2026-08-03 13:45:00,инвалидация,2026-08-04 00:00:00,,,,,,,,,,,,,,,,,,,,,,,,,,,,,,
ADAUSDT,high,2026-08-06,2026-08-06 14:30:00,инвалидация,2026-08-07 00:00:00,,,,,,,,,,,,,,,,,,,,,,,,,,,,,,
ADAUSDT,high,2026-08-19,2026-08-19 15:00:00,инвалидация,2026-08-20 00:00:00,,,,,,,,,,,,,,,,,,,,,,,,,,,,,,
ADAUSDT,high,2026-08-30,2026-08-30 13:30:00,сделка,,2026-08-31 00:00:00,0.1925,7.1719999999999935,10.5,1.277641277641287,2.2916666666666634,0.7967492630069312,0.8845208845208827,0.39312039312040437,0.75,True,8.943089430894313,2.3587223587223582,True,False,False,16.0,0.08691810141893856,True,False,1.0,-1.0139431121026212,False,2.0,-1.0139431121026212,,,,True,False
ADAUSDT,high,2026-09-08,2026-09-08 15:15:00,сделка,,2026-09-10 00:00:00,0.2118,9.694098205854592,32.75,2.5176678445229728,1.1317829457364348,0.7110816721134217,5.212014134275608,1.0600706713780856,72.0,True,-9.601990049751235,5.697879858657242,False,False,False,16.0,0.5698394221730838,False,False,1.0,-1.0103155546680564,False,2.0,-1.0103155546680564,,,,,
ADAUSDT,high,2026-09-11,2026-09-11 14:00:00,нет сигнала,,,,,,,,,,,,,,,,,,,,,,,,,,,,,,,
ADAUSDT,high,2026-10-04,2026-10-04 15:00:00,инвалидация,2026-10-05 00:00:00,,,,,,,,,,,,,,,,,,,,,,,,,,,,,,
BNBUSDT,low,2020-02-15,2020-02-15 15:45:00,инвалидация,2020-02-16 00:00:00,,,,,,,,,,,,,,,,,,,,,,,,,,,,,,
BNBUSDT,low,2020-02-16,2020-02-16 15:30:00,нет сигнала,,,,,,,,,,,,,,,,,,,,,,,,,,,,,,,
BNBUSDT,low,2020-03-01,2020-03-01 16:45:00,нет сигнала,,,,,,,,,,,,,,,,,,,,,,,,,,,,,,,
BNBUSDT,low,2020-03-07,2020-03-07 16:45:00,инвалидация,2020-03-08 00:00:00,,,,,,,,,,,,,,,,,,,,,,,,,,,,,,
BNBUSDT,low,2020-06-02,2020-06-02 14:45:00,нет сигнала,,,,,,,,,,,,,,,,,,,,,,,,,,,,,,,
BNBUSDT,low,2020-06-27,2020-06-27 15:30:00,инвалидация,2020-06-28 00:00:00,,,,,,,,,,,,,,,,,,,,,,,,,,,,,,
BNBUSDT,low,2020-07-09,2020-07-09 15:00:00,сделка,,2020-07-10 16:00:00,17.084,3.7781257316787746,25.0,0.8555763089715189,0.5578465063001142,0.754506510910903,1.795505211785252,0.9158281617159789,15.0,True,13.095238095238088,5.259986744592381,False,False,False,8.0,3.0753499469366474,False,True,1.0,0.9735318496254581,True,2.0,1.9735318496254581,True,0.5980277478677802,0.5715595974932384,,
BNBUSDT,low,2020-08-18,2020-08-18 13:45:00,инвалидация,2020-08-20 00:00:00,,,,,,,,,,,,,,,,,,,,,,,,,,,,,,
BNBUSDT,low,2020-08-25,2020-08-25 15:15:00,инвалидация,2020-08-26 00:00:00,,,,,,,,,,,,,,,,,,,,,,,,,,,,,,
BNBUSDT,low,2020-10-01,2020-10-01 15:45:00,инвалидация,2020-10-02 00:00:00,,,,,,,,,,,,,,,,,,,,,,,,,,,,,,
BNBUSDT,low,2020-11-09,2020-11-09 16:00:00,нет сигнала,,,,,,,,,,,,,,,,,,,,,,,,,,,,,,,
BNBUSDT,low,2021-01-15,2021-01-15 15:45:00,сделка,,2021-01-16 04:00:00,41.752,7.412090438781389,12.25,2.479838709677424,0.8783382789317512,0.6695326455328726,3.8331653225806472,0.6905241935483893,0.0,True,-4.545972168446934,5.945060483870972,False,False,False,19.0,1.825058099406205,False,True,1.0,0.9865085294322932,False,2.0,-1.0134914705677067,True,0.09273931914475557,0.07924784857704878,,
BNBUSDT,low,2021-01-19,2021-01-19 15:45:00,инвалидация,2021-01-20 00:00:00,,,,,,,,,,,,,,,,,,,,,,,,,,,,,,
BNBUSDT,low,2021-01-27,2021-01-27 14:45:00,сделка,,2021-01-29 00:00:00,42.452,6.552600584189195,33.25,0.4162905005517023,0.9611940298507465,0.9260490849153951,6.319590731266936,0.6770990069214644,42.75,True,8.347349082723108,6.7208345872203825,False,False,False,15.0,3.7516491654414055,False,True,1.0,0.9847388836363244,True,2.0,1.9847388836363244,True,0.037387074856832424,0.02212595849315683,,
BNBUSDT,low,2021-04-14,2021-04-14 14:00:00,нет сигнала,,,,,,,,,,,,,,,,,,,,,,,,,,,,,,,
BNBUSDT,low,2021-05-04,2021-05-04 14:30:00,инвалидация,2021-05-05 00:00:00,,,,,,,,,,,,,,,,,,,,,,,,,,,,,,
BNBUSDT,low,2021-05-29,2021-05-29 15:00:00,инвалидация,2021-05-30 00:00:00,,,,,,,,,,,,,,,,,,,,,,,,,,,,,,
BNBUSDT,low,2021-07-25,2021-07-25 14:15:00,нет сигнала,,,,,,,,,,,,,,,,,,,,,,,,,,,,,,,
BNBUSDT,low,2021-08-22,2021-08-22 14:45:00,сделка,,2021-08-23 04:00:00,464.72,5.822452229299368,13.25,1.550561797752804,1.241032095657649,0.7288020962299647,1.6629213483146017,1.1146067415730292,2.0,False,8.036938171849076,3.570786516853929,False,False,False,20.0,2.0363587982896054,False,True,1.0,0.9828251059756598,True,2.0,1.9828251059756599,,,,,
BNBUSDT,low,2021-09-10,2021-09-10 14:00:00,инвалидация,2021-09-11 00:00:00,,,,,,,,,,,,,,,,,,,,,,,,,,,,,,
BNBUSDT,low,2021-10-21,2021-10-21 14:15:00,инвалидация,2021-10-22 00:00:00,,,,,,,,,,,,,,,,,,,,,,,,,,,,,,
BNBUSDT,low,2021-10-31,2021-10-31 13:30:00,сделка,,2021-11-01 00:00:00,524.42,3.214612333625709,10.5,0.4662552649622873,0.4483311938382529,0.8286832359813442,2.666274855519631,0.5191497698109466,1.5,False,8.971981870622182,6.104417670682736,True,False,False,16.0,5.570032631256153,False,True,0.9999999999999967,0.9688920499203018,True,2.0,1.968892049920305,True,1.0196896797794834,0.9885817296997885,,
BNBUSDT,low,2021-11-12,2021-11-12 16:30:00,сделка,,2021-11-13 00:00:00,626.27,3.9251904130806294,7.5,0.49891790983132317,0.7059616032334118,0.8526463563809551,2.5193702400422926,0.1982455270852839,4.5,True,-1.4665286404416698,4.90492474930202,True,False,False,15.0,1.3713124367176515,True,True,1.0,0.9745235289307872,False,2.0,-1.0254764710692128,True,0.35513371618348,0.3296572451142672,True,False
BNBUSDT,low,2021-11-18,2021-11-18 15:00:00,инвалидация,2021-11-19 00:00:00,,,,,,,,,,,,,,,,,,,,,,,,,,,,,,
BNBUSDT,low,2021-12-03,2021-12-03 16:00:00,инвалидация,2021-12-04 00:00:00,,,,,,,,,,,,,,,,,,,,,,,,,,,,,,
BNBUSDT,low,2021-12-10,2021-12-10 15:45:00,инвалидация,2021-12-11 00:00:00,,,,,,,,,,,,,,,,,,,,,,,,,,,,,,
BNBUSDT,low,2021-12-15,2021-12-15 15:45:00,сделка,,2021-12-16 12:00:00,544.07,7.916536475085939,20.25,1.624230060025888,1.3650477707006399,0.7961180827229147,6.616579701047515,1.4574914669072836,48.0,True,-7.272599515160029,4.927615834281456,False,False,False,3.0,0.01741290644625794,False,False,1.0000000000000013,-1.0126317866802874,False,2.0,-1.0126317866802874,,,,,
BNBUSDT,low,2022-02-02,2022-02-02 14:45:00,инвалидация,2022-02-03 00:00:00,,,,,,,,,,,,,,,,,,,,,,,,,,,,,,
BNBUSDT,low,2022-04-16,2022-04-16 15:15:00,инвалидация,2022-04-18 00:00:00,,,,,,,,,,,,,,,,,,,,,,,,,,,,,,
BNBUSDT,low,2022-05-05,2022-05-05 15:00:00,инвалидация,2022-05-06 00:00:00,,,,,,,,,,,,,,,,,,,,,,,,,,,,,,
BNBUSDT,low,2022-05-24,2022-05-24 14:00:00,нет сигнала,,,,,,,,,,,,,,,,,,,,,,,,,,,,,,,
BNBUSDT,low,2022-06-01,2022-06-01 14:30:00,инвалидация,2022-06-02 00:00:00,,,,,,,,,,,,,,,,,,,,,,,,,,,,,,
BNBUSDT,low,2022-06-27,2022-06-27 13:45:00,инвалидация,2022-06-29 00:00:00,,,,,,,,,,,,,,,,,,,,,,,,,,,,,,
BNBUSDT,low,2022-08-16,2022-08-16 14:30:00,инвалидация,2022-08-18 00:00:00,,,,,,,,,,,,,,,,,,,,,,,,,,,,,,
BNBUSDT,low,2022-12-01,2022-12-01 15:00:00,сделка,,2022-12-02 12:00:00,291.33,2.164318813716392,21.0,2.291095890410958,-0.050489826676715664,-0.10625964464871986,-0.39041095890410493,0.08219178082192093,0.0,True,-0.10651399660486409,4.5445205479452,False,False,True,3.0,0.17287016815985862,True,False,1.0,-1.046203913844046,False,2.0,-1.046203913844046,False,2.2108349946315218,-1.046203913844046,False,False
BNBUSDT,low,2022-12-25,2022-12-25 14:30:00,нет сигнала,,,,,,,,,,,,,,,,,,,,,,,,,,,,,,,
BNBUSDT,low,2023-01-18,2023-01-18 15:45:00,инвалидация,2023-01-19 00:00:00,,,,,,,,,,,,,,,,,,,,,,,,,,,,,,
BNBUSDT,low,2023-02-24,2023-02-24 15:15:00,инвалидация,2023-02-25 00:00:00,,,,,,,,,,,,,,,,,,,,,,,,,,,,,,
BNBUSDT,low,2023-02-27,2023-02-27 16:30:00,нет сигнала,,,,,,,,,,,,,,,,,,,,,,,,,,,,,,,
BNBUSDT,low,2023-03-27,2023-03-27 14:45:00,инвалидация,2023-03-28 00:00:00,,,,,,,,,,,,,,,,,,,,,,,,,,,,,,
BNBUSDT,low,2023-04-02,2023-04-02 15:00:00,инвалидация,2023-04-04 00:00:00,,,,,,,,,,,,,,,,,,,,,,,,,,,,,,
BNBUSDT,low,2023-05-06,2023-05-06 14:00:00,инвалидация,2023-05-07 00:00:00,,,,,,,,,,,,,,,,,,,,,,,,,,,,,,
BNBUSDT,low,2023-06-22,2023-06-22 14:30:00,инвалидация,2023-06-23 00:00:00,,,,,,,,,,,,,,,,,,,,,,,,,,,,,,
BNBUSDT,low,2023-06-24,2023-06-24 15:15:00,инвалидация,2023-06-25 00:00:00,,,,,,,,,,,,,,,,,,,,,,,,,,,,,,
BNBUSDT,low,2023-06-30,2023-06-30 13:45:00,нет сигнала,,,,,,,,,,,,,,,,,,,,,,,,,,,,,,,
BNBUSDT,low,2023-07-06,2023-07-06 14:30:00,инвалидация,2023-07-07 00:00:00,,,,,,,,,,,,,,,,,,,,,,,,,,,,,,
BNBUSDT,low,2023-07-09,2023-07-09 14:00:00,сделка,,2023-07-10 12:00:00,241.92,4.609374999999993,22.0,1.08337258596326,2.12944162436548,0.7523988879921083,0.8564210165717466,0.2355157795572352,16.0,True,-4.253507420322768,1.6871494026463398,False,False,False,4.0,1.745134965473952,False,True,1.0,0.9783050847457627,False,2.0000000000000027,-1.0216949152542374,,,,,
BNBUSDT,low,2023-07-12,2023-07-12 15:30:00,инвалидация,2023-07-13 00:00:00,,,,,,,,,,,,,,,,,,,,,,,,,,,,,,
BNBUSDT,low,2023-08-16,2023-08-16 13:30:00,инвалидация,2023-08-17 00:00:00,,,,,,,,,,,,,,,,,,,,,,,,,,,,,,
BNBUSDT,low,2023-08-22,2023-08-22 15:45:00,сделка,,2023-08-23 00:00:00,210.84,3.985315879339793,8.25,1.2956648806624573,0.48511383537653224,0.6593165957365755,2.2795908426692537,0.0048709206039897245,12.25,False,-9.372305569925853,5.562591329761318,True,False,False,16.0,1.2329458360705636,False,True,1.0,0.9749078860929423,False,2.0,-1.0250921139070577,True,0.6997800691211312,0.6746879552140735,,
BNBUSDT,low,2023-08-31,2023-08-31 15:30:00,инвалидация,2023-09-01 00:00:00,,,,,,,,,,,,,,,,,,,,,,,,,,,,,,
BNBUSDT,low,2023-09-06,2023-09-06 15:15:00,нет сигнала,,,,,,,,,,,,,,,,,,,,,,,,,,,,,,,
BNBUSDT,low,2023-10-03,2023-10-03 14:45:00,нет сигнала,,,,,,,,,,,,,,,,,,,,,,,,,,,,,,,
BNBUSDT,low,2023-10-05,2023-10-05 15:30:00,сделка,,2023-10-06 08:00:00,212.5,1.1483623529411755,16.5,0.24669101949807004,0.5624999999999988,0.7007421309937053,0.7068646520233451,0.2988756582380547,1.25,False,-0.8178058640397841,1.4421936524503158,False,False,False,0.0,0.8974416765357929,True,False,1.0,-1.0870805279743636,False,2.0,-1.0870805279743636,True,0.5450216574395511,0.45794112946518756,True,True
BNBUSDT,low,2023-10-17,2023-10-17 13:45:00,нет сигнала,,,,,,,,,,,,,,,,,,,,,,,,,,,,,,,
BNBUSDT,low,2023-10-26,2023-10-26 14:30:00,нет сигнала,,,,,,,,,,,,,,,,,,,,,,,,,,,,,,,
BNBUSDT,low,2023-10-31,2023-10-31 15:15:00,сделка,,2023-11-01 20:00:00,226.75,2.0076824696802698,28.75,0.9750233738480147,0.4476987447698742,0.4700796499444209,0.2626775299407751,0.013356484573260824,6.75,True,2.613702820639706,2.128133208672798,False,False,False,12.0,6.11103544927751,False,True,1.0,0.9501913268107953,True,2.0,1.9501913268107953,True,0.5799113438566695,0.5301026706674647,,
BNBUSDT,low,2023-11-01,2023-11-01 14:45:00,сделка,,2023-11-01 20:00:00,226.75,2.0076824696802698,5.25,0.4253033084120594,0.5522875816993452,0.7424622508467994,0.8192684783095242,0.013430630791960038,6.75,False,1.3567974207415374,2.739848681559746,True,False,False,12.0,6.11103544927751,False,True,1.0,0.9501913268107953,True,2.0,1.9501913268107953,True,0.6018776826391242,0.5520690094499194,,
BNBUSDT,low,2023-11-09,2023-11-09 16:00:00,нет сигнала,,,,,,,,,,,,,,,,,,,,,,,,,,,,,,,
BNBUSDT,low,2023-11-17,2023-11-17 15:15:00,сделка,,2023-11-18 00:00:00,244.97,2.7588888435318655,8.75,0.6872136609745962,0.30399500624219733,0.7205794227966467,1.9325281132861372,0.466472303206999,19.75,False,-3.5126758324723846,6.672219908371517,True,False,False,15.0,0.6539961085751882,True,False,1.0,-1.0362464766329558,False,1.9999999999999958,-1.0362464766329558,False,1.6497865634871884,-1.0362464766329558,True,True
BNBUSDT,low,2023-11-30,2023-11-30 16:00:00,нет сигнала,,,,,,,,,,,,,,,,,,,,,,,,,,,,,,,
BNBUSDT,low,2023-12-15,2023-12-15 14:30:00,инвалидация,2023-12-16 00:00:00,,,,,,,,,,,,,,,,,,,,,,,,,,,,,,
BNBUSDT,low,2024-01-02,2024-01-02 15:15:00,нет сигнала,,,,,,,,,,,,,,,,,,,,,,,,,,,,,,,
BNBUSDT,low,2024-01-05,2024-01-05 16:45:00,сделка,2024-01-07 00:00:00,2024-01-06 00:00:00,317.14,2.979125938071508,7.25,0.8307038444201121,0.4834193072955052,0.6943268416596122,1.6517483418120922,0.47974756906431587,1.0,True,1.9923589403555313,4.369244639062398,True,False,False,15.0,0.0,True,False,1.0,-1.0335668924640136,False,2.0,-1.0335668924640136,False,0.7419559695173589,-1.0335668924640136,True,False
BNBUSDT,low,2024-01-12,2024-01-12 16:45:00,инвалидация,2024-01-13 00:00:00,,,,,,,,,,,,,,,,,,,,,,,,,,,,,,
BNBUSDT,low,2024-01-19,2024-01-19 16:30:00,нет сигнала,,,,,,,,,,,,,,,,,,,,,,,,,,,,,,,
BNBUSDT,low,2024-02-03,2024-02-03 15:00:00,инвалидация,2024-02-04 00:00:00,,,,,,,,,,,,,,,,,,,,,,,,,,,,,,
BNBUSDT,low,2024-02-17,2024-02-17 14:30:00,инвалидация,2024-02-19 00:00:00,,,,,,,,,,,,,,,,,,,,,,,,,,,,,,
BNBUSDT,low,2024-02-20,2024-02-20 15:30:00,нет сигнала,,,,,,,,,,,,,,,,,,,,,,,,,,,,,,,
BNBUSDT,low,2024-03-05,2024-03-05 16:00:00,инвалидация,2024-03-06 00:00:00,,,,,,,,,,,,,,,,,,,,,,,,,,,,,,
BNBUSDT,low,2024-03-18,2024-03-18 14:45:00,инвалидация,2024-03-20 00:00:00,,,,,,,,,,,,,,,,,,,,,,,,,,,,,,
BNBUSDT,low,2024-03-27,2024-03-27 14:00:00,сделка,,2024-03-28 08:00:00,590.89,4.865998747651829,18.0,1.6258741258741178,0.72681800692574,0.6569817791024863,3.18356643356644,1.4527972027972131,22.0,False,4.769638893400456,4.543706293706295,False,False,False,0.0,1.0492927620710428,True,True,1.0,0.9794492343327756,False,2.0,-1.0205507656672244,True,0.2469333314784368,0.2263825658112124,False,False
BNBUSDT,low,2024-04-17,2024-04-17 15:15:00,нет сигнала,,,,,,,,,,,,,,,,,,,,,,,,,,,,,,,
BNBUSDT,low,2024-04-24,2024-04-24 14:30:00,нет сигнала,,,,,,,,,,,,,,,,,,,,,,,,,,,,,,,
BNBUSDT,low,2024-05-10,2024-05-10 14:45:00,инвалидация,2024-05-11 00:00:00,,,,,,,,,,,,,,,,,,,,,,,,,,,,,,
BNBUSDT,low,2024-05-26,2024-05-26 13:30:00,сделка,,2024-05-27 16:00:00,613.46,2.5850422195416183,26.5,0.23182508047165334,1.8717948717948805,0.8746263762596004,1.202488367050805,1.4343134475224584,77.5,True,0.4618899134581684,1.2358444937373818,False,False,True,8.0,0.11539771222458577,True,False,1.0,-1.0386840877274848,False,2.0,-1.0386840877274848,,,,False,False
BNBUSDT,low,2024-07-07,2024-07-07 14:00:00,инвалидация,2024-07-08 00:00:00,,,,,,,,,,,,,,,,,,,,,,,,,,,,,,
BNBUSDT,low,2024-08-02,2024-08-02 15:00:00,инвалидация,2024-08-03 00:00:00,,,,,,,,,,,,,,,,,,,,,,,,,,,,,,
BNBUSDT,low,2024-09-06,2024-09-06 14:00:00,инвалидация,2024-09-07 00:00:00,,,,,,,,,,,,,,,,,,,,,,,,,,,,,,
BNBUSDT,low,2024-10-01,2024-10-01 14:30:00,инвалидация,2024-10-02 00:00:00,,,,,,,,,,,,,,,,,,,,,,,,,,,,,,
BNBUSDT,low,2024-10-17,2024-10-17 14:00:00,сделка,,2024-10-18 08:00:00,597.89,2.327277592868262,18.0,0.9321085991255128,0.49619771863117856,0.5627199135294262,1.0575195742805834,0.18981120564010517,6.0,True,4.7684612301096285,2.674304308036486,False,False,False,0.0,1.0471046155968997,True,True,1.0,0.9570313398339583,False,2.0,-1.0429686601660417,True,0.5713439735068889,0.5283753133408472,False,False
BNBUSDT,low,2024-11-19,2024-11-19 15:15:00,инвалидация,2024-11-21 00:00:00,,,,,,,,,,,,,,,,,,,,,,,,,,,,,,
BNBUSDT,low,2024-11-25,2024-11-25 15:00:00,инвалидация,2024-11-26 00:00:00,,,,,,,,,,,,,,,,,,,,,,,,,,,,,,
BNBUSDT,low,2024-12-03,2024-12-03 14:30:00,нет сигнала,,,,,,,,,,,,,,,,,,,,,,,,,,,,,,,
BNBUSDT,low,2025-01-07,2025-01-07 15:15:00,инвалидация,2025-01-08 00:00:00,,,,,,,,,,,,,,,,,,,,,,,,,,,,,,
BNBUSDT,low,2025-02-14,2025-02-14 15:15:00,нет сигнала,,,,,,,,,,,,,,,,,,,,,,,,,,,,,,,
BNBUSDT,low,2025-03-22,2025-03-22 15:00:00,инвалидация,2025-03-24 00:00:00,,,,,,,,,,,,,,,,,,,,,,,,,,,,,,
BNBUSDT,low,2025-03-26,2025-03-26 13:45:00,инвалидация,2025-03-27 00:00:00,,,,,,,,,,,,,,,,,,,,,,,,,,,,,,
BNBUSDT,low,2025-04-03,2025-04-03 14:00:00,сделка,,2025-04-04 08:00:00,598.12,3.4204239951849202,18.0,0.9829103736429345,0.5039201710620105,0.6911640493023815,2.369944176170422,0.5924860440426104,2.75,False,-4.7089981267359935,4.8049590739408785,False,False,False,0.0,0.11389053994869723,True,False,1.0,-1.0292361415253706,False,2.0,-1.0292361415253706,False,0.6804104360883403,-1.0292361415253706,True,False
BNBUSDT,low,2025-04-13,2025-04-13 13:45:00,сделка,,2025-04-14 12:00:00,592.25,2.3063182777543294,22.25,0.7522791144012589,0.5289105295191735,0.6362026389597643,1.1978202755500738,0.27589279594213106,7.5,True,7.659160160827942,2.8154774144903802,False,False,False,4.0,0.04026598980757644,True,False,1.0,-1.0433591499337074,False,2.0,-1.0433591499337074,False,0.5666522929284868,-1.0433591499337074,False,False
BNBUSDT,low,2025-05-29,2025-05-29 14:15:00,инвалидация,2025-05-30 00:00:00,,,,,,,,,,,,,,,,,,,,,,,,,,,,,,
BNBUSDT,low,2025-06-05,2025-06-05 14:00:00,инвалидация,2025-06-06 00:00:00,,,,,,,,,,,,,,,,,,,,,,,,,,,,,,
BNBUSDT,low,2025-06-17,2025-06-17 15:30:00,инвалидация,2025-06-19 00:00:00,,,,,,,,,,,,,,,,,,,,,,,,,,,,,,
BNBUSDT,low,2025-06-26,2025-06-26 13:45:00,нет сигнала,,,,,,,,,,,,,,,,,,,,,,,,,,,,,,,
BNBUSDT,low,2025-07-12,2025-07-12 15:00:00,нет сигнала,,,,,,,,,,,,,,,,,,,,,,,,,,,,,,,
BNBUSDT,low,2025-08-02,2025-08-02 15:45:00,инвалидация,2025-08-03 00:00:00,,,,,,,,,,,,,,,,,,,,,,,,,,,,,,
BNBUSDT,low,2025-08-05,2025-08-05 14:15:00,сделка,,2025-08-06 08:00:00,763.49,2.465704855335372,17.75,0.68615433809422,0.6651234567901249,0.6868376306279672,0.7034747388616616,0.14922191430398699,6.0,True,-3.17100507511933,2.590066083990628,False,False,False,0.0,3.438437728580674,False,True,1.0,0.9594436455832835,True,2.0,1.9594436455832835,True,0.3458092014994616,0.30525284708274514,,
BNBUSDT,low,2025-08-15,2025-08-15 15:15:00,сделка,,2025-08-17 04:00:00,845.17,3.9261686997882137,36.75,0.9987819732034161,0.49175991861647955,0.7283894065600229,2.4360535931790497,1.789281364190019,0.25,False,5.21047099454427,5.986601705237512,False,False,False,20.0,1.186458044529092,False,True,1.0,0.9745298769241897,False,2.0,-1.0254701230758103,True,0.7527996431886395,0.7273295201128291,,
BNBUSDT,low,2025-09-19,2025-09-19 15:00:00,нет сигнала,,,,,,,,,,,,,,,,,,,,,,,,,,,,,,,
BNBUSDT,low,2025-10-10,2025-10-10 15:15:00,инвалидация,2025-10-11 00:00:00,,,,,,,,,,,,,,,,,,,,,,,,,,,,,,
BNBUSDT,low,2025-10-16,2025-10-16 15:45:00,инвалидация,2025-10-17 00:00:00,,,,,,,,,,,,,,,,,,,,,,,,,,,,,,
BNBUSDT,low,2025-10-30,2025-10-30 13:30:00,инвалидация,2025-10-31 00:00:00,,,,,,,,,,,,,,,,,,,,,,,,,,,,,,
BNBUSDT,low,2025-11-10,2025-11-10 16:30:00,сделка,2025-11-12 00:00:00,2025-11-11 04:00:00,1000.92,2.686029852535664,11.5,0.02255878100550919,0.8088790931989908,0.9555510673047908,1.9954267198507056,0.5988330957825366,0.5,True,6.291348328993986,3.2566676578858313,False,False,False,19.0,0.10191552839295996,True,False,1.0000000000000042,-1.0372296681310516,False,2.0000000000000044,-1.0372296681310516,False,0.22577637129389416,-1.0372296681310516,True,False
BNBUSDT,low,2025-11-16,2025-11-16 16:15:00,инвалидация,2025-11-18 00:00:00,,,,,,,,,,,,,,,,,,,,,,,,,,,,,,
BNBUSDT,low,2025-12-15,2025-12-15 14:45:00,инвалидация,2025-12-16 00:00:00,,,,,,,,,,,,,,,,,,,,,,,,,,,,,,
BNBUSDT,low,2025-12-17,2025-12-17 16:15:00,инвалидация,2025-12-18 00:00:00,,,,,,,,,,,,,,,,,,,,,,,,,,,,,,
BNBUSDT,low,2025-12-26,2025-12-26 15:00:00,сделка,,2025-12-28 12:00:00,855.21,4.095018767320313,45.0,0.6714576074332118,1.317241379310349,0.8180803466262124,2.443863724351535,0.1330816879597395,35.0,False,-2.9371840479310887,2.6313879210220676,False,False,False,3.0,0.6590329633554228,False,False,1.0,-1.0244199125039513,False,2.0,-1.0244199125039513,,,,,
BNBUSDT,low,2026-01-16,2026-01-16 15:45:00,сделка,,2026-01-17 16:00:00,956.03,3.4657719946026697,24.25,0.014070025434276254,1.2575460603684805,0.9681950345598552,2.1473023432003804,0.3463390876129587,35.75,False,2.541719871427933,2.760971914064613,False,False,False,7.0,0.02293728884867465,True,False,1.0,-1.028853600339472,False,2.0,-1.028853600339472,,,,True,False
BNBUSDT,low,2026-01-20,2026-01-20 15:00:00,инвалидация,2026-01-21 00:00:00,,,,,,,,,,,,,,,,,,,,,,,,,,,,,,
BNBUSDT,low,2026-02-01,2026-02-01 14:30:00,сделка,,2026-02-02 16:00:00,777.83,6.431807721481563,25.5,2.760240786962275,0.2557640750670242,0.5720735748182083,2.5613646374180723,0.20955406361366455,14.5,False,-11.20644589403823,14.935732304694275,False,False,False,7.0,0.11893213732244234,True,False,1.0,-1.0155477284661372,False,2.0,-1.0155477284661372,False,1.6646501506240519,-1.0155477284661372,True,False
BNBUSDT,low,2026-02-04,2026-02-04 14:45:00,инвалидация,2026-02-05 00:00:00,,,,,,,,,,,,,,,,,,,,,,,,,,,,,,
BNBUSDT,low,2026-02-10,2026-02-10 14:30:00,инвалидация,2026-02-12 00:00:00,,,,,,,,,,,,,,,,,,,,,,,,,,,,,,
BNBUSDT,low,2026-02-16,2026-02-16 15:30:00,сделка,,2026-02-17 00:00:00,627.15,3.7557522123893685,8.5,0.7506940223729711,0.5417035072207474,0.7803279245315085,2.8417957520902917,0.7391954268442926,23.5,False,-0.6973590753535304,5.573533518405976,True,False,False,15.0,0.205908075842102,True,False,1.0,-1.0266258246936852,False,2.0,-1.0266258246936852,False,0.6601795008958113,-1.0266258246936852,False,False
BNBUSDT,low,2026-04-05,2026-04-05 13:30:00,нет сигнала,,,,,,,,,,,,,,,,,,,,,,,,,,,,,,,
BNBUSDT,low,2026-04-25,2026-04-25 14:00:00,инвалидация,2026-04-26 00:00:00,,,,,,,,,,,,,,,,,,,,,,,,,,,,,,
BNBUSDT,low,2026-04-29,2026-04-29 15:00:00,инвалидация,2026-04-30 00:00:00,,,,,,,,,,,,,,,,,,,,,,,,,,,,,,
BNBUSDT,low,2026-06-02,2026-06-02 13:30:00,инвалидация,2026-06-03 00:00:00,,,,,,,,,,,,,,,,,,,,,,,,,,,,,,
BNBUSDT,low,2026-06-09,2026-06-09 14:15:00,сделка,2026-06-11 00:00:00,2026-06-10 16:00:00,597.2,2.826674480910936,25.75,1.841838458938827,0.2843601895734644,0.319888157621931,-0.10138560324432393,0.22811760729976727,7.25,False,-3.035524493542469,3.2088543426833405,False,False,True,8.0,2.1302181755711893,False,True,1.0,0.9646227393089233,True,2.0,1.9646227393089233,True,0.805051863348508,0.7696746026574313,,
BNBUSDT,low,2026-06-25,2026-06-25 13:45:00,нет сигнала,,,,,,,,,,,,,,,,,,,,,,,,,,,,,,,
BNBUSDT,low,2026-07-27,2026-07-27 14:30:00,инвалидация,2026-07-28 00:00:00,,,,,,,,,,,,,,,,,,,,,,,,,,,,,,
BNBUSDT,low,2026-08-10,2026-08-10 13:45:00,инвалидация,2026-08-11 00:00:00,,,,,,,,,,,,,,,,,,,,,,,,,,,,,,
BNBUSDT,low,2026-08-25,2026-08-25 13:45:00,сделка,,2026-08-27 00:00:00,707.89,2.8857802765966407,34.25,0.7328015233039599,0.6062861869313482,0.7176371820257829,1.3703965494857406,0.2856194913665044,9.0,True,12.21395926557,3.48801984911212,False,False,False,16.0,0.5507106615136477,True,False,1.0,-1.0346526729047907,False,2.0,-1.0346526729047907,True,0.4660235997875481,0.43137092688275736,False,False
BNBUSDT,low,2026-08-28,2026-08-28 14:00:00,инвалидация,2026-08-29 00:00:00,,,,,,,,,,,,,,,,,,,,,,,,,,,,,,
BNBUSDT,low,2026-09-07,2026-09-07 15:15:00,инвалидация,2026-09-08 00:00:00,,,,,,,,,,,,,,,,,,,,,,,,,,,,,,
BNBUSDT,low,2026-09-09,2026-09-09 15:15:00,инвалидация,2026-09-10 00:00:00,,,,,,,,,,,,,,,,,,,,,,,,,,,,,,
BNBUSDT,low,2026-09-15,2026-09-15 14:45:00,инвалидация,2026-09-16 00:00:00,,,,,,,,,,,,,,,,,,,,,,,,,,,,,,
BNBUSDT,high,2020-03-30,2020-03-30 15:30:00,инвалидация,2020-04-01 00:00:00,,,,,,,,,,,,,,,,,,,,,,,,,,,,,,
BNBUSDT,high,2020-05-13,2020-05-13 15:30:00,инвалидация,2020-05-15 00:00:00,,,,,,,,,,,,,,,,,,,,,,,,,,,,,,
BNBUSDT,high,2020-08-30,2020-08-30 14:45:00,инвалидация,2020-08-31 00:00:00,,,,,,,,,,,,,,,,,,,,,,,,,,,,,,
BNBUSDT,high,2020-09-30,2020-09-30 15:45:00,инвалидация,2020-10-01 00:00:00,,,,,,,,,,,,,,,,,,,,,,,,,,,,,,
BNBUSDT,high,2020-10-03,2020-10-03 15:15:00,инвалидация,2020-10-04 00:00:00,,,,,,,,,,,,,,,,,,,,,,,,,,,,,,
BNBUSDT,high,2020-10-15,2020-10-15 15:15:00,сделка,,2020-10-16 08:00:00,30.381,5.075181857081728,16.75,1.7743737035264,0.9262135922330093,0.6187207785764369,1.4648157012924832,0.883995532152537,9.5,False,-8.553906883304549,3.287059198978781,False,False,False,0.0,1.2199305917214645,False,True,1.0,0.980296272564014,False,2.0,-1.0197037274359861,True,0.049290124918039295,0.029586397482053217,,
BNBUSDT,high,2020-10-21,2020-10-21 15:30:00,инвалидация,2020-10-23 00:00:00,,,,,,,,,,,,,,,,,,,,,,,,,,,,,,
BNBUSDT,high,2020-12-14,2020-12-14 14:45:00,инвалидация,2020-12-15 00:00:00,,,,,,,,,,,,,,,,,,,,,,,,,,,,,,
BNBUSDT,high,2020-12-16,2020-12-16 15:15:00,инвалидация,2020-12-17 00:00:00,,,,,,,,,,,,,,,,,,,,,,,,,,,,,,
BNBUSDT,high,2021-04-08,2021-04-08 14:00:00,инвалидация,2021-04-09 00:00:00,,,,,,,,,,,,,,,,,,,,,,,,,,,,,,
BNBUSDT,high,2021-04-11,2021-04-11 14:45:00,инвалидация,2021-04-12 00:00:00,,,,,,,,,,,,,,,,,,,,,,,,,,,,,,
BNBUSDT,high,2021-04-20,2021-04-20 13:45:00,инвалидация,2021-04-21 00:00:00,,,,,,,,,,,,,,,,,,,,,,,,,,,,,,
BNBUSDT,high,2021-05-08,2021-05-08 15:15:00,инвалидация,2021-05-09 00:00:00,,,,,,,,,,,,,,,,,,,,,,,,,,,,,,
BNBUSDT,high,2021-06-09,2021-06-09 15:30:00,инвалидация,2021-06-10 00:00:00,,,,,,,,,,,,,,,,,,,,,,,,,,,,,,
BNBUSDT,high,2021-06-24,2021-06-24 15:15:00,сделка,,2021-06-26 08:00:00,269.08,17.796436004162324,40.75,1.8724061384036268,0.6926011944260123,0.8718505053078472,11.552938905511041,2.789306051539414,38.0,False,12.203450221206099,19.39323746099153,False,False,False,0.0,0.10942506940869766,False,False,1.0,-1.0056191026100176,False,2.0,-1.0056191026100176,False,0.38695544582884756,-1.0056191026100176,,
BNBUSDT,high,2021-08-06,2021-08-06 15:30:00,инвалидация,2021-08-07 00:00:00,,,,,,,,,,,,,,,,,,,,,,,,,,,,,,
BNBUSDT,high,2021-08-19,2021-08-19 13:45:00,инвалидация,2021-08-20 00:00:00,,,,,,,,,,,,,,,,,,,,,,,,,,,,,,
BNBUSDT,high,2021-08-25,2021-08-25 14:45:00,сделка,,2021-08-26 08:00:00,483.2,7.686221026490076,17.25,2.8877936781268,0.49807822744743435,0.5931638871701587,3.1629158996892537,1.8268907230370361,9.0,True,-9.436629510324217,8.754428676048535,False,False,False,0.0,0.844376736343902,False,False,1.0,-1.013010294611013,False,2.0,-1.013010294611013,True,0.5977411845291647,0.5847308899181515,,
BNBUSDT,high,2021-10-12,2021-10-12 13:30:00,инвалидация,2021-10-13 00:00:00,,,,,,,,,,,,,,,,,,,,,,,,,,,,,,
BNBUSDT,high,2021-10-20,2021-10-20 14:45:00,инвалидация,2021-10-21 00:00:00,,,,,,,,,,,,,,,,,,,,,,,,,,,,,,
BNBUSDT,high,2021-10-25,2021-10-25 14:00:00,сделка,,2021-10-27 08:00:00,474.45,3.5284434608494055,42.0,0.7597535934291558,0.6671982987772467,0.7496699660109797,1.8521560574948626,0.48049281314167863,29.0,True,2.201186833945909,3.862422997946612,False,False,False,0.0,2.6611790426923605,True,True,1.0,0.9716588912052662,True,2.0,1.9716588912052662,True,0.3739389631257946,0.3455978543310608,True,False
BNBUSDT,high,2021-10-28,2021-10-28 15:30:00,инвалидация,2021-10-29 00:00:00,,,,,,,,,,,,,,,,,,,,,,,,,,,,,,
BNBUSDT,high,2021-11-02,2021-11-02 14:00:00,инвалидация,2021-11-03 00:00:00,,,,,,,,,,,,,,,,,,,,,,,,,,,,,,
BNBUSDT,high,2021-12-24,2021-12-24 14:30:00,нет сигнала,,,,,,,,,,,,,,,,,,,,,,,,,,,,,,,
BNBUSDT,high,2022-01-02,2022-01-02 16:30:00,инвалидация,2022-01-03 00:00:00,,,,,,,,,,,,,,,,,,,,,,,,,,,,,,
BNBUSDT,high,2022-01-16,2022-01-16 15:15:00,сделка,,2022-01-17 12:00:00,480.28,5.225049970850341,20.75,0.9195034681272158,1.229397293972941,0.7965771490348424,3.65002898434845,0.5776880484538323,44.25,False,-16.3023507796674,3.250244867771402,False,False,False,3.0,5.762133854449131,False,True,1.0,0.9808614270566056,True,2.0,1.9808614270566056,,,,,
BNBUSDT,high,2022-02-28,2022-02-28 15:15:00,инвалидация,2022-03-01 00:00:00,,,,,,,,,,,,,,,,,,,,,,,,,,,,,,
BNBUSDT,high,2022-03-18,2022-03-18 15:45:00,инвалидация,2022-03-19 00:00:00,,,,,,,,,,,,,,,,,,,,,,,,,,,,,,
BNBUSDT,high,2022-03-23,2022-03-23 15:30:00,инвалидация,2022-03-25 00:00:00,,,,,,,,,,,,,,,,,,,,,,,,,,,,,,
BNBUSDT,high,2022-05-04,2022-05-04 15:45:00,инвалидация,2022-05-05 00:00:00,,,,,,,,,,,,,,,,,,,,,,,,,,,,,,
BNBUSDT,high,2022-05-19,2022-05-19 15:30:00,сделка,,2022-05-20 16:00:00,298.91,5.957110836037582,24.5,2.5807288289456554,0.42966636609558023,0.5352008266690631,1.8642199455323565,0.2042536635974567,19.75,True,1.063866414184877,7.191025807288291,False,False,False,8.0,0.292029831970531,True,False,1.0,-1.016786660975829,False,2.0,-1.016786660975829,False,0.7104187258513837,-1.016786660975829,True,False
BNBUSDT,high,2022-06-10,2022-06-10 14:15:00,нет сигнала,,,,,,,,,,,,,,,,,,,,,,,,,,,,,,,
BNBUSDT,high,2022-07-07,2022-07-07 14:30:00,инвалидация,2022-07-08 00:00:00,,,,,,,,,,,,,,,,,,,,,,,,,,,,,,
BNBUSDT,high,2022-08-07,2022-08-07 14:30:00,инвалидация,2022-08-09 00:00:00,,,,,,,,,,,,,,,,,,,,,,,,,,,,,,
BNBUSDT,high,2022-08-29,2022-08-29 14:15:00,инвалидация,2022-08-30 00:00:00,,,,,,,,,,,,,,,,,,,,,,,,,,,,,,
BNBUSDT,high,2022-09-18,2022-09-18 14:00:00,сделка,,2022-09-18 20:00:00,272.67,2.9230791799611144,6.0,0.19298120220142254,1.314338235294114,0.8970736579025292,1.7904367093131268,0.13222786076763796,34.0,False,5.122357986453834,1.9441069258809225,True,False,False,12.0,2.0538595496313925,False,True,1.0,0.9657895000978625,True,2.0,1.9657895000978625,,,,,
BNBUSDT,high,2022-10-03,2022-10-03 14:30:00,инвалидация,2022-10-05 00:00:00,,,,,,,,,,,,,,,,,,,,,,,,,,,,,,
BNBUSDT,high,2022-10-25,2022-10-25 14:15:00,инвалидация,2022-10-26 00:00:00,,,,,,,,,,,,,,,,,,,,,,,,,,,,,,
BNBUSDT,high,2022-10-28,2022-10-28 13:30:00,инвалидация,2022-10-29 00:00:00,,,,,,,,,,,,,,,,,,,,,,,,,,,,,,
BNBUSDT,high,2022-12-20,2022-12-20 15:30:00,нет сигнала,,,,,,,,,,,,,,,,,,,,,,,,,,,,,,,
BNBUSDT,high,2023-01-06,2023-01-06 15:45:00,инвалидация,2023-01-07 00:00:00,,,,,,,,,,,,,,,,,,,,,,,,,,,,,,
BNBUSDT,high,2023-01-08,2023-01-08 15:30:00,инвалидация,2023-01-09 00:00:00,,,,,,,,,,,,,,,,,,,,,,,,,,,,,,
BNBUSDT,high,2023-02-12,2023-02-12 15:45:00,инвалидация,2023-02-13 00:00:00,,,,,,,,,,,,,,,,,,,,,,,,,,,,,,
BNBUSDT,high,2023-04-15,2023-04-15 14:30:00,инвалидация,2023-04-17 00:00:00,,,,,,,,,,,,,,,,,,,,,,,,,,,,,,
BNBUSDT,high,2023-04-30,2023-04-30 15:00:00,инвалидация,2023-05-01 00:00:00,,,,,,,,,,,,,,,,,,,,,,,,,,,,,,
BNBUSDT,high,2023-07-13,2023-07-13 15:30:00,инвалидация,2023-07-14 00:00:00,,,,,,,,,,,,,,,,,,,,,,,,,,,,,,
BNBUSDT,high,2023-08-08,2023-08-08 15:30:00,инвалидация,2023-08-09 00:00:00,,,,,,,,,,,,,,,,,,,,,,,,,,,,,,
BNBUSDT,high,2023-08-29,2023-08-29 14:15:00,инвалидация,2023-08-30 00:00:00,,,,,,,,,,,,,,,,,,,,,,,,,,,,,,
BNBUSDT,high,2023-09-17,2023-09-17 14:15:00,инвалидация,2023-09-18 00:00:00,,,,,,,,,,,,,,,,,,,,,,,,,,,,,,
BNBUSDT,high,2023-11-21,2023-11-21 15:45:00,сделка,,2023-11-21 20:00:00,240.35,13.456384439359281,4.25,1.1435360510878596,0.8079710144927539,0.8963460371858368,7.718868344842937,0.8539392589292282,19.75,False,0.29525234233524916,13.321452439296047,True,True,False,11.0,0.5055280340803185,False,False,1.0,-1.0074314166967098,False,2.0,-1.0074314166967098,True,0.21303291466748558,0.20560149797077582,,
BNBUSDT,high,2024-04-20,2024-04-20 15:45:00,инвалидация,2024-04-21 00:00:00,,,,,,,,,,,,,,,,,,,,,,,,,,,,,,
BNBUSDT,high,2024-05-05,2024-05-05 15:45:00,сделка,,2024-05-06 16:00:00,588.63,2.4161612557973653,24.25,1.5410294886277396,0.4032403240324044,0.3149993847668272,0.7030736288378141,0.14162634249969114,16.75,True,1.3229388140798541,1.8731769823472904,False,False,False,8.0,1.0546854400674976,True,True,1.0,0.9586120339608712,False,2.0,-1.0413879660391288,True,0.4661709645098336,0.42478299847070483,False,True
BNBUSDT,high,2024-05-12,2024-05-12 15:45:00,сделка,,2024-05-14 12:00:00,585.55,2.354835624626433,44.25,0.7250643473579832,0.6712018140589614,0.6440037305801652,1.1506821661086954,0.09757246437762684,29.75,False,-0.7179190554771147,2.2256615581313035,False,False,False,4.0,1.8725423787815128,False,True,1.0,0.9575341909413045,False,2.0,-1.0424658090586956,True,0.31547480045311505,0.2730089913944196,,
BNBUSDT,high,2024-06-06,2024-06-06 13:45:00,сделка,,2024-06-07 20:00:00,681.24,6.265515824085499,30.25,0.5883416554237336,1.1185887933590275,0.8839543426922061,4.064147321863225,0.9318886740754198,33.75,False,-17.724694039021614,4.691433578591599,False,False,False,12.0,2.1169921655358523,False,True,1.0,0.9840396221464183,True,2.0,1.9840396221464183,,,,,
BNBUSDT,high,2024-06-16,2024-06-16 14:00:00,инвалидация,2024-06-17 00:00:00,,,,,,,,,,,,,,,,,,,,,,,,,,,,,,
BNBUSDT,high,2024-06-27,2024-06-27 14:30:00,сделка,,2024-06-28 16:00:00,572.36,2.368322384513248,25.5,0.14200171086399332,0.7005193306405053,0.8955886725000397,1.6253207869974338,0.29769033361847885,9.5,True,2.2214260121820106,2.964927288280589,False,False,False,8.0,0.4684504176585897,True,False,1.0,-1.0422239812678848,False,2.0,-1.0422239812678848,True,0.38287522325166884,0.3406512419837839,False,True
BNBUSDT,high,2024-07-06,2024-07-06 15:00:00,инвалидация,2024-07-07 00:00:00,,,,,,,,,,,,,,,,,,,,,,,,,,,,,,
BNBUSDT,high,2024-07-19,2024-07-19 13:45:00,инвалидация,2024-07-20 00:00:00,,,,,,,,,,,,,,,,,,,,,,,,,,,,,,
BNBUSDT,high,2024-07-21,2024-07-21 14:30:00,инвалидация,2024-07-22 00:00:00,,,,,,,,,,,,,,,,,,,,,,,,,,,,,,
BNBUSDT,high,2024-08-08,2024-08-08 15:45:00,инвалидация,2024-08-09 00:00:00,,,,,,,,,,,,,,,,,,,,,,,,,,,,,,
BNBUSDT,high,2024-08-19,2024-08-19 14:15:00,инвалидация,2024-08-20 00:00:00,,,,,,,,,,,,,,,,,,,,,,,,,,,,,,
BNBUSDT,high,2024-10-11,2024-10-11 15:15:00,инвалидация,2024-10-12 00:00:00,,,,,,,,,,,,,,,,,,,,,,,,,,,,,,
BNBUSDT,high,2024-12-06,2024-12-06 16:45:00,инвалидация,2024-12-08 00:00:00,,,,,,,,,,,,,,,,,,,,,,,,,,,,,,
BNBUSDT,high,2024-12-24,2024-12-24 15:30:00,инвалидация,2024-12-26 00:00:00,,,,,,,,,,,,,,,,,,,,,,,,,,,,,,
BNBUSDT,high,2025-01-03,2025-01-03 16:15:00,нет сигнала,,,,,,,,,,,,,,,,,,,,,,,,,,,,,,,
BNBUSDT,high,2025-02-16,2025-02-16 14:30:00,инвалидация,2025-02-17 00:00:00,,,,,,,,,,,,,,,,,,,,,,,,,,,,,,
BNBUSDT,high,2025-03-01,2025-03-01 16:00:00,инвалидация,2025-03-02 00:00:00,,,,,,,,,,,,,,,,,,,,,,,,,,,,,,
BNBUSDT,high,2025-03-12,2025-03-12 14:30:00,инвалидация,2025-03-13 00:00:00,,,,,,,,,,,,,,,,,,,,,,,,,,,,,,
BNBUSDT,high,2025-04-18,2025-04-18 15:00:00,сделка,,2025-04-19 16:00:00,588.87,1.2270110550715796,25.0,0.42158516020236086,0.33360258481421623,0.5715867414019776,0.463743676222597,0.05059021922427563,5.0,False,1.1304449766374705,2.08768971332209,False,False,False,8.0,0.25880561898830556,True,False,1.0,-1.0814988582105043,False,2.0,-1.0814988582105043,False,1.1417894955366394,-1.0814988582105043,True,False
BNBUSDT,high,2025-04-22,2025-04-22 13:45:00,инвалидация,2025-04-23 00:00:00,,,,,,,,,,,,,,,,,,,,,,,,,,,,,,
BNBUSDT,high,2025-08-06,2025-08-06 15:45:00,инвалидация,2025-08-08 00:00:00,,,,,,,,,,,,,,,,,,,,,,,,,,,,,,
BNBUSDT,high,2025-09-03,2025-09-03 13:30:00,нет сигнала,,,,,,,,,,,,,,,,,,,,,,,,,,,,,,,
BNBUSDT,high,2025-09-05,2025-09-05 13:30:00,инвалидация,2025-09-07 00:00:00,,,,,,,,,,,,,,,,,,,,,,,,,,,,,,
BNBUSDT,high,2025-09-16,2025-09-16 15:45:00,инвалидация,2025-09-17 00:00:00,,,,,,,,,,,,,,,,,,,,,,,,,,,,,,
BNBUSDT,high,2025-11-28,2025-11-28 15:30:00,нет сигнала,,,,,,,,,,,,,,,,,,,,,,,,,,,,,,,
BNBUSDT,high,2025-12-09,2025-12-09 16:00:00,сделка,,2025-12-10 12:00:00,886.55,4.842202921437028,20.0,1.6152507687761948,1.1046228710462305,0.6345427460279937,2.6504995677343715,2.008120027577442,1.0,False,2.5879568818593377,2.6986506746626655,False,False,False,3.0,0.6371051433137137,False,False,1.0,-1.0206517573968839,False,2.0,-1.0206517573968839,,,,,
BNBUSDT,high,2025-12-13,2025-12-13 15:00:00,инвалидация,2025-12-14 00:00:00,,,,,,,,,,,,,,,,,,,,,,,,,,,,,,
BNBUSDT,high,2025-12-19,2025-12-19 15:15:00,инвалидация,2025-12-20 00:00:00,,,,,,,,,,,,,,,,,,,,,,,,,,,,,,
BNBUSDT,high,2026-01-02,2026-01-02 14:45:00,инвалидация,2026-01-03 00:00:00,,,,,,,,,,,,,,,,,,,,,,,,,,,,,,
BNBUSDT,high,2026-01-23,2026-01-23 16:30:00,нет сигнала,,,,,,,,,,,,,,,,,,,,,,,,,,,,,,,
BNBUSDT,high,2026-03-02,2026-03-02 14:45:00,инвалидация,2026-03-03 00:00:00,,,,,,,,,,,,,,,,,,,,,,,,,,,,,,
BNBUSDT,high,2026-05-10,2026-05-10 15:45:00,инвалидация,2026-05-11 00:00:00,,,,,,,,,,,,,,,,,,,,,,,,,,,,,,
BNBUSDT,high,2026-05-20,2026-05-20 14:45:00,инвалидация,2026-05-21 00:00:00,,,,,,,,,,,,,,,,,,,,,,,,,,,,,,
BNBUSDT,high,2026-07-15,2026-07-15 13:30:00,сделка,,2026-07-17 08:00:00,566.34,3.634978987887126,42.5,0.2290598290598345,1.0372429127292917,0.906426300158261,2.2222222222222223,1.282051282051282,37.25,False,-2.314383621825863,3.0752136752136767,False,False,False,0.0,0.5173333385147628,False,False,1.0,-1.0275104753929063,False,2.0,-1.0275104753929063,,,,,
BNBUSDT,high,2026-08-03,2026-08-03 15:00:00,инвалидация,2026-08-05 00:00:00,,,,,,,,,,,,,,,,,,,,,,,,,,,,,,
BNBUSDT,high,2026-08-04,2026-08-04 14:30:00,нет сигнала,,,,,,,,,,,,,,,,,,,,,,,,,,,,,,,
BNBUSDT,high,2026-08-19,2026-08-19 14:15:00,инвалидация,2026-08-20 00:00:00,,,,,,,,,,,,,,,,,,,,,,,,,,,,,,
BNBUSDT,high,2026-09-11,2026-09-11 13:45:00,инвалидация,2026-09-12 00:00:00,,,,,,,,,,,,,,,,,,,,,,,,,,,,,,
BTCUSDT,low,2020-02-15,2020-02-15 15:45:00,инвалидация,2020-02-16 00:00:00,,,,,,,,,,,,,,,,,,,,,,,,,,,,,,
BTCUSDT,low,2020-02-16,2020-02-16 16:30:00,инвалидация,2020-02-18 00:00:00,,,,,,,,,,,,,,,,,,,,,,,,,,,,,,
BTCUSDT,low,2020-05-03,2020-05-03 14:45:00,сделка,,2020-05-04 16:00:00,8848.0,3.735601265822783,25.25,2.6157594337413688,0.35091890260009756,0.2813394407701658,0.4568812599871388,0.5712157952989227,1.5,True,15.451247748906615,3.026724127099795,False,False,True,8.0,3.727392096234489,False,True,1.0,0.9732305476724977,True,2.0,1.9732305476724978,True,0.5203826627859838,0.49361321045848155,,
BTCUSDT,low,2020-05-20,2020-05-20 15:45:00,инвалидация,2020-05-22 00:00:00,,,,,,,,,,,,,,,,,,,,,,,,,,,,,,
BTCUSDT,low,2020-05-24,2020-05-24 13:45:00,инвалидация,2020-05-25 00:00:00,,,,,,,,,,,,,,,,,,,,,,,,,,,,,,
BTCUSDT,low,2020-06-02,2020-06-02 14:45:00,нет сигнала,,,,,,,,,,,,,,,,,,,,,,,,,,,,,,,
BTCUSDT,low,2020-06-14,2020-06-14 14:30:00,инвалидация,2020-06-15 00:00:00,,,,,,,,,,,,,,,,,,,,,,,,,,,,,,
BTCUSDT,low,2020-06-17,2020-06-17 14:30:00,нет сигнала,,,,,,,,,,,,,,,,,,,,,,,,,,,,,,,
BTCUSDT,low,2020-07-02,2020-07-02 15:00:00,инвалидация,2020-07-03 00:00:00,,,,,,,,,,,,,,,,,,,,,,,,,,,,,,
BTCUSDT,low,2020-07-09,2020-07-09 15:00:00,нет сигнала,,,,,,,,,,,,,,,,,,,,,,,,,,,,,,,
BTCUSDT,low,2020-08-07,2020-08-07 14:15:00,сделка,,2020-08-08 12:00:00,11780.0,4.010092784380299,21.75,2.185057095796847,0.6048686962584229,0.44078086249819554,1.0044262853251578,0.1689454863469673,2.5,True,-0.34593639037474394,2.974823233763516,False,False,False,4.0,0.6774079147028288,True,False,1.0,-1.0249370788599979,False,2.0,-1.0249370788599979,True,0.2879407017433721,0.2630036228833742,False,False
BTCUSDT,low,2020-08-11,2020-08-11 15:00:00,нет сигнала,,,,,,,,,,,,,,,,,,,,,,,,,,,,,,,
BTCUSDT,low,2020-09-04,2020-09-04 14:45:00,сделка,,2020-09-04 20:00:00,10568.37,6.619740319462715,5.25,0.22734709872378808,0.4239376302546643,0.9537039558323894,6.6440699877590115,2.131164429218397,14.75,False,-11.560297418777568,15.895511233027243,True,False,False,12.0,0.09634095205872606,True,False,1.0,-1.0151063327523573,False,2.0,-1.0151063327523573,False,1.2959287442878813,-1.0151063327523573,False,False
BTCUSDT,low,2020-10-14,2020-10-14 15:45:00,нет сигнала,,,,,,,,,,,,,,,,,,,,,,,,,,,,,,,
BTCUSDT,low,2020-10-28,2020-10-28 14:00:00,нет сигнала,,,,,,,,,,,,,,,,,,,,,,,,,,,,,,,
BTCUSDT,low,2020-11-07,2020-11-07 16:15:00,инвалидация,2020-11-08 00:00:00,,,,,,,,,,,,,,,,,,,,,,,,,,,,,,
BTCUSDT,low,2021-01-15,2021-01-15 14:45:00,инвалидация,2021-01-16 00:00:00,,,,,,,,,,,,,,,,,,,,,,,,,,,,,,
BTCUSDT,low,2021-01-31,2021-01-31 15:30:00,сделка,,2021-02-01 04:00:00,33600.37,4.284247584178388,12.5,1.9970738888723052,0.3511089717826757,0.5219159257082853,1.1877965457763489,0.3846685415046902,2.0,True,6.312985060929475,6.51409812031151,False,False,False,19.0,4.3067250941673,False,True,1.0,0.9766586785578646,True,2.0,1.9766586785578646,True,0.9645625401035574,0.9412212186614219,,
BTCUSDT,low,2021-06-30,2021-06-30 15:00:00,инвалидация,2021-07-02 00:00:00,,,,,,,,,,,,,,,,,,,,,,,,,,,,,,
BTCUSDT,low,2021-07-12,2021-07-12 15:00:00,инвалидация,2021-07-13 00:00:00,,,,,,,,,,,,,,,,,,,,,,,,,,,,,,
BTCUSDT,low,2021-07-18,2021-07-18 14:30:00,инвалидация,2021-07-20 00:00:00,,,,,,,,,,,,,,,,,,,,,,,,,,,,,,
BTCUSDT,low,2021-08-22,2021-08-22 15:00:00,нет сигнала,,,,,,,,,,,,,,,,,,,,,,,,,,,,,,,
BTCUSDT,low,2021-09-10,2021-09-10 14:00:00,инвалидация,2021-09-11 00:00:00,,,,,,,,,,,,,,,,,,,,,,,,,,,,,,
BTCUSDT,low,2021-10-04,2021-10-04 15:00:00,нет сигнала,,,,,,,,,,,,,,,,,,,,,,,,,,,,,,,
BTCUSDT,low,2021-10-21,2021-10-21 14:15:00,инвалидация,2021-10-22 00:00:00,,,,,,,,,,,,,,,,,,,,,,,,,,,,,,
BTCUSDT,low,2021-10-22,2021-10-22 14:00:00,инвалидация,2021-10-23 00:00:00,,,,,,,,,,,,,,,,,,,,,,,,,,,,,,
BTCUSDT,low,2021-11-18,2021-11-18 15:15:00,инвалидация,2021-11-19 00:00:00,,,,,,,,,,,,,,,,,,,,,,,,,,,,,,
BTCUSDT,low,2021-12-03,2021-12-03 16:00:00,инвалидация,2021-12-04 00:00:00,,,,,,,,,,,,,,,,,,,,,,,,,,,,,,
BTCUSDT,low,2021-12-09,2021-12-09 14:45:00,инвалидация,2021-12-10 00:00:00,,,,,,,,,,,,,,,,,,,,,,,,,,,,,,
BTCUSDT,low,2021-12-10,2021-12-10 16:15:00,инвалидация,2021-12-11 00:00:00,,,,,,,,,,,,,,,,,,,,,,,,,,,,,,
BTCUSDT,low,2022-01-03,2022-01-03 15:45:00,инвалидация,2022-01-04 00:00:00,,,,,,,,,,,,,,,,,,,,,,,,,,,,,,
BTCUSDT,low,2022-02-02,2022-02-02 14:30:00,инвалидация,2022-02-03 00:00:00,,,,,,,,,,,,,,,,,,,,,,,,,,,,,,
BTCUSDT,low,2022-02-18,2022-02-18 14:30:00,инвалидация,2022-02-19 00:00:00,,,,,,,,,,,,,,,,,,,,,,,,,,,,,,
BTCUSDT,low,2022-03-31,2022-03-31 14:00:00,инвалидация,2022-04-01 00:00:00,,,,,,,,,,,,,,,,,,,,,,,,,,,,,,
BTCUSDT,low,2022-04-22,2022-04-22 15:00:00,инвалидация,2022-04-24 00:00:00,,,,,,,,,,,,,,,,,,,,,,,,,,,,,,
BTCUSDT,low,2022-04-30,2022-04-30 15:00:00,инвалидация,2022-05-01 00:00:00,,,,,,,,,,,,,,,,,,,,,,,,,,,,,,
BTCUSDT,low,2022-05-05,2022-05-05 15:00:00,инвалидация,2022-05-06 00:00:00,,,,,,,,,,,,,,,,,,,,,,,,,,,,,,
BTCUSDT,low,2022-05-06,2022-05-06 13:30:00,нет сигнала,,,,,,,,,,,,,,,,,,,,,,,,,,,,,,,
BTCUSDT,low,2022-05-14,2022-05-14 14:00:00,сделка,,2022-05-15 12:00:00,30224.8,5.462740200100575,22.0,0.44586918386100505,0.6380326189053026,0.9050923131776868,5.115139364575497,0.23424665163032632,20.0,True,-13.980077574047959,8.15234037813604,False,False,False,4.0,0.7493175922533702,False,False,1.0,-1.0183058312013737,False,2.000000000000002,-1.0183058312013737,True,0.5134751492987443,0.49516931809737047,,
BTCUSDT,low,2022-05-24,2022-05-24 14:00:00,сделка,,2022-05-25 04:00:00,30188.9,5.233505029994472,14.0,0.7042131432316212,0.741869806856326,0.8533248401709028,3.697899149465859,1.5159132753365927,18.0,False,1.3835947680536371,6.301164673534274,False,False,False,20.0,0.012911902343483567,True,False,1.0,-1.0191076533655505,False,2.0,-1.0191076533655505,False,0.29691046026121426,-1.0191076533655505,False,False
BTCUSDT,low,2022-06-01,2022-06-01 14:30:00,инвалидация,2022-06-02 00:00:00,,,,,,,,,,,,,,,,,,,,,,,,,,,,,,
BTCUSDT,low,2022-08-09,2022-08-09 13:45:00,инвалидация,2022-08-10 00:00:00,,,,,,,,,,,,,,,,,,,,,,,,,,,,,,
BTCUSDT,low,2022-08-16,2022-08-16 14:15:00,инвалидация,2022-08-18 00:00:00,,,,,,,,,,,,,,,,,,,,,,,,,,,,,,
BTCUSDT,low,2022-09-01,2022-09-01 14:45:00,нет сигнала,,,,,,,,,,,,,,,,,,,,,,,,,,,,,,,
BTCUSDT,low,2022-09-15,2022-09-15 15:15:00,нет сигнала,,,,,,,,,,,,,,,,,,,,,,,,,,,,,,,
BTCUSDT,low,2022-09-16,2022-09-16 13:45:00,сделка,,2022-09-18 00:00:00,20102.0,4.085663118097698,34.25,0.7865110779828304,0.7529002320185615,0.7902106416656527,2.864339690536168,0.37988999126099554,25.0,False,-9.005291249797827,4.4311931321647045,False,False,False,16.0,0.004018020211858365,True,False,1.0,-1.0244758309996347,False,2.0,-1.0244758309996347,False,0.25934494094727895,-1.0244758309996347,True,False
BTCUSDT,low,2022-09-18,2022-09-18 14:45:00,инвалидация,2022-09-19 00:00:00,,,,,,,,,,,,,,,,,,,,,,,,,,,,,,
BTCUSDT,low,2022-10-19,2022-10-19 13:45:00,инвалидация,2022-10-21 00:00:00,,,,,,,,,,,,,,,,,,,,,,,,,,,,,,
BTCUSDT,low,2022-11-09,2022-11-09 16:15:00,инвалидация,2022-11-10 00:00:00,,,,,,,,,,,,,,,,,,,,,,,,,,,,,,
BTCUSDT,low,2022-12-22,2022-12-22 14:30:00,сделка,,2022-12-23 00:00:00,16815.5,1.6410817400612712,9.5,0.8272334104060223,0.5273913043478229,0.4395626695695363,0.5990104347617735,0.7870997112769791,2.0,False,1.176003512972131,1.3777239999520792,True,False,True,15.0,0.5526241311570873,False,False,1.0,-1.0609354169014558,False,2.0,-1.0609354169014558,True,0.3939032331591855,0.33296781625772975,,
BTCUSDT,low,2022-12-25,2022-12-25 14:30:00,нет сигнала,,,,,,,,,,,,,,,,,,,,,,,,,,,,,,,
BTCUSDT,low,2022-12-27,2022-12-27 14:30:00,инвалидация,2022-12-28 00:00:00,,,,,,,,,,,,,,,,,,,,,,,,,,,,,,
BTCUSDT,low,2023-01-18,2023-01-18 15:45:00,инвалидация,2023-01-19 00:00:00,,,,,,,,,,,,,,,,,,,,,,,,,,,,,,
BTCUSDT,low,2023-02-08,2023-02-08 16:15:00,инвалидация,2023-02-10 00:00:00,,,,,,,,,,,,,,,,,,,,,,,,,,,,,,
BTCUSDT,low,2023-02-24,2023-02-24 15:15:00,инвалидация,2023-02-25 00:00:00,,,,,,,,,,,,,,,,,,,,,,,,,,,,,,
BTCUSDT,low,2023-03-07,2023-03-07 14:30:00,инвалидация,2023-03-08 00:00:00,,,,,,,,,,,,,,,,,,,,,,,,,,,,,,
BTCUSDT,low,2023-03-27,2023-03-27 14:15:00,инвалидация,2023-03-28 00:00:00,,,,,,,,,,,,,,,,,,,,,,,,,,,,,,
BTCUSDT,low,2023-05-06,2023-05-06 14:00:00,инвалидация,2023-05-08 00:00:00,,,,,,,,,,,,,,,,,,,,,,,,,,,,,,
BTCUSDT,low,2023-06-30,2023-06-30 13:30:00,нет сигнала,,,,,,,,,,,,,,,,,,,,,,,,,,,,,,,
BTCUSDT,low,2023-07-02,2023-07-02 15:15:00,нет сигнала,,,,,,,,,,,,,,,,,,,,,,,,,,,,,,,
BTCUSDT,low,2023-07-06,2023-07-06 14:00:00,инвалидация,2023-07-07 00:00:00,,,,,,,,,,,,,,,,,,,,,,,,,,,,,,
BTCUSDT,low,2023-07-20,2023-07-20 14:45:00,нет сигнала,,,,,,,,,,,,,,,,,,,,,,,,,,,,,,,
BTCUSDT,low,2023-08-07,2023-08-07 14:30:00,нет сигнала,,,,,,,,,,,,,,,,,,,,,,,,,,,,,,,
BTCUSDT,low,2023-08-25,2023-08-25 14:45:00,нет сигнала,,,,,,,,,,,,,,,,,,,,,,,,,,,,,,,
BTCUSDT,low,2023-08-31,2023-08-31 15:30:00,инвалидация,2023-09-01 00:00:00,,,,,,,,,,,,,,,,,,,,,,,,,,,,,,
BTCUSDT,low,2023-09-01,2023-09-01 15:00:00,нет сигнала,,,,,,,,,,,,,,,,,,,,,,,,,,,,,,,
BTCUSDT,low,2023-09-04,2023-09-04 15:00:00,нет сигнала,,,,,,,,,,,,,,,,,,,,,,,,,,,,,,,
BTCUSDT,low,2023-09-06,2023-09-06 15:15:00,нет сигнала,,,,,,,,,,,,,,,,,,,,,,,,,,,,,,,
BTCUSDT,low,2023-09-11,2023-09-11 14:00:00,инвалидация,2023-09-12 00:00:00,,,,,,,,,,,,,,,,,,,,,,,,,,,,,,
BTCUSDT,low,2023-09-27,2023-09-27 14:15:00,нет сигнала,,,,,,,,,,,,,,,,,,,,,,,,,,,,,,,
BTCUSDT,low,2023-10-03,2023-10-03 15:45:00,нет сигнала,,,,,,,,,,,,,,,,,,,,,,,,,,,,,,,
BTCUSDT,low,2023-11-21,2023-11-21 14:45:00,инвалидация,2023-11-22 00:00:00,,,,,,,,,,,,,,,,,,,,,,,,,,,,,,
BTCUSDT,low,2023-12-17,2023-12-17 14:30:00,сделка,2023-12-18 00:00:00,2023-12-17 20:00:00,42136.5,1.6185397458260635,5.5,0.3412739774389286,0.4455569461827303,0.7307960750502965,1.1503887064971745,0.07349038500795796,10.5,True,2.4627462382786978,2.6864818519576987,True,True,False,11.0,0.13240546865377953,True,False,1.0,-1.061784086710186,False,2.0,-1.061784086710186,False,0.909389497885615,-1.061784086710186,True,True
BTCUSDT,low,2024-01-18,2024-01-18 16:30:00,инвалидация,2024-01-19 00:00:00,,,,,,,,,,,,,,,,,,,,,,,,,,,,,,
BTCUSDT,low,2024-01-19,2024-01-19 16:15:00,нет сигнала,,,,,,,,,,,,,,,,,,,,,,,,,,,,,,,
BTCUSDT,low,2024-03-14,2024-03-14 14:45:00,сделка,2024-03-16 00:00:00,2024-03-16 00:00:00,69552.2,5.8053950845551965,33.25,8.135949829173217,-0.7756559212472066,-0.4546805422781849,-2.7959842046503547,0.674622240961737,5.0,True,7.256358884250866,3.3155385841617777,False,False,True,16.0,0.1350742239547496,True,False,1.0,-1.017225356507784,False,2.0,-1.017225356507784,False,1.0408689923670937,-1.017225356507784,True,False
BTCUSDT,low,2024-03-27,2024-03-27 14:00:00,нет сигнала,,,,,,,,,,,,,,,,,,,,,,,,,,,,,,,
BTCUSDT,low,2024-04-09,2024-04-09 14:30:00,сделка,,2024-04-10 20:00:00,70121.0,3.768266567789963,29.5,2.164240068134016,0.2806753246753262,0.4089547387847988,0.7189993105486191,0.24174251597616575,20.5,True,8.64989487948657,5.576445095914856,False,False,False,12.0,0.48865663401714626,True,False,1.0,-1.0265374007387829,False,2.0,-1.0265374007387829,False,1.0480837068208526,-1.0265374007387829,True,False
BTCUSDT,low,2024-04-12,2024-04-12 14:30:00,инвалидация,2024-04-13 00:00:00,,,,,,,,,,,,,,,,,,,,,,,,,,,,,,
BTCUSDT,low,2024-04-17,2024-04-17 14:15:00,инвалидация,2024-04-18 00:00:00,,,,,,,,,,,,,,,,,,,,,,,,,,,,,,
BTCUSDT,low,2024-04-24,2024-04-24 14:15:00,инвалидация,2024-04-25 00:00:00,,,,,,,,,,,,,,,,,,,,,,,,,,,,,,
BTCUSDT,low,2024-05-23,2024-05-23 13:30:00,инвалидация,2024-05-24 00:00:00,,,,,,,,,,,,,,,,,,,,,,,,,,,,,,
BTCUSDT,low,2024-06-13,2024-06-13 15:30:00,инвалидация,2024-06-14 00:00:00,,,,,,,,,,,,,,,,,,,,,,,,,,,,,,
BTCUSDT,low,2024-07-18,2024-07-18 14:45:00,сделка,,2024-07-19 16:00:00,65791.5,4.025301748706142,25.25,0.9661093962991375,0.8645147123407994,0.7433052308448898,0.9244316312301208,0.7516099211882817,3.25,False,10.688958009331255,3.5676793632389576,False,False,False,8.0,1.0075118196293282,False,True,1.0,0.975157141937957,False,2.0,-1.024842858062043,True,0.11648954214663373,0.09164668408459077,,
BTCUSDT,low,2024-08-04,2024-08-04 14:30:00,инвалидация,2024-08-05 00:00:00,,,,,,,,,,,,,,,,,,,,,,,,,,,,,,
BTCUSDT,low,2024-09-08,2024-09-08 15:45:00,сделка,,2024-09-09 20:00:00,57060.1,6.164020918294918,28.25,0.2391810144253141,3.045197224251285,0.9482268050704589,3.503583061889256,2.2211261051651983,48.0,True,-8.41993432816631,2.038529548627263,False,False,False,12.0,1.005602046971218,False,True,1.0,0.9837768233876043,False,2.0,-1.0162231766123957,,,,,
BTCUSDT,low,2024-10-01,2024-10-01 13:30:00,инвалидация,2024-10-02 00:00:00,,,,,,,,,,,,,,,,,,,,,,,,,,,,,,
BTCUSDT,low,2024-10-13,2024-10-13 14:30:00,сделка,,2024-10-14 04:00:00,64281.6,3.614751344086015,13.5,0.7012712542828781,1.8152498506868417,0.7848099086769791,0.8136667840788963,0.009926670722721012,11.5,True,1.5843204852172479,1.6084408722661605,False,False,False,20.0,2.0306246288119447,False,True,1.000000000000003,0.97233557982803,True,2.000000000000003,1.97233557982803,,,,,
BTCUSDT,low,2024-10-17,2024-10-17 13:30:00,нет сигнала,,,,,,,,,,,,,,,,,,,,,,,,,,,,,,,
BTCUSDT,low,2024-10-31,2024-10-31 13:45:00,инвалидация,2024-11-01 00:00:00,,,,,,,,,,,,,,,,,,,,,,,,,,,,,,
BTCUSDT,low,2024-11-25,2024-11-25 14:45:00,инвалидация,2024-11-26 00:00:00,,,,,,,,,,,,,,,,,,,,,,,,,,,,,,
BTCUSDT,low,2024-12-29,2024-12-29 14:30:00,инвалидация,2024-12-30 00:00:00,,,,,,,,,,,,,,,,,,,,,,,,,,,,,,
BTCUSDT,low,2025-01-07,2025-01-07 15:30:00,инвалидация,2025-01-08 00:00:00,,,,,,,,,,,,,,,,,,,,,,,,,,,,,,
BTCUSDT,low,2025-03-10,2025-03-10 14:15:00,инвалидация,2025-03-11 00:00:00,,,,,,,,,,,,,,,,,,,,,,,,,,,,,,
BTCUSDT,low,2025-03-27,2025-03-27 13:30:00,инвалидация,2025-03-29 00:00:00,,,,,,,,,,,,,,,,,,,,,,,,,,,,,,
BTCUSDT,low,2025-04-06,2025-04-06 13:45:00,инвалидация,2025-04-07 00:00:00,,,,,,,,,,,,,,,,,,,,,,,,,,,,,,
BTCUSDT,low,2025-04-30,2025-04-30 13:30:00,нет сигнала,,,,,,,,,,,,,,,,,,,,,,,,,,,,,,,
BTCUSDT,low,2025-05-06,2025-05-06 13:45:00,сделка,,2025-05-07 00:00:00,96798.9,3.6831275975243516,10.25,0.12638436900383843,1.9498837209302258,0.9406974647056104,1.8781081083973368,0.4815661816403428,37.75,True,0.6072769112595803,1.8406529609364213,True,False,False,16.0,2.30033038569494,False,True,1.0,0.9728491621992091,True,2.0,1.9728491621992092,,,,,
BTCUSDT,low,2025-05-12,2025-05-12 14:15:00,инвалидация,2025-05-13 00:00:00,,,,,,,,,,,,,,,,,,,,,,,,,,,,,,
BTCUSDT,low,2025-05-28,2025-05-28 14:45:00,сделка,2025-05-30 00:00:00,2025-05-29 12:00:00,108740.0,1.9522014897921676,21.25,0.6646624099480686,0.39914163090128757,0.6133339651960759,0.688862413671146,0.3584392859137417,4.0,False,-2.4837300190663436,3.036169697872261,False,False,False,4.0,0.015498223851726058,True,False,1.0,-1.0512242207184495,False,2.0,-1.0512242207184495,False,0.9232984422306519,-1.0512242207184495,True,False
BTCUSDT,low,2025-05-29,2025-05-29 14:30:00,инвалидация,2025-05-30 00:00:00,,,,,,,,,,,,,,,,,,,,,,,,,,,,,,
BTCUSDT,low,2025-06-02,2025-06-02 13:45:00,нет сигнала,,,,,,,,,,,,,,,,,,,,,,,,,,,,,,,
BTCUSDT,low,2025-06-05,2025-06-05 14:15:00,инвалидация,2025-06-06 00:00:00,,,,,,,,,,,,,,,,,,,,,,,,,,,,,,
BTCUSDT,low,2025-06-17,2025-06-17 14:30:00,инвалидация,2025-06-18 00:00:00,,,,,,,,,,,,,,,,,,,,,,,,,,,,,,
BTCUSDT,low,2025-06-20,2025-06-20 14:45:00,инвалидация,2025-06-21 00:00:00,,,,,,,,,,,,,,,,,,,,,,,,,,,,,,
BTCUSDT,low,2025-06-22,2025-06-22 13:30:00,сделка,,2025-06-23 20:00:00,103114.2,4.942981083109793,30.5,2.653539689988779,0.737709080521787,0.4560209102156186,1.2229399969639874,1.6606822707434008,4.25,False,-4.374984192052281,3.1260076654506177,False,False,True,12.0,1.0076094258892347,False,True,1.0,0.979769293404399,False,2.0,-1.020230706595601,True,0.1621372801282927,0.14190657353269176,,
BTCUSDT,low,2025-06-30,2025-06-30 14:00:00,инвалидация,2025-07-01 00:00:00,,,,,,,,,,,,,,,,,,,,,,,,,,,,,,
BTCUSDT,low,2025-07-18,2025-07-18 14:30:00,нет сигнала,,,,,,,,,,,,,,,,,,,,,,,,,,,,,,,
BTCUSDT,low,2025-07-29,2025-07-29 15:30:00,сделка,,2025-07-31 04:00:00,118429.0,2.402029908215046,36.5,1.437966402017242,0.42945544554455445,0.3659436847470739,0.6228064197362642,0.08501720789178017,27.0,False,-0.566152964911325,2.064947013323338,False,False,False,20.0,0.1690863711463425,True,False,1.0,-1.041631454986466,False,2.0,-1.041631454986466,False,0.48616725841037767,-1.041631454986466,True,False
BTCUSDT,low,2025-08-15,2025-08-15 15:00:00,нет сигнала,,,,,,,,,,,,,,,,,,,,,,,,,,,,,,,
BTCUSDT,low,2025-08-24,2025-08-24 14:00:00,инвалидация,2025-08-25 00:00:00,,,,,,,,,,,,,,,,,,,,,,,,,,,,,,
BTCUSDT,low,2025-10-07,2025-10-07 14:00:00,инвалидация,2025-10-08 00:00:00,,,,,,,,,,,,,,,,,,,,,,,,,,,,,,
BTCUSDT,low,2025-10-09,2025-10-09 14:45:00,инвалидация,2025-10-11 00:00:00,,,,,,,,,,,,,,,,,,,,,,,,,,,,,,
BTCUSDT,low,2025-10-10,2025-10-10 15:15:00,инвалидация,2025-10-11 00:00:00,,,,,,,,,,,,,,,,,,,,,,,,,,,,,,
BTCUSDT,low,2025-11-12,2025-11-12 15:45:00,инвалидация,2025-11-13 00:00:00,,,,,,,,,,,,,,,,,,,,,,,,,,,,,,
BTCUSDT,low,2025-11-13,2025-11-13 16:15:00,инвалидация,2025-11-14 00:00:00,,,,,,,,,,,,,,,,,,,,,,,,,,,,,,
BTCUSDT,low,2025-11-16,2025-11-16 15:45:00,инвалидация,2025-11-17 00:00:00,,,,,,,,,,,,,,,,,,,,,,,,,,,,,,
BTCUSDT,low,2025-11-20,2025-11-20 16:00:00,инвалидация,2025-11-21 00:00:00,,,,,,,,,,,,,,,,,,,,,,,,,,,,,,
BTCUSDT,low,2025-12-15,2025-12-15 15:00:00,инвалидация,2025-12-16 00:00:00,,,,,,,,,,,,,,,,,,,,,,,,,,,,,,
BTCUSDT,low,2025-12-24,2025-12-24 14:30:00,нет сигнала,,,,,,,,,,,,,,,,,,,,,,,,,,,,,,,
BTCUSDT,low,2026-01-07,2026-01-07 15:15:00,инвалидация,2026-01-09 00:00:00,,,,,,,,,,,,,,,,,,,,,,,,,,,,,,
BTCUSDT,low,2026-01-16,2026-01-16 15:00:00,нет сигнала,,,,,,,,,,,,,,,,,,,,,,,,,,,,,,,
BTCUSDT,low,2026-01-21,2026-01-21 16:45:00,нет сигнала,,,,,,,,,,,,,,,,,,,,,,,,,,,,,,,
BTCUSDT,low,2026-01-31,2026-01-31 14:30:00,инвалидация,2026-02-01 00:00:00,,,,,,,,,,,,,,,,,,,,,,,,,,,,,,
BTCUSDT,low,2026-02-10,2026-02-10 14:30:00,инвалидация,2026-02-12 00:00:00,,,,,,,,,,,,,,,,,,,,,,,,,,,,,,
BTCUSDT,low,2026-02-12,2026-02-12 16:45:00,сделка,,2026-02-13 16:00:00,68652.0,5.296394861038277,23.25,0.9700464861492577,0.827690310930535,0.8067752066029336,3.961745931510923,0.05188797674932602,38.5,False,-4.947373643586681,5.393001970525798,False,False,False,7.0,0.6288363763073488,False,False,1.000000000000002,-1.0188807675076546,False,2.0,-1.0188807675076546,True,0.16795555434546078,0.14907478683780623,,
BTCUSDT,low,2026-02-16,2026-02-16 15:30:00,инвалидация,2026-02-18 00:00:00,,,,,,,,,,,,,,,,,,,,,,,,,,,,,,
BTCUSDT,low,2026-02-17,2026-02-17 14:30:00,инвалидация,2026-02-19 00:00:00,,,,,,,,,,,,,,,,,,,,,,,,,,,,,,
BTCUSDT,low,2026-04-16,2026-04-16 13:45:00,нет сигнала,,,,,,,,,,,,,,,,,,,,,,,,,,,,,,,
BTCUSDT,low,2026-04-27,2026-04-27 15:00:00,инвалидация,2026-04-29 00:00:00,,,,,,,,,,,,,,,,,,,,,,,,,,,,,,
BTCUSDT,low,2026-05-12,2026-05-12 13:45:00,инвалидация,2026-05-14 00:00:00,,,,,,,,,,,,,,,,,,,,,,,,,,,,,,
BTCUSDT,low,2026-05-13,2026-05-13 13:30:00,инвалидация,2026-05-14 00:00:00,,,,,,,,,,,,,,,,,,,,,,,,,,,,,,
BTCUSDT,low,2026-05-15,2026-05-15 13:45:00,инвалидация,2026-05-17 00:00:00,,,,,,,,,,,,,,,,,,,,,,,,,,,,,,
BTCUSDT,low,2026-05-22,2026-05-22 15:00:00,инвалидация,2026-05-23 00:00:00,,,,,,,,,,,,,,,,,,,,,,,,,,,,,,
BTCUSDT,low,2026-05-29,2026-05-29 14:15:00,нет сигнала,,,,,,,,,,,,,,,,,,,,,,,,,,,,,,,
BTCUSDT,low,2026-06-25,2026-06-25 13:45:00,нет сигнала,,,,,,,,,,,,,,,,,,,,,,,,,,,,,,,
BTCUSDT,low,2026-07-31,2026-07-31 13:30:00,инвалидация,2026-08-01 00:00:00,,,,,,,,,,,,,,,,,,,,,,,,,,,,,,
BTCUSDT,low,2026-08-10,2026-08-10 13:30:00,инвалидация,2026-08-11 00:00:00,,,,,,,,,,,,,,,,,,,,,,,,,,,,,,
BTCUSDT,low,2026-08-11,2026-08-11 14:45:00,инвалидация,2026-08-12 00:00:00,,,,,,,,,,,,,,,,,,,,,,,,,,,,,,
BTCUSDT,low,2026-08-26,2026-08-26 14:45:00,нет сигнала,,,,,,,,,,,,,,,,,,,,,,,,,,,,,,,
BTCUSDT,low,2026-08-28,2026-08-28 14:00:00,инвалидация,2026-08-29 00:00:00,,,,,,,,,,,,,,,,,,,,,,,,,,,,,,
BTCUSDT,low,2026-09-06,2026-09-06 14:30:00,инвалидация,2026-09-08 00:00:00,,,,,,,,,,,,,,,,,,,,,,,,,,,,,,
BTCUSDT,low,2026-09-15,2026-09-15 13:30:00,инвалидация,2026-09-16 00:00:00,,,,,,,,,,,,,,,,,,,,,,,,,,,,,,
BTCUSDT,low,2026-09-23,2026-09-23 14:00:00,инвалидация,2026-09-24 00:00:00,,,,,,,,,,,,,,,,,,,,,,,,,,,,,,
BTCUSDT,high,2020-01-10,2020-01-10 15:15:00,инвалидация,2020-01-11 00:00:00,,,,,,,,,,,,,,,,,,,,,,,,,,,,,,
BTCUSDT,high,2020-01-30,2020-01-30 16:15:00,инвалидация,2020-01-31 00:00:00,,,,,,,,,,,,,,,,,,,,,,,,,,,,,,
BTCUSDT,high,2020-02-11,2020-02-11 15:45:00,инвалидация,2020-02-12 00:00:00,,,,,,,,,,,,,,,,,,,,,,,,,,,,,,
BTCUSDT,high,2020-03-07,2020-03-07 16:30:00,сделка,,2020-03-08 04:00:00,8756.73,5.212836298481284,11.5,0.26416841417249926,2.279079790959534,0.9267121457081899,4.487050300934118,1.112775402380235,60.5,False,-7.046747186642048,2.0219504888477418,False,False,False,19.0,11.249096334073787,False,True,1.0,0.980816585391501,True,2.0,1.980816585391501,,,,,
BTCUSDT,high,2020-04-12,2020-04-12 14:15:00,сделка,,2020-04-13 04:00:00,6671.0,7.647338929695685,13.75,3.307758327717198,1.4614685277287558,0.5356814034852775,1.0552569884854837,1.9584463760101838,1.0,False,6.163890834087515,2.692719763603999,False,False,True,20.0,0.40315278928138604,True,False,1.0,-1.0130764440963491,False,2.0,-1.0130764440963491,,,,False,False
BTCUSDT,high,2020-04-25,2020-04-25 15:45:00,инвалидация,2020-04-27 00:00:00,,,,,,,,,,,,,,,,,,,,,,,,,,,,,,
BTCUSDT,high,2020-07-01,2020-07-01 13:30:00,инвалидация,2020-07-02 00:00:00,,,,,,,,,,,,,,,,,,,,,,,,,,,,,,
BTCUSDT,high,2020-07-08,2020-07-08 13:45:00,инвалидация,2020-07-09 00:00:00,,,,,,,,,,,,,,,,,,,,,,,,,,,,,,
BTCUSDT,high,2020-07-23,2020-07-23 14:15:00,инвалидация,2020-07-24 00:00:00,,,,,,,,,,,,,,,,,,,,,,,,,,,,,,
BTCUSDT,high,2020-07-29,2020-07-29 14:45:00,нет сигнала,,,,,,,,,,,,,,,,,,,,,,,,,,,,,,,
BTCUSDT,high,2020-09-24,2020-09-24 15:45:00,инвалидация,2020-09-25 00:00:00,,,,,,,,,,,,,,,,,,,,,,,,,,,,,,
BTCUSDT,high,2020-10-12,2020-10-12 13:45:00,инвалидация,2020-10-13 00:00:00,,,,,,,,,,,,,,,,,,,,,,,,,,,,,,
BTCUSDT,high,2020-10-24,2020-10-24 14:00:00,инвалидация,2020-10-25 00:00:00,,,,,,,,,,,,,,,,,,,,,,,,,,,,,,
BTCUSDT,high,2020-11-28,2020-11-28 15:45:00,инвалидация,2020-11-29 00:00:00,,,,,,,,,,,,,,,,,,,,,,,,,,,,,,
BTCUSDT,high,2021-04-05,2021-04-05 14:15:00,инвалидация,2021-04-06 00:00:00,,,,,,,,,,,,,,,,,,,,,,,,,,,,,,
BTCUSDT,high,2021-04-30,2021-04-30 13:30:00,инвалидация,2021-05-01 00:00:00,,,,,,,,,,,,,,,,,,,,,,,,,,,,,,
BTCUSDT,high,2021-05-05,2021-05-05 15:00:00,инвалидация,2021-05-06 00:00:00,,,,,,,,,,,,,,,,,,,,,,,,,,,,,,
BTCUSDT,high,2021-05-14,2021-05-14 15:00:00,нет сигнала,,,,,,,,,,,,,,,,,,,,,,,,,,,,,,,
BTCUSDT,high,2021-06-02,2021-06-02 14:15:00,инвалидация,2021-06-04 00:00:00,,,,,,,,,,,,,,,,,,,,,,,,,,,,,,
BTCUSDT,high,2021-08-06,2021-08-06 15:15:00,инвалидация,2021-08-07 00:00:00,,,,,,,,,,,,,,,,,,,,,,,,,,,,,,
BTCUSDT,high,2021-09-13,2021-09-13 13:45:00,инвалидация,2021-09-15 00:00:00,,,,,,,,,,,,,,,,,,,,,,,,,,,,,,
BTCUSDT,high,2021-09-14,2021-09-14 15:15:00,инвалидация,2021-09-15 00:00:00,,,,,,,,,,,,,,,,,,,,,,,,,,,,,,
BTCUSDT,high,2021-10-28,2021-10-28 13:30:00,инвалидация,2021-10-30 00:00:00,,,,,,,,,,,,,,,,,,,,,,,,,,,,,,
BTCUSDT,high,2021-11-21,2021-11-21 16:45:00,сделка,,2021-11-22 04:00:00,57433.77,4.664682154767135,11.25,0.29892854709169014,0.97531017171362,0.9107787807860244,3.964736519321287,0.32448227807002,49.0,False,6.186837723466165,4.178519366721755,False,False,False,19.0,1.4683161730985737,False,True,1.0,0.9785623121400021,False,2.0,-1.0214376878599978,True,0.02305622596448045,0.0016185381044826058,,
BTCUSDT,high,2021-11-30,2021-11-30 15:00:00,нет сигнала,,,,,,,,,,,,,,,,,,,,,,,,,,,,,,,
BTCUSDT,high,2022-01-13,2022-01-13 14:30:00,сделка,,2022-01-14 12:00:00,41983.12,5.854630813526949,21.5,0.21823927765237086,1.2291140583554363,0.9426040820214949,4.740406320541761,0.8726410835214486,42.5,False,-5.599624198570242,4.255079006772009,False,False,False,3.0,0.35292729406443596,False,False,1.0,-1.0170804963088285,False,2.0,-1.0170804963088285,,,,,
BTCUSDT,high,2022-01-20,2022-01-20 14:30:00,сделка,,2022-01-21 00:00:00,40661.69,7.074976470481182,9.5,2.232929838994006,1.3175896904908468,0.654653339381709,0.7688094958279387,1.3916793982841615,0.0,True,3.2166189617679355,3.359642731225762,True,False,True,15.0,2.714073425206088,False,True,1.0,0.9858656773747265,True,2.0,1.9858656773747265,,,,,
BTCUSDT,high,2022-02-06,2022-02-06 14:30:00,инвалидация,2022-02-07 00:00:00,,,,,,,,,,,,,,,,,,,,,,,,,,,,,,
BTCUSDT,high,2022-02-14,2022-02-14 14:30:00,инвалидация,2022-02-16 00:00:00,,,,,,,,,,,,,,,,,,,,,,,,,,,,,,
BTCUSDT,high,2022-02-28,2022-02-28 14:45:00,инвалидация,2022-03-01 00:00:00,,,,,,,,,,,,,,,,,,,,,,,,,,,,,,
BTCUSDT,high,2022-03-02,2022-03-02 15:00:00,сделка,,2022-03-04 04:00:00,41441.1,9.541855790507492,37.0,0.923556247913653,1.6103890117994117,0.8835809571979519,7.668855012796261,3.02881940580839,39.0,False,-15.865807475381768,4.8283075553577355,False,False,False,19.0,1.089233103622684,False,True,1.0,0.9895198583802238,False,2.0,-1.0104801416197762,,,,,
BTCUSDT,high,2022-04-13,2022-04-13 14:15:00,инвалидация,2022-04-14 00:00:00,,,,,,,,,,,,,,,,,,,,,,,,,,,,,,
BTCUSDT,high,2022-04-19,2022-04-19 13:45:00,инвалидация,2022-04-20 00:00:00,,,,,,,,,,,,,,,,,,,,,,,,,,,,,,
BTCUSDT,high,2022-07-07,2022-07-07 14:15:00,инвалидация,2022-07-08 00:00:00,,,,,,,,,,,,,,,,,,,,,,,,,,,,,,
BTCUSDT,high,2022-08-23,2022-08-23 13:30:00,сделка,,2022-08-24 04:00:00,21253.2,2.0498898989328658,14.5,0.543851508120653,0.429273936939541,0.6812539479676215,1.1382830626450082,0.06914153132249568,2.0,True,8.340511976548331,3.208352668213464,False,False,False,20.0,0.06679410338901388,True,False,1.0,-1.0487831078401129,False,2.0,-1.0487831078401129,False,0.9057372232750189,-1.0487831078401129,False,True
BTCUSDT,high,2022-08-29,2022-08-29 14:00:00,инвалидация,2022-08-30 00:00:00,,,,,,,,,,,,,,,,,,,,,,,,,,,,,,
BTCUSDT,high,2022-10-03,2022-10-03 14:15:00,инвалидация,2022-10-04 00:00:00,,,,,,,,,,,,,,,,,,,,,,,,,,,,,,
BTCUSDT,high,2022-10-20,2022-10-20 14:15:00,нет сигнала,,,,,,,,,,,,,,,,,,,,,,,,,,,,,,,
BTCUSDT,high,2022-10-25,2022-10-25 15:00:00,инвалидация,2022-10-26 00:00:00,,,,,,,,,,,,,,,,,,,,,,,,,,,,,,
BTCUSDT,high,2022-11-22,2022-11-22 15:45:00,инвалидация,2022-11-24 00:00:00,,,,,,,,,,,,,,,,,,,,,,,,,,,,,,
BTCUSDT,high,2022-12-14,2022-12-14 15:15:00,сделка,,2022-12-15 16:00:00,17424.0,5.707070707070716,24.75,1.6574585635359116,0.66015625,0.6798069187449709,3.243646408839771,0.5801104972375691,26.75,False,-3.259177509293672,5.657458563535911,False,False,False,7.0,1.2208366854384536,False,True,1.0,0.9824778761061947,False,2.0,-1.0175221238938053,True,0.3499597747385353,0.33243765084473,,
BTCUSDT,high,2023-01-08,2023-01-08 15:45:00,инвалидация,2023-01-09 00:00:00,,,,,,,,,,,,,,,,,,,,,,,,,,,,,,
BTCUSDT,high,2023-01-13,2023-01-13 14:45:00,инвалидация,2023-01-14 00:00:00,,,,,,,,,,,,,,,,,,,,,,,,,,,,,,
BTCUSDT,high,2023-01-23,2023-01-23 14:45:00,нет сигнала,,,,,,,,,,,,,,,,,,,,,,,,,,,,,,,
BTCUSDT,high,2023-02-19,2023-02-19 15:15:00,нет сигнала,,,,,,,,,,,,,,,,,,,,,,,,,,,,,,,
BTCUSDT,high,2023-03-19,2023-03-19 15:45:00,инвалидация,2023-03-20 00:00:00,,,,,,,,,,,,,,,,,,,,,,,,,,,,,,
BTCUSDT,high,2023-03-22,2023-03-22 14:30:00,нет сигнала,,,,,,,,,,,,,,,,,,,,,,,,,,,,,,,
BTCUSDT,high,2023-04-10,2023-04-10 15:30:00,инвалидация,2023-04-11 00:00:00,,,,,,,,,,,,,,,,,,,,,,,,,,,,,,
BTCUSDT,high,2023-04-13,2023-04-13 14:45:00,сделка,,2023-04-14 16:00:00,30226.7,2.856279382135663,25.25,1.8996062992125984,0.2945348837209294,0.29338896102316553,0.3110236220472417,0.920931758530186,2.75,True,-7.114557899228055,2.8215223097112863,False,False,True,8.0,1.6524991341956243,False,True,1.0,0.9649894192334822,False,2.0,-1.0350105807665178,True,0.7027204210531198,0.6677098402866021,,
BTCUSDT,high,2023-04-30,2023-04-30 14:30:00,нет сигнала,,,,,,,,,,,,,,,,,,,,,,,,,,,,,,,
BTCUSDT,high,2023-05-14,2023-05-14 15:00:00,сделка,2023-05-16 00:00:00,2023-05-16 00:00:00,27152.5,1.9340760519289253,33.0,2.212446629576918,-0.26818906001062237,-0.1923260020946391,-0.8409884849268986,0.033269874128976216,9.25,True,3.2433350928061615,1.3921593996635993,False,False,True,16.0,1.556126820908309,False,True,1.0,0.9482957250309437,False,2.0,-1.0517042749690564,True,0.9094544415881124,0.8577501666190561,,
BTCUSDT,high,2023-05-26,2023-05-26 14:15:00,инвалидация,2023-05-27 00:00:00,,,,,,,,,,,,,,,,,,,,,,,,,,,,,,
BTCUSDT,high,2023-06-03,2023-06-03 15:45:00,сделка,,2023-06-05 04:00:00,26835.9,2.427941675144108,36.25,0.622938805423232,0.5589611029049701,0.6969427220823872,0.7009893733968461,0.04140710883107099,14.25,False,2.9509155002370333,2.976914620740203,False,False,False,20.0,2.3241144330529933,False,True,1.0,0.958812849162011,True,2.0,1.958812849162011,True,0.5499109828718831,0.5087238320338942,,
BTCUSDT,high,2023-06-16,2023-06-16 15:45:00,инвалидация,2023-06-17 00:00:00,,,,,,,,,,,,,,,,,,,,,,,,,,,,,,
BTCUSDT,high,2023-06-23,2023-06-23 15:15:00,инвалидация,2023-06-24 00:00:00,,,,,,,,,,,,,,,,,,,,,,,,,,,,,,
BTCUSDT,high,2023-07-03,2023-07-03 15:00:00,инвалидация,2023-07-04 00:00:00,,,,,,,,,,,,,,,,,,,,,,,,,,,,,,
BTCUSDT,high,2023-07-13,2023-07-13 15:30:00,инвалидация,2023-07-14 00:00:00,,,,,,,,,,,,,,,,,,,,,,,,,,,,,,
BTCUSDT,high,2023-07-16,2023-07-16 14:15:00,нет сигнала,,,,,,,,,,,,,,,,,,,,,,,,,,,,,,,
BTCUSDT,high,2023-07-30,2023-07-30 14:45:00,нет сигнала,,,,,,,,,,,,,,,,,,,,,,,,,,,,,,,
BTCUSDT,high,2023-08-27,2023-08-27 14:00:00,нет сигнала,,,,,,,,,,,,,,,,,,,,,,,,,,,,,,,
BTCUSDT,high,2023-08-29,2023-08-29 14:15:00,инвалидация,2023-08-30 00:00:00,,,,,,,,,,,,,,,,,,,,,,,,,,,,,,
BTCUSDT,high,2023-09-28,2023-09-28 14:45:00,инвалидация,2023-09-29 00:00:00,,,,,,,,,,,,,,,,,,,,,,,,,,,,,,
BTCUSDT,high,2023-11-20,2023-11-20 16:00:00,сделка,,2023-11-21 16:00:00,36975.9,2.2895580634953903,24.0,0.6834860185140775,0.4810137606688704,0.65238599280143,1.4074749121993517,0.13323314201054143,19.5,False,-5.10953626367446,3.0595658731300652,False,False,False,7.0,1.6125970620541772,True,True,1.0,0.9563234487937233,False,2.0,-1.0436765512062767,True,0.7038870416628212,0.6602104904565446,False,False
BTCUSDT,high,2023-11-28,2023-11-28 15:30:00,инвалидация,2023-11-29 00:00:00,,,,,,,,,,,,,,,,,,,,,,,,,,,,,,
BTCUSDT,high,2023-12-05,2023-12-05 15:45:00,инвалидация,2023-12-06 00:00:00,,,,,,,,,,,,,,,,,,,,,,,,,,,,,,
BTCUSDT,high,2023-12-08,2023-12-08 14:45:00,инвалидация,2023-12-09 00:00:00,,,,,,,,,,,,,,,,,,,,,,,,,,,,,,
BTCUSDT,high,2023-12-13,2023-12-13 16:00:00,инвалидация,2023-12-14 00:00:00,,,,,,,,,,,,,,,,,,,,,,,,,,,,,,
BTCUSDT,high,2024-01-16,2024-01-16 16:00:00,нет сигнала,,,,,,,,,,,,,,,,,,,,,,,,,,,,,,,
BTCUSDT,high,2024-01-29,2024-01-29 16:15:00,инвалидация,2024-01-30 00:00:00,,,,,,,,,,,,,,,,,,,,,,,,,,,,,,
BTCUSDT,high,2024-02-26,2024-02-26 15:00:00,инвалидация,2024-02-27 00:00:00,,,,,,,,,,,,,,,,,,,,,,,,,,,,,,
BTCUSDT,high,2024-03-07,2024-03-07 14:30:00,инвалидация,2024-03-09 00:00:00,,,,,,,,,,,,,,,,,,,,,,,,,,,,,,
BTCUSDT,high,2024-03-12,2024-03-12 14:00:00,инвалидация,2024-03-14 00:00:00,,,,,,,,,,,,,,,,,,,,,,,,,,,,,,
BTCUSDT,high,2024-05-05,2024-05-05 15:45:00,нет сигнала,,,,,,,,,,,,,,,,,,,,,,,,,,,,,,,
BTCUSDT,high,2024-05-12,2024-05-12 15:30:00,инвалидация,2024-05-14 00:00:00,,,,,,,,,,,,,,,,,,,,,,,,,,,,,,
BTCUSDT,high,2024-05-17,2024-05-17 14:45:00,инвалидация,2024-05-18 00:00:00,,,,,,,,,,,,,,,,,,,,,,,,,,,,,,
BTCUSDT,high,2024-05-27,2024-05-27 15:00:00,сделка,,2024-05-28 04:00:00,68070.0,4.041060672836785,13.0,1.6664678841735083,1.0592210687661114,0.5526856311914943,0.9077414524725387,0.20318923758051652,0.25,True,2.3436342077960575,2.0625000898113717,False,False,False,20.0,0.4978642188494047,False,False,1.0,-1.0247459783695356,False,2.0,-1.0247459783695356,,,,,
BTCUSDT,high,2024-06-04,2024-06-04 15:45:00,инвалидация,2024-06-05 00:00:00,,,,,,,,,,,,,,,,,,,,,,,,,,,,,,
BTCUSDT,high,2024-06-10,2024-06-10 15:15:00,нет сигнала,,,,,,,,,,,,,,,,,,,,,,,,,,,,,,,
BTCUSDT,high,2024-07-19,2024-07-19 13:45:00,инвалидация,2024-07-20 00:00:00,,,,,,,,,,,,,,,,,,,,,,,,,,,,,,
BTCUSDT,high,2024-08-23,2024-08-23 14:00:00,инвалидация,2024-08-24 00:00:00,,,,,,,,,,,,,,,,,,,,,,,,,,,,,,
BTCUSDT,high,2024-09-13,2024-09-13 15:15:00,инвалидация,2024-09-14 00:00:00,,,,,,,,,,,,,,,,,,,,,,,,,,,,,,
BTCUSDT,high,2024-09-26,2024-09-26 14:00:00,инвалидация,2024-09-27 00:00:00,,,,,,,,,,,,,,,,,,,,,,,,,,,,,,
BTCUSDT,high,2024-10-06,2024-10-06 14:15:00,инвалидация,2024-10-07 00:00:00,,,,,,,,,,,,,,,,,,,,,,,,,,,,,,
BTCUSDT,high,2024-10-12,2024-10-12 15:00:00,сделка,,2024-10-13 04:00:00,62686.2,1.3397886616193044,13.0,0.09873817034700086,0.21357189874932786,0.8499009242702349,0.9936908517350157,0.017350157728706624,3.0,False,0.44641364054067,5.2716088328075665,False,False,False,20.0,0.7932249870395429,True,False,1.0,-1.0746386373199617,False,2.0,-1.0746386373199617,False,3.1295595255700075,-1.0746386373199617,True,False
BTCUSDT,high,2024-10-15,2024-10-15 13:45:00,инвалидация,2024-10-16 00:00:00,,,,,,,,,,,,,,,,,,,,,,,,,,,,,,
BTCUSDT,high,2024-10-20,2024-10-20 14:15:00,инвалидация,2024-10-21 00:00:00,,,,,,,,,,,,,,,,,,,,,,,,,,,,,,
BTCUSDT,high,2024-11-05,2024-11-05 14:30:00,инвалидация,2024-11-07 00:00:00,,,,,,,,,,,,,,,,,,,,,,,,,,,,,,
BTCUSDT,high,2024-11-13,2024-11-13 14:30:00,инвалидация,2024-11-14 00:00:00,,,,,,,,,,,,,,,,,,,,,,,,,,,,,,
BTCUSDT,high,2024-11-27,2024-11-27 15:30:00,инвалидация,2024-11-28 00:00:00,,,,,,,,,,,,,,,,,,,,,,,,,,,,,,
BTCUSDT,high,2024-12-12,2024-12-12 16:00:00,нет сигнала,,,,,,,,,,,,,,,,,,,,,,,,,,,,,,,
BTCUSDT,high,2024-12-17,2024-12-17 14:30:00,сделка,,2024-12-18 04:00:00,104716.8,3.5890772063317478,13.5,0.5472410625643717,0.6781756936441807,0.8142366519414748,2.5843176187869425,0.7212113901852927,22.75,False,-4.853765948377737,4.186793100568761,False,False,False,19.0,3.311065859777174,False,True,1.0,0.9721376849114355,True,2.0,1.9721376849114356,True,0.38639123781106083,0.3585289227224963,,
BTCUSDT,high,2025-01-03,2025-01-03 16:15:00,инвалидация,2025-01-04 00:00:00,,,,,,,,,,,,,,,,,,,,,,,,,,,,,,
BTCUSDT,high,2025-01-12,2025-01-12 15:15:00,сделка,,2025-01-13 08:00:00,93557.9,2.642785376756008,16.75,0.9964416557880995,1.205919554768541,0.5783943560747082,1.3740683033646326,0.6966143091758928,64.5,True,7.45534368626468,1.2484734913883797,False,False,False,23.0,1.880216433784838,True,True,1.0,0.9621611346575751,False,2.0,-1.0378388653424249,,,,True,False
BTCUSDT,high,2025-01-23,2025-01-23 16:00:00,нет сигнала,,,,,,,,,,,,,,,,,,,,,,,,,,,,,,,
BTCUSDT,high,2025-03-02,2025-03-02 15:15:00,инвалидация,2025-03-03 00:00:00,,,,,,,,,,,,,,,,,,,,,,,,,,,,,,
BTCUSDT,high,2025-03-14,2025-03-14 15:00:00,сделка,,2025-03-16 12:00:00,82367.9,3.6271049765746146,45.0,1.1423711644689372,0.44035697254581524,0.6490893502686599,2.2324335672796307,0.20081345462007694,3.5,True,5.916711434860251,5.223403485590195,False,False,False,4.0,0.4198729790516699,True,False,1.0,-1.0275701973463252,False,2.0,-1.0275701973463252,False,0.8249178546499086,-1.0275701973463252,False,False
BTCUSDT,high,2025-03-31,2025-03-31 14:15:00,инвалидация,2025-04-02 00:00:00,,,,,,,,,,,,,,,,,,,,,,,,,,,,,,
BTCUSDT,high,2025-04-02,2025-04-02 13:45:00,сделка,,2025-04-03 16:00:00,82001.8,8.032384654970985,26.25,3.3932858619904085,1.1187659547973352,0.5455994655897488,3.924855862749794,0.1331845716188351,52.25,False,2.3744368697758524,3.752767376789664,False,False,False,8.0,1.145459790183249,False,True,1.0,0.9875503970121609,False,2.0,-1.0124496029878391,,,,,
BTCUSDT,high,2025-04-12,2025-04-12 13:30:00,инвалидация,2025-04-13 00:00:00,,,,,,,,,,,,,,,,,,,,,,,,,,,,,,
BTCUSDT,high,2025-05-02,2025-05-02 14:30:00,нет сигнала,,,,,,,,,,,,,,,,,,,,,,,,,,,,,,,
BTCUSDT,high,2025-06-08,2025-06-08 13:45:00,сделка,2025-06-10 00:00:00,2025-06-09 04:00:00,105617.0,0.9203845971765993,14.25,0.5707496248050855,0.12573380810316778,0.26880431765777985,0.1999465423982035,0.20958024448824186,5.75,False,0.2899419076627667,1.962819576816021,False,False,True,20.0,0.3621091458688766,True,False,1.0,-1.1086502319864577,False,2.0,-1.1086502319864577,False,1.8690798497987493,-1.1086502319864577,True,True
BTCUSDT,high,2025-07-20,2025-07-20 14:00:00,нет сигнала,,,,,,,,,,,,,,,,,,,,,,,,,,,,,,,
BTCUSDT,high,2025-08-06,2025-08-06 14:45:00,инвалидация,2025-08-08 00:00:00,,,,,,,,,,,,,,,,,,,,,,,,,,,,,,
BTCUSDT,high,2025-08-22,2025-08-22 14:00:00,инвалидация,2025-08-23 00:00:00,,,,,,,,,,,,,,,,,,,,,,,,,,,,,,
BTCUSDT,high,2025-08-27,2025-08-27 14:30:00,сделка,2025-08-29 00:00:00,2025-08-28 20:00:00,111864.7,1.499784114202252,29.5,0.9783673106026884,0.12341193008513979,0.27733918886780945,0.3000089023413158,0.7008813317902634,5.25,False,0.6689358735646314,3.356449746283275,False,False,True,12.0,2.7735110974418267,False,True,1.0,0.9333237370278517,True,2.0,1.9333237370278515,True,1.9699248209931324,1.903248558020984,,
BTCUSDT,high,2025-09-24,2025-09-24 14:30:00,сделка,,2025-09-25 04:00:00,112485.8,1.3547450433743622,13.5,0.5659804264366719,0.4157430934746182,0.5046276786116222,0.4609076171605972,0.024016642120243105,5.5,True,4.332785550146094,1.6332199606550868,False,False,False,20.0,2.572223113942572,True,True,1.0,0.92618537304191,True,2.0,1.92618537304191,True,0.7091692227250697,0.6353545957669796,False,False
BTCUSDT,high,2025-10-03,2025-10-03 15:15:00,инвалидация,2025-10-04 00:00:00,,,,,,,,,,,,,,,,,,,,,,,,,,,,,,
BTCUSDT,high,2025-10-12,2025-10-12 15:00:00,инвалидация,2025-10-13 00:00:00,,,,,,,,,,,,,,,,,,,,,,,,,,,,,,
BTCUSDT,high,2025-10-21,2025-10-21 14:45:00,сделка,,2025-10-22 00:00:00,108253.7,5.358006239047723,9.25,2.051052395879982,0.7948651937839357,0.5855447360798863,2.577339901477838,2.2243618450515004,0.5,False,0.20695760575976824,3.8269592476489054,True,False,False,16.0,0.3264347682164863,True,False,1.0,-1.0186636587451554,False,2.0,-1.0186636587451554,True,0.1511144366440008,0.13245077789884543,False,False
BTCUSDT,high,2025-12-02,2025-12-02 15:00:00,инвалидация,2025-12-03 00:00:00,,,,,,,,,,,,,,,,,,,,,,,,,,,,,,
BTCUSDT,high,2025-12-09,2025-12-09 15:45:00,инвалидация,2025-12-10 00:00:00,,,,,,,,,,,,,,,,,,,,,,,,,,,,,,
BTCUSDT,high,2025-12-17,2025-12-17 14:45:00,нет сигнала,,,,,,,,,,,,,,,,,,,,,,,,,,,,,,,
BTCUSDT,high,2025-12-25,2025-12-25 15:15:00,сделка,,2025-12-26 00:00:00,87182.8,1.720286570286793,8.75,0.6369180753192225,0.50676279568611,0.567077878695343,0.662590178943653,0.03930330908872645,19.75,False,0.5365493757094177,1.9064376775606535,True,False,False,15.0,0.23869944805753412,True,False,1.0,-1.0581298498327105,False,2.0,-1.0581298498327105,False,0.5519424667654398,-1.0581298498327105,True,False
BTCUSDT,high,2026-01-09,2026-01-09 15:15:00,нет сигнала,,,,,,,,,,,,,,,,,,,,,,,,,,,,,,,
BTCUSDT,high,2026-01-14,2026-01-14 15:00:00,инвалидация,2026-01-15 00:00:00,,,,,,,,,,,,,,,,,,,,,,,,,,,,,,
BTCUSDT,high,2026-01-23,2026-01-23 16:30:00,нет сигнала,,,,,,,,,,,,,,,,,,,,,,,,,,,,,,,
BTCUSDT,high,2026-02-13,2026-02-13 15:00:00,инвалидация,2026-02-14 00:00:00,,,,,,,,,,,,,,,,,,,,,,,,,,,,,,
BTCUSDT,high,2026-03-02,2026-03-02 15:00:00,инвалидация,2026-03-03 00:00:00,,,,,,,,,,,,,,,,,,,,,,,,,,,,,,
BTCUSDT,high,2026-04-04,2026-04-04 15:00:00,инвалидация,2026-04-06 00:00:00,,,,,,,,,,,,,,,,,,,,,,,,,,,,,,
BTCUSDT,high,2026-04-05,2026-04-05 15:30:00,инвалидация,2026-04-06 00:00:00,,,,,,,,,,,,,,,,,,,,,,,,,,,,,,
BTCUSDT,high,2026-04-10,2026-04-10 15:15:00,сделка,,2026-04-12 04:00:00,71563.6,3.1909705492736444,36.75,0.8825620829230859,0.5794074074074053,0.6850666591229335,1.2293512744776283,0.16546329723225028,27.0,False,-6.658738535178597,3.692156219232032,False,False,False,20.0,0.48406589426904856,True,False,1.0,-1.0313384277466187,False,2.0,-1.0313384277466187,False,0.49729078119407455,-1.0313384277466187,False,False
BTCUSDT,high,2026-05-10,2026-05-10 15:00:00,инвалидация,2026-05-11 00:00:00,,,,,,,,,,,,,,,,,,,,,,,,,,,,,,
BTCUSDT,high,2026-05-26,2026-05-26 14:15:00,сделка,,2026-05-27 00:00:00,75905.5,2.9637866821244847,9.75,0.24291321245021583,1.9502213477619224,0.8811931276715194,2.4236113696735915,0.7661010246777704,62.25,False,0.29518657520355734,1.3050807635075539,True,False,False,16.0,1.542221325896058,False,True,1.0,0.9662593800683663,False,2.0,-1.0337406199316337,,,,,
BTCUSDT,high,2026-06-27,2026-06-27 15:00:00,нет сигнала,,,,,,,,,,,,,,,,,,,,,,,,,,,,,,,
BTCUSDT,high,2026-07-01,2026-07-01 15:15:00,инвалидация,2026-07-03 00:00:00,,,,,,,,,,,,,,,,,,,,,,,,,,,,,,
BTCUSDT,high,2026-07-03,2026-07-03 13:45:00,инвалидация,2026-07-04 00:00:00,,,,,,,,,,,,,,,,,,,,,,,,,,,,,,
BTCUSDT,high,2026-07-04,2026-07-04 15:00:00,инвалидация,2026-07-05 00:00:00,,,,,,,,,,,,,,,,,,,,,,,,,,,,,,
BTCUSDT,high,2026-07-14,2026-07-14 15:15:00,инвалидация,2026-07-15 00:00:00,,,,,,,,,,,,,,,,,,,,,,,,,,,,,,
BTCUSDT,high,2026-08-03,2026-08-03 14:30:00,инвалидация,2026-08-05 00:00:00,,,,,,,,,,,,,,,,,,,,,,,,,,,,,,
BTCUSDT,high,2026-08-09,2026-08-09 13:30:00,сделка,,2026-08-10 16:00:00,64268.8,1.9906746352817966,26.5,0.4906158402774536,2.3612358067071666,0.6989308203088926,0.5033531298436229,0.07565643079662218,10.0,False,-2.25411514208501,0.5811580191212761,False,False,False,8.0,1.3948914582009146,False,True,1.0,0.9497657737594852,False,2.0,-1.0502342262405149,,,,,
BTCUSDT,high,2026-08-18,2026-08-18 14:15:00,инвалидация,2026-08-19 00:00:00,,,,,,,,,,,,,,,,,,,,,,,,,,,,,,
BTCUSDT,high,2026-08-19,2026-08-19 13:30:00,инвалидация,2026-08-20 00:00:00,,,,,,,,,,,,,,,,,,,,,,,,,,,,,,
BTCUSDT,high,2026-09-11,2026-09-11 13:45:00,нет сигнала,,,,,,,,,,,,,,,,,,,,,,,,,,,,,,,
DOGEUSDT,low,2020-08-11,2020-08-11 15:00:00,сделка,,2020-08-12 16:00:00,0.003501,5.521593830334197,25.0,2.0993494973388493,0.6502732240437168,0.6155883524476105,2.956830277942041,0.4435245416913016,18.0,True,-0.02852253280091651,5.410999408633945,False,False,False,8.0,1.236349716260323,False,True,1.0,0.9818892872107641,False,2.0,-1.018110712789236,True,0.3310727273667807,0.3129620145775447,,
DOGEUSDT,low,2020-09-13,2020-09-13 15:45:00,сделка,,2020-09-14 16:00:00,0.002804,2.665192582025681,24.25,0.8348457350272238,0.6533333333333334,0.6556762832521535,1.5607985480943765,0.1088929219600713,12.75,True,-0.03551136363636835,2.722323049001814,False,False,False,8.0,0.9099181073703344,False,False,1.0,-1.0375207407803886,False,2.0,-1.0375207407803886,True,0.34790986458277506,0.31038912380238654,,
DOGEUSDT,low,2020-09-18,2020-09-18 15:15:00,сделка,,2020-09-19 12:00:00,0.002801,2.13295251695823,20.75,0.6517016654598198,0.4020618556701034,0.6527852169255483,1.122375090514112,0.5068790731354136,1.5,False,-0.35523978685611346,3.511947863866758,False,False,False,4.0,0.11716657739689439,True,False,1.0,-1.0468833690412427,False,2.0,-1.0468833690412427,False,0.9708087841456859,-1.0468833690412427,True,False
DOGEUSDT,low,2021-01-15,2021-01-15 16:00:00,нет сигнала,,,,,,,,,,,,,,,,,,,,,,,,,,,,,,,
DOGEUSDT,low,2021-01-19,2021-01-19 15:00:00,нет сигнала,,,,,,,,,,,,,,,,,,,,,,,,,,,,,,,
DOGEUSDT,low,2021-01-25,2021-01-25 16:30:00,инвалидация,2021-01-26 00:00:00,,,,,,,,,,,,,,,,,,,,,,,,,,,,,,
DOGEUSDT,low,2021-06-07,2021-06-07 14:00:00,инвалидация,2021-06-08 00:00:00,,,,,,,,,,,,,,,,,,,,,,,,,,,,,,
DOGEUSDT,low,2021-06-15,2021-06-15 14:15:00,инвалидация,2021-06-17 00:00:00,,,,,,,,,,,,,,,,,,,,,,,,,,,,,,
DOGEUSDT,low,2021-06-22,2021-06-22 13:45:00,нет сигнала,,,,,,,,,,,,,,,,,,,,,,,,,,,,,,,
DOGEUSDT,low,2021-07-12,2021-07-12 13:30:00,инвалидация,2021-07-13 00:00:00,,,,,,,,,,,,,,,,,,,,,,,,,,,,,,
DOGEUSDT,low,2021-08-12,2021-08-12 14:45:00,нет сигнала,,,,,,,,,,,,,,,,,,,,,,,,,,,,,,,
DOGEUSDT,low,2021-09-16,2021-09-16 14:00:00,нет сигнала,,,,,,,,,,,,,,,,,,,,,,,,,,,,,,,
DOGEUSDT,low,2021-10-21,2021-10-21 15:15:00,нет сигнала,,,,,,,,,,,,,,,,,,,,,,,,,,,,,,,
DOGEUSDT,low,2021-10-22,2021-10-22 14:00:00,нет сигнала,,,,,,,,,,,,,,,,,,,,,,,,,,,,,,,
DOGEUSDT,low,2021-10-30,2021-10-30 14:15:00,инвалидация,2021-10-31 00:00:00,,,,,,,,,,,,,,,,,,,,,,,,,,,,,,
DOGEUSDT,low,2021-11-04,2021-11-04 13:30:00,нет сигнала,,,,,,,,,,,,,,,,,,,,,,,,,,,,,,,
DOGEUSDT,low,2021-11-15,2021-11-15 15:00:00,инвалидация,2021-11-16 00:00:00,,,,,,,,,,,,,,,,,,,,,,,,,,,,,,
DOGEUSDT,low,2021-12-03,2021-12-03 16:00:00,инвалидация,2021-12-04 00:00:00,,,,,,,,,,,,,,,,,,,,,,,,,,,,,,
DOGEUSDT,low,2021-12-09,2021-12-09 15:15:00,инвалидация,2021-12-10 00:00:00,,,,,,,,,,,,,,,,,,,,,,,,,,,,,,
DOGEUSDT,low,2022-01-03,2022-01-03 15:45:00,инвалидация,2022-01-04 00:00:00,,,,,,,,,,,,,,,,,,,,,,,,,,,,,,
DOGEUSDT,low,2022-02-02,2022-02-02 14:45:00,инвалидация,2022-02-03 00:00:00,,,,,,,,,,,,,,,,,,,,,,,,,,,,,,
DOGEUSDT,low,2022-02-06,2022-02-06 15:00:00,нет сигнала,,,,,,,,,,,,,,,,,,,,,,,,,,,,,,,
DOGEUSDT,low,2022-02-18,2022-02-18 14:30:00,сделка,,2022-02-19 08:00:00,0.14376,5.603672787979972,17.5,0.5636483419954766,0.5343796711509707,0.8875548670281413,4.6409486860405424,1.4420613425078685,20.0,False,-4.131142995771831,9.794304955713345,False,False,False,23.0,0.02606804504558032,True,False,1.0,-1.0178454388369182,False,2.0,-1.0178454388369182,False,0.7733520030189287,-1.0178454388369182,True,False
DOGEUSDT,low,2022-04-06,2022-04-06 13:45:00,инвалидация,2022-04-07 00:00:00,,,,,,,,,,,,,,,,,,,,,,,,,,,,,,
DOGEUSDT,low,2022-04-16,2022-04-16 15:30:00,инвалидация,2022-04-18 00:00:00,,,,,,,,,,,,,,,,,,,,,,,,,,,,,,
DOGEUSDT,low,2022-04-30,2022-04-30 14:15:00,инвалидация,2022-05-01 00:00:00,,,,,,,,,,,,,,,,,,,,,,,,,,,,,,
DOGEUSDT,low,2022-05-05,2022-05-05 15:00:00,инвалидация,2022-05-06 00:00:00,,,,,,,,,,,,,,,,,,,,,,,,,,,,,,
DOGEUSDT,low,2022-05-06,2022-05-06 13:30:00,нет сигнала,,,,,,,,,,,,,,,,,,,,,,,,,,,,,,,
DOGEUSDT,low,2022-05-24,2022-05-24 13:45:00,нет сигнала,,,,,,,,,,,,,,,,,,,,,,,,,,,,,,,
DOGEUSDT,low,2022-08-09,2022-08-09 14:00:00,сделка,,2022-08-10 16:00:00,0.07111,6.506187596681208,26.0,3.214077952297853,0.6135770234986958,0.5079378802779612,1.0180337405468183,0.5526468877254093,8.5,True,5.925030229746081,5.570098894706224,False,False,False,8.0,2.9330710788816674,False,True,1.0,0.9846300158865677,True,2.0,1.9846300158865677,True,0.319892792685693,0.3045228085722608,,
DOGEUSDT,low,2022-09-15,2022-09-15 15:15:00,инвалидация,2022-09-16 00:00:00,,,,,,,,,,,,,,,,,,,,,,,,,,,,,,
DOGEUSDT,low,2022-09-25,2022-09-25 13:30:00,инвалидация,2022-09-26 00:00:00,,,,,,,,,,,,,,,,,,,,,,,,,,,,,,
DOGEUSDT,low,2022-12-11,2022-12-11 16:00:00,инвалидация,2022-12-12 00:00:00,,,,,,,,,,,,,,,,,,,,,,,,,,,,,,
DOGEUSDT,low,2022-12-27,2022-12-27 14:30:00,инвалидация,2022-12-28 00:00:00,,,,,,,,,,,,,,,,,,,,,,,,,,,,,,
DOGEUSDT,low,2023-01-16,2023-01-16 15:00:00,сделка,,2023-01-18 04:00:00,0.08699,6.496631796758237,37.0,1.6191396810053094,0.8041825095057028,0.748484451695327,4.120347994200093,1.401643305944894,3.0,False,10.661528580603727,6.355727404543258,False,False,False,19.0,0.4954507008857954,True,False,1.0,-1.0153925915964483,False,2.0,-1.0153925915964483,True,0.18225507925441833,0.16686248765797,False,True
DOGEUSDT,low,2023-01-18,2023-01-18 16:15:00,инвалидация,2023-01-19 00:00:00,,,,,,,,,,,,,,,,,,,,,,,,,,,,,,
DOGEUSDT,low,2023-02-08,2023-02-08 16:15:00,инвалидация,2023-02-10 00:00:00,,,,,,,,,,,,,,,,,,,,,,,,,,,,,,
DOGEUSDT,low,2023-03-07,2023-03-07 15:00:00,инвалидация,2023-03-09 00:00:00,,,,,,,,,,,,,,,,,,,,,,,,,,,,,,
DOGEUSDT,low,2023-03-15,2023-03-15 14:30:00,инвалидация,2023-03-16 00:00:00,,,,,,,,,,,,,,,,,,,,,,,,,,,,,,
DOGEUSDT,low,2023-05-06,2023-05-06 14:00:00,инвалидация,2023-05-07 00:00:00,,,,,,,,,,,,,,,,,,,,,,,,,,,,,,
DOGEUSDT,low,2023-05-21,2023-05-21 15:30:00,инвалидация,2023-05-22 00:00:00,,,,,,,,,,,,,,,,,,,,,,,,,,,,,,
DOGEUSDT,low,2023-06-20,2023-06-20 13:45:00,сделка,,2023-06-20 20:00:00,0.06248,3.0100192061459654,6.25,1.2695312500000047,0.7428571428571468,0.5529973519934489,1.2369791666666614,0.2441406249999957,6.25,True,3.4482758620689635,2.2786458333333193,True,False,False,12.0,4.067720906490274,False,True,1.0,0.9667776206225474,True,1.9999999999999962,1.9667776206225436,True,0.19142216030542067,0.15819978092796805,,
DOGEUSDT,low,2023-06-24,2023-06-24 15:30:00,нет сигнала,,,,,,,,,,,,,,,,,,,,,,,,,,,,,,,
DOGEUSDT,low,2023-06-30,2023-06-30 13:45:00,сделка,,2023-07-01 04:00:00,0.06954,12.971786022433133,14.25,2.8076367720198965,4.1918604651162985,0.7992834163656883,6.60997914326968,0.09626183218352416,105.75,True,-4.906226556639153,2.759505855928112,False,False,False,20.0,0.25940682306459173,False,False,1.0,-1.0077090386649195,False,2.0,-1.0077090386649195,,,,,
DOGEUSDT,low,2023-07-02,2023-07-02 15:15:00,сделка,,2023-07-02 20:00:00,0.068,3.3761323529412004,4.75,0.8592101296352141,0.3293650793650809,0.7230689485444957,2.4118179077479716,0.8441362677117953,11.25,True,5.922375135302304,7.597226409406095,True,False,False,12.0,1.6900647712967618,True,True,1.0,0.9703803081319123,False,2.0,-1.0296196918680875,True,1.472272919325529,1.4426532274574415,False,False
DOGEUSDT,low,2023-07-06,2023-07-06 14:00:00,инвалидация,2023-07-07 00:00:00,,,,,,,,,,,,,,,,,,,,,,,,,,,,,,
DOGEUSDT,low,2023-08-02,2023-08-02 14:30:00,инвалидация,2023-08-03 00:00:00,,,,,,,,,,,,,,,,,,,,,,,,,,,,,,
DOGEUSDT,low,2023-08-13,2023-08-13 15:15:00,инвалидация,2023-08-14 00:00:00,,,,,,,,,,,,,,,,,,,,,,,,,,,,,,
DOGEUSDT,low,2023-08-15,2023-08-15 14:00:00,инвалидация,2023-08-16 00:00:00,,,,,,,,,,,,,,,,,,,,,,,,,,,,,,
DOGEUSDT,low,2023-08-24,2023-08-24 15:15:00,нет сигнала,,,,,,,,,,,,,,,,,,,,,,,,,,,,,,,
DOGEUSDT,low,2023-09-04,2023-09-04 15:00:00,нет сигнала,,,,,,,,,,,,,,,,,,,,,,,,,,,,,,,
DOGEUSDT,low,2023-10-17,2023-10-17 13:45:00,инвалидация,2023-10-18 00:00:00,,,,,,,,,,,,,,,,,,,,,,,,,,,,,,
DOGEUSDT,low,2023-10-31,2023-10-31 15:00:00,нет сигнала,,,,,,,,,,,,,,,,,,,,,,,,,,,,,,,
DOGEUSDT,low,2023-11-09,2023-11-09 16:00:00,нет сигнала,,,,,,,,,,,,,,,,,,,,,,,,,,,,,,,
DOGEUSDT,low,2024-01-12,2024-01-12 16:15:00,инвалидация,2024-01-13 00:00:00,,,,,,,,,,,,,,,,,,,,,,,,,,,,,,
DOGEUSDT,low,2024-01-16,2024-01-16 14:30:00,нет сигнала,,,,,,,,,,,,,,,,,,,,,,,,,,,,,,,
DOGEUSDT,low,2024-02-03,2024-02-03 15:00:00,инвалидация,2024-02-05 00:00:00,,,,,,,,,,,,,,,,,,,,,,,,,,,,,,
DOGEUSDT,low,2024-02-16,2024-02-16 15:00:00,инвалидация,2024-02-18 00:00:00,,,,,,,,,,,,,,,,,,,,,,,,,,,,,,
DOGEUSDT,low,2024-02-20,2024-02-20 15:15:00,инвалидация,2024-02-22 00:00:00,,,,,,,,,,,,,,,,,,,,,,,,,,,,,,
DOGEUSDT,low,2024-03-22,2024-03-22 14:15:00,нет сигнала,,,,,,,,,,,,,,,,,,,,,,,,,,,,,,,
DOGEUSDT,low,2024-04-17,2024-04-17 15:15:00,нет сигнала,,,,,,,,,,,,,,,,,,,,,,,,,,,,,,,
DOGEUSDT,low,2024-04-24,2024-04-24 14:15:00,инвалидация,2024-04-25 00:00:00,,,,,,,,,,,,,,,,,,,,,,,,,,,,,,
DOGEUSDT,low,2024-05-23,2024-05-23 13:30:00,инвалидация,2024-05-24 00:00:00,,,,,,,,,,,,,,,,,,,,,,,,,,,,,,
DOGEUSDT,low,2024-06-14,2024-06-14 14:30:00,инвалидация,2024-06-15 00:00:00,,,,,,,,,,,,,,,,,,,,,,,,,,,,,,
DOGEUSDT,low,2024-06-23,2024-06-23 15:45:00,инвалидация,2024-06-24 00:00:00,,,,,,,,,,,,,,,,,,,,,,,,,,,,,,
DOGEUSDT,low,2024-08-02,2024-08-02 15:00:00,инвалидация,2024-08-03 00:00:00,,,,,,,,,,,,,,,,,,,,,,,,,,,,,,
DOGEUSDT,low,2024-08-04,2024-08-04 14:15:00,инвалидация,2024-08-05 00:00:00,,,,,,,,,,,,,,,,,,,,,,,,,,,,,,
DOGEUSDT,low,2024-08-14,2024-08-14 13:45:00,инвалидация,2024-08-15 00:00:00,,,,,,,,,,,,,,,,,,,,,,,,,,,,,,
DOGEUSDT,low,2024-08-16,2024-08-16 15:30:00,сделка,,2024-08-17 20:00:00,0.10284,5.423337222870481,28.5,0.47025148231445724,0.7080394922425949,0.9000674154080055,4.426497648742589,1.7072173379677005,19.5,False,-4.7378936352392715,7.248006542629318,False,False,False,12.0,0.9108251932814088,False,False,1.0,-1.018438831275012,False,2.0,-1.018438831275012,True,0.3711433366323854,0.3527045053573736,,
DOGEUSDT,low,2024-08-30,2024-08-30 15:00:00,нет сигнала,,,,,,,,,,,,,,,,,,,,,,,,,,,,,,,
DOGEUSDT,low,2024-10-01,2024-10-01 14:30:00,инвалидация,2024-10-02 00:00:00,,,,,,,,,,,,,,,,,,,,,,,,,,,,,,
DOGEUSDT,low,2024-10-13,2024-10-13 15:15:00,нет сигнала,,,,,,,,,,,,,,,,,,,,,,,,,,,,,,,
DOGEUSDT,low,2024-10-25,2024-10-25 15:45:00,инвалидация,2024-10-26 00:00:00,,,,,,,,,,,,,,,,,,,,,,,,,,,,,,
DOGEUSDT,low,2024-11-15,2024-11-15 15:30:00,сделка,,2024-11-16 00:00:00,0.38203,7.916168887260156,8.5,0.17575688853611787,0.4521161569354337,0.9678547880540196,7.880712098877421,1.1679328722077367,15.5,False,65.57534246575342,18.352420909400145,True,False,False,15.0,0.32338981302249176,True,False,1.0,-1.0126323732381373,False,2.0,-1.0126323732381373,False,1.172866734959895,-1.0126323732381373,False,True
DOGEUSDT,low,2024-11-25,2024-11-25 15:00:00,инвалидация,2024-11-26 00:00:00,,,,,,,,,,,,,,,,,,,,,,,,,,,,,,
DOGEUSDT,low,2024-12-10,2024-12-10 16:00:00,сделка,,2024-12-11 16:00:00,0.41288,11.684993218368541,24.0,0.9954702037052124,0.4464303746339495,0.9163643900922374,9.691594108552358,4.453847614397697,2.0,False,-4.443880142204161,26.861420782813898,False,False,False,7.0,0.23525753964141283,False,False,1.0,-1.008557985283449,False,2.0,-1.008557985283449,False,1.1362835526997603,-1.008557985283449,,
DOGEUSDT,low,2024-12-30,2024-12-30 14:30:00,сделка,,2024-12-31 16:00:00,0.32745,6.479322033898323,25.5,1.6522827168019645,0.8824188129899221,0.7428166892433898,4.347268118964339,1.6779492444415784,23.25,False,-6.75747863247862,5.730052295550061,False,False,False,7.0,3.355401022032799,False,True,1.0,0.9845662864915768,True,2.0,1.984566286491577,True,0.09897938118090814,0.08354566767248504,,
DOGEUSDT,low,2025-01-07,2025-01-07 14:45:00,инвалидация,2025-01-08 00:00:00,,,,,,,,,,,,,,,,,,,,,,,,,,,,,,
DOGEUSDT,low,2025-02-06,2025-02-06 15:15:00,инвалидация,2025-02-07 00:00:00,,,,,,,,,,,,,,,,,,,,,,,,,,,,,,
DOGEUSDT,low,2025-02-21,2025-02-21 15:30:00,инвалидация,2025-02-22 00:00:00,,,,,,,,,,,,,,,,,,,,,,,,,,,,,,
DOGEUSDT,low,2025-03-27,2025-03-27 13:30:00,инвалидация,2025-03-29 00:00:00,,,,,,,,,,,,,,,,,,,,,,,,,,,,,,
DOGEUSDT,low,2025-04-14,2025-04-14 15:30:00,инвалидация,2025-04-15 00:00:00,,,,,,,,,,,,,,,,,,,,,,,,,,,,,,
DOGEUSDT,low,2025-04-15,2025-04-15 14:15:00,инвалидация,2025-04-16 00:00:00,,,,,,,,,,,,,,,,,,,,,,,,,,,,,,
DOGEUSDT,low,2025-05-28,2025-05-28 14:15:00,инвалидация,2025-05-30 00:00:00,,,,,,,,,,,,,,,,,,,,,,,,,,,,,,
DOGEUSDT,low,2025-06-04,2025-06-04 14:00:00,инвалидация,2025-06-05 00:00:00,,,,,,,,,,,,,,,,,,,,,,,,,,,,,,
DOGEUSDT,low,2025-06-30,2025-06-30 15:15:00,сделка,2025-07-02 00:00:00,2025-06-30 20:00:00,0.16747,3.27351167373262,4.75,0.22152482924127698,0.6631016042780763,0.9047545214924807,2.5044612639222317,0.3384407113408375,7.25,True,2.257908717701034,4.602793674235441,True,False,False,12.0,0.07478817617175602,True,False,1.0,-1.030548233813376,False,2.0,-1.030548233813376,False,0.45967366817762845,-1.030548233813376,True,True
DOGEUSDT,low,2025-07-25,2025-07-25 15:30:00,сделка,,2025-07-26 00:00:00,0.23662,6.7706956301242585,8.5,0.3699693196174044,0.5994397759103642,0.9350332879340743,5.4367442699873685,0.6045840101064826,15.5,False,-3.8448790188929327,11.275040606388732,True,False,False,16.0,0.7415350774804278,True,False,0.9999999999999982,-1.0147695311475942,False,2.0,-1.0147695311475942,True,0.624811963432582,0.6100424322849879,False,False
DOGEUSDT,low,2025-07-28,2025-07-28 14:15:00,инвалидация,2025-07-29 00:00:00,,,,,,,,,,,,,,,,,,,,,,,,,,,,,,
DOGEUSDT,low,2025-08-05,2025-08-05 14:30:00,нет сигнала,,,,,,,,,,,,,,,,,,,,,,,,,,,,,,,
DOGEUSDT,low,2025-09-04,2025-09-04 15:00:00,инвалидация,2025-09-05 00:00:00,,,,,,,,,,,,,,,,,,,,,,,,,,,,,,
DOGEUSDT,low,2025-09-16,2025-09-16 13:45:00,сделка,,2025-09-18 00:00:00,0.28241,9.25481746397082,34.25,0.7774425620793733,1.017476555839728,0.9132811432887231,6.045486191691821,2.274309584590412,30.0,False,9.349643221202845,9.074031097702475,False,False,False,16.0,0.24065933771621634,True,False,1.0,-1.0108051833965719,False,2.0,-1.0108051833965719,,,,True,False
DOGEUSDT,low,2025-10-07,2025-10-07 15:30:00,инвалидация,2025-10-08 00:00:00,,,,,,,,,,,,,,,,,,,,,,,,,,,,,,
DOGEUSDT,low,2025-10-09,2025-10-09 14:30:00,инвалидация,2025-10-11 00:00:00,,,,,,,,,,,,,,,,,,,,,,,,,,,,,,
DOGEUSDT,low,2025-10-10,2025-10-10 15:15:00,инвалидация,2025-10-11 00:00:00,,,,,,,,,,,,,,,,,,,,,,,,,,,,,,
DOGEUSDT,low,2025-11-16,2025-11-16 16:45:00,сделка,2025-11-18 00:00:00,2025-11-17 04:00:00,0.1614,5.020724907063188,11.25,2.317143039022219,0.5619295958278997,0.5318722272612268,2.4253612578776367,0.8912088611623811,1.75,True,-10.242157402311495,4.882551403653944,False,False,False,19.0,0.4516594783703276,True,False,1.0,-1.019917442570757,False,2.0,-1.019917442570757,True,0.41463820965144577,0.3947207670806888,True,False
DOGEUSDT,low,2025-12-12,2025-12-12 15:45:00,нет сигнала,,,,,,,,,,,,,,,,,,,,,,,,,,,,,,,
DOGEUSDT,low,2025-12-15,2025-12-15 15:00:00,инвалидация,2025-12-16 00:00:00,,,,,,,,,,,,,,,,,,,,,,,,,,,,,,
DOGEUSDT,low,2025-12-17,2025-12-17 16:15:00,инвалидация,2025-12-18 00:00:00,,,,,,,,,,,,,,,,,,,,,,,,,,,,,,
DOGEUSDT,low,2025-12-26,2025-12-26 14:45:00,инвалидация,2025-12-27 00:00:00,,,,,,,,,,,,,,,,,,,,,,,,,,,,,,
DOGEUSDT,low,2025-12-31,2025-12-31 15:00:00,инвалидация,2026-01-01 00:00:00,,,,,,,,,,,,,,,,,,,,,,,,,,,,,,
DOGEUSDT,low,2026-01-06,2026-01-06 16:00:00,нет сигнала,,,,,,,,,,,,,,,,,,,,,,,,,,,,,,,
DOGEUSDT,low,2026-01-23,2026-01-23 14:30:00,нет сигнала,,,,,,,,,,,,,,,,,,,,,,,,,,,,,,,
DOGEUSDT,low,2026-02-04,2026-02-04 16:30:00,инвалидация,2026-02-06 00:00:00,,,,,,,,,,,,,,,,,,,,,,,,,,,,,,
DOGEUSDT,low,2026-02-10,2026-02-10 14:30:00,инвалидация,2026-02-12 00:00:00,,,,,,,,,,,,,,,,,,,,,,,,,,,,,,
DOGEUSDT,low,2026-04-27,2026-04-27 15:15:00,сделка,,2026-04-28 00:00:00,0.09889,2.15073313782992,8.75,0.5646237552612616,0.5967741935483883,0.695861504753488,1.4680217636792945,0.36957191253464655,7.25,True,4.236308209818135,2.545939841905359,True,False,False,16.0,6.164016437377141,False,True,1.0,0.9535042268884648,True,2.0,1.9535042268884648,True,0.4701766924010029,0.4236809192894678,,
DOGEUSDT,low,2026-05-12,2026-05-12 13:45:00,нет сигнала,,,,,,,,,,,,,,,,,,,,,,,,,,,,,,,
DOGEUSDT,low,2026-05-15,2026-05-15 13:45:00,инвалидация,2026-05-17 00:00:00,,,,,,,,,,,,,,,,,,,,,,,,,,,,,,
DOGEUSDT,low,2026-06-01,2026-06-01 13:45:00,инвалидация,2026-06-03 00:00:00,,,,,,,,,,,,,,,,,,,,,,,,,,,,,,
DOGEUSDT,low,2026-06-02,2026-06-02 14:00:00,инвалидация,2026-06-03 00:00:00,,,,,,,,,,,,,,,,,,,,,,,,,,,,,,
DOGEUSDT,low,2026-06-09,2026-06-09 14:30:00,сделка,2026-06-11 00:00:00,2026-06-10 16:00:00,0.08508,2.812376586741893,25.5,1.8265923378009723,0.2421383647798762,0.32180276416036896,0.1067489028585064,0.08302692444549949,7.0,True,-5.549474605954456,3.7717945676669467,False,False,False,8.0,0.03761331009666319,True,False,1.0,-1.0355571158113817,False,2.0,-1.0355571158113817,False,1.00720085925517,-1.0355571158113817,False,True
DOGEUSDT,low,2026-06-14,2026-06-14 14:30:00,сделка,,2026-06-15 00:00:00,0.08886,3.7312964213369346,9.5,0.1282948448798682,1.0229508196721313,0.940997638457849,2.076043853510618,0.08164217401446305,6.5,True,1.7846795688955843,3.557266153487284,True,False,False,16.0,0.6092356505400204,True,False,1.0,-1.0268003365876168,False,2.0,-1.0268003365876168,,,,True,False
DOGEUSDT,low,2026-06-25,2026-06-25 13:45:00,нет сигнала,,,,,,,,,,,,,,,,,,,,,,,,,,,,,,,
DOGEUSDT,low,2026-07-27,2026-07-27 14:30:00,инвалидация,2026-07-28 00:00:00,,,,,,,,,,,,,,,,,,,,,,,,,,,,,,
DOGEUSDT,low,2026-08-25,2026-08-25 13:45:00,инвалидация,2026-08-26 00:00:00,,,,,,,,,,,,,,,,,,,,,,,,,,,,,,
DOGEUSDT,low,2026-08-26,2026-08-26 14:30:00,сделка,,2026-08-27 12:00:00,0.08827,5.283437181375324,21.5,1.2274283016641085,0.4234449760765549,0.759055597606188,3.646878319367397,1.0385931783311602,15.0,False,6.514172053704635,9.866635194146118,False,False,False,4.0,0.4309891952509705,True,False,1.0,-1.0189270727685589,False,2.0,-1.0189270727685589,False,1.0335163786615333,-1.0189270727685589,False,False
DOGEUSDT,low,2026-09-15,2026-09-15 14:30:00,инвалидация,2026-09-16 00:00:00,,,,,,,,,,,,,,,,,,,,,,,,,,,,,,
DOGEUSDT,low,2026-09-23,2026-09-23 14:00:00,инвалидация,2026-09-24 00:00:00,,,,,,,,,,,,,,,,,,,,,,,,,,,,,,
DOGEUSDT,high,2020-08-10,2020-08-10 14:45:00,нет сигнала,,,,,,,,,,,,,,,,,,,,,,,,,,,,,,,
DOGEUSDT,high,2020-08-23,2020-08-23 13:30:00,нет сигнала,,,,,,,,,,,,,,,,,,,,,,,,,,,,,,,
DOGEUSDT,high,2020-09-07,2020-09-07 15:15:00,инвалидация,2020-09-08 00:00:00,,,,,,,,,,,,,,,,,,,,,,,,,,,,,,
DOGEUSDT,high,2020-10-08,2020-10-08 14:30:00,инвалидация,2020-10-10 00:00:00,,,,,,,,,,,,,,,,,,,,,,,,,,,,,,
DOGEUSDT,high,2020-10-19,2020-10-19 15:15:00,нет сигнала,,,,,,,,,,,,,,,,,,,,,,,,,,,,,,,
DOGEUSDT,high,2021-05-03,2021-05-03 13:30:00,инвалидация,2021-05-04 00:00:00,,,,,,,,,,,,,,,,,,,,,,,,,,,,,,
DOGEUSDT,high,2021-09-04,2021-09-04 13:45:00,инвалидация,2021-09-06 00:00:00,,,,,,,,,,,,,,,,,,,,,,,,,,,,,,
DOGEUSDT,high,2021-10-20,2021-10-20 14:00:00,сделка,,2021-10-21 16:00:00,0.24525,7.030470948012231,26.0,2.7788665046641223,0.6532364597093785,0.573591698985571,3.5039586109586804,1.685349220036058,3.5,True,-5.474452554744531,5.9339970212432345,False,False,False,8.0,0.5944706688172012,True,False,1.0,-1.0142237981977968,False,2.0,-1.0142237981977968,True,0.3044849767112494,0.2902611785134525,True,False
DOGEUSDT,high,2021-11-07,2021-11-07 16:30:00,инвалидация,2021-11-09 00:00:00,,,,,,,,,,,,,,,,,,,,,,,,,,,,,,
DOGEUSDT,high,2021-12-12,2021-12-12 16:15:00,сделка,,2021-12-13 04:00:00,0.1648,5.60914441747572,11.75,2.306560753162699,0.5760626398210275,0.5571259656399317,1.0355987055016085,0.6237128567225686,0.5,False,4.840800225415602,5.2603706972639035,False,False,False,19.0,1.4701634704945017,True,True,1.0,0.9821719690995221,False,2.0,-1.017828030900478,True,0.410001438791331,0.39217340789085314,True,True
DOGEUSDT,high,2022-02-28,2022-02-28 15:15:00,инвалидация,2022-03-01 00:00:00,,,,,,,,,,,,,,,,,,,,,,,,,,,,,,
DOGEUSDT,high,2022-03-23,2022-03-23 15:45:00,инвалидация,2022-03-24 00:00:00,,,,,,,,,,,,,,,,,,,,,,,,,,,,,,
DOGEUSDT,high,2022-04-03,2022-04-03 13:45:00,инвалидация,2022-04-04 00:00:00,,,,,,,,,,,,,,,,,,,,,,,,,,,,,,
DOGEUSDT,high,2022-05-07,2022-05-07 14:45:00,нет сигнала,,,,,,,,,,,,,,,,,,,,,,,,,,,,,,,
DOGEUSDT,high,2022-05-27,2022-05-27 15:15:00,нет сигнала,,,,,,,,,,,,,,,,,,,,,,,,,,,,,,,
DOGEUSDT,high,2022-09-30,2022-09-30 14:45:00,инвалидация,2022-10-01 00:00:00,,,,,,,,,,,,,,,,,,,,,,,,,,,,,,
DOGEUSDT,high,2022-10-25,2022-10-25 13:30:00,инвалидация,2022-10-26 00:00:00,,,,,,,,,,,,,,,,,,,,,,,,,,,,,,
DOGEUSDT,high,2023-01-20,2023-01-20 16:15:00,инвалидация,2023-01-21 00:00:00,,,,,,,,,,,,,,,,,,,,,,,,,,,,,,
DOGEUSDT,high,2023-01-22,2023-01-22 16:15:00,нет сигнала,,,,,,,,,,,,,,,,,,,,,,,,,,,,,,,
DOGEUSDT,high,2023-03-22,2023-03-22 15:45:00,сделка,,2023-03-24 12:00:00,0.07393,7.70938725821723,44.25,2.1181001283697034,0.5189542483660139,0.696546218561115,2.9139922978177077,0.038510911424906605,3.25,False,-5.61147111540053,9.820282413350437,False,False,False,4.0,0.4860032809607769,False,False,1.0,-1.0129711994806607,False,2.0,-1.0129711994806607,False,0.6456650086410314,-1.0129711994806607,,
DOGEUSDT,high,2023-04-09,2023-04-09 15:15:00,инвалидация,2023-04-11 00:00:00,,,,,,,,,,,,,,,,,,,,,,,,,,,,,,
DOGEUSDT,high,2023-04-18,2023-04-18 15:30:00,сделка,,2023-04-19 12:00:00,0.08841,7.991607284243875,20.5,0.40000000000000563,0.9454806312769003,0.9327169946980898,3.32631578947368,0.2631578947368423,7.5,False,-9.56490471053578,7.3368421052631625,False,False,False,4.0,1.7720207547223201,False,True,1.0,0.9874868726098243,False,2.0,-1.0125131273901757,True,0.05378337753949608,0.04127025014932034,,
DOGEUSDT,high,2023-05-14,2023-05-14 15:00:00,сделка,,2023-05-14 20:00:00,0.07152,1.6535654362416163,5.0,0.37313432835821775,0.7636363636363648,0.7102813221379389,1.1470425649530092,0.38695411829740534,39.0,True,0.9676527508985433,1.5201768933112079,True,False,False,12.0,0.6088125618325224,True,False,1.0,-1.0604753811420307,False,2.0,-1.0604753811420307,True,0.2198489806617416,0.15937359951971092,True,True
DOGEUSDT,high,2023-05-26,2023-05-26 14:15:00,инвалидация,2023-05-28 00:00:00,,,,,,,,,,,,,,,,,,,,,,,,,,,,,,
DOGEUSDT,high,2023-06-18,2023-06-18 14:15:00,нет сигнала,,,,,,,,,,,,,,,,,,,,,,,,,,,,,,,
DOGEUSDT,high,2023-07-13,2023-07-13 15:15:00,инвалидация,2023-07-14 00:00:00,,,,,,,,,,,,,,,,,,,,,,,,,,,,,,
DOGEUSDT,high,2023-07-19,2023-07-19 15:45:00,инвалидация,2023-07-21 00:00:00,,,,,,,,,,,,,,,,,,,,,,,,,,,,,,
DOGEUSDT,high,2023-09-02,2023-09-02 14:30:00,нет сигнала,,,,,,,,,,,,,,,,,,,,,,,,,,,,,,,
DOGEUSDT,high,2023-09-23,2023-09-23 14:30:00,нет сигнала,,,,,,,,,,,,,,,,,,,,,,,,,,,,,,,
DOGEUSDT,high,2023-09-28,2023-09-28 15:45:00,инвалидация,2023-09-29 00:00:00,,,,,,,,,,,,,,,,,,,,,,,,,,,,,,
DOGEUSDT,high,2023-10-30,2023-10-30 14:15:00,сделка,,2023-10-31 08:00:00,0.06856,2.917867561260221,17.75,0.29880478087649665,0.5566343042071203,0.8597893516088523,1.9066590779738106,0.3841775754126245,2.5,False,-4.173547515388066,4.396698918611263,False,False,False,0.0,0.3349179451034434,True,False,1.0,-1.0342716034571529,False,2.0,-1.0342716034571529,False,0.6848322161070493,-1.0342716034571529,False,True
DOGEUSDT,high,2023-11-30,2023-11-30 16:30:00,инвалидация,2023-12-01 00:00:00,,,,,,,,,,,,,,,,,,,,,,,,,,,,,,
DOGEUSDT,high,2024-01-01,2024-01-01 15:00:00,инвалидация,2024-01-02 00:00:00,,,,,,,,,,,,,,,,,,,,,,,,,,,,,,
DOGEUSDT,high,2024-02-04,2024-02-04 16:30:00,сделка,,2024-02-06 00:00:00,0.07831,2.656506193334187,31.5,1.0188679245283083,1.1899999999999955,0.5720301301248351,1.1949685534591277,0.10062893081762342,3.0,True,3.2329440688383615,1.2578616352201268,False,False,False,15.0,0.302839480654328,True,False,1.0,-1.037643428142921,False,2.0,-1.037643428142921,,,,False,False
DOGEUSDT,high,2024-02-07,2024-02-07 16:30:00,инвалидация,2024-02-08 00:00:00,,,,,,,,,,,,,,,,,,,,,,,,,,,,,,
DOGEUSDT,high,2024-02-26,2024-02-26 16:00:00,инвалидация,2024-02-27 00:00:00,,,,,,,,,,,,,,,,,,,,,,,,,,,,,,
DOGEUSDT,high,2024-03-09,2024-03-09 16:15:00,инвалидация,2024-03-10 00:00:00,,,,,,,,,,,,,,,,,,,,,,,,,,,,,,
DOGEUSDT,high,2024-03-25,2024-03-25 14:15:00,инвалидация,2024-03-27 00:00:00,,,,,,,,,,,,,,,,,,,,,,,,,,,,,,
DOGEUSDT,high,2024-05-02,2024-05-02 15:15:00,инвалидация,2024-05-04 00:00:00,,,,,,,,,,,,,,,,,,,,,,,,,,,,,,
DOGEUSDT,high,2024-08-29,2024-08-29 14:00:00,нет сигнала,,,,,,,,,,,,,,,,,,,,,,,,,,,,,,,
DOGEUSDT,high,2024-09-21,2024-09-21 13:30:00,инвалидация,2024-09-22 00:00:00,,,,,,,,,,,,,,,,,,,,,,,,,,,,,,
DOGEUSDT,high,2024-09-28,2024-09-28 14:15:00,нет сигнала,,,,,,,,,,,,,,,,,,,,,,,,,,,,,,,
DOGEUSDT,high,2024-11-04,2024-11-04 16:00:00,инвалидация,2024-11-06 00:00:00,,,,,,,,,,,,,,,,,,,,,,,,,,,,,,
DOGEUSDT,high,2025-01-31,2025-01-31 15:30:00,сделка,,2025-02-01 20:00:00,0.315,8.61962222222222,28.5,0.9182167109536468,1.404860699466509,0.8728699854632159,6.418659580749921,0.014762326542661498,95.5,False,6.220461298995331,4.980808975494537,False,True,False,11.0,4.161785162757105,False,True,1.0,0.9883985634843496,True,2.0,1.9883985634843497,,,,,
DOGEUSDT,high,2025-03-14,2025-03-14 15:00:00,инвалидация,2025-03-16 00:00:00,,,,,,,,,,,,,,,,,,,,,,,,,,,,,,
DOGEUSDT,high,2025-03-15,2025-03-15 13:30:00,нет сигнала,,,,,,,,,,,,,,,,,,,,,,,,,,,,,,,
DOGEUSDT,high,2025-03-25,2025-03-25 13:30:00,инвалидация,2025-03-26 00:00:00,,,,,,,,,,,,,,,,,,,,,,,,,,,,,,
DOGEUSDT,high,2025-04-02,2025-04-02 15:30:00,нет сигнала,,,,,,,,,,,,,,,,,,,,,,,,,,,,,,,
DOGEUSDT,high,2025-06-25,2025-06-25 13:45:00,нет сигнала,,,,,,,,,,,,,,,,,,,,,,,,,,,,,,,
DOGEUSDT,high,2025-08-17,2025-08-17 15:15:00,сделка,,2025-08-18 04:00:00,0.22426,8.232622848479446,12.75,2.6804996824052516,1.0799273387829265,0.6440088222167342,1.9944950243489274,0.3133601524454756,12.0,False,-4.076943868817011,4.662290916790172,False,False,False,20.0,0.9110368704529387,False,False,1.0,-1.0121467971800104,False,2.0,-1.0121467971800104,,,,,
DOGEUSDT,high,2025-08-22,2025-08-22 14:00:00,инвалидация,2025-08-23 00:00:00,,,,,,,,,,,,,,,,,,,,,,,,,,,,,,
DOGEUSDT,high,2025-09-24,2025-09-24 13:30:00,сделка,,2025-09-25 04:00:00,0.23599,6.267439298275349,14.5,2.7436023622047134,0.7985757884028476,0.53074501048982,1.7224409448818936,1.0908792650918617,2.75,True,14.871758028594014,4.031332020997377,False,False,False,20.0,1.0527006131626118,False,True,1.0,0.9840445203789181,False,2.0,-1.015955479621082,True,0.13386944213628654,0.11791396251520467,,
DOGEUSDT,high,2025-10-06,2025-10-06 14:30:00,инвалидация,2025-10-07 00:00:00,,,,,,,,,,,,,,,,,,,,,,,,,,,,,,
DOGEUSDT,high,2025-10-12,2025-10-12 15:00:00,инвалидация,2025-10-13 00:00:00,,,,,,,,,,,,,,,,,,,,,,,,,,,,,,
DOGEUSDT,high,2025-10-21,2025-10-21 14:45:00,сделка,,2025-10-22 12:00:00,0.19087,7.804034159375477,21.25,1.5562472209870983,1.0675300647548547,0.7747275026920784,5.562966256607885,0.6620226273405503,51.75,False,-1.9376880322268104,5.340645225038295,False,False,False,4.0,0.42965823372871026,True,False,1.0,-1.0128138854799686,False,2.0,-1.0128138854799686,,,,False,False
DOGEUSDT,high,2025-11-07,2025-11-07 15:15:00,инвалидация,2025-11-08 00:00:00,,,,,,,,,,,,,,,,,,,,,,,,,,,,,,
DOGEUSDT,high,2025-12-02,2025-12-02 15:30:00,инвалидация,2025-12-04 00:00:00,,,,,,,,,,,,,,,,,,,,,,,,,,,,,,
DOGEUSDT,high,2025-12-09,2025-12-09 15:30:00,инвалидация,2025-12-10 00:00:00,,,,,,,,,,,,,,,,,,,,,,,,,,,,,,
DOGEUSDT,high,2025-12-17,2025-12-17 14:45:00,нет сигнала,,,,,,,,,,,,,,,,,,,,,,,,,,,,,,,
DOGEUSDT,high,2025-12-19,2025-12-19 15:15:00,инвалидация,2025-12-20 00:00:00,,,,,,,,,,,,,,,,,,,,,,,,,,,,,,
DOGEUSDT,high,2026-01-01,2026-01-01 15:30:00,инвалидация,2026-01-02 00:00:00,,,,,,,,,,,,,,,,,,,,,,,,,,,,,,
DOGEUSDT,high,2026-01-13,2026-01-13 15:45:00,инвалидация,2026-01-14 00:00:00,,,,,,,,,,,,,,,,,,,,,,,,,,,,,,
DOGEUSDT,high,2026-01-14,2026-01-14 16:30:00,сделка,,2026-01-15 04:00:00,0.14264,6.156246494671906,11.5,0.25183908807740174,0.5608429639700888,0.9394996395737747,4.04930744250779,1.5706806282722585,16.5,False,-4.45415462682361,9.748823646364903,False,False,False,19.0,2.6602074642961635,False,True,1.0,0.9837563359286299,True,2.0,1.9837563359286299,True,0.7356566874723118,0.7194130234009417,,
DOGEUSDT,high,2026-01-27,2026-01-27 16:00:00,инвалидация,2026-01-28 00:00:00,,,,,,,,,,,,,,,,,,,,,,,,,,,,,,
DOGEUSDT,high,2026-02-03,2026-02-03 15:45:00,сделка,,2026-02-04 16:00:00,0.10339,7.022477995937722,24.25,0.054308472121655044,0.642792384406165,0.9765113889600484,4.5438088341781295,1.4029688631426465,28.5,False,13.685474189675872,9.983707458363504,False,False,False,7.0,3.233919240166705,False,True,1.0,0.9857600123406799,True,2.0,1.98576001234068,True,0.5426593614249069,0.5284193737655868,,
DOGEUSDT,high,2026-02-13,2026-02-13 15:00:00,инвалидация,2026-02-14 00:00:00,,,,,,,,,,,,,,,,,,,,,,,,,,,,,,
DOGEUSDT,high,2026-03-28,2026-03-28 13:30:00,сделка,,2026-03-29 16:00:00,0.09011,5.887604039507272,26.5,2.8596093665695475,0.73352435530086,0.4825345125270494,2.201359663321463,0.15107370238480763,7.25,True,0.03330373001774908,3.7660515808783934,False,False,False,8.0,0.42410259890072627,False,False,1.0,-1.0169848378608641,False,2.0,-1.0169848378608641,True,0.17529574087896674,0.15831090301810255,,
DOGEUSDT,high,2026-05-26,2026-05-26 14:15:00,сделка,,2026-05-28 04:00:00,0.09818,5.85029537584029,37.75,0.05782575173476351,2.559633027522935,0.9714789112472196,3.7586738627602165,0.848111025443323,70.25,True,1.5147129763627611,2.1010023130300706,False,False,False,20.0,0.3098982906845975,False,False,1.0,-1.0170931540333785,False,2.0,-1.0170931540333785,,,,,
DOGEUSDT,high,2026-05-29,2026-05-29 15:30:00,нет сигнала,,,,,,,,,,,,,,,,,,,,,,,,,,,,,,,
DOGEUSDT,high,2026-06-27,2026-06-27 15:00:00,нет сигнала,,,,,,,,,,,,,,,,,,,,,,,,,,,,,,,
DOGEUSDT,high,2026-07-01,2026-07-01 15:15:00,инвалидация,2026-07-03 00:00:00,,,,,,,,,,,,,,,,,,,,,,,,,,,,,,
DOGEUSDT,high,2026-07-04,2026-07-04 15:00:00,сделка,,2026-07-05 04:00:00,0.07593,4.621835901488217,13.0,1.1341914107302178,0.5570175438596499,0.7237786946907694,1.5929654645087308,1.0449853447177282,3.0,False,-5.945872061235638,5.811138014527838,False,False,False,20.0,1.419062165181114,False,True,1.0,0.9783635762646181,False,2.0,-1.0216364237353819,True,0.5756035288485628,0.5539671051131809,,
DOGEUSDT,high,2026-07-14,2026-07-14 14:30:00,инвалидация,2026-07-15 00:00:00,,,,,,,,,,,,,,,,,,,,,,,,,,,,,,
DOGEUSDT,high,2026-07-25,2026-07-25 13:45:00,инвалидация,2026-07-26 00:00:00,,,,,,,,,,,,,,,,,,,,,,,,,,,,,,
DOGEUSDT,high,2026-08-30,2026-08-30 13:45:00,сделка,,2026-08-31 00:00:00,0.08198,5.545791656501584,10.25,0.910576698575768,2.374193548387105,0.8094245167647662,0.7004436142890536,0.09339248190520283,0.75,False,5.394006659267484,1.8094793369133735,True,False,False,16.0,0.415709874099296,True,False,1.0,-1.0180316907294498,False,2.0,-1.0180316907294498,,,,False,True
DOGEUSDT,high,2026-09-11,2026-09-11 13:45:00,нет сигнала,,,,,,,,,,,,,,,,,,,,,,,,,,,,,,,
ETHUSDT,low,2020-01-02,2020-01-02 16:45:00,инвалидация,2020-01-03 00:00:00,,,,,,,,,,,,,,,,,,,,,,,,,,,,,,
ETHUSDT,low,2020-01-08,2020-01-08 16:30:00,инвалидация,2020-01-10 00:00:00,,,,,,,,,,,,,,,,,,,,,,,,,,,,,,
ETHUSDT,low,2020-01-09,2020-01-09 16:00:00,сделка,,2020-01-10 20:00:00,143.38,5.785479146324453,28.0,1.4072183740430235,0.5773864689527335,0.7510349333712656,4.228946409041183,0.7582938388625534,37.5,False,4.81048477176261,7.867298578199046,False,True,False,11.0,3.471878985729132,False,True,1.0,0.9827153469106304,True,2.0,1.9827153469106304,True,0.549714172740446,0.5324295196510764,,
ETHUSDT,low,2020-03-09,2020-03-09 15:00:00,нет сигнала,,,,,,,,,,,,,,,,,,,,,,,,,,,,,,,
ETHUSDT,low,2020-03-22,2020-03-22 15:30:00,инвалидация,2020-03-23 00:00:00,,,,,,,,,,,,,,,,,,,,,,,,,,,,,,
ETHUSDT,low,2020-04-01,2020-04-01 13:30:00,сделка,,2020-04-02 00:00:00,135.6,5.500199115044226,10.5,1.5806030844778656,1.1284796573875795,0.7065981789342572,0.7442645591958864,0.20716642369370844,0.0,True,-4.190448667003817,3.5832118468502934,True,False,False,16.0,4.879147577119112,False,True,1.0,0.981818840025904,True,2.0,1.981818840025904,,,,,
ETHUSDT,low,2020-04-27,2020-04-27 13:30:00,нет сигнала,,,,,,,,,,,,,,,,,,,,,,,,,,,,,,,
ETHUSDT,low,2020-05-03,2020-05-03 14:30:00,инвалидация,2020-05-04 00:00:00,,,,,,,,,,,,,,,,,,,,,,,,,,,,,,
ETHUSDT,low,2020-05-20,2020-05-20 15:15:00,инвалидация,2020-05-22 00:00:00,,,,,,,,,,,,,,,,,,,,,,,,,,,,,,
ETHUSDT,low,2020-05-24,2020-05-24 13:45:00,инвалидация,2020-05-25 00:00:00,,,,,,,,,,,,,,,,,,,,,,,,,,,,,,
ETHUSDT,low,2020-05-26,2020-05-26 15:45:00,сделка,,2020-05-27 04:00:00,201.67,2.5718649278524164,12.25,0.5259963584867449,0.49748110831234127,0.7615661656396796,1.9219097713938962,0.5310540157798965,0.0,True,-2.7910078110116276,4.015779890754601,False,False,False,20.0,8.903576083352029,False,True,1.0,0.9611177092089735,True,2.0,1.9611177092089735,True,0.7692782280765411,0.7303959372855147,,
ETHUSDT,low,2020-06-02,2020-06-02 14:45:00,нет сигнала,,,,,,,,,,,,,,,,,,,,,,,,,,,,,,,
ETHUSDT,low,2020-06-27,2020-06-27 15:30:00,инвалидация,2020-06-28 00:00:00,,,,,,,,,,,,,,,,,,,,,,,,,,,,,,
ETHUSDT,low,2020-07-12,2020-07-12 13:30:00,сделка,,2020-07-13 12:00:00,244.72,3.6596927100359546,22.5,0.6775809098943704,1.7009569377990483,0.7938811969629292,2.9249610706620044,1.489836286351581,69.5,False,-0.9849770309978048,1.7591852194772857,False,False,False,4.0,0.09379187137114833,True,False,1.0,-1.0273246985261277,False,1.999999999999997,-1.0273246985261277,,,,False,False
ETHUSDT,low,2020-08-07,2020-08-07 14:15:00,инвалидация,2020-08-08 00:00:00,,,,,,,,,,,,,,,,,,,,,,,,,,,,,,
ETHUSDT,low,2020-08-18,2020-08-18 14:15:00,инвалидация,2020-08-20 00:00:00,,,,,,,,,,,,,,,,,,,,,,,,,,,,,,
ETHUSDT,low,2020-08-25,2020-08-25 14:00:00,инвалидация,2020-08-26 00:00:00,,,,,,,,,,,,,,,,,,,,,,,,,,,,,,
ETHUSDT,low,2020-09-04,2020-09-04 14:45:00,инвалидация,2020-09-06 00:00:00,,,,,,,,,,,,,,,,,,,,,,,,,,,,,,
ETHUSDT,low,2021-01-15,2021-01-15 16:00:00,сделка,,2021-01-16 12:00:00,1221.52,12.491813478289338,20.0,1.625478081788767,0.8280128681019551,0.8771216986696375,10.837746395998812,2.6423212709620483,0.0,True,-3.52354761086285,14.860988526037058,False,False,False,3.0,1.458352447735763,False,True,1.0,0.9919947571924765,False,2.0,-1.0080052428075235,True,0.18218756143915046,0.17418231863162703,,
ETHUSDT,low,2021-01-31,2021-01-31 15:00:00,инвалидация,2021-02-01 00:00:00,,,,,,,,,,,,,,,,,,,,,,,,,,,,,,
ETHUSDT,low,2021-05-29,2021-05-29 15:00:00,инвалидация,2021-05-30 00:00:00,,,,,,,,,,,,,,,,,,,,,,,,,,,,,,
ETHUSDT,low,2021-07-01,2021-07-01 14:30:00,сделка,,2021-07-02 16:00:00,2123.46,5.135318301263027,25.5,3.392055499393931,0.17867534645164482,0.33224379743564336,0.5591142327390883,1.4531220804607028,6.25,True,25.829646017699115,9.714789457798133,False,False,True,8.0,2.627688040773094,False,True,1.0,0.9805270103753052,True,2.0,1.9805270103753052,True,1.5272393603348606,1.5077663707101658,,
ETHUSDT,low,2021-08-22,2021-08-22 14:45:00,сделка,,2021-08-23 04:00:00,3347.77,6.7670225254423135,13.25,2.5808201751103788,1.3171942311294234,0.6208497364864761,1.1000523834468372,1.4966699094514706,2.25,False,2.5285763768617997,3.3294669360672566,False,False,True,20.0,0.15551038902537184,True,False,1.0,-1.0147775479723948,False,2.0,-1.0147775479723948,,,,False,False
ETHUSDT,low,2021-08-24,2021-08-24 14:00:00,инвалидация,2021-08-25 00:00:00,,,,,,,,,,,,,,,,,,,,,,,,,,,,,,
ETHUSDT,low,2021-10-17,2021-10-17 15:30:00,инвалидация,2021-10-19 00:00:00,,,,,,,,,,,,,,,,,,,,,,,,,,,,,,
ETHUSDT,low,2021-10-22,2021-10-22 14:15:00,инвалидация,2021-10-23 00:00:00,,,,,,,,,,,,,,,,,,,,,,,,,,,,,,
ETHUSDT,low,2021-10-30,2021-10-30 14:15:00,нет сигнала,,,,,,,,,,,,,,,,,,,,,,,,,,,,,,,
ETHUSDT,low,2021-11-18,2021-11-18 15:15:00,инвалидация,2021-11-19 00:00:00,,,,,,,,,,,,,,,,,,,,,,,,,,,,,,
ETHUSDT,low,2021-12-03,2021-12-03 16:00:00,инвалидация,2021-12-04 00:00:00,,,,,,,,,,,,,,,,,,,,,,,,,,,,,,
ETHUSDT,low,2021-12-09,2021-12-09 15:00:00,инвалидация,2021-12-10 00:00:00,,,,,,,,,,,,,,,,,,,,,,,,,,,,,,
ETHUSDT,low,2021-12-15,2021-12-15 15:45:00,нет сигнала,,,,,,,,,,,,,,,,,,,,,,,,,,,,,,,
ETHUSDT,low,2022-02-02,2022-02-02 15:00:00,сделка,,2022-02-04 08:00:00,2803.77,8.335299971110326,41.0,3.740538275318892,0.9346540297869302,0.561226009256891,2.4915719091075648,0.8104437235511299,20.25,True,15.015623645572335,5.250672563524042,False,False,False,23.0,1.8950577537335487,False,True,1.0,0.9880028312902241,False,2.0,-1.0119971687097757,True,0.03923789649958628,0.027240727789810473,,
ETHUSDT,low,2022-02-06,2022-02-06 15:00:00,нет сигнала,,,,,,,,,,,,,,,,,,,,,,,,,,,,,,,
ETHUSDT,low,2022-02-18,2022-02-18 14:30:00,инвалидация,2022-02-19 00:00:00,,,,,,,,,,,,,,,,,,,,,,,,,,,,,,
ETHUSDT,low,2022-04-30,2022-04-30 15:00:00,инвалидация,2022-05-01 00:00:00,,,,,,,,,,,,,,,,,,,,,,,,,,,,,,
ETHUSDT,low,2022-05-05,2022-05-05 15:00:00,инвалидация,2022-05-06 00:00:00,,,,,,,,,,,,,,,,,,,,,,,,,,,,,,
ETHUSDT,low,2022-06-27,2022-06-27 13:30:00,инвалидация,2022-06-28 00:00:00,,,,,,,,,,,,,,,,,,,,,,,,,,,,,,
ETHUSDT,low,2022-08-17,2022-08-17 13:30:00,инвалидация,2022-08-18 00:00:00,,,,,,,,,,,,,,,,,,,,,,,,,,,,,,
ETHUSDT,low,2022-09-01,2022-09-01 14:45:00,нет сигнала,,,,,,,,,,,,,,,,,,,,,,,,,,,,,,,
ETHUSDT,low,2022-09-15,2022-09-15 14:30:00,инвалидация,2022-09-16 00:00:00,,,,,,,,,,,,,,,,,,,,,,,,,,,,,,
ETHUSDT,low,2022-09-25,2022-09-25 13:30:00,инвалидация,2022-09-26 00:00:00,,,,,,,,,,,,,,,,,,,,,,,,,,,,,,
ETHUSDT,low,2022-10-05,2022-10-05 13:30:00,сделка,,2022-10-05 20:00:00,1350.07,2.675066478034473,6.5,0.21167473407887075,0.6162880246438189,0.8863286914371672,2.271520264631356,0.895255147717096,1.5,True,1.9426131255618868,3.9406400315615415,True,False,False,12.0,0.9198325251341058,True,False,1.0,-1.0373822485613426,False,2.0,-1.0373822485613426,True,0.5518441368429492,0.5144618882816065,False,False
ETHUSDT,low,2022-12-19,2022-12-19 16:15:00,инвалидация,2022-12-20 00:00:00,,,,,,,,,,,,,,,,,,,,,,,,,,,,,,
ETHUSDT,low,2022-12-22,2022-12-22 14:30:00,сделка,,2022-12-23 00:00:00,1217.39,3.004131790141213,9.5,1.6688018900886767,0.6403508771929874,0.4191731379197229,0.7936375888058802,1.4100793637588656,1.5,False,4.0310409878237,1.9915811190789192,True,False,True,15.0,0.46100842174340606,False,False,1.0,-1.0332874876955047,False,2.0,-1.0332874876955047,True,0.23542600896860638,0.20213852127310172,,
ETHUSDT,low,2022-12-25,2022-12-25 14:30:00,нет сигнала,,,,,,,,,,,,,,,,,,,,,,,,,,,,,,,
ETHUSDT,low,2022-12-27,2022-12-27 14:30:00,инвалидация,2022-12-29 00:00:00,,,,,,,,,,,,,,,,,,,,,,,,,,,,,,
ETHUSDT,low,2023-01-18,2023-01-18 15:45:00,инвалидация,2023-01-19 00:00:00,,,,,,,,,,,,,,,,,,,,,,,,,,,,,,
ETHUSDT,low,2023-01-23,2023-01-23 14:45:00,инвалидация,2023-01-25 00:00:00,,,,,,,,,,,,,,,,,,,,,,,,,,,,,,
ETHUSDT,low,2023-02-10,2023-02-10 15:30:00,инвалидация,2023-02-11 00:00:00,,,,,,,,,,,,,,,,,,,,,,,,,,,,,,
ETHUSDT,low,2023-02-24,2023-02-24 15:00:00,инвалидация,2023-02-25 00:00:00,,,,,,,,,,,,,,,,,,,,,,,,,,,,,,
ETHUSDT,low,2023-03-07,2023-03-07 15:00:00,инвалидация,2023-03-09 00:00:00,,,,,,,,,,,,,,,,,,,,,,,,,,,,,,
ETHUSDT,low,2023-03-27,2023-03-27 14:15:00,инвалидация,2023-03-28 00:00:00,,,,,,,,,,,,,,,,,,,,,,,,,,,,,,
ETHUSDT,low,2023-05-06,2023-05-06 14:00:00,инвалидация,2023-05-08 00:00:00,,,,,,,,,,,,,,,,,,,,,,,,,,,,,,
ETHUSDT,low,2023-05-11,2023-05-11 14:45:00,сделка,,2023-05-12 20:00:00,1789.13,3.1018075824562956,29.25,2.8206793822169027,0.033478174995063205,0.061086177099099984,-0.24527646801886663,0.6714303314032283,1.75,False,-7.663508250692579,5.67047834511183,False,False,True,12.0,1.0608092170571986,False,True,1.0,0.967760733913478,False,2.0,-1.032239266086522,False,1.7635705465158504,-1.032239266086522,,
ETHUSDT,low,2023-06-30,2023-06-30 13:45:00,сделка,,2023-06-30 20:00:00,1925.97,5.596660384118131,6.25,0.384232247047103,1.8683912386706945,0.9179886816958909,4.336022594169743,0.5976946065177213,117.75,True,-1.2424779138747792,2.8987093737342797,True,False,False,12.0,0.4826978383894609,False,False,1.0,-1.0178677984970776,False,2.000000000000002,-1.0178677984970776,,,,,
ETHUSDT,low,2023-07-02,2023-07-02 15:15:00,сделка,,2023-07-03 00:00:00,1937.69,2.8912545350391503,8.75,1.3098949464252967,0.806308799114555,0.5201384060810149,0.5999318854627883,0.1975321579209338,11.25,False,3.548710000322894,1.8935841345524143,True,False,False,16.0,0.7195188451999179,True,False,1.0,-1.0345870620480138,False,2.0,-1.0345870620480138,True,0.12494745513270733,0.09036039308469365,True,False
ETHUSDT,low,2023-08-06,2023-08-06 14:00:00,сделка,,2023-08-08 12:00:00,1838.19,2.1755096045566567,46.0,1.461652159632126,0.9639261744966575,0.28732183045761456,0.2813817266108213,0.04598456232550053,0.25,True,-1.0720118142277417,0.6525428368095388,False,False,False,4.0,0.995498874718678,False,False,1.0,-1.04596624156039,False,2.0,-1.04596624156039,True,0.010752688172038914,-0.03521355338835117,,
ETHUSDT,low,2023-08-07,2023-08-07 15:15:00,сделка,,2023-08-08 12:00:00,1838.19,2.1755096045566567,20.75,1.36986301369863,0.9698529411764811,0.32983245811452994,0.3747945205479407,0.046027397260269484,0.25,False,-2.331491417741109,0.7452054794520498,False,False,False,4.0,0.995498874718678,False,False,1.0,-1.04596624156039,False,2.0,-1.04596624156039,True,0.010252563140781556,-0.03571367841960853,,
ETHUSDT,low,2023-08-22,2023-08-22 15:45:00,инвалидация,2023-08-23 00:00:00,,,,,,,,,,,,,,,,,,,,,,,,,,,,,,
ETHUSDT,low,2023-08-31,2023-08-31 15:30:00,инвалидация,2023-09-01 00:00:00,,,,,,,,,,,,,,,,,,,,,,,,,,,,,,
ETHUSDT,low,2023-09-01,2023-09-01 14:45:00,инвалидация,2023-09-02 00:00:00,,,,,,,,,,,,,,,,,,,,,,,,,,,,,,
ETHUSDT,low,2023-09-04,2023-09-04 15:00:00,нет сигнала,,,,,,,,,,,,,,,,,,,,,,,,,,,,,,,
ETHUSDT,low,2023-10-05,2023-10-05 15:30:00,инвалидация,2023-10-06 00:00:00,,,,,,,,,,,,,,,,,,,,,,,,,,,,,,
ETHUSDT,low,2023-11-17,2023-11-17 14:30:00,сделка,,2023-11-18 00:00:00,1961.21,3.023837834806069,9.5,1.7844614114733877,0.1475420439844758,0.38462958787976526,0.8563763929013573,0.26000825423029117,0.5,False,-4.496914121059901,7.9756500206355705,True,False,False,15.0,2.2354381615616252,False,True,1.0,0.966929443487695,True,2.0,1.966929443487695,True,2.2222855496130807,2.1892149931007756,,
ETHUSDT,low,2023-11-21,2023-11-21 15:00:00,инвалидация,2023-11-22 00:00:00,,,,,,,,,,,,,,,,,,,,,,,,,,,,,,
ETHUSDT,low,2024-01-19,2024-01-19 16:30:00,нет сигнала,,,,,,,,,,,,,,,,,,,,,,,,,,,,,,,
ETHUSDT,low,2024-01-25,2024-01-25 15:15:00,нет сигнала,,,,,,,,,,,,,,,,,,,,,,,,,,,,,,,
ETHUSDT,low,2024-01-29,2024-01-29 14:45:00,сделка,,2024-01-29 20:00:00,2292.4,2.7321584365730267,5.25,0.20388453696748332,0.7816349384098559,0.8915570315493692,1.7500089423042473,0.017437493293266118,22.75,False,0.6392555550103238,3.19419107915728,True,True,False,11.0,1.6036530846851442,False,True,1.0,0.9633989015199899,False,2.0,-1.0366010984800103,True,0.24907395580533742,0.21247285732532722,,
ETHUSDT,low,2024-02-16,2024-02-16 15:00:00,нет сигнала,,,,,,,,,,,,,,,,,,,,,,,,,,,,,,,
ETHUSDT,low,2024-02-17,2024-02-17 14:30:00,нет сигнала,,,,,,,,,,,,,,,,,,,,,,,,,,,,,,,
ETHUSDT,low,2024-02-21,2024-02-21 14:30:00,сделка,,2024-02-22 08:00:00,2995.94,4.370510424107298,17.5,0.19940144766147058,0.7494945782025371,0.9343362619233072,4.068067928730516,1.1114977728285096,6.5,True,6.821287714105663,5.680331291759466,False,False,False,23.0,2.2883372090900793,False,True,1.0,0.9771193773046714,True,2.0,1.9771193773046714,True,0.3122855137325803,0.28940489103725164,,
ETHUSDT,low,2024-02-23,2024-02-23 16:00:00,нет сигнала,,,,,,,,,,,,,,,,,,,,,,,,,,,,,,,
ETHUSDT,low,2024-03-10,2024-03-10 14:30:00,нет сигнала,,,,,,,,,,,,,,,,,,,,,,,,,,,,,,,
ETHUSDT,low,2024-04-17,2024-04-17 14:15:00,нет сигнала,,,,,,,,,,,,,,,,,,,,,,,,,,,,,,,
ETHUSDT,low,2024-05-06,2024-05-06 15:00:00,инвалидация,2024-05-07 00:00:00,,,,,,,,,,,,,,,,,,,,,,,,,,,,,,
ETHUSDT,low,2024-05-10,2024-05-10 14:45:00,инвалидация,2024-05-11 00:00:00,,,,,,,,,,,,,,,,,,,,,,,,,,,,,,
ETHUSDT,low,2024-05-29,2024-05-29 14:15:00,инвалидация,2024-05-30 00:00:00,,,,,,,,,,,,,,,,,,,,,,,,,,,,,,
ETHUSDT,low,2024-06-13,2024-06-13 15:30:00,сделка,,2024-06-15 08:00:00,3528.92,4.852222493000688,40.5,2.918468324047034,0.34152698282910865,0.39029136362826705,1.2452015978787285,1.1033797503819893,2.0,True,-3.2439086694457977,5.652077213475092,False,False,False,0.0,0.7288981758857406,True,False,1.0,-1.020609112658014,False,2.0,-1.020609112658014,False,0.7524920275849504,-1.020609112658014,False,False
ETHUSDT,low,2024-06-23,2024-06-23 15:45:00,инвалидация,2024-06-24 00:00:00,,,,,,,,,,,,,,,,,,,,,,,,,,,,,,
ETHUSDT,low,2024-07-02,2024-07-02 14:00:00,инвалидация,2024-07-04 00:00:00,,,,,,,,,,,,,,,,,,,,,,,,,,,,,,
ETHUSDT,low,2024-08-02,2024-08-02 14:45:00,инвалидация,2024-08-03 00:00:00,,,,,,,,,,,,,,,,,,,,,,,,,,,,,,
ETHUSDT,low,2024-08-04,2024-08-04 14:45:00,инвалидация,2024-08-05 00:00:00,,,,,,,,,,,,,,,,,,,,,,,,,,,,,,
ETHUSDT,low,2024-08-07,2024-08-07 14:15:00,инвалидация,2024-08-08 00:00:00,,,,,,,,,,,,,,,,,,,,,,,,,,,,,,
ETHUSDT,low,2024-08-20,2024-08-20 15:00:00,сделка,,2024-08-21 20:00:00,2645.01,4.311269522610508,29.0,1.0695458627826104,0.9736080564880224,0.7375902048441724,2.976297395446905,1.2280838767620685,21.5,True,-0.9275063726116831,3.3734234058338814,False,False,False,12.0,1.5288488445194695,False,True,1.0,0.9768049760109989,False,2.0,-1.023195023989001,True,0.019994122780222598,-0.00320090120877849,,
ETHUSDT,low,2024-08-21,2024-08-21 13:30:00,сделка,,2024-08-21 20:00:00,2645.01,4.311269522610508,6.5,0.7439764936336839,0.6493752632317857,0.8112527624555278,3.31518119490695,1.2321253672869663,21.5,False,0.10822468690754575,5.581194906953968,True,False,False,12.0,1.5288488445194695,False,True,1.0,0.9768049760109989,False,2.0,-1.023195023989001,True,0.4380291372246608,0.4148341132356597,,
ETHUSDT,low,2024-10-01,2024-10-01 13:30:00,инвалидация,2024-10-02 00:00:00,,,,,,,,,,,,,,,,,,,,,,,,,,,,,,
ETHUSDT,low,2024-10-08,2024-10-08 15:30:00,инвалидация,2024-10-10 00:00:00,,,,,,,,,,,,,,,,,,,,,,,,,,,,,,
ETHUSDT,low,2024-10-17,2024-10-17 14:00:00,нет сигнала,,,,,,,,,,,,,,,,,,,,,,,,,,,,,,,
ETHUSDT,low,2024-10-31,2024-10-31 13:45:00,инвалидация,2024-11-01 00:00:00,,,,,,,,,,,,,,,,,,,,,,,,,,,,,,
ETHUSDT,low,2024-11-02,2024-11-02 13:30:00,инвалидация,2024-11-04 00:00:00,,,,,,,,,,,,,,,,,,,,,,,,,,,,,,
ETHUSDT,low,2024-11-04,2024-11-04 16:45:00,инвалидация,2024-11-05 00:00:00,,,,,,,,,,,,,,,,,,,,,,,,,,,,,,
ETHUSDT,low,2024-11-14,2024-11-14 14:45:00,инвалидация,2024-11-15 00:00:00,,,,,,,,,,,,,,,,,,,,,,,,,,,,,,
ETHUSDT,low,2024-12-22,2024-12-22 14:45:00,инвалидация,2024-12-23 00:00:00,,,,,,,,,,,,,,,,,,,,,,,,,,,,,,
ETHUSDT,low,2024-12-30,2024-12-30 14:30:00,нет сигнала,,,,,,,,,,,,,,,,,,,,,,,,,,,,,,,
ETHUSDT,low,2025-01-07,2025-01-07 14:30:00,инвалидация,2025-01-08 00:00:00,,,,,,,,,,,,,,,,,,,,,,,,,,,,,,
ETHUSDT,low,2025-02-06,2025-02-06 15:45:00,инвалидация,2025-02-07 00:00:00,,,,,,,,,,,,,,,,,,,,,,,,,,,,,,
ETHUSDT,low,2025-02-12,2025-02-12 14:30:00,сделка,,2025-02-13 00:00:00,2737.14,7.214545474473352,9.5,0.41795932437090944,1.0737136530505222,0.9330933198144683,5.371188618344767,0.7955720597912923,22.5,False,-3.13639325947304,6.722211776503387,True,False,False,15.0,0.5652440918142375,False,False,1.0,-1.013860887058488,False,2.0,-1.013860887058488,,,,,
ETHUSDT,low,2025-02-15,2025-02-15 14:30:00,инвалидация,2025-02-17 00:00:00,,,,,,,,,,,,,,,,,,,,,,,,,,,,,,
ETHUSDT,low,2025-02-18,2025-02-18 16:30:00,сделка,,2025-02-19 08:00:00,2707.0,3.8945024011821197,15.5,1.0874312996380335,0.3435517480898354,0.7037284994770656,2.78333795450489,0.024308628423635865,9.75,True,0.21409208151574738,8.202262981377324,False,False,False,23.0,1.4598169034845718,False,True,1.0,0.9743227787021914,False,2.0,-1.0256772212978085,True,1.344663055477408,1.3189858341795995,,
ETHUSDT,low,2025-02-21,2025-02-21 15:30:00,инвалидация,2025-02-22 00:00:00,,,,,,,,,,,,,,,,,,,,,,,,,,,,,,
ETHUSDT,low,2025-03-09,2025-03-09 13:45:00,инвалидация,2025-03-10 00:00:00,,,,,,,,,,,,,,,,,,,,,,,,,,,,,,
ETHUSDT,low,2025-03-18,2025-03-18 13:30:00,сделка,,2025-03-19 00:00:00,1930.64,3.17879770438818,10.5,0.4002853097420492,0.7110807113543103,0.8469779117676491,2.257992398837461,0.5961696102541076,9.75,True,0.9505882846416749,3.89107129549785,True,False,False,16.0,2.2657229440417765,False,True,1.0,0.9685415653025184,True,1.9999999999999962,1.9685415653025147,True,0.34413569635499525,0.31267726165751364,,
ETHUSDT,low,2025-03-26,2025-03-26 13:45:00,инвалидация,2025-03-27 00:00:00,,,,,,,,,,,,,,,,,,,,,,,,,,,,,,
ETHUSDT,low,2025-03-30,2025-03-30 13:30:00,нет сигнала,,,,,,,,,,,,,,,,,,,,,,,,,,,,,,,
ETHUSDT,low,2025-04-06,2025-04-06 13:30:00,инвалидация,2025-04-07 00:00:00,,,,,,,,,,,,,,,,,,,,,,,,,,,,,,
ETHUSDT,low,2025-06-17,2025-06-17 15:00:00,инвалидация,2025-06-18 00:00:00,,,,,,,,,,,,,,,,,,,,,,,,,,,,,,
ETHUSDT,low,2025-07-01,2025-07-01 13:30:00,инвалидация,2025-07-02 00:00:00,,,,,,,,,,,,,,,,,,,,,,,,,,,,,,
ETHUSDT,low,2025-07-23,2025-07-23 13:30:00,сделка,,2025-07-24 16:00:00,3730.46,6.137714919875837,26.5,3.0838953361371315,0.625817083218896,0.49758696744043746,2.6398232559939996,0.37356250328354024,23.0,False,7.747688148073579,5.033830771485366,False,False,False,8.0,0.918699364531696,False,False,1.0,-1.0162927084925644,False,2.0,-1.0162927084925644,True,0.297512720284759,0.28122001179219464,,
ETHUSDT,low,2025-08-15,2025-08-15 15:15:00,инвалидация,2025-08-16 00:00:00,,,,,,,,,,,,,,,,,,,,,,,,,,,,,,
ETHUSDT,low,2025-09-05,2025-09-05 14:45:00,нет сигнала,,,,,,,,,,,,,,,,,,,,,,,,,,,,,,,
ETHUSDT,low,2025-09-14,2025-09-14 14:30:00,инвалидация,2025-09-15 00:00:00,,,,,,,,,,,,,,,,,,,,,,,,,,,,,,
ETHUSDT,low,2025-09-16,2025-09-16 13:30:00,сделка,,2025-09-18 00:00:00,4588.3,4.110979665671392,34.5,1.3201882142056929,0.6112195121951228,0.664284220763329,2.7371723056240165,1.008738516692797,54.0,False,3.995326404206237,4.593322876988572,False,False,False,16.0,0.2878741674975965,True,False,1.0,-1.0243251020760444,False,2.0,-1.0243251020760444,False,0.4225335386658989,-1.0243251020760444,True,False
ETHUSDT,low,2025-10-07,2025-10-07 15:30:00,инвалидация,2025-10-08 00:00:00,,,,,,,,,,,,,,,,,,,,,,,,,,,,,,
ETHUSDT,low,2025-10-10,2025-10-10 15:00:00,инвалидация,2025-10-11 00:00:00,,,,,,,,,,,,,,,,,,,,,,,,,,,,,,
ETHUSDT,low,2025-10-16,2025-10-16 15:45:00,инвалидация,2025-10-17 00:00:00,,,,,,,,,,,,,,,,,,,,,,,,,,,,,,
ETHUSDT,low,2025-11-11,2025-11-11 14:45:00,инвалидация,2025-11-12 00:00:00,,,,,,,,,,,,,,,,,,,,,,,,,,,,,,
ETHUSDT,low,2025-11-12,2025-11-12 16:00:00,инвалидация,2025-11-14 00:00:00,,,,,,,,,,,,,,,,,,,,,,,,,,,,,,
ETHUSDT,low,2025-11-13,2025-11-13 15:45:00,инвалидация,2025-11-14 00:00:00,,,,,,,,,,,,,,,,,,,,,,,,,,,,,,
ETHUSDT,low,2025-11-16,2025-11-16 15:45:00,инвалидация,2025-11-17 00:00:00,,,,,,,,,,,,,,,,,,,,,,,,,,,,,,
ETHUSDT,low,2025-11-19,2025-11-19 16:30:00,инвалидация,2025-11-21 00:00:00,,,,,,,,,,,,,,,,,,,,,,,,,,,,,,
ETHUSDT,low,2025-11-20,2025-11-20 16:30:00,инвалидация,2025-11-21 00:00:00,,,,,,,,,,,,,,,,,,,,,,,,,,,,,,
ETHUSDT,low,2025-12-05,2025-12-05 16:00:00,инвалидация,2025-12-06 00:00:00,,,,,,,,,,,,,,,,,,,,,,,,,,,,,,
ETHUSDT,low,2025-12-12,2025-12-12 15:30:00,инвалидация,2025-12-13 00:00:00,,,,,,,,,,,,,,,,,,,,,,,,,,,,,,
ETHUSDT,low,2025-12-15,2025-12-15 15:00:00,инвалидация,2025-12-16 00:00:00,,,,,,,,,,,,,,,,,,,,,,,,,,,,,,
ETHUSDT,low,2025-12-17,2025-12-17 16:15:00,инвалидация,2025-12-18 00:00:00,,,,,,,,,,,,,,,,,,,,,,,,,,,,,,
ETHUSDT,low,2025-12-24,2025-12-24 14:30:00,нет сигнала,,,,,,,,,,,,,,,,,,,,,,,,,,,,,,,
ETHUSDT,low,2026-01-07,2026-01-07 14:30:00,инвалидация,2026-01-08 00:00:00,,,,,,,,,,,,,,,,,,,,,,,,,,,,,,
ETHUSDT,low,2026-01-16,2026-01-16 15:30:00,нет сигнала,,,,,,,,,,,,,,,,,,,,,,,,,,,,,,,
ETHUSDT,low,2026-01-23,2026-01-23 14:30:00,нет сигнала,,,,,,,,,,,,,,,,,,,,,,,,,,,,,,,
ETHUSDT,low,2026-02-12,2026-02-12 16:15:00,сделка,,2026-02-13 12:00:00,1959.25,3.4387530942962825,19.75,0.3918536518656465,0.4471413160733548,0.8613144254804213,2.8913013749066403,0.37817822240456417,0.5,False,-5.937824236136028,6.82614321330514,False,False,False,3.0,2.193286793955573,False,True,1.0,0.9709196917435375,True,2.0,1.9709196917435376,True,1.0649545067761546,1.0358741985196922,,
ETHUSDT,low,2026-04-16,2026-04-16 13:45:00,нет сигнала,,,,,,,,,,,,,,,,,,,,,,,,,,,,,,,
ETHUSDT,low,2026-04-27,2026-04-27 13:45:00,инвалидация,2026-04-28 00:00:00,,,,,,,,,,,,,,,,,,,,,,,,,,,,,,
ETHUSDT,low,2026-05-06,2026-05-06 14:00:00,инвалидация,2026-05-08 00:00:00,,,,,,,,,,,,,,,,,,,,,,,,,,,,,,
ETHUSDT,low,2026-05-11,2026-05-11 14:30:00,инвалидация,2026-05-13 00:00:00,,,,,,,,,,,,,,,,,,,,,,,,,,,,,,
ETHUSDT,low,2026-05-13,2026-05-13 14:00:00,нет сигнала,,,,,,,,,,,,,,,,,,,,,,,,,,,,,,,
ETHUSDT,low,2026-05-27,2026-05-27 13:30:00,инвалидация,2026-05-28 00:00:00,,,,,,,,,,,,,,,,,,,,,,,,,,,,,,
ETHUSDT,low,2026-06-02,2026-06-02 14:15:00,инвалидация,2026-06-03 00:00:00,,,,,,,,,,,,,,,,,,,,,,,,,,,,,,
ETHUSDT,low,2026-06-09,2026-06-09 14:15:00,инвалидация,2026-06-10 00:00:00,,,,,,,,,,,,,,,,,,,,,,,,,,,,,,
ETHUSDT,low,2026-06-14,2026-06-14 14:30:00,нет сигнала,,,,,,,,,,,,,,,,,,,,,,,,,,,,,,,
ETHUSDT,low,2026-06-24,2026-06-24 15:30:00,инвалидация,2026-06-25 00:00:00,,,,,,,,,,,,,,,,,,,,,,,,,,,,,,
ETHUSDT,low,2026-06-25,2026-06-25 13:45:00,нет сигнала,,,,,,,,,,,,,,,,,,,,,,,,,,,,,,,
ETHUSDT,low,2026-08-11,2026-08-11 15:30:00,сделка,,2026-08-12 12:00:00,1914.87,3.3684908113866667,20.5,0.745924743052508,0.745563035495714,0.7554778734747409,2.544289281618731,1.8101535790455148,23.5,False,-1.867973479388878,3.5024167532982466,False,False,False,4.0,0.15658375789236648,False,False,1.0,-1.0296868851955794,False,2.0,-1.0296868851955794,False,0.2578205835396076,-1.0296868851955794,,
ETHUSDT,low,2026-09-15,2026-09-15 13:30:00,инвалидация,2026-09-16 00:00:00,,,,,,,,,,,,,,,,,,,,,,,,,,,,,,
ETHUSDT,high,2020-01-10,2020-01-10 15:00:00,инвалидация,2020-01-11 00:00:00,,,,,,,,,,,,,,,,,,,,,,,,,,,,,,
ETHUSDT,high,2020-01-30,2020-01-30 16:15:00,инвалидация,2020-01-31 00:00:00,,,,,,,,,,,,,,,,,,,,,,,,,,,,,,
ETHUSDT,high,2020-02-11,2020-02-11 15:30:00,инвалидация,2020-02-12 00:00:00,,,,,,,,,,,,,,,,,,,,,,,,,,,,,,
ETHUSDT,high,2020-04-12,2020-04-12 14:30:00,сделка,,2020-04-13 00:00:00,158.72,3.997542842741933,9.5,2.263565891472872,0.3386880856760377,0.39874544910085313,1.5441860465116335,1.7178294573643473,1.0,False,7.572304995617883,4.632558139534883,True,False,True,16.0,1.6785134517486506,True,True,1.0,0.9749846333275544,False,2.0,-1.0250153666724455,True,0.7785780705763686,0.753562703903923,True,False
ETHUSDT,high,2020-04-14,2020-04-14 14:00:00,сделка,,2020-04-15 12:00:00,157.64,2.7606127886323497,22.0,1.7286899673120444,0.1511017838405064,0.3308952785379977,0.6789036962534651,0.5720392255468925,1.0,True,9.711877129164497,5.990696504903194,False,False,False,4.0,2.1990748719504016,True,True,1.0,0.9637761585356048,True,2.0,1.9637761585356048,True,1.8589880578974614,1.8227642164330662,True,False
ETHUSDT,high,2020-07-23,2020-07-23 14:15:00,инвалидация,2020-07-24 00:00:00,,,,,,,,,,,,,,,,,,,,,,,,,,,,,,
ETHUSDT,high,2020-07-25,2020-07-25 13:30:00,инвалидация,2020-07-26 00:00:00,,,,,,,,,,,,,,,,,,,,,,,,,,,,,,
ETHUSDT,high,2020-08-14,2020-08-14 15:45:00,инвалидация,2020-08-15 00:00:00,,,,,,,,,,,,,,,,,,,,,,,,,,,,,,
ETHUSDT,high,2020-08-17,2020-08-17 15:45:00,сделка,,2020-08-18 08:00:00,429.93,4.540041402088713,16.25,2.5793333485641226,0.3149797570850193,0.3985859931348927,1.583240044778508,1.1948550410088914,0.0,False,-14.471394674400207,5.64300564300564,False,False,False,0.0,2.5580203903888514,False,True,1.0,0.9779737691480096,True,2.0,1.9779737691480097,True,0.866847686869205,0.8448214560172146,,
ETHUSDT,high,2020-09-24,2020-09-24 15:30:00,инвалидация,2020-09-25 00:00:00,,,,,,,,,,,,,,,,,,,,,,,,,,,,,,
ETHUSDT,high,2020-10-12,2020-10-12 13:30:00,инвалидация,2020-10-13 00:00:00,,,,,,,,,,,,,,,,,,,,,,,,,,,,,,
ETHUSDT,high,2020-11-04,2020-11-04 16:00:00,инвалидация,2020-11-05 00:00:00,,,,,,,,,,,,,,,,,,,,,,,,,,,,,,
ETHUSDT,high,2020-11-16,2020-11-16 16:30:00,инвалидация,2020-11-18 00:00:00,,,,,,,,,,,,,,,,,,,,,,,,,,,,,,
ETHUSDT,high,2020-11-28,2020-11-28 15:45:00,инвалидация,2020-11-29 00:00:00,,,,,,,,,,,,,,,,,,,,,,,,,,,,,,
ETHUSDT,high,2020-12-19,2020-12-19 16:15:00,сделка,,2020-12-21 12:00:00,607.06,10.799912693967672,43.75,0.9161222497559544,1.6444755244755267,0.8967091430318951,5.352556882180669,0.5526770293609596,65.0,False,-10.763060364522522,5.369077119471352,False,False,False,3.0,0.9189781573000784,False,False,1.0,-1.0092593341107152,False,2.0,-1.0092593341107152,,,,,
ETHUSDT,high,2021-01-16,2021-01-16 15:30:00,нет сигнала,,,,,,,,,,,,,,,,,,,,,,,,,,,,,,,
ETHUSDT,high,2021-02-12,2021-02-12 16:45:00,инвалидация,2021-02-13 00:00:00,,,,,,,,,,,,,,,,,,,,,,,,,,,,,,
ETHUSDT,high,2021-04-05,2021-04-05 14:00:00,инвалидация,2021-04-06 00:00:00,,,,,,,,,,,,,,,,,,,,,,,,,,,,,,
ETHUSDT,high,2021-05-06,2021-05-06 15:15:00,нет сигнала,,,,,,,,,,,,,,,,,,,,,,,,,,,,,,,
ETHUSDT,high,2021-05-08,2021-05-08 13:30:00,инвалидация,2021-05-09 00:00:00,,,,,,,,,,,,,,,,,,,,,,,,,,,,,,
ETHUSDT,high,2021-05-14,2021-05-14 13:45:00,инвалидация,2021-05-15 00:00:00,,,,,,,,,,,,,,,,,,,,,,,,,,,,,,
ETHUSDT,high,2021-06-14,2021-06-14 13:30:00,инвалидация,2021-06-15 00:00:00,,,,,,,,,,,,,,,,,,,,,,,,,,,,,,
ETHUSDT,high,2021-07-22,2021-07-22 15:45:00,сделка,2021-07-24 00:00:00,2021-07-23 20:00:00,2019.63,3.8271777503800113,28.25,2.788518155053971,0.0643094696306665,0.23766143220704325,0.44798822374877867,1.2134445534838085,1.5,False,-6.363733276477805,14.016192345436707,False,False,True,12.0,0.058089266772435096,True,False,1.0,-1.0261289144435664,False,2.0,-1.0261289144435664,False,3.4579285574468672,-1.0261289144435664,True,False
ETHUSDT,high,2021-08-04,2021-08-04 14:15:00,инвалидация,2021-08-05 00:00:00,,,,,,,,,,,,,,,,,,,,,,,,,,,,,,
ETHUSDT,high,2021-08-05,2021-08-05 14:00:00,инвалидация,2021-08-06 00:00:00,,,,,,,,,,,,,,,,,,,,,,,,,,,,,,
ETHUSDT,high,2021-10-07,2021-10-07 13:30:00,нет сигнала,,,,,,,,,,,,,,,,,,,,,,,,,,,,,,,
ETHUSDT,high,2021-10-25,2021-10-25 15:45:00,инвалидация,2021-10-26 00:00:00,,,,,,,,,,,,,,,,,,,,,,,,,,,,,,
ETHUSDT,high,2021-11-23,2021-11-23 15:00:00,инвалидация,2021-11-24 00:00:00,,,,,,,,,,,,,,,,,,,,,,,,,,,,,,
ETHUSDT,high,2021-12-08,2021-12-08 14:45:00,инвалидация,2021-12-09 00:00:00,,,,,,,,,,,,,,,,,,,,,,,,,,,,,,
ETHUSDT,high,2021-12-16,2021-12-16 15:45:00,сделка,,2021-12-17 00:00:00,3958.67,4.140746008129006,8.25,0.5485839843750062,0.30075994831475417,0.8377945450564509,2.6337890625000027,0.4008789062500018,15.75,False,-3.1586647672583172,11.147705078125004,True,False,False,15.0,1.6134240394020236,False,True,1.0,0.9758497623849223,False,2.0,-1.0241502376150777,False,1.9477975849823341,-1.0241502376150777,,
ETHUSDT,high,2021-12-27,2021-12-27 15:00:00,сделка,,2021-12-28 00:00:00,4037.36,2.2976895793290684,9.0,0.5154890324592397,0.6561649163749507,0.7274216846689516,0.9518032371541927,0.22022782861207657,1.75,True,-1.192213990703413,2.505335165317044,True,False,False,15.0,4.930254619149254,False,True,1.0,0.9564780199642111,True,2.0,1.9564780199642111,True,0.381174137076085,0.33765215704029605,,
ETHUSDT,high,2022-01-02,2022-01-02 15:45:00,инвалидация,2022-01-03 00:00:00,,,,,,,,,,,,,,,,,,,,,,,,,,,,,,
ETHUSDT,high,2022-01-11,2022-01-11 16:00:00,инвалидация,2022-01-12 00:00:00,,,,,,,,,,,,,,,,,,,,,,,,,,,,,,
ETHUSDT,high,2022-01-15,2022-01-15 14:30:00,инвалидация,2022-01-17 00:00:00,,,,,,,,,,,,,,,,,,,,,,,,,,,,,,
ETHUSDT,high,2022-01-16,2022-01-16 16:15:00,сделка,,2022-01-18 16:00:00,3115.47,9.069084921376232,47.75,0.6708185053380751,2.242199108469544,0.9079273921407531,6.357058125741403,1.8739620403321486,116.25,False,-7.877818200700359,3.392941874258596,False,False,False,7.0,2.9089564685393743,False,True,1.0,0.9889735292075283,True,2.0,1.9889735292075283,,,,,
ETHUSDT,high,2022-01-31,2022-01-31 16:00:00,инвалидация,2022-02-01 00:00:00,,,,,,,,,,,,,,,,,,,,,,,,,,,,,,
ETHUSDT,high,2022-03-18,2022-03-18 14:15:00,инвалидация,2022-03-19 00:00:00,,,,,,,,,,,,,,,,,,,,,,,,,,,,,,
ETHUSDT,high,2022-04-01,2022-04-01 15:15:00,инвалидация,2022-04-02 00:00:00,,,,,,,,,,,,,,,,,,,,,,,,,,,,,,
ETHUSDT,high,2022-04-13,2022-04-13 13:45:00,инвалидация,2022-04-14 00:00:00,,,,,,,,,,,,,,,,,,,,,,,,,,,,,,
ETHUSDT,high,2022-06-28,2022-06-28 13:30:00,сделка,,2022-06-28 20:00:00,1155.96,7.347975708502025,6.5,0.06215241062563922,1.2423970037453194,0.9763401454632625,6.291922608141162,2.3278902888876263,97.5,True,-13.579188107489992,5.3878875444954755,True,False,False,12.0,1.8949922804023471,False,True,1.0,0.986390809664178,False,2.0,-1.013609190335822,,,,,
ETHUSDT,high,2022-07-07,2022-07-07 14:00:00,инвалидация,2022-07-08 00:00:00,,,,,,,,,,,,,,,,,,,,,,,,,,,,,,
ETHUSDT,high,2022-08-24,2022-08-24 15:45:00,инвалидация,2022-08-26 00:00:00,,,,,,,,,,,,,,,,,,,,,,,,,,,,,,
ETHUSDT,high,2022-08-29,2022-08-29 14:00:00,инвалидация,2022-08-30 00:00:00,,,,,,,,,,,,,,,,,,,,,,,,,,,,,,
ETHUSDT,high,2022-09-26,2022-09-26 14:30:00,сделка,,2022-09-27 20:00:00,1323.75,5.86591123701606,29.5,4.718307752146719,0.19161938018332705,0.1696072118480368,-0.005983903300117227,2.805702659845016,7.5,True,2.1246823187704162,5.14092092271789,False,False,True,12.0,0.9497746297488721,False,False,1.0,-1.0170476497102383,False,2.0,-1.0170476497102383,True,0.7155183515775903,0.698470701867352,,
ETHUSDT,high,2022-10-03,2022-10-03 14:15:00,инвалидация,2022-10-04 00:00:00,,,,,,,,,,,,,,,,,,,,,,,,,,,,,,
ETHUSDT,high,2022-10-25,2022-10-25 13:30:00,инвалидация,2022-10-26 00:00:00,,,,,,,,,,,,,,,,,,,,,,,,,,,,,,
ETHUSDT,high,2022-11-10,2022-11-10 15:00:00,нет сигнала,,,,,,,,,,,,,,,,,,,,,,,,,,,,,,,
ETHUSDT,high,2023-01-06,2023-01-06 15:30:00,инвалидация,2023-01-07 00:00:00,,,,,,,,,,,,,,,,,,,,,,,,,,,,,,
ETHUSDT,high,2023-01-08,2023-01-08 15:45:00,инвалидация,2023-01-09 00:00:00,,,,,,,,,,,,,,,,,,,,,,,,,,,,,,
ETHUSDT,high,2023-01-20,2023-01-20 14:30:00,инвалидация,2023-01-21 00:00:00,,,,,,,,,,,,,,,,,,,,,,,,,,,,,,
ETHUSDT,high,2023-02-12,2023-02-12 16:30:00,сделка,,2023-02-13 00:00:00,1514.49,2.2950102014539624,7.5,0.3163039110200872,0.7084271067766922,0.8150711928579807,1.3404026393227881,0.44788115269440726,16.5,False,4.724580209430572,2.5920068446092226,True,False,False,15.0,1.5677101764501056,True,True,1.0,0.9564272089349988,False,2.0,-1.0435727910650012,True,0.3354652350414453,0.29189244397644404,True,False
ETHUSDT,high,2023-02-19,2023-02-19 15:15:00,нет сигнала,,,,,,,,,,,,,,,,,,,,,,,,,,,,,,,
ETHUSDT,high,2023-03-23,2023-03-23 15:00:00,нет сигнала,,,,,,,,,,,,,,,,,,,,,,,,,,,,,,,
ETHUSDT,high,2023-03-31,2023-03-31 13:30:00,нет сигнала,,,,,,,,,,,,,,,,,,,,,,,,,,,,,,,
ETHUSDT,high,2023-04-30,2023-04-30 15:00:00,нет сигнала,,,,,,,,,,,,,,,,,,,,,,,,,,,,,,,
ETHUSDT,high,2023-05-14,2023-05-14 15:00:00,нет сигнала,,,,,,,,,,,,,,,,,,,,,,,,,,,,,,,
ETHUSDT,high,2023-06-16,2023-06-16 15:45:00,инвалидация,2023-06-17 00:00:00,,,,,,,,,,,,,,,,,,,,,,,,,,,,,,
ETHUSDT,high,2023-07-13,2023-07-13 15:30:00,инвалидация,2023-07-14 00:00:00,,,,,,,,,,,,,,,,,,,,,,,,,,,,,,
ETHUSDT,high,2023-08-29,2023-08-29 14:15:00,инвалидация,2023-08-30 00:00:00,,,,,,,,,,,,,,,,,,,,,,,,,,,,,,
ETHUSDT,high,2023-09-05,2023-09-05 15:15:00,нет сигнала,,,,,,,,,,,,,,,,,,,,,,,,,,,,,,,
ETHUSDT,high,2023-09-30,2023-09-30 15:45:00,инвалидация,2023-10-02 00:00:00,,,,,,,,,,,,,,,,,,,,,,,,,,,,,,
ETHUSDT,high,2023-11-19,2023-11-19 16:00:00,инвалидация,2023-11-20 00:00:00,,,,,,,,,,,,,,,,,,,,,,,,,,,,,,
ETHUSDT,high,2023-12-07,2023-12-07 15:15:00,инвалидация,2023-12-08 00:00:00,,,,,,,,,,,,,,,,,,,,,,,,,,,,,,
ETHUSDT,high,2023-12-20,2023-12-20 14:30:00,нет сигнала,,,,,,,,,,,,,,,,,,,,,,,,,,,,,,,
ETHUSDT,high,2024-01-16,2024-01-16 15:15:00,инвалидация,2024-01-17 00:00:00,,,,,,,,,,,,,,,,,,,,,,,,,,,,,,
ETHUSDT,high,2024-02-07,2024-02-07 16:30:00,инвалидация,2024-02-08 00:00:00,,,,,,,,,,,,,,,,,,,,,,,,,,,,,,
ETHUSDT,high,2024-02-08,2024-02-08 15:15:00,инвалидация,2024-02-10 00:00:00,,,,,,,,,,,,,,,,,,,,,,,,,,,,,,
ETHUSDT,high,2024-02-12,2024-02-12 15:30:00,инвалидация,2024-02-13 00:00:00,,,,,,,,,,,,,,,,,,,,,,,,,,,,,,
ETHUSDT,high,2024-03-03,2024-03-03 16:30:00,инвалидация,2024-03-04 00:00:00,,,,,,,,,,,,,,,,,,,,,,,,,,,,,,
ETHUSDT,high,2024-04-23,2024-04-23 14:00:00,сделка,,2024-04-25 12:00:00,3110.35,5.99043130194352,46.0,1.8046367851622909,1.1556647506026325,0.6689981686678286,3.7440494590417277,0.7768160741885659,88.0,False,-7.220648621469869,3.3341576506955217,False,False,False,4.0,0.25520146747015676,True,False,1.0,-1.0166932888400801,False,2.0,-1.0166932888400801,,,,False,True
ETHUSDT,high,2024-06-16,2024-06-16 14:00:00,инвалидация,2024-06-17 00:00:00,,,,,,,,,,,,,,,,,,,,,,,,,,,,,,
ETHUSDT,high,2024-08-12,2024-08-12 14:30:00,инвалидация,2024-08-13 00:00:00,,,,,,,,,,,,,,,,,,,,,,,,,,,,,,
ETHUSDT,high,2024-09-13,2024-09-13 15:15:00,инвалидация,2024-09-14 00:00:00,,,,,,,,,,,,,,,,,,,,,,,,,,,,,,
ETHUSDT,high,2024-09-17,2024-09-17 14:15:00,инвалидация,2024-09-18 00:00:00,,,,,,,,,,,,,,,,,,,,,,,,,,,,,,
ETHUSDT,high,2024-10-04,2024-10-04 15:45:00,инвалидация,2024-10-05 00:00:00,,,,,,,,,,,,,,,,,,,,,,,,,,,,,,
ETHUSDT,high,2024-10-12,2024-10-12 14:30:00,инвалидация,2024-10-13 00:00:00,,,,,,,,,,,,,,,,,,,,,,,,,,,,,,
ETHUSDT,high,2024-10-15,2024-10-15 13:45:00,нет сигнала,,,,,,,,,,,,,,,,,,,,,,,,,,,,,,,
ETHUSDT,high,2024-10-20,2024-10-20 14:00:00,инвалидация,2024-10-21 00:00:00,,,,,,,,,,,,,,,,,,,,,,,,,,,,,,
ETHUSDT,high,2024-10-25,2024-10-25 14:30:00,нет сигнала,,,,,,,,,,,,,,,,,,,,,,,,,,,,,,,
ETHUSDT,high,2024-11-11,2024-11-11 15:30:00,инвалидация,2024-11-12 00:00:00,,,,,,,,,,,,,,,,,,,,,,,,,,,,,,
ETHUSDT,high,2024-11-18,2024-11-18 16:00:00,инвалидация,2024-11-19 00:00:00,,,,,,,,,,,,,,,,,,,,,,,,,,,,,,
ETHUSDT,high,2024-12-01,2024-12-01 15:30:00,сделка,,2024-12-02 12:00:00,3592.21,4.942806795816504,20.5,0.6365273717458851,0.8720200023258506,0.8446349320777657,3.6280991293844758,0.8214463227316761,47.0,False,-8.452348899008461,4.595716935048555,False,False,False,3.0,0.508008740904277,True,False,1.0,-1.0202314199463831,False,2.0,-1.0202314199463831,True,0.12396089121178791,0.1037294712654048,True,False
ETHUSDT,high,2024-12-06,2024-12-06 14:45:00,инвалидация,2024-12-07 00:00:00,,,,,,,,,,,,,,,,,,,,,,,,,,,,,,
ETHUSDT,high,2024-12-11,2024-12-11 15:00:00,инвалидация,2024-12-12 00:00:00,,,,,,,,,,,,,,,,,,,,,,,,,,,,,,
ETHUSDT,high,2024-12-24,2024-12-24 14:30:00,инвалидация,2024-12-25 00:00:00,,,,,,,,,,,,,,,,,,,,,,,,,,,,,,
ETHUSDT,high,2025-03-02,2025-03-02 15:30:00,инвалидация,2025-03-03 00:00:00,,,,,,,,,,,,,,,,,,,,,,,,,,,,,,
ETHUSDT,high,2025-03-14,2025-03-14 14:30:00,инвалидация,2025-03-16 00:00:00,,,,,,,,,,,,,,,,,,,,,,,,,,,,,,
ETHUSDT,high,2025-03-31,2025-03-31 15:00:00,инвалидация,2025-04-02 00:00:00,,,,,,,,,,,,,,,,,,,,,,,,,,,,,,
ETHUSDT,high,2025-04-22,2025-04-22 14:30:00,инвалидация,2025-04-23 00:00:00,,,,,,,,,,,,,,,,,,,,,,,,,,,,,,
ETHUSDT,high,2025-04-25,2025-04-25 14:45:00,инвалидация,2025-04-27 00:00:00,,,,,,,,,,,,,,,,,,,,,,,,,,,,,,
ETHUSDT,high,2025-05-18,2025-05-18 13:45:00,сделка,,2025-05-18 20:00:00,2406.78,7.617128279277699,6.25,1.9660076528099,1.3776584544114538,0.7137499050878997,2.0038382270070856,0.36333113968544667,7.75,True,0.8046797318535983,3.742862434633891,True,False,False,12.0,0.513616286305517,True,False,1.0,-1.0131283071957773,False,2.0,-1.0131283071957773,,,,False,False
ETHUSDT,high,2025-06-02,2025-06-02 15:15:00,инвалидация,2025-06-03 00:00:00,,,,,,,,,,,,,,,,,,,,,,,,,,,,,,
ETHUSDT,high,2025-06-04,2025-06-04 15:15:00,сделка,,2025-06-05 20:00:00,2528.08,6.101058510806611,28.75,0.9288205560870461,1.379647749510764,0.82274569624255,3.3740367159074616,0.8531137711018574,39.75,True,1.4500247120100493,3.4644328770838206,False,False,False,12.0,0.962528180174696,True,False,1.0,-1.0163905984220398,False,2.0,-1.0163905984220398,,,,False,False
ETHUSDT,high,2025-06-23,2025-06-23 14:00:00,инвалидация,2025-06-24 00:00:00,,,,,,,,,,,,,,,,,,,,,,,,,,,,,,
ETHUSDT,high,2025-07-02,2025-07-02 15:00:00,инвалидация,2025-07-03 00:00:00,,,,,,,,,,,,,,,,,,,,,,,,,,,,,,
ETHUSDT,high,2025-07-03,2025-07-03 13:30:00,сделка,,2025-07-04 16:00:00,2499.61,5.521861410380023,26.5,0.6416622106790995,0.4730921131367929,0.8591921753305533,4.401115270032848,2.487204949965639,17.5,False,-6.082012832052053,9.574134901840946,False,False,False,8.0,0.1922840065205575,True,False,1.0,-1.0181098351747873,False,2.0,-1.0181098351747873,False,0.9569280927368219,-1.0181098351747873,False,False
ETHUSDT,high,2025-07-08,2025-07-08 13:45:00,инвалидация,2025-07-09 00:00:00,,,,,,,,,,,,,,,,,,,,,,,,,,,,,,
ETHUSDT,high,2025-07-24,2025-07-24 15:00:00,нет сигнала,,,,,,,,,,,,,,,,,,,,,,,,,,,,,,,
ETHUSDT,high,2025-09-03,2025-09-03 13:30:00,инвалидация,2025-09-04 00:00:00,,,,,,,,,,,,,,,,,,,,,,,,,,,,,,
ETHUSDT,high,2025-10-06,2025-10-06 13:30:00,инвалидация,2025-10-07 00:00:00,,,,,,,,,,,,,,,,,,,,,,,,,,,,,,
ETHUSDT,high,2025-10-12,2025-10-12 14:45:00,инвалидация,2025-10-13 00:00:00,,,,,,,,,,,,,,,,,,,,,,,,,,,,,,
ETHUSDT,high,2025-12-02,2025-12-02 15:30:00,инвалидация,2025-12-04 00:00:00,,,,,,,,,,,,,,,,,,,,,,,,,,,,,,
ETHUSDT,high,2025-12-09,2025-12-09 15:30:00,инвалидация,2025-12-10 00:00:00,,,,,,,,,,,,,,,,,,,,,,,,,,,,,,
ETHUSDT,high,2025-12-17,2025-12-17 14:45:00,нет сигнала,,,,,,,,,,,,,,,,,,,,,,,,,,,,,,,
ETHUSDT,high,2025-12-19,2025-12-19 15:15:00,нет сигнала,,,,,,,,,,,,,,,,,,,,,,,,,,,,,,,
ETHUSDT,high,2025-12-28,2025-12-28 15:15:00,сделка,,2025-12-29 16:00:00,2934.02,4.261593308839069,24.75,3.2488242607708475,0.571112585711129,0.206500527847981,0.18041515757609008,1.571030866533326,0.25,False,2.023606526862302,1.5274474295907898,False,False,True,7.0,0.18330720752423352,True,False,1.0,-1.0234654019642342,False,2.0,-1.0234654019642342,True,0.15507533830256778,0.13160993633833348,False,False
ETHUSDT,high,2026-01-13,2026-01-13 15:45:00,инвалидация,2026-01-14 00:00:00,,,,,,,,,,,,,,,,,,,,,,,,,,,,,,
ETHUSDT,high,2026-01-14,2026-01-14 16:30:00,нет сигнала,,,,,,,,,,,,,,,,,,,,,,,,,,,,,,,
ETHUSDT,high,2026-01-17,2026-01-17 15:30:00,сделка,,2026-01-19 00:00:00,3282.77,2.6982694492760695,32.5,1.2822748951986827,0.5758928571428588,0.48059348384327744,0.02796706502193132,0.1121689812169588,2.5,True,-5.53395259449071,2.2229305875489445,False,False,True,15.0,4.724424738518533,False,True,1.0,0.9629392090449568,True,2.0,1.962939209044957,True,0.3539254338380701,0.3168646428830269,,
ETHUSDT,high,2026-02-13,2026-02-13 14:45:00,инвалидация,2026-02-14 00:00:00,,,,,,,,,,,,,,,,,,,,,,,,,,,,,,
ETHUSDT,high,2026-03-02,2026-03-02 15:30:00,сделка,,2026-03-03 12:00:00,1960.09,6.68331556204052,20.5,1.6708279188385446,0.6357891906426469,0.7219902442003384,4.27027211182331,2.313266850637814,0.75,True,-4.725864220540331,7.2400920829135575,False,False,False,3.0,0.2577882273910486,True,False,1.0,-1.0149626333025443,False,2.0,-1.0149626333025443,False,0.413590943442315,-1.0149626333025443,False,False
ETHUSDT,high,2026-03-12,2026-03-12 14:15:00,сделка,2026-03-14 00:00:00,2026-03-13 20:00:00,2101.72,5.2328326323202035,29.75,5.971759920958463,-0.21168437025796405,-0.15221019846518433,-1.6412627459256108,0.004796209076363504,2.25,False,-3.7079174377799875,3.792842137574458,False,False,True,12.0,0.3785251231843282,True,False,1.0,-1.019110108621162,False,2.0,-1.019110108621162,False,0.8712533582397914,-1.019110108621162,True,False
ETHUSDT,high,2026-04-10,2026-04-10 14:15:00,инвалидация,2026-04-12 00:00:00,,,,,,,,,,,,,,,,,,,,,,,,,,,,,,
ETHUSDT,high,2026-04-14,2026-04-14 14:30:00,нет сигнала,,,,,,,,,,,,,,,,,,,,,,,,,,,,,,,
ETHUSDT,high,2026-05-10,2026-05-10 15:30:00,инвалидация,2026-05-11 00:00:00,,,,,,,,,,,,,,,,,,,,,,,,,,,,,,
ETHUSDT,high,2026-05-20,2026-05-20 15:15:00,сделка,,2026-05-21 12:00:00,2114.08,2.132227730265658,20.75,0.46623412312121715,0.6113691250232194,0.7300840783548083,1.3269740427295789,0.21797959003068657,17.25,True,7.495859004583576,2.507231053707746,False,False,False,4.0,2.3754908268074493,False,True,1.0,0.953100694367416,True,2.0,1.953100694367416,True,0.4640947711693318,0.4171954655367478,,
ETHUSDT,high,2026-05-25,2026-05-25 15:00:00,сделка,,2026-05-26 20:00:00,2073.65,3.3801075398451883,29.0,0.4927032987658956,0.8225945017182141,0.8196417259700168,2.2570503495847176,1.3607995870677114,40.75,True,0.5689246802463391,3.2771807986485704,False,False,False,12.0,1.5432662401771462,False,True,1.0,0.9704151424707097,False,2.0,-1.0295848575292903,True,0.17676868554862377,0.1471838280193334,,
ETHUSDT,high,2026-05-29,2026-05-29 15:15:00,нет сигнала,,,,,,,,,,,,,,,,,,,,,,,,,,,,,,,
ETHUSDT,high,2026-06-27,2026-06-27 14:00:00,нет сигнала,,,,,,,,,,,,,,,,,,,,,,,,,,,,,,,
ETHUSDT,high,2026-07-01,2026-07-01 14:15:00,инвалидация,2026-07-03 00:00:00,,,,,,,,,,,,,,,,,,,,,,,,,,,,,,
ETHUSDT,high,2026-07-11,2026-07-11 14:30:00,сделка,,2026-07-12 00:00:00,1786.7,2.4989936754911253,9.5,1.009811012405932,0.32873224336638884,0.5493900046405875,0.4549394610292458,0.3704664785808559,1.5,False,-0.613981524534054,4.1198522550973715,True,False,False,16.0,0.18902778798070094,True,False,1.0,-1.0400161076759615,False,2.0,-1.0400161076759615,False,1.121848566345175,-1.0400161076759615,True,False
ETHUSDT,high,2026-07-22,2026-07-22 14:00:00,сделка,,2026-07-23 16:00:00,1894.49,3.495333836547039,26.0,0.261563031059965,1.0913284132841337,0.8932515337423327,2.399623267336874,0.7237771544399223,34.0,False,-3.5176769167207667,2.7743084703425422,False,False,False,8.0,0.7297026899480877,True,False,1.0,-1.0286095705521472,False,2.0,-1.0286095705521472,,,,False,True
ETHUSDT,high,2026-07-30,2026-07-30 13:45:00,сделка,,2026-07-31 04:00:00,1907.82,1.6084625383946112,14.25,0.08113695090438948,0.41983317886932436,0.8857294901320023,1.274418604651167,0.09095607235142072,11.5,True,-2.639513697415315,3.3457364341085274,False,False,False,20.0,2.841959854099035,False,True,1.0,0.9378288287025889,True,2.0,1.9378288287025889,True,1.223988213736493,1.161817042439082,,
ETHUSDT,high,2026-08-18,2026-08-18 14:15:00,инвалидация,2026-08-20 00:00:00,,,,,,,,,,,,,,,,,,,,,,,,,,,,,,
ETHUSDT,high,2026-08-20,2026-08-20 15:45:00,инвалидация,2026-08-22 00:00:00,,,,,,,,,,,,,,,,,,,,,,,,,,,,,,
ETHUSDT,high,2026-09-03,2026-09-03 13:30:00,инвалидация,2026-09-04 00:00:00,,,,,,,,,,,,,,,,,,,,,,,,,,,,,,
LINKUSDT,low,2020-02-16,2020-02-16 16:45:00,нет сигнала,,,,,,,,,,,,,,,,,,,,,,,,,,,,,,,
LINKUSDT,low,2020-03-07,2020-03-07 15:00:00,инвалидация,2020-03-08 00:00:00,,,,,,,,,,,,,,,,,,,,,,,,,,,,,,
LINKUSDT,low,2020-03-09,2020-03-09 15:00:00,нет сигнала,,,,,,,,,,,,,,,,,,,,,,,,,,,,,,,
LINKUSDT,low,2020-05-21,2020-05-21 14:30:00,инвалидация,2020-05-22 00:00:00,,,,,,,,,,,,,,,,,,,,,,,,,,,,,,
LINKUSDT,low,2020-05-24,2020-05-24 13:45:00,инвалидация,2020-05-25 00:00:00,,,,,,,,,,,,,,,,,,,,,,,,,,,,,,
LINKUSDT,low,2020-06-02,2020-06-02 15:15:00,нет сигнала,,,,,,,,,,,,,,,,,,,,,,,,,,,,,,,
LINKUSDT,low,2020-06-10,2020-06-10 15:45:00,инвалидация,2020-06-12 00:00:00,,,,,,,,,,,,,,,,,,,,,,,,,,,,,,
LINKUSDT,low,2020-07-20,2020-07-20 13:45:00,инвалидация,2020-07-21 00:00:00,,,,,,,,,,,,,,,,,,,,,,,,,,,,,,
LINKUSDT,low,2020-08-17,2020-08-17 14:00:00,инвалидация,2020-08-18 00:00:00,,,,,,,,,,,,,,,,,,,,,,,,,,,,,,
LINKUSDT,low,2020-09-13,2020-09-13 15:45:00,инвалидация,2020-09-14 00:00:00,,,,,,,,,,,,,,,,,,,,,,,,,,,,,,
LINKUSDT,low,2020-09-15,2020-09-15 14:15:00,инвалидация,2020-09-16 00:00:00,,,,,,,,,,,,,,,,,,,,,,,,,,,,,,
LINKUSDT,low,2020-09-18,2020-09-18 15:30:00,инвалидация,2020-09-19 00:00:00,,,,,,,,,,,,,,,,,,,,,,,,,,,,,,
LINKUSDT,low,2021-01-31,2021-01-31 16:00:00,сделка,,2021-02-02 00:00:00,22.928,5.668396720167495,32.0,2.4247340904993706,0.401084010840109,0.569384064940561,2.947539210383991,1.0501171804578915,22.0,True,1.420807121153767,8.315305570578703,False,False,False,15.0,3.235486477128448,False,True,1.0,0.9823583272419498,True,2.0,1.9823583272419498,True,0.8502289077828628,0.8325872350248126,,
LINKUSDT,low,2021-07-12,2021-07-12 15:45:00,инвалидация,2021-07-13 00:00:00,,,,,,,,,,,,,,,,,,,,,,,,,,,,,,
LINKUSDT,low,2021-08-12,2021-08-12 14:30:00,сделка,,2021-08-13 04:00:00,25.622,5.956287565373502,13.5,1.4464329492522643,0.39999999999999974,0.7522344245537708,2.4801830514014847,0.4944022227670126,0.5,True,8.456420770743549,11.726730407779689,False,False,False,20.0,3.2408984876680766,False,True,1.0,0.9832110187927555,True,2.0,1.9832110187927554,True,1.1283516368306572,1.1115626556234126,,
LINKUSDT,low,2021-08-22,2021-08-22 14:30:00,сделка,,2021-08-23 04:00:00,28.867,7.253264973845573,13.5,3.119690561399702,0.7808041504539573,0.5750310440347691,1.5905722445143378,1.6628709829013517,2.25,False,-0.3361825399663733,5.574232729638861,False,False,True,20.0,0.23880026745629937,True,False,1.0,-1.013786894641322,False,2.0000000000000018,-1.013786894641322,True,0.16142898080045714,0.14764208615913516,True,False
LINKUSDT,low,2021-08-24,2021-08-24 13:30:00,инвалидация,2021-08-25 00:00:00,,,,,,,,,,,,,,,,,,,,,,,,,,,,,,
LINKUSDT,low,2021-09-10,2021-09-10 14:15:00,инвалидация,2021-09-11 00:00:00,,,,,,,,,,,,,,,,,,,,,,,,,,,,,,
LINKUSDT,low,2021-11-04,2021-11-04 15:00:00,сделка,,2021-11-05 04:00:00,31.498,4.166029589180263,13.0,1.1644642156221316,0.409372236958444,0.7056765044779231,2.9667669763182,0.9682062017532362,7.25,False,3.1876109049846733,7.398927122857531,False,False,False,20.0,3.171733921854327,False,True,0.9999999999999973,0.9759963298725183,True,2.0000000000000027,1.9759963298725236,True,1.018125064775923,0.994121394648444,,
LINKUSDT,low,2021-11-14,2021-11-14 15:00:00,сделка,2021-11-16 00:00:00,2021-11-15 00:00:00,33.77,3.7918922120225194,9.0,2.036267245014766,0.4033850493653054,0.4466928330790104,0.4277366106392042,0.2831495873245412,1.5,False,-1.4459995943087378,4.271341647087171,True,False,False,15.0,0.5997554122459362,True,False,1.0,-1.0263720576452415,False,2.0,-1.0263720576452415,False,0.6606680713021669,-1.0263720576452415,True,False
LINKUSDT,low,2021-12-03,2021-12-03 16:00:00,инвалидация,2021-12-04 00:00:00,,,,,,,,,,,,,,,,,,,,,,,,,,,,,,
LINKUSDT,low,2021-12-09,2021-12-09 14:45:00,инвалидация,2021-12-10 00:00:00,,,,,,,,,,,,,,,,,,,,,,,,,,,,,,
LINKUSDT,low,2021-12-15,2021-12-15 15:45:00,сделка,,2021-12-15 20:00:00,18.872,8.68614879186096,4.25,0.9702049486193265,1.2240943555181112,0.8863809669055964,8.186463057580793,2.4283828003903682,47.75,True,-9.063533593325774,6.814398071071824,True,True,False,11.0,0.9260332469116975,False,False,1.0,-1.0115125819734634,False,2.0,-1.0115125819734634,,,,,
LINKUSDT,low,2022-01-10,2022-01-10 14:30:00,сделка,,2022-01-11 00:00:00,27.974,10.467115893329519,9.5,0.06776147959183458,0.8009991673605331,0.9856318374793508,9.857302295918362,1.9650829081632595,2.5,True,17.55314607700846,14.361447704081623,True,False,False,15.0,0.24384654607077452,True,False,1.0,-1.009553730083731,False,1.999999999999999,-1.009553730083731,False,0.24487111139039966,-1.009553730083731,False,False
LINKUSDT,low,2022-01-13,2022-01-13 15:15:00,инвалидация,2022-01-14 00:00:00,,,,,,,,,,,,,,,,,,,,,,,,,,,,,,
LINKUSDT,low,2022-02-06,2022-02-06 14:45:00,нет сигнала,,,,,,,,,,,,,,,,,,,,,,,,,,,,,,,
LINKUSDT,low,2022-02-18,2022-02-18 14:30:00,инвалидация,2022-02-19 00:00:00,,,,,,,,,,,,,,,,,,,,,,,,,,,,,,
LINKUSDT,low,2022-03-03,2022-03-03 15:00:00,инвалидация,2022-03-04 00:00:00,,,,,,,,,,,,,,,,,,,,,,,,,,,,,,
LINKUSDT,low,2022-04-04,2022-04-04 15:00:00,сделка,2022-04-06 00:00:00,2022-04-05 00:00:00,17.506,4.07180395293043,9.0,1.9825072886297368,0.3032367972742766,0.4994318261528333,0.8921282798833952,0.28571428571428276,1.75,True,6.546461610983447,6.8454810495627,True,False,False,16.0,0.21885214853887933,True,False,1.0,-1.024559139181549,False,2.0,-1.024559139181549,False,1.1475708814410575,-1.024559139181549,True,False
LINKUSDT,low,2022-04-14,2022-04-14 15:30:00,инвалидация,2022-04-15 00:00:00,,,,,,,,,,,,,,,,,,,,,,,,,,,,,,
LINKUSDT,low,2022-04-20,2022-04-20 15:15:00,сделка,2022-04-22 00:00:00,2022-04-21 12:00:00,14.258,4.023691962407059,20.75,0.9401214926236549,0.745233968804159,0.74952326833979,2.9649985536592434,2.0610355799826454,2.5,True,4.422117923144628,4.172693086491177,False,False,False,4.0,0.20045389734668853,True,False,1.0,-1.0248527971162529,False,2.0,-1.0248527971162529,False,0.2562323731301149,-1.0248527971162529,True,False
LINKUSDT,low,2022-04-30,2022-04-30 14:15:00,инвалидация,2022-05-01 00:00:00,,,,,,,,,,,,,,,,,,,,,,,,,,,,,,
LINKUSDT,low,2022-05-05,2022-05-05 15:00:00,инвалидация,2022-05-06 00:00:00,,,,,,,,,,,,,,,,,,,,,,,,,,,,,,
LINKUSDT,low,2022-08-28,2022-08-28 14:15:00,инвалидация,2022-08-29 00:00:00,,,,,,,,,,,,,,,,,,,,,,,,,,,,,,
LINKUSDT,low,2022-09-12,2022-09-12 15:45:00,инвалидация,2022-09-14 00:00:00,,,,,,,,,,,,,,,,,,,,,,,,,,,,,,
LINKUSDT,low,2022-09-20,2022-09-20 13:30:00,инвалидация,2022-09-21 00:00:00,,,,,,,,,,,,,,,,,,,,,,,,,,,,,,
LINKUSDT,low,2022-10-18,2022-10-18 14:15:00,инвалидация,2022-10-20 00:00:00,,,,,,,,,,,,,,,,,,,,,,,,,,,,,,
LINKUSDT,low,2022-10-24,2022-10-24 14:15:00,нет сигнала,,,,,,,,,,,,,,,,,,,,,,,,,,,,,,,
LINKUSDT,low,2022-11-01,2022-11-01 13:45:00,инвалидация,2022-11-03 00:00:00,,,,,,,,,,,,,,,,,,,,,,,,,,,,,,
LINKUSDT,low,2022-12-22,2022-12-22 16:00:00,сделка,,2022-12-23 00:00:00,6.003,2.612893553223384,8.0,0.45926177921413924,0.7607361963190206,0.7905541529594824,1.2927368600102147,0.6123490389522108,1.5,False,1.6131771098658474,2.772580370811367,True,False,False,15.0,0.4080279499145701,True,False,1.0,-1.0382717466146432,False,2.0,-1.0382717466146432,True,0.24864203197918905,0.21037028536454588,False,False
LINKUSDT,low,2022-12-27,2022-12-27 14:30:00,инвалидация,2022-12-28 00:00:00,,,,,,,,,,,,,,,,,,,,,,,,,,,,,,
LINKUSDT,low,2023-01-18,2023-01-18 15:45:00,инвалидация,2023-01-19 00:00:00,,,,,,,,,,,,,,,,,,,,,,,,,,,,,,
LINKUSDT,low,2023-02-24,2023-02-24 15:00:00,инвалидация,2023-02-25 00:00:00,,,,,,,,,,,,,,,,,,,,,,,,,,,,,,
LINKUSDT,low,2023-03-15,2023-03-15 15:30:00,инвалидация,2023-03-16 00:00:00,,,,,,,,,,,,,,,,,,,,,,,,,,,,,,
LINKUSDT,low,2023-03-27,2023-03-27 14:15:00,инвалидация,2023-03-28 00:00:00,,,,,,,,,,,,,,,,,,,,,,,,,,,,,,
LINKUSDT,low,2023-04-28,2023-04-28 13:30:00,сделка,,2023-04-29 12:00:00,7.14,3.0802100840336166,22.5,0.6739317464869601,0.650980392156861,0.7547959095518028,1.8640665328362473,0.2150845999426395,1.5,True,-0.04184684056352665,3.656438199024948,False,False,False,4.0,0.7411550196201472,True,False,1.0,-1.0324653180373486,False,2.0,-1.0324653180373486,True,0.4046797346392227,0.372214416601874,False,False
LINKUSDT,low,2023-05-06,2023-05-06 15:00:00,нет сигнала,,,,,,,,,,,,,,,,,,,,,,,,,,,,,,,
LINKUSDT,low,2023-05-11,2023-05-11 14:45:00,сделка,,2023-05-12 20:00:00,6.477,4.295275590551178,29.25,0.9418901660280997,0.4965034965034974,0.7656224726370849,2.458492975734354,0.5587484035759921,1.25,True,-8.846739581891185,6.848659003831408,False,False,False,12.0,1.1610143599144507,False,True,1.0,0.9767186067827681,False,2.0,-1.023281393217232,True,0.7764058877446467,0.7531244945274148,,
LINKUSDT,low,2023-06-07,2023-06-07 14:15:00,инвалидация,2023-06-08 00:00:00,,,,,,,,,,,,,,,,,,,,,,,,,,,,,,
LINKUSDT,low,2023-06-16,2023-06-16 14:45:00,нет сигнала,,,,,,,,,,,,,,,,,,,,,,,,,,,,,,,
LINKUSDT,low,2023-06-30,2023-06-30 13:45:00,сделка,,2023-06-30 20:00:00,6.307,9.730442365625503,6.25,1.4525332872211745,1.3165829145728654,0.8538387711239543,8.334774338578582,0.6570983918381353,117.75,True,-3.9321259585576716,6.882241051357421,True,False,False,12.0,0.6257139086099198,False,False,1.0,-1.0102770250562572,False,2.0,-1.0102770250562572,,,,,
LINKUSDT,low,2023-08-07,2023-08-07 15:15:00,нет сигнала,,,,,,,,,,,,,,,,,,,,,,,,,,,,,,,
LINKUSDT,low,2023-08-17,2023-08-17 15:30:00,инвалидация,2023-08-18 00:00:00,,,,,,,,,,,,,,,,,,,,,,,,,,,,,,
LINKUSDT,low,2023-08-21,2023-08-21 15:15:00,инвалидация,2023-08-23 00:00:00,,,,,,,,,,,,,,,,,,,,,,,,,,,,,,
LINKUSDT,low,2023-10-02,2023-10-02 14:00:00,инвалидация,2023-10-03 00:00:00,,,,,,,,,,,,,,,,,,,,,,,,,,,,,,
LINKUSDT,low,2023-10-24,2023-10-24 15:30:00,нет сигнала,,,,,,,,,,,,,,,,,,,,,,,,,,,,,,,
LINKUSDT,low,2023-11-16,2023-11-16 15:45:00,инвалидация,2023-11-17 00:00:00,,,,,,,,,,,,,,,,,,,,,,,,,,,,,,
LINKUSDT,low,2023-11-26,2023-11-26 16:15:00,инвалидация,2023-11-28 00:00:00,,,,,,,,,,,,,,,,,,,,,,,,,,,,,,
LINKUSDT,low,2024-01-12,2024-01-12 16:45:00,инвалидация,2024-01-13 00:00:00,,,,,,,,,,,,,,,,,,,,,,,,,,,,,,
LINKUSDT,low,2024-01-16,2024-01-16 14:30:00,нет сигнала,,,,,,,,,,,,,,,,,,,,,,,,,,,,,,,
LINKUSDT,low,2024-02-15,2024-02-15 16:00:00,инвалидация,2024-02-17 00:00:00,,,,,,,,,,,,,,,,,,,,,,,,,,,,,,
LINKUSDT,low,2024-03-05,2024-03-05 16:00:00,инвалидация,2024-03-06 00:00:00,,,,,,,,,,,,,,,,,,,,,,,,,,,,,,
LINKUSDT,low,2024-03-08,2024-03-08 15:30:00,нет сигнала,,,,,,,,,,,,,,,,,,,,,,,,,,,,,,,
LINKUSDT,low,2024-04-17,2024-04-17 15:30:00,сделка,,2024-04-19 00:00:00,13.879,8.55756178399019,32.5,0.8429597252575614,1.0745216515609264,0.8983719849390098,7.5476116141117755,0.11707773961911153,44.0,False,-23.397472389844015,7.750546362784892,False,False,False,16.0,1.8110573004721755,False,True,1.0,0.9883144285108074,False,2.0000000000000013,-1.0116855714891926,,,,,
LINKUSDT,low,2024-05-10,2024-05-10 14:45:00,инвалидация,2024-05-11 00:00:00,,,,,,,,,,,,,,,,,,,,,,,,,,,,,,
LINKUSDT,low,2024-05-23,2024-05-23 13:45:00,нет сигнала,,,,,,,,,,,,,,,,,,,,,,,,,,,,,,,
LINKUSDT,low,2024-06-23,2024-06-23 14:00:00,инвалидация,2024-06-24 00:00:00,,,,,,,,,,,,,,,,,,,,,,,,,,,,,,
LINKUSDT,low,2024-08-02,2024-08-02 14:45:00,инвалидация,2024-08-03 00:00:00,,,,,,,,,,,,,,,,,,,,,,,,,,,,,,
LINKUSDT,low,2024-08-04,2024-08-04 14:15:00,инвалидация,2024-08-05 00:00:00,,,,,,,,,,,,,,,,,,,,,,,,,,,,,,
LINKUSDT,low,2024-08-30,2024-08-30 14:45:00,нет сигнала,,,,,,,,,,,,,,,,,,,,,,,,,,,,,,,
LINKUSDT,low,2024-09-03,2024-09-03 14:30:00,инвалидация,2024-09-04 00:00:00,,,,,,,,,,,,,,,,,,,,,,,,,,,,,,
LINKUSDT,low,2024-10-01,2024-10-01 14:30:00,инвалидация,2024-10-02 00:00:00,,,,,,,,,,,,,,,,,,,,,,,,,,,,,,
LINKUSDT,low,2024-10-02,2024-10-02 13:30:00,инвалидация,2024-10-03 00:00:00,,,,,,,,,,,,,,,,,,,,,,,,,,,,,,
LINKUSDT,low,2024-10-10,2024-10-10 13:45:00,сделка,,2024-10-11 16:00:00,10.855,5.732316904652227,26.25,1.5664039976936408,0.7960992907801415,0.7215830471375337,3.353834326350184,0.10570824524313865,30.25,False,-4.869455235341959,5.419950028829522,False,False,False,8.0,1.3563832779155418,False,True,1.0,0.9825550468225436,False,2.0,-1.0174449531774563,True,0.18481525706195226,0.16737030388449584,,
LINKUSDT,low,2024-10-13,2024-10-13 14:30:00,инвалидация,2024-10-14 00:00:00,,,,,,,,,,,,,,,,,,,,,,,,,,,,,,
LINKUSDT,low,2024-11-14,2024-11-14 14:45:00,инвалидация,2024-11-15 00:00:00,,,,,,,,,,,,,,,,,,,,,,,,,,,,,,
LINKUSDT,low,2025-01-07,2025-01-07 14:45:00,инвалидация,2025-01-08 00:00:00,,,,,,,,,,,,,,,,,,,,,,,,,,,,,,
LINKUSDT,low,2025-02-05,2025-02-05 16:15:00,инвалидация,2025-02-06 00:00:00,,,,,,,,,,,,,,,,,,,,,,,,,,,,,,
LINKUSDT,low,2025-02-06,2025-02-06 15:15:00,инвалидация,2025-02-07 00:00:00,,,,,,,,,,,,,,,,,,,,,,,,,,,,,,
LINKUSDT,low,2025-03-10,2025-03-10 14:00:00,инвалидация,2025-03-11 00:00:00,,,,,,,,,,,,,,,,,,,,,,,,,,,,,,
LINKUSDT,low,2025-04-26,2025-04-26 13:30:00,инвалидация,2025-04-28 00:00:00,,,,,,,,,,,,,,,,,,,,,,,,,,,,,,
LINKUSDT,low,2025-05-29,2025-05-29 14:15:00,инвалидация,2025-05-30 00:00:00,,,,,,,,,,,,,,,,,,,,,,,,,,,,,,
LINKUSDT,low,2025-06-17,2025-06-17 14:45:00,инвалидация,2025-06-18 00:00:00,,,,,,,,,,,,,,,,,,,,,,,,,,,,,,
LINKUSDT,low,2025-06-26,2025-06-26 13:45:00,инвалидация,2025-06-27 00:00:00,,,,,,,,,,,,,,,,,,,,,,,,,,,,,,
LINKUSDT,low,2025-07-28,2025-07-28 15:45:00,инвалидация,2025-07-29 00:00:00,,,,,,,,,,,,,,,,,,,,,,,,,,,,,,
LINKUSDT,low,2025-08-05,2025-08-05 15:30:00,нет сигнала,,,,,,,,,,,,,,,,,,,,,,,,,,,,,,,
LINKUSDT,low,2025-08-15,2025-08-15 15:45:00,сделка,,2025-08-16 20:00:00,22.68,5.931904761904757,28.25,0.40108198862045763,0.430159833217512,0.9202025337531483,3.227310885178622,1.1939184777539418,4.0,False,2.3155111901180505,13.422255386624382,False,False,False,12.0,3.125566764484646,False,True,1.0,0.9831420085092719,True,2.0,1.983142008509272,True,1.2190082030332505,1.2021502115425224,,
LINKUSDT,low,2025-09-05,2025-09-05 14:45:00,нет сигнала,,,,,,,,,,,,,,,,,,,,,,,,,,,,,,,
LINKUSDT,low,2025-09-19,2025-09-19 14:45:00,инвалидация,2025-09-20 00:00:00,,,,,,,,,,,,,,,,,,,,,,,,,,,,,,
LINKUSDT,low,2025-10-10,2025-10-10 15:30:00,инвалидация,2025-10-11 00:00:00,,,,,,,,,,,,,,,,,,,,,,,,,,,,,,
LINKUSDT,low,2025-10-15,2025-10-15 15:45:00,инвалидация,2025-10-16 00:00:00,,,,,,,,,,,,,,,,,,,,,,,,,,,,,,
LINKUSDT,low,2025-11-02,2025-11-02 16:15:00,инвалидация,2025-11-04 00:00:00,,,,,,,,,,,,,,,,,,,,,,,,,,,,,,
LINKUSDT,low,2025-11-11,2025-11-11 15:30:00,инвалидация,2025-11-12 00:00:00,,,,,,,,,,,,,,,,,,,,,,,,,,,,,,
LINKUSDT,low,2025-11-16,2025-11-16 15:45:00,инвалидация,2025-11-17 00:00:00,,,,,,,,,,,,,,,,,,,,,,,,,,,,,,
LINKUSDT,low,2025-11-19,2025-11-19 15:45:00,сделка,2025-11-21 00:00:00,2025-11-20 00:00:00,13.52,5.737847633136099,8.25,2.2452107279693565,0.49999999999999906,0.6058598246615868,2.084291187739452,1.494252873563207,2.25,True,-5.09045882919447,7.203065134099612,True,False,False,15.0,0.6187504592288566,True,False,1.0,-1.0174281379349461,False,2.0,-1.0174281379349461,True,0.605859824661589,0.5884316867266429,True,False
LINKUSDT,low,2025-12-12,2025-12-12 16:15:00,нет сигнала,,,,,,,,,,,,,,,,,,,,,,,,,,,,,,,
LINKUSDT,low,2025-12-15,2025-12-15 15:00:00,инвалидация,2025-12-16 00:00:00,,,,,,,,,,,,,,,,,,,,,,,,,,,,,,
LINKUSDT,low,2025-12-17,2025-12-17 14:45:00,инвалидация,2025-12-18 00:00:00,,,,,,,,,,,,,,,,,,,,,,,,,,,,,,
LINKUSDT,low,2025-12-24,2025-12-24 14:30:00,сделка,2025-12-26 00:00:00,2025-12-25 04:00:00,12.326,2.8151143923413997,13.5,0.6051061007957593,0.41587301587301606,0.755062811427385,2.0805702917771836,0.016578249336860838,10.5,False,3.856148880878524,5.2221485411140645,False,False,False,19.0,0.27378231712061296,True,False,1.0,-1.035522535166618,False,2.0,-1.035522535166618,False,1.0605462389514406,-1.035522535166618,False,True
LINKUSDT,low,2025-12-31,2025-12-31 16:30:00,инвалидация,2026-01-01 00:00:00,,,,,,,,,,,,,,,,,,,,,,,,,,,,,,
LINKUSDT,low,2026-01-07,2026-01-07 14:30:00,инвалидация,2026-01-08 00:00:00,,,,,,,,,,,,,,,,,,,,,,,,,,,,,,
LINKUSDT,low,2026-01-16,2026-01-16 15:30:00,нет сигнала,,,,,,,,,,,,,,,,,,,,,,,,,,,,,,,
LINKUSDT,low,2026-01-20,2026-01-20 16:30:00,инвалидация,2026-01-21 00:00:00,,,,,,,,,,,,,,,,,,,,,,,,,,,,,,
LINKUSDT,low,2026-01-21,2026-01-21 16:30:00,нет сигнала,,,,,,,,,,,,,,,,,,,,,,,,,,,,,,,
LINKUSDT,low,2026-01-23,2026-01-23 14:30:00,нет сигнала,,,,,,,,,,,,,,,,,,,,,,,,,,,,,,,
LINKUSDT,low,2026-02-04,2026-02-04 16:30:00,инвалидация,2026-02-06 00:00:00,,,,,,,,,,,,,,,,,,,,,,,,,,,,,,
LINKUSDT,low,2026-03-03,2026-03-03 14:45:00,сделка,,2026-03-04 08:00:00,8.896,3.9630395683453354,17.25,0.3379559491900701,0.45851528384279583,0.8934852163652462,3.0182962358699497,0.43118517655283806,6.75,True,-3.4642780056119116,8.006059899778595,False,False,False,23.0,2.076289455172562,True,True,1.0,0.9747668429054438,True,2.0,1.974766842905444,True,1.0551634936122862,1.0299303365177301,False,False
LINKUSDT,low,2026-04-28,2026-04-28 14:30:00,инвалидация,2026-04-30 00:00:00,,,,,,,,,,,,,,,,,,,,,,,,,,,,,,
LINKUSDT,low,2026-04-29,2026-04-29 15:00:00,инвалидация,2026-04-30 00:00:00,,,,,,,,,,,,,,,,,,,,,,,,,,,,,,
LINKUSDT,low,2026-05-13,2026-05-13 15:45:00,нет сигнала,,,,,,,,,,,,,,,,,,,,,,,,,,,,,,,
LINKUSDT,low,2026-05-15,2026-05-15 13:45:00,инвалидация,2026-05-16 00:00:00,,,,,,,,,,,,,,,,,,,,,,,,,,,,,,
LINKUSDT,low,2026-06-09,2026-06-09 15:45:00,инвалидация,2026-06-11 00:00:00,,,,,,,,,,,,,,,,,,,,,,,,,,,,,,
LINKUSDT,low,2026-06-14,2026-06-14 14:15:00,сделка,,2026-06-15 00:00:00,8.177,4.962443438914026,9.75,0.9170806266717624,1.5825242718446553,0.803392979922568,0.33116800407591135,0.06368615462998209,2.25,True,-0.17510944340212925,2.623869570755323,True,False,False,16.0,1.0867984789750107,True,True,0.9999999999999978,0.9798486368195474,False,2.0,-1.0201513631804504,,,,False,False
LINKUSDT,low,2026-06-16,2026-06-16 14:30:00,инвалидация,2026-06-18 00:00:00,,,,,,,,,,,,,,,,,,,,,,,,,,,,,,
LINKUSDT,low,2026-06-25,2026-06-25 13:45:00,нет сигнала,,,,,,,,,,,,,,,,,,,,,,,,,,,,,,,
LINKUSDT,low,2026-07-13,2026-07-13 14:15:00,нет сигнала,,,,,,,,,,,,,,,,,,,,,,,,,,,,,,,
LINKUSDT,low,2026-08-26,2026-08-26 15:00:00,сделка,,2026-08-27 16:00:00,11.921,7.3656069121717875,25.0,0.6917617464738115,0.8886389201349828,0.8997168739052498,6.531308956967032,0.17069445692211058,103.0,False,5.6142977449237526,7.986703800197641,False,False,False,8.0,0.14805467545276368,True,False,1.0,-1.0135766137390183,False,2.0,-1.0135766137390183,True,0.11274932976787343,0.09917271602885508,False,False
LINKUSDT,low,2026-09-15,2026-09-15 14:45:00,инвалидация,2026-09-16 00:00:00,,,,,,,,,,,,,,,,,,,,,,,,,,,,,,
LINKUSDT,low,2026-10-05,2026-10-05 14:30:00,инвалидация,2026-10-06 00:00:00,,,,,,,,,,,,,,,,,,,,,,,,,,,,,,
LINKUSDT,high,2020-02-27,2020-02-27 16:00:00,инвалидация,2020-02-28 00:00:00,,,,,,,,,,,,,,,,,,,,,,,,,,,,,,
LINKUSDT,high,2020-03-02,2020-03-02 14:45:00,инвалидация,2020-03-03 00:00:00,,,,,,,,,,,,,,,,,,,,,,,,,,,,,,
LINKUSDT,high,2020-04-25,2020-04-25 15:45:00,сделка,,2020-04-27 08:00:00,3.629,7.933673188206107,40.25,0.4621309370988394,1.7161290322580667,0.9238902029432514,5.263157894736844,2.7471116816431373,47.75,False,-5.351170568561865,3.979460847240046,False,False,False,0.0,0.5835096018588961,True,False,1.0,-1.01260450205444,False,2.0,-1.01260450205444,,,,False,True
LINKUSDT,high,2020-05-30,2020-05-30 13:30:00,инвалидация,2020-05-31 00:00:00,,,,,,,,,,,,,,,,,,,,,,,,,,,,,,
LINKUSDT,high,2020-07-01,2020-07-01 15:00:00,инвалидация,2020-07-02 00:00:00,,,,,,,,,,,,,,,,,,,,,,,,,,,,,,
LINKUSDT,high,2020-09-25,2020-09-25 15:30:00,инвалидация,2020-09-26 00:00:00,,,,,,,,,,,,,,,,,,,,,,,,,,,,,,
LINKUSDT,high,2020-10-08,2020-10-08 14:30:00,инвалидация,2020-10-09 00:00:00,,,,,,,,,,,,,,,,,,,,,,,,,,,,,,
LINKUSDT,high,2020-10-19,2020-10-19 15:30:00,сделка,,2020-10-20 08:00:00,10.689,5.138244924688934,16.5,2.249544626593806,0.7423469387755088,0.5298355688995631,1.1384335154826957,0.5919854280509973,0.25,False,0.5637388616111966,3.5701275045537453,False,False,False,0.0,1.6987511538944728,True,True,1.0,0.9805381017320707,False,2.0,-1.0194618982679293,True,0.18389481944624142,0.16443292117831212,True,False
LINKUSDT,high,2020-11-16,2020-11-16 14:30:00,инвалидация,2020-11-18 00:00:00,,,,,,,,,,,,,,,,,,,,,,,,,,,,,,
LINKUSDT,high,2020-12-03,2020-12-03 16:00:00,сделка,,2020-12-04 04:00:00,13.568,5.087293632075471,12.0,0.515136546468142,0.5403225806451613,0.8736041168050717,2.2793028014960033,0.10584997530166391,20.0,False,-11.870503597122298,7.875238162444427,False,False,False,19.0,2.851165674746902,False,True,1.0,0.9803431829903628,True,2.0,1.9803431829903628,True,0.7432154426550611,0.723558625645424,,
LINKUSDT,high,2020-12-27,2020-12-27 14:45:00,инвалидация,2020-12-28 00:00:00,,,,,,,,,,,,,,,,,,,,,,,,,,,,,,
LINKUSDT,high,2021-01-13,2021-01-13 16:15:00,инвалидация,2021-01-14 00:00:00,,,,,,,,,,,,,,,,,,,,,,,,,,,,,,
LINKUSDT,high,2021-01-22,2021-01-22 16:15:00,инвалидация,2021-01-24 00:00:00,,,,,,,,,,,,,,,,,,,,,,,,,,,,,,
LINKUSDT,high,2021-02-12,2021-02-12 16:00:00,инвалидация,2021-02-13 00:00:00,,,,,,,,,,,,,,,,,,,,,,,,,,,,,,
LINKUSDT,high,2021-04-02,2021-04-02 15:15:00,инвалидация,2021-04-03 00:00:00,,,,,,,,,,,,,,,,,,,,,,,,,,,,,,
LINKUSDT,high,2021-04-05,2021-04-05 14:00:00,инвалидация,2021-04-06 00:00:00,,,,,,,,,,,,,,,,,,,,,,,,,,,,,,
LINKUSDT,high,2021-04-11,2021-04-11 15:30:00,инвалидация,2021-04-12 00:00:00,,,,,,,,,,,,,,,,,,,,,,,,,,,,,,
LINKUSDT,high,2021-04-13,2021-04-13 14:45:00,инвалидация,2021-04-14 00:00:00,,,,,,,,,,,,,,,,,,,,,,,,,,,,,,
LINKUSDT,high,2021-05-09,2021-05-09 15:00:00,инвалидация,2021-05-10 00:00:00,,,,,,,,,,,,,,,,,,,,,,,,,,,,,,
LINKUSDT,high,2021-06-09,2021-06-09 15:45:00,инвалидация,2021-06-10 00:00:00,,,,,,,,,,,,,,,,,,,,,,,,,,,,,,
LINKUSDT,high,2021-06-24,2021-06-24 15:15:00,сделка,,2021-06-25 08:00:00,18.416,6.1279593831450905,16.75,1.7086003021305383,0.2555628272251304,0.6920537870228829,3.9381153305203953,1.0835026306193778,6.0,False,13.437264506405416,15.919154034484562,False,False,False,0.0,2.217939345605991,True,True,1.0,0.9836813539797523,True,2.0,1.9836813539797524,True,2.015905717640285,1.9995870716200375,False,False
LINKUSDT,high,2021-07-22,2021-07-22 15:45:00,инвалидация,2021-07-23 00:00:00,,,,,,,,,,,,,,,,,,,,,,,,,,,,,,
LINKUSDT,high,2021-08-04,2021-08-04 13:30:00,сделка,,2021-08-05 12:00:00,23.188,7.922201138519923,22.5,2.2411254703091696,0.5353663701821273,0.6880783886771927,4.155079339113372,1.8198920333715045,0.75,False,-23.657302210287128,9.655651889416001,False,False,False,4.0,0.39902014153511195,True,False,1.0,-1.012622754491018,False,2.0,-1.012622754491018,False,0.597169297768099,-1.012622754491018,False,True
LINKUSDT,high,2021-09-05,2021-09-05 15:45:00,инвалидация,2021-09-06 00:00:00,,,,,,,,,,,,,,,,,,,,,,,,,,,,,,
LINKUSDT,high,2021-10-02,2021-10-02 13:30:00,инвалидация,2021-10-03 00:00:00,,,,,,,,,,,,,,,,,,,,,,,,,,,,,,
LINKUSDT,high,2021-10-06,2021-10-06 13:45:00,сделка,,2021-10-07 04:00:00,26.028,8.560888274166288,14.25,2.550316064811457,1.1137546468401505,0.6722830877271088,4.639250163481803,3.618397151783776,0.0,False,-13.665735606787019,4.886289326454984,False,False,False,20.0,0.8558370148835751,False,False,1.0,-1.0116810308460356,False,2.0,-1.0116810308460356,,,,,
LINKUSDT,high,2021-11-01,2021-11-01 13:30:00,инвалидация,2021-11-02 00:00:00,,,,,,,,,,,,,,,,,,,,,,,,,,,,,,
LINKUSDT,high,2022-01-07,2022-01-07 16:30:00,инвалидация,2022-01-08 00:00:00,,,,,,,,,,,,,,,,,,,,,,,,,,,,,,
LINKUSDT,high,2022-01-16,2022-01-16 16:45:00,сделка,,2022-01-17 04:00:00,24.845,6.12735359227209,11.25,0.5458431941369597,1.2288828337874684,0.888762767343191,3.5651576456218073,0.16413466676845279,9.0,True,10.034317580610562,4.2026108863271965,False,False,False,19.0,5.087559226218038,False,True,1.0,0.9836797406100211,True,2.0,1.983679740610021,,,,,
LINKUSDT,high,2022-01-28,2022-01-28 16:00:00,инвалидация,2022-01-29 00:00:00,,,,,,,,,,,,,,,,,,,,,,,,,,,,,,
LINKUSDT,high,2022-02-25,2022-02-25 15:45:00,инвалидация,2022-02-26 00:00:00,,,,,,,,,,,,,,,,,,,,,,,,,,,,,,
LINKUSDT,high,2022-03-18,2022-03-18 14:15:00,инвалидация,2022-03-19 00:00:00,,,,,,,,,,,,,,,,,,,,,,,,,,,,,,
LINKUSDT,high,2022-03-19,2022-03-19 14:45:00,сделка,,2022-03-20 16:00:00,14.663,5.138109527381847,25.25,0.8380802723760893,0.5267702936096716,0.809661787016475,3.758266221436521,1.446997970274341,24.5,False,-18.18683049779459,7.582007464152422,False,False,False,8.0,0.5083614170939523,True,False,1.0,-1.0194624111197093,False,2.0,-1.0194624111197093,False,0.7273682939098832,-1.0194624111197093,True,False
LINKUSDT,high,2022-03-23,2022-03-23 15:45:00,инвалидация,2022-03-25 00:00:00,,,,,,,,,,,,,,,,,,,,,,,,,,,,,,
LINKUSDT,high,2022-05-17,2022-05-17 13:30:00,сделка,,2022-05-19 00:00:00,6.798,17.342880258899683,34.5,0.07534848675122727,1.4364981504315661,0.9881515120414529,14.052492779103352,1.594876302900914,65.75,True,-6.949250288350638,10.184603792540498,False,False,False,16.0,0.13655999436796085,False,False,1.0,-1.0057660549174745,False,2.0,-1.0057660549174745,,,,,
LINKUSDT,high,2022-07-30,2022-07-30 15:30:00,нет сигнала,,,,,,,,,,,,,,,,,,,,,,,,,,,,,,,
LINKUSDT,high,2022-08-29,2022-08-29 14:15:00,инвалидация,2022-08-30 00:00:00,,,,,,,,,,,,,,,,,,,,,,,,,,,,,,
LINKUSDT,high,2022-11-08,2022-11-08 16:00:00,нет сигнала,,,,,,,,,,,,,,,,,,,,,,,,,,,,,,,
LINKUSDT,high,2022-12-01,2022-12-01 15:30:00,нет сигнала,,,,,,,,,,,,,,,,,,,,,,,,,,,,,,,
LINKUSDT,high,2022-12-25,2022-12-25 15:00:00,инвалидация,2022-12-26 00:00:00,,,,,,,,,,,,,,,,,,,,,,,,,,,,,,
LINKUSDT,high,2023-01-22,2023-01-22 15:00:00,нет сигнала,,,,,,,,,,,,,,,,,,,,,,,,,,,,,,,
LINKUSDT,high,2023-01-26,2023-01-26 14:30:00,инвалидация,2023-01-27 00:00:00,,,,,,,,,,,,,,,,,,,,,,,,,,,,,,
LINKUSDT,high,2023-03-26,2023-03-26 13:30:00,инвалидация,2023-03-27 00:00:00,,,,,,,,,,,,,,,,,,,,,,,,,,,,,,
LINKUSDT,high,2023-04-15,2023-04-15 14:30:00,инвалидация,2023-04-16 00:00:00,,,,,,,,,,,,,,,,,,,,,,,,,,,,,,
LINKUSDT,high,2023-04-29,2023-04-29 13:30:00,сделка,,2023-05-01 00:00:00,7.019,4.150206582134208,34.5,1.6423103688239435,0.6434108527131762,0.56985338290371,1.2526096033402905,0.37578288100208956,27.25,True,0.6214689265536791,3.590814196242172,False,False,False,16.0,0.8067201504962196,False,False,1.0,-1.024095186112055,False,2.0,-1.024095186112055,True,0.31582235679001075,0.2917271706779556,,
LINKUSDT,high,2023-05-26,2023-05-26 14:15:00,инвалидация,2023-05-28 00:00:00,,,,,,,,,,,,,,,,,,,,,,,,,,,,,,
LINKUSDT,high,2023-08-28,2023-08-28 15:00:00,инвалидация,2023-08-30 00:00:00,,,,,,,,,,,,,,,,,,,,,,,,,,,,,,
LINKUSDT,high,2023-08-29,2023-08-29 14:15:00,инвалидация,2023-08-30 00:00:00,,,,,,,,,,,,,,,,,,,,,,,,,,,,,,
LINKUSDT,high,2023-09-28,2023-09-28 14:45:00,инвалидация,2023-09-30 00:00:00,,,,,,,,,,,,,,,,,,,,,,,,,,,,,,
LINKUSDT,high,2023-10-11,2023-10-11 14:00:00,сделка,,2023-10-12 16:00:00,7.211,3.1400637914297556,26.0,0.5548788740018876,0.805429864253393,0.7861149141014891,2.1789146027879345,0.1894708350250404,10.25,True,2.7602840680691463,2.9909324671809454,False,False,False,8.0,0.4681358477233583,True,False,1.0,-1.0318464867729542,False,2.0,-1.0318464867729542,True,0.1899041646424953,0.15805767786954114,True,False
LINKUSDT,high,2023-12-20,2023-12-20 15:15:00,инвалидация,2023-12-22 00:00:00,,,,,,,,,,,,,,,,,,,,,,,,,,,,,,
LINKUSDT,high,2023-12-27,2023-12-27 15:00:00,инвалидация,2023-12-28 00:00:00,,,,,,,,,,,,,,,,,,,,,,,,,,,,,,
LINKUSDT,high,2024-01-26,2024-01-26 16:45:00,инвалидация,2024-01-28 00:00:00,,,,,,,,,,,,,,,,,,,,,,,,,,,,,,
LINKUSDT,high,2024-02-26,2024-02-26 15:30:00,инвалидация,2024-02-27 00:00:00,,,,,,,,,,,,,,,,,,,,,,,,,,,,,,
LINKUSDT,high,2024-03-30,2024-03-30 14:00:00,нет сигнала,,,,,,,,,,,,,,,,,,,,,,,,,,,,,,,
LINKUSDT,high,2024-04-18,2024-04-18 15:00:00,инвалидация,2024-04-19 00:00:00,,,,,,,,,,,,,,,,,,,,,,,,,,,,,,
LINKUSDT,high,2024-05-05,2024-05-05 15:30:00,сделка,2024-05-07 00:00:00,2024-05-07 00:00:00,14.478,4.829133858267725,32.5,4.738878143133462,-0.0038910505836554227,-0.00286056736492957,-0.04835589941972695,1.7200884222160733,1.75,False,-1.7133513436655738,3.550704614534409,False,False,True,16.0,1.7277826884184182,False,True,1.0,0.9792923528452634,False,2.0,-1.0207076471547367,True,0.7380263801522382,0.7173187329975016,,
LINKUSDT,high,2024-05-27,2024-05-27 15:45:00,инвалидация,2024-05-28 00:00:00,,,,,,,,,,,,,,,,,,,,,,,,,,,,,,
LINKUSDT,high,2024-06-24,2024-06-24 14:00:00,инвалидация,2024-06-26 00:00:00,,,,,,,,,,,,,,,,,,,,,,,,,,,,,,
LINKUSDT,high,2024-06-28,2024-06-28 14:00:00,сделка,,2024-06-29 00:00:00,13.771,6.096841188003765,10.0,0.3092570957322516,0.8032955715756944,0.9290182421069191,4.267747921105082,0.63225895127483,22.0,False,-7.081353919239911,6.673080887911484,True,False,False,16.0,0.39423722838127134,True,False,1.0,-1.0164019361693004,False,2.0,-1.0164019361693004,True,0.22749036441336198,0.2110884282440615,False,True
LINKUSDT,high,2024-08-24,2024-08-24 15:45:00,инвалидация,2024-08-25 00:00:00,,,,,,,,,,,,,,,,,,,,,,,,,,,,,,
LINKUSDT,high,2024-09-17,2024-09-17 15:15:00,сделка,2024-09-19 00:00:00,2024-09-18 12:00:00,10.44,4.625593869731808,20.75,0.7850743511591471,0.9236276849642004,0.8013882446491284,2.3552230534774248,0.02770850651150008,7.25,True,-1.3855479649764275,3.869954742772702,False,False,False,4.0,0.33339407593930026,True,False,1.0,-1.0216188456696043,False,2.0,-1.0216188456696043,True,0.06626466105625867,0.0446458153866543,True,False
LINKUSDT,high,2024-09-23,2024-09-23 15:15:00,инвалидация,2024-09-25 00:00:00,,,,,,,,,,,,,,,,,,,,,,,,,,,,,,
LINKUSDT,high,2024-09-24,2024-09-24 13:30:00,инвалидация,2024-09-25 00:00:00,,,,,,,,,,,,,,,,,,,,,,,,,,,,,,
LINKUSDT,high,2024-09-26,2024-09-26 15:30:00,инвалидация,2024-09-27 00:00:00,,,,,,,,,,,,,,,,,,,,,,,,,,,,,,
LINKUSDT,high,2024-09-28,2024-09-28 15:15:00,инвалидация,2024-09-29 00:00:00,,,,,,,,,,,,,,,,,,,,,,,,,,,,,,
LINKUSDT,high,2024-10-14,2024-10-14 13:45:00,инвалидация,2024-10-15 00:00:00,,,,,,,,,,,,,,,,,,,,,,,,,,,,,,
LINKUSDT,high,2024-11-05,2024-11-05 16:30:00,инвалидация,2024-11-07 00:00:00,,,,,,,,,,,,,,,,,,,,,,,,,,,,,,
LINKUSDT,high,2024-12-04,2024-12-04 14:45:00,нет сигнала,,,,,,,,,,,,,,,,,,,,,,,,,,,,,,,
LINKUSDT,high,2025-01-04,2025-01-04 15:15:00,нет сигнала,,,,,,,,,,,,,,,,,,,,,,,,,,,,,,,
LINKUSDT,high,2025-01-19,2025-01-19 14:45:00,сделка,,2025-01-21 04:00:00,24.448,10.352388743455508,37.25,5.051449953227327,0.5279720279720272,0.4772907585762184,3.3130651699407467,1.8436233239787925,0.25,True,-24.543904077730108,8.917991892734644,False,False,False,19.0,0.30383823952410044,True,False,1.0,-1.0096596063457546,False,2.0,-1.0096596063457546,False,0.42671690336284557,-1.0096596063457546,False,False
LINKUSDT,high,2025-03-02,2025-03-02 15:30:00,инвалидация,2025-03-03 00:00:00,,,,,,,,,,,,,,,,,,,,,,,,,,,,,,
LINKUSDT,high,2025-04-08,2025-04-08 13:30:00,сделка,2025-04-10 00:00:00,2025-04-08 20:00:00,10.906,9.076508344030808,6.5,0.10951057198214051,0.5448898927159793,0.9748617009669819,7.800522281189454,1.1203773902788234,21.5,False,11.214518380642156,14.918709460028648,True,False,False,12.0,0.4737928888637469,True,False,1.0,-1.0110174525499958,False,2.0,-1.0110174525499958,False,0.81423681966776,-1.0110174525499958,True,False
LINKUSDT,high,2025-04-22,2025-04-22 13:45:00,инвалидация,2025-04-23 00:00:00,,,,,,,,,,,,,,,,,,,,,,,,,,,,,,
LINKUSDT,high,2025-06-09,2025-06-09 15:00:00,инвалидация,2025-06-10 00:00:00,,,,,,,,,,,,,,,,,,,,,,,,,,,,,,
LINKUSDT,high,2025-06-11,2025-06-11 14:15:00,сделка,,2025-06-12 08:00:00,14.418,8.660362047440703,17.75,0.7856268916221256,0.9174236168455825,0.8897602292393952,6.227059050808169,1.5326163951316978,27.75,False,-19.95184840012427,7.79831283405242,False,False,False,0.0,1.33263818312723,False,True,1.0,0.9884531386272065,False,2.0,-1.0115468613727936,True,0.08008642927447268,0.06853956790167917,,
LINKUSDT,high,2025-06-28,2025-06-28 15:45:00,инвалидация,2025-06-29 00:00:00,,,,,,,,,,,,,,,,,,,,,,,,,,,,,,
LINKUSDT,high,2025-08-20,2025-08-20 15:00:00,инвалидация,2025-08-21 00:00:00,,,,,,,,,,,,,,,,,,,,,,,,,,,,,,
LINKUSDT,high,2025-08-22,2025-08-22 14:00:00,инвалидация,2025-08-23 00:00:00,,,,,,,,,,,,,,,,,,,,,,,,,,,,,,
LINKUSDT,high,2025-08-28,2025-08-28 13:45:00,инвалидация,2025-08-29 00:00:00,,,,,,,,,,,,,,,,,,,,,,,,,,,,,,
LINKUSDT,high,2025-10-06,2025-10-06 15:15:00,инвалидация,2025-10-07 00:00:00,,,,,,,,,,,,,,,,,,,,,,,,,,,,,,
LINKUSDT,high,2025-10-12,2025-10-12 15:00:00,инвалидация,2025-10-13 00:00:00,,,,,,,,,,,,,,,,,,,,,,,,,,,,,,
LINKUSDT,high,2025-11-07,2025-11-07 16:15:00,инвалидация,2025-11-08 00:00:00,,,,,,,,,,,,,,,,,,,,,,,,,,,,,,
LINKUSDT,high,2025-12-02,2025-12-02 15:00:00,инвалидация,2025-12-03 00:00:00,,,,,,,,,,,,,,,,,,,,,,,,,,,,,,
LINKUSDT,high,2025-12-09,2025-12-09 15:45:00,инвалидация,2025-12-10 00:00:00,,,,,,,,,,,,,,,,,,,,,,,,,,,,,,
LINKUSDT,high,2025-12-17,2025-12-17 15:00:00,нет сигнала,,,,,,,,,,,,,,,,,,,,,,,,,,,,,,,
LINKUSDT,high,2025-12-28,2025-12-28 15:00:00,сделка,,2025-12-29 16:00:00,12.392,5.29402033570046,25.0,3.872818551278992,0.398477157360406,0.23931649988186574,0.4223444099131329,1.85672165112757,0.25,False,0.5166931637519834,3.139692405769385,False,False,True,7.0,0.3810772291112511,True,False,1.0,-1.0188892360925865,False,2.0,-1.0188892360925865,True,0.3612612131974662,0.3423719771048797,False,False
LINKUSDT,high,2026-01-13,2026-01-13 15:30:00,инвалидация,2026-01-14 00:00:00,,,,,,,,,,,,,,,,,,,,,,,,,,,,,,
LINKUSDT,high,2026-01-17,2026-01-17 15:45:00,сделка,,2026-01-19 00:00:00,13.3,4.540526315789472,32.25,0.20199105468186748,1.265765765765762,0.9306330623126721,3.9460395325349924,1.5365748088299016,96.0,True,-3.9466707067646314,3.2030010099552793,False,False,False,15.0,2.3447978936561307,False,True,1.0,0.9779761214790773,True,2.0,1.9779761214790772,,,,,
LINKUSDT,high,2026-01-27,2026-01-27 16:00:00,сделка,,2026-01-29 16:00:00,11.025,10.632063492063498,48.0,0.4865578096651909,1.7615999999999985,0.9392715313709,4.882071581725208,1.3607125185551638,36.5,False,3.662767244856788,5.154214085436253,False,False,False,7.0,1.7642266365804018,False,True,1.0,0.9905944880714221,False,2.0,-1.0094055119285779,,,,,
LINKUSDT,high,2026-02-13,2026-02-13 14:45:00,инвалидация,2026-02-14 00:00:00,,,,,,,,,,,,,,,,,,,,,,,,,,,,,,
LINKUSDT,high,2026-02-20,2026-02-20 15:00:00,инвалидация,2026-02-21 00:00:00,,,,,,,,,,,,,,,,,,,,,,,,,,,,,,
LINKUSDT,high,2026-03-02,2026-03-02 16:00:00,сделка,,2026-03-03 12:00:00,8.667,7.041283027575878,20.0,0.6734738214208252,0.7997032640949556,0.8832185203877616,4.779491635889633,1.9226591353465088,0.75,True,-5.835673299963371,7.321312187703666,False,False,False,3.0,0.1884417993406175,True,False,1.0,-1.0142019571729142,False,2.0,-1.0142019571729142,False,0.22121428618246325,-1.0142019571729142,False,True
LINKUSDT,high,2026-05-10,2026-05-10 15:45:00,инвалидация,2026-05-11 00:00:00,,,,,,,,,,,,,,,,,,,,,,,,,,,,,,
LINKUSDT,high,2026-05-25,2026-05-25 15:00:00,сделка,,2026-05-26 04:00:00,9.408,2.866369047619041,13.0,0.22807381297945745,0.5891089108910925,0.8825667116602708,1.6276176653535146,0.010366991499061225,8.75,True,0.18002753362278368,4.188264565623055,False,False,False,20.0,0.02966610795496365,True,False,1.0,-1.0348873429550411,False,2.0,-1.0348873429550411,False,0.6155717400655584,-1.0348873429550411,False,True
LINKUSDT,high,2026-05-26,2026-05-26 14:15:00,сделка,,2026-05-27 12:00:00,9.355,3.5989524318546198,21.75,0.14480761274308154,1.022875816993463,0.92966062931787,3.1443938767066455,0.20686801820438122,66.25,False,1.370574187519465,3.1650806785270915,False,False,False,4.0,1.8117986705556037,False,True,1.0,0.9722141367818891,False,2.0,-1.027785863218111,,,,,
LINKUSDT,high,2026-06-08,2026-06-08 14:45:00,сделка,,2026-06-09 16:00:00,7.717,5.366372942853429,25.25,1.0323383084577138,0.48137108792846467,0.7799615090202674,3.2960199004974973,0.4975124378109458,21.5,False,5.459976105137383,8.3457711442786,False,False,False,8.0,0.5819527048727073,False,False,1.0,-1.0186345602634965,False,2.0,-1.0186345602634965,False,0.8403300468701342,-1.0186345602634965,,
LINKUSDT,high,2026-06-12,2026-06-12 15:00:00,инвалидация,2026-06-14 00:00:00,,,,,,,,,,,,,,,,,,,,,,,,,,,,,,
LINKUSDT,high,2026-07-01,2026-07-01 14:15:00,инвалидация,2026-07-03 00:00:00,,,,,,,,,,,,,,,,,,,,,,,,,,,,,,
LINKUSDT,high,2026-07-04,2026-07-04 15:00:00,сделка,2026-07-06 00:00:00,2026-07-05 04:00:00,7.888,3.729386409736308,13.0,1.7046161503048236,0.4656250000000011,0.5065029540340102,1.1571481896230043,1.3437849944008915,2.0,False,-9.702725020644097,3.9815851685952612,False,False,True,20.0,1.2611583620578284,False,True,1.0,0.9731859375743608,False,2.0,-1.0268140624256392,True,0.581288625099432,0.5544745626737928,,
LINKUSDT,high,2026-07-22,2026-07-22 14:00:00,нет сигнала,,,,,,,,,,,,,,,,,,,,,,,,,,,,,,,
LINKUSDT,high,2026-07-30,2026-07-30 13:45:00,сделка,,2026-07-31 08:00:00,8.294,3.0448275862068903,18.25,0.30545112781954653,0.6158192090395462,0.863236423825327,2.0441729323308415,0.9046052631578942,1.75,True,0.07197696737044418,4.158834586466177,False,False,False,0.0,1.6314376450276855,False,True,1.0,0.9671574178935447,False,2.0,-1.0328425821064553,True,0.5385328148635108,0.5056902327570555,,
LINKUSDT,high,2026-08-06,2026-08-06 15:30:00,нет сигнала,,,,,,,,,,,,,,,,,,,,,,,,,,,,,,,
LINKUSDT,high,2026-09-11,2026-09-11 13:45:00,нет сигнала,,,,,,,,,,,,,,,,,,,,,,,,,,,,,,,
LTCUSDT,low,2020-02-15,2020-02-15 15:45:00,инвалидация,2020-02-16 00:00:00,,,,,,,,,,,,,,,,,,,,,,,,,,,,,,
LTCUSDT,low,2020-02-16,2020-02-16 15:15:00,инвалидация,2020-02-18 00:00:00,,,,,,,,,,,,,,,,,,,,,,,,,,,,,,
LTCUSDT,low,2020-02-24,2020-02-24 15:00:00,инвалидация,2020-02-26 00:00:00,,,,,,,,,,,,,,,,,,,,,,,,,,,,,,
LTCUSDT,low,2020-02-25,2020-02-25 14:30:00,инвалидация,2020-02-26 00:00:00,,,,,,,,,,,,,,,,,,,,,,,,,,,,,,
LTCUSDT,low,2020-03-01,2020-03-01 16:30:00,инвалидация,2020-03-02 00:00:00,,,,,,,,,,,,,,,,,,,,,,,,,,,,,,
LTCUSDT,low,2020-03-04,2020-03-04 15:45:00,нет сигнала,,,,,,,,,,,,,,,,,,,,,,,,,,,,,,,
LTCUSDT,low,2020-03-22,2020-03-22 15:30:00,инвалидация,2020-03-23 00:00:00,,,,,,,,,,,,,,,,,,,,,,,,,,,,,,
LTCUSDT,low,2020-04-19,2020-04-19 14:00:00,инвалидация,2020-04-21 00:00:00,,,,,,,,,,,,,,,,,,,,,,,,,,,,,,
LTCUSDT,low,2020-04-26,2020-04-26 15:00:00,нет сигнала,,,,,,,,,,,,,,,,,,,,,,,,,,,,,,,
LTCUSDT,low,2020-05-03,2020-05-03 15:00:00,сделка,,2020-05-04 16:00:00,47.26,4.5390605162928575,25.0,3.442377592473822,0.16666666666666505,0.22842119002778064,1.0049176822749601,1.3042548642292053,1.5,True,10.532225465977987,6.286080821039122,False,False,True,8.0,0.2470678177851536,True,False,1.0,-1.0220309906953327,False,2.0,-1.0220309906953327,False,1.1421059501389166,-1.0220309906953327,False,False
LTCUSDT,low,2020-05-20,2020-05-20 15:45:00,инвалидация,2020-05-22 00:00:00,,,,,,,,,,,,,,,,,,,,,,,,,,,,,,
LTCUSDT,low,2020-05-21,2020-05-21 14:30:00,инвалидация,2020-05-22 00:00:00,,,,,,,,,,,,,,,,,,,,,,,,,,,,,,
LTCUSDT,low,2020-05-24,2020-05-24 13:45:00,инвалидация,2020-05-25 00:00:00,,,,,,,,,,,,,,,,,,,,,,,,,,,,,,
LTCUSDT,low,2020-06-02,2020-06-02 14:45:00,нет сигнала,,,,,,,,,,,,,,,,,,,,,,,,,,,,,,,
LTCUSDT,low,2020-07-02,2020-07-02 15:00:00,сделка,,2020-07-03 08:00:00,41.38,2.7797728371193786,17.0,1.6845703124999944,0.38888888888889106,0.3651316647395847,0.8789062499999987,0.6103515625,0.5,True,-3.153988868274581,2.636718749999996,False,False,False,0.0,3.1731680388082815,False,True,1.0,0.9640258374120858,True,2.0,1.9640258374120858,True,0.5737783303050563,0.5378041677171421,,
LTCUSDT,low,2020-07-12,2020-07-12 13:30:00,сделка,,2020-07-13 12:00:00,45.41,3.883924245760839,22.5,0.273910066194943,1.55339805825242,0.9071889050796893,2.921707372745951,1.2782469755763577,69.5,True,1.451576321161246,2.3510614015065077,False,False,False,4.0,0.11906854379171013,True,False,1.0,-1.025747155112293,False,2.0,-1.025747155112293,,,,True,False
LTCUSDT,low,2020-07-27,2020-07-27 15:00:00,нет сигнала,,,,,,,,,,,,,,,,,,,,,,,,,,,,,,,
LTCUSDT,low,2020-08-07,2020-08-07 14:15:00,инвалидация,2020-08-08 00:00:00,,,,,,,,,,,,,,,,,,,,,,,,,,,,,,
LTCUSDT,low,2020-08-09,2020-08-09 14:00:00,нет сигнала,,,,,,,,,,,,,,,,,,,,,,,,,,,,,,,
LTCUSDT,low,2020-08-27,2020-08-27 14:00:00,инвалидация,2020-08-28 00:00:00,,,,,,,,,,,,,,,,,,,,,,,,,,,,,,
LTCUSDT,low,2020-10-06,2020-10-06 15:00:00,нет сигнала,,,,,,,,,,,,,,,,,,,,,,,,,,,,,,,
LTCUSDT,low,2020-10-13,2020-10-13 14:00:00,нет сигнала,,,,,,,,,,,,,,,,,,,,,,,,,,,,,,,
LTCUSDT,low,2020-10-26,2020-10-26 15:30:00,сделка,,2020-10-27 08:00:00,57.98,5.286253880648491,16.5,2.7939876215738257,0.40624999999999956,0.46656247858869804,0.8841732979664014,0.7073386383731186,1.0,False,25.474312513323394,6.224580017683472,False,False,False,0.0,0.8613461143175968,True,False,1.0,-1.0189169877682327,False,2.000000000000002,-1.0189169877682327,True,0.6818990071680984,0.6629820193998657,False,False
LTCUSDT,low,2020-10-28,2020-10-28 13:30:00,инвалидация,2020-10-29 00:00:00,,,,,,,,,,,,,,,,,,,,,,,,,,,,,,
LTCUSDT,low,2020-11-10,2020-11-10 15:15:00,нет сигнала,,,,,,,,,,,,,,,,,,,,,,,,,,,,,,,
LTCUSDT,low,2021-01-15,2021-01-15 15:00:00,инвалидация,2021-01-16 00:00:00,,,,,,,,,,,,,,,,,,,,,,,,,,,,,,
LTCUSDT,low,2021-01-31,2021-01-31 15:00:00,сделка,,2021-02-01 04:00:00,130.54,3.7503983453347627,13.0,1.8188914910226375,0.29291716686674596,0.49838942597385055,1.5768930523028963,0.8196721311475499,0.0,False,-2.625054688639343,6.502732240437169,False,False,False,19.0,6.989707441321795,False,True,1.0,0.9733361657103989,True,2.0,1.973336165710399,True,1.203079393027045,1.1764155587374439,,
LTCUSDT,low,2021-02-04,2021-02-04 15:15:00,нет сигнала,,,,,,,,,,,,,,,,,,,,,,,,,,,,,,,
LTCUSDT,low,2021-04-16,2021-04-16 13:45:00,нет сигнала,,,,,,,,,,,,,,,,,,,,,,,,,,,,,,,
LTCUSDT,low,2021-05-29,2021-05-29 15:00:00,инвалидация,2021-05-30 00:00:00,,,,,,,,,,,,,,,,,,,,,,,,,,,,,,
LTCUSDT,low,2021-06-30,2021-06-30 15:15:00,инвалидация,2021-07-02 00:00:00,,,,,,,,,,,,,,,,,,,,,,,,,,,,,,
LTCUSDT,low,2021-07-18,2021-07-18 14:30:00,инвалидация,2021-07-20 00:00:00,,,,,,,,,,,,,,,,,,,,,,,,,,,,,,
LTCUSDT,low,2021-08-12,2021-08-12 14:15:00,нет сигнала,,,,,,,,,,,,,,,,,,,,,,,,,,,,,,,
LTCUSDT,low,2021-10-22,2021-10-22 14:00:00,инвалидация,2021-10-23 00:00:00,,,,,,,,,,,,,,,,,,,,,,,,,,,,,,
LTCUSDT,low,2021-11-04,2021-11-04 15:15:00,нет сигнала,,,,,,,,,,,,,,,,,,,,,,,,,,,,,,,
LTCUSDT,low,2021-11-12,2021-11-12 16:00:00,сделка,,2021-11-13 16:00:00,261.59,6.874823196605371,24.0,2.821504005101029,0.4541968470387721,0.5927540543320798,2.2237277328338516,1.2951819232455266,0.5,True,32.70456154546375,9.353206073406914,False,False,False,7.0,1.1176694645473597,True,True,1.0000000000000016,0.9854541713815467,False,2.0,-1.014545828618455,True,0.7123057632264509,0.697759934607996,True,False
LTCUSDT,low,2021-12-09,2021-12-09 14:30:00,инвалидация,2021-12-10 00:00:00,,,,,,,,,,,,,,,,,,,,,,,,,,,,,,
LTCUSDT,low,2021-12-15,2021-12-15 16:15:00,сделка,,2021-12-16 00:00:00,153.54,7.823153575615481,7.75,0.7635191930512774,1.1820175438596487,0.8974605529455931,6.6475203138134,1.4850098066685378,48.5,True,-0.6284731410425963,6.388344073970304,True,False,False,15.0,0.25808234824965987,True,False,1.0,-1.0127825689516945,False,2.0,-1.0127825689516945,,,,False,True
LTCUSDT,low,2022-01-03,2022-01-03 16:15:00,инвалидация,2022-01-05 00:00:00,,,,,,,,,,,,,,,,,,,,,,,,,,,,,,
LTCUSDT,low,2022-02-18,2022-02-18 16:00:00,нет сигнала,,,,,,,,,,,,,,,,,,,,,,,,,,,,,,,
LTCUSDT,low,2022-03-03,2022-03-03 15:45:00,инвалидация,2022-03-05 00:00:00,,,,,,,,,,,,,,,,,,,,,,,,,,,,,,
LTCUSDT,low,2022-03-31,2022-03-31 14:00:00,инвалидация,2022-04-01 00:00:00,,,,,,,,,,,,,,,,,,,,,,,,,,,,,,
LTCUSDT,low,2022-04-04,2022-04-04 15:00:00,сделка,2022-04-06 00:00:00,2022-04-05 00:00:00,124.7,3.0240978348035306,9.0,2.039329934450106,0.18927973199330148,0.29965129075456676,0.7526098567613554,0.1780367403091356,1.5,True,-0.6097560975609695,4.831269725661567,True,False,False,16.0,0.7000702722053537,True,False,0.9999999999999962,-1.0330677132363666,False,1.9999999999999962,-1.0330677132363666,False,1.283462165709812,-1.0330677132363666,True,False
LTCUSDT,low,2022-04-24,2022-04-24 13:30:00,сделка,,2022-04-26 00:00:00,104.49,6.24754521963824,34.5,5.919600882663342,0.08843537414965684,0.03982806530577094,0.04797083373308755,2.2450350187086285,3.0,False,-5.4591240219444135,2.8206850235057064,False,False,True,16.0,0.13327083390777736,True,False,1.0,-1.0160062867069237,False,2.0,-1.0160062867069237,False,0.4105354423825774,-1.0160062867069237,False,False
LTCUSDT,low,2022-05-05,2022-05-05 15:00:00,инвалидация,2022-05-06 00:00:00,,,,,,,,,,,,,,,,,,,,,,,,,,,,,,
LTCUSDT,low,2022-05-18,2022-05-18 15:15:00,инвалидация,2022-05-19 00:00:00,,,,,,,,,,,,,,,,,,,,,,,,,,,,,,
LTCUSDT,low,2022-06-01,2022-06-01 14:30:00,инвалидация,2022-06-02 00:00:00,,,,,,,,,,,,,,,,,,,,,,,,,,,,,,
LTCUSDT,low,2022-08-17,2022-08-17 13:45:00,нет сигнала,,,,,,,,,,,,,,,,,,,,,,,,,,,,,,,
LTCUSDT,low,2022-08-30,2022-08-30 14:45:00,сделка,,2022-09-01 12:00:00,56.44,8.383699503897947,45.25,1.3155386081982932,0.9432624113475172,0.8432380340507536,4.5757864632983765,0.9532888465204956,0.5,True,-1.170005318205986,8.064823641563388,False,False,False,4.0,1.3250883392226152,False,True,1.0,0.988072091568465,False,2.0,-1.011927908431535,True,0.05072108475493303,0.03879317632339804,,
LTCUSDT,low,2022-09-15,2022-09-15 15:00:00,инвалидация,2022-09-16 00:00:00,,,,,,,,,,,,,,,,,,,,,,,,,,,,,,
LTCUSDT,low,2022-11-09,2022-11-09 16:15:00,инвалидация,2022-11-10 00:00:00,,,,,,,,,,,,,,,,,,,,,,,,,,,,,,
LTCUSDT,low,2022-12-22,2022-12-22 15:00:00,сделка,,2022-12-23 00:00:00,66.16,3.044452841596139,9.0,0.5575344587269622,0.713004484304933,0.7893913742856996,2.13721542512004,1.0221465076660936,1.5,False,-1.283793988823432,3.453616230447583,True,False,False,15.0,2.899399764671999,False,True,1.0,0.9671533752687158,True,2.0,1.9671533752687158,True,0.31774243996405477,0.28489581523277063,,
LTCUSDT,low,2023-01-18,2023-01-18 15:45:00,инвалидация,2023-01-19 00:00:00,,,,,,,,,,,,,,,,,,,,,,,,,,,,,,
LTCUSDT,low,2023-03-15,2023-03-15 15:30:00,инвалидация,2023-03-16 00:00:00,,,,,,,,,,,,,,,,,,,,,,,,,,,,,,
LTCUSDT,low,2023-03-27,2023-03-27 14:45:00,инвалидация,2023-03-28 00:00:00,,,,,,,,,,,,,,,,,,,,,,,,,,,,,,
LTCUSDT,low,2023-04-05,2023-04-05 15:00:00,инвалидация,2023-04-07 00:00:00,,,,,,,,,,,,,,,,,,,,,,,,,,,,,,
LTCUSDT,low,2023-04-09,2023-04-09 14:15:00,сделка,,2023-04-11 04:00:00,94.25,5.590525198939007,37.75,0.13454423141608313,2.258928571428563,0.9603212711161532,5.6284336809059266,1.5136226034308717,95.0,False,-3.303561820725285,2.5114923197668,False,False,False,20.0,0.9736063479893002,False,False,1.0,-1.0178874070756319,False,2.0,-1.0178874070756319,,,,,
LTCUSDT,low,2023-06-20,2023-06-20 14:15:00,сделка,,2023-06-20 20:00:00,79.86,5.366453794139732,5.75,0.47362189185633397,2.150837988826822,0.8983468085354622,1.61820813050913,0.026312327325346694,6.25,True,5.937884799562188,2.3549532956189867,True,False,False,12.0,3.2597155624001104,False,True,1.0,0.9813657204858073,True,2.0,1.9813657204858073,,,,,
LTCUSDT,low,2023-07-06,2023-07-06 13:45:00,инвалидация,2023-07-07 00:00:00,,,,,,,,,,,,,,,,,,,,,,,,,,,,,,
LTCUSDT,low,2023-07-12,2023-07-12 15:45:00,сделка,,2023-07-13 08:00:00,100.23,6.209817419934159,16.25,1.4143530644316484,1.6713286713286721,0.7679825195610603,0.953378732320583,0.4295442640125684,0.0,True,1.575464762104821,2.996333158721843,False,False,False,0.0,0.6731896981089625,True,False,1.0,-1.0161035330409216,False,2.0,-1.0161035330409216,,,,False,False
LTCUSDT,low,2023-07-20,2023-07-20 14:45:00,нет сигнала,,,,,,,,,,,,,,,,,,,,,,,,,,,,,,,
LTCUSDT,low,2023-08-07,2023-08-07 15:30:00,сделка,,2023-08-08 00:00:00,82.46,4.497732233810322,8.5,3.3116644180056456,0.4793814432989658,0.2507529328656192,1.1038881393352211,0.4047589844229271,0.25,False,-12.117985305079326,2.379492211455903,True,False,False,16.0,0.8007916243127939,False,False,1.0,-1.0222334267140851,False,2.0,-1.0222334267140851,True,0.2723230776282567,0.2500896509141716,,
LTCUSDT,low,2023-08-15,2023-08-15 15:15:00,инвалидация,2023-08-16 00:00:00,,,,,,,,,,,,,,,,,,,,,,,,,,,,,,
LTCUSDT,low,2023-08-31,2023-08-31 15:30:00,инвалидация,2023-09-01 00:00:00,,,,,,,,,,,,,,,,,,,,,,,,,,,,,,
LTCUSDT,low,2023-09-01,2023-09-01 13:45:00,инвалидация,2023-09-02 00:00:00,,,,,,,,,,,,,,,,,,,,,,,,,,,,,,
LTCUSDT,low,2023-09-04,2023-09-04 15:00:00,инвалидация,2023-09-06 00:00:00,,,,,,,,,,,,,,,,,,,,,,,,,,,,,,
LTCUSDT,low,2023-10-17,2023-10-17 13:45:00,инвалидация,2023-10-19 00:00:00,,,,,,,,,,,,,,,,,,,,,,,,,,,,,,
LTCUSDT,low,2023-10-26,2023-10-26 14:30:00,инвалидация,2023-10-28 00:00:00,,,,,,,,,,,,,,,,,,,,,,,,,,,,,,
LTCUSDT,low,2023-10-31,2023-10-31 15:15:00,нет сигнала,,,,,,,,,,,,,,,,,,,,,,,,,,,,,,,
LTCUSDT,low,2023-11-09,2023-11-09 16:00:00,нет сигнала,,,,,,,,,,,,,,,,,,,,,,,,,,,,,,,
LTCUSDT,low,2023-11-13,2023-11-13 14:30:00,инвалидация,2023-11-14 00:00:00,,,,,,,,,,,,,,,,,,,,,,,,,,,,,,
LTCUSDT,low,2023-11-21,2023-11-21 15:00:00,инвалидация,2023-11-22 00:00:00,,,,,,,,,,,,,,,,,,,,,,,,,,,,,,
LTCUSDT,low,2023-12-15,2023-12-15 15:30:00,инвалидация,2023-12-16 00:00:00,,,,,,,,,,,,,,,,,,,,,,,,,,,,,,
LTCUSDT,low,2023-12-29,2023-12-29 16:45:00,инвалидация,2023-12-30 00:00:00,,,,,,,,,,,,,,,,,,,,,,,,,,,,,,
LTCUSDT,low,2024-01-15,2024-01-15 15:45:00,инвалидация,2024-01-16 00:00:00,,,,,,,,,,,,,,,,,,,,,,,,,,,,,,
LTCUSDT,low,2024-01-16,2024-01-16 14:30:00,нет сигнала,,,,,,,,,,,,,,,,,,,,,,,,,,,,,,,
LTCUSDT,low,2024-01-25,2024-01-25 15:30:00,нет сигнала,,,,,,,,,,,,,,,,,,,,,,,,,,,,,,,
LTCUSDT,low,2024-02-16,2024-02-16 15:00:00,нет сигнала,,,,,,,,,,,,,,,,,,,,,,,,,,,,,,,
LTCUSDT,low,2024-02-17,2024-02-17 14:30:00,нет сигнала,,,,,,,,,,,,,,,,,,,,,,,,,,,,,,,
LTCUSDT,low,2024-03-08,2024-03-08 15:30:00,нет сигнала,,,,,,,,,,,,,,,,,,,,,,,,,,,,,,,
LTCUSDT,low,2024-03-10,2024-03-10 14:30:00,сделка,,2024-03-11 08:00:00,90.24,8.336436170212771,17.5,4.476234425473015,0.8109339407744873,0.47322805338437635,1.3613290263036368,0.06922011998154391,0.75,True,1.954397394136802,5.064605445316089,False,False,False,0.0,2.0763545488381983,False,True,1.0,0.9880044664220768,True,2.0,1.9880044664220768,True,0.11033125963736878,0.09833572605944568,,
LTCUSDT,low,2024-03-14,2024-03-14 13:30:00,инвалидация,2024-03-16 00:00:00,,,,,,,,,,,,,,,,,,,,,,,,,,,,,,
LTCUSDT,low,2024-03-26,2024-03-26 14:30:00,нет сигнала,,,,,,,,,,,,,,,,,,,,,,,,,,,,,,,
LTCUSDT,low,2024-04-01,2024-04-01 14:30:00,инвалидация,2024-04-02 00:00:00,,,,,,,,,,,,,,,,,,,,,,,,,,,,,,
LTCUSDT,low,2024-05-06,2024-05-06 14:45:00,нет сигнала,,,,,,,,,,,,,,,,,,,,,,,,,,,,,,,
LTCUSDT,low,2024-05-10,2024-05-10 14:45:00,инвалидация,2024-05-11 00:00:00,,,,,,,,,,,,,,,,,,,,,,,,,,,,,,
LTCUSDT,low,2024-05-14,2024-05-14 14:15:00,инвалидация,2024-05-15 00:00:00,,,,,,,,,,,,,,,,,,,,,,,,,,,,,,
LTCUSDT,low,2024-08-02,2024-08-02 14:45:00,инвалидация,2024-08-03 00:00:00,,,,,,,,,,,,,,,,,,,,,,,,,,,,,,
LTCUSDT,low,2024-08-07,2024-08-07 14:30:00,нет сигнала,,,,,,,,,,,,,,,,,,,,,,,,,,,,,,,
LTCUSDT,low,2024-08-11,2024-08-11 14:45:00,инвалидация,2024-08-12 00:00:00,,,,,,,,,,,,,,,,,,,,,,,,,,,,,,
LTCUSDT,low,2024-09-06,2024-09-06 14:00:00,инвалидация,2024-09-07 00:00:00,,,,,,,,,,,,,,,,,,,,,,,,,,,,,,
LTCUSDT,low,2024-09-09,2024-09-09 14:30:00,нет сигнала,,,,,,,,,,,,,,,,,,,,,,,,,,,,,,,
LTCUSDT,low,2024-09-11,2024-09-11 13:45:00,сделка,,2024-09-11 20:00:00,62.04,3.272195357833659,6.25,0.38142620232171953,1.199999999999999,0.8571133015117707,2.3548922056384773,0.878938640132672,70.0,True,-6.847447356461147,2.4046434494195736,True,False,False,12.0,2.315191101784663,False,True,1.0,0.9694394774564424,True,2.0000000000000036,1.9694394774564459,,,,,
LTCUSDT,low,2024-09-20,2024-09-20 15:00:00,сделка,,2024-09-21 16:00:00,66.61,3.579477555922524,25.0,0.5722239406124194,1.4130434782608616,0.8178535329175598,1.7012063099288721,0.030931023816904164,2.0,True,-0.758955676988464,2.1342406433653105,False,False,False,8.0,1.128218463358067,False,True,1.0,0.9720629621396725,False,2.0,-1.0279370378603274,,,,,
LTCUSDT,low,2024-10-01,2024-10-01 14:30:00,инвалидация,2024-10-02 00:00:00,,,,,,,,,,,,,,,,,,,,,,,,,,,,,,
LTCUSDT,low,2024-10-13,2024-10-13 14:45:00,инвалидация,2024-10-14 00:00:00,,,,,,,,,,,,,,,,,,,,,,,,,,,,,,
LTCUSDT,low,2024-12-17,2024-12-17 15:15:00,инвалидация,2024-12-19 00:00:00,,,,,,,,,,,,,,,,,,,,,,,,,,,,,,
LTCUSDT,low,2024-12-27,2024-12-27 15:15:00,инвалидация,2024-12-28 00:00:00,,,,,,,,,,,,,,,,,,,,,,,,,,,,,,
LTCUSDT,low,2025-02-06,2025-02-06 16:15:00,нет сигнала,,,,,,,,,,,,,,,,,,,,,,,,,,,,,,,
LTCUSDT,low,2025-04-14,2025-04-14 15:45:00,инвалидация,2025-04-16 00:00:00,,,,,,,,,,,,,,,,,,,,,,,,,,,,,,
LTCUSDT,low,2025-04-15,2025-04-15 15:45:00,инвалидация,2025-04-16 00:00:00,,,,,,,,,,,,,,,,,,,,,,,,,,,,,,
LTCUSDT,low,2025-05-14,2025-05-14 14:15:00,инвалидация,2025-05-16 00:00:00,,,,,,,,,,,,,,,,,,,,,,,,,,,,,,
LTCUSDT,low,2025-06-22,2025-06-22 13:30:00,сделка,,2025-06-23 08:00:00,80.99,6.119409803679461,18.5,2.834163155878972,0.46260869565217333,0.5367112513644772,2.3873356313034657,1.1745180645984958,4.25,False,-7.433056325023081,7.340737903740585,False,False,False,0.0,0.9927140438771549,False,False,1.0,-1.0163414452060184,False,2.0,-1.0163414452060184,True,0.6234728446301648,0.6071313994241464,,
LTCUSDT,low,2025-06-26,2025-06-26 14:00:00,нет сигнала,,,,,,,,,,,,,,,,,,,,,,,,,,,,,,,
LTCUSDT,low,2025-07-01,2025-07-01 14:30:00,инвалидация,2025-07-02 00:00:00,,,,,,,,,,,,,,,,,,,,,,,,,,,,,,
LTCUSDT,low,2025-07-04,2025-07-04 14:15:00,инвалидация,2025-07-05 00:00:00,,,,,,,,,,,,,,,,,,,,,,,,,,,,,,
LTCUSDT,low,2025-07-07,2025-07-07 14:30:00,инвалидация,2025-07-08 00:00:00,,,,,,,,,,,,,,,,,,,,,,,,,,,,,,
LTCUSDT,low,2025-07-19,2025-07-19 14:15:00,сделка,,2025-07-19 20:00:00,112.7,11.712156166814555,5.75,0.4199160167966424,1.0292207792207793,0.9606351707627506,1.7096580683863307,0.169966006798642,2.5,True,7.537794692885077,12.317536492701468,True,False,False,12.0,0.732597957513864,False,False,1.0,-1.0085381375193188,False,1.999999999999999,-1.0085381375193188,,,,,
LTCUSDT,low,2025-07-23,2025-07-23 13:30:00,инвалидация,2025-07-24 00:00:00,,,,,,,,,,,,,,,,,,,,,,,,,,,,,,
LTCUSDT,low,2025-08-15,2025-08-15 13:45:00,инвалидация,2025-08-16 00:00:00,,,,,,,,,,,,,,,,,,,,,,,,,,,,,,
LTCUSDT,low,2025-08-20,2025-08-20 14:15:00,нет сигнала,,,,,,,,,,,,,,,,,,,,,,,,,,,,,,,
LTCUSDT,low,2025-09-19,2025-09-19 15:00:00,инвалидация,2025-09-20 00:00:00,,,,,,,,,,,,,,,,,,,,,,,,,,,,,,
LTCUSDT,low,2025-10-28,2025-10-28 14:45:00,инвалидация,2025-10-29 00:00:00,,,,,,,,,,,,,,,,,,,,,,,,,,,,,,
LTCUSDT,low,2025-11-16,2025-11-16 16:45:00,инвалидация,2025-11-17 00:00:00,,,,,,,,,,,,,,,,,,,,,,,,,,,,,,
LTCUSDT,low,2025-11-20,2025-11-20 16:00:00,инвалидация,2025-11-21 00:00:00,,,,,,,,,,,,,,,,,,,,,,,,,,,,,,
LTCUSDT,low,2025-12-07,2025-12-07 14:45:00,сделка,,2025-12-07 20:00:00,83.2,4.158437500000009,5.25,0.037570444583595666,1.283524904214563,0.9682584643131726,3.969943644333127,0.07514088916719133,50.75,True,5.382034073309243,3.268628678772698,True,True,False,11.0,1.2486198703978773,False,True,1.0,0.9759525061997445,False,2.0,-1.0240474938002555,,,,,
LTCUSDT,low,2025-12-15,2025-12-15 15:15:00,инвалидация,2025-12-16 00:00:00,,,,,,,,,,,,,,,,,,,,,,,,,,,,,,
LTCUSDT,low,2025-12-17,2025-12-17 16:15:00,инвалидация,2025-12-18 00:00:00,,,,,,,,,,,,,,,,,,,,,,,,,,,,,,
LTCUSDT,low,2025-12-31,2025-12-31 15:30:00,инвалидация,2026-01-01 00:00:00,,,,,,,,,,,,,,,,,,,,,,,,,,,,,,
LTCUSDT,low,2026-01-07,2026-01-07 16:30:00,нет сигнала,,,,,,,,,,,,,,,,,,,,,,,,,,,,,,,
LTCUSDT,low,2026-01-23,2026-01-23 14:45:00,нет сигнала,,,,,,,,,,,,,,,,,,,,,,,,,,,,,,,
LTCUSDT,low,2026-01-28,2026-01-28 15:00:00,инвалидация,2026-01-30 00:00:00,,,,,,,,,,,,,,,,,,,,,,,,,,,,,,
LTCUSDT,low,2026-02-17,2026-02-17 15:30:00,нет сигнала,,,,,,,,,,,,,,,,,,,,,,,,,,,,,,,
LTCUSDT,low,2026-02-27,2026-02-27 16:00:00,инвалидация,2026-03-01 00:00:00,,,,,,,,,,,,,,,,,,,,,,,,,,,,,,
LTCUSDT,low,2026-05-07,2026-05-07 15:15:00,нет сигнала,,,,,,,,,,,,,,,,,,,,,,,,,,,,,,,
LTCUSDT,low,2026-05-13,2026-05-13 14:00:00,инвалидация,2026-05-14 00:00:00,,,,,,,,,,,,,,,,,,,,,,,,,,,,,,
LTCUSDT,low,2026-05-15,2026-05-15 13:45:00,инвалидация,2026-05-17 00:00:00,,,,,,,,,,,,,,,,,,,,,,,,,,,,,,
LTCUSDT,low,2026-05-31,2026-05-31 14:15:00,инвалидация,2026-06-02 00:00:00,,,,,,,,,,,,,,,,,,,,,,,,,,,,,,
LTCUSDT,low,2026-06-09,2026-06-09 15:30:00,инвалидация,2026-06-11 00:00:00,,,,,,,,,,,,,,,,,,,,,,,,,,,,,,
LTCUSDT,low,2026-06-16,2026-06-16 14:15:00,нет сигнала,,,,,,,,,,,,,,,,,,,,,,,,,,,,,,,
LTCUSDT,low,2026-06-25,2026-06-25 13:45:00,сделка,,2026-06-26 08:00:00,41.86,6.328834209268996,18.25,0.10180707559175146,0.8290322580645159,0.9700858733603843,6.286586917790784,1.8325273606515626,21.75,False,-6.497046796910509,7.89004835836091,False,False,False,0.0,0.585071246579219,False,False,1.0,-1.0158006983108427,False,2.0,-1.0158006983108427,True,0.20005661979805633,0.18425592148721365,,
LTCUSDT,low,2026-07-23,2026-07-23 15:00:00,нет сигнала,,,,,,,,,,,,,,,,,,,,,,,,,,,,,,,
LTCUSDT,low,2026-07-27,2026-07-27 14:30:00,инвалидация,2026-07-28 00:00:00,,,,,,,,,,,,,,,,,,,,,,,,,,,,,,
LTCUSDT,low,2026-08-11,2026-08-11 14:15:00,инвалидация,2026-08-13 00:00:00,,,,,,,,,,,,,,,,,,,,,,,,,,,,,,
LTCUSDT,low,2026-08-26,2026-08-26 15:00:00,нет сигнала,,,,,,,,,,,,,,,,,,,,,,,,,,,,,,,
LTCUSDT,low,2026-09-23,2026-09-23 14:00:00,сделка,,2026-09-24 04:00:00,66.54,12.411091073038778,14.0,2.327138791227178,1.6732186732186753,0.8246209286612087,5.709023941068146,0.18416206261510035,2.0,True,16.768688554999084,6.8139963167587485,False,False,False,20.0,1.0232080539188244,False,True,1.0,0.9919426906618037,False,2.0,-1.0080573093381964,,,,,
LTCUSDT,high,2020-02-18,2020-02-18 16:30:00,инвалидация,2020-02-19 00:00:00,,,,,,,,,,,,,,,,,,,,,,,,,,,,,,
LTCUSDT,high,2020-04-12,2020-04-12 15:45:00,сделка,,2020-04-13 00:00:00,41.98,3.96283944735589,8.25,0.9259259259259226,0.6853932584269692,0.7333493628276053,0.8333333333333319,0.46296296296295303,1.0,False,5.612244897959187,4.120370370370373,True,False,False,16.0,2.470545804279871,True,True,1.0,0.9747655686463093,True,2.0,1.9747655686463093,True,0.33661937965856836,0.3113849483048776,False,False
LTCUSDT,high,2020-04-23,2020-04-23 14:00:00,инвалидация,2020-04-24 00:00:00,,,,,,,,,,,,,,,,,,,,,,,,,,,,,,
LTCUSDT,high,2020-07-30,2020-07-30 13:45:00,инвалидация,2020-08-01 00:00:00,,,,,,,,,,,,,,,,,,,,,,,,,,,,,,
LTCUSDT,high,2020-08-06,2020-08-06 15:00:00,сделка,,2020-08-07 20:00:00,57.04,7.347773492286114,29.0,2.1543086172344674,0.9250814332247568,0.6776150812303017,1.870407481629934,0.6513026052104217,17.25,False,-1.185159738921329,5.126920507682032,False,False,False,12.0,1.319440633522382,False,True,1.0,0.9863904351290929,False,2.0,-1.0136095648709071,True,0.0548772777052701,0.04126771283436293,,
LTCUSDT,high,2020-09-01,2020-09-01 15:45:00,сделка,,2020-09-02 12:00:00,58.66,10.065632458233889,20.25,1.1447389054414252,1.6018808777429463,0.8654416123295804,2.9794574251215393,0.2352203230359192,14.25,True,-4.828178694158066,5.002352203230367,False,False,False,4.0,2.303327970192226,False,True,1.0,0.9900652045050385,True,2.0,1.9900652045050384,,,,,
LTCUSDT,high,2020-10-06,2020-10-06 15:15:00,нет сигнала,,,,,,,,,,,,,,,,,,,,,,,,,,,,,,,
LTCUSDT,high,2020-10-08,2020-10-08 14:30:00,инвалидация,2020-10-09 00:00:00,,,,,,,,,,,,,,,,,,,,,,,,,,,,,,
LTCUSDT,high,2020-10-12,2020-10-12 13:45:00,нет сигнала,,,,,,,,,,,,,,,,,,,,,,,,,,,,,,,
LTCUSDT,high,2020-10-25,2020-10-25 14:30:00,сделка,,2020-10-26 16:00:00,56.25,6.897902222222228,25.5,0.5692281935375915,0.7160493827160488,0.8968910354710079,4.3194374686087365,0.6361962163067179,27.0,False,-23.411789210581134,8.13661476644902,False,False,False,8.0,0.32989095557554377,True,False,1.0,-1.0144971611336908,False,2.0,-1.0144971611336908,False,0.35566368647988345,-1.0144971611336908,False,True
LTCUSDT,high,2020-11-21,2020-11-21 14:45:00,инвалидация,2020-11-22 00:00:00,,,,,,,,,,,,,,,,,,,,,,,,,,,,,,
LTCUSDT,high,2020-11-28,2020-11-28 16:00:00,инвалидация,2020-11-30 00:00:00,,,,,,,,,,,,,,,,,,,,,,,,,,,,,,
LTCUSDT,high,2021-01-02,2021-01-02 16:45:00,инвалидация,2021-01-03 00:00:00,,,,,,,,,,,,,,,,,,,,,,,,,,,,,,
LTCUSDT,high,2021-01-08,2021-01-08 16:15:00,сделка,,2021-01-10 12:00:00,171.04,9.212236903648284,43.75,2.459781474770778,0.5463054187192125,0.7038315982943023,4.683467852632735,1.960138362707952,1.25,False,-23.75984826378756,11.145884807555035,False,False,False,3.0,3.7120928930778834,False,True,1.0,0.9891448731675151,True,2.0,1.9891448731675152,True,0.5845165933535174,0.5736614665210324,,
LTCUSDT,high,2021-04-21,2021-04-21 15:00:00,сделка,,2021-04-22 00:00:00,257.99,7.61555099034846,9.0,1.597069597069602,0.3857620149061936,0.7639703247662789,3.2344322344322287,0.4725274725274592,0.0,True,8.818286672957958,14.252747252747252,True,False,False,16.0,0.3440665819733553,True,False,1.0,-1.013131026254927,False,2.0,-1.013131026254927,False,1.216448418515262,-1.013131026254927,False,True
LTCUSDT,high,2021-07-21,2021-07-21 14:00:00,инвалидация,2021-07-22 00:00:00,,,,,,,,,,,,,,,,,,,,,,,,,,,,,,
LTCUSDT,high,2021-08-04,2021-08-04 15:15:00,инвалидация,2021-08-06 00:00:00,,,,,,,,,,,,,,,,,,,,,,,,,,,,,,
LTCUSDT,high,2021-08-09,2021-08-09 13:30:00,инвалидация,2021-08-10 00:00:00,,,,,,,,,,,,,,,,,,,,,,,,,,,,,,
LTCUSDT,high,2021-09-13,2021-09-13 13:30:00,нет сигнала,,,,,,,,,,,,,,,,,,,,,,,,,,,,,,,
LTCUSDT,high,2021-10-15,2021-10-15 15:45:00,инвалидация,2021-10-16 00:00:00,,,,,,,,,,,,,,,,,,,,,,,,,,,,,,
LTCUSDT,high,2021-11-01,2021-11-01 15:30:00,инвалидация,2021-11-02 00:00:00,,,,,,,,,,,,,,,,,,,,,,,,,,,,,,
LTCUSDT,high,2021-11-21,2021-11-21 16:30:00,сделка,,2021-11-22 20:00:00,206.63,11.896133184919897,27.5,1.3559173285356987,1.3913612565445046,0.8648963548239332,8.289086840142168,0.008776163938746867,53.0,False,13.830596107055971,6.704989249199163,False,True,False,11.0,0.7098984662124944,False,False,1.0,-1.0084060928408876,False,2.0,-1.0084060928408876,,,,,
LTCUSDT,high,2022-01-02,2022-01-02 15:15:00,инвалидация,2022-01-03 00:00:00,,,,,,,,,,,,,,,,,,,,,,,,,,,,,,
LTCUSDT,high,2022-01-04,2022-01-04 14:45:00,нет сигнала,,,,,,,,,,,,,,,,,,,,,,,,,,,,,,,
LTCUSDT,high,2022-01-11,2022-01-11 16:15:00,инвалидация,2022-01-12 00:00:00,,,,,,,,,,,,,,,,,,,,,,,,,,,,,,
LTCUSDT,high,2022-03-24,2022-03-24 15:30:00,инвалидация,2022-03-25 00:00:00,,,,,,,,,,,,,,,,,,,,,,,,,,,,,,
LTCUSDT,high,2022-04-15,2022-04-15 14:45:00,инвалидация,2022-04-17 00:00:00,,,,,,,,,,,,,,,,,,,,,,,,,,,,,,
LTCUSDT,high,2022-04-21,2022-04-21 13:30:00,сделка,,2022-04-21 20:00:00,109.22,4.93911371543674,6.5,0.30661410424879043,1.392655367231638,0.9138937807025673,3.162505475251861,0.47306176084099166,61.5,True,-0.8660351826793036,3.1011826544021077,True,False,False,12.0,2.068773751042725,False,True,1.0,0.9797534525906015,True,2.0,1.9797534525906015,,,,,
LTCUSDT,high,2022-06-21,2022-06-21 14:45:00,нет сигнала,,,,,,,,,,,,,,,,,,,,,,,,,,,,,,,
LTCUSDT,high,2022-07-07,2022-07-07 14:30:00,инвалидация,2022-07-08 00:00:00,,,,,,,,,,,,,,,,,,,,,,,,,,,,,,
LTCUSDT,high,2022-07-20,2022-07-20 14:15:00,сделка,,2022-07-21 00:00:00,57.16,8.103096571028686,9.75,3.5564502600234817,0.639686684073108,0.5289600214174842,3.707431638986749,0.38584130179500753,22.75,True,-12.829011503216996,6.425096460325445,True,False,False,16.0,0.718953825028661,False,False,1.0,-1.0123409611527443,False,2.0,-1.0123409611527443,True,0.2979448283902551,0.28560386723751086,,
LTCUSDT,high,2022-08-04,2022-08-04 13:30:00,инвалидация,2022-08-06 00:00:00,,,,,,,,,,,,,,,,,,,,,,,,,,,,,,
LTCUSDT,high,2022-10-03,2022-10-03 14:00:00,инвалидация,2022-10-04 00:00:00,,,,,,,,,,,,,,,,,,,,,,,,,,,,,,
LTCUSDT,high,2022-10-20,2022-10-20 15:00:00,сделка,,2022-10-20 20:00:00,51.06,2.0996474735605024,5.0,0.17311021350258954,0.7153846153846128,0.8674725766733883,1.4618195806886038,0.19234468166955457,7.0,True,0.7218103784627341,2.500480861704182,True,False,False,12.0,1.4551152899037507,True,True,1.0,0.9523729572419966,False,2.0,-1.0476270427580034,True,0.34512349824640615,0.2974964554884027,True,False
LTCUSDT,high,2022-11-15,2022-11-15 15:30:00,сделка,,2022-11-16 12:00:00,57.74,4.260720471077235,20.5,1.5192437542201191,0.256849315068493,0.6097213979692223,1.0465901417960914,0.7427413909520676,2.0,True,-11.848341232227488,9.858203916272794,False,False,False,3.0,0.4389994065378423,True,False,1.0,-1.0234702090124952,False,2.0,-1.0234702090124952,False,1.7641272447909515,-1.0234702090124952,True,False
LTCUSDT,high,2022-11-17,2022-11-17 16:00:00,инвалидация,2022-11-18 00:00:00,,,,,,,,,,,,,,,,,,,,,,,,,,,,,,
LTCUSDT,high,2022-12-25,2022-12-25 14:45:00,инвалидация,2022-12-26 00:00:00,,,,,,,,,,,,,,,,,,,,,,,,,,,,,,
LTCUSDT,high,2023-01-08,2023-01-08 16:00:00,инвалидация,2023-01-09 00:00:00,,,,,,,,,,,,,,,,,,,,,,,,,,,,,,
LTCUSDT,high,2023-01-17,2023-01-17 16:15:00,сделка,,2023-01-18 16:00:00,84.94,5.473863903932191,23.75,0.23518871094186777,0.7201986754966894,0.9355844714485441,4.490984432747234,0.7055661328256193,88.25,True,-2.211915804495183,6.764475305185358,False,False,False,7.0,0.7097537369609624,True,False,1.0,-1.0182686310355953,False,2.0,-1.0182686310355953,True,0.36347994408000783,0.3452113130444126,False,False
LTCUSDT,high,2023-02-14,2023-02-14 15:00:00,инвалидация,2023-02-15 00:00:00,,,,,,,,,,,,,,,,,,,,,,,,,,,,,,
LTCUSDT,high,2023-04-10,2023-04-10 14:30:00,инвалидация,2023-04-11 00:00:00,,,,,,,,,,,,,,,,,,,,,,,,,,,,,,
LTCUSDT,high,2023-05-02,2023-05-02 14:15:00,сделка,2023-05-04 00:00:00,2023-05-03 16:00:00,85.95,3.826817917393841,25.75,0.36023865811100686,0.7619047619047604,0.8756061596461061,1.6661037937633727,0.23640661938535176,6.25,True,1.5442261837174969,4.255319148936172,False,False,False,8.0,0.11249106912120269,True,False,1.0,-1.0261313713269384,False,2.0,-1.0261313713269384,False,0.2736269248894103,-1.0261313713269384,False,True
LTCUSDT,high,2023-06-23,2023-06-23 15:30:00,инвалидация,2023-06-24 00:00:00,,,,,,,,,,,,,,,,,,,,,,,,,,,,,,
LTCUSDT,high,2023-07-28,2023-07-28 15:00:00,инвалидация,2023-07-30 00:00:00,,,,,,,,,,,,,,,,,,,,,,,,,,,,,,
LTCUSDT,high,2023-08-27,2023-08-27 14:15:00,нет сигнала,,,,,,,,,,,,,,,,,,,,,,,,,,,,,,,
LTCUSDT,high,2023-08-29,2023-08-29 14:15:00,инвалидация,2023-08-30 00:00:00,,,,,,,,,,,,,,,,,,,,,,,,,,,,,,
LTCUSDT,high,2023-11-24,2023-11-24 15:15:00,инвалидация,2023-11-25 00:00:00,,,,,,,,,,,,,,,,,,,,,,,,,,,,,,
LTCUSDT,high,2024-02-02,2024-02-02 15:15:00,инвалидация,2024-02-04 00:00:00,,,,,,,,,,,,,,,,,,,,,,,,,,,,,,
LTCUSDT,high,2024-02-06,2024-02-06 16:15:00,инвалидация,2024-02-07 00:00:00,,,,,,,,,,,,,,,,,,,,,,,,,,,,,,
LTCUSDT,high,2024-02-15,2024-02-15 14:30:00,нет сигнала,,,,,,,,,,,,,,,,,,,,,,,,,,,,,,,
LTCUSDT,high,2024-02-26,2024-02-26 14:45:00,инвалидация,2024-02-27 00:00:00,,,,,,,,,,,,,,,,,,,,,,,,,,,,,,
LTCUSDT,high,2024-02-28,2024-02-28 16:45:00,инвалидация,2024-03-01 00:00:00,,,,,,,,,,,,,,,,,,,,,,,,,,,,,,
LTCUSDT,high,2024-03-25,2024-03-25 14:15:00,инвалидация,2024-03-27 00:00:00,,,,,,,,,,,,,,,,,,,,,,,,,,,,,,
LTCUSDT,high,2024-05-27,2024-05-27 14:00:00,нет сигнала,,,,,,,,,,,,,,,,,,,,,,,,,,,,,,,
LTCUSDT,high,2024-06-09,2024-06-09 14:45:00,инвалидация,2024-06-10 00:00:00,,,,,,,,,,,,,,,,,,,,,,,,,,,,,,
LTCUSDT,high,2024-06-29,2024-06-29 13:30:00,инвалидация,2024-06-30 00:00:00,,,,,,,,,,,,,,,,,,,,,,,,,,,,,,
LTCUSDT,high,2024-08-08,2024-08-08 15:45:00,инвалидация,2024-08-09 00:00:00,,,,,,,,,,,,,,,,,,,,,,,,,,,,,,
LTCUSDT,high,2024-09-17,2024-09-17 15:15:00,инвалидация,2024-09-18 00:00:00,,,,,,,,,,,,,,,,,,,,,,,,,,,,,,
LTCUSDT,high,2024-09-21,2024-09-21 15:15:00,инвалидация,2024-09-22 00:00:00,,,,,,,,,,,,,,,,,,,,,,,,,,,,,,
LTCUSDT,high,2024-10-14,2024-10-14 13:45:00,инвалидация,2024-10-15 00:00:00,,,,,,,,,,,,,,,,,,,,,,,,,,,,,,
LTCUSDT,high,2024-11-11,2024-11-11 15:00:00,инвалидация,2024-11-12 00:00:00,,,,,,,,,,,,,,,,,,,,,,,,,,,,,,
LTCUSDT,high,2024-12-01,2024-12-01 15:00:00,инвалидация,2024-12-02 00:00:00,,,,,,,,,,,,,,,,,,,,,,,,,,,,,,
LTCUSDT,high,2025-01-02,2025-01-02 14:30:00,инвалидация,2025-01-04 00:00:00,,,,,,,,,,,,,,,,,,,,,,,,,,,,,,
LTCUSDT,high,2025-01-09,2025-01-09 15:45:00,нет сигнала,,,,,,,,,,,,,,,,,,,,,,,,,,,,,,,
LTCUSDT,high,2025-02-05,2025-02-05 14:45:00,сделка,,2025-02-06 00:00:00,103.31,6.000774368405766,9.25,0.6347162174593064,0.5232558139534879,0.8710520372939307,4.783368595345404,1.0302640051513112,2.75,True,22.335844994617865,9.493146904608587,True,False,False,15.0,0.043552601864695964,True,False,1.0,-1.0166645159208956,False,2.0,-1.0166645159208956,False,0.7936251895344717,-1.0166645159208956,True,False
LTCUSDT,high,2025-02-15,2025-02-15 15:00:00,нет сигнала,,,,,,,,,,,,,,,,,,,,,,,,,,,,,,,
LTCUSDT,high,2025-03-14,2025-03-14 15:00:00,сделка,2025-03-16 00:00:00,2025-03-16 00:00:00,92.39,2.0610455677021355,33.0,2.681491170699813,-0.11732851985559686,-0.341350698456047,-0.7957270547198648,0.03270111183780373,1.75,True,13.956215793588731,6.038805319380851,False,False,True,16.0,2.1583867240836008,True,True,1.0,0.9514809368763786,True,2.0,1.9514809368763786,False,3.250708959142941,-1.0485190631236214,False,False
LTCUSDT,high,2025-04-02,2025-04-02 15:30:00,нет сигнала,,,,,,,,,,,,,,,,,,,,,,,,,,,,,,,
LTCUSDT,high,2025-04-12,2025-04-12 13:45:00,инвалидация,2025-04-13 00:00:00,,,,,,,,,,,,,,,,,,,,,,,,,,,,,,
LTCUSDT,high,2025-04-22,2025-04-22 15:00:00,инвалидация,2025-04-23 00:00:00,,,,,,,,,,,,,,,,,,,,,,,,,,,,,,
LTCUSDT,high,2025-05-08,2025-05-08 15:30:00,инвалидация,2025-05-09 00:00:00,,,,,,,,,,,,,,,,,,,,,,,,,,,,,,
LTCUSDT,high,2025-05-18,2025-05-18 15:45:00,нет сигнала,,,,,,,,,,,,,,,,,,,,,,,,,,,,,,,
LTCUSDT,high,2025-06-23,2025-06-23 13:30:00,инвалидация,2025-06-24 00:00:00,,,,,,,,,,,,,,,,,,,,,,,,,,,,,,
LTCUSDT,high,2025-07-06,2025-07-06 13:30:00,нет сигнала,,,,,,,,,,,,,,,,,,,,,,,,,,,,,,,
LTCUSDT,high,2025-07-13,2025-07-13 13:45:00,сделка,2025-07-15 00:00:00,2025-07-14 00:00:00,94.59,2.4810656517602285,10.25,1.4668901927912885,0.17857142857142771,0.36218915648275735,0.5553227158424153,0.3352891869237295,3.5,True,-7.838120711710675,4.987426655490351,True,False,False,16.0,0.09374307579553734,True,False,1.0,-1.0403052615431814,False,2.0,-1.0403052615431814,False,1.6660701198206935,-1.0403052615431814,True,False
LTCUSDT,high,2025-08-22,2025-08-22 14:00:00,инвалидация,2025-08-23 00:00:00,,,,,,,,,,,,,,,,,,,,,,,,,,,,,,
LTCUSDT,high,2025-09-02,2025-09-02 13:45:00,инвалидация,2025-09-03 00:00:00,,,,,,,,,,,,,,,,,,,,,,,,,,,,,,
LTCUSDT,high,2025-09-27,2025-09-27 15:45:00,сделка,2025-09-29 00:00:00,2025-09-28 12:00:00,103.3,1.6601258470474378,20.25,0.05722460658083193,0.39540816326530664,0.9038375191700988,1.1254172627563115,0.07629947544110473,20.0,False,8.268960674157306,3.7386742966141995,False,False,False,4.0,0.3440413782647499,True,False,1.0,-1.0602363972453364,False,2.0,-1.0602363972453364,False,1.3819967228600836,-1.0602363972453364,True,False
LTCUSDT,high,2025-10-21,2025-10-21 15:00:00,сделка,,2025-10-22 00:00:00,92.42,4.9739450335425195,9.0,1.2219321148825082,0.9353932584269652,0.7243980752329822,2.882506527415149,1.9530026109660623,1.75,False,1.5299172168081399,3.718015665796347,True,False,False,16.0,0.5634207251812093,True,False,1.0,-1.0201047657997093,False,2.0,-1.0201047657997093,True,0.05003350069176843,0.029928734892059047,False,False
LTCUSDT,high,2025-12-02,2025-12-02 15:30:00,инвалидация,2025-12-03 00:00:00,,,,,,,,,,,,,,,,,,,,,,,,,,,,,,
LTCUSDT,high,2025-12-17,2025-12-17 14:45:00,нет сигнала,,,,,,,,,,,,,,,,,,,,,,,,,,,,,,,
LTCUSDT,high,2025-12-25,2025-12-25 16:15:00,нет сигнала,,,,,,,,,,,,,,,,,,,,,,,,,,,,,,,
LTCUSDT,high,2026-01-01,2026-01-01 15:30:00,инвалидация,2026-01-02 00:00:00,,,,,,,,,,,,,,,,,,,,,,,,,,,,,,
LTCUSDT,high,2026-02-02,2026-02-02 14:30:00,инвалидация,2026-02-03 00:00:00,,,,,,,,,,,,,,,,,,,,,,,,,,,,,,
LTCUSDT,high,2026-02-13,2026-02-13 14:45:00,инвалидация,2026-02-14 00:00:00,,,,,,,,,,,,,,,,,,,,,,,,,,,,,,
LTCUSDT,high,2026-03-02,2026-03-02 16:30:00,сделка,,2026-03-03 12:00:00,53.42,4.372332459752907,19.5,0.3784465669490013,0.678688524590163,0.8862439525624001,3.063615065777623,0.7028293386195721,0.75,True,-4.068061803246622,5.496485853306909,False,False,False,3.0,0.16269212655734988,True,False,1.0,-1.0228710878965621,False,2.0,-1.0228710878965621,False,0.4195744316479012,-1.0228710878965621,False,False
LTCUSDT,high,2026-03-10,2026-03-10 14:45:00,инвалидация,2026-03-12 00:00:00,,,,,,,,,,,,,,,,,,,,,,,,,,,,,,
LTCUSDT,high,2026-03-11,2026-03-11 13:30:00,нет сигнала,,,,,,,,,,,,,,,,,,,,,,,,,,,,,,,
LTCUSDT,high,2026-04-10,2026-04-10 14:15:00,сделка,,2026-04-12 08:00:00,53.78,3.655057642246179,41.75,0.814627081824757,0.8795180722891551,0.7427417344545704,2.226647356987697,0.6698044895003702,51.5,False,-1.8113912231559404,3.0050687907313605,False,False,False,0.0,0.5901235698406191,True,False,1.0,-1.027359349643128,False,2.0,-1.027359349643128,True,0.10174544307596994,0.07438609343284201,False,False
LTCUSDT,high,2026-05-08,2026-05-08 15:30:00,инвалидация,2026-05-09 00:00:00,,,,,,,,,,,,,,,,,,,,,,,,,,,,,,
LTCUSDT,high,2026-05-29,2026-05-29 15:30:00,инвалидация,2026-05-31 00:00:00,,,,,,,,,,,,,,,,,,,,,,,,,,,,,,
LTCUSDT,high,2026-06-08,2026-06-08 15:00:00,нет сигнала,,,,,,,,,,,,,,,,,,,,,,,,,,,,,,,
LTCUSDT,high,2026-07-02,2026-07-02 13:30:00,инвалидация,2026-07-04 00:00:00,,,,,,,,,,,,,,,,,,,,,,,,,,,,,,
LTCUSDT,high,2026-07-18,2026-07-18 14:15:00,инвалидация,2026-07-19 00:00:00,,,,,,,,,,,,,,,,,,,,,,,,,,,,,,
LTCUSDT,high,2026-10-04,2026-10-04 13:30:00,сделка,,2026-10-06 04:00:00,69.33,4.315952690033173,38.5,1.3039820527201442,0.6791808873720137,0.6650513827387403,2.271452607964092,0.08412787436904413,14.75,False,-1.488439306358383,4.108244531688156,False,False,False,20.0,0.1938340713509896,False,False,1.0,-1.0231698554599382,False,2.0,-1.0231698554599382,False,0.3141448742585005,-1.0231698554599382,,
SOLUSDT,low,2020-10-13,2020-10-13 14:15:00,инвалидация,2020-10-14 00:00:00,,,,,,,,,,,,,,,,,,,,,,,,,,,,,,
SOLUSDT,low,2020-11-09,2020-11-09 15:00:00,нет сигнала,,,,,,,,,,,,,,,,,,,,,,,,,,,,,,,
SOLUSDT,low,2021-01-15,2021-01-15 15:45:00,сделка,,2021-01-16 04:00:00,3.4476,13.826253045596943,12.25,6.307299707003565,0.6953979150775486,0.5737675169544625,4.911628493116156,3.8971677010806185,0.0,False,-2.448484130743723,12.390913959862637,False,False,False,19.0,1.5253614682910042,False,True,1.0,0.9927673824809792,False,2.000000000000001,-1.007232617519021,True,0.25132485751789657,0.24409223999887572,,
SOLUSDT,low,2021-04-27,2021-04-27 14:00:00,инвалидация,2021-04-28 00:00:00,,,,,,,,,,,,,,,,,,,,,,,,,,,,,,
SOLUSDT,low,2021-08-08,2021-08-08 14:45:00,сделка,,2021-08-09 12:00:00,39.28,7.623019348268831,21.25,3.231650459571051,0.5774321641297159,0.5827696553677281,1.9208738510723424,0.8685227121353417,9.25,False,18.964270651322508,8.05115225789265,False,False,False,4.0,1.9026009894727427,False,True,1.0,0.9868818383594016,False,2.0,-1.0131181616405984,True,0.4264738394868696,0.41335567784627114,,
SOLUSDT,low,2021-09-05,2021-09-05 15:00:00,сделка,,2021-09-06 08:00:00,146.094,7.686147275042086,17.0,0.7630220967670878,0.664025356576862,0.8955383382313649,6.68563195577706,0.3432864346726745,27.0,False,26.139886509907722,11.13218365456709,False,False,False,0.0,4.4018167245525035,True,True,1.0,0.9869895805503607,True,2.0,1.9869895805503606,True,0.4531124766230297,0.4401020571733904,False,True
SOLUSDT,low,2021-09-07,2021-09-07 15:00:00,нет сигнала,,,,,,,,,,,,,,,,,,,,,,,,,,,,,,,
SOLUSDT,low,2021-10-19,2021-10-19 14:15:00,сделка,,2021-10-20 16:00:00,168.99,9.416078466181443,25.75,1.2050290135396517,1.7390759984975614,0.8729134211286901,4.583494519664738,0.19084461637652628,52.75,False,6.201377633711502,5.149580915538359,False,False,False,8.0,3.1526691637395117,False,True,1.0,0.9893798675999613,True,2.0,1.9893798675999612,,,,,
SOLUSDT,low,2021-11-05,2021-11-05 14:30:00,сделка,,2021-11-06 08:00:00,245.894,6.309470747557892,17.5,1.3871902982202569,0.7224288971558859,0.7760427107094531,2.8419441189802126,0.6555372155276313,3.0,True,26.114373244830237,7.126668776245006,False,False,False,0.0,0.9133326587004128,True,False,1.0,-1.0158491898926238,False,2.0,-1.0158491898926238,True,0.2981705631014897,0.2823213732088659,False,False
SOLUSDT,low,2021-11-09,2021-11-09 15:00:00,инвалидация,2021-11-10 00:00:00,,,,,,,,,,,,,,,,,,,,,,,,,,,,,,
SOLUSDT,low,2021-12-03,2021-12-03 16:00:00,инвалидация,2021-12-04 00:00:00,,,,,,,,,,,,,,,,,,,,,,,,,,,,,,
SOLUSDT,low,2021-12-09,2021-12-09 15:30:00,инвалидация,2021-12-10 00:00:00,,,,,,,,,,,,,,,,,,,,,,,,,,,,,,
SOLUSDT,low,2022-02-18,2022-02-18 14:30:00,инвалидация,2022-02-19 00:00:00,,,,,,,,,,,,,,,,,,,,,,,,,,,,,,
SOLUSDT,low,2022-03-03,2022-03-03 15:15:00,инвалидация,2022-03-04 00:00:00,,,,,,,,,,,,,,,,,,,,,,,,,,,,,,
SOLUSDT,low,2022-04-04,2022-04-04 15:00:00,сделка,2022-04-06 00:00:00,2022-04-05 04:00:00,133.34,5.831475926203698,13.0,3.685823754789274,0.26517273576097117,0.3652408982353977,1.9923371647509533,1.2107279693486468,1.5,True,27.968954553955488,8.206896551724144,False,False,False,20.0,0.42954387327684085,True,False,1.0000000000000018,-1.017148317384052,False,2.0,-1.017148317384052,False,1.0121288271523161,-1.017148317384052,True,False
SOLUSDT,low,2022-04-22,2022-04-22 14:15:00,нет сигнала,,,,,,,,,,,,,,,,,,,,,,,,,,,,,,,
SOLUSDT,low,2022-04-30,2022-04-30 14:45:00,инвалидация,2022-05-01 00:00:00,,,,,,,,,,,,,,,,,,,,,,,,,,,,,,
SOLUSDT,low,2022-05-05,2022-05-05 15:00:00,инвалидация,2022-05-06 00:00:00,,,,,,,,,,,,,,,,,,,,,,,,,,,,,,
SOLUSDT,low,2022-05-24,2022-05-24 13:45:00,инвалидация,2022-05-26 00:00:00,,,,,,,,,,,,,,,,,,,,,,,,,,,,,,
SOLUSDT,low,2022-08-09,2022-08-09 14:00:00,инвалидация,2022-08-10 00:00:00,,,,,,,,,,,,,,,,,,,,,,,,,,,,,,
SOLUSDT,low,2022-09-13,2022-09-13 15:15:00,инвалидация,2022-09-14 00:00:00,,,,,,,,,,,,,,,,,,,,,,,,,,,,,,
SOLUSDT,low,2022-09-15,2022-09-15 15:15:00,инвалидация,2022-09-17 00:00:00,,,,,,,,,,,,,,,,,,,,,,,,,,,,,,
SOLUSDT,low,2022-09-21,2022-09-21 15:00:00,инвалидация,2022-09-22 00:00:00,,,,,,,,,,,,,,,,,,,,,,,,,,,,,,
SOLUSDT,low,2022-09-25,2022-09-25 13:45:00,инвалидация,2022-09-26 00:00:00,,,,,,,,,,,,,,,,,,,,,,,,,,,,,,
SOLUSDT,low,2022-10-19,2022-10-19 13:30:00,инвалидация,2022-10-20 00:00:00,,,,,,,,,,,,,,,,,,,,,,,,,,,,,,
SOLUSDT,low,2022-12-22,2022-12-22 14:45:00,инвалидация,2022-12-23 00:00:00,,,,,,,,,,,,,,,,,,,,,,,,,,,,,,
SOLUSDT,low,2022-12-26,2022-12-26 15:30:00,сделка,2022-12-28 00:00:00,2022-12-27 00:00:00,11.325,2.5258278145695163,8.5,1.5502494654312142,0.31464174454828403,0.3530851249781503,0.32965074839628505,0.25837491090520237,0.0,False,-7.136441577529196,2.859942979330005,True,False,False,15.0,0.3845481559168051,True,False,1.0,-1.0395909805977979,False,2.0,-1.0395909805977979,False,0.7690963118336039,-1.0395909805977979,True,False
SOLUSDT,low,2023-01-11,2023-01-11 15:30:00,нет сигнала,,,,,,,,,,,,,,,,,,,,,,,,,,,,,,,
SOLUSDT,low,2023-03-09,2023-03-09 16:30:00,инвалидация,2023-03-10 00:00:00,,,,,,,,,,,,,,,,,,,,,,,,,,,,,,
SOLUSDT,low,2023-03-15,2023-03-15 15:15:00,инвалидация,2023-03-16 00:00:00,,,,,,,,,,,,,,,,,,,,,,,,,,,,,,
SOLUSDT,low,2023-03-27,2023-03-27 14:15:00,инвалидация,2023-03-28 00:00:00,,,,,,,,,,,,,,,,,,,,,,,,,,,,,,
SOLUSDT,low,2023-05-17,2023-05-17 14:30:00,инвалидация,2023-05-19 00:00:00,,,,,,,,,,,,,,,,,,,,,,,,,,,,,,
SOLUSDT,low,2023-05-31,2023-05-31 14:15:00,сделка,,2023-06-02 08:00:00,20.988,3.427144082332744,41.75,0.8115375213883981,0.5700534759358288,0.7410095246834082,2.375947201173311,0.6893180151552102,40.5,True,10.398586498986653,4.571009533121498,False,False,False,0.0,1.819852660057373,True,True,1.0,0.9708211859210969,False,2.0,-1.029178814078903,True,0.5588852325004318,0.5297064184215287,True,False
SOLUSDT,low,2023-06-05,2023-06-05 15:15:00,инвалидация,2023-06-06 00:00:00,,,,,,,,,,,,,,,,,,,,,,,,,,,,,,
SOLUSDT,low,2023-06-07,2023-06-07 14:30:00,инвалидация,2023-06-08 00:00:00,,,,,,,,,,,,,,,,,,,,,,,,,,,,,,
SOLUSDT,low,2023-07-09,2023-07-09 15:00:00,инвалидация,2023-07-10 00:00:00,,,,,,,,,,,,,,,,,,,,,,,,,,,,,,
SOLUSDT,low,2023-07-30,2023-07-30 13:45:00,инвалидация,2023-07-31 00:00:00,,,,,,,,,,,,,,,,,,,,,,,,,,,,,,
SOLUSDT,low,2023-08-31,2023-08-31 14:00:00,инвалидация,2023-09-01 00:00:00,,,,,,,,,,,,,,,,,,,,,,,,,,,,,,
SOLUSDT,low,2023-09-01,2023-09-01 14:45:00,инвалидация,2023-09-02 00:00:00,,,,,,,,,,,,,,,,,,,,,,,,,,,,,,
SOLUSDT,low,2023-09-27,2023-09-27 14:45:00,нет сигнала,,,,,,,,,,,,,,,,,,,,,,,,,,,,,,,
SOLUSDT,low,2023-11-09,2023-11-09 16:00:00,нет сигнала,,,,,,,,,,,,,,,,,,,,,,,,,,,,,,,
SOLUSDT,low,2023-11-13,2023-11-13 14:45:00,инвалидация,2023-11-14 00:00:00,,,,,,,,,,,,,,,,,,,,,,,,,,,,,,
SOLUSDT,low,2023-11-17,2023-11-17 14:30:00,нет сигнала,,,,,,,,,,,,,,,,,,,,,,,,,,,,,,,
SOLUSDT,low,2024-01-05,2024-01-05 16:45:00,сделка,2024-01-07 00:00:00,2024-01-06 00:00:00,99.874,4.975268838736803,7.25,1.644096575143904,0.2805669398907104,0.6613000603743219,2.552076862550217,0.1532281442829297,1.0,True,2.945935609143767,12.125729904335946,True,False,False,15.0,0.08110283759307835,True,False,1.0,-1.0200994163815658,False,2.0,-1.0200994163815658,False,1.6957134232239912,-1.0200994163815658,True,False
SOLUSDT,low,2024-01-15,2024-01-15 14:45:00,нет сигнала,,,,,,,,,,,,,,,,,,,,,,,,,,,,,,,
SOLUSDT,low,2024-01-18,2024-01-18 16:30:00,инвалидация,2024-01-19 00:00:00,,,,,,,,,,,,,,,,,,,,,,,,,,,,,,
SOLUSDT,low,2024-01-19,2024-01-19 15:15:00,нет сигнала,,,,,,,,,,,,,,,,,,,,,,,,,,,,,,,
SOLUSDT,low,2024-02-03,2024-02-03 15:00:00,инвалидация,2024-02-05 00:00:00,,,,,,,,,,,,,,,,,,,,,,,,,,,,,,
SOLUSDT,low,2024-03-10,2024-03-10 14:30:00,сделка,,2024-03-11 08:00:00,148.237,8.096744402544562,17.5,4.969930942210252,0.8155038759689928,0.3944220687729129,2.262670466819519,0.5240308564977803,12.75,False,8.223304608467604,4.045211598363802,False,False,False,0.0,3.7980828954545798,False,True,1.0,0.9876493569478897,True,2.0,1.9876493569478897,True,0.08923236917105791,0.0768817261189476,,
SOLUSDT,low,2024-04-24,2024-04-24 14:30:00,инвалидация,2024-04-25 00:00:00,,,,,,,,,,,,,,,,,,,,,,,,,,,,,,
SOLUSDT,low,2024-06-23,2024-06-23 14:00:00,инвалидация,2024-06-24 00:00:00,,,,,,,,,,,,,,,,,,,,,,,,,,,,,,
SOLUSDT,low,2024-07-11,2024-07-11 15:45:00,инвалидация,2024-07-12 00:00:00,,,,,,,,,,,,,,,,,,,,,,,,,,,,,,
SOLUSDT,low,2024-08-02,2024-08-02 14:45:00,инвалидация,2024-08-03 00:00:00,,,,,,,,,,,,,,,,,,,,,,,,,,,,,,
SOLUSDT,low,2024-08-04,2024-08-04 14:30:00,инвалидация,2024-08-05 00:00:00,,,,,,,,,,,,,,,,,,,,,,,,,,,,,,
SOLUSDT,low,2024-08-16,2024-08-16 15:15:00,сделка,,2024-08-18 00:00:00,141.83,4.171226115772412,32.75,1.162368325463127,0.41758241758241865,0.7065525139239861,2.9785688339992693,0.22157646204141432,1.25,False,-7.4019697009068794,7.272066836178707,False,False,False,16.0,1.1744322647712517,False,True,1.0,0.9760262337201343,False,2.0,-1.0239737662798658,True,0.9854548220518711,0.9614810557720054,,
SOLUSDT,low,2024-10-13,2024-10-13 15:15:00,нет сигнала,,,,,,,,,,,,,,,,,,,,,,,,,,,,,,,
SOLUSDT,low,2024-10-31,2024-10-31 13:45:00,инвалидация,2024-11-01 00:00:00,,,,,,,,,,,,,,,,,,,,,,,,,,,,,,
SOLUSDT,low,2024-11-02,2024-11-02 14:30:00,инвалидация,2024-11-04 00:00:00,,,,,,,,,,,,,,,,,,,,,,,,,,,,,,
SOLUSDT,low,2024-11-25,2024-11-25 15:00:00,инвалидация,2024-11-26 00:00:00,,,,,,,,,,,,,,,,,,,,,,,,,,,,,,
SOLUSDT,low,2024-12-30,2024-12-30 14:30:00,нет сигнала,,,,,,,,,,,,,,,,,,,,,,,,,,,,,,,
SOLUSDT,low,2025-01-07,2025-01-07 14:45:00,инвалидация,2025-01-08 00:00:00,,,,,,,,,,,,,,,,,,,,,,,,,,,,,,
SOLUSDT,low,2025-02-05,2025-02-05 15:00:00,инвалидация,2025-02-06 00:00:00,,,,,,,,,,,,,,,,,,,,,,,,,,,,,,
SOLUSDT,low,2025-02-06,2025-02-06 15:00:00,инвалидация,2025-02-07 00:00:00,,,,,,,,,,,,,,,,,,,,,,,,,,,,,,
SOLUSDT,low,2025-02-23,2025-02-23 15:30:00,инвалидация,2025-02-24 00:00:00,,,,,,,,,,,,,,,,,,,,,,,,,,,,,,
SOLUSDT,low,2025-03-27,2025-03-27 13:30:00,инвалидация,2025-03-29 00:00:00,,,,,,,,,,,,,,,,,,,,,,,,,,,,,,
SOLUSDT,low,2025-05-28,2025-05-28 14:30:00,инвалидация,2025-05-30 00:00:00,,,,,,,,,,,,,,,,,,,,,,,,,,,,,,
SOLUSDT,low,2025-06-19,2025-06-19 14:45:00,сделка,2025-06-21 00:00:00,2025-06-20 00:00:00,146.96,2.907478225367446,9.25,0.5223568742164646,0.6014234875444857,0.7910448110502867,2.235687421646454,0.07661234155173785,27.75,False,-1.5214756967820056,3.914194177462025,True,False,False,16.0,0.4189260981597659,True,False,1.0,-1.0343940666958433,False,2.0,-1.0343940666958433,False,0.5242427150155707,-1.0343940666958433,True,False
SOLUSDT,low,2025-06-20,2025-06-20 15:45:00,инвалидация,2025-06-21 00:00:00,,,,,,,,,,,,,,,,,,,,,,,,,,,,,,
SOLUSDT,low,2025-06-26,2025-06-26 13:45:00,инвалидация,2025-06-27 00:00:00,,,,,,,,,,,,,,,,,,,,,,,,,,,,,,
SOLUSDT,low,2025-08-15,2025-08-15 15:00:00,инвалидация,2025-08-16 00:00:00,,,,,,,,,,,,,,,,,,,,,,,,,,,,,,
SOLUSDT,low,2025-09-30,2025-09-30 15:15:00,сделка,,2025-10-01 08:00:00,210.06,2.901156812339341,16.75,0.14183703413871684,0.5479452054794516,0.9189110247991074,2.528611953438319,0.3570380514526018,8.5,True,0.5391345471742799,4.998532720336495,False,False,False,0.0,4.460000295364245,False,True,1.0,0.9655309910947677,True,2.0,1.9655309910947678,True,0.7581015954592651,0.7236325865540328,,
SOLUSDT,low,2025-10-04,2025-10-04 14:45:00,сделка,,2025-10-05 04:00:00,230.8,3.0433275563258233,13.25,1.3215859030837005,0.38461538461538597,0.5410022779043295,1.5947136563876672,0.08370044052863336,11.25,False,10.460370194589474,4.352422907488985,False,False,False,20.0,0.9880410022779039,True,False,1.0,-1.032858769931663,False,2.0,-1.032858769931663,True,0.8656036446469224,0.8327448747152595,True,False
SOLUSDT,low,2025-10-07,2025-10-07 13:30:00,инвалидация,2025-10-08 00:00:00,,,,,,,,,,,,,,,,,,,,,,,,,,,,,,
SOLUSDT,low,2025-10-10,2025-10-10 15:15:00,инвалидация,2025-10-11 00:00:00,,,,,,,,,,,,,,,,,,,,,,,,,,,,,,
SOLUSDT,low,2025-10-28,2025-10-28 14:45:00,инвалидация,2025-10-29 00:00:00,,,,,,,,,,,,,,,,,,,,,,,,,,,,,,
SOLUSDT,low,2025-11-02,2025-11-02 14:45:00,инвалидация,2025-11-04 00:00:00,,,,,,,,,,,,,,,,,,,,,,,,,,,,,,
SOLUSDT,low,2025-11-17,2025-11-17 16:15:00,инвалидация,2025-11-18 00:00:00,,,,,,,,,,,,,,,,,,,,,,,,,,,,,,
SOLUSDT,low,2025-12-15,2025-12-15 15:15:00,нет сигнала,,,,,,,,,,,,,,,,,,,,,,,,,,,,,,,
SOLUSDT,low,2025-12-17,2025-12-17 16:30:00,инвалидация,2025-12-18 00:00:00,,,,,,,,,,,,,,,,,,,,,,,,,,,,,,
SOLUSDT,low,2026-01-07,2026-01-07 15:15:00,нет сигнала,,,,,,,,,,,,,,,,,,,,,,,,,,,,,,,
SOLUSDT,low,2026-01-16,2026-01-16 15:30:00,нет сигнала,,,,,,,,,,,,,,,,,,,,,,,,,,,,,,,
SOLUSDT,low,2026-03-07,2026-03-07 15:30:00,инвалидация,2026-03-08 00:00:00,,,,,,,,,,,,,,,,,,,,,,,,,,,,,,
SOLUSDT,low,2026-03-29,2026-03-29 15:15:00,инвалидация,2026-03-30 00:00:00,,,,,,,,,,,,,,,,,,,,,,,,,,,,,,
SOLUSDT,low,2026-05-12,2026-05-12 15:15:00,инвалидация,2026-05-14 00:00:00,,,,,,,,,,,,,,,,,,,,,,,,,,,,,,
SOLUSDT,low,2026-05-15,2026-05-15 13:30:00,инвалидация,2026-05-16 00:00:00,,,,,,,,,,,,,,,,,,,,,,,,,,,,,,
SOLUSDT,low,2026-05-31,2026-05-31 14:15:00,сделка,2026-06-02 00:00:00,2026-06-01 04:00:00,82.59,1.6845622956774535,13.75,0.6235481110160228,0.597014925373137,0.5750100626760911,0.7824917471573548,0.5379630761706956,3.5,True,-2.729090695212337,1.638342095610697,False,False,False,20.0,0.10781438675176133,True,False,1.0,-1.059362601345523,False,2.0,-1.059362601345523,False,0.38813179230635714,-1.059362601345523,True,False
SOLUSDT,low,2026-06-09,2026-06-09 14:15:00,инвалидация,2026-06-11 00:00:00,,,,,,,,,,,,,,,,,,,,,,,,,,,,,,
SOLUSDT,low,2026-06-24,2026-06-24 15:30:00,сделка,2026-06-26 00:00:00,2026-06-25 08:00:00,69.4,6.9231412103746575,16.5,5.009548993682969,0.3375634517766519,0.27681459249978335,0.9842808873218771,1.0871162039077347,1.75,False,-0.057397044052219896,5.788159247833131,False,False,True,0.0,0.0020813127255603684,True,False,1.0,-1.0144443103154022,False,2.0,-1.0144443103154022,False,0.54322262137175,-1.0144443103154022,False,True
SOLUSDT,low,2026-06-25,2026-06-25 13:45:00,сделка,,2026-06-26 16:00:00,72.02,11.224659816717573,26.25,1.02072378595731,1.2711571675302231,0.91044037605146,10.176306835756261,1.7939993813795185,53.75,False,-2.324580284115375,8.954531394989186,False,False,False,8.0,0.7125185551707085,False,False,0.9999999999999991,-1.008908955962395,False,2.0,-1.008908955962395,,,,,
SOLUSDT,low,2026-07-31,2026-07-31 14:00:00,инвалидация,2026-08-01 00:00:00,,,,,,,,,,,,,,,,,,,,,,,,,,,,,,
SOLUSDT,low,2026-08-14,2026-08-14 14:15:00,нет сигнала,,,,,,,,,,,,,,,,,,,,,,,,,,,,,,,
SOLUSDT,low,2026-08-26,2026-08-26 15:00:00,сделка,,2026-08-27 00:00:00,102.05,7.177677609015191,9.0,0.4096208381472541,0.8496894409937881,0.9338113428043284,4.484823022791735,0.6827013969120951,27.0,False,10.190574004336423,8.454994223295884,True,False,False,16.0,1.1672641785054096,False,True,1.0,0.9860679170273127,False,2.0,-1.0139320829726874,True,0.16519177263059126,0.15125968965790387,,
SOLUSDT,low,2026-09-07,2026-09-07 15:45:00,нет сигнала,,,,,,,,,,,,,,,,,,,,,,,,,,,,,,,
SOLUSDT,low,2026-09-15,2026-09-15 14:30:00,инвалидация,2026-09-16 00:00:00,,,,,,,,,,,,,,,,,,,,,,,,,,,,,,
SOLUSDT,low,2026-09-23,2026-09-23 14:00:00,инвалидация,2026-09-24 00:00:00,,,,,,,,,,,,,,,,,,,,,,,,,,,,,,
SOLUSDT,low,2026-10-05,2026-10-05 14:30:00,сделка,,2026-10-06 00:00:00,120.72,1.6805914512922409,9.5,0.6106742512966403,0.43223443223443114,0.5816217388518377,0.7110590597289562,0.06692320562154784,0.25,True,2.0572676127298704,2.28375439183536,True,False,False,16.0,0.621053721146884,True,False,1.0,-1.0595028612832156,False,2.0,-1.0595028612832156,False,0.7639946569664003,-1.0595028612832156,,
SOLUSDT,high,2020-10-08,2020-10-08 15:00:00,инвалидация,2020-10-10 00:00:00,,,,,,,,,,,,,,,,,,,,,,,,,,,,,,
SOLUSDT,high,2020-10-21,2020-10-21 15:00:00,нет сигнала,,,,,,,,,,,,,,,,,,,,,,,,,,,,,,,
SOLUSDT,high,2020-11-13,2020-11-13 14:45:00,сделка,,2020-11-14 08:00:00,1.9606,6.3032796082831855,17.25,0.9845765835677663,0.43008924776880586,0.8188888196591565,4.3457173343680235,0.8293723930546181,3.0,True,5.91628457328798,11.412358133669603,False,False,False,23.0,0.6934661249485143,True,False,1.0,-1.015864757112883,False,2.0,-1.015864757112883,False,1.0851086039159372,-1.015864757112883,True,False
SOLUSDT,high,2020-12-02,2020-12-02 15:00:00,нет сигнала,,,,,,,,,,,,,,,,,,,,,,,,,,,,,,,
SOLUSDT,high,2020-12-28,2020-12-28 16:00:00,инвалидация,2020-12-29 00:00:00,,,,,,,,,,,,,,,,,,,,,,,,,,,,,,
SOLUSDT,high,2021-01-12,2021-01-12 16:15:00,инвалидация,2021-01-13 00:00:00,,,,,,,,,,,,,,,,,,,,,,,,,,,,,,
SOLUSDT,high,2021-02-03,2021-02-03 15:15:00,инвалидация,2021-02-04 00:00:00,,,,,,,,,,,,,,,,,,,,,,,,,,,,,,
SOLUSDT,high,2021-04-15,2021-04-15 14:30:00,инвалидация,2021-04-16 00:00:00,,,,,,,,,,,,,,,,,,,,,,,,,,,,,,
SOLUSDT,high,2021-05-07,2021-05-07 15:45:00,инвалидация,2021-05-09 00:00:00,,,,,,,,,,,,,,,,,,,,,,,,,,,,,,
SOLUSDT,high,2021-06-06,2021-06-06 15:45:00,сделка,,2021-06-08 00:00:00,38.247,15.661863675582394,32.25,3.2884588416771754,0.7838024520808148,0.7577385236168522,8.477071939419442,5.1909503108493515,52.0,False,-21.096827384042253,13.534801103164595,False,False,False,16.0,0.7841149692505741,False,False,1.0,-1.0063849361781831,False,2.0,-1.0063849361781831,True,0.20900829071784546,0.2026233545396622,,
SOLUSDT,high,2021-06-14,2021-06-14 15:45:00,инвалидация,2021-06-15 00:00:00,,,,,,,,,,,,,,,,,,,,,,,,,,,,,,
SOLUSDT,high,2021-07-14,2021-07-14 14:15:00,инвалидация,2021-07-15 00:00:00,,,,,,,,,,,,,,,,,,,,,,,,,,,,,,
SOLUSDT,high,2021-07-29,2021-07-29 14:45:00,инвалидация,2021-07-30 00:00:00,,,,,,,,,,,,,,,,,,,,,,,,,,,,,,
SOLUSDT,high,2021-08-06,2021-08-06 14:30:00,инвалидация,2021-08-07 00:00:00,,,,,,,,,,,,,,,,,,,,,,,,,,,,,,
SOLUSDT,high,2021-08-09,2021-08-09 13:30:00,инвалидация,2021-08-11 00:00:00,,,,,,,,,,,,,,,,,,,,,,,,,,,,,,
SOLUSDT,high,2021-09-02,2021-09-02 15:30:00,инвалидация,2021-09-03 00:00:00,,,,,,,,,,,,,,,,,,,,,,,,,,,,,,
SOLUSDT,high,2021-10-02,2021-10-02 13:30:00,инвалидация,2021-10-03 00:00:00,,,,,,,,,,,,,,,,,,,,,,,,,,,,,,
SOLUSDT,high,2021-10-14,2021-10-14 14:15:00,инвалидация,2021-10-16 00:00:00,,,,,,,,,,,,,,,,,,,,,,,,,,,,,,
SOLUSDT,high,2021-10-31,2021-10-31 15:15:00,инвалидация,2021-11-01 00:00:00,,,,,,,,,,,,,,,,,,,,,,,,,,,,,,
SOLUSDT,high,2021-12-24,2021-12-24 15:30:00,сделка,,2021-12-25 00:00:00,190.36,3.901864887581415,8.5,2.108418169603645,0.17568321249302737,0.4240944909452441,1.074879851170474,0.14469536458064242,0.25,False,-4.067221370702872,9.265671024753232,True,False,False,15.0,0.15617447920523722,True,False,1.0,-1.0256287705702658,False,2.0,-1.0256287705702658,False,1.9898782781494455,-1.0256287705702658,False,True
SOLUSDT,high,2022-01-20,2022-01-20 15:00:00,сделка,,2022-01-21 00:00:00,127.45,12.925680659081987,9.0,0.785083415112859,1.5271084337349379,0.9232853662001073,3.1473433338006513,1.051451002383289,0.0,True,7.472798193389439,6.981634655825045,True,False,False,15.0,2.837842923724854,False,True,1.0,0.992263463515963,True,2.0,1.9922634635159628,,,,,
SOLUSDT,high,2022-01-31,2022-01-31 16:45:00,инвалидация,2022-02-01 00:00:00,,,,,,,,,,,,,,,,,,,,,,,,,,,,,,
SOLUSDT,high,2022-03-23,2022-03-23 14:30:00,инвалидация,2022-03-24 00:00:00,,,,,,,,,,,,,,,,,,,,,,,,,,,,,,
SOLUSDT,high,2022-04-16,2022-04-16 14:30:00,сделка,,2022-04-18 00:00:00,100.08,5.47107314148682,33.5,2.488094081057442,0.828908554572272,0.5131998283246121,0.40820293517348794,0.1749441150743579,0.5,False,8.74459654178675,3.294780833900282,False,False,False,16.0,1.000830981928425,True,True,1.0,0.9817220502424459,False,2.0,-1.018277949757554,True,0.10592736670045336,0.08764941694289921,False,True
SOLUSDT,high,2022-05-13,2022-05-13 13:45:00,нет сигнала,,,,,,,,,,,,,,,,,,,,,,,,,,,,,,,
SOLUSDT,high,2022-07-07,2022-07-07 13:45:00,инвалидация,2022-07-08 00:00:00,,,,,,,,,,,,,,,,,,,,,,,,,,,,,,
SOLUSDT,high,2022-07-30,2022-07-30 13:30:00,сделка,,2022-08-01 00:00:00,42.32,10.318147448015115,34.5,4.997748761818998,0.6306306306306314,0.4809189674440767,3.0391715443493954,3.917154434939221,1.75,True,-2.4199462234172624,7.496623142728496,False,False,True,16.0,1.1290145283329982,False,True,1.0,0.9903083377608413,False,2.0,-1.0096916622391587,True,0.28168110950295827,0.27198944726379953,,
SOLUSDT,high,2022-08-29,2022-08-29 14:15:00,инвалидация,2022-08-30 00:00:00,,,,,,,,,,,,,,,,,,,,,,,,,,,,,,
SOLUSDT,high,2022-09-17,2022-09-17 15:30:00,инвалидация,2022-09-18 00:00:00,,,,,,,,,,,,,,,,,,,,,,,,,,,,,,
SOLUSDT,high,2022-10-03,2022-10-03 15:00:00,инвалидация,2022-10-05 00:00:00,,,,,,,,,,,,,,,,,,,,,,,,,,,,,,
SOLUSDT,high,2022-10-25,2022-10-25 15:45:00,инвалидация,2022-10-26 00:00:00,,,,,,,,,,,,,,,,,,,,,,,,,,,,,,
SOLUSDT,high,2022-12-11,2022-12-11 15:15:00,нет сигнала,,,,,,,,,,,,,,,,,,,,,,,,,,,,,,,
SOLUSDT,high,2023-01-20,2023-01-20 16:45:00,инвалидация,2023-01-21 00:00:00,,,,,,,,,,,,,,,,,,,,,,,,,,,,,,
SOLUSDT,high,2023-03-13,2023-03-13 15:00:00,инвалидация,2023-03-15 00:00:00,,,,,,,,,,,,,,,,,,,,,,,,,,,,,,
SOLUSDT,high,2023-03-26,2023-03-26 13:30:00,сделка,,2023-03-27 08:00:00,20.435,3.489733300709567,18.5,0.7679099494419431,0.5952914798206308,0.7446079029401528,2.494514928932556,0.8394543546694571,9.75,True,7.807061163600201,4.25450729752933,False,False,False,0.0,1.5957886884103365,True,True,1.0,0.9713445150723504,False,2.0,-1.0286554849276497,True,0.506221192017687,0.4775657070900374,False,True
SOLUSDT,high,2023-04-30,2023-04-30 15:30:00,сделка,,2023-04-30 20:00:00,23.175,3.663430420711975,4.5,0.41420861051838914,0.6778711484593819,0.8551236749116595,2.941299527216432,0.8828082507008013,7.5,True,-8.431198240771064,4.480984059244389,True,False,False,12.0,2.3027090694935235,False,True,1.0,0.9727031802120142,True,2.0,1.972703180212014,True,0.4063604240282713,0.37906360424028546,,
SOLUSDT,high,2023-05-05,2023-05-05 14:45:00,инвалидация,2023-05-06 00:00:00,,,,,,,,,,,,,,,,,,,,,,,,,,,,,,
SOLUSDT,high,2023-05-12,2023-05-12 14:00:00,сделка,,2023-05-13 16:00:00,20.858,2.173218908811962,26.0,1.7589140617531716,0.050314465408805,0.14118996668799264,-0.07647452442404282,0.18640665328363196,6.0,True,7.965126894285196,6.079724691712083,False,False,True,8.0,0.5934390787354727,True,False,1.0,-1.0460146925809086,False,2.0,-1.0460146925809086,False,2.664960621235863,-1.0460146925809086,False,False
SOLUSDT,high,2023-06-16,2023-06-16 15:00:00,инвалидация,2023-06-17 00:00:00,,,,,,,,,,,,,,,,,,,,,,,,,,,,,,
SOLUSDT,high,2023-07-04,2023-07-04 15:00:00,сделка,,2023-07-05 12:00:00,18.695,6.819737897833648,21.0,1.485400345915139,1.1918316831683182,0.7553237381858117,3.7847186895920224,0.42221996133888695,55.75,True,-20.567420304377784,4.110285888696712,False,False,False,4.0,0.2078512882858155,True,False,1.0,-1.014663320130201,False,2.0,-1.014663320130201,,,,True,True
SOLUSDT,high,2023-07-13,2023-07-13 15:30:00,инвалидация,2023-07-14 00:00:00,,,,,,,,,,,,,,,,,,,,,,,,,,,,,,
SOLUSDT,high,2023-08-04,2023-08-04 13:30:00,сделка,,2023-08-05 04:00:00,22.717,3.7705242769732012,14.5,0.7012742666552702,0.6798780487804895,0.7810402194851425,2.6083981869494544,0.1881467544684875,5.75,True,10.03616995906037,4.207645599931576,False,False,False,20.0,0.6386083707897913,True,False,1.0,-1.0265215107115755,False,2.0,-1.0265215107115755,True,0.3677543634347054,0.34123285272313,True,True
SOLUSDT,high,2023-08-08,2023-08-08 15:15:00,инвалидация,2023-08-09 00:00:00,,,,,,,,,,,,,,,,,,,,,,,,,,,,,,
SOLUSDT,high,2023-08-29,2023-08-29 14:15:00,инвалидация,2023-08-30 00:00:00,,,,,,,,,,,,,,,,,,,,,,,,,,,,,,
SOLUSDT,high,2023-09-05,2023-09-05 14:00:00,инвалидация,2023-09-06 00:00:00,,,,,,,,,,,,,,,,,,,,,,,,,,,,,,
SOLUSDT,high,2023-09-28,2023-09-28 14:45:00,инвалидация,2023-09-29 00:00:00,,,,,,,,,,,,,,,,,,,,,,,,,,,,,,
SOLUSDT,high,2023-10-19,2023-10-19 14:45:00,инвалидация,2023-10-20 00:00:00,,,,,,,,,,,,,,,,,,,,,,,,,,,,,,
SOLUSDT,high,2023-10-29,2023-10-29 13:30:00,инвалидация,2023-10-30 00:00:00,,,,,,,,,,,,,,,,,,,,,,,,,,,,,,
SOLUSDT,high,2023-12-25,2023-12-25 14:45:00,инвалидация,2023-12-26 00:00:00,,,,,,,,,,,,,,,,,,,,,,,,,,,,,,
SOLUSDT,high,2024-01-29,2024-01-29 15:45:00,инвалидация,2024-01-30 00:00:00,,,,,,,,,,,,,,,,,,,,,,,,,,,,,,
SOLUSDT,high,2024-03-05,2024-03-05 14:30:00,нет сигнала,,,,,,,,,,,,,,,,,,,,,,,,,,,,,,,
SOLUSDT,high,2024-03-13,2024-03-13 14:45:00,инвалидация,2024-03-14 00:00:00,,,,,,,,,,,,,,,,,,,,,,,,,,,,,,
SOLUSDT,high,2024-05-13,2024-05-13 15:45:00,сделка,,2024-05-14 16:00:00,142.865,5.645735484548342,24.25,2.0473080437210287,0.8799712074860531,0.6062649861513695,2.5041453757909977,0.4703732530201977,4.5,True,3.139631513873963,3.7609556360190775,False,False,False,8.0,0.21882570563541492,True,False,1.0,-1.017712484099492,False,2.0,-1.017712484099492,True,0.08269504003332628,0.06498255593383433,True,False
SOLUSDT,high,2024-05-27,2024-05-27 13:30:00,инвалидация,2024-05-28 00:00:00,,,,,,,,,,,,,,,,,,,,,,,,,,,,,,
SOLUSDT,high,2024-06-03,2024-06-03 13:45:00,инвалидация,2024-06-05 00:00:00,,,,,,,,,,,,,,,,,,,,,,,,,,,,,,
SOLUSDT,high,2024-06-04,2024-06-04 14:30:00,инвалидация,2024-06-05 00:00:00,,,,,,,,,,,,,,,,,,,,,,,,,,,,,,
SOLUSDT,high,2024-06-10,2024-06-10 15:45:00,нет сигнала,,,,,,,,,,,,,,,,,,,,,,,,,,,,,,,
SOLUSDT,high,2024-06-30,2024-06-30 15:00:00,инвалидация,2024-07-01 00:00:00,,,,,,,,,,,,,,,,,,,,,,,,,,,,,,
SOLUSDT,high,2024-07-24,2024-07-24 14:45:00,сделка,,2024-07-25 04:00:00,170.48,7.157731112153927,13.25,1.10803324099723,0.9871921182266015,0.8211432083589427,3.2847645429362893,0.8238227146814375,5.75,True,-8.649918942354832,5.623268698060945,False,False,False,20.0,0.42417537389878973,True,False,1.0,-1.0139709076009014,False,2.0,-1.0139709076009014,True,0.010653554599466937,-0.0033173530014345004,False,False
SOLUSDT,high,2024-09-05,2024-09-05 14:00:00,нет сигнала,,,,,,,,,,,,,,,,,,,,,,,,,,,,,,,
SOLUSDT,high,2024-09-26,2024-09-26 14:15:00,инвалидация,2024-09-27 00:00:00,,,,,,,,,,,,,,,,,,,,,,,,,,,,,,
SOLUSDT,high,2024-10-06,2024-10-06 14:15:00,инвалидация,2024-10-07 00:00:00,,,,,,,,,,,,,,,,,,,,,,,,,,,,,,
SOLUSDT,high,2024-10-15,2024-10-15 14:00:00,нет сигнала,,,,,,,,,,,,,,,,,,,,,,,,,,,,,,,
SOLUSDT,high,2024-10-19,2024-10-19 14:45:00,инвалидация,2024-10-20 00:00:00,,,,,,,,,,,,,,,,,,,,,,,,,,,,,,
SOLUSDT,high,2024-11-27,2024-11-27 14:45:00,инвалидация,2024-11-28 00:00:00,,,,,,,,,,,,,,,,,,,,,,,,,,,,,,
SOLUSDT,high,2025-01-06,2025-01-06 14:45:00,сделка,,2025-01-07 08:00:00,215.97,3.42322544797888,17.25,1.8997168691204662,0.3904020752269778,0.40713418114630534,1.2786555849849224,0.497762352726278,0.0,True,-12.725927491808484,3.5208694857977805,False,False,False,23.0,4.615089123160127,False,True,1.0,0.9707877843514393,True,2.0,1.9707877843514392,True,0.6357244688995469,0.6065122532509862,,
SOLUSDT,high,2025-03-02,2025-03-02 15:15:00,инвалидация,2025-03-03 00:00:00,,,,,,,,,,,,,,,,,,,,,,,,,,,,,,
SOLUSDT,high,2025-03-14,2025-03-14 13:45:00,инвалидация,2025-03-15 00:00:00,,,,,,,,,,,,,,,,,,,,,,,,,,,,,,
SOLUSDT,high,2025-04-02,2025-04-02 15:30:00,нет сигнала,,,,,,,,,,,,,,,,,,,,,,,,,,,,,,,
SOLUSDT,high,2025-04-04,2025-04-04 15:15:00,инвалидация,2025-04-05 00:00:00,,,,,,,,,,,,,,,,,,,,,,,,,,,,,,
SOLUSDT,high,2025-04-22,2025-04-22 13:45:00,инвалидация,2025-04-23 00:00:00,,,,,,,,,,,,,,,,,,,,,,,,,,,,,,
SOLUSDT,high,2025-05-12,2025-05-12 13:45:00,сделка,2025-05-14 00:00:00,2025-05-13 04:00:00,166.92,8.80747663551403,14.25,0.6378612235842286,1.1980286738351262,0.9094347220408332,7.365910477563927,0.21631815408509336,74.25,True,-17.89824967649663,6.190027178434743,False,False,False,20.0,0.05441643811762534,True,False,1.0,-1.0113539898132429,False,2.0,-1.0113539898132429,,,,False,True
SOLUSDT,high,2025-05-21,2025-05-21 15:00:00,инвалидация,2025-05-22 00:00:00,,,,,,,,,,,,,,,,,,,,,,,,,,,,,,
SOLUSDT,high,2025-06-15,2025-06-15 14:00:00,инвалидация,2025-06-16 00:00:00,,,,,,,,,,,,,,,,,,,,,,,,,,,,,,
SOLUSDT,high,2025-06-30,2025-06-30 15:15:00,сделка,,2025-07-01 08:00:00,149.98,6.787571676223501,16.75,3.3792078568197903,0.8756855575868412,0.4705304518664064,2.9075402209730568,0.22614201718678964,27.75,False,-5.060687101419457,3.5342766686050258,False,False,False,0.0,0.5216110019646364,False,False,1.0,-1.0147328094302555,False,2.0,-1.0147328094302555,True,0.06679764243614715,0.05206483300589176,,
SOLUSDT,high,2025-07-13,2025-07-13 14:15:00,сделка,,2025-07-15 00:00:00,162.13,4.8108061432184,33.75,3.5943125648379732,0.2801932367149769,0.2230837871934535,0.5187038506132876,1.3791420028070978,3.75,True,-7.9357613224029055,3.7895893085982837,False,False,True,16.0,0.6436095469604176,True,False,1.0,-1.020786537021652,False,2.0,-1.020786537021652,True,0.573094556755593,0.552308019733941,True,False
SOLUSDT,high,2025-08-22,2025-08-22 14:00:00,инвалидация,2025-08-23 00:00:00,,,,,,,,,,,,,,,,,,,,,,,,,,,,,,
SOLUSDT,high,2025-09-02,2025-09-02 14:00:00,инвалидация,2025-09-03 00:00:00,,,,,,,,,,,,,,,,,,,,,,,,,,,,,,
SOLUSDT,high,2025-09-07,2025-09-07 15:30:00,инвалидация,2025-09-08 00:00:00,,,,,,,,,,,,,,,,,,,,,,,,,,,,,,
SOLUSDT,high,2025-09-29,2025-09-29 14:15:00,инвалидация,2025-09-30 00:00:00,,,,,,,,,,,,,,,,,,,,,,,,,,,,,,
SOLUSDT,high,2025-10-12,2025-10-12 15:15:00,инвалидация,2025-10-13 00:00:00,,,,,,,,,,,,,,,,,,,,,,,,,,,,,,
SOLUSDT,high,2025-10-21,2025-10-21 15:15:00,сделка,,2025-10-22 00:00:00,185.54,6.655001616902016,8.75,1.6714667763834603,0.8271375464684028,0.7207825917236346,4.006377288623736,2.7566344373585605,0.25,False,2.116347493934855,5.533840773503389,True,False,False,16.0,0.7037753620312786,True,False,1.0,-1.0150262923672364,False,2.0,-1.0150262923672364,True,0.15063546298943245,0.13560917062219616,False,False
SOLUSDT,high,2025-12-02,2025-12-02 15:00:00,инвалидация,2025-12-03 00:00:00,,,,,,,,,,,,,,,,,,,,,,,,,,,,,,
SOLUSDT,high,2025-12-09,2025-12-09 16:00:00,сделка,,2025-12-11 04:00:00,129.28,12.194384282178227,36.0,4.020100502512559,1.2699619771863107,0.6355891886405878,4.256999282124915,3.618090452261301,1.25,False,7.903471165813862,5.664034458004317,False,False,False,19.0,0.3647343148386603,False,False,1.0,-1.0082004960386681,False,2.0,-1.0082004960386681,,,,,
SOLUSDT,high,2025-12-17,2025-12-17 14:45:00,нет сигнала,,,,,,,,,,,,,,,,,,,,,,,,,,,,,,,
SOLUSDT,high,2025-12-25,2025-12-25 16:15:00,сделка,,2025-12-26 00:00:00,119.95,3.8302792830345975,7.75,0.1368209255533213,1.1497326203208564,0.9359179178220531,1.3038229376257582,0.072434607645878,0.25,True,2.9551576612264334,3.010060362173034,True,False,False,15.0,0.1741242637808466,True,False,1.0,-1.0261077568006407,False,2.0,-1.0261077568006407,,,,True,True
SOLUSDT,high,2026-01-13,2026-01-13 16:30:00,инвалидация,2026-01-14 00:00:00,,,,,,,,,,,,,,,,,,,,,,,,,,,,,,
SOLUSDT,high,2026-01-27,2026-01-27 16:00:00,инвалидация,2026-01-28 00:00:00,,,,,,,,,,,,,,,,,,,,,,,,,,,,,,
SOLUSDT,high,2026-02-13,2026-02-13 15:00:00,инвалидация,2026-02-14 00:00:00,,,,,,,,,,,,,,,,,,,,,,,,,,,,,,
SOLUSDT,high,2026-03-02,2026-03-02 15:30:00,сделка,,2026-03-03 12:00:00,84.15,7.439477124182997,20.5,1.620162016201618,0.6533149171270709,0.7555524318245704,5.17551755175517,2.3402340234023384,0.75,True,-5.8801165885185664,8.14581458145814,False,False,False,3.0,0.2795384261507402,True,False,1.0,-1.0134418048917628,False,2.0,-1.0134418048917628,False,0.40093797122191965,-1.0134418048917628,False,False
SOLUSDT,high,2026-04-04,2026-04-04 15:00:00,инвалидация,2026-04-06 00:00:00,,,,,,,,,,,,,,,,,,,,,,,,,,,,,,
SOLUSDT,high,2026-04-14,2026-04-14 13:30:00,сделка,,2026-04-14 20:00:00,83.91,4.549684185436774,6.5,0.967741935483875,0.530275229357798,0.7570121855387105,2.96082949308755,1.6359447004608316,14.5,False,-4.823073194377125,6.278801843317976,True,False,False,12.0,0.34314393185318764,True,False,1.0,-1.0219795475738938,False,2.0,-1.0219795475738938,False,0.6705713477436333,-1.0219795475738938,False,False
SOLUSDT,high,2026-04-17,2026-04-17 14:30:00,сделка,,2026-04-18 12:00:00,86.49,4.984055960226617,21.5,0.14351954073746462,0.5944767441860473,0.9487996176963895,3.830867741223227,1.7332744535217568,18.5,False,-4.8768995170220295,7.595495694413773,False,False,False,4.0,0.8629668894451259,False,False,1.0,-1.0200639801795992,False,2.0,-1.0200639801795992,True,0.6472251670838428,0.6271611869042436,,
SOLUSDT,high,2026-05-20,2026-05-20 14:45:00,инвалидация,2026-05-21 00:00:00,,,,,,,,,,,,,,,,,,,,,,,,,,,,,,
SOLUSDT,high,2026-05-29,2026-05-29 15:30:00,нет сигнала,,,,,,,,,,,,,,,,,,,,,,,,,,,,,,,
SOLUSDT,high,2026-07-27,2026-07-27 13:30:00,сделка,,2026-07-28 00:00:00,74.16,4.581283710895364,10.5,0.5189413596263696,1.1060606060606064,0.8594605413424068,3.25635703165543,0.15568240788791457,33.5,False,1.7413572343149801,3.425012973533992,True,False,False,16.0,1.0743256766780054,False,True,1.0,0.9781720569363175,False,2.0,-1.0218279430636825,,,,,
SOLUSDT,high,2026-07-30,2026-07-30 13:45:00,сделка,,2026-07-31 08:00:00,73.64,2.3292775665399335,18.25,1.0469798657718137,0.38392857142857206,0.5013758686628398,0.8859060402684518,0.26845637583892995,13.0,True,0.3787366427701895,3.006711409395966,False,False,False,0.0,1.8247749638542876,False,True,1.0,0.9570682337577541,False,2.0,-1.042931766242246,True,0.80453337064502,0.761601604402774,,
SOLUSDT,high,2026-09-11,2026-09-11 13:45:00,инвалидация,2026-09-12 00:00:00,,,,,,,,,,,,,,,,,,,,,,,,,,,,,,
XRPUSDT,low,2020-01-08,2020-01-08 16:30:00,инвалидация,2020-01-10 00:00:00,,,,,,,,,,,,,,,,,,,,,,,,,,,,,,
XRPUSDT,low,2020-02-15,2020-02-15 16:30:00,инвалидация,2020-02-16 00:00:00,,,,,,,,,,,,,,,,,,,,,,,,,,,,,,
XRPUSDT,low,2020-02-16,2020-02-16 16:15:00,инвалидация,2020-02-18 00:00:00,,,,,,,,,,,,,,,,,,,,,,,,,,,,,,
XRPUSDT,low,2020-03-09,2020-03-09 15:30:00,нет сигнала,,,,,,,,,,,,,,,,,,,,,,,,,,,,,,,
XRPUSDT,low,2020-03-22,2020-03-22 15:30:00,инвалидация,2020-03-23 00:00:00,,,,,,,,,,,,,,,,,,,,,,,,,,,,,,
XRPUSDT,low,2020-04-19,2020-04-19 14:00:00,инвалидация,2020-04-21 00:00:00,,,,,,,,,,,,,,,,,,,,,,,,,,,,,,
XRPUSDT,low,2020-04-26,2020-04-26 15:00:00,нет сигнала,,,,,,,,,,,,,,,,,,,,,,,,,,,,,,,
XRPUSDT,low,2020-05-20,2020-05-20 15:45:00,инвалидация,2020-05-22 00:00:00,,,,,,,,,,,,,,,,,,,,,,,,,,,,,,
XRPUSDT,low,2020-05-21,2020-05-21 14:15:00,инвалидация,2020-05-22 00:00:00,,,,,,,,,,,,,,,,,,,,,,,,,,,,,,
XRPUSDT,low,2020-05-24,2020-05-24 13:45:00,инвалидация,2020-05-25 00:00:00,,,,,,,,,,,,,,,,,,,,,,,,,,,,,,
XRPUSDT,low,2020-06-02,2020-06-02 14:45:00,нет сигнала,,,,,,,,,,,,,,,,,,,,,,,,,,,,,,,
XRPUSDT,low,2020-06-07,2020-06-07 13:45:00,нет сигнала,,,,,,,,,,,,,,,,,,,,,,,,,,,,,,,
XRPUSDT,low,2020-06-17,2020-06-17 15:45:00,инвалидация,2020-06-19 00:00:00,,,,,,,,,,,,,,,,,,,,,,,,,,,,,,
XRPUSDT,low,2020-07-02,2020-07-02 15:00:00,нет сигнала,,,,,,,,,,,,,,,,,,,,,,,,,,,,,,,
XRPUSDT,low,2020-07-12,2020-07-12 13:30:00,сделка,,2020-07-13 12:00:00,0.2031,2.8053175775480046,22.5,0.05058168942842134,0.750000000000001,0.9477674810446537,2.124430955993935,0.40465351542741285,25.5,True,6.677265500794912,3.6418816388467437,False,False,False,4.0,0.6493962370120772,True,False,1.0,-1.0356465880370682,False,2.0,-1.0356465880370682,True,0.31592249368154957,0.2802759056444813,True,False
XRPUSDT,low,2020-07-27,2020-07-27 15:00:00,нет сигнала,,,,,,,,,,,,,,,,,,,,,,,,,,,,,,,
XRPUSDT,low,2020-08-07,2020-08-07 14:15:00,инвалидация,2020-08-08 00:00:00,,,,,,,,,,,,,,,,,,,,,,,,,,,,,,
XRPUSDT,low,2020-08-18,2020-08-18 13:45:00,инвалидация,2020-08-20 00:00:00,,,,,,,,,,,,,,,,,,,,,,,,,,,,,,
XRPUSDT,low,2020-10-06,2020-10-06 15:00:00,инвалидация,2020-10-07 00:00:00,,,,,,,,,,,,,,,,,,,,,,,,,,,,,,
XRPUSDT,low,2020-10-26,2020-10-26 15:15:00,инвалидация,2020-10-27 00:00:00,,,,,,,,,,,,,,,,,,,,,,,,,,,,,,
XRPUSDT,low,2020-11-09,2020-11-09 15:00:00,сделка,,2020-11-10 08:00:00,0.2607,5.9246260069044885,17.0,0.6475111290975275,1.359999999999999,0.8805153604609757,5.34196681505463,1.1736139214892587,47.0,True,6.015037593984973,4.046944556859574,False,False,False,23.0,1.1071185782266681,False,True,1.0,0.9831212974652812,False,2.0,-1.0168787025347188,,,,,
XRPUSDT,low,2020-11-12,2020-11-12 16:30:00,нет сигнала,,,,,,,,,,,,,,,,,,,,,,,,,,,,,,,
XRPUSDT,low,2021-01-02,2021-01-02 16:30:00,нет сигнала,,,,,,,,,,,,,,,,,,,,,,,,,,,,,,,
XRPUSDT,low,2021-01-15,2021-01-15 14:30:00,инвалидация,2021-01-16 00:00:00,,,,,,,,,,,,,,,,,,,,,,,,,,,,,,
XRPUSDT,low,2021-02-01,2021-02-01 16:45:00,инвалидация,2021-02-02 00:00:00,,,,,,,,,,,,,,,,,,,,,,,,,,,,,,
XRPUSDT,low,2021-05-03,2021-05-03 13:45:00,инвалидация,2021-05-05 00:00:00,,,,,,,,,,,,,,,,,,,,,,,,,,,,,,
XRPUSDT,low,2021-06-15,2021-06-15 14:30:00,инвалидация,2021-06-17 00:00:00,,,,,,,,,,,,,,,,,,,,,,,,,,,,,,
XRPUSDT,low,2021-06-18,2021-06-18 13:30:00,инвалидация,2021-06-19 00:00:00,,,,,,,,,,,,,,,,,,,,,,,,,,,,,,
XRPUSDT,low,2021-08-16,2021-08-16 14:30:00,инвалидация,2021-08-17 00:00:00,,,,,,,,,,,,,,,,,,,,,,,,,,,,,,
XRPUSDT,low,2021-08-22,2021-08-22 14:45:00,нет сигнала,,,,,,,,,,,,,,,,,,,,,,,,,,,,,,,
XRPUSDT,low,2021-08-24,2021-08-24 13:30:00,инвалидация,2021-08-25 00:00:00,,,,,,,,,,,,,,,,,,,,,,,,,,,,,,
XRPUSDT,low,2021-10-21,2021-10-21 15:15:00,нет сигнала,,,,,,,,,,,,,,,,,,,,,,,,,,,,,,,
XRPUSDT,low,2021-10-22,2021-10-22 14:00:00,нет сигнала,,,,,,,,,,,,,,,,,,,,,,,,,,,,,,,
XRPUSDT,low,2021-11-18,2021-11-18 15:15:00,инвалидация,2021-11-19 00:00:00,,,,,,,,,,,,,,,,,,,,,,,,,,,,,,
XRPUSDT,low,2021-12-03,2021-12-03 16:00:00,инвалидация,2021-12-04 00:00:00,,,,,,,,,,,,,,,,,,,,,,,,,,,,,,
XRPUSDT,low,2021-12-24,2021-12-24 14:45:00,инвалидация,2021-12-25 00:00:00,,,,,,,,,,,,,,,,,,,,,,,,,,,,,,
XRPUSDT,low,2022-02-02,2022-02-02 15:15:00,инвалидация,2022-02-03 00:00:00,,,,,,,,,,,,,,,,,,,,,,,,,,,,,,
XRPUSDT,low,2022-03-03,2022-03-03 15:30:00,инвалидация,2022-03-04 00:00:00,,,,,,,,,,,,,,,,,,,,,,,,,,,,,,
XRPUSDT,low,2022-03-31,2022-03-31 14:00:00,инвалидация,2022-04-01 00:00:00,,,,,,,,,,,,,,,,,,,,,,,,,,,,,,
XRPUSDT,low,2022-04-20,2022-04-20 13:30:00,инвалидация,2022-04-21 00:00:00,,,,,,,,,,,,,,,,,,,,,,,,,,,,,,
XRPUSDT,low,2022-04-22,2022-04-22 14:15:00,инвалидация,2022-04-24 00:00:00,,,,,,,,,,,,,,,,,,,,,,,,,,,,,,
XRPUSDT,low,2022-04-24,2022-04-24 13:30:00,инвалидация,2022-04-25 00:00:00,,,,,,,,,,,,,,,,,,,,,,,,,,,,,,
XRPUSDT,low,2022-04-28,2022-04-28 14:00:00,инвалидация,2022-04-30 00:00:00,,,,,,,,,,,,,,,,,,,,,,,,,,,,,,
XRPUSDT,low,2022-05-05,2022-05-05 15:00:00,инвалидация,2022-05-06 00:00:00,,,,,,,,,,,,,,,,,,,,,,,,,,,,,,
XRPUSDT,low,2022-05-24,2022-05-24 13:45:00,нет сигнала,,,,,,,,,,,,,,,,,,,,,,,,,,,,,,,
XRPUSDT,low,2022-06-27,2022-06-27 13:30:00,инвалидация,2022-06-28 00:00:00,,,,,,,,,,,,,,,,,,,,,,,,,,,,,,
XRPUSDT,low,2022-08-26,2022-08-26 15:00:00,инвалидация,2022-08-27 00:00:00,,,,,,,,,,,,,,,,,,,,,,,,,,,,,,
XRPUSDT,low,2022-09-15,2022-09-15 14:15:00,инвалидация,2022-09-16 00:00:00,,,,,,,,,,,,,,,,,,,,,,,,,,,,,,
XRPUSDT,low,2022-10-24,2022-10-24 14:15:00,сделка,,2022-10-25 20:00:00,0.4657,4.926605110586213,29.75,1.8600531443755577,0.677884615384616,0.6145611771679628,1.660761736049603,0.11071744906997352,22.75,True,0.6658075601374552,4.605845881310891,False,False,False,12.0,0.7801875937096819,False,False,1.0,-1.0202979532061787,False,2.0,-1.0202979532061787,True,0.2920255239025064,0.2717275706963277,,
XRPUSDT,low,2022-11-16,2022-11-16 15:45:00,сделка,,2022-11-17 00:00:00,0.3749,3.724006401707124,8.25,1.3380666302566946,0.2753164556962024,0.6231511392205582,2.1845985800109093,0.027307482250133526,0.0,True,-1.42095914742451,8.629164391043135,True,False,False,15.0,1.5614591764377221,True,True,1.0,0.9731471997593347,False,2.0,-1.0268528002406652,False,1.6402484009368725,-1.0268528002406652,True,False
XRPUSDT,low,2023-01-18,2023-01-18 15:45:00,нет сигнала,,,,,,,,,,,,,,,,,,,,,,,,,,,,,,,
XRPUSDT,low,2023-05-06,2023-05-06 14:00:00,инвалидация,2023-05-08 00:00:00,,,,,,,,,,,,,,,,,,,,,,,,,,,,,,
XRPUSDT,low,2023-05-21,2023-05-21 15:30:00,инвалидация,2023-05-22 00:00:00,,,,,,,,,,,,,,,,,,,,,,,,,,,,,,
XRPUSDT,low,2023-06-05,2023-06-05 15:15:00,инвалидация,2023-06-06 00:00:00,,,,,,,,,,,,,,,,,,,,,,,,,,,,,,
XRPUSDT,low,2023-06-13,2023-06-13 15:15:00,инвалидация,2023-06-15 00:00:00,,,,,,,,,,,,,,,,,,,,,,,,,,,,,,
XRPUSDT,low,2023-06-24,2023-06-24 15:30:00,нет сигнала,,,,,,,,,,,,,,,,,,,,,,,,,,,,,,,
XRPUSDT,low,2023-06-30,2023-06-30 13:30:00,сделка,,2023-07-02 04:00:00,0.4934,9.211268747466558,38.5,2.712085050987189,2.03125,0.7150966810712814,5.87980039054025,0.3254502061184642,105.75,True,-2.447552447552452,3.4714688652636183,False,False,False,20.0,0.006600892440658471,False,False,1.0,-1.0108562677674022,False,1.9999999999999987,-1.0108562677674022,,,,,
XRPUSDT,low,2023-07-06,2023-07-06 14:00:00,инвалидация,2023-07-07 00:00:00,,,,,,,,,,,,,,,,,,,,,,,,,,,,,,
XRPUSDT,low,2023-07-12,2023-07-12 13:30:00,сделка,,2023-07-13 12:00:00,0.4733,2.0840693006549835,22.5,1.4237144071398298,0.35999999999999704,0.27372540273116824,0.29749256268592367,0.021249468763278576,3.5,False,2.836725855348636,1.5937101572460703,False,False,False,4.0,49.84843723070978,False,True,1.0,0.9520169506990137,True,2.0,1.9520169506990137,True,0.48662293818874974,0.4386398888877635,,
XRPUSDT,low,2023-08-15,2023-08-15 14:00:00,инвалидация,2023-08-16 00:00:00,,,,,,,,,,,,,,,,,,,,,,,,,,,,,,
XRPUSDT,low,2023-08-21,2023-08-21 15:15:00,нет сигнала,,,,,,,,,,,,,,,,,,,,,,,,,,,,,,,
XRPUSDT,low,2023-08-24,2023-08-24 14:30:00,сделка,,2023-08-25 20:00:00,0.5249,3.39257001333588,29.5,1.4942751795070697,0.45283018867924785,0.5390956670185783,1.3778381525325045,0.8344653599844694,17.0,True,4.74495848161329,4.114108286435085,False,False,False,12.0,1.4207417057885363,False,True,1.0,0.9705238212897864,False,2.0,-1.0294761787102136,True,0.6514072643141087,0.6219310856038951,,
XRPUSDT,low,2023-08-31,2023-08-31 14:00:00,инвалидация,2023-09-01 00:00:00,,,,,,,,,,,,,,,,,,,,,,,,,,,,,,
XRPUSDT,low,2023-09-04,2023-09-04 15:00:00,нет сигнала,,,,,,,,,,,,,,,,,,,,,,,,,,,,,,,
XRPUSDT,low,2023-09-06,2023-09-06 14:00:00,сделка,,2023-09-07 00:00:00,0.503,2.542882703777334,10.0,1.6041708441948972,0.43434343434343364,0.3361817570578647,0.8421896932023335,0.16041708441949526,9.0,False,-1.0771641206423932,1.9851614196912122,True,False,False,16.0,0.343999937454554,True,False,0.9999999999999957,-1.0393254473953732,False,2.0,-1.0393254473953732,False,0.43781810221489476,-1.0393254473953732,True,False
XRPUSDT,low,2023-10-05,2023-10-05 15:30:00,нет сигнала,,,,,,,,,,,,,,,,,,,,,,,,,,,,,,,
XRPUSDT,low,2023-10-17,2023-10-17 13:45:00,нет сигнала,,,,,,,,,,,,,,,,,,,,,,,,,,,,,,,
XRPUSDT,low,2023-11-13,2023-11-13 14:30:00,инвалидация,2023-11-15 00:00:00,,,,,,,,,,,,,,,,,,,,,,,,,,,,,,
XRPUSDT,low,2023-11-26,2023-11-26 16:15:00,инвалидация,2023-11-28 00:00:00,,,,,,,,,,,,,,,,,,,,,,,,,,,,,,
XRPUSDT,low,2024-01-12,2024-01-12 15:30:00,инвалидация,2024-01-13 00:00:00,,,,,,,,,,,,,,,,,,,,,,,,,,,,,,
XRPUSDT,low,2024-01-15,2024-01-15 14:45:00,нет сигнала,,,,,,,,,,,,,,,,,,,,,,,,,,,,,,,
XRPUSDT,low,2024-01-16,2024-01-16 14:30:00,нет сигнала,,,,,,,,,,,,,,,,,,,,,,,,,,,,,,,
XRPUSDT,low,2024-01-19,2024-01-19 15:00:00,нет сигнала,,,,,,,,,,,,,,,,,,,,,,,,,,,,,,,
XRPUSDT,low,2024-01-29,2024-01-29 14:45:00,инвалидация,2024-01-31 00:00:00,,,,,,,,,,,,,,,,,,,,,,,,,,,,,,
XRPUSDT,low,2024-02-20,2024-02-20 15:15:00,инвалидация,2024-02-22 00:00:00,,,,,,,,,,,,,,,,,,,,,,,,,,,,,,
XRPUSDT,low,2024-03-05,2024-03-05 16:00:00,инвалидация,2024-03-06 00:00:00,,,,,,,,,,,,,,,,,,,,,,,,,,,,,,
XRPUSDT,low,2024-03-08,2024-03-08 15:30:00,нет сигнала,,,,,,,,,,,,,,,,,,,,,,,,,,,,,,,
XRPUSDT,low,2024-03-14,2024-03-14 13:45:00,инвалидация,2024-03-16 00:00:00,,,,,,,,,,,,,,,,,,,,,,,,,,,,,,
XRPUSDT,low,2024-03-26,2024-03-26 14:30:00,инвалидация,2024-03-28 00:00:00,,,,,,,,,,,,,,,,,,,,,,,,,,,,,,
XRPUSDT,low,2024-04-17,2024-04-17 15:30:00,нет сигнала,,,,,,,,,,,,,,,,,,,,,,,,,,,,,,,
XRPUSDT,low,2024-05-10,2024-05-10 14:15:00,инвалидация,2024-05-11 00:00:00,,,,,,,,,,,,,,,,,,,,,,,,,,,,,,
XRPUSDT,low,2024-05-26,2024-05-26 15:45:00,инвалидация,2024-05-27 00:00:00,,,,,,,,,,,,,,,,,,,,,,,,,,,,,,
XRPUSDT,low,2024-06-23,2024-06-23 14:00:00,инвалидация,2024-06-24 00:00:00,,,,,,,,,,,,,,,,,,,,,,,,,,,,,,
XRPUSDT,low,2024-07-07,2024-07-07 14:00:00,инвалидация,2024-07-08 00:00:00,,,,,,,,,,,,,,,,,,,,,,,,,,,,,,
XRPUSDT,low,2024-08-21,2024-08-21 13:30:00,нет сигнала,,,,,,,,,,,,,,,,,,,,,,,,,,,,,,,
XRPUSDT,low,2024-08-23,2024-08-23 14:45:00,сделка,,2024-08-23 20:00:00,0.607,2.848484349258646,5.25,0.23660638837247877,1.085106382978722,0.884889215340393,2.4336657089741367,0.5746155146188877,70.75,False,5.529058470234939,2.3829643400371814,True,False,False,12.0,1.3938451039021902,True,True,1.0,0.9648936108685217,False,2.0,-1.0351063891314785,,,,True,False
XRPUSDT,low,2024-08-30,2024-08-30 14:30:00,нет сигнала,,,,,,,,,,,,,,,,,,,,,,,,,,,,,,,
XRPUSDT,low,2024-10-01,2024-10-01 14:45:00,инвалидация,2024-10-02 00:00:00,,,,,,,,,,,,,,,,,,,,,,,,,,,,,,
XRPUSDT,low,2024-10-02,2024-10-02 13:30:00,инвалидация,2024-10-03 00:00:00,,,,,,,,,,,,,,,,,,,,,,,,,,,,,,
XRPUSDT,low,2024-12-10,2024-12-10 16:30:00,сделка,,2024-12-11 00:00:00,2.3688,19.866603343465044,7.5,5.4676616915422835,0.598998330550918,0.7624307772140295,8.238805970149276,1.3184079601990255,2.0,False,-6.262711864406769,29.800995024875636,True,False,False,15.0,0.3476412350953606,False,False,1.0,-1.0050335730910385,False,2.0,-1.0050335730910385,False,0.5104121312341418,-1.0050335730910385,,
XRPUSDT,low,2024-12-18,2024-12-18 16:15:00,инвалидация,2024-12-19 00:00:00,,,,,,,,,,,,,,,,,,,,,,,,,,,,,,
XRPUSDT,low,2025-01-07,2025-01-07 15:00:00,инвалидация,2025-01-08 00:00:00,,,,,,,,,,,,,,,,,,,,,,,,,,,,,,
XRPUSDT,low,2025-02-06,2025-02-06 15:15:00,инвалидация,2025-02-07 00:00:00,,,,,,,,,,,,,,,,,,,,,,,,,,,,,,
XRPUSDT,low,2025-03-10,2025-03-10 14:15:00,инвалидация,2025-03-11 00:00:00,,,,,,,,,,,,,,,,,,,,,,,,,,,,,,
XRPUSDT,low,2025-03-26,2025-03-26 14:15:00,инвалидация,2025-03-27 00:00:00,,,,,,,,,,,,,,,,,,,,,,,,,,,,,,
XRPUSDT,low,2025-05-04,2025-05-04 13:45:00,инвалидация,2025-05-05 00:00:00,,,,,,,,,,,,,,,,,,,,,,,,,,,,,,
XRPUSDT,low,2025-05-11,2025-05-11 15:45:00,нет сигнала,,,,,,,,,,,,,,,,,,,,,,,,,,,,,,,
XRPUSDT,low,2025-05-28,2025-05-28 15:00:00,сделка,2025-05-30 00:00:00,2025-05-29 04:00:00,2.2903,2.9744749596122526,13.0,1.7664723547076502,0.2897091722595035,0.38018683467303654,0.9583112524288822,0.825825825825823,3.75,True,-4.699588477366267,3.9480657127715917,False,False,False,20.0,0.2671583162567358,True,False,1.0,-1.0336193786660877,False,2.0,-1.0336193786660877,False,0.9321183012254182,-1.0336193786660877,True,False
XRPUSDT,low,2025-07-28,2025-07-28 14:15:00,инвалидация,2025-07-29 00:00:00,,,,,,,,,,,,,,,,,,,,,,,,,,,,,,
XRPUSDT,low,2025-08-02,2025-08-02 14:30:00,инвалидация,2025-08-03 00:00:00,,,,,,,,,,,,,,,,,,,,,,,,,,,,,,
XRPUSDT,low,2025-08-19,2025-08-19 14:30:00,инвалидация,2025-08-20 00:00:00,,,,,,,,,,,,,,,,,,,,,,,,,,,,,,
XRPUSDT,low,2025-08-20,2025-08-20 13:45:00,сделка,,2025-08-20 20:00:00,2.9875,5.788030125523005,6.25,1.0535927512818644,0.603359173126614,0.8102134313840023,2.7252932499824363,0.7023951675212481,18.25,False,-7.0871514915188065,8.154807894921689,True,False,False,12.0,0.0028915540020852015,True,False,1.0,-1.0172770351624534,False,2.0,-1.0172770351624534,False,0.532624247183918,-1.0172770351624534,False,True
XRPUSDT,low,2025-09-04,2025-09-04 14:00:00,инвалидация,2025-09-05 00:00:00,,,,,,,,,,,,,,,,,,,,,,,,,,,,,,
XRPUSDT,low,2025-10-10,2025-10-10 15:15:00,инвалидация,2025-10-11 00:00:00,,,,,,,,,,,,,,,,,,,,,,,,,,,,,,
XRPUSDT,low,2025-11-20,2025-11-20 16:15:00,инвалидация,2025-11-21 00:00:00,,,,,,,,,,,,,,,,,,,,,,,,,,,,,,
XRPUSDT,low,2025-12-12,2025-12-12 15:45:00,нет сигнала,,,,,,,,,,,,,,,,,,,,,,,,,,,,,,,
XRPUSDT,low,2025-12-15,2025-12-15 14:45:00,инвалидация,2025-12-16 00:00:00,,,,,,,,,,,,,,,,,,,,,,,,,,,,,,
XRPUSDT,low,2025-12-31,2025-12-31 16:30:00,инвалидация,2026-01-01 00:00:00,,,,,,,,,,,,,,,,,,,,,,,,,,,,,,
XRPUSDT,low,2026-01-07,2026-01-07 14:30:00,инвалидация,2026-01-08 00:00:00,,,,,,,,,,,,,,,,,,,,,,,,,,,,,,
XRPUSDT,low,2026-01-23,2026-01-23 14:30:00,нет сигнала,,,,,,,,,,,,,,,,,,,,,,,,,,,,,,,
XRPUSDT,low,2026-02-04,2026-02-04 16:30:00,инвалидация,2026-02-05 00:00:00,,,,,,,,,,,,,,,,,,,,,,,,,,,,,,
XRPUSDT,low,2026-02-17,2026-02-17 14:30:00,сделка,2026-02-19 00:00:00,2026-02-17 20:00:00,1.4849,4.055902754394246,5.5,1.4579878385848617,0.5527859237536663,0.6259744529365169,1.444168048645655,0.38004422332780957,2.75,True,8.57560262965668,4.71254836926479,True,True,False,11.0,0.13947441391688883,True,False,1.0,-1.0246554234791891,False,2.0,-1.0246554234791891,False,0.5064249552934672,-1.0246554234791891,False,False
XRPUSDT,low,2026-04-29,2026-04-29 15:00:00,нет сигнала,,,,,,,,,,,,,,,,,,,,,,,,,,,,,,,
XRPUSDT,low,2026-05-12,2026-05-12 13:45:00,инвалидация,2026-05-13 00:00:00,,,,,,,,,,,,,,,,,,,,,,,,,,,,,,
XRPUSDT,low,2026-05-13,2026-05-13 15:15:00,сделка,,2026-05-14 16:00:00,1.472,4.280597826086943,24.75,0.507900677200894,0.8192771084337348,0.8633495422977823,2.2361738148984243,0.007054176072233986,3.75,False,3.6366260191933044,4.683972911963884,False,False,False,8.0,1.2188464126556922,True,True,1.0,0.9766387770907659,False,2.0,-1.0233612229092341,True,0.19044475197745211,0.167083529068218,False,False
XRPUSDT,low,2026-05-19,2026-05-19 14:45:00,инвалидация,2026-05-20 00:00:00,,,,,,,,,,,,,,,,,,,,,,,,,,,,,,
XRPUSDT,low,2026-05-22,2026-05-22 14:15:00,инвалидация,2026-05-23 00:00:00,,,,,,,,,,,,,,,,,,,,,,,,,,,,,,
XRPUSDT,low,2026-05-31,2026-05-31 14:15:00,инвалидация,2026-06-02 00:00:00,,,,,,,,,,,,,,,,,,,,,,,,,,,,,,
XRPUSDT,low,2026-06-09,2026-06-09 14:45:00,инвалидация,2026-06-11 00:00:00,,,,,,,,,,,,,,,,,,,,,,,,,,,,,,
XRPUSDT,low,2026-06-14,2026-06-14 14:30:00,нет сигнала,,,,,,,,,,,,,,,,,,,,,,,,,,,,,,,
XRPUSDT,low,2026-06-25,2026-06-25 13:45:00,инвалидация,2026-06-26 00:00:00,,,,,,,,,,,,,,,,,,,,,,,,,,,,,,
XRPUSDT,low,2026-07-07,2026-07-07 14:30:00,инвалидация,2026-07-09 00:00:00,,,,,,,,,,,,,,,,,,,,,,,,,,,,,,
XRPUSDT,low,2026-07-27,2026-07-27 14:30:00,инвалидация,2026-07-28 00:00:00,,,,,,,,,,,,,,,,,,,,,,,,,,,,,,
XRPUSDT,low,2026-07-31,2026-07-31 13:45:00,инвалидация,2026-08-01 00:00:00,,,,,,,,,,,,,,,,,,,,,,,,,,,,,,
XRPUSDT,low,2026-08-28,2026-08-28 14:00:00,инвалидация,2026-08-29 00:00:00,,,,,,,,,,,,,,,,,,,,,,,,,,,,,,
XRPUSDT,low,2026-09-16,2026-09-16 14:45:00,нет сигнала,,,,,,,,,,,,,,,,,,,,,,,,,,,,,,,
XRPUSDT,high,2020-01-10,2020-01-10 14:45:00,инвалидация,2020-01-11 00:00:00,,,,,,,,,,,,,,,,,,,,,,,,,,,,,,
XRPUSDT,high,2020-01-18,2020-01-18 15:00:00,сделка,,2020-01-20 12:00:00,0.2296,11.260975609756095,45.0,4.205798285014282,0.8406593406593413,0.5917571707045396,5.798285014291555,0.20416496529195607,35.25,False,-10.889712696941622,7.431604736627192,False,False,False,3.0,0.6226987221139271,False,False,1.0,-1.0088802252544942,False,2.0,-1.0088802252544942,True,0.11216312385902977,0.1032828986045355,,
XRPUSDT,high,2020-02-04,2020-02-04 14:45:00,инвалидация,2020-02-05 00:00:00,,,,,,,,,,,,,,,,,,,,,,,,,,,,,,
XRPUSDT,high,2020-02-11,2020-02-11 16:30:00,инвалидация,2020-02-13 00:00:00,,,,,,,,,,,,,,,,,,,,,,,,,,,,,,
XRPUSDT,high,2020-03-31,2020-03-31 14:45:00,нет сигнала,,,,,,,,,,,,,,,,,,,,,,,,,,,,,,,
XRPUSDT,high,2020-04-25,2020-04-25 15:45:00,нет сигнала,,,,,,,,,,,,,,,,,,,,,,,,,,,,,,,
XRPUSDT,high,2020-05-02,2020-05-02 14:00:00,сделка,,2020-05-03 16:00:00,0.2175,4.426160919540227,26.0,1.024042742653605,0.537878787878788,0.7375167499402715,2.315227070347276,0.1780943900267069,9.0,False,-11.065782763895971,5.877114870881563,False,False,False,8.0,1.080306225264623,False,True,1.0,0.9774070573081677,False,2.0,-1.0225929426918323,True,0.6336411513571345,0.6110482086653022,,
XRPUSDT,high,2020-08-06,2020-08-06 15:00:00,нет сигнала,,,,,,,,,,,,,,,,,,,,,,,,,,,,,,,
XRPUSDT,high,2020-10-08,2020-10-08 14:45:00,инвалидация,2020-10-09 00:00:00,,,,,,,,,,,,,,,,,,,,,,,,,,,,,,
XRPUSDT,high,2020-10-18,2020-10-18 14:15:00,инвалидация,2020-10-20 00:00:00,,,,,,,,,,,,,,,,,,,,,,,,,,,,,,
XRPUSDT,high,2020-10-21,2020-10-21 13:30:00,инвалидация,2020-10-22 00:00:00,,,,,,,,,,,,,,,,,,,,,,,,,,,,,,
XRPUSDT,high,2021-01-06,2021-01-06 14:30:00,инвалидация,2021-01-07 00:00:00,,,,,,,,,,,,,,,,,,,,,,,,,,,,,,
XRPUSDT,high,2021-02-03,2021-02-03 16:30:00,инвалидация,2021-02-05 00:00:00,,,,,,,,,,,,,,,,,,,,,,,,,,,,,,
XRPUSDT,high,2021-02-04,2021-02-04 16:15:00,инвалидация,2021-02-05 00:00:00,,,,,,,,,,,,,,,,,,,,,,,,,,,,,,
XRPUSDT,high,2021-03-01,2021-03-01 15:45:00,инвалидация,2021-03-02 00:00:00,,,,,,,,,,,,,,,,,,,,,,,,,,,,,,
XRPUSDT,high,2021-03-13,2021-03-13 14:45:00,сделка,,2021-03-15 00:00:00,0.4394,6.547041420118345,33.25,0.4294610264118535,0.5963718820861672,0.9142197673084739,4.187245007515571,0.5153532316942265,2.75,True,5.600858369098715,9.469615632381368,False,False,False,16.0,0.5839882924251864,True,False,1.0,-1.0152740747435491,False,2.0,-1.0152740747435491,False,0.6187495003076379,-1.0152740747435491,True,False
XRPUSDT,high,2021-05-15,2021-05-15 14:30:00,инвалидация,2021-05-16 00:00:00,,,,,,,,,,,,,,,,,,,,,,,,,,,,,,
XRPUSDT,high,2021-06-09,2021-06-09 15:15:00,инвалидация,2021-06-10 00:00:00,,,,,,,,,,,,,,,,,,,,,,,,,,,,,,
XRPUSDT,high,2021-06-24,2021-06-24 15:15:00,инвалидация,2021-06-25 00:00:00,,,,,,,,,,,,,,,,,,,,,,,,,,,,,,
XRPUSDT,high,2021-07-21,2021-07-21 15:45:00,инвалидация,2021-07-22 00:00:00,,,,,,,,,,,,,,,,,,,,,,,,,,,,,,
XRPUSDT,high,2021-09-03,2021-09-03 15:00:00,нет сигнала,,,,,,,,,,,,,,,,,,,,,,,,,,,,,,,
XRPUSDT,high,2021-09-05,2021-09-05 15:00:00,инвалидация,2021-09-06 00:00:00,,,,,,,,,,,,,,,,,,,,,,,,,,,,,,
XRPUSDT,high,2021-09-12,2021-09-12 13:30:00,инвалидация,2021-09-13 00:00:00,,,,,,,,,,,,,,,,,,,,,,,,,,,,,,
XRPUSDT,high,2021-09-22,2021-09-22 15:00:00,инвалидация,2021-09-23 00:00:00,,,,,,,,,,,,,,,,,,,,,,,,,,,,,,
XRPUSDT,high,2021-10-06,2021-10-06 14:45:00,нет сигнала,,,,,,,,,,,,,,,,,,,,,,,,,,,,,,,
XRPUSDT,high,2022-01-02,2022-01-02 15:30:00,инвалидация,2022-01-03 00:00:00,,,,,,,,,,,,,,,,,,,,,,,,,,,,,,
XRPUSDT,high,2022-01-11,2022-01-11 16:30:00,инвалидация,2022-01-12 00:00:00,,,,,,,,,,,,,,,,,,,,,,,,,,,,,,
XRPUSDT,high,2022-01-20,2022-01-20 14:30:00,сделка,,2022-01-21 00:00:00,0.7194,5.971865443425083,9.5,1.1420982735723841,1.11627906976744,0.7820937767680889,0.9030544488711857,0.6507304116865891,0.0,True,4.50368836547173,3.9973439575033223,True,False,False,15.0,4.017541246136082,False,True,1.0,0.9832548136009832,True,2.0,1.9832548136009833,,,,,
XRPUSDT,high,2022-02-12,2022-02-12 16:30:00,нет сигнала,,,,,,,,,,,,,,,,,,,,,,,,,,,,,,,
XRPUSDT,high,2022-07-04,2022-07-04 15:00:00,инвалидация,2022-07-05 00:00:00,,,,,,,,,,,,,,,,,,,,,,,,,,,,,,
XRPUSDT,high,2022-07-30,2022-07-30 13:45:00,инвалидация,2022-07-31 00:00:00,,,,,,,,,,,,,,,,,,,,,,,,,,,,,,
XRPUSDT,high,2022-10-09,2022-10-09 15:00:00,инвалидация,2022-10-10 00:00:00,,,,,,,,,,,,,,,,,,,,,,,,,,,,,,
XRPUSDT,high,2023-01-20,2023-01-20 16:45:00,инвалидация,2023-01-21 00:00:00,,,,,,,,,,,,,,,,,,,,,,,,,,,,,,
XRPUSDT,high,2023-02-09,2023-02-09 14:30:00,нет сигнала,,,,,,,,,,,,,,,,,,,,,,,,,,,,,,,
XRPUSDT,high,2023-02-12,2023-02-12 16:30:00,нет сигнала,,,,,,,,,,,,,,,,,,,,,,,,,,,,,,,
XRPUSDT,high,2023-02-19,2023-02-19 16:00:00,инвалидация,2023-02-21 00:00:00,,,,,,,,,,,,,,,,,,,,,,,,,,,,,,
XRPUSDT,high,2023-02-28,2023-02-28 16:00:00,сделка,2023-03-02 00:00:00,2023-03-01 00:00:00,0.376,1.8038297872340483,8.0,0.6315789473684245,0.4255319148936165,0.5897617362585502,0.789473684210527,0.05263157894736262,3.0,False,4.300531242094602,2.473684210526321,True,False,False,15.0,0.5160415192262314,True,False,1.0,-1.0554376032083037,False,2.0,-1.0554376032083037,False,0.7961783439490444,-1.0554376032083037,False,True
XRPUSDT,high,2023-05-14,2023-05-14 15:30:00,сделка,,2023-05-16 12:00:00,0.4216,2.4505455407969627,44.5,0.2555762081784363,1.0602409638554215,0.8517640226491832,1.789033457249067,0.2091078066914397,55.75,True,0.9581677962140669,1.928438661710044,False,False,False,4.0,0.46459855780864096,True,False,1.0,-1.0408072399941926,False,2.0,-1.0408072399941926,,,,True,False
XRPUSDT,high,2023-05-19,2023-05-19 14:45:00,нет сигнала,,,,,,,,,,,,,,,,,,,,,,,,,,,,,,,
XRPUSDT,high,2023-06-04,2023-06-04 15:15:00,инвалидация,2023-06-05 00:00:00,,,,,,,,,,,,,,,,,,,,,,,,,,,,,,
XRPUSDT,high,2023-06-25,2023-06-25 14:15:00,нет сигнала,,,,,,,,,,,,,,,,,,,,,,,,,,,,,,,
XRPUSDT,high,2023-07-13,2023-07-13 15:15:00,инвалидация,2023-07-14 00:00:00,,,,,,,,,,,,,,,,,,,,,,,,,,,,,,
XRPUSDT,high,2023-07-27,2023-07-27 15:45:00,сделка,,2023-07-28 08:00:00,0.7057,3.929814368711925,16.25,0.2188483107646076,0.6479591836734686,0.9158863002881049,3.4331828751196842,0.6975789905621657,19.75,False,7.173433648981711,5.361783613732733,False,False,False,0.0,0.15144576618937114,True,False,1.0,-1.0254464945713904,False,2.0,-1.0254464945713904,False,0.49760751747936577,-1.0254464945713904,False,True
XRPUSDT,high,2023-08-19,2023-08-19 15:45:00,инвалидация,2023-08-21 00:00:00,,,,,,,,,,,,,,,,,,,,,,,,,,,,,,
XRPUSDT,high,2023-08-29,2023-08-29 14:15:00,инвалидация,2023-08-30 00:00:00,,,,,,,,,,,,,,,,,,,,,,,,,,,,,,
XRPUSDT,high,2023-09-14,2023-09-14 15:00:00,инвалидация,2023-09-16 00:00:00,,,,,,,,,,,,,,,,,,,,,,,,,,,,,,
XRPUSDT,high,2023-10-21,2023-10-21 14:45:00,нет сигнала,,,,,,,,,,,,,,,,,,,,,,,,,,,,,,,
XRPUSDT,high,2024-01-10,2024-01-10 15:45:00,инвалидация,2024-01-11 00:00:00,,,,,,,,,,,,,,,,,,,,,,,,,,,,,,
XRPUSDT,high,2024-02-28,2024-02-28 16:15:00,сделка,,2024-03-01 00:00:00,0.5872,6.86766008174386,31.75,4.885394010373098,0.21212121212121124,0.2603721089396896,1.5225029278902453,0.10038480843231284,8.25,False,-8.424164049510432,8.28174669566672,False,False,False,15.0,0.09422990609246014,True,False,1.0,-1.0145610002256558,False,2.0,-1.0145610002256558,False,0.967096404633138,-1.0145610002256558,True,True
XRPUSDT,high,2024-03-29,2024-03-29 14:15:00,нет сигнала,,,,,,,,,,,,,,,,,,,,,,,,,,,,,,,
XRPUSDT,high,2024-04-06,2024-04-06 15:00:00,инвалидация,2024-04-08 00:00:00,,,,,,,,,,,,,,,,,,,,,,,,,,,,,,
XRPUSDT,high,2024-05-02,2024-05-02 14:30:00,инвалидация,2024-05-04 00:00:00,,,,,,,,,,,,,,,,,,,,,,,,,,,,,,
XRPUSDT,high,2024-05-14,2024-05-14 15:30:00,инвалидация,2024-05-16 00:00:00,,,,,,,,,,,,,,,,,,,,,,,,,,,,,,
XRPUSDT,high,2024-05-23,2024-05-23 13:45:00,нет сигнала,,,,,,,,,,,,,,,,,,,,,,,,,,,,,,,
XRPUSDT,high,2024-06-12,2024-06-12 14:00:00,нет сигнала,,,,,,,,,,,,,,,,,,,,,,,,,,,,,,,
XRPUSDT,high,2024-07-27,2024-07-27 13:45:00,нет сигнала,,,,,,,,,,,,,,,,,,,,,,,,,,,,,,,
XRPUSDT,high,2024-09-17,2024-09-17 14:30:00,сделка,,2024-09-18 12:00:00,0.5726,3.6662591687041437,21.5,0.2705444707473681,0.585669781931465,0.8955366074405804,2.9759891782211803,0.7270882651335764,18.5,False,-9.633370744481855,5.427798444369296,False,False,False,4.0,0.5239841852045942,True,False,1.0,-1.0272757585861956,False,2.0,-1.0272757585861956,False,0.6335445148382806,-1.0272757585861956,False,False
XRPUSDT,high,2024-09-27,2024-09-27 14:30:00,инвалидация,2024-09-29 00:00:00,,,,,,,,,,,,,,,,,,,,,,,,,,,,,,
XRPUSDT,high,2024-10-06,2024-10-06 14:45:00,сделка,,2024-10-08 00:00:00,0.5282,3.4354032563422927,33.25,1.9996262380863261,0.7263157894736811,0.3802532817511502,0.14950476546440344,0.9344047841524957,13.0,True,13.446752821855053,1.775369089889752,False,False,True,16.0,0.41882970163894984,False,False,1.0,-1.029108664263907,False,2.0,-1.029108664263907,True,0.14328384529753707,0.11417518103363025,,
XRPUSDT,high,2024-11-14,2024-11-14 14:30:00,инвалидация,2024-11-15 00:00:00,,,,,,,,,,,,,,,,,,,,,,,,,,,,,,
XRPUSDT,high,2024-12-11,2024-12-11 14:45:00,нет сигнала,,,,,,,,,,,,,,,,,,,,,,,,,,,,,,,
XRPUSDT,high,2024-12-16,2024-12-16 16:15:00,инвалидация,2024-12-17 00:00:00,,,,,,,,,,,,,,,,,,,,,,,,,,,,,,
XRPUSDT,high,2025-01-30,2025-01-30 15:00:00,нет сигнала,,,,,,,,,,,,,,,,,,,,,,,,,,,,,,,
XRPUSDT,high,2025-02-19,2025-02-19 16:15:00,инвалидация,2025-02-20 00:00:00,,,,,,,,,,,,,,,,,,,,,,,,,,,,,,
XRPUSDT,high,2025-03-14,2025-03-14 13:45:00,инвалидация,2025-03-15 00:00:00,,,,,,,,,,,,,,,,,,,,,,,,,,,,,,
XRPUSDT,high,2025-04-22,2025-04-22 14:30:00,инвалидация,2025-04-23 00:00:00,,,,,,,,,,,,,,,,,,,,,,,,,,,,,,
XRPUSDT,high,2025-06-25,2025-06-25 13:30:00,нет сигнала,,,,,,,,,,,,,,,,,,,,,,,,,,,,,,,
XRPUSDT,high,2025-07-13,2025-07-13 14:00:00,инвалидация,2025-07-15 00:00:00,,,,,,,,,,,,,,,,,,,,,,,,,,,,,,
XRPUSDT,high,2025-08-22,2025-08-22 14:00:00,инвалидация,2025-08-23 00:00:00,,,,,,,,,,,,,,,,,,,,,,,,,,,,,,
XRPUSDT,high,2025-09-02,2025-09-02 14:00:00,инвалидация,2025-09-03 00:00:00,,,,,,,,,,,,,,,,,,,,,,,,,,,,,,
XRPUSDT,high,2025-09-24,2025-09-24 14:30:00,инвалидация,2025-09-25 00:00:00,,,,,,,,,,,,,,,,,,,,,,,,,,,,,,
XRPUSDT,high,2025-10-12,2025-10-12 15:15:00,инвалидация,2025-10-13 00:00:00,,,,,,,,,,,,,,,,,,,,,,,,,,,,,,
XRPUSDT,high,2025-12-02,2025-12-02 15:30:00,инвалидация,2025-12-04 00:00:00,,,,,,,,,,,,,,,,,,,,,,,,,,,,,,
XRPUSDT,high,2025-12-09,2025-12-09 16:00:00,сделка,,2025-12-10 16:00:00,2.0605,5.779053627760235,24.0,2.547920689492772,0.6759956942949398,0.5273880686007582,2.5243724391277667,2.1052135826307983,1.0,False,5.709082631459138,4.375264917816595,False,False,False,7.0,1.2538063478040387,False,True,1.0,0.9826961287364352,False,2.0,-1.0173038712635647,True,0.25277676536437726,0.2354728941008125,,
XRPUSDT,high,2025-12-17,2025-12-17 14:45:00,сделка,,2025-12-17 20:00:00,1.8639,6.67881324105371,5.25,1.9660181715517686,0.8635897435897448,0.6763791064726747,2.6384682511164668,0.06673168728503961,27.25,False,5.135268076733882,5.004876546378519,True,True,False,11.0,0.7518893630147536,False,False,1.0,-1.0149727199115726,False,2.0,-1.0149727199115726,True,0.10683898000102707,0.09186626008945441,,
XRPUSDT,high,2026-01-13,2026-01-13 16:30:00,инвалидация,2026-01-14 00:00:00,,,,,,,,,,,,,,,,,,,,,,,,,,,,,,
XRPUSDT,high,2026-02-06,2026-02-06 15:30:00,нет сигнала,,,,,,,,,,,,,,,,,,,,,,,,,,,,,,,
XRPUSDT,high,2026-02-13,2026-02-13 15:30:00,инвалидация,2026-02-15 00:00:00,,,,,,,,,,,,,,,,,,,,,,,,,,,,,,
XRPUSDT,high,2026-02-20,2026-02-20 16:15:00,сделка,,2026-02-22 00:00:00,1.4295,2.4878349073102424,31.75,1.7519466073414984,0.15008431703203914,0.25025587960723683,0.25027808676305796,0.027808676307004725,2.5,True,6.782920037130358,4.122636262513899,False,False,False,15.0,3.317999302657778,True,True,1.0,0.9598044067529721,True,2.0,1.959804406752972,True,1.4171793631690863,1.3769837699220584,False,False
XRPUSDT,high,2026-03-09,2026-03-09 13:30:00,инвалидация,2026-03-11 00:00:00,,,,,,,,,,,,,,,,,,,,,,,,,,,,,,
XRPUSDT,high,2026-04-14,2026-04-14 13:45:00,сделка,2026-04-16 00:00:00,2026-04-15 08:00:00,1.3514,3.329510137635054,18.25,0.7875153529369199,0.49923664122137584,0.7267474163795997,2.0952243335019243,0.28177154829853435,14.0,False,-2.4815560026827543,4.732317029116402,False,False,False,0.0,0.03555950661184175,True,False,1.0,-1.03003444827203,False,2.0,-1.03003444827203,False,0.7289698855428348,-1.03003444827203,True,False
XRPUSDT,high,2026-05-10,2026-05-10 14:30:00,инвалидация,2026-05-11 00:00:00,,,,,,,,,,,,,,,,,,,,,,,,,,,,,,
XRPUSDT,high,2026-05-14,2026-05-14 14:45:00,инвалидация,2026-05-15 00:00:00,,,,,,,,,,,,,,,,,,,,,,,,,,,,,,
XRPUSDT,high,2026-06-08,2026-06-08 14:45:00,сделка,,2026-06-10 04:00:00,1.1187,6.13087512291051,37.25,1.2635533168274502,0.6299401197604795,0.7669192445699651,4.046785622812269,0.4610262101938078,35.5,False,4.640792733278285,7.128831213181927,False,False,False,20.0,0.45781871253796547,True,False,1.0,-1.016310885150198,False,2.0,-1.016310885150198,True,0.4505286056504158,0.4342177205002177,False,False
XRPUSDT,high,2026-06-13,2026-06-13 15:30:00,сделка,2026-06-15 00:00:00,2026-06-14 12:00:00,1.1432,1.6235654303708922,20.5,0.2938126512271059,0.4375,0.7542859605831699,1.1320428620808944,0.17283097131005892,3.5,True,1.991686872185671,2.7652955409609428,False,False,False,4.0,0.9320819370063499,True,False,1.0,-1.061592836438477,False,2.0,-1.061592836438477,False,0.9697962350355042,-1.061592836438477,True,True
XRPUSDT,high,2026-07-01,2026-07-01 14:15:00,инвалидация,2026-07-03 00:00:00,,,,,,,,,,,,,,,,,,,,,,,,,,,,,,
XRPUSDT,high,2026-07-11,2026-07-11 15:00:00,сделка,,2026-07-12 00:00:00,1.0963,2.154410289154423,9.0,0.09841639080254998,0.7328767123287652,0.9060578860907378,1.6551847544063667,0.32209000626286555,39.0,False,4.530912235192391,2.6125078285765317,True,False,False,16.0,1.8502210103815682,True,True,1.0,0.9535835859569495,False,2.0,-1.0464164140430505,True,0.33024539773401057,0.28382898369096,False,True
XRPUSDT,high,2026-07-30,2026-07-30 15:15:00,сделка,,2026-07-31 16:00:00,1.06,3.395745283018862,24.75,0.13718675690507195,1.0470219435736698,0.9279092315855838,2.4967989756722044,0.21949881104810298,39.25,False,1.649408961788694,2.91750503018107,False,False,False,8.0,0.37783130387916286,False,False,1.0,-1.0294486163317582,False,2.0,-1.0294486163317582,,,,,
XRPUSDT,high,2026-08-08,2026-08-08 14:00:00,нет сигнала,,,,,,,,,,,,,,,,,,,,,,,,,,,,,,,
XRPUSDT,high,2026-09-08,2026-09-08 15:45:00,сделка,,2026-09-09 20:00:00,1.4009,3.6226854165179505,28.25,1.341719077568126,0.5136518771331062,0.5931011109315832,1.9287211740041978,0.8874912648497508,0.0,True,-3.376277210128838,4.095038434661076,False,False,False,12.0,1.6866928603237066,True,True,1.0,0.9723961678968752,False,2.0,-1.0276038321031247,True,0.5615741415797374,0.5339703094766126,False,False
XRPUSDT,high,2026-09-11,2026-09-11 13:45:00,нет сигнала,,,,,,,,,,,,,,,,,,,,,,,,,,,,,,,
XRPUSDT,high,2026-09-17,2026-09-17 14:15:00,инвалидация,2026-09-19 00:00:00,,,,,,,,,,,,,,,,,,,,,,,,,,,,,,
XRPUSDT,high,2026-09-22,2026-09-22 13:45:00,сделка,,2026-09-23 12:00:00,1.5724,5.56208343932841,22.25,5.31597332486503,0.012209302325581347,0.02401147062253731,-1.0860590663702696,0.22864401397269277,0.25,False,-18.287518287518292,10.924102889806283,False,False,True,4.0,1.384661472566324,False,True,1.0,0.9820211255205343,False,2.0,-1.0179788744794656,False,1.9426423136995739,-1.0179788744794656,,
