sym,side,day,t_sweep,status,inval_t,t_entry,entry,risk_pct,hours_to_signal,sweep_depth_pct,pos_in_pd,entry_vs_pdl_R,fvg_top_vs_pdl_pct,fvg_size_pct,fvg_age_h,prev_day_bull,trend5,pd_range_pct,sig_same_day,sig_ny,fvg_cross,sig_hour_et,mfe_R,new_low_after,win_1R,rr_1R,net_1R,win_2R,rr_2R,net_2R,win_PDH,rr_PDH,net_PDH,after_stop_down1R,after_stop_pdh
ADAUSDT,low,2020-02-15,2020-02-15 15:45:00,инвалидация,2020-02-16 00:00:00,,,,,,,,,,,,,,,,,,,,,,,,,,,,,,
ADAUSDT,low,2020-02-16,2020-02-16 15:15:00,инвалидация,2020-02-17 00:00:00,,,,,,,,,,,,,,,,,,,,,,,,,,,,,,
ADAUSDT,low,2020-03-07,2020-03-07 16:45:00,инвалидация,2020-03-08 00:00:00,,,,,,,,,,,,,,,,,,,,,,,,,,,,,,
ADAUSDT,low,2020-05-03,2020-05-03 14:00:00,инвалидация,2020-05-04 00:00:00,,,,,,,,,,,,,,,,,,,,,,,,,,,,,,
ADAUSDT,low,2020-05-21,2020-05-21 14:30:00,инвалидация,2020-05-22 00:00:00,,,,,,,,,,,,,,,,,,,,,,,,,,,,,,
ADAUSDT,low,2020-05-24,2020-05-24 13:45:00,инвалидация,2020-05-25 00:00:00,,,,,,,,,,,,,,,,,,,,,,,,,,,,,,
ADAUSDT,low,2020-06-02,2020-06-02 14:45:00,сделка,,2020-06-03 10:00:00,0.08202,14.253108997805402,19.25,4.178576289642017,0.8787255909558067,0.7313693286799433,10.875187151218201,1.1977677963794826,2.75,True,47.3034319956419,13.243500748604879,False,False,False,5.0,0.7176828851023075,False,False,1.0,-1.0070160131389858,False,2.0,-1.0070160131389858,True,0.10093752138506822,0.09392150824608238,,
ADAUSDT,low,2020-06-11,2020-06-11 15:00:00,инвалидация,2020-06-12 00:00:00,,,,,,,,,,,,,,,,,,,,,,,,,,,,,,
ADAUSDT,low,2020-06-27,2020-06-27 15:30:00,инвалидация,2020-06-28 00:00:00,,,,,,,,,,,,,,,,,,,,,,,,,,,,,,
ADAUSDT,low,2020-10-14,2020-10-14 15:45:00,инвалидация,2020-10-15 00:00:00,,,,,,,,,,,,,,,,,,,,,,,,,,,,,,
ADAUSDT,low,2021-01-15,2021-01-15 15:45:00,сделка,,2021-01-16 08:00:00,0.31585,12.289792623080574,16.25,6.4721753794266395,0.6651770367824005,0.49848894732788124,6.408094435075891,2.455311973018553,0.0,False,-5.676328502415454,9.811129848229344,False,False,False,2.0,2.128947111481965,False,True,1.0,0.9918631662008521,True,2.0,1.9918631662008521,True,0.2509189843397178,0.24278215054056995,,
ADAUSDT,low,2021-01-21,2021-01-21 16:45:00,инвалидация,2021-01-22 00:00:00,,,,,,,,,,,,,,,,,,,,,,,,,,,,,,
ADAUSDT,low,2021-07-12,2021-07-12 15:45:00,инвалидация,2021-07-13 00:00:00,,,,,,,,,,,,,,,,,,,,,,,,,,,,,,
ADAUSDT,low,2021-07-25,2021-07-25 14:15:00,сделка,,2021-07-25 22:00:00,1.2172,2.324194873480135,7.75,0.4683449025675378,0.40413533834586673,0.759983174325998,1.480304424186673,0.24253575311534037,0.75,True,9.898341359015514,4.449276574391563,True,False,False,17.0,6.443950357192041,False,True,1.0,0.9569743479167627,True,2.0,1.9569743479167627,True,1.1205333314480899,1.0775076793648526,,
ADAUSDT,low,2021-08-24,2021-08-24 14:15:00,нет сигнала,,,,,,,,,,,,,,,,,,,,,,,,,,,,,,,
ADAUSDT,low,2021-09-04,2021-09-04 15:45:00,инвалидация,2021-09-05 00:00:00,,,,,,,,,,,,,,,,,,,,,,,,,,,,,,
ADAUSDT,low,2021-09-10,2021-09-10 14:00:00,инвалидация,2021-09-11 00:00:00,,,,,,,,,,,,,,,,,,,,,,,,,,,,,,
ADAUSDT,low,2021-10-19,2021-10-19 14:15:00,нет сигнала,,,,,,,,,,,,,,,,,,,,,,,,,,,,,,,
ADAUSDT,low,2021-10-31,2021-10-31 13:30:00,сделка,,2021-10-31 22:00:00,1.9838,3.3833350136102385,8.5,0.33246753246753047,0.6150627615062764,0.8760611812522913,2.2649350649350577,0.6805194805194748,1.5,False,-8.786396459352439,4.966233766233762,True,False,False,17.0,0.011919199744927828,True,False,1.0000000000000033,-1.029556635567488,False,2.0,-1.029556635567488,False,0.5482831882667396,-1.029556635567488,False,True
ADAUSDT,low,2021-11-04,2021-11-04 15:15:00,нет сигнала,,,,,,,,,,,,,,,,,,,,,,,,,,,,,,,
ADAUSDT,low,2021-11-14,2021-11-14 16:00:00,инвалидация,2021-11-16 00:00:00,,,,,,,,,,,,,,,,,,,,,,,,,,,,,,
ADAUSDT,low,2021-11-18,2021-11-18 15:15:00,инвалидация,2021-11-19 00:00:00,,,,,,,,,,,,,,,,,,,,,,,,,,,,,,
ADAUSDT,low,2021-12-09,2021-12-09 14:45:00,инвалидация,2021-12-10 00:00:00,,,,,,,,,,,,,,,,,,,,,,,,,,,,,,
ADAUSDT,low,2022-01-03,2022-01-03 16:15:00,инвалидация,2022-01-04 00:00:00,,,,,,,,,,,,,,,,,,,,,,,,,,,,,,
ADAUSDT,low,2022-02-02,2022-02-02 16:15:00,инвалидация,2022-02-03 00:00:00,,,,,,,,,,,,,,,,,,,,,,,,,,,,,,
ADAUSDT,low,2022-02-06,2022-02-06 15:00:00,нет сигнала,,,,,,,,,,,,,,,,,,,,,,,,,,,,,,,
ADAUSDT,low,2022-02-18,2022-02-18 14:30:00,инвалидация,2022-02-19 00:00:00,,,,,,,,,,,,,,,,,,,,,,,,,,,,,,
ADAUSDT,low,2022-03-31,2022-03-31 14:00:00,инвалидация,2022-04-01 00:00:00,,,,,,,,,,,,,,,,,,,,,,,,,,,,,,
ADAUSDT,low,2022-04-14,2022-04-14 15:45:00,инвалидация,2022-04-15 00:00:00,,,,,,,,,,,,,,,,,,,,,,,,,,,,,,
ADAUSDT,low,2022-04-30,2022-04-30 14:45:00,инвалидация,2022-05-01 00:00:00,,,,,,,,,,,,,,,,,,,,,,,,,,,,,,
ADAUSDT,low,2022-05-06,2022-05-06 13:30:00,инвалидация,2022-05-08 00:00:00,,,,,,,,,,,,,,,,,,,,,,,,,,,,,,
ADAUSDT,low,2022-05-24,2022-05-24 13:45:00,нет сигнала,,,,,,,,,,,,,,,,,,,,,,,,,,,,,,,
ADAUSDT,low,2022-06-01,2022-06-01 15:45:00,инвалидация,2022-06-02 00:00:00,,,,,,,,,,,,,,,,,,,,,,,,,,,,,,
ADAUSDT,low,2022-07-05,2022-07-05 15:00:00,сделка,,2022-07-07 02:00:00,0.4654,4.715062311989678,35.0,0.022522522522520044,0.6625386996904018,0.9752140686022089,4.21171171171171,2.387387387387387,3.0,True,0.7730298475413339,7.274774774774774,False,False,False,21.0,1.2759810243393415,True,True,1.0,0.9787913725454453,False,1.9999999999999976,-1.0212086274545547,True,0.49672118447495844,0.47551255702040385,False,False
ADAUSDT,low,2022-07-08,2022-07-08 13:45:00,сделка,,2022-07-09 05:00:00,0.4751,3.275099978951803,15.25,0.10857763300760052,0.6666666666666675,0.9383033419023127,2.866449511400649,0.2823018458197662,1.75,True,4.785949506037318,4.755700325732894,False,False,False,0.0,0.610539845758351,True,False,1.0,-1.030533419023136,False,2.0000000000000036,-1.030533419023136,True,0.46915167095115456,0.43861825192801834,True,False
ADAUSDT,low,2022-07-10,2022-07-10 13:30:00,сделка,2022-07-11 00:00:00,2022-07-10 21:00:00,0.4664,2.6489065180102895,7.5,2.237040223704015,0.07614213197969552,0.12141325023270894,0.15057001505700882,0.516240051624008,0.0,True,1.7898998508416832,4.237470423747042,True,False,True,16.0,0.1699785503257961,True,False,1.0,-1.0377514266056902,False,2.0,-1.0377514266056902,False,1.4731474361568666,-1.0377514266056902,True,False
ADAUSDT,low,2022-08-26,2022-08-26 15:00:00,инвалидация,2022-08-27 00:00:00,,,,,,,,,,,,,,,,,,,,,,,,,,,,,,
ADAUSDT,low,2022-09-15,2022-09-15 15:15:00,нет сигнала,,,,,,,,,,,,,,,,,,,,,,,,,,,,,,,
ADAUSDT,low,2022-09-18,2022-09-18 14:15:00,инвалидация,2022-09-19 00:00:00,,,,,,,,,,,,,,,,,,,,,,,,,,,,,,
ADAUSDT,low,2022-12-22,2022-12-22 15:00:00,сделка,,2022-12-23 03:00:00,0.2597,5.293107431651901,12.0,0.5252525252525235,1.0517241379310336,0.8875180049759207,4.08080808080808,1.4545454545454515,35.0,False,-3.7248194602812528,4.686868686868687,False,False,False,21.0,0.48740742896218925,False,False,1.0,-1.018892493925594,False,2.0,-1.018892493925594,,,,,
ADAUSDT,low,2022-12-25,2022-12-25 14:30:00,сделка,,2022-12-25 22:00:00,0.2588,1.8756568778979812,7.5,0.8580343213728686,0.615384615384611,0.4944172057187528,0.273010920436809,0.039001560062398195,3.0,False,2.4129746835443013,1.5210608424336813,True,False,False,16.0,1.5656544847760887,True,True,1.0,0.9466853446499935,False,2.0,-1.0533146553500063,True,0.30901075357422625,0.2556960982242198,True,False
ADAUSDT,low,2023-01-16,2023-01-16 15:00:00,нет сигнала,,,,,,,,,,,,,,,,,,,,,,,,,,,,,,,
ADAUSDT,low,2023-01-18,2023-01-18 15:45:00,инвалидация,2023-01-19 00:00:00,,,,,,,,,,,,,,,,,,,,,,,,,,,,,,
ADAUSDT,low,2023-04-28,2023-04-28 13:30:00,нет сигнала,,,,,,,,,,,,,,,,,,,,,,,,,,,,,,,
ADAUSDT,low,2023-05-11,2023-05-11 14:00:00,сделка,,2023-05-12 00:00:00,0.3596,3.3781423804226884,10.0,1.779158429822092,0.29411764705882093,0.4527568777885671,1.2425868398757298,0.6777746399322105,1.25,True,-6.323006602336206,5.280994069471898,True,False,False,19.0,1.3335748036681594,False,True,1.0,0.97039793213586,False,2.0,-1.02960206786414,True,1.0866165066925748,1.0570144388284348,,
ADAUSDT,low,2023-05-30,2023-05-30 14:45:00,инвалидация,2023-06-01 00:00:00,,,,,,,,,,,,,,,,,,,,,,,,,,,,,,
ADAUSDT,low,2023-06-20,2023-06-20 14:00:00,сделка,,2023-06-20 21:00:00,0.2681,6.1364789257739725,7.0,1.8316445830085668,1.6197183098591574,0.6990074094785402,3.858144972720195,1.792673421667963,38.25,True,-0.03799392097264019,2.7669524551831626,True,False,False,16.0,2.2429020356311398,False,True,1.0,0.9837040098712003,True,2.0,1.9837040098712002,,,,,
ADAUSDT,low,2023-06-24,2023-06-24 15:30:00,нет сигнала,,,,,,,,,,,,,,,,,,,,,,,,,,,,,,,
ADAUSDT,low,2023-07-06,2023-07-06 14:00:00,инвалидация,2023-07-07 00:00:00,,,,,,,,,,,,,,,,,,,,,,,,,,,,,,
ADAUSDT,low,2023-08-07,2023-08-07 15:15:00,сделка,,2023-08-08 01:00:00,0.2922,3.9291581108829443,9.75,3.2035825008611694,0.3518518518518532,0.16549081090497508,0.5167068549776098,0.6889424733034798,0.25,False,-5.8349451966473085,1.860144677919399,False,False,True,20.0,0.8971343959585409,False,False,1.0,-1.0254507447086492,False,2.0,-1.0254507447086492,True,0.30485149377232074,0.27940074906367157,,
ADAUSDT,low,2023-08-31,2023-08-31 15:30:00,инвалидация,2023-09-01 00:00:00,,,,,,,,,,,,,,,,,,,,,,,,,,,,,,
ADAUSDT,low,2023-09-03,2023-09-03 15:00:00,нет сигнала,,,,,,,,,,,,,,,,,,,,,,,,,,,,,,,
ADAUSDT,low,2023-09-27,2023-09-27 14:30:00,нет сигнала,,,,,,,,,,,,,,,,,,,,,,,,,,,,,,,
ADAUSDT,low,2023-10-10,2023-10-10 14:45:00,инвалидация,2023-10-12 00:00:00,,,,,,,,,,,,,,,,,,,,,,,,,,,,,,
ADAUSDT,low,2023-10-17,2023-10-17 13:45:00,инвалидация,2023-10-18 00:00:00,,,,,,,,,,,,,,,,,,,,,,,,,,,,,,
ADAUSDT,low,2023-10-31,2023-10-31 13:45:00,нет сигнала,,,,,,,,,,,,,,,,,,,,,,,,,,,,,,,
ADAUSDT,low,2023-11-07,2023-11-07 16:45:00,сделка,,2023-11-09 03:00:00,0.3644,8.516383095499451,34.25,0.9792284866468918,0.7025641025641024,0.8829111578703146,7.448071216617197,1.3056379821958337,13.0,True,17.983739837398378,11.572700296735897,False,False,False,21.0,1.015025601201274,False,True,1.0,0.988257926061024,False,2.0,-1.011742073938976,True,0.3737872055217393,0.36204513158276325,,
ADAUSDT,low,2023-11-09,2023-11-09 16:00:00,нет сигнала,,,,,,,,,,,,,,,,,,,,,,,,,,,,,,,
ADAUSDT,low,2023-11-17,2023-11-17 15:15:00,сделка,,2023-11-19 00:00:00,0.3773,7.752027564272479,32.75,2.871480345692788,0.3625730994152051,0.6359322219335063,5.045999442431002,1.0036241984945768,35.0,False,-3.689269940244231,14.301644828547518,False,False,False,18.0,0.7624348682321063,False,False,1.0,-1.0128998509320168,False,2.0,-1.0128998509320168,False,1.118009874044388,-1.0128998509320168,,
ADAUSDT,low,2023-11-26,2023-11-26 16:15:00,сделка,2023-11-28 00:00:00,2023-11-27 01:00:00,0.3912,3.4963957055214636,8.75,1.7165149544863443,0.5775862068965504,0.4898412768041878,1.5864759427828334,0.9362808842652776,0.25,True,3.573305307409354,3.0169050715214563,False,False,False,19.0,0.0731106383289835,True,False,1.0,-1.0286008817142984,False,2.0,-1.0286008817142984,False,0.35824212781202,-1.0286008817142984,False,False
ADAUSDT,low,2024-01-12,2024-01-12 16:45:00,инвалидация,2024-01-13 00:00:00,,,,,,,,,,,,,,,,,,,,,,,,,,,,,,
ADAUSDT,low,2024-01-15,2024-01-15 15:45:00,сделка,,2024-01-16 13:00:00,0.5418,3.8245847176079746,21.25,0.362941738299907,0.6802973977695153,0.8831364373407448,3.381088825214909,0.09551098376314346,26.25,False,2.4985360140542716,5.13849092645655,False,False,False,7.0,0.32333410547448255,True,False,1.0,-1.0261466296038915,False,2.0,-1.0261466296038915,False,0.41502586672844033,-1.0261466296038915,True,False
ADAUSDT,low,2024-01-17,2024-01-17 16:15:00,инвалидация,2024-01-19 00:00:00,,,,,,,,,,,,,,,,,,,,,,,,,,,,,,
ADAUSDT,low,2024-01-25,2024-01-25 16:15:00,нет сигнала,,,,,,,,,,,,,,,,,,,,,,,,,,,,,,,
ADAUSDT,low,2024-02-20,2024-02-20 15:15:00,инвалидация,2024-02-22 00:00:00,,,,,,,,,,,,,,,,,,,,,,,,,,,,,,
ADAUSDT,low,2024-03-05,2024-03-05 16:00:00,инвалидация,2024-03-06 00:00:00,,,,,,,,,,,,,,,,,,,,,,,,,,,,,,
ADAUSDT,low,2024-03-08,2024-03-08 15:30:00,нет сигнала,,,,,,,,,,,,,,,,,,,,,,,,,,,,,,,
ADAUSDT,low,2024-04-17,2024-04-17 14:15:00,сделка,,2024-04-18 15:00:00,0.4564,6.557164767747585,24.75,2.75626423690205,0.45077720207253785,0.5814167187379911,2.961275626423693,0.22779043280182254,4.0,False,-21.879263301500686,8.792710706150347,False,True,False,10.0,0.14034196659193035,True,False,1.0,-1.0152504937029896,False,1.9999999999999982,-1.0152504937029896,False,0.7083927837497391,-1.0152504937029896,False,True
ADAUSDT,low,2024-05-06,2024-05-06 15:00:00,инвалидация,2024-05-08 00:00:00,,,,,,,,,,,,,,,,,,,,,,,,,,,,,,
ADAUSDT,low,2024-05-10,2024-05-10 14:45:00,инвалидация,2024-05-12 00:00:00,,,,,,,,,,,,,,,,,,,,,,,,,,,,,,
ADAUSDT,low,2024-05-26,2024-05-26 13:30:00,нет сигнала,,,,,,,,,,,,,,,,,,,,,,,,,,,,,,,
ADAUSDT,low,2024-06-21,2024-06-21 13:30:00,инвалидация,2024-06-22 00:00:00,,,,,,,,,,,,,,,,,,,,,,,,,,,,,,
ADAUSDT,low,2024-07-21,2024-07-21 14:00:00,сделка,2024-07-23 00:00:00,2024-07-21 21:00:00,0.4338,4.153112033195017,7.0,2.552095527979388,0.4557823129251713,0.37188752345111875,1.5218918286115677,0.0702411613205261,10.0,False,-1.7315043849786338,3.441816904706169,True,False,False,16.0,0.9102918484475075,True,False,1.0,-1.024078329503447,False,2.0,-1.024078329503447,True,0.4440448041207366,0.4199664746172897,True,False
ADAUSDT,low,2024-08-02,2024-08-02 15:00:00,инвалидация,2024-08-03 00:00:00,,,,,,,,,,,,,,,,,,,,,,,,,,,,,,
ADAUSDT,low,2024-08-04,2024-08-04 14:30:00,инвалидация,2024-08-05 00:00:00,,,,,,,,,,,,,,,,,,,,,,,,,,,,,,
ADAUSDT,low,2024-09-03,2024-09-03 13:30:00,инвалидация,2024-09-04 00:00:00,,,,,,,,,,,,,,,,,,,,,,,,,,,,,,
ADAUSDT,low,2024-10-01,2024-10-01 14:30:00,инвалидация,2024-10-02 00:00:00,,,,,,,,,,,,,,,,,,,,,,,,,,,,,,
ADAUSDT,low,2024-10-10,2024-10-10 13:45:00,сделка,,2024-10-11 16:00:00,0.3499,5.4675907402114765,26.25,0.7494004796163076,1.1478873239436613,0.8520158276314492,4.826139088729017,0.629496402877695,50.0,False,-3.386454183266923,4.256594724220621,False,True,False,11.0,1.113370375984655,False,True,1.0,0.9817104087062427,False,2.0,-1.0182895912937573,,,,,
ADAUSDT,low,2024-10-13,2024-10-13 14:30:00,инвалидация,2024-10-14 00:00:00,,,,,,,,,,,,,,,,,,,,,,,,,,,,,,
ADAUSDT,low,2024-10-31,2024-10-31 14:00:00,инвалидация,2024-11-01 00:00:00,,,,,,,,,,,,,,,,,,,,,,,,,,,,,,
ADAUSDT,low,2024-11-04,2024-11-04 14:30:00,инвалидация,2024-11-05 00:00:00,,,,,,,,,,,,,,,,,,,,,,,,,,,,,,
ADAUSDT,low,2025-01-07,2025-01-07 15:15:00,инвалидация,2025-01-08 00:00:00,,,,,,,,,,,,,,,,,,,,,,,,,,,,,,
ADAUSDT,low,2025-02-06,2025-02-06 15:15:00,инвалидация,2025-02-07 00:00:00,,,,,,,,,,,,,,,,,,,,,,,,,,,,,,
ADAUSDT,low,2025-03-06,2025-03-06 14:30:00,инвалидация,2025-03-07 00:00:00,,,,,,,,,,,,,,,,,,,,,,,,,,,,,,
ADAUSDT,low,2025-03-22,2025-03-22 15:00:00,нет сигнала,,,,,,,,,,,,,,,,,,,,,,,,,,,,,,,
ADAUSDT,low,2025-04-15,2025-04-15 14:15:00,инвалидация,2025-04-16 00:00:00,,,,,,,,,,,,,,,,,,,,,,,,,,,,,,
ADAUSDT,low,2025-04-26,2025-04-26 13:30:00,нет сигнала,,,,,,,,,,,,,,,,,,,,,,,,,,,,,,,
ADAUSDT,low,2025-05-28,2025-05-28 15:00:00,сделка,2025-05-30 00:00:00,2025-05-29 03:00:00,0.7645,4.3468933943754,12.0,1.4141414141414228,0.6707317073170717,0.6620125180548855,2.6666666666666567,0.2828282828282816,20.0,False,-6.327236777063769,4.417508417508409,False,False,False,22.0,0.01504573904670369,True,False,1.0,-1.0230049350024073,False,2.0,-1.0230049350024073,False,0.3249879634087643,-1.0230049350024073,True,False
ADAUSDT,low,2025-07-28,2025-07-28 14:15:00,инвалидация,2025-07-29 00:00:00,,,,,,,,,,,,,,,,,,,,,,,,,,,,,,
ADAUSDT,low,2025-08-05,2025-08-05 14:30:00,сделка,,2025-08-06 15:00:00,0.7352,3.497034820457006,24.5,2.000827928798117,0.30973451327433454,0.40839822327325315,1.0901062508624282,0.4001655857596266,12.0,True,-1.1141696159391876,4.677797709396998,False,True,False,10.0,3.854501326321866,False,True,1.0,0.9714043453570955,True,2.0,1.9714043453570955,True,0.9101446118661144,0.8815489572232099,,
ADAUSDT,low,2025-08-19,2025-08-19 15:30:00,инвалидация,2025-08-20 00:00:00,,,,,,,,,,,,,,,,,,,,,,,,,,,,,,
ADAUSDT,low,2025-10-07,2025-10-07 15:00:00,инвалидация,2025-10-08 00:00:00,,,,,,,,,,,,,,,,,,,,,,,,,,,,,,
ADAUSDT,low,2025-10-10,2025-10-10 15:15:00,инвалидация,2025-10-11 00:00:00,,,,,,,,,,,,,,,,,,,,,,,,,,,,,,
ADAUSDT,low,2025-11-20,2025-11-20 16:45:00,инвалидация,2025-11-21 00:00:00,,,,,,,,,,,,,,,,,,,,,,,,,,,,,,
ADAUSDT,low,2025-12-12,2025-12-12 15:45:00,нет сигнала,,,,,,,,,,,,,,,,,,,,,,,,,,,,,,,
ADAUSDT,low,2025-12-15,2025-12-15 14:45:00,инвалидация,2025-12-16 00:00:00,,,,,,,,,,,,,,,,,,,,,,,,,,,,,,
ADAUSDT,low,2025-12-29,2025-12-29 16:15:00,инвалидация,2025-12-30 00:00:00,,,,,,,,,,,,,,,,,,,,,,,,,,,,,,
ADAUSDT,low,2026-01-07,2026-01-07 14:30:00,инвалидация,2026-01-09 00:00:00,,,,,,,,,,,,,,,,,,,,,,,,,,,,,,
ADAUSDT,low,2026-01-23,2026-01-23 14:30:00,нет сигнала,,,,,,,,,,,,,,,,,,,,,,,,,,,,,,,
ADAUSDT,low,2026-02-16,2026-02-16 15:30:00,нет сигнала,,,,,,,,,,,,,,,,,,,,,,,,,,,,,,,
ADAUSDT,low,2026-03-31,2026-03-31 14:45:00,сделка,,2026-04-01 06:00:00,0.2489,6.0000803535556475,15.25,2.0903010033444835,0.7132352941176466,0.6495158763107504,3.3444816053511737,0.45986622073578176,20.5,True,-10.022189349112422,5.685618729097002,False,False,False,1.0,0.6963881560445125,False,False,1.0,-1.0166664434653345,False,2.0,-1.0166664434653345,True,0.2611455585166941,0.2444791150513595,,
ADAUSDT,low,2026-04-29,2026-04-29 15:30:00,сделка,,2026-05-01 09:00:00,0.2491,4.511481332798063,41.5,2.418032786885241,1.0851063829787198,0.4538133670282348,2.0491803278688545,1.5573770491803272,2.0,False,-1.2019230769230669,1.9262295081967256,False,False,False,4.0,2.064405904912757,False,True,1.0,0.9778343314261307,True,2.0,1.9778343314261306,,,,,
ADAUSDT,low,2026-05-15,2026-05-15 13:30:00,инвалидация,2026-05-16 00:00:00,,,,,,,,,,,,,,,,,,,,,,,,,,,,,,
ADAUSDT,low,2026-06-18,2026-06-18 15:00:00,инвалидация,2026-06-20 00:00:00,,,,,,,,,,,,,,,,,,,,,,,,,,,,,,
ADAUSDT,low,2026-06-25,2026-06-25 13:45:00,нет сигнала,,,,,,,,,,,,,,,,,,,,,,,,,,,,,,,
ADAUSDT,low,2026-07-23,2026-07-23 14:45:00,инвалидация,2026-07-24 00:00:00,,,,,,,,,,,,,,,,,,,,,,,,,,,,,,
ADAUSDT,low,2026-08-26,2026-08-26 14:30:00,сделка,,2026-08-26 22:00:00,0.2087,3.2114039290848195,7.5,1.8446601941747562,0.11739130434782633,0.4028527946047567,0.6310679611650599,0.24271844660194197,0.5,False,5.025125628140694,11.16504854368933,True,False,False,17.0,1.3876040703052692,True,True,1.0,0.9688609710244398,False,2.0,-1.0311390289755602,False,3.028856196472793,-1.0311390289755602,True,False
ADAUSDT,low,2026-09-09,2026-09-09 15:15:00,инвалидация,2026-09-10 00:00:00,,,,,,,,,,,,,,,,,,,,,,,,,,,,,,
ADAUSDT,low,2026-09-15,2026-09-15 14:30:00,инвалидация,2026-09-16 00:00:00,,,,,,,,,,,,,,,,,,,,,,,,,,,,,,
ADAUSDT,low,2026-09-23,2026-09-23 14:00:00,инвалидация,2026-09-24 00:00:00,,,,,,,,,,,,,,,,,,,,,,,,,,,,,,
ADAUSDT,high,2020-03-30,2020-03-30 15:30:00,инвалидация,2020-04-01 00:00:00,,,,,,,,,,,,,,,,,,,,,,,,,,,,,,
ADAUSDT,high,2020-03-31,2020-03-31 15:00:00,инвалидация,2020-04-02 00:00:00,,,,,,,,,,,,,,,,,,,,,,,,,,,,,,
ADAUSDT,high,2020-04-12,2020-04-12 14:30:00,сделка,,2020-04-13 00:00:00,0.03347,4.346847923513596,9.5,2.2267799589803596,0.44000000000000017,0.4536425434225273,1.67008496923528,2.168180486375616,3.0,False,6.985805733370438,4.394960445355996,True,False,True,19.0,1.7320897112496483,True,True,1.0,0.9769948243509818,False,2.0,-1.0230051756490182,True,0.5773632370832161,0.554358061434198,False,False
ADAUSDT,high,2020-04-14,2020-04-14 14:00:00,сделка,,2020-04-15 11:00:00,0.03281,3.120390124961897,21.0,0.2967359050444983,0.4890109890109895,0.8693104121898841,2.5816023738872484,0.4154302670623182,14.0,True,9.27297668038409,5.400593471810096,False,False,False,6.0,1.8167610861496422,True,True,1.0,0.9679527251416292,False,2.0,-1.0320472748583709,True,0.9083805430748211,0.8763332682164503,True,False
ADAUSDT,high,2020-05-13,2020-05-13 13:45:00,инвалидация,2020-05-14 00:00:00,,,,,,,,,,,,,,,,,,,,,,,,,,,,,,
ADAUSDT,high,2020-05-15,2020-05-15 14:30:00,нет сигнала,,,,,,,,,,,,,,,,,,,,,,,,,,,,,,,
ADAUSDT,high,2020-10-08,2020-10-08 14:30:00,инвалидация,2020-10-09 00:00:00,,,,,,,,,,,,,,,,,,,,,,,,,,,,,,
ADAUSDT,high,2020-10-12,2020-10-12 15:45:00,инвалидация,2020-10-13 00:00:00,,,,,,,,,,,,,,,,,,,,,,,,,,,,,,
ADAUSDT,high,2020-10-17,2020-10-17 15:00:00,нет сигнала,,,,,,,,,,,,,,,,,,,,,,,,,,,,,,,
ADAUSDT,high,2021-01-05,2021-01-05 15:45:00,инвалидация,2021-01-06 00:00:00,,,,,,,,,,,,,,,,,,,,,,,,,,,,,,
ADAUSDT,high,2021-01-30,2021-01-30 16:45:00,сделка,,2021-01-31 16:00:00,0.3446,9.860185722576889,23.25,2.293627610083303,0.6404895461499233,0.7392975496053353,6.058638970031368,0.04868549172345504,1.0,False,1.726086219560428,10.608027696635286,False,True,False,10.0,0.3923103637037873,True,False,1.0,-1.0101417967991242,False,2.0,-1.0101417967991242,False,0.41497195260490605,-1.0101417967991242,True,False
ADAUSDT,high,2021-02-11,2021-02-11 16:15:00,нет сигнала,,,,,,,,,,,,,,,,,,,,,,,,,,,,,,,
ADAUSDT,high,2021-02-26,2021-02-26 16:00:00,инвалидация,2021-02-27 00:00:00,,,,,,,,,,,,,,,,,,,,,,,,,,,,,,
ADAUSDT,high,2021-03-16,2021-03-16 15:30:00,инвалидация,2021-03-17 00:00:00,,,,,,,,,,,,,,,,,,,,,,,,,,,,,,
ADAUSDT,high,2021-04-05,2021-04-05 14:00:00,инвалидация,2021-04-06 00:00:00,,,,,,,,,,,,,,,,,,,,,,,,,,,,,,
ADAUSDT,high,2021-06-09,2021-06-09 15:30:00,инвалидация,2021-06-10 00:00:00,,,,,,,,,,,,,,,,,,,,,,,,,,,,,,
ADAUSDT,high,2021-06-14,2021-06-14 13:30:00,сделка,,2021-06-16 01:00:00,1.5359,4.961944136988082,35.5,1.988474447470084,0.24053452115812868,0.5668510244651318,2.5140903046038785,0.03799632702171705,16.25,False,1.581177661121998,11.373567221835222,False,False,False,20.0,3.027141929261719,False,True,1.0,0.9798466090630557,True,2.0,1.9798466090630555,True,1.7897796235426897,1.7696262326057453,,
ADAUSDT,high,2021-08-03,2021-08-03 13:45:00,инвалидация,2021-08-04 00:00:00,,,,,,,,,,,,,,,,,,,,,,,,,,,,,,
ADAUSDT,high,2021-08-06,2021-08-06 15:45:00,инвалидация,2021-08-07 00:00:00,,,,,,,,,,,,,,,,,,,,,,,,,,,,,,
ADAUSDT,high,2021-08-27,2021-08-27 14:00:00,инвалидация,2021-08-28 00:00:00,,,,,,,,,,,,,,,,,,,,,,,,,,,,,,
ADAUSDT,high,2021-10-02,2021-10-02 15:45:00,сделка,,2021-10-04 01:00:00,2.2255,4.521401932150086,33.25,2.1764938662445434,0.264929424538547,0.48497472764892924,2.0182034032449567,2.290814756188709,0.75,False,-2.285610629903416,8.099195356813091,False,False,True,20.0,1.1319389647379596,True,True,1.0,0.977882966057732,False,2.0,-1.022117033942268,False,1.3456061090914828,-1.022117033942268,False,False
ADAUSDT,high,2021-10-15,2021-10-15 15:00:00,сделка,,2021-10-16 13:00:00,2.2015,2.473481717011121,22.0,1.2034667025910328,0.36233951497860617,0.46645131552126656,1.1181463020342244,0.35924379181822297,19.5,True,4.236019374724793,3.147873725807178,False,False,False,8.0,2.0476110897882105,True,True,1.0,0.9595711586173207,True,2.0,1.9595711586173206,True,0.8208808584173322,0.7804520170346528,False,False
ADAUSDT,high,2021-10-25,2021-10-25 15:45:00,сделка,,2021-10-26 15:00:00,2.1555,2.491626072836916,23.25,1.6207753936826446,0.20248447204969136,0.3034986128437687,0.6768579058845372,0.5018878349756125,1.25,True,-0.4639931821410091,3.7066028179390473,False,True,False,10.0,6.933919228406017,False,True,1.0,0.9598655668721021,True,2.0,1.9598655668721021,True,1.1953749045748294,1.1552404714469315,,
ADAUSDT,high,2022-01-11,2022-01-11 16:30:00,инвалидация,2022-01-12 00:00:00,,,,,,,,,,,,,,,,,,,,,,,,,,,,,,
ADAUSDT,high,2022-02-28,2022-02-28 14:45:00,инвалидация,2022-03-01 00:00:00,,,,,,,,,,,,,,,,,,,,,,,,,,,,,,
ADAUSDT,high,2022-04-17,2022-04-17 13:45:00,сделка,,2022-04-17 17:00:00,0.9478,1.6313884785819837,3.25,0.04158436427903805,0.5444015444015461,0.9118953842571911,1.4450566586963327,0.4054475517205546,1.75,True,-3.326448527013801,2.6925875870672544,True,False,False,12.0,4.837572676768643,True,True,1.0,0.9387025216170947,True,2.0,1.9387025216170946,True,0.7631464917897008,0.7018490134067955,False,True
ADAUSDT,high,2022-07-30,2022-07-30 14:00:00,сделка,,2022-07-31 09:00:00,0.5217,6.815545332566586,19.0,2.034457478005865,0.603535353535352,0.6721658646612312,4.160557184750722,0.5865102639296152,2.0,False,-1.9144364133619907,7.258064516129028,False,False,False,4.0,0.9449695837915268,False,False,1.0,-1.0146723402340487,False,2.0,-1.0146723402340487,True,0.44154828766449356,0.42687594743044477,,
ADAUSDT,high,2022-08-23,2022-08-23 13:30:00,инвалидация,2022-08-24 00:00:00,,,,,,,,,,,,,,,,,,,,,,,,,,,,,,
ADAUSDT,high,2022-10-17,2022-10-17 13:30:00,сделка,,2022-10-18 02:00:00,0.3678,2.2228384991843253,12.5,0.26695141484249896,0.6126126126126102,0.8317432359704504,1.4148424986652353,0.1067805659369877,1.5,False,5.22407170294495,2.963160704751735,False,False,False,21.0,4.7091344977738965,False,True,1.0,0.9550124761485392,True,2.0,1.9550124761485392,True,0.5259552815695548,0.48096775771809414,,
ADAUSDT,high,2022-10-25,2022-10-25 13:30:00,инвалидация,2022-10-26 00:00:00,,,,,,,,,,,,,,,,,,,,,,,,,,,,,,
ADAUSDT,high,2023-01-20,2023-01-20 16:30:00,инвалидация,2023-01-21 00:00:00,,,,,,,,,,,,,,,,,,,,,,,,,,,,,,
ADAUSDT,high,2023-01-31,2023-01-31 16:00:00,сделка,,2023-02-01 18:00:00,0.3731,7.290243902439024,26.0,0.3765060240963859,0.750741839762612,0.9301504784944059,5.8483935742971855,2.76104417670683,0.0,True,0.26788106080900104,8.45883534136545,False,False,False,12.0,0.06250022978025578,True,False,1.0,-1.013716962194714,False,2.0,-1.013716962194714,False,0.3088246647965604,-1.013716962194714,False,False
ADAUSDT,high,2023-02-12,2023-02-12 14:30:00,сделка,,2023-02-13 02:00:00,0.3598,3.967120622568078,11.5,0.9727100783571986,0.7518248175182469,0.7216068713788307,2.1345582275060693,0.8916509051607593,20.0,False,3.586387434554971,3.701702242637123,False,False,False,20.0,1.0719014691355497,True,True,1.0,0.9747928007454268,False,2.0,-1.0252071992545733,True,0.23820032647456701,0.2129931272199938,True,False
ADAUSDT,high,2023-02-14,2023-02-14 14:45:00,инвалидация,2023-02-15 00:00:00,,,,,,,,,,,,,,,,,,,,,,,,,,,,,,
ADAUSDT,high,2023-02-18,2023-02-18 16:00:00,сделка,,2023-02-19 02:00:00,0.4021,4.282243223078831,10.0,2.1956574774335222,0.3196721311475402,0.4529906091562168,1.7565259819468124,0.024396194193703095,0.0,False,-10.766273001922553,5.952671383264206,False,False,False,20.0,1.4809308376261,False,True,1.0,0.9766477533408057,False,2.0,-1.0233522466591942,True,0.9640569374350291,0.9407046907758347,,
ADAUSDT,high,2023-03-28,2023-03-28 13:45:00,инвалидация,2023-03-29 00:00:00,,,,,,,,,,,,,,,,,,,,,,,,,,,,,,
ADAUSDT,high,2023-04-30,2023-04-30 15:30:00,сделка,,2023-05-01 19:00:00,0.3843,8.070491803278692,27.5,1.840942562592049,2.5666666666666655,0.7448033042182951,5.351006381934214,1.7182130584192454,112.25,True,-4.958246346555328,2.209131075110459,False,False,False,14.0,0.3675652670168197,False,False,1.0,-1.0123908186065407,False,2.0,-1.0123908186065407,,,,,
ADAUSDT,high,2023-05-14,2023-05-14 15:00:00,сделка,,2023-05-16 01:00:00,0.3657,2.8645884604867318,34.0,1.3211108115395027,0.5842696629213451,0.4963821378796839,1.2941493664060464,0.18873011593422323,21.75,True,0.1917282936181809,2.3995686168778696,False,False,False,20.0,0.4486530861604886,True,False,1.0,-1.0349090284274234,False,2.0,-1.0349090284274234,True,0.35319498272208744,0.31828595429466416,False,False
ADAUSDT,high,2023-07-13,2023-07-13 15:30:00,инвалидация,2023-07-14 00:00:00,,,,,,,,,,,,,,,,,,,,,,,,,,,,,,
ADAUSDT,high,2023-07-28,2023-07-28 14:30:00,сделка,,2023-07-29 12:00:00,0.3088,1.591126943005185,21.5,0.03191828917969645,0.5487804878048759,0.9158627427036253,1.3724864347271069,0.2872646026173035,2.5,False,0.7421748951274683,2.6172997127354103,False,False,False,7.0,0.04070501078683457,True,False,1.0,-1.0628485366548621,False,2.0,-1.0628485366548621,False,0.753042699556321,-1.0628485366548621,True,True
ADAUSDT,high,2023-08-19,2023-08-19 14:30:00,инвалидация,2023-08-20 00:00:00,,,,,,,,,,,,,,,,,,,,,,,,,,,,,,
ADAUSDT,high,2023-08-28,2023-08-28 15:15:00,инвалидация,2023-08-29 00:00:00,,,,,,,,,,,,,,,,,,,,,,,,,,,,,,
ADAUSDT,high,2023-09-28,2023-09-28 14:30:00,инвалидация,2023-09-29 00:00:00,,,,,,,,,,,,,,,,,,,,,,,,,,,,,,
ADAUSDT,high,2023-10-29,2023-10-29 15:15:00,инвалидация,2023-10-31 00:00:00,,,,,,,,,,,,,,,,,,,,,,,,,,,,,,
ADAUSDT,high,2023-12-27,2023-12-27 16:30:00,инвалидация,2023-12-28 00:00:00,,,,,,,,,,,,,,,,,,,,,,,,,,,,,,
ADAUSDT,high,2024-01-29,2024-01-29 16:15:00,инвалидация,2024-01-30 00:00:00,,,,,,,,,,,,,,,,,,,,,,,,,,,,,,
ADAUSDT,high,2024-02-26,2024-02-26 15:30:00,инвалидация,2024-02-27 00:00:00,,,,,,,,,,,,,,,,,,,,,,,,,,,,,,
ADAUSDT,high,2024-05-08,2024-05-08 14:45:00,инвалидация,2024-05-10 00:00:00,,,,,,,,,,,,,,,,,,,,,,,,,,,,,,
ADAUSDT,high,2024-07-17,2024-07-17 13:45:00,сделка,,2024-07-18 15:00:00,0.4316,5.851807228915665,25.25,0.9064780013265515,0.7931034482758632,0.8195942414595899,3.9796595180190053,0.9064780013265515,21.75,True,-10.636685194542705,5.77050630112756,False,True,False,10.0,0.6928936823933717,False,False,1.0,-1.017088737904056,False,2.0,-1.017088737904056,True,0.21380719342423932,0.19671845552018333,,
ADAUSDT,high,2024-09-13,2024-09-13 15:45:00,сделка,,2024-09-14 06:00:00,0.3575,2.1720000000000055,14.25,0.9405255878284964,0.40816326530612385,0.5151386366855972,1.078838174273863,0.19363762102352253,0.0,False,-9.501845018450197,2.710926694329177,False,False,False,1.0,4.0438382979819325,False,True,1.0,0.9539594843462248,True,2.0,1.9539594843462247,True,0.7469510231941117,0.7009105075403365,,
ADAUSDT,high,2024-09-17,2024-09-17 15:00:00,сделка,2024-09-19 00:00:00,2024-09-18 10:00:00,0.3285,4.487945205479436,19.0,1.3597398758498354,0.803278688524589,0.6647267498253403,2.1874076263671185,0.20691693762931673,11.5,True,6.5155807365439,3.606266627253914,False,False,False,5.0,0.10852681629801436,True,False,1.0,-1.0222819119711861,False,2.0,-1.0222819119711861,False,0.16279022444702343,-1.0222819119711861,True,False
ADAUSDT,high,2024-10-14,2024-10-14 14:00:00,инвалидация,2024-10-15 00:00:00,,,,,,,,,,,,,,,,,,,,,,,,,,,,,,
ADAUSDT,high,2024-10-20,2024-10-20 14:00:00,инвалидация,2024-10-21 00:00:00,,,,,,,,,,,,,,,,,,,,,,,,,,,,,,
ADAUSDT,high,2024-11-01,2024-11-01 14:30:00,сделка,,2024-11-02 22:00:00,0.3488,4.462155963302743,31.5,0.6915629322268333,0.5962441314553989,0.8159856078129026,3.3195020746887995,0.6362378976486928,11.25,True,-2.4595080983803363,5.892116182572611,False,False,False,17.0,1.8504240555127252,True,True,1.0,0.9775893086610126,False,2.0,-1.0224106913389874,True,0.5525571832433831,0.5301464919043957,True,False
ADAUSDT,high,2024-11-05,2024-11-05 16:45:00,инвалидация,2024-11-07 00:00:00,,,,,,,,,,,,,,,,,,,,,,,,,,,,,,
ADAUSDT,high,2024-12-05,2024-12-05 16:30:00,нет сигнала,,,,,,,,,,,,,,,,,,,,,,,,,,,,,,,
ADAUSDT,high,2024-12-24,2024-12-24 15:30:00,нет сигнала,,,,,,,,,,,,,,,,,,,,,,,,,,,,,,,
ADAUSDT,high,2025-01-01,2025-01-01 16:00:00,инвалидация,2025-01-02 00:00:00,,,,,,,,,,,,,,,,,,,,,,,,,,,,,,
ADAUSDT,high,2025-01-06,2025-01-06 16:00:00,сделка,,2025-01-07 03:00:00,1.0813,3.349338758901326,11.0,0.2874595759971337,0.5229508196721323,0.8808164257076906,2.434423284225647,0.09881422924900099,0.0,False,-29.146442523973004,5.479698167445198,False,False,False,21.0,0.008283540053676418,True,False,1.0,-1.029856639533471,False,2.0,-1.029856639533471,False,0.8035033852066984,-1.029856639533471,False,True
ADAUSDT,high,2025-01-14,2025-01-14 14:30:00,инвалидация,2025-01-15 00:00:00,,,,,,,,,,,,,,,,,,,,,,,,,,,,,,
ADAUSDT,high,2025-03-02,2025-03-02 15:15:00,инвалидация,2025-03-03 00:00:00,,,,,,,,,,,,,,,,,,,,,,,,,,,,,,
ADAUSDT,high,2025-03-14,2025-03-14 15:15:00,инвалидация,2025-03-16 00:00:00,,,,,,,,,,,,,,,,,,,,,,,,,,,,,,
ADAUSDT,high,2025-04-02,2025-04-02 15:30:00,сделка,,2025-04-02 23:00:00,0.6394,11.136987801063505,7.5,2.2468673484084616,1.4758064516129044,0.7709602176101922,4.3497047385856265,0.23044793317008996,40.25,False,8.266702805258172,5.357914446204812,True,False,False,18.0,1.8059286700304291,False,True,1.0,0.9910209114182157,False,2.0,-1.0089790885817842,,,,,
ADAUSDT,high,2025-04-12,2025-04-12 13:30:00,инвалидация,2025-04-13 00:00:00,,,,,,,,,,,,,,,,,,,,,,,,,,,,,,
ADAUSDT,high,2025-04-22,2025-04-22 13:45:00,инвалидация,2025-04-23 00:00:00,,,,,,,,,,,,,,,,,,,,,,,,,,,,,,
ADAUSDT,high,2025-04-24,2025-04-24 15:00:00,инвалидация,2025-04-25 00:00:00,,,,,,,,,,,,,,,,,,,,,,,,,,,,,,
ADAUSDT,high,2025-05-03,2025-05-03 14:45:00,нет сигнала,,,,,,,,,,,,,,,,,,,,,,,,,,,,,,,
ADAUSDT,high,2025-06-08,2025-06-08 13:30:00,инвалидация,2025-06-10 00:00:00,,,,,,,,,,,,,,,,,,,,,,,,,,,,,,
ADAUSDT,high,2025-07-02,2025-07-02 15:30:00,инвалидация,2025-07-03 00:00:00,,,,,,,,,,,,,,,,,,,,,,,,,,,,,,
ADAUSDT,high,2025-07-06,2025-07-06 13:30:00,инвалидация,2025-07-07 00:00:00,,,,,,,,,,,,,,,,,,,,,,,,,,,,,,
ADAUSDT,high,2025-08-22,2025-08-22 14:00:00,инвалидация,2025-08-23 00:00:00,,,,,,,,,,,,,,,,,,,,,,,,,,,,,,
ADAUSDT,high,2025-09-10,2025-09-10 13:45:00,нет сигнала,,,,,,,,,,,,,,,,,,,,,,,,,,,,,,,
ADAUSDT,high,2025-09-24,2025-09-24 14:45:00,нет сигнала,,,,,,,,,,,,,,,,,,,,,,,,,,,,,,,
ADAUSDT,high,2025-09-29,2025-09-29 14:15:00,сделка,,2025-09-30 10:00:00,0.7863,3.8555004451227273,19.75,0.5051127263767392,0.5347368421052628,0.837846931303148,2.4762843415054836,0.7515091782678323,14.25,False,-0.335153922542209,5.851915732413452,False,False,False,5.0,0.29027767698691864,True,False,1.0,-1.0259369701607743,False,2.0,-1.0259369701607743,False,0.7289928024330549,-1.0259369701607743,True,False
ADAUSDT,high,2025-10-12,2025-10-12 15:15:00,инвалидация,2025-10-13 00:00:00,,,,,,,,,,,,,,,,,,,,,,,,,,,,,,
ADAUSDT,high,2025-10-21,2025-10-21 15:00:00,сделка,,2025-10-22 07:00:00,0.6347,8.064471403812831,16.0,1.4359733530718048,1.1147540983606554,0.7971054132835256,5.921539600296082,0.32568467801629764,51.25,False,0.8682634730538963,5.418208734270905,False,False,False,2.0,0.590014301008885,True,False,1.0,-1.0124000687698789,False,2.0,-1.0124000687698789,,,,False,False
ADAUSDT,high,2025-12-02,2025-12-02 15:00:00,инвалидация,2025-12-03 00:00:00,,,,,,,,,,,,,,,,,,,,,,,,,,,,,,
ADAUSDT,high,2025-12-07,2025-12-07 16:15:00,инвалидация,2025-12-09 00:00:00,,,,,,,,,,,,,,,,,,,,,,,,,,,,,,
ADAUSDT,high,2025-12-17,2025-12-17 14:45:00,нет сигнала,,,,,,,,,,,,,,,,,,,,,,,,,,,,,,,
ADAUSDT,high,2025-12-19,2025-12-19 16:30:00,сделка,,2025-12-21 08:00:00,0.3673,3.8063980397495283,39.5,0.39536109646810785,0.3666666666666663,0.8654664578102972,3.162888771744863,0.4217185028993121,3.5,True,14.404094564952471,8.697944122298374,False,False,False,2.0,0.7152615353804116,True,False,1.0,-1.0262715561945226,False,2.0,-1.0262715561945226,False,1.4948966089450608,-1.0262715561945226,False,True
ADAUSDT,high,2026-01-09,2026-01-09 15:30:00,нет сигнала,,,,,,,,,,,,,,,,,,,,,,,,,,,,,,,
ADAUSDT,high,2026-01-13,2026-01-13 15:45:00,инвалидация,2026-01-14 00:00:00,,,,,,,,,,,,,,,,,,,,,,,,,,,,,,
ADAUSDT,high,2026-01-17,2026-01-17 14:30:00,сделка,,2026-01-17 23:00:00,0.3962,2.1212014134275687,8.5,1.43036386449184,0.11330049261083841,0.2736726874657929,0.4015056461731608,0.4015056461731608,0.0,False,-1.2029690299462457,5.094102885821842,True,False,True,17.0,6.5562456866804455,False,True,1.0,0.952856904880893,True,2.0,1.952856904880893,True,2.1417862497322715,2.0946431546131645,,
ADAUSDT,high,2026-02-02,2026-02-02 14:30:00,сделка,,2026-02-03 03:00:00,0.2942,3.1622025832766862,12.5,1.3707790036777159,0.2401960784313709,0.5267004901539206,1.4710799063858107,1.3707790036776972,2.5,True,20.776699029126206,6.820461384152448,False,False,False,21.0,0.13973686473471728,True,False,1.0,-1.0316235273884256,False,2.0,-1.0316235273884256,False,1.6660933872216006,-1.0316235273884256,False,True
ADAUSDT,high,2026-02-03,2026-02-03 15:45:00,сделка,,2026-02-03 18:00:00,0.2872,6.26911559888579,2.25,0.5606860158311278,0.5755395683453233,0.8886469794333778,2.8034300791556754,1.352242744063322,23.75,False,16.531695057246573,9.168865435356215,True,False,False,12.0,3.710101139134349,False,True,1.0,0.9840487867191708,True,2.0,1.984048786719171,True,0.6553771473321173,0.6394259340512881,,
ADAUSDT,high,2026-02-13,2026-02-13 15:00:00,инвалидация,2026-02-14 00:00:00,,,,,,,,,,,,,,,,,,,,,,,,,,,,,,
ADAUSDT,high,2026-03-04,2026-03-04 14:30:00,сделка,,2026-03-05 01:00:00,0.2741,4.0806275082086625,10.5,2.8880866425992604,0.17159763313609522,0.25927581582476783,1.010830324909756,0.974729241877249,3.25,True,8.542538354253843,6.101083032490983,False,False,False,19.0,2.5480554313813264,False,True,1.0,0.9754939651318729,True,2.0,1.975493965131873,True,1.251676352257495,1.227170317389368,,
ADAUSDT,high,2026-04-03,2026-04-03 15:00:00,сделка,,2026-04-05 11:00:00,0.2404,4.638643926788698,44.0,0.279329608938561,0.6374999999999997,0.9146915606252148,3.6711891460494757,0.4788507581803698,7.0,True,2.6851098454027644,6.384676775738223,False,False,False,6.0,0.0807080788786966,True,False,1.0,-1.0215580246249316,False,2.0,-1.0215580246249316,False,0.5201187305515934,-1.0215580246249316,True,False
ADAUSDT,high,2026-04-14,2026-04-14 14:00:00,сделка,,2026-04-14 19:00:00,0.2404,3.889143094841935,5.0,0.20080321285140582,0.6466165413533829,0.9198352853093734,2.9317269076305226,0.7228915662650586,14.0,False,0.7584830339321409,5.341365461847392,True,False,False,14.0,0.25669821915610574,True,False,1.0,-1.0257126049521363,False,2.0,-1.0257126049521363,False,0.5027006791807053,-1.0257126049521363,True,False
ADAUSDT,high,2026-05-10,2026-05-10 15:45:00,инвалидация,2026-05-11 00:00:00,,,,,,,,,,,,,,,,,,,,,,,,,,,,,,
ADAUSDT,high,2026-05-25,2026-05-25 14:45:00,сделка,,2026-05-25 23:00:00,0.2425,2.246474226804124,8.25,0.3646677471637001,0.5058823529411774,0.7893239348715969,1.4991896272285175,0.28363047001619873,8.75,True,2.4193548387096793,3.444084278768225,True,False,False,18.0,2.6983864750261564,False,True,1.0,0.9554858013473576,True,2.0,1.9554858013473575,True,0.7709675642931846,0.7264533656405422,,
ADAUSDT,high,2026-06-08,2026-06-08 15:00:00,инвалидация,2026-06-09 00:00:00,,,,,,,,,,,,,,,,,,,,,,,,,,,,,,
ADAUSDT,high,2026-07-04,2026-07-04 14:45:00,инвалидация,2026-07-05 00:00:00,,,,,,,,,,,,,,,,,,,,,,,,,,,,,,
ADAUSDT,high,2026-07-11,2026-07-11 15:00:00,нет сигнала,,,,,,,,,,,,,,,,,,,,,,,,,,,,,,,
ADAUSDT,high,2026-07-22,2026-07-22 14:00:00,сделка,,2026-07-24 02:00:00,0.1668,8.501678657074336,36.0,1.8591549295774632,1.3048780487804885,0.7545413516867873,5.971830985915492,0.1126760563380314,44.5,False,-8.027380211574359,4.619718309859146,False,False,False,21.0,0.9590432133589083,False,False,1.0,-1.0117623829403137,False,2.0,-1.0117623829403137,,,,,
ADAUSDT,high,2026-07-30,2026-07-30 14:30:00,инвалидация,2026-07-31 00:00:00,,,,,,,,,,,,,,,,,,,,,,,,,,,,,,
ADAUSDT,high,2026-08-03,2026-08-03 13:45:00,инвалидация,2026-08-04 00:00:00,,,,,,,,,,,,,,,,,,,,,,,,,,,,,,
ADAUSDT,high,2026-08-06,2026-08-06 14:30:00,инвалидация,2026-08-07 00:00:00,,,,,,,,,,,,,,,,,,,,,,,,,,,,,,
ADAUSDT,high,2026-08-19,2026-08-19 15:00:00,инвалидация,2026-08-20 00:00:00,,,,,,,,,,,,,,,,,,,,,,,,,,,,,,
ADAUSDT,high,2026-08-30,2026-08-30 13:30:00,сделка,,2026-08-30 21:00:00,0.2011,2.588811536548976,7.5,1.277641277641287,0.4999999999999971,0.46099767580338247,0.8845208845208827,0.39312039312040437,0.75,True,8.943089430894313,2.3587223587223582,True,False,False,16.0,2.2857801425251174,True,True,1.0,0.9613722364149747,True,2.0,1.9613722364149746,True,0.4609976758033878,0.42236991221836245,True,False
ADAUSDT,high,2026-09-08,2026-09-08 15:15:00,сделка,,2026-09-09 21:00:00,0.2142,8.465032679738568,29.75,2.5176678445229728,0.9457364341085266,0.6728398806536463,5.212014134275608,1.0600706713780856,72.0,True,-9.601990049751235,5.697879858657242,False,False,False,16.0,0.777626419443969,False,False,1.0,-1.0118133034783616,False,2.0,-1.0118133034783616,True,0.03860556692275058,0.02679226344438901,,
ADAUSDT,high,2026-09-11,2026-09-11 14:00:00,нет сигнала,,,,,,,,,,,,,,,,,,,,,,,,,,,,,,,
ADAUSDT,high,2026-10-04,2026-10-04 15:00:00,инвалидация,2026-10-05 00:00:00,,,,,,,,,,,,,,,,,,,,,,,,,,,,,,
BNBUSDT,low,2020-02-15,2020-02-15 15:45:00,инвалидация,2020-02-16 00:00:00,,,,,,,,,,,,,,,,,,,,,,,,,,,,,,
BNBUSDT,low,2020-02-16,2020-02-16 15:30:00,нет сигнала,,,,,,,,,,,,,,,,,,,,,,,,,,,,,,,
BNBUSDT,low,2020-03-01,2020-03-01 16:45:00,нет сигнала,,,,,,,,,,,,,,,,,,,,,,,,,,,,,,,
BNBUSDT,low,2020-03-07,2020-03-07 16:45:00,инвалидация,2020-03-08 00:00:00,,,,,,,,,,,,,,,,,,,,,,,,,,,,,,
BNBUSDT,low,2020-06-02,2020-06-02 14:45:00,нет сигнала,,,,,,,,,,,,,,,,,,,,,,,,,,,,,,,
BNBUSDT,low,2020-06-27,2020-06-27 15:30:00,инвалидация,2020-06-28 00:00:00,,,,,,,,,,,,,,,,,,,,,,,,,,,,,,
BNBUSDT,low,2020-07-09,2020-07-09 15:00:00,сделка,,2020-07-10 15:00:00,16.942,2.9716385314602904,24.0,0.8555763089715189,0.39518900343642593,0.6852648200931507,1.795505211785252,0.9158281617159789,15.0,True,13.095238095238088,5.259986744592381,False,True,False,10.0,4.224806586487349,False,True,1.0,0.9663485316463241,True,2.0,1.966348531646324,True,1.048753115968649,1.015101647614973,,
BNBUSDT,low,2020-08-18,2020-08-18 13:45:00,инвалидация,2020-08-20 00:00:00,,,,,,,,,,,,,,,,,,,,,,,,,,,,,,
BNBUSDT,low,2020-08-25,2020-08-25 15:15:00,инвалидация,2020-08-26 00:00:00,,,,,,,,,,,,,,,,,,,,,,,,,,,,,,
BNBUSDT,low,2020-10-01,2020-10-01 15:45:00,инвалидация,2020-10-02 00:00:00,,,,,,,,,,,,,,,,,,,,,,,,,,,,,,
BNBUSDT,low,2020-11-09,2020-11-09 16:00:00,нет сигнала,,,,,,,,,,,,,,,,,,,,,,,,,,,,,,,
BNBUSDT,low,2021-01-15,2021-01-15 15:45:00,сделка,,2021-01-16 01:00:00,41.408,6.642909582689346,9.25,2.479838709677424,0.7325137770241629,0.6282046434793225,3.8331653225806472,0.6905241935483893,0.0,True,-4.545972168446934,5.945060483870972,False,False,False,19.0,2.1783577683611663,False,True,1.0,0.9849463553951436,True,2.0,1.9849463553951436,True,0.2293964872890349,0.21434284268417855,,
BNBUSDT,low,2021-01-19,2021-01-19 15:45:00,инвалидация,2021-01-20 00:00:00,,,,,,,,,,,,,,,,,,,,,,,,,,,,,,
BNBUSDT,low,2021-01-27,2021-01-27 14:45:00,сделка,,2021-01-28 06:00:00,42.423,6.488720741107419,15.25,0.4162905005517023,0.9503731343283599,0.9252700066479955,6.319590731266936,0.6770990069214644,42.75,True,8.347349082723108,6.7208345872203825,False,False,False,0.0,3.6890918404045467,False,True,1.0,0.984588641738505,True,2.0,1.984588641738505,True,0.0483160231190338,0.03290466485753877,,
BNBUSDT,low,2021-04-14,2021-04-14 14:00:00,нет сигнала,,,,,,,,,,,,,,,,,,,,,,,,,,,,,,,
BNBUSDT,low,2021-05-04,2021-05-04 14:30:00,инвалидация,2021-05-05 00:00:00,,,,,,,,,,,,,,,,,,,,,,,,,,,,,,
BNBUSDT,low,2021-05-29,2021-05-29 15:00:00,инвалидация,2021-05-30 00:00:00,,,,,,,,,,,,,,,,,,,,,,,,,,,,,,
BNBUSDT,low,2021-07-25,2021-07-25 14:15:00,нет сигнала,,,,,,,,,,,,,,,,,,,,,,,,,,,,,,,
BNBUSDT,low,2021-08-22,2021-08-22 14:45:00,сделка,,2021-08-23 02:00:00,454.29,3.6602390543485477,11.25,1.550561797752804,0.5846444304594102,0.558692815174314,1.6629213483146017,1.1146067415730292,2.0,False,8.036938171849076,3.570786516853929,False,False,False,21.0,3.940919287230649,False,True,1.0,0.9726793800855179,True,2.0,1.972679380085518,True,0.39691846933804575,0.36959784942356366,,
BNBUSDT,low,2021-09-10,2021-09-10 14:00:00,инвалидация,2021-09-11 00:00:00,,,,,,,,,,,,,,,,,,,,,,,,,,,,,,
BNBUSDT,low,2021-10-21,2021-10-21 14:15:00,инвалидация,2021-10-22 00:00:00,,,,,,,,,,,,,,,,,,,,,,,,,,,,,,
BNBUSDT,low,2021-10-31,2021-10-31 13:30:00,сделка,,2021-10-31 23:00:00,524.57,3.242287969193822,9.5,0.4662552649622873,0.45314505776636876,0.8301941372536704,2.666274855519631,0.5191497698109466,1.5,False,8.971981870622182,6.104417670682736,True,False,False,18.0,5.512089261156605,False,True,0.9999999999999967,0.9691575822535975,True,2.0,1.969157582253601,True,1.0018773441078224,0.9710349263614232,,
BNBUSDT,low,2021-11-12,2021-11-12 16:30:00,нет сигнала,,,,,,,,,,,,,,,,,,,,,,,,,,,,,,,
BNBUSDT,low,2021-11-18,2021-11-18 15:00:00,инвалидация,2021-11-19 00:00:00,,,,,,,,,,,,,,,,,,,,,,,,,,,,,,
BNBUSDT,low,2021-12-03,2021-12-03 16:00:00,инвалидация,2021-12-04 00:00:00,,,,,,,,,,,,,,,,,,,,,,,,,,,,,,
BNBUSDT,low,2021-12-10,2021-12-10 15:45:00,инвалидация,2021-12-11 00:00:00,,,,,,,,,,,,,,,,,,,,,,,,,,,,,,
BNBUSDT,low,2021-12-15,2021-12-15 15:45:00,сделка,,2021-12-15 21:00:00,543.86,7.88098039936749,5.25,1.624230060025888,1.3566878980891734,0.795119162885107,6.616579701047515,1.4574914669072836,48.0,True,-7.272599515160029,4.927615834281456,True,False,False,15.0,0.05506106879133982,False,False,1.0000000000000013,-1.0126887766410415,False,2.0,-1.0126887766410415,,,,,
BNBUSDT,low,2022-02-02,2022-02-02 14:45:00,инвалидация,2022-02-03 00:00:00,,,,,,,,,,,,,,,,,,,,,,,,,,,,,,
BNBUSDT,low,2022-04-16,2022-04-16 15:15:00,инвалидация,2022-04-18 00:00:00,,,,,,,,,,,,,,,,,,,,,,,,,,,,,,
BNBUSDT,low,2022-05-05,2022-05-05 15:00:00,инвалидация,2022-05-06 00:00:00,,,,,,,,,,,,,,,,,,,,,,,,,,,,,,
BNBUSDT,low,2022-05-24,2022-05-24 14:00:00,нет сигнала,,,,,,,,,,,,,,,,,,,,,,,,,,,,,,,
BNBUSDT,low,2022-06-01,2022-06-01 14:30:00,инвалидация,2022-06-02 00:00:00,,,,,,,,,,,,,,,,,,,,,,,,,,,,,,
BNBUSDT,low,2022-06-27,2022-06-27 13:45:00,инвалидация,2022-06-29 00:00:00,,,,,,,,,,,,,,,,,,,,,,,,,,,,,,
BNBUSDT,low,2022-08-16,2022-08-16 14:30:00,инвалидация,2022-08-18 00:00:00,,,,,,,,,,,,,,,,,,,,,,,,,,,,,,
BNBUSDT,low,2022-12-01,2022-12-01 15:00:00,сделка,,2022-12-02 11:00:00,291.35,2.1710348378239237,20.0,2.291095890410958,-0.04898266767143769,-0.10276176187411797,-0.39041095890410493,0.08219178082192093,0.0,True,-0.10651399660486409,4.5445205479452,False,False,True,5.0,0.16916166954662978,True,False,1.0,-1.0460609835723467,False,2.0,-1.0460609835723467,False,2.2006826542888738,-1.0460609835723467,False,False
BNBUSDT,low,2022-12-25,2022-12-25 14:30:00,нет сигнала,,,,,,,,,,,,,,,,,,,,,,,,,,,,,,,
BNBUSDT,low,2023-01-18,2023-01-18 15:45:00,инвалидация,2023-01-19 00:00:00,,,,,,,,,,,,,,,,,,,,,,,,,,,,,,
BNBUSDT,low,2023-02-24,2023-02-24 15:15:00,инвалидация,2023-02-25 00:00:00,,,,,,,,,,,,,,,,,,,,,,,,,,,,,,
BNBUSDT,low,2023-02-27,2023-02-27 16:30:00,нет сигнала,,,,,,,,,,,,,,,,,,,,,,,,,,,,,,,
BNBUSDT,low,2023-03-27,2023-03-27 14:45:00,инвалидация,2023-03-28 00:00:00,,,,,,,,,,,,,,,,,,,,,,,,,,,,,,
BNBUSDT,low,2023-04-02,2023-04-02 15:00:00,инвалидация,2023-04-04 00:00:00,,,,,,,,,,,,,,,,,,,,,,,,,,,,,,
BNBUSDT,low,2023-05-06,2023-05-06 14:00:00,инвалидация,2023-05-07 00:00:00,,,,,,,,,,,,,,,,,,,,,,,,,,,,,,
BNBUSDT,low,2023-06-22,2023-06-22 14:30:00,инвалидация,2023-06-23 00:00:00,,,,,,,,,,,,,,,,,,,,,,,,,,,,,,
BNBUSDT,low,2023-06-24,2023-06-24 15:15:00,инвалидация,2023-06-25 00:00:00,,,,,,,,,,,,,,,,,,,,,,,,,,,,,,
BNBUSDT,low,2023-06-30,2023-06-30 13:45:00,нет сигнала,,,,,,,,,,,,,,,,,,,,,,,,,,,,,,,
BNBUSDT,low,2023-07-06,2023-07-06 14:30:00,инвалидация,2023-07-07 00:00:00,,,,,,,,,,,,,,,,,,,,,,,,,,,,,,
BNBUSDT,low,2023-07-09,2023-07-09 14:00:00,сделка,,2023-07-10 10:00:00,240.24,3.9423076923076934,20.0,1.08337258596326,1.7030456852791909,0.7084785133565628,0.8564210165717466,0.2355157795572352,16.0,True,-4.253507420322768,1.6871494026463398,False,False,False,5.0,2.2320768662232053,False,True,1.0,0.9746341463414634,True,2.0,1.9746341463414634,,,,,
BNBUSDT,low,2023-07-12,2023-07-12 15:30:00,инвалидация,2023-07-13 00:00:00,,,,,,,,,,,,,,,,,,,,,,,,,,,,,,
BNBUSDT,low,2023-08-16,2023-08-16 13:30:00,инвалидация,2023-08-17 00:00:00,,,,,,,,,,,,,,,,,,,,,,,,,,,,,,
BNBUSDT,low,2023-08-22,2023-08-22 15:45:00,сделка,,2023-08-23 00:00:00,210.84,3.985315879339793,8.25,1.2956648806624573,0.48511383537653224,0.6593165957365755,2.2795908426692537,0.0048709206039897245,12.25,False,-9.372305569925853,5.562591329761318,True,False,False,19.0,1.2329458360705636,False,True,1.0,0.9749078860929423,False,2.0,-1.0250921139070577,True,0.6997800691211312,0.6746879552140735,,
BNBUSDT,low,2023-08-31,2023-08-31 15:30:00,инвалидация,2023-09-01 00:00:00,,,,,,,,,,,,,,,,,,,,,,,,,,,,,,
BNBUSDT,low,2023-09-06,2023-09-06 15:15:00,нет сигнала,,,,,,,,,,,,,,,,,,,,,,,,,,,,,,,
BNBUSDT,low,2023-10-03,2023-10-03 14:45:00,нет сигнала,,,,,,,,,,,,,,,,,,,,,,,,,,,,,,,
BNBUSDT,low,2023-10-05,2023-10-05 15:30:00,сделка,,2023-10-06 08:00:00,212.5,1.1483623529411755,16.5,0.24669101949807004,0.5624999999999988,0.7007421309937053,0.7068646520233451,0.2988756582380547,1.25,False,-0.8178058640397841,1.4421936524503158,False,False,False,3.0,0.8974416765357929,True,False,1.0,-1.0870805279743636,False,2.0,-1.0870805279743636,True,0.5450216574395511,0.45794112946518756,True,True
BNBUSDT,low,2023-10-17,2023-10-17 13:45:00,нет сигнала,,,,,,,,,,,,,,,,,,,,,,,,,,,,,,,
BNBUSDT,low,2023-10-26,2023-10-26 14:30:00,нет сигнала,,,,,,,,,,,,,,,,,,,,,,,,,,,,,,,
BNBUSDT,low,2023-10-31,2023-10-31 15:15:00,сделка,,2023-11-01 19:00:00,226.32,1.8215005302226959,27.75,0.9750233738480147,0.3577405857740563,0.4148048961532249,0.2626775299407751,0.013356484573260824,6.75,True,2.613702820639706,2.128133208672798,False,False,False,14.0,6.852770945221487,False,True,1.0,0.945100208130176,True,2.0,1.945100208130176,True,0.7447082053745104,0.6898084135046865,,
BNBUSDT,low,2023-11-01,2023-11-01 14:45:00,сделка,,2023-11-01 19:00:00,226.32,1.8215005302226959,4.25,0.4253033084120594,0.48202614379084746,0.7155990898549844,0.8192684783095242,0.013430630791960038,6.75,False,1.3567974207415374,2.739848681559746,True,False,False,14.0,6.852770945221487,False,True,1.0,0.945100208130176,True,2.0,1.945100208130176,True,0.7689658016407867,0.7140660097709627,,
BNBUSDT,low,2023-11-09,2023-11-09 16:00:00,нет сигнала,,,,,,,,,,,,,,,,,,,,,,,,,,,,,,,
BNBUSDT,low,2023-11-17,2023-11-17 15:15:00,сделка,,2023-11-17 23:00:00,244.83,2.7032839112853915,7.75,0.6872136609745962,0.2952559300873917,0.7146688424026775,1.9325281132861372,0.466472303206999,19.75,False,-3.5126758324723846,6.672219908371517,True,False,False,17.0,0.6889830700541603,True,False,1.0,-1.0369920449652108,False,1.9999999999999958,-1.0369920449652108,False,1.705837469498138,-1.0369920449652108,True,True
BNBUSDT,low,2023-11-30,2023-11-30 16:00:00,нет сигнала,,,,,,,,,,,,,,,,,,,,,,,,,,,,,,,
BNBUSDT,low,2023-12-15,2023-12-15 14:30:00,инвалидация,2023-12-16 00:00:00,,,,,,,,,,,,,,,,,,,,,,,,,,,,,,
BNBUSDT,low,2024-01-02,2024-01-02 15:15:00,сделка,,2024-01-03 10:00:00,329.76,7.631277292576416,18.75,0.5706831893037665,2.6502293577981586,0.9183426121303889,6.5905755747595105,0.5250285341594696,111.25,True,-3.1597479614529336,2.843632806130777,False,False,False,4.0,0.09616569110149521,True,False,1.0,-1.0131039662386896,False,2.0,-1.0131039662386896,,,,False,True
BNBUSDT,low,2024-01-05,2024-01-05 16:45:00,сделка,2024-01-07 00:00:00,2024-01-05 22:00:00,315.79,2.5643623927293495,5.25,0.8307038444201121,0.38393515106853643,0.6433687330205023,1.6517483418120922,0.47974756906431587,1.0,True,1.9923589403555313,4.369244639062398,True,False,False,16.0,0.21116325018522805,True,False,1.0,-1.038996048407014,False,2.0,-1.038996048407014,False,1.0323536675722331,-1.038996048407014,True,False
BNBUSDT,low,2024-01-12,2024-01-12 16:45:00,инвалидация,2024-01-13 00:00:00,,,,,,,,,,,,,,,,,,,,,,,,,,,,,,
BNBUSDT,low,2024-01-19,2024-01-19 16:30:00,нет сигнала,,,,,,,,,,,,,,,,,,,,,,,,,,,,,,,
BNBUSDT,low,2024-02-03,2024-02-03 15:00:00,инвалидация,2024-02-04 00:00:00,,,,,,,,,,,,,,,,,,,,,,,,,,,,,,
BNBUSDT,low,2024-02-17,2024-02-17 14:30:00,инвалидация,2024-02-19 00:00:00,,,,,,,,,,,,,,,,,,,,,,,,,,,,,,
BNBUSDT,low,2024-02-20,2024-02-20 15:30:00,нет сигнала,,,,,,,,,,,,,,,,,,,,,,,,,,,,,,,
BNBUSDT,low,2024-03-05,2024-03-05 16:00:00,инвалидация,2024-03-06 00:00:00,,,,,,,,,,,,,,,,,,,,,,,,,,,,,,
BNBUSDT,low,2024-03-18,2024-03-18 14:45:00,инвалидация,2024-03-20 00:00:00,,,,,,,,,,,,,,,,,,,,,,,,,,,,,,
BNBUSDT,low,2024-03-27,2024-03-27 14:00:00,сделка,,2024-03-28 08:00:00,590.89,4.865998747651829,18.0,1.6258741258741178,0.72681800692574,0.6569817791024863,3.18356643356644,1.4527972027972131,22.0,False,4.769638893400456,4.543706293706295,False,False,False,3.0,1.0492927620710428,True,True,1.0,0.9794492343327756,False,2.0,-1.0205507656672244,True,0.2469333314784368,0.2263825658112124,False,False
BNBUSDT,low,2024-04-17,2024-04-17 15:15:00,нет сигнала,,,,,,,,,,,,,,,,,,,,,,,,,,,,,,,
BNBUSDT,low,2024-04-24,2024-04-24 14:30:00,нет сигнала,,,,,,,,,,,,,,,,,,,,,,,,,,,,,,,
BNBUSDT,low,2024-05-10,2024-05-10 14:45:00,инвалидация,2024-05-11 00:00:00,,,,,,,,,,,,,,,,,,,,,,,,,,,,,,
BNBUSDT,low,2024-05-26,2024-05-26 13:30:00,сделка,,2024-05-27 16:00:00,613.46,2.5850422195416183,26.5,0.23182508047165334,1.8717948717948805,0.8746263762596004,1.202488367050805,1.4343134475224584,77.5,True,0.4618899134581684,1.2358444937373818,False,True,True,11.0,0.11539771222458577,True,False,1.0,-1.0386840877274848,False,2.0,-1.0386840877274848,,,,False,False
BNBUSDT,low,2024-07-07,2024-07-07 14:00:00,инвалидация,2024-07-08 00:00:00,,,,,,,,,,,,,,,,,,,,,,,,,,,,,,
BNBUSDT,low,2024-08-02,2024-08-02 15:00:00,инвалидация,2024-08-03 00:00:00,,,,,,,,,,,,,,,,,,,,,,,,,,,,,,
BNBUSDT,low,2024-09-06,2024-09-06 14:00:00,инвалидация,2024-09-07 00:00:00,,,,,,,,,,,,,,,,,,,,,,,,,,,,,,
BNBUSDT,low,2024-10-01,2024-10-01 14:30:00,инвалидация,2024-10-02 00:00:00,,,,,,,,,,,,,,,,,,,,,,,,,,,,,,
BNBUSDT,low,2024-10-17,2024-10-17 14:00:00,сделка,,2024-10-18 02:00:00,597.39,2.2455280470044783,12.0,0.9321085991255128,0.464512040557668,0.5464212020371904,1.0575195742805834,0.18981120564010517,6.0,True,4.7684612301096285,2.674304308036486,False,False,False,21.0,1.1234062093725021,False,True,1.0,0.9554670447633021,False,2.0,-1.0445329552366978,True,0.6299125726076751,0.5853796173709772,,
BNBUSDT,low,2024-11-19,2024-11-19 15:15:00,инвалидация,2024-11-21 00:00:00,,,,,,,,,,,,,,,,,,,,,,,,,,,,,,
BNBUSDT,low,2024-11-25,2024-11-25 15:00:00,инвалидация,2024-11-26 00:00:00,,,,,,,,,,,,,,,,,,,,,,,,,,,,,,
BNBUSDT,low,2024-12-03,2024-12-03 14:30:00,нет сигнала,,,,,,,,,,,,,,,,,,,,,,,,,,,,,,,
BNBUSDT,low,2025-01-07,2025-01-07 15:15:00,инвалидация,2025-01-08 00:00:00,,,,,,,,,,,,,,,,,,,,,,,,,,,,,,
BNBUSDT,low,2025-02-14,2025-02-14 15:15:00,нет сигнала,,,,,,,,,,,,,,,,,,,,,,,,,,,,,,,
BNBUSDT,low,2025-03-22,2025-03-22 15:00:00,инвалидация,2025-03-24 00:00:00,,,,,,,,,,,,,,,,,,,,,,,,,,,,,,
BNBUSDT,low,2025-03-26,2025-03-26 13:45:00,инвалидация,2025-03-27 00:00:00,,,,,,,,,,,,,,,,,,,,,,,,,,,,,,
BNBUSDT,low,2025-04-03,2025-04-03 14:00:00,сделка,,2025-04-04 08:00:00,598.12,3.4204239951849202,18.0,0.9829103736429345,0.5039201710620105,0.6911640493023815,2.369944176170422,0.5924860440426104,2.75,False,-4.7089981267359935,4.8049590739408785,False,False,False,3.0,0.11389053994869723,True,False,1.0,-1.0292361415253706,False,2.0,-1.0292361415253706,False,0.6804104360883403,-1.0292361415253706,True,False
BNBUSDT,low,2025-04-13,2025-04-13 13:45:00,сделка,,2025-04-14 11:00:00,591.78,2.228728581567473,21.25,0.7522791144012589,0.5003043213633594,0.6232386116791302,1.1978202755500738,0.27589279594213106,7.5,True,7.659160160827942,2.8154774144903802,False,False,False,6.0,0.07733617809156926,True,False,1.0,-1.0448686308539508,False,2.0,-1.0448686308539508,False,0.6224804138547038,-1.0448686308539508,False,False
BNBUSDT,low,2025-05-29,2025-05-29 14:15:00,инвалидация,2025-05-30 00:00:00,,,,,,,,,,,,,,,,,,,,,,,,,,,,,,
BNBUSDT,low,2025-06-05,2025-06-05 14:00:00,инвалидация,2025-06-06 00:00:00,,,,,,,,,,,,,,,,,,,,,,,,,,,,,,
BNBUSDT,low,2025-06-17,2025-06-17 15:30:00,сделка,2025-06-19 00:00:00,2025-06-18 05:00:00,652.84,2.064824459285586,13.5,0.9287925696594427,0.5022026431718083,0.5074183976261144,1.0154798761609825,0.42724458204334226,1.0,True,-2.522544114563053,2.108359133126936,False,False,False,0.0,0.060830860534119825,True,False,1.0,-1.0484302670623145,False,2.0,-1.0484302670623145,False,0.5029673590504424,-1.0484302670623145,True,False
BNBUSDT,low,2025-06-26,2025-06-26 13:45:00,нет сигнала,,,,,,,,,,,,,,,,,,,,,,,,,,,,,,,
BNBUSDT,low,2025-07-12,2025-07-12 15:00:00,нет сигнала,,,,,,,,,,,,,,,,,,,,,,,,,,,,,,,
BNBUSDT,low,2025-08-02,2025-08-02 15:45:00,инвалидация,2025-08-03 00:00:00,,,,,,,,,,,,,,,,,,,,,,,,,,,,,,
BNBUSDT,low,2025-08-05,2025-08-05 14:15:00,сделка,,2025-08-06 06:00:00,760.55,2.0886739859312313,15.75,0.68615433809422,0.513888888888888,0.6288789524475618,0.7034747388616616,0.14922191430398699,6.0,True,-3.17100507511933,2.590066083990628,False,False,False,1.0,4.2598837549676185,False,True,1.0,0.9521227340056063,True,2.0,1.9521227340056064,True,0.5948854955585067,0.547008229564113,,
BNBUSDT,low,2025-08-15,2025-08-15 15:15:00,сделка,,2025-08-17 01:00:00,847.81,4.225333506328073,33.75,0.9987819732034161,0.5454730417090531,0.7484060430787075,2.4360535931790497,1.789281364190019,0.25,False,5.21047099454427,5.986601705237512,False,False,False,20.0,1.0253246535725846,False,True,1.0,0.976333229116652,False,2.0,-1.023666770883348,True,0.6236251772614093,0.5999584063780613,,
BNBUSDT,low,2025-09-19,2025-09-19 15:00:00,нет сигнала,,,,,,,,,,,,,,,,,,,,,,,,,,,,,,,
BNBUSDT,low,2025-10-10,2025-10-10 15:15:00,инвалидация,2025-10-11 00:00:00,,,,,,,,,,,,,,,,,,,,,,,,,,,,,,
BNBUSDT,low,2025-10-16,2025-10-16 15:45:00,инвалидация,2025-10-17 00:00:00,,,,,,,,,,,,,,,,,,,,,,,,,,,,,,
BNBUSDT,low,2025-10-30,2025-10-30 13:30:00,инвалидация,2025-10-31 00:00:00,,,,,,,,,,,,,,,,,,,,,,,,,,,,,,
BNBUSDT,low,2025-11-10,2025-11-10 16:30:00,сделка,2025-11-12 00:00:00,2025-11-11 02:00:00,997.57,2.359233938470489,9.5,0.02255878100550919,0.7034005037783387,0.9492241558427202,1.9954267198507056,0.5988330957825366,0.5,True,6.291348328993986,3.2566676578858313,False,False,False,20.0,0.4746120779213577,True,False,1.0,-1.0423866401586401,False,2.000000000000005,-1.0423866401586401,True,0.4002547693839916,0.3578681292253515,True,False
BNBUSDT,low,2025-11-16,2025-11-16 16:15:00,инвалидация,2025-11-18 00:00:00,,,,,,,,,,,,,,,,,,,,,,,,,,,,,,
BNBUSDT,low,2025-12-15,2025-12-15 14:45:00,инвалидация,2025-12-16 00:00:00,,,,,,,,,,,,,,,,,,,,,,,,,,,,,,
BNBUSDT,low,2025-12-17,2025-12-17 16:15:00,инвалидация,2025-12-18 00:00:00,,,,,,,,,,,,,,,,,,,,,,,,,,,,,,
BNBUSDT,low,2025-12-26,2025-12-26 15:00:00,сделка,,2025-12-28 11:00:00,848.69,3.3582356337414208,44.0,0.6714576074332118,1.0174712643678212,0.7764637112860232,2.443863724351535,0.1330816879597395,35.0,False,-2.9371840479310887,2.6313879210220676,False,False,False,5.0,1.0385596861304158,False,True,1.0,0.9702224587830397,False,2.0,-1.0297775412169603,,,,,
BNBUSDT,low,2026-01-16,2026-01-16 15:45:00,сделка,,2026-01-17 14:00:00,944.07,2.2428230957450164,22.25,0.014070025434276254,0.7887103096824779,0.9502300482388168,2.1473023432003804,0.3463390876129587,35.75,False,2.541719871427933,2.760971914064613,False,False,False,8.0,0.7759582352168842,True,False,1.0,-1.0445866640974562,False,2.0,-1.0445866640974562,True,0.254559640159404,0.20997297606194776,True,False
BNBUSDT,low,2026-01-20,2026-01-20 15:00:00,инвалидация,2026-01-21 00:00:00,,,,,,,,,,,,,,,,,,,,,,,,,,,,,,
BNBUSDT,low,2026-02-01,2026-02-01 14:30:00,сделка,,2026-02-02 15:00:00,769.27,5.390633977667138,24.5,2.760240786962275,0.17926720285969572,0.4837403206720844,2.5613646374180723,0.20955406361366455,14.5,False,-11.20644589403823,14.935732304694275,False,False,False,9.0,0.34990389097467395,True,False,1.0,-1.018550693742942,False,2.0,-1.018550693742942,False,2.2146914780919427,-1.018550693742942,True,False
BNBUSDT,low,2026-02-04,2026-02-04 14:45:00,инвалидация,2026-02-05 00:00:00,,,,,,,,,,,,,,,,,,,,,,,,,,,,,,
BNBUSDT,low,2026-02-10,2026-02-10 14:30:00,инвалидация,2026-02-12 00:00:00,,,,,,,,,,,,,,,,,,,,,,,,,,,,,,
BNBUSDT,low,2026-02-16,2026-02-16 15:30:00,сделка,,2026-02-16 22:00:00,626.34,3.631286521697477,6.5,0.7506940223729711,0.5178308281756563,0.7725046385452145,2.8417957520902917,0.7391954268442926,23.5,False,-0.6973590753535304,5.573533518405976,True,False,False,16.0,0.2488546530544039,True,False,1.0,-1.0275384493629145,False,2.0,-1.0275384493629145,False,0.7193042621855256,-1.0275384493629145,False,False
BNBUSDT,low,2026-04-05,2026-04-05 13:30:00,нет сигнала,,,,,,,,,,,,,,,,,,,,,,,,,,,,,,,
BNBUSDT,low,2026-04-25,2026-04-25 14:00:00,инвалидация,2026-04-26 00:00:00,,,,,,,,,,,,,,,,,,,,,,,,,,,,,,
BNBUSDT,low,2026-04-29,2026-04-29 15:00:00,инвалидация,2026-04-30 00:00:00,,,,,,,,,,,,,,,,,,,,,,,,,,,,,,
BNBUSDT,low,2026-06-02,2026-06-02 13:30:00,инвалидация,2026-06-03 00:00:00,,,,,,,,,,,,,,,,,,,,,,,,,,,,,,
BNBUSDT,low,2026-06-09,2026-06-09 14:15:00,сделка,2026-06-11 00:00:00,2026-06-10 14:00:00,593.21,2.1730753021695692,23.75,1.841838458938827,0.07424960505529653,0.10937948475281561,-0.10138560324432393,0.22811760729976727,7.25,False,-3.035524493542469,3.2088543426833405,False,False,True,9.0,3.0990854013295905,False,True,1.0,0.953982266560132,True,2.0,1.9539822665601319,True,1.3637527247903396,1.3177349913504715,,
BNBUSDT,low,2026-06-25,2026-06-25 13:45:00,нет сигнала,,,,,,,,,,,,,,,,,,,,,,,,,,,,,,,
BNBUSDT,low,2026-07-27,2026-07-27 14:30:00,инвалидация,2026-07-28 00:00:00,,,,,,,,,,,,,,,,,,,,,,,,,,,,,,
BNBUSDT,low,2026-08-10,2026-08-10 13:45:00,инвалидация,2026-08-11 00:00:00,,,,,,,,,,,,,,,,,,,,,,,,,,,,,,
BNBUSDT,low,2026-08-25,2026-08-25 13:45:00,сделка,,2026-08-26 11:00:00,707.31,2.8061458200788794,21.25,0.7328015233039599,0.5822994210090966,0.7093860133060252,1.3703965494857406,0.2856194913665044,9.0,True,12.21395926557,3.48801984911212,False,False,False,6.0,0.5960253222592579,True,False,1.0,-1.0356360668374636,False,2.0,-1.0356360668374636,True,0.508863546476627,0.47322747963916345,False,False
BNBUSDT,low,2026-08-28,2026-08-28 14:00:00,инвалидация,2026-08-29 00:00:00,,,,,,,,,,,,,,,,,,,,,,,,,,,,,,
BNBUSDT,low,2026-09-07,2026-09-07 15:15:00,инвалидация,2026-09-08 00:00:00,,,,,,,,,,,,,,,,,,,,,,,,,,,,,,
BNBUSDT,low,2026-09-09,2026-09-09 15:15:00,инвалидация,2026-09-10 00:00:00,,,,,,,,,,,,,,,,,,,,,,,,,,,,,,
BNBUSDT,low,2026-09-15,2026-09-15 14:45:00,инвалидация,2026-09-16 00:00:00,,,,,,,,,,,,,,,,,,,,,,,,,,,,,,
BNBUSDT,high,2020-03-30,2020-03-30 15:30:00,инвалидация,2020-04-01 00:00:00,,,,,,,,,,,,,,,,,,,,,,,,,,,,,,
BNBUSDT,high,2020-05-13,2020-05-13 15:30:00,инвалидация,2020-05-15 00:00:00,,,,,,,,,,,,,,,,,,,,,,,,,,,,,,
BNBUSDT,high,2020-08-30,2020-08-30 14:45:00,инвалидация,2020-08-31 00:00:00,,,,,,,,,,,,,,,,,,,,,,,,,,,,,,
BNBUSDT,high,2020-09-30,2020-09-30 15:45:00,инвалидация,2020-10-01 00:00:00,,,,,,,,,,,,,,,,,,,,,,,,,,,,,,
BNBUSDT,high,2020-10-03,2020-10-03 15:15:00,инвалидация,2020-10-04 00:00:00,,,,,,,,,,,,,,,,,,,,,,,,,,,,,,
BNBUSDT,high,2020-10-15,2020-10-15 15:15:00,сделка,,2020-10-16 05:00:00,30.18,5.77498674618953,13.75,1.7743737035264,1.1213592233009708,0.6626920444250393,1.4648157012924832,0.883995532152537,9.5,False,-8.553906883304549,3.287059198978781,False,False,False,0.0,0.9639157009818741,False,False,1.0,-1.0173160570569244,False,2.0,-1.0173160570569244,,,,,
BNBUSDT,high,2020-10-21,2020-10-21 15:30:00,инвалидация,2020-10-23 00:00:00,,,,,,,,,,,,,,,,,,,,,,,,,,,,,,
BNBUSDT,high,2020-12-14,2020-12-14 14:45:00,инвалидация,2020-12-15 00:00:00,,,,,,,,,,,,,,,,,,,,,,,,,,,,,,
BNBUSDT,high,2020-12-16,2020-12-16 15:15:00,инвалидация,2020-12-17 00:00:00,,,,,,,,,,,,,,,,,,,,,,,,,,,,,,
BNBUSDT,high,2021-04-08,2021-04-08 14:00:00,инвалидация,2021-04-09 00:00:00,,,,,,,,,,,,,,,,,,,,,,,,,,,,,,
BNBUSDT,high,2021-04-11,2021-04-11 14:45:00,инвалидация,2021-04-12 00:00:00,,,,,,,,,,,,,,,,,,,,,,,,,,,,,,
BNBUSDT,high,2021-04-20,2021-04-20 13:45:00,инвалидация,2021-04-21 00:00:00,,,,,,,,,,,,,,,,,,,,,,,,,,,,,,
BNBUSDT,high,2021-05-08,2021-05-08 15:15:00,инвалидация,2021-05-09 00:00:00,,,,,,,,,,,,,,,,,,,,,,,,,,,,,,
BNBUSDT,high,2021-06-09,2021-06-09 15:30:00,инвалидация,2021-06-10 00:00:00,,,,,,,,,,,,,,,,,,,,,,,,,,,,,,
BNBUSDT,high,2021-06-24,2021-06-24 15:15:00,сделка,,2021-06-26 08:00:00,269.08,17.796436004162324,40.75,1.8724061384036268,0.6926011944260123,0.8718505053078472,11.552938905511041,2.789306051539414,38.0,False,12.203450221206099,19.39323746099153,False,False,False,3.0,0.10942506940869766,False,False,1.0,-1.0056191026100176,False,2.0,-1.0056191026100176,False,0.38695544582884756,-1.0056191026100176,,
BNBUSDT,high,2021-08-06,2021-08-06 15:30:00,инвалидация,2021-08-07 00:00:00,,,,,,,,,,,,,,,,,,,,,,,,,,,,,,
BNBUSDT,high,2021-08-19,2021-08-19 13:45:00,инвалидация,2021-08-20 00:00:00,,,,,,,,,,,,,,,,,,,,,,,,,,,,,,
BNBUSDT,high,2021-08-25,2021-08-25 14:45:00,сделка,,2021-08-26 06:00:00,486.02,7.061400765400612,15.25,2.8877936781268,0.4343205968799464,0.5597348704043322,3.1629158996892537,1.8268907230370361,9.0,True,-9.436629510324217,8.754428676048535,False,False,False,1.0,0.9959259693086956,False,False,1.0,-1.0141614961850032,False,2.0,-1.0141614961850032,True,0.7290248025776344,0.7148633063926311,,
BNBUSDT,high,2021-10-12,2021-10-12 13:30:00,инвалидация,2021-10-13 00:00:00,,,,,,,,,,,,,,,,,,,,,,,,,,,,,,
BNBUSDT,high,2021-10-20,2021-10-20 14:45:00,инвалидация,2021-10-21 00:00:00,,,,,,,,,,,,,,,,,,,,,,,,,,,,,,
BNBUSDT,high,2021-10-25,2021-10-25 14:00:00,сделка,,2021-10-26 23:00:00,477.28,2.914578444518945,33.0,0.7597535934291558,0.516746411483255,0.6987426944726012,1.8521560574948626,0.48049281314167863,29.0,True,2.201186833945909,3.862422997946612,False,False,False,18.0,3.4060112000114966,True,True,1.0,0.9656897208623578,True,2.0,1.9656897208623578,True,0.6534538161271511,0.619143536989509,True,False
BNBUSDT,high,2021-10-28,2021-10-28 15:30:00,инвалидация,2021-10-29 00:00:00,,,,,,,,,,,,,,,,,,,,,,,,,,,,,,
BNBUSDT,high,2021-11-02,2021-11-02 14:00:00,инвалидация,2021-11-03 00:00:00,,,,,,,,,,,,,,,,,,,,,,,,,,,,,,
BNBUSDT,high,2021-12-24,2021-12-24 14:30:00,нет сигнала,,,,,,,,,,,,,,,,,,,,,,,,,,,,,,,
BNBUSDT,high,2022-01-02,2022-01-02 16:30:00,инвалидация,2022-01-03 00:00:00,,,,,,,,,,,,,,,,,,,,,,,,,,,,,,
BNBUSDT,high,2022-01-16,2022-01-16 15:15:00,сделка,,2022-01-17 12:00:00,480.28,5.225049970850341,20.75,0.9195034681272158,1.229397293972941,0.7965771490348424,3.65002898434845,0.5776880484538323,44.25,False,-16.3023507796674,3.250244867771402,False,False,False,6.0,5.762133854449131,False,True,1.0,0.9808614270566056,True,2.0,1.9808614270566056,,,,,
BNBUSDT,high,2022-02-28,2022-02-28 15:15:00,инвалидация,2022-03-01 00:00:00,,,,,,,,,,,,,,,,,,,,,,,,,,,,,,
BNBUSDT,high,2022-03-18,2022-03-18 15:45:00,инвалидация,2022-03-19 00:00:00,,,,,,,,,,,,,,,,,,,,,,,,,,,,,,
BNBUSDT,high,2022-03-23,2022-03-23 15:30:00,инвалидация,2022-03-25 00:00:00,,,,,,,,,,,,,,,,,,,,,,,,,,,,,,
BNBUSDT,high,2022-05-04,2022-05-04 15:45:00,инвалидация,2022-05-05 00:00:00,,,,,,,,,,,,,,,,,,,,,,,,,,,,,,
BNBUSDT,high,2022-05-19,2022-05-19 15:30:00,сделка,,2022-05-20 16:00:00,298.91,5.957110836037582,24.5,2.5807288289456554,0.42966636609558023,0.5352008266690631,1.8642199455323565,0.2042536635974567,19.75,True,1.063866414184877,7.191025807288291,False,True,False,11.0,0.292029831970531,True,False,1.0,-1.016786660975829,False,2.0,-1.016786660975829,False,0.7104187258513837,-1.016786660975829,True,False
BNBUSDT,high,2022-06-10,2022-06-10 14:15:00,нет сигнала,,,,,,,,,,,,,,,,,,,,,,,,,,,,,,,
BNBUSDT,high,2022-07-07,2022-07-07 14:30:00,инвалидация,2022-07-08 00:00:00,,,,,,,,,,,,,,,,,,,,,,,,,,,,,,
BNBUSDT,high,2022-08-07,2022-08-07 14:30:00,инвалидация,2022-08-09 00:00:00,,,,,,,,,,,,,,,,,,,,,,,,,,,,,,
BNBUSDT,high,2022-08-29,2022-08-29 14:15:00,инвалидация,2022-08-30 00:00:00,,,,,,,,,,,,,,,,,,,,,,,,,,,,,,
BNBUSDT,high,2022-09-18,2022-09-18 14:00:00,сделка,,2022-09-18 17:00:00,274.48,2.244374817837354,3.0,0.19298120220142254,0.9816176470588194,0.8668324578433731,1.7904367093131268,0.13222786076763796,34.0,False,5.122357986453834,1.9441069258809225,True,False,False,12.0,2.95112623288251,False,True,1.0,0.9554441623541479,True,2.0,1.9554441623541479,True,0.01623281756261375,-0.028323020083238344,,
BNBUSDT,high,2022-10-03,2022-10-03 14:30:00,инвалидация,2022-10-05 00:00:00,,,,,,,,,,,,,,,,,,,,,,,,,,,,,,
BNBUSDT,high,2022-10-25,2022-10-25 14:15:00,инвалидация,2022-10-26 00:00:00,,,,,,,,,,,,,,,,,,,,,,,,,,,,,,
BNBUSDT,high,2022-10-28,2022-10-28 13:30:00,инвалидация,2022-10-29 00:00:00,,,,,,,,,,,,,,,,,,,,,,,,,,,,,,
BNBUSDT,high,2022-12-20,2022-12-20 15:30:00,сделка,,2022-12-22 13:00:00,244.6,3.815895339329524,45.5,0.32032269545616415,0.5039609993906162,0.8860385185693099,3.1913631510262164,0.858148455728235,11.5,True,10.261486738886813,6.4895005338711576,False,False,False,7.0,0.4928388374146089,False,False,1.0,-1.0262061694851334,False,2.0,-1.0262061694851334,False,0.8721104644684597,-1.0262061694851334,,
BNBUSDT,high,2023-01-06,2023-01-06 15:45:00,инвалидация,2023-01-07 00:00:00,,,,,,,,,,,,,,,,,,,,,,,,,,,,,,
BNBUSDT,high,2023-01-08,2023-01-08 15:30:00,инвалидация,2023-01-09 00:00:00,,,,,,,,,,,,,,,,,,,,,,,,,,,,,,
BNBUSDT,high,2023-02-12,2023-02-12 15:45:00,инвалидация,2023-02-13 00:00:00,,,,,,,,,,,,,,,,,,,,,,,,,,,,,,
BNBUSDT,high,2023-04-15,2023-04-15 14:30:00,инвалидация,2023-04-17 00:00:00,,,,,,,,,,,,,,,,,,,,,,,,,,,,,,
BNBUSDT,high,2023-04-30,2023-04-30 15:00:00,инвалидация,2023-05-01 00:00:00,,,,,,,,,,,,,,,,,,,,,,,,,,,,,,
BNBUSDT,high,2023-07-13,2023-07-13 15:30:00,инвалидация,2023-07-14 00:00:00,,,,,,,,,,,,,,,,,,,,,,,,,,,,,,
BNBUSDT,high,2023-08-08,2023-08-08 15:30:00,инвалидация,2023-08-09 00:00:00,,,,,,,,,,,,,,,,,,,,,,,,,,,,,,
BNBUSDT,high,2023-08-29,2023-08-29 14:15:00,инвалидация,2023-08-30 00:00:00,,,,,,,,,,,,,,,,,,,,,,,,,,,,,,
BNBUSDT,high,2023-09-17,2023-09-17 14:15:00,инвалидация,2023-09-18 00:00:00,,,,,,,,,,,,,,,,,,,,,,,,,,,,,,
BNBUSDT,high,2023-11-21,2023-11-21 15:45:00,сделка,,2023-11-21 18:00:00,243.14,12.154487126758264,2.25,1.1435360510878596,0.7302118171683393,0.8865602207873315,7.718868344842937,0.8539392589292282,19.75,False,0.29525234233524916,13.321452439296047,True,False,False,12.0,0.6476626956438749,False,False,1.0,-1.0082274142016119,False,2.0,-1.0082274142016119,True,0.3275535472221891,0.3193261330205772,,
BNBUSDT,high,2024-04-20,2024-04-20 15:45:00,инвалидация,2024-04-21 00:00:00,,,,,,,,,,,,,,,,,,,,,,,,,,,,,,
BNBUSDT,high,2024-05-05,2024-05-05 15:45:00,сделка,,2024-05-05 23:00:00,588.9,1.1062693156733063,7.25,0.28831076866011973,0.37893789378938175,0.646218928535243,0.7030736288378141,0.14162634249969114,0.25,True,1.3229388140798541,1.8731769823472904,True,False,False,18.0,0.0,True,False,1.0,-1.0903939019036584,False,2.0,-1.0903939019036584,False,1.0591236595945661,-1.0903939019036584,True,True
BNBUSDT,high,2024-05-12,2024-05-12 15:45:00,сделка,,2024-05-13 03:00:00,587.34,2.042895086321381,11.25,0.7250643473579832,0.5359032501889621,0.5908953773479482,1.1506821661086954,0.09757246437762684,29.75,False,-0.7179190554771147,2.2256615581313035,False,False,False,22.0,2.3010749462026863,False,True,1.0,0.9510498602353247,True,2.0,1.9510498602353248,True,0.511720397308383,0.4627702575437077,,
BNBUSDT,high,2024-06-06,2024-06-06 13:45:00,сделка,,2024-06-07 18:00:00,685.89,5.545087404685894,28.25,0.5883416554237336,0.9807293210791587,0.8697664146061854,4.064147321863225,0.9318886740754198,33.75,False,-17.724694039021614,4.691433578591599,False,False,False,13.0,2.498080624296662,False,True,1.0,0.9819660191622057,True,2.0,1.9819660191622057,True,0.01709033160501814,-0.0009436492327761711,,
BNBUSDT,high,2024-06-16,2024-06-16 14:00:00,инвалидация,2024-06-17 00:00:00,,,,,,,,,,,,,,,,,,,,,,,,,,,,,,
BNBUSDT,high,2024-06-27,2024-06-27 14:30:00,сделка,,2024-06-28 14:00:00,574.26,2.029625953400907,23.5,0.14200171086399332,0.5908828620888624,0.8785680027935687,1.6253207869974338,0.29769033361847885,9.5,True,2.2214260121820106,2.964927288280589,False,False,False,9.0,0.7078306663131774,True,False,1.0,-1.0492701622347884,False,2.0,-1.0492701622347884,True,0.6083053847467212,0.5590352225119327,False,True
BNBUSDT,high,2024-07-06,2024-07-06 15:00:00,инвалидация,2024-07-07 00:00:00,,,,,,,,,,,,,,,,,,,,,,,,,,,,,,
BNBUSDT,high,2024-07-19,2024-07-19 13:45:00,инвалидация,2024-07-20 00:00:00,,,,,,,,,,,,,,,,,,,,,,,,,,,,,,
BNBUSDT,high,2024-07-21,2024-07-21 14:30:00,инвалидация,2024-07-22 00:00:00,,,,,,,,,,,,,,,,,,,,,,,,,,,,,,
BNBUSDT,high,2024-08-08,2024-08-08 15:45:00,инвалидация,2024-08-09 00:00:00,,,,,,,,,,,,,,,,,,,,,,,,,,,,,,
BNBUSDT,high,2024-08-19,2024-08-19 14:15:00,инвалидация,2024-08-20 00:00:00,,,,,,,,,,,,,,,,,,,,,,,,,,,,,,
BNBUSDT,high,2024-10-11,2024-10-11 15:15:00,инвалидация,2024-10-12 00:00:00,,,,,,,,,,,,,,,,,,,,,,,,,,,,,,
BNBUSDT,high,2024-12-06,2024-12-06 16:45:00,инвалидация,2024-12-08 00:00:00,,,,,,,,,,,,,,,,,,,,,,,,,,,,,,
BNBUSDT,high,2024-12-24,2024-12-24 15:30:00,сделка,2024-12-26 00:00:00,2024-12-25 22:00:00,698.92,2.146627654094901,30.5,2.1234857813797707,-0.00894780447390163,-0.03599229764830064,-0.12743778458718552,0.18184942295025372,6.25,False,-1.0852939034161164,8.64142730318738,False,False,True,16.0,0.15330052702054708,True,False,1.0,-1.0465846975413926,False,2.0,-1.0465846975413926,False,4.058464821861432,-1.0465846975413926,True,False
BNBUSDT,high,2025-01-03,2025-01-03 16:15:00,нет сигнала,,,,,,,,,,,,,,,,,,,,,,,,,,,,,,,
BNBUSDT,high,2025-02-16,2025-02-16 14:30:00,инвалидация,2025-02-17 00:00:00,,,,,,,,,,,,,,,,,,,,,,,,,,,,,,
BNBUSDT,high,2025-03-01,2025-03-01 16:00:00,инвалидация,2025-03-02 00:00:00,,,,,,,,,,,,,,,,,,,,,,,,,,,,,,
BNBUSDT,high,2025-03-12,2025-03-12 14:30:00,инвалидация,2025-03-13 00:00:00,,,,,,,,,,,,,,,,,,,,,,,,,,,,,,
BNBUSDT,high,2025-04-18,2025-04-18 15:00:00,сделка,,2025-04-19 11:00:00,589.78,1.0708230187527625,20.0,0.42158516020236086,0.2600969305331202,0.5098567017654985,0.463743676222597,0.05059021922427563,5.0,False,1.1304449766374705,2.08768971332209,False,False,False,6.0,0.440186841896913,True,False,1.0,-1.0933861135302028,False,2.0,-1.0933861135302028,False,1.4503998099912765,-1.0933861135302028,True,False
BNBUSDT,high,2025-04-22,2025-04-22 13:45:00,инвалидация,2025-04-23 00:00:00,,,,,,,,,,,,,,,,,,,,,,,,,,,,,,
BNBUSDT,high,2025-08-06,2025-08-06 15:45:00,инвалидация,2025-08-08 00:00:00,,,,,,,,,,,,,,,,,,,,,,,,,,,,,,
BNBUSDT,high,2025-09-03,2025-09-03 13:30:00,нет сигнала,,,,,,,,,,,,,,,,,,,,,,,,,,,,,,,
BNBUSDT,high,2025-09-05,2025-09-05 13:30:00,инвалидация,2025-09-07 00:00:00,,,,,,,,,,,,,,,,,,,,,,,,,,,,,,
BNBUSDT,high,2025-09-16,2025-09-16 15:45:00,инвалидация,2025-09-17 00:00:00,,,,,,,,,,,,,,,,,,,,,,,,,,,,,,
BNBUSDT,high,2025-11-28,2025-11-28 15:30:00,нет сигнала,,,,,,,,,,,,,,,,,,,,,,,,,,,,,,,
BNBUSDT,high,2025-12-09,2025-12-09 16:00:00,сделка,,2025-12-10 11:00:00,887.84,4.689870922688761,19.0,1.6152507687761948,1.052311435523113,0.6232205492266181,2.6504995677343715,2.008120027577442,1.0,False,2.5879568818593377,2.6986506746626655,False,False,False,5.0,0.6878241437321919,False,False,1.0,-1.021322548455698,False,2.0,-1.021322548455698,,,,,
BNBUSDT,high,2025-12-13,2025-12-13 15:00:00,инвалидация,2025-12-14 00:00:00,,,,,,,,,,,,,,,,,,,,,,,,,,,,,,
BNBUSDT,high,2025-12-19,2025-12-19 15:15:00,инвалидация,2025-12-20 00:00:00,,,,,,,,,,,,,,,,,,,,,,,,,,,,,,
BNBUSDT,high,2026-01-02,2026-01-02 14:45:00,инвалидация,2026-01-03 00:00:00,,,,,,,,,,,,,,,,,,,,,,,,,,,,,,
BNBUSDT,high,2026-01-23,2026-01-23 16:30:00,нет сигнала,,,,,,,,,,,,,,,,,,,,,,,,,,,,,,,
BNBUSDT,high,2026-03-02,2026-03-02 14:45:00,инвалидация,2026-03-03 00:00:00,,,,,,,,,,,,,,,,,,,,,,,,,,,,,,
BNBUSDT,high,2026-05-10,2026-05-10 15:45:00,инвалидация,2026-05-11 00:00:00,,,,,,,,,,,,,,,,,,,,,,,,,,,,,,
BNBUSDT,high,2026-05-20,2026-05-20 14:45:00,инвалидация,2026-05-21 00:00:00,,,,,,,,,,,,,,,,,,,,,,,,,,,,,,
BNBUSDT,high,2026-07-15,2026-07-15 13:30:00,сделка,,2026-07-17 02:00:00,571.99,2.611293903739571,36.5,0.2290598290598345,0.7231795441912164,0.8710299845879255,2.2222222222222223,1.282051282051282,37.25,False,-2.314383621825863,3.0752136752136767,False,False,False,21.0,1.0912981359556615,False,True,1.0,0.9617048085407803,False,2.0,-1.0382951914592196,True,0.33341501331651713,0.29511982185729746,,
BNBUSDT,high,2026-08-03,2026-08-03 15:00:00,инвалидация,2026-08-05 00:00:00,,,,,,,,,,,,,,,,,,,,,,,,,,,,,,
BNBUSDT,high,2026-08-04,2026-08-04 14:30:00,нет сигнала,,,,,,,,,,,,,,,,,,,,,,,,,,,,,,,
BNBUSDT,high,2026-08-19,2026-08-19 14:15:00,инвалидация,2026-08-20 00:00:00,,,,,,,,,,,,,,,,,,,,,,,,,,,,,,
BNBUSDT,high,2026-09-11,2026-09-11 13:45:00,инвалидация,2026-09-12 00:00:00,,,,,,,,,,,,,,,,,,,,,,,,,,,,,,
BTCUSDT,low,2020-02-15,2020-02-15 15:45:00,инвалидация,2020-02-16 00:00:00,,,,,,,,,,,,,,,,,,,,,,,,,,,,,,
BTCUSDT,low,2020-02-16,2020-02-16 16:30:00,инвалидация,2020-02-18 00:00:00,,,,,,,,,,,,,,,,,,,,,,,,,,,,,,
BTCUSDT,low,2020-05-03,2020-05-03 14:45:00,сделка,,2020-05-04 14:00:00,8830.0,3.539365798414494,23.25,2.6157594337413688,0.2829918110117357,0.23994803632337733,0.4568812599871388,0.5712157952989227,1.5,True,15.451247748906615,3.026724127099795,False,False,True,9.0,3.9996672276866585,False,True,1.0,0.9717463507036215,True,2.0,1.9717463507036215,True,0.6079494186083721,0.5796957693119936,,
BTCUSDT,low,2020-05-20,2020-05-20 15:45:00,инвалидация,2020-05-22 00:00:00,,,,,,,,,,,,,,,,,,,,,,,,,,,,,,
BTCUSDT,low,2020-05-24,2020-05-24 13:45:00,инвалидация,2020-05-25 00:00:00,,,,,,,,,,,,,,,,,,,,,,,,,,,,,,
BTCUSDT,low,2020-06-02,2020-06-02 14:45:00,нет сигнала,,,,,,,,,,,,,,,,,,,,,,,,,,,,,,,
BTCUSDT,low,2020-06-14,2020-06-14 14:30:00,инвалидация,2020-06-15 00:00:00,,,,,,,,,,,,,,,,,,,,,,,,,,,,,,
BTCUSDT,low,2020-06-17,2020-06-17 14:30:00,нет сигнала,,,,,,,,,,,,,,,,,,,,,,,,,,,,,,,
BTCUSDT,low,2020-07-02,2020-07-02 15:00:00,инвалидация,2020-07-03 00:00:00,,,,,,,,,,,,,,,,,,,,,,,,,,,,,,
BTCUSDT,low,2020-07-09,2020-07-09 15:00:00,нет сигнала,,,,,,,,,,,,,,,,,,,,,,,,,,,,,,,
BTCUSDT,low,2020-08-07,2020-08-07 14:15:00,сделка,,2020-08-08 10:00:00,11744.64,3.7210926005394684,19.75,2.185057095796847,0.5021496630257927,0.3955344558082215,1.0044262853251578,0.1689454863469673,2.5,True,-0.34593639037474394,2.974823233763516,False,False,False,5.0,0.8131269479116674,True,False,1.0,-1.0268738273230562,False,2.0,-1.0268738273230562,True,0.39214795231062066,0.3652741249875644,False,False
BTCUSDT,low,2020-08-11,2020-08-11 15:00:00,нет сигнала,,,,,,,,,,,,,,,,,,,,,,,,,,,,,,,
BTCUSDT,low,2020-09-04,2020-09-04 14:45:00,сделка,,2020-09-04 20:00:00,10568.37,6.619740319462715,5.25,0.22734709872378808,0.4239376302546643,0.9537039558323894,6.6440699877590115,2.131164429218397,14.75,False,-11.560297418777568,15.895511233027243,True,False,False,15.0,0.09634095205872606,True,False,1.0,-1.0151063327523573,False,2.0,-1.0151063327523573,False,1.2959287442878813,-1.0151063327523573,False,False
BTCUSDT,low,2020-10-14,2020-10-14 15:45:00,нет сигнала,,,,,,,,,,,,,,,,,,,,,,,,,,,,,,,
BTCUSDT,low,2020-10-28,2020-10-28 14:00:00,сделка,,2020-10-29 17:00:00,13536.0,4.971010638297874,27.0,1.2675116744496275,0.6626659343897771,0.735202325539922,3.680077906343695,1.1460513905822205,2.25,True,5.093042030647222,5.724352633556476,False,False,False,12.0,0.8976393867517936,False,False,1.0,-1.0201166336739607,False,2.0,-1.0201166336739607,True,0.37425915027434453,0.3541425166003838,,
BTCUSDT,low,2020-11-07,2020-11-07 16:15:00,инвалидация,2020-11-08 00:00:00,,,,,,,,,,,,,,,,,,,,,,,,,,,,,,
BTCUSDT,low,2021-01-15,2021-01-15 14:45:00,инвалидация,2021-01-16 00:00:00,,,,,,,,,,,,,,,,,,,,,,,,,,,,,,
BTCUSDT,low,2021-01-31,2021-01-31 15:30:00,сделка,,2021-02-01 02:00:00,33455.17,3.8688281661698203,10.5,1.9970738888723052,0.28325279696423095,0.468283404736427,1.1877965457763489,0.3846685415046902,2.0,True,6.312985060929475,6.51409812031151,False,False,False,20.0,4.736306015227872,False,True,1.0,0.9741523800735247,True,2.0,1.9741523800735248,True,1.1849514785736985,1.1591038586472233,,
BTCUSDT,low,2021-06-30,2021-06-30 15:00:00,инвалидация,2021-07-02 00:00:00,,,,,,,,,,,,,,,,,,,,,,,,,,,,,,
BTCUSDT,low,2021-07-12,2021-07-12 15:00:00,инвалидация,2021-07-13 00:00:00,,,,,,,,,,,,,,,,,,,,,,,,,,,,,,
BTCUSDT,low,2021-07-18,2021-07-18 14:30:00,инвалидация,2021-07-20 00:00:00,,,,,,,,,,,,,,,,,,,,,,,,,,,,,,
BTCUSDT,low,2021-08-22,2021-08-22 15:00:00,нет сигнала,,,,,,,,,,,,,,,,,,,,,,,,,,,,,,,
BTCUSDT,low,2021-09-10,2021-09-10 14:00:00,инвалидация,2021-09-11 00:00:00,,,,,,,,,,,,,,,,,,,,,,,,,,,,,,
BTCUSDT,low,2021-10-04,2021-10-04 15:00:00,нет сигнала,,,,,,,,,,,,,,,,,,,,,,,,,,,,,,,
BTCUSDT,low,2021-10-21,2021-10-21 14:15:00,инвалидация,2021-10-22 00:00:00,,,,,,,,,,,,,,,,,,,,,,,,,,,,,,
BTCUSDT,low,2021-10-22,2021-10-22 14:00:00,инвалидация,2021-10-23 00:00:00,,,,,,,,,,,,,,,,,,,,,,,,,,,,,,
BTCUSDT,low,2021-11-18,2021-11-18 15:15:00,инвалидация,2021-11-19 00:00:00,,,,,,,,,,,,,,,,,,,,,,,,,,,,,,
BTCUSDT,low,2021-12-03,2021-12-03 16:00:00,инвалидация,2021-12-04 00:00:00,,,,,,,,,,,,,,,,,,,,,,,,,,,,,,
BTCUSDT,low,2021-12-09,2021-12-09 14:45:00,инвалидация,2021-12-10 00:00:00,,,,,,,,,,,,,,,,,,,,,,,,,,,,,,
BTCUSDT,low,2021-12-10,2021-12-10 16:15:00,инвалидация,2021-12-11 00:00:00,,,,,,,,,,,,,,,,,,,,,,,,,,,,,,
BTCUSDT,low,2022-01-03,2022-01-03 15:45:00,инвалидация,2022-01-04 00:00:00,,,,,,,,,,,,,,,,,,,,,,,,,,,,,,
BTCUSDT,low,2022-02-02,2022-02-02 14:30:00,инвалидация,2022-02-03 00:00:00,,,,,,,,,,,,,,,,,,,,,,,,,,,,,,
BTCUSDT,low,2022-02-18,2022-02-18 14:30:00,инвалидация,2022-02-19 00:00:00,,,,,,,,,,,,,,,,,,,,,,,,,,,,,,
BTCUSDT,low,2022-03-31,2022-03-31 14:00:00,инвалидация,2022-04-01 00:00:00,,,,,,,,,,,,,,,,,,,,,,,,,,,,,,
BTCUSDT,low,2022-04-22,2022-04-22 15:00:00,инвалидация,2022-04-24 00:00:00,,,,,,,,,,,,,,,,,,,,,,,,,,,,,,
BTCUSDT,low,2022-04-30,2022-04-30 15:00:00,инвалидация,2022-05-01 00:00:00,,,,,,,,,,,,,,,,,,,,,,,,,,,,,,
BTCUSDT,low,2022-05-05,2022-05-05 15:00:00,инвалидация,2022-05-06 00:00:00,,,,,,,,,,,,,,,,,,,,,,,,,,,,,,
BTCUSDT,low,2022-05-06,2022-05-06 13:30:00,нет сигнала,,,,,,,,,,,,,,,,,,,,,,,,,,,,,,,
BTCUSDT,low,2022-05-14,2022-05-14 14:00:00,сделка,,2022-05-14 23:00:00,30223.3,5.458048260778932,9.0,0.44586918386100505,0.6373921953718724,0.9050060126613542,5.115139364575497,0.23424665163032632,20.0,True,-13.980077574047959,8.15234037813604,True,False,False,18.0,0.7509082643737838,False,False,1.0,-1.0183215675681345,False,2.000000000000002,-1.0183215675681345,True,0.5148513675083988,0.4965297999402643,,
BTCUSDT,low,2022-05-24,2022-05-24 14:00:00,сделка,,2022-05-25 03:00:00,30108.4,4.9801304619308935,13.0,0.7042131432316212,0.6975733230616856,0.8454503208402936,3.697899149465859,1.5159132753365927,18.0,False,1.3835947680536371,6.301164673534274,False,False,False,22.0,0.09223458181920953,True,False,1.0,-1.0200797952512328,False,2.0,-1.0200797952512328,False,0.3665374270993325,-1.0200797952512328,False,False
BTCUSDT,low,2022-06-01,2022-06-01 14:30:00,инвалидация,2022-06-02 00:00:00,,,,,,,,,,,,,,,,,,,,,,,,,,,,,,
BTCUSDT,low,2022-08-09,2022-08-09 13:45:00,инвалидация,2022-08-10 00:00:00,,,,,,,,,,,,,,,,,,,,,,,,,,,,,,
BTCUSDT,low,2022-08-16,2022-08-16 14:15:00,инвалидация,2022-08-18 00:00:00,,,,,,,,,,,,,,,,,,,,,,,,,,,,,,
BTCUSDT,low,2022-09-01,2022-09-01 14:45:00,нет сигнала,,,,,,,,,,,,,,,,,,,,,,,,,,,,,,,
BTCUSDT,low,2022-09-15,2022-09-15 15:15:00,нет сигнала,,,,,,,,,,,,,,,,,,,,,,,,,,,,,,,
BTCUSDT,low,2022-09-16,2022-09-16 13:45:00,сделка,,2022-09-17 17:00:00,20118.8,4.165755412847678,27.25,0.7865110779828304,0.7723897911832939,0.7944159408185186,2.864339690536168,0.37988999126099554,25.0,False,-9.005291249797827,4.4311931321647045,False,False,False,12.0,0.058584894404011774,True,False,1.0,-1.0240052499701706,False,2.0,-1.0240052499701706,False,0.2341009426082819,-1.0240052499701706,True,False
BTCUSDT,low,2022-09-18,2022-09-18 14:45:00,инвалидация,2022-09-19 00:00:00,,,,,,,,,,,,,,,,,,,,,,,,,,,,,,
BTCUSDT,low,2022-10-19,2022-10-19 13:45:00,инвалидация,2022-10-21 00:00:00,,,,,,,,,,,,,,,,,,,,,,,,,,,,,,
BTCUSDT,low,2022-11-09,2022-11-09 16:15:00,инвалидация,2022-11-10 00:00:00,,,,,,,,,,,,,,,,,,,,,,,,,,,,,,
BTCUSDT,low,2022-12-22,2022-12-22 14:30:00,сделка,,2022-12-22 23:00:00,16795.2,1.5221974135467502,8.5,0.8272334104060223,0.4391304347826087,0.39506196018791845,0.5990104347617735,0.7870997112769791,2.0,False,1.176003512972131,1.3777239999520792,True,False,True,17.0,0.6759079873314062,False,False,1.0,-1.065694501324239,False,2.0,-1.065694501324239,True,0.5045840877647672,0.4388895864405282,,
BTCUSDT,low,2022-12-25,2022-12-25 14:30:00,нет сигнала,,,,,,,,,,,,,,,,,,,,,,,,,,,,,,,
BTCUSDT,low,2022-12-27,2022-12-27 14:30:00,инвалидация,2022-12-28 00:00:00,,,,,,,,,,,,,,,,,,,,,,,,,,,,,,
BTCUSDT,low,2023-01-18,2023-01-18 15:45:00,инвалидация,2023-01-19 00:00:00,,,,,,,,,,,,,,,,,,,,,,,,,,,,,,
BTCUSDT,low,2023-02-08,2023-02-08 16:15:00,инвалидация,2023-02-10 00:00:00,,,,,,,,,,,,,,,,,,,,,,,,,,,,,,
BTCUSDT,low,2023-02-24,2023-02-24 15:15:00,инвалидация,2023-02-25 00:00:00,,,,,,,,,,,,,,,,,,,,,,,,,,,,,,
BTCUSDT,low,2023-03-07,2023-03-07 14:30:00,инвалидация,2023-03-08 00:00:00,,,,,,,,,,,,,,,,,,,,,,,,,,,,,,
BTCUSDT,low,2023-03-27,2023-03-27 14:15:00,инвалидация,2023-03-28 00:00:00,,,,,,,,,,,,,,,,,,,,,,,,,,,,,,
BTCUSDT,low,2023-05-06,2023-05-06 14:00:00,инвалидация,2023-05-08 00:00:00,,,,,,,,,,,,,,,,,,,,,,,,,,,,,,
BTCUSDT,low,2023-06-30,2023-06-30 13:30:00,нет сигнала,,,,,,,,,,,,,,,,,,,,,,,,,,,,,,,
BTCUSDT,low,2023-07-02,2023-07-02 15:15:00,нет сигнала,,,,,,,,,,,,,,,,,,,,,,,,,,,,,,,
BTCUSDT,low,2023-07-06,2023-07-06 14:00:00,инвалидация,2023-07-07 00:00:00,,,,,,,,,,,,,,,,,,,,,,,,,,,,,,
BTCUSDT,low,2023-07-20,2023-07-20 14:45:00,нет сигнала,,,,,,,,,,,,,,,,,,,,,,,,,,,,,,,
BTCUSDT,low,2023-08-07,2023-08-07 14:30:00,нет сигнала,,,,,,,,,,,,,,,,,,,,,,,,,,,,,,,
BTCUSDT,low,2023-08-25,2023-08-25 14:45:00,нет сигнала,,,,,,,,,,,,,,,,,,,,,,,,,,,,,,,
BTCUSDT,low,2023-08-31,2023-08-31 15:30:00,инвалидация,2023-09-01 00:00:00,,,,,,,,,,,,,,,,,,,,,,,,,,,,,,
BTCUSDT,low,2023-09-01,2023-09-01 15:00:00,нет сигнала,,,,,,,,,,,,,,,,,,,,,,,,,,,,,,,
BTCUSDT,low,2023-09-04,2023-09-04 15:00:00,нет сигнала,,,,,,,,,,,,,,,,,,,,,,,,,,,,,,,
BTCUSDT,low,2023-09-06,2023-09-06 15:15:00,нет сигнала,,,,,,,,,,,,,,,,,,,,,,,,,,,,,,,
BTCUSDT,low,2023-09-11,2023-09-11 14:00:00,инвалидация,2023-09-12 00:00:00,,,,,,,,,,,,,,,,,,,,,,,,,,,,,,
BTCUSDT,low,2023-09-27,2023-09-27 14:15:00,нет сигнала,,,,,,,,,,,,,,,,,,,,,,,,,,,,,,,
BTCUSDT,low,2023-10-03,2023-10-03 15:45:00,сделка,,2023-10-05 14:00:00,27976.6,3.1480701729302276,46.25,0.48431480462300497,0.5313696612665674,0.8193268485096904,2.6270409099247845,0.05723720418271342,24.0,False,4.2413390188015,4.982572005136672,False,False,False,9.0,0.5375129297179732,False,False,1.0,-1.0317654926690913,False,2.0,-1.0317654926690913,False,0.72258814632978,-1.0317654926690913,,
BTCUSDT,low,2023-11-21,2023-11-21 14:45:00,инвалидация,2023-11-22 00:00:00,,,,,,,,,,,,,,,,,,,,,,,,,,,,,,
BTCUSDT,low,2023-12-17,2023-12-17 14:30:00,сделка,2023-12-18 00:00:00,2023-12-17 17:00:00,42143.0,1.6337137840210691,2.5,0.3412739774389286,0.4513677811550171,0.7333375938277086,1.1503887064971745,0.07349038500795796,10.5,True,2.4627462382786978,2.6864818519576987,True,True,False,11.0,0.48366294067067983,True,False,1.0,-1.0612102321582115,False,2.0,-1.0612102321582115,False,0.8913632032720565,-1.0612102321582115,True,True
BTCUSDT,low,2024-01-18,2024-01-18 16:30:00,инвалидация,2024-01-19 00:00:00,,,,,,,,,,,,,,,,,,,,,,,,,,,,,,
BTCUSDT,low,2024-01-19,2024-01-19 16:15:00,нет сигнала,,,,,,,,,,,,,,,,,,,,,,,,,,,,,,,
BTCUSDT,low,2024-03-14,2024-03-14 14:45:00,сделка,2024-03-16 00:00:00,2024-03-15 19:00:00,70276.0,6.775542148101772,28.25,8.135949829173217,-0.4698550847099618,-0.23355692858253047,-2.7959842046503547,0.674622240961737,5.0,True,7.256358884250866,3.3155385841617777,False,False,True,14.0,0.09238530067750494,True,False,1.0,-1.0147589665615195,False,2.0,-1.0147589665615195,False,0.730639829636381,-1.0147589665615195,False,False
BTCUSDT,low,2024-03-27,2024-03-27 14:00:00,нет сигнала,,,,,,,,,,,,,,,,,,,,,,,,,,,,,,,
BTCUSDT,low,2024-04-09,2024-04-09 14:30:00,сделка,,2024-04-10 17:00:00,69542.0,2.9670504155761983,26.5,2.164240068134016,0.1302857142857158,0.2431002611195377,0.7189993105486191,0.24174251597616575,20.5,True,8.64989487948657,5.576445095914856,False,False,False,12.0,0.9063917630497476,True,False,1.0,-1.0337035054999495,False,2.0,-1.0337035054999495,False,1.6228008658944362,-1.0337035054999495,True,False
BTCUSDT,low,2024-04-12,2024-04-12 14:30:00,инвалидация,2024-04-13 00:00:00,,,,,,,,,,,,,,,,,,,,,,,,,,,,,,
BTCUSDT,low,2024-04-17,2024-04-17 14:15:00,инвалидация,2024-04-18 00:00:00,,,,,,,,,,,,,,,,,,,,,,,,,,,,,,
BTCUSDT,low,2024-04-24,2024-04-24 14:15:00,инвалидация,2024-04-25 00:00:00,,,,,,,,,,,,,,,,,,,,,,,,,,,,,,
BTCUSDT,low,2024-05-23,2024-05-23 13:30:00,инвалидация,2024-05-24 00:00:00,,,,,,,,,,,,,,,,,,,,,,,,,,,,,,
BTCUSDT,low,2024-06-13,2024-06-13 15:30:00,инвалидация,2024-06-14 00:00:00,,,,,,,,,,,,,,,,,,,,,,,,,,,,,,
BTCUSDT,low,2024-07-18,2024-07-18 14:45:00,сделка,,2024-07-19 14:00:00,65104.0,3.0118063406242337,23.25,0.9661093962991375,0.5625823451910409,0.6533026411990491,0.9244316312301208,0.7516099211882817,3.25,False,10.688958009331255,3.5676793632389576,False,False,False,9.0,1.7113877229286862,False,True,1.0,0.9667973339948299,False,2.0,-1.03320266600517,True,0.5079542784030078,0.4747516123978377,,
BTCUSDT,low,2024-08-04,2024-08-04 14:30:00,инвалидация,2024-08-05 00:00:00,,,,,,,,,,,,,,,,,,,,,,,,,,,,,,
BTCUSDT,low,2024-09-08,2024-09-08 15:45:00,сделка,,2024-09-09 14:00:00,55652.2,3.7901403718091946,22.25,0.2391810144253141,1.7596785975164373,0.9136695575989435,3.503583061889256,2.2211261051651983,48.0,True,-8.41993432816631,2.038529548627263,False,False,False,9.0,2.3442887237522134,False,True,1.0,0.9736157529299461,True,2.0,1.973615752929946,,,,,
BTCUSDT,low,2024-10-01,2024-10-01 13:30:00,инвалидация,2024-10-02 00:00:00,,,,,,,,,,,,,,,,,,,,,,,,,,,,,,
BTCUSDT,low,2024-10-13,2024-10-13 14:30:00,сделка,,2024-10-14 04:00:00,64281.6,3.614751344086015,13.5,0.7012712542828781,1.8152498506868417,0.7848099086769791,0.8136667840788963,0.009926670722721012,11.5,True,1.5843204852172479,1.6084408722661605,False,False,False,23.0,2.0306246288119447,False,True,1.000000000000003,0.97233557982803,True,2.000000000000003,1.97233557982803,,,,,
BTCUSDT,low,2024-10-17,2024-10-17 13:30:00,нет сигнала,,,,,,,,,,,,,,,,,,,,,,,,,,,,,,,
BTCUSDT,low,2024-10-31,2024-10-31 13:45:00,инвалидация,2024-11-01 00:00:00,,,,,,,,,,,,,,,,,,,,,,,,,,,,,,
BTCUSDT,low,2024-11-25,2024-11-25 14:45:00,инвалидация,2024-11-26 00:00:00,,,,,,,,,,,,,,,,,,,,,,,,,,,,,,
BTCUSDT,low,2024-12-29,2024-12-29 14:30:00,инвалидация,2024-12-30 00:00:00,,,,,,,,,,,,,,,,,,,,,,,,,,,,,,
BTCUSDT,low,2025-01-07,2025-01-07 15:30:00,инвалидация,2025-01-08 00:00:00,,,,,,,,,,,,,,,,,,,,,,,,,,,,,,
BTCUSDT,low,2025-03-10,2025-03-10 14:15:00,инвалидация,2025-03-11 00:00:00,,,,,,,,,,,,,,,,,,,,,,,,,,,,,,
BTCUSDT,low,2025-03-27,2025-03-27 13:30:00,инвалидация,2025-03-29 00:00:00,,,,,,,,,,,,,,,,,,,,,,,,,,,,,,
BTCUSDT,low,2025-04-06,2025-04-06 13:45:00,инвалидация,2025-04-07 00:00:00,,,,,,,,,,,,,,,,,,,,,,,,,,,,,,
BTCUSDT,low,2025-04-30,2025-04-30 13:30:00,нет сигнала,,,,,,,,,,,,,,,,,,,,,,,,,,,,,,,
BTCUSDT,low,2025-05-06,2025-05-06 13:45:00,сделка,,2025-05-06 23:00:00,96206.2,3.0897457752203104,9.25,0.12638436900383843,1.6052906976744135,0.9288729757542957,1.8781081083973368,0.4815661816403428,37.75,True,0.6072769112595803,1.8406529609364213,True,False,False,18.0,2.9583919675077817,False,True,1.0,0.967634877664694,True,2.0,1.9676348776646941,,,,,
BTCUSDT,low,2025-05-12,2025-05-12 14:15:00,инвалидация,2025-05-13 00:00:00,,,,,,,,,,,,,,,,,,,,,,,,,,,,,,
BTCUSDT,low,2025-05-28,2025-05-28 14:45:00,сделка,2025-05-30 00:00:00,2025-05-29 01:00:00,108235.8,1.4954607440421799,10.25,0.6646624099480686,0.24457388105456865,0.49288781662003134,0.688862413671146,0.3584392859137417,4.0,False,-2.4837300190663436,3.036169697872261,False,False,False,20.0,0.3856362185187027,True,False,1.0,-1.066869023742946,False,2.0,-1.066869023742946,False,1.5224043089935766,-1.066869023742946,True,False
BTCUSDT,low,2025-05-29,2025-05-29 14:30:00,инвалидация,2025-05-30 00:00:00,,,,,,,,,,,,,,,,,,,,,,,,,,,,,,
BTCUSDT,low,2025-06-02,2025-06-02 13:45:00,нет сигнала,,,,,,,,,,,,,,,,,,,,,,,,,,,,,,,
BTCUSDT,low,2025-06-05,2025-06-05 14:15:00,инвалидация,2025-06-06 00:00:00,,,,,,,,,,,,,,,,,,,,,,,,,,,,,,
BTCUSDT,low,2025-06-17,2025-06-17 14:30:00,инвалидация,2025-06-18 00:00:00,,,,,,,,,,,,,,,,,,,,,,,,,,,,,,
BTCUSDT,low,2025-06-20,2025-06-20 14:45:00,инвалидация,2025-06-21 00:00:00,,,,,,,,,,,,,,,,,,,,,,,,,,,,,,
BTCUSDT,low,2025-06-22,2025-06-22 13:30:00,сделка,,2025-06-23 14:00:00,102306.1,4.192140449103237,24.5,2.653539689988779,0.4812263941346387,0.35352419225131704,1.2229399969639874,1.6606822707434008,4.25,False,-4.374984192052281,3.1260076654506177,False,False,True,9.0,1.385883850351773,False,True,1.0,0.976145837379711,False,2.0,-1.023854162620289,True,0.3811075664389746,0.3572534038186856,,
BTCUSDT,low,2025-06-30,2025-06-30 14:00:00,инвалидация,2025-07-01 00:00:00,,,,,,,,,,,,,,,,,,,,,,,,,,,,,,
BTCUSDT,low,2025-07-18,2025-07-18 14:30:00,сделка,,2025-07-19 11:00:00,118410.5,1.468103673238442,20.5,0.5313730700571051,0.281939695368355,0.5739222103868669,0.82767807257812,0.2819965114536114,4.5,True,1.5225408107894014,3.013896270253326,False,False,False,6.0,0.25661691696259936,True,False,1.0,-1.0681150805783446,False,2.0,-1.0681150805783446,False,1.4616982425509,-1.0681150805783446,False,False
BTCUSDT,low,2025-07-29,2025-07-29 15:30:00,сделка,,2025-07-30 07:00:00,118237.4,1.2105501305001543,15.5,0.39612226121920463,0.350412541254123,0.5934369810308369,0.6228064197362642,0.08501720789178017,0.5,False,-0.566152964911325,2.064947013323338,False,False,False,2.0,0.36756203875715665,True,False,1.0,-1.0826070705214692,False,2.0,-1.0826070705214692,False,1.1001010952803927,-1.0826070705214692,True,False
BTCUSDT,low,2025-08-15,2025-08-15 15:00:00,нет сигнала,,,,,,,,,,,,,,,,,,,,,,,,,,,,,,,
BTCUSDT,low,2025-08-24,2025-08-24 14:00:00,инвалидация,2025-08-25 00:00:00,,,,,,,,,,,,,,,,,,,,,,,,,,,,,,
BTCUSDT,low,2025-10-07,2025-10-07 14:00:00,инвалидация,2025-10-08 00:00:00,,,,,,,,,,,,,,,,,,,,,,,,,,,,,,
BTCUSDT,low,2025-10-09,2025-10-09 14:45:00,инвалидация,2025-10-11 00:00:00,,,,,,,,,,,,,,,,,,,,,,,,,,,,,,
BTCUSDT,low,2025-10-10,2025-10-10 15:15:00,инвалидация,2025-10-11 00:00:00,,,,,,,,,,,,,,,,,,,,,,,,,,,,,,
BTCUSDT,low,2025-11-12,2025-11-12 15:45:00,инвалидация,2025-11-13 00:00:00,,,,,,,,,,,,,,,,,,,,,,,,,,,,,,
BTCUSDT,low,2025-11-13,2025-11-13 16:15:00,инвалидация,2025-11-14 00:00:00,,,,,,,,,,,,,,,,,,,,,,,,,,,,,,
BTCUSDT,low,2025-11-16,2025-11-16 15:45:00,инвалидация,2025-11-17 00:00:00,,,,,,,,,,,,,,,,,,,,,,,,,,,,,,
BTCUSDT,low,2025-11-20,2025-11-20 16:00:00,инвалидация,2025-11-21 00:00:00,,,,,,,,,,,,,,,,,,,,,,,,,,,,,,
BTCUSDT,low,2025-12-15,2025-12-15 15:00:00,инвалидация,2025-12-16 00:00:00,,,,,,,,,,,,,,,,,,,,,,,,,,,,,,
BTCUSDT,low,2025-12-24,2025-12-24 14:30:00,сделка,,2025-12-26 03:00:00,89151.8,3.233984058650525,36.5,0.20916150503836553,1.1042255899362612,0.9072699872188641,2.9734445779791137,0.35037441064991637,42.5,False,2.33217151809355,2.7374734214662038,False,False,False,21.0,0.42370250645559876,False,False,1.0,-1.0309216119147253,False,2.0,-1.0309216119147253,,,,,
BTCUSDT,low,2026-01-07,2026-01-07 15:15:00,инвалидация,2026-01-09 00:00:00,,,,,,,,,,,,,,,,,,,,,,,,,,,,,,
BTCUSDT,low,2026-01-16,2026-01-16 15:00:00,нет сигнала,,,,,,,,,,,,,,,,,,,,,,,,,,,,,,,
BTCUSDT,low,2026-01-21,2026-01-21 16:45:00,нет сигнала,,,,,,,,,,,,,,,,,,,,,,,,,,,,,,,
BTCUSDT,low,2026-01-31,2026-01-31 14:30:00,инвалидация,2026-02-01 00:00:00,,,,,,,,,,,,,,,,,,,,,,,,,,,,,,
BTCUSDT,low,2026-02-10,2026-02-10 14:30:00,инвалидация,2026-02-12 00:00:00,,,,,,,,,,,,,,,,,,,,,,,,,,,,,,
BTCUSDT,low,2026-02-12,2026-02-12 16:45:00,сделка,,2026-02-13 16:00:00,68652.0,5.296394861038277,23.25,0.9700464861492577,0.827690310930535,0.8067752066029336,3.961745931510923,0.05188797674932602,38.5,False,-4.947373643586681,5.393001970525798,False,True,False,10.0,0.6288363763073488,False,False,1.000000000000002,-1.0188807675076546,False,2.0,-1.0188807675076546,True,0.16795555434546078,0.14907478683780623,,
BTCUSDT,low,2026-02-16,2026-02-16 15:30:00,инвалидация,2026-02-18 00:00:00,,,,,,,,,,,,,,,,,,,,,,,,,,,,,,
BTCUSDT,low,2026-02-17,2026-02-17 14:30:00,инвалидация,2026-02-19 00:00:00,,,,,,,,,,,,,,,,,,,,,,,,,,,,,,
BTCUSDT,low,2026-04-16,2026-04-16 13:45:00,нет сигнала,,,,,,,,,,,,,,,,,,,,,,,,,,,,,,,
BTCUSDT,low,2026-04-27,2026-04-27 15:00:00,инвалидация,2026-04-29 00:00:00,,,,,,,,,,,,,,,,,,,,,,,,,,,,,,
BTCUSDT,low,2026-05-12,2026-05-12 13:45:00,инвалидация,2026-05-14 00:00:00,,,,,,,,,,,,,,,,,,,,,,,,,,,,,,
BTCUSDT,low,2026-05-13,2026-05-13 13:30:00,инвалидация,2026-05-14 00:00:00,,,,,,,,,,,,,,,,,,,,,,,,,,,,,,
BTCUSDT,low,2026-05-15,2026-05-15 13:45:00,инвалидация,2026-05-17 00:00:00,,,,,,,,,,,,,,,,,,,,,,,,,,,,,,
BTCUSDT,low,2026-05-22,2026-05-22 15:00:00,инвалидация,2026-05-23 00:00:00,,,,,,,,,,,,,,,,,,,,,,,,,,,,,,
BTCUSDT,low,2026-05-29,2026-05-29 14:15:00,нет сигнала,,,,,,,,,,,,,,,,,,,,,,,,,,,,,,,
BTCUSDT,low,2026-06-25,2026-06-25 13:45:00,нет сигнала,,,,,,,,,,,,,,,,,,,,,,,,,,,,,,,
BTCUSDT,low,2026-07-31,2026-07-31 13:30:00,инвалидация,2026-08-01 00:00:00,,,,,,,,,,,,,,,,,,,,,,,,,,,,,,
BTCUSDT,low,2026-08-10,2026-08-10 13:30:00,инвалидация,2026-08-11 00:00:00,,,,,,,,,,,,,,,,,,,,,,,,,,,,,,
BTCUSDT,low,2026-08-11,2026-08-11 14:45:00,инвалидация,2026-08-12 00:00:00,,,,,,,,,,,,,,,,,,,,,,,,,,,,,,
BTCUSDT,low,2026-08-26,2026-08-26 14:45:00,нет сигнала,,,,,,,,,,,,,,,,,,,,,,,,,,,,,,,
BTCUSDT,low,2026-08-28,2026-08-28 14:00:00,инвалидация,2026-08-29 00:00:00,,,,,,,,,,,,,,,,,,,,,,,,,,,,,,
BTCUSDT,low,2026-09-06,2026-09-06 14:30:00,инвалидация,2026-09-08 00:00:00,,,,,,,,,,,,,,,,,,,,,,,,,,,,,,
BTCUSDT,low,2026-09-15,2026-09-15 13:30:00,инвалидация,2026-09-16 00:00:00,,,,,,,,,,,,,,,,,,,,,,,,,,,,,,
BTCUSDT,low,2026-09-23,2026-09-23 14:00:00,инвалидация,2026-09-24 00:00:00,,,,,,,,,,,,,,,,,,,,,,,,,,,,,,
BTCUSDT,high,2020-01-10,2020-01-10 15:15:00,инвалидация,2020-01-11 00:00:00,,,,,,,,,,,,,,,,,,,,,,,,,,,,,,
BTCUSDT,high,2020-01-30,2020-01-30 16:15:00,инвалидация,2020-01-31 00:00:00,,,,,,,,,,,,,,,,,,,,,,,,,,,,,,
BTCUSDT,high,2020-02-11,2020-02-11 15:45:00,инвалидация,2020-02-12 00:00:00,,,,,,,,,,,,,,,,,,,,,,,,,,,,,,
BTCUSDT,high,2020-03-07,2020-03-07 16:30:00,сделка,,2020-03-08 03:00:00,8730.79,5.525433551832066,10.5,0.26416841417249926,2.4188351920693805,0.9306529246663658,4.487050300934118,1.112775402380235,60.5,False,-7.046747186642048,2.0219504888477418,False,False,False,21.0,10.59044720924354,False,True,1.0,0.981901872665387,True,2.0,1.981901872665387,,,,,
BTCUSDT,high,2020-04-12,2020-04-12 14:15:00,сделка,,2020-04-13 01:00:00,6712.62,6.979897268130763,10.75,3.307758327717198,1.2388897802021506,0.4944358571389,1.0552569884854837,1.9584463760101838,1.0,False,6.163890834087515,2.692719763603999,False,False,True,20.0,0.5277952305615067,True,False,1.0,-1.0143268584276428,False,2.0,-1.0143268584276428,,,,False,False
BTCUSDT,high,2020-04-25,2020-04-25 15:45:00,инвалидация,2020-04-27 00:00:00,,,,,,,,,,,,,,,,,,,,,,,,,,,,,,
BTCUSDT,high,2020-07-01,2020-07-01 13:30:00,инвалидация,2020-07-02 00:00:00,,,,,,,,,,,,,,,,,,,,,,,,,,,,,,
BTCUSDT,high,2020-07-08,2020-07-08 13:45:00,инвалидация,2020-07-09 00:00:00,,,,,,,,,,,,,,,,,,,,,,,,,,,,,,
BTCUSDT,high,2020-07-23,2020-07-23 14:15:00,инвалидация,2020-07-24 00:00:00,,,,,,,,,,,,,,,,,,,,,,,,,,,,,,
BTCUSDT,high,2020-07-29,2020-07-29 14:45:00,нет сигнала,,,,,,,,,,,,,,,,,,,,,,,,,,,,,,,
BTCUSDT,high,2020-09-24,2020-09-24 15:45:00,инвалидация,2020-09-25 00:00:00,,,,,,,,,,,,,,,,,,,,,,,,,,,,,,
BTCUSDT,high,2020-10-12,2020-10-12 13:45:00,инвалидация,2020-10-13 00:00:00,,,,,,,,,,,,,,,,,,,,,,,,,,,,,,
BTCUSDT,high,2020-10-24,2020-10-24 14:00:00,инвалидация,2020-10-25 00:00:00,,,,,,,,,,,,,,,,,,,,,,,,,,,,,,
BTCUSDT,high,2020-11-28,2020-11-28 15:45:00,инвалидация,2020-11-29 00:00:00,,,,,,,,,,,,,,,,,,,,,,,,,,,,,,
BTCUSDT,high,2021-04-05,2021-04-05 14:15:00,инвалидация,2021-04-06 00:00:00,,,,,,,,,,,,,,,,,,,,,,,,,,,,,,
BTCUSDT,high,2021-04-30,2021-04-30 13:30:00,инвалидация,2021-05-01 00:00:00,,,,,,,,,,,,,,,,,,,,,,,,,,,,,,
BTCUSDT,high,2021-05-05,2021-05-05 15:00:00,инвалидация,2021-05-06 00:00:00,,,,,,,,,,,,,,,,,,,,,,,,,,,,,,
BTCUSDT,high,2021-05-14,2021-05-14 15:00:00,нет сигнала,,,,,,,,,,,,,,,,,,,,,,,,,,,,,,,
BTCUSDT,high,2021-06-02,2021-06-02 14:15:00,инвалидация,2021-06-04 00:00:00,,,,,,,,,,,,,,,,,,,,,,,,,,,,,,
BTCUSDT,high,2021-08-06,2021-08-06 15:15:00,инвалидация,2021-08-07 00:00:00,,,,,,,,,,,,,,,,,,,,,,,,,,,,,,
BTCUSDT,high,2021-09-13,2021-09-13 13:45:00,инвалидация,2021-09-15 00:00:00,,,,,,,,,,,,,,,,,,,,,,,,,,,,,,
BTCUSDT,high,2021-09-14,2021-09-14 15:15:00,инвалидация,2021-09-15 00:00:00,,,,,,,,,,,,,,,,,,,,,,,,,,,,,,
BTCUSDT,high,2021-10-28,2021-10-28 13:30:00,инвалидация,2021-10-30 00:00:00,,,,,,,,,,,,,,,,,,,,,,,,,,,,,,
BTCUSDT,high,2021-11-21,2021-11-21 16:45:00,сделка,,2021-11-22 04:00:00,57433.77,4.664682154767135,11.25,0.29892854709169014,0.97531017171362,0.9107787807860244,3.964736519321287,0.32448227807002,49.0,False,6.186837723466165,4.178519366721755,False,False,False,22.0,1.4683161730985737,False,True,1.0,0.9785623121400021,False,2.0,-1.0214376878599978,True,0.02305622596448045,0.0016185381044826058,,
BTCUSDT,high,2021-11-30,2021-11-30 15:00:00,нет сигнала,,,,,,,,,,,,,,,,,,,,,,,,,,,,,,,
BTCUSDT,high,2022-01-13,2022-01-13 14:30:00,сделка,,2022-01-14 11:00:00,42059.75,5.661770885466505,20.5,0.21823927765237086,1.1884615384615385,0.9407571077144281,4.740406320541761,0.8726410835214486,42.5,False,-5.599624198570242,4.255079006772009,False,False,False,5.0,0.39646387365886365,False,False,1.0,-1.017662318384641,False,2.0,-1.017662318384641,,,,,
BTCUSDT,high,2022-01-20,2022-01-20 14:30:00,сделка,,2022-01-20 22:00:00,41319.68,5.369874597286335,7.5,2.232929838994006,0.8572507975597464,0.552240723088675,0.7688094958279387,1.3916793982841615,0.0,True,3.2166189617679355,3.359642731225762,True,False,True,16.0,3.8154825886790875,False,True,1.0,0.9813775911916947,True,2.0,1.9813775911916947,True,0.09195899613081787,0.07333658732251255,,
BTCUSDT,high,2022-02-06,2022-02-06 14:30:00,инвалидация,2022-02-07 00:00:00,,,,,,,,,,,,,,,,,,,,,,,,,,,,,,
BTCUSDT,high,2022-02-14,2022-02-14 14:30:00,инвалидация,2022-02-16 00:00:00,,,,,,,,,,,,,,,,,,,,,,,,,,,,,,
BTCUSDT,high,2022-02-28,2022-02-28 14:45:00,инвалидация,2022-03-01 00:00:00,,,,,,,,,,,,,,,,,,,,,,,,,,,,,,
BTCUSDT,high,2022-03-02,2022-03-02 15:00:00,сделка,,2022-03-04 03:00:00,41402.0,9.64530699000048,36.0,0.923556247913653,1.628410766961653,0.8847208484104827,7.668855012796261,3.02881940580839,39.0,False,-15.865807475381768,4.8283075553577355,False,False,False,21.0,1.0687768414989924,False,True,1.0,0.9896322636382987,False,2.0,-1.0103677363617014,,,,,
BTCUSDT,high,2022-04-13,2022-04-13 14:15:00,инвалидация,2022-04-14 00:00:00,,,,,,,,,,,,,,,,,,,,,,,,,,,,,,
BTCUSDT,high,2022-04-19,2022-04-19 13:45:00,инвалидация,2022-04-20 00:00:00,,,,,,,,,,,,,,,,,,,,,,,,,,,,,,
BTCUSDT,high,2022-07-07,2022-07-07 14:15:00,инвалидация,2022-07-08 00:00:00,,,,,,,,,,,,,,,,,,,,,,,,,,,,,,
BTCUSDT,high,2022-08-23,2022-08-23 13:30:00,сделка,,2022-08-24 02:00:00,21251.6,2.057573076850694,12.5,0.543851508120653,0.43158808215215627,0.682420268430836,1.1382830626450082,0.06914153132249568,2.0,True,8.340511976548331,3.208352668213464,False,False,False,21.0,0.27283089150066303,True,False,1.0,-1.0486009469724689,False,2.0,-1.0486009469724689,False,0.8987639594280069,-1.0486009469724689,False,True
BTCUSDT,high,2022-08-29,2022-08-29 14:00:00,инвалидация,2022-08-30 00:00:00,,,,,,,,,,,,,,,,,,,,,,,,,,,,,,
BTCUSDT,high,2022-10-03,2022-10-03 14:15:00,инвалидация,2022-10-04 00:00:00,,,,,,,,,,,,,,,,,,,,,,,,,,,,,,
BTCUSDT,high,2022-10-20,2022-10-20 14:15:00,нет сигнала,,,,,,,,,,,,,,,,,,,,,,,,,,,,,,,
BTCUSDT,high,2022-10-25,2022-10-25 15:00:00,инвалидация,2022-10-26 00:00:00,,,,,,,,,,,,,,,,,,,,,,,,,,,,,,
BTCUSDT,high,2022-11-22,2022-11-22 15:45:00,инвалидация,2022-11-24 00:00:00,,,,,,,,,,,,,,,,,,,,,,,,,,,,,,
BTCUSDT,high,2022-12-14,2022-12-14 15:15:00,сделка,,2022-12-15 14:00:00,17497.8,5.261232840699987,22.75,1.6574585635359116,0.5880859375000007,0.65413860525744,3.243646408839771,0.5801104972375691,26.75,False,-3.259177509293672,5.657458563535911,False,False,False,8.0,1.3988703019769675,False,True,1.0,0.980993048012166,False,2.0,-1.019006951987834,True,0.4581794481859638,0.4391724961981298,,
BTCUSDT,high,2023-01-08,2023-01-08 15:45:00,инвалидация,2023-01-09 00:00:00,,,,,,,,,,,,,,,,,,,,,,,,,,,,,,
BTCUSDT,high,2023-01-13,2023-01-13 14:45:00,инвалидация,2023-01-14 00:00:00,,,,,,,,,,,,,,,,,,,,,,,,,,,,,,
BTCUSDT,high,2023-01-23,2023-01-23 14:45:00,нет сигнала,,,,,,,,,,,,,,,,,,,,,,,,,,,,,,,
BTCUSDT,high,2023-02-19,2023-02-19 15:15:00,нет сигнала,,,,,,,,,,,,,,,,,,,,,,,,,,,,,,,
BTCUSDT,high,2023-03-19,2023-03-19 15:45:00,инвалидация,2023-03-20 00:00:00,,,,,,,,,,,,,,,,,,,,,,,,,,,,,,
BTCUSDT,high,2023-03-22,2023-03-22 14:30:00,нет сигнала,,,,,,,,,,,,,,,,,,,,,,,,,,,,,,,
BTCUSDT,high,2023-04-10,2023-04-10 15:30:00,инвалидация,2023-04-11 00:00:00,,,,,,,,,,,,,,,,,,,,,,,,,,,,,,
BTCUSDT,high,2023-04-13,2023-04-13 14:45:00,сделка,,2023-04-14 16:00:00,30226.7,2.856279382135663,25.25,1.8996062992125984,0.2945348837209294,0.29338896102316553,0.3110236220472417,0.920931758530186,2.75,True,-7.114557899228055,2.8215223097112863,False,True,True,11.0,1.6524991341956243,False,True,1.0,0.9649894192334822,False,2.0,-1.0350105807665178,True,0.7027204210531198,0.6677098402866021,,
BTCUSDT,high,2023-04-30,2023-04-30 14:30:00,сделка,,2023-05-01 21:00:00,27663.7,8.37288576726902,30.5,1.7188619714100324,4.013979706877116,0.7685698866702647,5.625613454739357,1.512367587174251,111.5,True,-6.237657968906267,1.5062542665883254,False,False,False,16.0,0.0025472207231522744,False,False,1.0,-1.0119433135456017,False,2.0,-1.0119433135456017,,,,,
BTCUSDT,high,2023-05-14,2023-05-14 15:00:00,сделка,2023-05-16 00:00:00,2023-05-16 00:00:00,27152.5,1.9340760519289253,33.0,2.212446629576918,-0.26818906001062237,-0.1923260020946391,-0.8409884849268986,0.033269874128976216,9.25,True,3.2433350928061615,1.3921593996635993,False,False,True,19.0,1.556126820908309,False,True,1.0,0.9482957250309437,False,2.0,-1.0517042749690564,True,0.9094544415881124,0.8577501666190561,,
BTCUSDT,high,2023-05-26,2023-05-26 14:15:00,инвалидация,2023-05-27 00:00:00,,,,,,,,,,,,,,,,,,,,,,,,,,,,,,
BTCUSDT,high,2023-06-03,2023-06-03 15:45:00,сделка,,2023-06-03 22:00:00,26990.0,1.3988151167098906,6.25,0.1839501648955688,0.36927621861152077,0.7946173678988369,1.005862953462807,0.0835470868449955,31.75,False,2.9509155002370333,2.976914620740203,True,False,False,17.0,0.1448852334135565,True,False,1.0,-1.0714890758652986,False,2.0,-1.0714890758652986,False,1.3572064643712172,-1.0714890758652986,False,True
BTCUSDT,high,2023-06-16,2023-06-16 15:45:00,инвалидация,2023-06-17 00:00:00,,,,,,,,,,,,,,,,,,,,,,,,,,,,,,
BTCUSDT,high,2023-06-23,2023-06-23 15:15:00,инвалидация,2023-06-24 00:00:00,,,,,,,,,,,,,,,,,,,,,,,,,,,,,,
BTCUSDT,high,2023-07-03,2023-07-03 15:00:00,инвалидация,2023-07-04 00:00:00,,,,,,,,,,,,,,,,,,,,,,,,,,,,,,
BTCUSDT,high,2023-07-13,2023-07-13 15:30:00,инвалидация,2023-07-14 00:00:00,,,,,,,,,,,,,,,,,,,,,,,,,,,,,,
BTCUSDT,high,2023-07-16,2023-07-16 14:15:00,нет сигнала,,,,,,,,,,,,,,,,,,,,,,,,,,,,,,,
BTCUSDT,high,2023-07-30,2023-07-30 14:45:00,нет сигнала,,,,,,,,,,,,,,,,,,,,,,,,,,,,,,,
BTCUSDT,high,2023-08-27,2023-08-27 14:00:00,нет сигнала,,,,,,,,,,,,,,,,,,,,,,,,,,,,,,,
BTCUSDT,high,2023-08-29,2023-08-29 14:15:00,инвалидация,2023-08-30 00:00:00,,,,,,,,,,,,,,,,,,,,,,,,,,,,,,
BTCUSDT,high,2023-09-28,2023-09-28 14:45:00,инвалидация,2023-09-29 00:00:00,,,,,,,,,,,,,,,,,,,,,,,,,,,,,,
BTCUSDT,high,2023-11-20,2023-11-20 16:00:00,сделка,,2023-11-21 15:00:00,36646.5,3.2089959477712564,23.0,0.6834860185140775,0.7678975788190205,0.7497546524202244,1.4074749121993517,0.13323314201054143,19.5,False,-5.10953626367446,3.0595658731300652,False,False,False,9.0,0.8807937722319079,True,False,1.0,-1.0311623952250402,False,2.0,-1.0311623952250402,True,0.22661859461266923,0.19545619938762915,False,False
BTCUSDT,high,2023-11-28,2023-11-28 15:30:00,инвалидация,2023-11-29 00:00:00,,,,,,,,,,,,,,,,,,,,,,,,,,,,,,
BTCUSDT,high,2023-12-05,2023-12-05 15:45:00,инвалидация,2023-12-06 00:00:00,,,,,,,,,,,,,,,,,,,,,,,,,,,,,,
BTCUSDT,high,2023-12-08,2023-12-08 14:45:00,инвалидация,2023-12-09 00:00:00,,,,,,,,,,,,,,,,,,,,,,,,,,,,,,
BTCUSDT,high,2023-12-13,2023-12-13 16:00:00,инвалидация,2023-12-14 00:00:00,,,,,,,,,,,,,,,,,,,,,,,,,,,,,,
BTCUSDT,high,2024-01-16,2024-01-16 16:00:00,нет сигнала,,,,,,,,,,,,,,,,,,,,,,,,,,,,,,,
BTCUSDT,high,2024-01-29,2024-01-29 16:15:00,инвалидация,2024-01-30 00:00:00,,,,,,,,,,,,,,,,,,,,,,,,,,,,,,
BTCUSDT,high,2024-02-26,2024-02-26 15:00:00,инвалидация,2024-02-27 00:00:00,,,,,,,,,,,,,,,,,,,,,,,,,,,,,,
BTCUSDT,high,2024-03-07,2024-03-07 14:30:00,инвалидация,2024-03-09 00:00:00,,,,,,,,,,,,,,,,,,,,,,,,,,,,,,
BTCUSDT,high,2024-03-12,2024-03-12 14:00:00,сделка,2024-03-14 00:00:00,2024-03-13 14:00:00,72240.0,2.1992732558139596,24.0,1.1867197146384965,0.11035653650254669,0.4091253843418262,0.8094388805048705,0.8699410069968525,0.25,False,-9.11216260560941,8.080669501989298,False,False,True,9.0,0.11959049696145689,True,False,1.0,-1.0454695657920823,False,2.0,-1.0454695657920823,False,3.298180021463337,-1.0454695657920823,False,True
BTCUSDT,high,2024-05-05,2024-05-05 15:45:00,нет сигнала,,,,,,,,,,,,,,,,,,,,,,,,,,,,,,,
BTCUSDT,high,2024-05-12,2024-05-12 15:30:00,инвалидация,2024-05-14 00:00:00,,,,,,,,,,,,,,,,,,,,,,,,,,,,,,
BTCUSDT,high,2024-05-17,2024-05-17 14:45:00,инвалидация,2024-05-18 00:00:00,,,,,,,,,,,,,,,,,,,,,,,,,,,,,,
BTCUSDT,high,2024-05-27,2024-05-27 15:00:00,сделка,,2024-05-28 02:00:00,68640.8,3.175880817239888,11.0,1.6664678841735083,0.661534174040269,0.43556044863414356,0.9077414524725387,0.20318923758051652,0.25,True,2.3436342077960575,2.0625000898113717,False,False,False,21.0,0.8900662859239916,False,False,1.0,-1.0314873276910022,False,2.0,-1.0314873276910022,True,0.22284914791623825,0.19136182022523612,,
BTCUSDT,high,2024-06-04,2024-06-04 15:45:00,инвалидация,2024-06-05 00:00:00,,,,,,,,,,,,,,,,,,,,,,,,,,,,,,
BTCUSDT,high,2024-06-10,2024-06-10 15:15:00,нет сигнала,,,,,,,,,,,,,,,,,,,,,,,,,,,,,,,
BTCUSDT,high,2024-07-19,2024-07-19 13:45:00,инвалидация,2024-07-20 00:00:00,,,,,,,,,,,,,,,,,,,,,,,,,,,,,,
BTCUSDT,high,2024-08-23,2024-08-23 14:00:00,инвалидация,2024-08-24 00:00:00,,,,,,,,,,,,,,,,,,,,,,,,,,,,,,
BTCUSDT,high,2024-09-13,2024-09-13 15:15:00,инвалидация,2024-09-14 00:00:00,,,,,,,,,,,,,,,,,,,,,,,,,,,,,,
BTCUSDT,high,2024-09-26,2024-09-26 14:00:00,инвалидация,2024-09-27 00:00:00,,,,,,,,,,,,,,,,,,,,,,,,,,,,,,
BTCUSDT,high,2024-10-06,2024-10-06 14:15:00,инвалидация,2024-10-07 00:00:00,,,,,,,,,,,,,,,,,,,,,,,,,,,,,,
BTCUSDT,high,2024-10-12,2024-10-12 15:00:00,сделка,,2024-10-13 04:00:00,62686.2,1.3397886616193044,13.0,0.09873817034700086,0.21357189874932786,0.8499009242702349,0.9936908517350157,0.017350157728706624,3.0,False,0.44641364054067,5.2716088328075665,False,False,False,23.0,0.7932249870395429,True,False,1.0,-1.0746386373199617,False,2.0,-1.0746386373199617,False,3.1295595255700075,-1.0746386373199617,True,False
BTCUSDT,high,2024-10-15,2024-10-15 13:45:00,инвалидация,2024-10-16 00:00:00,,,,,,,,,,,,,,,,,,,,,,,,,,,,,,
BTCUSDT,high,2024-10-20,2024-10-20 14:15:00,инвалидация,2024-10-21 00:00:00,,,,,,,,,,,,,,,,,,,,,,,,,,,,,,
BTCUSDT,high,2024-11-05,2024-11-05 14:30:00,инвалидация,2024-11-07 00:00:00,,,,,,,,,,,,,,,,,,,,,,,,,,,,,,
BTCUSDT,high,2024-11-13,2024-11-13 14:30:00,инвалидация,2024-11-14 00:00:00,,,,,,,,,,,,,,,,,,,,,,,,,,,,,,
BTCUSDT,high,2024-11-27,2024-11-27 15:30:00,инвалидация,2024-11-28 00:00:00,,,,,,,,,,,,,,,,,,,,,,,,,,,,,,
BTCUSDT,high,2024-12-12,2024-12-12 16:00:00,нет сигнала,,,,,,,,,,,,,,,,,,,,,,,,,,,,,,,
BTCUSDT,high,2024-12-17,2024-12-17 14:30:00,сделка,,2024-12-18 04:00:00,104716.8,3.5890772063317478,13.5,0.5472410625643717,0.6781756936441807,0.8142366519414748,2.5843176187869425,0.7212113901852927,22.75,False,-4.853765948377737,4.186793100568761,False,False,False,22.0,3.311065859777174,False,True,1.0,0.9721376849114355,True,2.0,1.9721376849114356,True,0.38639123781106083,0.3585289227224963,,
BTCUSDT,high,2025-01-03,2025-01-03 16:15:00,инвалидация,2025-01-04 00:00:00,,,,,,,,,,,,,,,,,,,,,,,,,,,,,,
BTCUSDT,high,2025-01-12,2025-01-12 15:15:00,сделка,,2025-01-13 07:00:00,93604.0,2.5922337720610265,15.75,0.9964416557880995,1.1670461253056807,0.5703842407450102,1.3740683033646326,0.6966143091758928,64.5,True,7.45534368626468,1.2484734913883797,False,False,False,1.0,1.9349378687122996,True,True,1.0,0.9614232323188613,False,2.0,-1.0385767676811386,,,,True,False
BTCUSDT,high,2025-01-23,2025-01-23 16:00:00,сделка,,2025-01-25 07:00:00,104265.1,2.7990924096365797,39.0,0.6452674123507849,0.6685439214699214,0.7280853554928407,1.9739637183945915,0.5506156593664846,10.25,True,0.36292861090420336,2.9874988250775396,False,False,False,1.0,2.256348474966315,False,True,1.0,0.9642741341244309,True,2.0,1.964274134124431,True,0.36097600922947426,0.3252501433539051,,
BTCUSDT,high,2025-03-02,2025-03-02 15:15:00,инвалидация,2025-03-03 00:00:00,,,,,,,,,,,,,,,,,,,,,,,,,,,,,,
BTCUSDT,high,2025-03-14,2025-03-14 15:00:00,сделка,,2025-03-16 12:00:00,82367.9,3.6271049765746146,45.0,1.1423711644689372,0.44035697254581524,0.6490893502686599,2.2324335672796307,0.20081345462007694,3.5,True,5.916711434860251,5.223403485590195,False,False,False,7.0,0.4198729790516699,True,False,1.0,-1.0275701973463252,False,2.0,-1.0275701973463252,False,0.8249178546499086,-1.0275701973463252,False,False
BTCUSDT,high,2025-03-31,2025-03-31 14:15:00,инвалидация,2025-04-02 00:00:00,,,,,,,,,,,,,,,,,,,,,,,,,,,,,,
BTCUSDT,high,2025-04-02,2025-04-02 13:45:00,сделка,,2025-04-02 23:00:00,82784.3,7.011232806220499,9.25,3.3932858619904085,0.8751634393873357,0.48433892698390796,2.783440718262058,0.21963771459948245,36.25,False,2.3744368697758524,3.752767376789664,True,False,False,18.0,1.4347024568415987,False,True,1.0,0.9857371730815616,False,2.0,-1.0142628269184384,True,0.06908790186416736,0.054825074945728976,,
BTCUSDT,high,2025-04-12,2025-04-12 13:30:00,инвалидация,2025-04-13 00:00:00,,,,,,,,,,,,,,,,,,,,,,,,,,,,,,
BTCUSDT,high,2025-05-02,2025-05-02 14:30:00,нет сигнала,,,,,,,,,,,,,,,,,,,,,,,,,,,,,,,
BTCUSDT,high,2025-06-08,2025-06-08 13:45:00,сделка,2025-06-10 00:00:00,2025-06-09 01:00:00,105651.4,0.8875250115000982,11.25,0.5707496248050855,0.10918102203830674,0.24197953550594326,0.1999465423982035,0.20958024448824186,5.75,False,0.2899419076627667,1.962819576816021,False,False,True,20.0,0.42466395345289637,True,False,1.0,-1.1126728809940574,False,2.0,-1.1126728809940574,False,1.9743354521028325,-1.1126728809940574,True,True
BTCUSDT,high,2025-07-20,2025-07-20 14:00:00,нет сигнала,,,,,,,,,,,,,,,,,,,,,,,,,,,,,,,
BTCUSDT,high,2025-08-06,2025-08-06 14:45:00,сделка,2025-08-08 00:00:00,2025-08-07 05:00:00,114308.5,1.2959440461557898,14.25,0.5221889004660457,0.3070376169256093,0.5162773862269286,0.6088293287843538,0.4295522940595281,2.25,True,1.4068608342631996,2.1646202898500424,False,False,False,0.0,0.058391728437015115,True,False,1.0,-1.0771638253184108,False,2.0,-1.0771638253184108,False,1.1652018780940132,-1.0771638253184108,True,False
BTCUSDT,high,2025-08-22,2025-08-22 14:00:00,инвалидация,2025-08-23 00:00:00,,,,,,,,,,,,,,,,,,,,,,,,,,,,,,
BTCUSDT,high,2025-08-27,2025-08-27 14:30:00,сделка,2025-08-29 00:00:00,2025-08-28 20:00:00,111864.7,1.499784114202252,29.5,0.9783673106026884,0.12341193008513979,0.27733918886780945,0.3000089023413158,0.7008813317902634,5.25,False,0.6689358735646314,3.356449746283275,False,False,True,15.0,2.7735110974418267,False,True,1.0,0.9333237370278517,True,2.0,1.9333237370278515,True,1.9699248209931324,1.903248558020984,,
BTCUSDT,high,2025-09-24,2025-09-24 14:30:00,сделка,,2025-09-25 02:00:00,112615.7,1.2378343339339046,11.5,0.5659804264366719,0.3455154889982196,0.4584662306730077,0.4609076171605972,0.024016642120243105,5.5,True,4.332785550146094,1.6332199606550868,False,False,False,21.0,2.9051020096330165,True,True,1.0,0.9192137451203227,True,2.0,1.9192137451203226,True,0.8684387714797904,0.7876525166001132,False,False
BTCUSDT,high,2025-10-03,2025-10-03 15:15:00,инвалидация,2025-10-04 00:00:00,,,,,,,,,,,,,,,,,,,,,,,,,,,,,,
BTCUSDT,high,2025-10-12,2025-10-12 15:00:00,инвалидация,2025-10-13 00:00:00,,,,,,,,,,,,,,,,,,,,,,,,,,,,,,
BTCUSDT,high,2025-10-21,2025-10-21 14:45:00,сделка,,2025-10-22 00:00:00,108253.7,5.358006239047723,9.25,2.051052395879982,0.7948651937839357,0.5855447360798863,2.577339901477838,2.2243618450515004,0.5,False,0.20695760575976824,3.8269592476489054,True,False,False,19.0,0.3264347682164863,True,False,1.0,-1.0186636587451554,False,2.0,-1.0186636587451554,True,0.1511144366440008,0.13245077789884543,False,False
BTCUSDT,high,2025-12-02,2025-12-02 15:00:00,инвалидация,2025-12-03 00:00:00,,,,,,,,,,,,,,,,,,,,,,,,,,,,,,
BTCUSDT,high,2025-12-09,2025-12-09 15:45:00,инвалидация,2025-12-10 00:00:00,,,,,,,,,,,,,,,,,,,,,,,,,,,,,,
BTCUSDT,high,2025-12-17,2025-12-17 14:45:00,нет сигнала,,,,,,,,,,,,,,,,,,,,,,,,,,,,,,,
BTCUSDT,high,2025-12-25,2025-12-25 15:15:00,сделка,,2025-12-26 00:00:00,87182.8,1.720286570286793,8.75,0.6369180753192225,0.50676279568611,0.567077878695343,0.662590178943653,0.03930330908872645,19.75,False,0.5365493757094177,1.9064376775606535,True,False,False,18.0,0.23869944805753412,True,False,1.0,-1.0581298498327105,False,2.0,-1.0581298498327105,False,0.5519424667654398,-1.0581298498327105,True,False
BTCUSDT,high,2026-01-09,2026-01-09 15:15:00,нет сигнала,,,,,,,,,,,,,,,,,,,,,,,,,,,,,,,
BTCUSDT,high,2026-01-14,2026-01-14 15:00:00,инвалидация,2026-01-15 00:00:00,,,,,,,,,,,,,,,,,,,,,,,,,,,,,,
BTCUSDT,high,2026-01-23,2026-01-23 16:30:00,нет сигнала,,,,,,,,,,,,,,,,,,,,,,,,,,,,,,,
BTCUSDT,high,2026-02-13,2026-02-13 15:00:00,инвалидация,2026-02-14 00:00:00,,,,,,,,,,,,,,,,,,,,,,,,,,,,,,
BTCUSDT,high,2026-03-02,2026-03-02 15:00:00,инвалидация,2026-03-03 00:00:00,,,,,,,,,,,,,,,,,,,,,,,,,,,,,,
BTCUSDT,high,2026-04-04,2026-04-04 15:00:00,инвалидация,2026-04-06 00:00:00,,,,,,,,,,,,,,,,,,,,,,,,,,,,,,
BTCUSDT,high,2026-04-05,2026-04-05 15:30:00,инвалидация,2026-04-06 00:00:00,,,,,,,,,,,,,,,,,,,,,,,,,,,,,,
BTCUSDT,high,2026-04-10,2026-04-10 15:15:00,сделка,,2026-04-12 02:00:00,71598.7,3.1403829957806537,34.75,0.8825620829230859,0.5664074074074085,0.6801503633531983,1.2293512744776283,0.16546329723225028,27.0,False,-6.658738535178597,3.692156219232032,False,False,False,21.0,0.5072330408711967,True,False,1.0,-1.031843249735576,False,2.0,-1.031843249735576,False,0.5206643761051368,-1.031843249735576,False,False
BTCUSDT,high,2026-05-10,2026-05-10 15:00:00,сделка,2026-05-11 00:00:00,2026-05-10 21:00:00,80691.2,1.2123848697255657,6.0,0.6721106767748523,0.3654485049833898,0.3598122802091302,0.1279564479191309,0.20495242043750225,1.75,False,-1.0120749980269537,1.188501934770588,True,False,True,16.0,0.16590208260779227,True,False,1.0,-1.0824820587068493,False,2.0,-1.0824820587068493,False,0.624764959272214,-1.0824820587068493,False,True
BTCUSDT,high,2026-05-26,2026-05-26 14:15:00,сделка,,2026-05-26 18:00:00,75909.6,2.9582254418413414,3.75,0.24291321245021583,1.9461878996556699,0.8809762087438426,2.4236113696735915,0.7661010246777704,62.25,False,0.29518657520355734,1.3050807635075539,True,False,False,13.0,1.5468629422699465,False,True,1.0,0.9661959502526098,False,2.0,-1.0338040497473902,,,,,
BTCUSDT,high,2026-06-27,2026-06-27 15:00:00,нет сигнала,,,,,,,,,,,,,,,,,,,,,,,,,,,,,,,
BTCUSDT,high,2026-07-01,2026-07-01 15:15:00,инвалидация,2026-07-03 00:00:00,,,,,,,,,,,,,,,,,,,,,,,,,,,,,,
BTCUSDT,high,2026-07-03,2026-07-03 13:45:00,инвалидация,2026-07-04 00:00:00,,,,,,,,,,,,,,,,,,,,,,,,,,,,,,
BTCUSDT,high,2026-07-04,2026-07-04 15:00:00,инвалидация,2026-07-05 00:00:00,,,,,,,,,,,,,,,,,,,,,,,,,,,,,,
BTCUSDT,high,2026-07-14,2026-07-14 15:15:00,инвалидация,2026-07-15 00:00:00,,,,,,,,,,,,,,,,,,,,,,,,,,,,,,
BTCUSDT,high,2026-08-03,2026-08-03 14:30:00,инвалидация,2026-08-05 00:00:00,,,,,,,,,,,,,,,,,,,,,,,,,,,,,,
BTCUSDT,high,2026-08-09,2026-08-09 13:30:00,сделка,,2026-08-10 14:00:00,64533.7,1.572020045340641,24.5,0.4906158402774536,1.6617375231053808,0.6203161473330271,0.5033531298436229,0.07565643079662218,10.0,False,-2.25411514208501,0.5811580191212761,False,False,False,9.0,2.020241449164203,False,True,1.0,0.9363875796009135,True,2.0,1.9363875796009133,,,,,
BTCUSDT,high,2026-08-18,2026-08-18 14:15:00,инвалидация,2026-08-19 00:00:00,,,,,,,,,,,,,,,,,,,,,,,,,,,,,,
BTCUSDT,high,2026-08-19,2026-08-19 13:30:00,инвалидация,2026-08-20 00:00:00,,,,,,,,,,,,,,,,,,,,,,,,,,,,,,
BTCUSDT,high,2026-09-11,2026-09-11 13:45:00,нет сигнала,,,,,,,,,,,,,,,,,,,,,,,,,,,,,,,
DOGEUSDT,low,2020-08-11,2020-08-11 15:00:00,сделка,,2020-08-12 11:00:00,0.003493,5.305210420841686,20.0,2.0993494973388493,0.6065573770491802,0.5989930441258207,2.956830277942041,0.4435245416913016,18.0,True,-0.02852253280091651,5.410999408633945,False,False,False,6.0,1.3328944315232216,False,True,1.0,0.9811506062780947,False,2.0,-1.0188493937219054,True,0.38853602862215403,0.36968663490024867,,
DOGEUSDT,low,2020-09-13,2020-09-13 15:45:00,сделка,,2020-09-14 16:00:00,0.002804,2.665192582025681,24.25,0.8348457350272238,0.6533333333333334,0.6556762832521535,1.5607985480943765,0.1088929219600713,12.75,True,-0.03551136363636835,2.722323049001814,False,True,False,11.0,0.9099181073703344,False,False,1.0,-1.0375207407803886,False,2.0,-1.0375207407803886,True,0.34790986458277506,0.31038912380238654,,
DOGEUSDT,low,2020-09-18,2020-09-18 15:15:00,сделка,,2020-09-19 03:00:00,0.002796,1.9579399141630829,11.75,0.6517016654598198,0.3505154639175236,0.6210726289639023,1.122375090514112,0.5068790731354136,1.5,False,-0.35523978685611346,3.511947863866758,False,False,False,22.0,0.2192021043402078,True,False,1.0,-1.0510740903112672,False,2.0,-1.0510740903112672,False,1.1508110477860651,-1.0510740903112672,True,False
DOGEUSDT,low,2021-01-15,2021-01-15 16:00:00,нет сигнала,,,,,,,,,,,,,,,,,,,,,,,,,,,,,,,
DOGEUSDT,low,2021-01-19,2021-01-19 15:00:00,нет сигнала,,,,,,,,,,,,,,,,,,,,,,,,,,,,,,,
DOGEUSDT,low,2021-01-25,2021-01-25 16:30:00,инвалидация,2021-01-26 00:00:00,,,,,,,,,,,,,,,,,,,,,,,,,,,,,,
DOGEUSDT,low,2021-06-07,2021-06-07 14:00:00,инвалидация,2021-06-08 00:00:00,,,,,,,,,,,,,,,,,,,,,,,,,,,,,,
DOGEUSDT,low,2021-06-15,2021-06-15 14:15:00,инвалидация,2021-06-17 00:00:00,,,,,,,,,,,,,,,,,,,,,,,,,,,,,,
DOGEUSDT,low,2021-06-22,2021-06-22 13:45:00,нет сигнала,,,,,,,,,,,,,,,,,,,,,,,,,,,,,,,
DOGEUSDT,low,2021-07-12,2021-07-12 13:30:00,инвалидация,2021-07-13 00:00:00,,,,,,,,,,,,,,,,,,,,,,,,,,,,,,
DOGEUSDT,low,2021-08-12,2021-08-12 14:45:00,нет сигнала,,,,,,,,,,,,,,,,,,,,,,,,,,,,,,,
DOGEUSDT,low,2021-09-16,2021-09-16 14:00:00,нет сигнала,,,,,,,,,,,,,,,,,,,,,,,,,,,,,,,
DOGEUSDT,low,2021-10-21,2021-10-21 15:15:00,нет сигнала,,,,,,,,,,,,,,,,,,,,,,,,,,,,,,,
DOGEUSDT,low,2021-10-22,2021-10-22 14:00:00,нет сигнала,,,,,,,,,,,,,,,,,,,,,,,,,,,,,,,
DOGEUSDT,low,2021-10-30,2021-10-30 14:15:00,инвалидация,2021-10-31 00:00:00,,,,,,,,,,,,,,,,,,,,,,,,,,,,,,
DOGEUSDT,low,2021-11-04,2021-11-04 13:30:00,нет сигнала,,,,,,,,,,,,,,,,,,,,,,,,,,,,,,,
DOGEUSDT,low,2021-11-15,2021-11-15 15:00:00,инвалидация,2021-11-16 00:00:00,,,,,,,,,,,,,,,,,,,,,,,,,,,,,,
DOGEUSDT,low,2021-12-03,2021-12-03 16:00:00,инвалидация,2021-12-04 00:00:00,,,,,,,,,,,,,,,,,,,,,,,,,,,,,,
DOGEUSDT,low,2021-12-09,2021-12-09 15:15:00,инвалидация,2021-12-10 00:00:00,,,,,,,,,,,,,,,,,,,,,,,,,,,,,,
DOGEUSDT,low,2022-01-03,2022-01-03 15:45:00,инвалидация,2022-01-04 00:00:00,,,,,,,,,,,,,,,,,,,,,,,,,,,,,,
DOGEUSDT,low,2022-02-02,2022-02-02 14:45:00,инвалидация,2022-02-03 00:00:00,,,,,,,,,,,,,,,,,,,,,,,,,,,,,,
DOGEUSDT,low,2022-02-06,2022-02-06 15:00:00,нет сигнала,,,,,,,,,,,,,,,,,,,,,,,,,,,,,,,
DOGEUSDT,low,2022-02-18,2022-02-18 14:30:00,сделка,,2022-02-19 07:00:00,0.14476,6.255761260016586,16.5,0.5636483419954766,0.6091180866965612,0.899971730949308,4.6409486860405424,1.4420613425078685,20.0,False,-4.131142995771831,9.794304955713345,False,False,False,1.0,0.0198766762663666,True,False,1.0,-1.0159852647573278,False,2.0,-1.0159852647573278,False,0.5775278715171653,-1.0159852647573278,True,False
DOGEUSDT,low,2022-04-06,2022-04-06 13:45:00,инвалидация,2022-04-07 00:00:00,,,,,,,,,,,,,,,,,,,,,,,,,,,,,,
DOGEUSDT,low,2022-04-16,2022-04-16 15:30:00,инвалидация,2022-04-18 00:00:00,,,,,,,,,,,,,,,,,,,,,,,,,,,,,,
DOGEUSDT,low,2022-04-30,2022-04-30 14:15:00,инвалидация,2022-05-01 00:00:00,,,,,,,,,,,,,,,,,,,,,,,,,,,,,,
DOGEUSDT,low,2022-05-05,2022-05-05 15:00:00,инвалидация,2022-05-06 00:00:00,,,,,,,,,,,,,,,,,,,,,,,,,,,,,,
DOGEUSDT,low,2022-05-06,2022-05-06 13:30:00,нет сигнала,,,,,,,,,,,,,,,,,,,,,,,,,,,,,,,
DOGEUSDT,low,2022-05-24,2022-05-24 13:45:00,нет сигнала,,,,,,,,,,,,,,,,,,,,,,,,,,,,,,,
DOGEUSDT,low,2022-08-09,2022-08-09 14:00:00,сделка,,2022-08-10 13:00:00,0.07089,6.2160389335590285,23.0,3.214077952297853,0.5561357702349851,0.48337134492970585,1.0180337405468183,0.5526468877254093,8.5,True,5.925030229746081,5.570098894706224,False,False,False,8.0,3.129432322338343,False,True,1.0,0.9839125846750859,True,2.0,1.983912584675086,True,0.3857893363288761,0.369701921003962,,
DOGEUSDT,low,2022-09-15,2022-09-15 15:15:00,инвалидация,2022-09-16 00:00:00,,,,,,,,,,,,,,,,,,,,,,,,,,,,,,
DOGEUSDT,low,2022-09-25,2022-09-25 13:30:00,инвалидация,2022-09-26 00:00:00,,,,,,,,,,,,,,,,,,,,,,,,,,,,,,
DOGEUSDT,low,2022-12-11,2022-12-11 16:00:00,инвалидация,2022-12-12 00:00:00,,,,,,,,,,,,,,,,,,,,,,,,,,,,,,
DOGEUSDT,low,2022-12-27,2022-12-27 14:30:00,инвалидация,2022-12-28 00:00:00,,,,,,,,,,,,,,,,,,,,,,,,,,,,,,
DOGEUSDT,low,2023-01-16,2023-01-16 15:00:00,сделка,,2023-01-18 03:00:00,0.08717,6.689709762532971,36.0,1.6191396810053094,0.8384030418250944,0.756248049360191,4.120347994200093,1.401643305944894,3.0,False,10.661528580603727,6.355727404543258,False,False,False,21.0,0.44929022433643984,True,False,1.0,-1.0149483316242014,False,2.0,-1.0149483316242014,True,0.14576209568167015,0.1308137640574688,False,True
DOGEUSDT,low,2023-01-18,2023-01-18 16:15:00,инвалидация,2023-01-19 00:00:00,,,,,,,,,,,,,,,,,,,,,,,,,,,,,,
DOGEUSDT,low,2023-02-08,2023-02-08 16:15:00,инвалидация,2023-02-10 00:00:00,,,,,,,,,,,,,,,,,,,,,,,,,,,,,,
DOGEUSDT,low,2023-03-07,2023-03-07 15:00:00,инвалидация,2023-03-09 00:00:00,,,,,,,,,,,,,,,,,,,,,,,,,,,,,,
DOGEUSDT,low,2023-03-15,2023-03-15 14:30:00,инвалидация,2023-03-16 00:00:00,,,,,,,,,,,,,,,,,,,,,,,,,,,,,,
DOGEUSDT,low,2023-05-06,2023-05-06 14:00:00,инвалидация,2023-05-07 00:00:00,,,,,,,,,,,,,,,,,,,,,,,,,,,,,,
DOGEUSDT,low,2023-05-21,2023-05-21 15:30:00,инвалидация,2023-05-22 00:00:00,,,,,,,,,,,,,,,,,,,,,,,,,,,,,,
DOGEUSDT,low,2023-06-20,2023-06-20 13:45:00,сделка,,2023-06-20 19:00:00,0.06249,3.025540086413819,5.25,1.2695312500000047,0.7500000000000012,0.5553616197518316,1.2369791666666614,0.2441406249999957,6.25,True,3.4482758620689635,2.2786458333333193,True,False,False,14.0,4.040916928480012,False,True,1.0,0.9669480498873408,True,2.0000000000000036,1.9669480498873444,True,0.18512053991727598,0.15206858980461682,,
DOGEUSDT,low,2023-06-24,2023-06-24 15:30:00,нет сигнала,,,,,,,,,,,,,,,,,,,,,,,,,,,,,,,
DOGEUSDT,low,2023-06-30,2023-06-30 13:45:00,сделка,,2023-06-30 23:00:00,0.06676,9.347783103654876,9.25,2.8076367720198965,2.5755813953488467,0.7098699159373006,6.60997914326968,0.09626183218352416,105.75,True,-4.906226556639153,2.759505855928112,True,False,False,18.0,0.8204365619862262,False,False,1.0,-1.0106977236090235,False,2.0,-1.0106977236090235,,,,,
DOGEUSDT,low,2023-07-02,2023-07-02 15:15:00,сделка,,2023-07-02 18:00:00,0.06845,4.0113513513513634,2.75,0.8592101296352141,0.41865079365079355,0.7684547503978827,2.4118179077479716,0.8441362677117953,11.25,True,5.922375135302304,7.597226409406095,True,False,False,13.0,1.2491942151017719,True,True,1.0,0.9750707451825901,False,2.0,-1.02492925481741,True,1.0670959330169654,1.0421666781995553,False,False
DOGEUSDT,low,2023-07-06,2023-07-06 14:00:00,инвалидация,2023-07-07 00:00:00,,,,,,,,,,,,,,,,,,,,,,,,,,,,,,
DOGEUSDT,low,2023-08-02,2023-08-02 14:30:00,инвалидация,2023-08-03 00:00:00,,,,,,,,,,,,,,,,,,,,,,,,,,,,,,
DOGEUSDT,low,2023-08-13,2023-08-13 15:15:00,инвалидация,2023-08-14 00:00:00,,,,,,,,,,,,,,,,,,,,,,,,,,,,,,
DOGEUSDT,low,2023-08-15,2023-08-15 14:00:00,инвалидация,2023-08-16 00:00:00,,,,,,,,,,,,,,,,,,,,,,,,,,,,,,
DOGEUSDT,low,2023-08-24,2023-08-24 15:15:00,нет сигнала,,,,,,,,,,,,,,,,,,,,,,,,,,,,,,,
DOGEUSDT,low,2023-09-04,2023-09-04 15:00:00,нет сигнала,,,,,,,,,,,,,,,,,,,,,,,,,,,,,,,
DOGEUSDT,low,2023-10-17,2023-10-17 13:45:00,инвалидация,2023-10-18 00:00:00,,,,,,,,,,,,,,,,,,,,,,,,,,,,,,
DOGEUSDT,low,2023-10-31,2023-10-31 15:00:00,нет сигнала,,,,,,,,,,,,,,,,,,,,,,,,,,,,,,,
DOGEUSDT,low,2023-11-09,2023-11-09 16:00:00,нет сигнала,,,,,,,,,,,,,,,,,,,,,,,,,,,,,,,
DOGEUSDT,low,2024-01-12,2024-01-12 16:15:00,инвалидация,2024-01-13 00:00:00,,,,,,,,,,,,,,,,,,,,,,,,,,,,,,
DOGEUSDT,low,2024-01-16,2024-01-16 14:30:00,нет сигнала,,,,,,,,,,,,,,,,,,,,,,,,,,,,,,,
DOGEUSDT,low,2024-02-03,2024-02-03 15:00:00,инвалидация,2024-02-05 00:00:00,,,,,,,,,,,,,,,,,,,,,,,,,,,,,,
DOGEUSDT,low,2024-02-16,2024-02-16 15:00:00,инвалидация,2024-02-18 00:00:00,,,,,,,,,,,,,,,,,,,,,,,,,,,,,,
DOGEUSDT,low,2024-02-20,2024-02-20 15:15:00,инвалидация,2024-02-22 00:00:00,,,,,,,,,,,,,,,,,,,,,,,,,,,,,,
DOGEUSDT,low,2024-03-22,2024-03-22 14:15:00,нет сигнала,,,,,,,,,,,,,,,,,,,,,,,,,,,,,,,
DOGEUSDT,low,2024-04-17,2024-04-17 15:15:00,сделка,,2024-04-18 22:00:00,0.15272,7.903869827134624,30.75,3.6806458233563633,0.40233415233415193,0.5426322552210752,4.453718273243495,0.8414859410275767,16.25,False,-19.58954261847058,11.137716357665743,False,False,False,17.0,0.026510278117672065,True,False,1.0,-1.0126520302316584,False,2.0,-1.0126520302316584,False,0.8060781440154304,-1.0126520302316584,False,True
DOGEUSDT,low,2024-04-24,2024-04-24 14:15:00,инвалидация,2024-04-25 00:00:00,,,,,,,,,,,,,,,,,,,,,,,,,,,,,,
DOGEUSDT,low,2024-05-23,2024-05-23 13:30:00,инвалидация,2024-05-24 00:00:00,,,,,,,,,,,,,,,,,,,,,,,,,,,,,,
DOGEUSDT,low,2024-06-14,2024-06-14 14:30:00,инвалидация,2024-06-15 00:00:00,,,,,,,,,,,,,,,,,,,,,,,,,,,,,,
DOGEUSDT,low,2024-06-23,2024-06-23 15:45:00,сделка,2024-06-24 00:00:00,2024-06-23 22:00:00,0.12598,4.215581838387053,6.25,1.6368078175895862,1.1734317343173422,0.5987809723223845,1.0097719869706767,0.5537459283387622,4.5,False,-3.8930763851115087,2.2068403908794822,True,False,False,17.0,0.0018829590324569842,True,False,1.0,-1.0237215178909351,False,2.0,-1.0237215178909351,,,,True,True
DOGEUSDT,low,2024-08-02,2024-08-02 15:00:00,инвалидация,2024-08-03 00:00:00,,,,,,,,,,,,,,,,,,,,,,,,,,,,,,
DOGEUSDT,low,2024-08-04,2024-08-04 14:15:00,инвалидация,2024-08-05 00:00:00,,,,,,,,,,,,,,,,,,,,,,,,,,,,,,
DOGEUSDT,low,2024-08-14,2024-08-14 13:45:00,инвалидация,2024-08-15 00:00:00,,,,,,,,,,,,,,,,,,,,,,,,,,,,,,
DOGEUSDT,low,2024-08-16,2024-08-16 15:30:00,сделка,,2024-08-17 15:00:00,0.10234,4.961266367011924,23.5,0.47025148231445724,0.6375176304654439,0.8902264168780614,4.426497648742589,1.7072173379677005,19.5,False,-4.7378936352392715,7.248006542629318,False,True,False,10.0,1.0989963288007938,False,True,1.0,0.9798438558621015,False,2.0,-1.0201561441378983,True,0.5061685600390757,0.48601241590117733,,
DOGEUSDT,low,2024-08-30,2024-08-30 15:00:00,нет сигнала,,,,,,,,,,,,,,,,,,,,,,,,,,,,,,,
DOGEUSDT,low,2024-10-01,2024-10-01 14:30:00,инвалидация,2024-10-02 00:00:00,,,,,,,,,,,,,,,,,,,,,,,,,,,,,,
DOGEUSDT,low,2024-10-13,2024-10-13 15:15:00,нет сигнала,,,,,,,,,,,,,,,,,,,,,,,,,,,,,,,
DOGEUSDT,low,2024-10-25,2024-10-25 15:45:00,инвалидация,2024-10-26 00:00:00,,,,,,,,,,,,,,,,,,,,,,,,,,,,,,
DOGEUSDT,low,2024-11-15,2024-11-15 15:30:00,сделка,,2024-11-16 00:00:00,0.38203,7.916168887260156,8.5,0.17575688853611787,0.4521161569354337,0.9678547880540196,7.880712098877421,1.1679328722077367,15.5,False,65.57534246575342,18.352420909400145,True,False,False,18.0,0.32338981302249176,True,False,1.0,-1.0126323732381373,False,2.0,-1.0126323732381373,False,1.172866734959895,-1.0126323732381373,False,True
DOGEUSDT,low,2024-11-25,2024-11-25 15:00:00,инвалидация,2024-11-26 00:00:00,,,,,,,,,,,,,,,,,,,,,,,,,,,,,,
DOGEUSDT,low,2024-12-10,2024-12-10 16:00:00,сделка,,2024-12-11 14:00:00,0.40614,10.21938247894815,22.0,0.9954702037052124,0.3783701908512572,0.9027827972533428,9.691594108552358,4.453847614397697,2.0,False,-4.443880142204161,26.861420782813898,False,False,False,8.0,0.4358511022768338,False,False,1.0,-1.0097853270690278,False,2.0,-1.0097853270690278,False,1.4831947958077336,-1.0097853270690278,,
DOGEUSDT,low,2024-12-30,2024-12-30 14:30:00,сделка,,2024-12-31 15:00:00,0.32631,6.152597223499137,24.5,1.6522827168019645,0.8185890257558778,0.728213128357772,4.347268118964339,1.6779492444415784,23.25,False,-6.75747863247862,5.730052295550061,False,False,False,9.0,3.602712419570299,False,True,1.0,0.9837467013738423,True,2.0,1.9837467013738423,True,0.16138238959502063,0.14512909096886295,,
DOGEUSDT,low,2025-01-07,2025-01-07 14:45:00,инвалидация,2025-01-08 00:00:00,,,,,,,,,,,,,,,,,,,,,,,,,,,,,,
DOGEUSDT,low,2025-02-06,2025-02-06 15:15:00,инвалидация,2025-02-07 00:00:00,,,,,,,,,,,,,,,,,,,,,,,,,,,,,,
DOGEUSDT,low,2025-02-21,2025-02-21 15:30:00,инвалидация,2025-02-22 00:00:00,,,,,,,,,,,,,,,,,,,,,,,,,,,,,,
DOGEUSDT,low,2025-03-27,2025-03-27 13:30:00,инвалидация,2025-03-29 00:00:00,,,,,,,,,,,,,,,,,,,,,,,,,,,,,,
DOGEUSDT,low,2025-04-14,2025-04-14 15:30:00,инвалидация,2025-04-15 00:00:00,,,,,,,,,,,,,,,,,,,,,,,,,,,,,,
DOGEUSDT,low,2025-04-15,2025-04-15 14:15:00,инвалидация,2025-04-16 00:00:00,,,,,,,,,,,,,,,,,,,,,,,,,,,,,,
DOGEUSDT,low,2025-05-28,2025-05-28 14:15:00,инвалидация,2025-05-30 00:00:00,,,,,,,,,,,,,,,,,,,,,,,,,,,,,,
DOGEUSDT,low,2025-06-04,2025-06-04 14:00:00,инвалидация,2025-06-05 00:00:00,,,,,,,,,,,,,,,,,,,,,,,,,,,,,,
DOGEUSDT,low,2025-06-30,2025-06-30 15:15:00,сделка,2025-07-02 00:00:00,2025-06-30 20:00:00,0.16747,3.27351167373262,4.75,0.22152482924127698,0.6631016042780763,0.9047545214924807,2.5044612639222317,0.3384407113408375,7.25,True,2.257908717701034,4.602793674235441,True,False,False,15.0,0.07478817617175602,True,False,1.0,-1.030548233813376,False,2.0,-1.030548233813376,False,0.45967366817762845,-1.030548233813376,True,True
DOGEUSDT,low,2025-07-25,2025-07-25 15:30:00,сделка,,2025-07-25 22:00:00,0.23456,5.9519184856753125,6.5,0.3699693196174044,0.5170068027210882,0.9254470725931554,5.4367442699873685,0.6045840101064826,15.5,False,-3.8448790188929327,11.275040606388732,True,False,False,17.0,0.9985086835873535,True,False,1.0,-1.0168013053674498,False,2.0,-1.0168013053674498,True,0.864562396764659,0.8477610913972092,False,False
DOGEUSDT,low,2025-07-28,2025-07-28 14:15:00,инвалидация,2025-07-29 00:00:00,,,,,,,,,,,,,,,,,,,,,,,,,,,,,,
DOGEUSDT,low,2025-08-05,2025-08-05 14:30:00,нет сигнала,,,,,,,,,,,,,,,,,,,,,,,,,,,,,,,
DOGEUSDT,low,2025-09-04,2025-09-04 15:00:00,инвалидация,2025-09-05 00:00:00,,,,,,,,,,,,,,,,,,,,,,,,,,,,,,
DOGEUSDT,low,2025-09-16,2025-09-16 13:45:00,сделка,,2025-09-17 22:00:00,0.2745,6.639901639344268,32.25,0.7774425620793733,0.6803069053708458,0.8756466535319676,6.045486191691821,2.274309584590412,30.0,False,9.349643221202845,9.074031097702475,False,False,False,17.0,0.7790841152978639,True,False,1.0,-1.0150604640598073,False,2.0,-1.0150604640598073,True,0.4114880890657708,0.39642762500596346,True,False
DOGEUSDT,low,2025-10-07,2025-10-07 15:30:00,инвалидация,2025-10-08 00:00:00,,,,,,,,,,,,,,,,,,,,,,,,,,,,,,
DOGEUSDT,low,2025-10-09,2025-10-09 14:30:00,инвалидация,2025-10-11 00:00:00,,,,,,,,,,,,,,,,,,,,,,,,,,,,,,
DOGEUSDT,low,2025-10-10,2025-10-10 15:15:00,инвалидация,2025-10-11 00:00:00,,,,,,,,,,,,,,,,,,,,,,,,,,,,,,
DOGEUSDT,low,2025-11-16,2025-11-16 16:45:00,сделка,2025-11-18 00:00:00,2025-11-17 04:00:00,0.1614,5.020724907063188,11.25,2.317143039022219,0.5619295958278997,0.5318722272612268,2.4253612578776367,0.8912088611623811,1.75,True,-10.242157402311495,4.882551403653944,False,False,False,22.0,0.4516594783703276,True,False,1.0,-1.019917442570757,False,2.0,-1.019917442570757,True,0.41463820965144577,0.3947207670806888,True,False
DOGEUSDT,low,2025-12-12,2025-12-12 15:45:00,нет сигнала,,,,,,,,,,,,,,,,,,,,,,,,,,,,,,,
DOGEUSDT,low,2025-12-15,2025-12-15 15:00:00,инвалидация,2025-12-16 00:00:00,,,,,,,,,,,,,,,,,,,,,,,,,,,,,,
DOGEUSDT,low,2025-12-17,2025-12-17 16:15:00,инвалидация,2025-12-18 00:00:00,,,,,,,,,,,,,,,,,,,,,,,,,,,,,,
DOGEUSDT,low,2025-12-26,2025-12-26 14:45:00,инвалидация,2025-12-27 00:00:00,,,,,,,,,,,,,,,,,,,,,,,,,,,,,,
DOGEUSDT,low,2025-12-31,2025-12-31 15:00:00,инвалидация,2026-01-01 00:00:00,,,,,,,,,,,,,,,,,,,,,,,,,,,,,,
DOGEUSDT,low,2026-01-06,2026-01-06 16:00:00,нет сигнала,,,,,,,,,,,,,,,,,,,,,,,,,,,,,,,
DOGEUSDT,low,2026-01-23,2026-01-23 14:30:00,сделка,,2026-01-23 17:00:00,0.12568,3.072835773392728,2.5,0.9584145549057722,0.5400843881856515,0.6628792782901872,2.0711500974658956,0.12183235867447306,22.75,False,-9.796096074305192,3.8499025341130673,True,True,False,11.0,0.5567150188765294,True,False,1.0,-1.032543229568559,False,2.0,-1.032543229568559,False,0.5644831354189931,-1.032543229568559,True,False
DOGEUSDT,low,2026-02-04,2026-02-04 16:30:00,инвалидация,2026-02-06 00:00:00,,,,,,,,,,,,,,,,,,,,,,,,,,,,,,
DOGEUSDT,low,2026-02-10,2026-02-10 14:30:00,инвалидация,2026-02-12 00:00:00,,,,,,,,,,,,,,,,,,,,,,,,,,,,,,
DOGEUSDT,low,2026-04-27,2026-04-27 15:15:00,сделка,,2026-04-28 00:00:00,0.09889,2.15073313782992,8.75,0.5646237552612616,0.5967741935483883,0.695861504753488,1.4680217636792945,0.36957191253464655,7.25,True,4.236308209818135,2.545939841905359,True,False,False,19.0,6.164016437377141,False,True,1.0,0.9535042268884648,True,2.0,1.9535042268884648,True,0.4701766924010029,0.4236809192894678,,
DOGEUSDT,low,2026-05-12,2026-05-12 13:45:00,нет сигнала,,,,,,,,,,,,,,,,,,,,,,,,,,,,,,,
DOGEUSDT,low,2026-05-15,2026-05-15 13:45:00,инвалидация,2026-05-17 00:00:00,,,,,,,,,,,,,,,,,,,,,,,,,,,,,,
DOGEUSDT,low,2026-06-01,2026-06-01 13:45:00,инвалидация,2026-06-03 00:00:00,,,,,,,,,,,,,,,,,,,,,,,,,,,,,,
DOGEUSDT,low,2026-06-02,2026-06-02 14:00:00,инвалидация,2026-06-03 00:00:00,,,,,,,,,,,,,,,,,,,,,,,,,,,,,,
DOGEUSDT,low,2026-06-09,2026-06-09 14:30:00,сделка,2026-06-11 00:00:00,2026-06-10 14:00:00,0.08458,2.237845826436512,23.5,1.8265923378009723,0.08490566037736043,0.14264807662843668,0.1067489028585064,0.08302692444549949,7.0,True,-5.549474605954456,3.7717945676669467,False,False,False,9.0,0.45436054037204665,True,False,1.0,-1.0446858308193812,False,2.0,-1.0446858308193812,False,1.537429270328668,-1.0446858308193812,False,True
DOGEUSDT,low,2026-06-14,2026-06-14 14:30:00,сделка,,2026-06-14 22:00:00,0.08852,3.361534116583831,7.5,0.1282948448798682,0.911475409836068,0.9342559390784466,2.076043853510618,0.08164217401446305,6.5,True,1.7846795688955843,3.557266153487284,True,False,False,17.0,0.7931093583543638,True,False,1.0,-1.0297483222040373,False,2.0,-1.0297483222040373,True,0.09073708760833567,0.060988765404298276,True,False
DOGEUSDT,low,2026-06-25,2026-06-25 13:45:00,нет сигнала,,,,,,,,,,,,,,,,,,,,,,,,,,,,,,,
DOGEUSDT,low,2026-07-27,2026-07-27 14:30:00,инвалидация,2026-07-28 00:00:00,,,,,,,,,,,,,,,,,,,,,,,,,,,,,,
DOGEUSDT,low,2026-08-25,2026-08-25 13:45:00,инвалидация,2026-08-26 00:00:00,,,,,,,,,,,,,,,,,,,,,,,,,,,,,,
DOGEUSDT,low,2026-08-26,2026-08-26 14:30:00,сделка,,2026-08-27 09:00:00,0.08915,6.218384744812103,18.5,1.2274283016641085,0.5287081339712907,0.797302879490015,3.646878319367397,1.0385931783311602,15.0,False,6.514172053704635,9.866635194146118,False,False,False,4.0,0.20383535154382876,True,False,1.0,-1.01608134653994,False,2.0,-1.01608134653994,False,0.710717951400605,-1.01608134653994,False,False
DOGEUSDT,low,2026-09-15,2026-09-15 14:30:00,инвалидация,2026-09-16 00:00:00,,,,,,,,,,,,,,,,,,,,,,,,,,,,,,
DOGEUSDT,low,2026-09-23,2026-09-23 14:00:00,инвалидация,2026-09-24 00:00:00,,,,,,,,,,,,,,,,,,,,,,,,,,,,,,
DOGEUSDT,high,2020-08-10,2020-08-10 14:45:00,нет сигнала,,,,,,,,,,,,,,,,,,,,,,,,,,,,,,,
DOGEUSDT,high,2020-08-23,2020-08-23 13:30:00,нет сигнала,,,,,,,,,,,,,,,,,,,,,,,,,,,,,,,
DOGEUSDT,high,2020-09-07,2020-09-07 15:15:00,инвалидация,2020-09-08 00:00:00,,,,,,,,,,,,,,,,,,,,,,,,,,,,,,
DOGEUSDT,high,2020-10-08,2020-10-08 14:30:00,инвалидация,2020-10-10 00:00:00,,,,,,,,,,,,,,,,,,,,,,,,,,,,,,
DOGEUSDT,high,2020-10-19,2020-10-19 15:15:00,нет сигнала,,,,,,,,,,,,,,,,,,,,,,,,,,,,,,,
DOGEUSDT,high,2021-05-03,2021-05-03 13:30:00,инвалидация,2021-05-04 00:00:00,,,,,,,,,,,,,,,,,,,,,,,,,,,,,,
DOGEUSDT,high,2021-09-04,2021-09-04 13:45:00,инвалидация,2021-09-06 00:00:00,,,,,,,,,,,,,,,,,,,,,,,,,,,,,,
DOGEUSDT,high,2021-10-20,2021-10-20 14:00:00,сделка,,2021-10-21 16:00:00,0.24525,7.030470948012231,26.0,2.7788665046641223,0.6532364597093785,0.573591698985571,3.5039586109586804,1.685349220036058,3.5,True,-5.474452554744531,5.9339970212432345,False,True,False,11.0,0.5944706688172012,True,False,1.0,-1.0142237981977968,False,2.0,-1.0142237981977968,True,0.3044849767112494,0.2902611785134525,True,False
DOGEUSDT,high,2021-11-07,2021-11-07 16:30:00,инвалидация,2021-11-09 00:00:00,,,,,,,,,,,,,,,,,,,,,,,,,,,,,,
DOGEUSDT,high,2021-12-12,2021-12-12 16:15:00,сделка,,2021-12-13 02:00:00,0.1637,6.31879657910811,9.75,2.306560753162699,0.6991051454138675,0.6042225975384447,1.0355987055016085,0.6237128567225686,0.5,False,4.840800225415602,5.2603706972639035,False,False,False,20.0,1.2074784389208322,True,True,1.0,0.984174201725273,False,2.0,-1.015825798274727,True,0.26005740598055,0.244231607705823,True,True
DOGEUSDT,high,2022-02-28,2022-02-28 15:15:00,инвалидация,2022-03-01 00:00:00,,,,,,,,,,,,,,,,,,,,,,,,,,,,,,
DOGEUSDT,high,2022-03-23,2022-03-23 15:45:00,инвалидация,2022-03-24 00:00:00,,,,,,,,,,,,,,,,,,,,,,,,,,,,,,
DOGEUSDT,high,2022-04-03,2022-04-03 13:45:00,инвалидация,2022-04-04 00:00:00,,,,,,,,,,,,,,,,,,,,,,,,,,,,,,
DOGEUSDT,high,2022-05-07,2022-05-07 14:45:00,нет сигнала,,,,,,,,,,,,,,,,,,,,,,,,,,,,,,,
DOGEUSDT,high,2022-05-27,2022-05-27 15:15:00,нет сигнала,,,,,,,,,,,,,,,,,,,,,,,,,,,,,,,
DOGEUSDT,high,2022-09-30,2022-09-30 14:45:00,инвалидация,2022-10-01 00:00:00,,,,,,,,,,,,,,,,,,,,,,,,,,,,,,
DOGEUSDT,high,2022-10-25,2022-10-25 13:30:00,инвалидация,2022-10-26 00:00:00,,,,,,,,,,,,,,,,,,,,,,,,,,,,,,
DOGEUSDT,high,2023-01-20,2023-01-20 16:15:00,инвалидация,2023-01-21 00:00:00,,,,,,,,,,,,,,,,,,,,,,,,,,,,,,
DOGEUSDT,high,2023-01-22,2023-01-22 16:15:00,нет сигнала,,,,,,,,,,,,,,,,,,,,,,,,,,,,,,,
DOGEUSDT,high,2023-03-22,2023-03-22 15:45:00,сделка,,2023-03-24 09:00:00,0.07516,5.9467136774880105,41.25,2.1181001283697034,0.3581699346405223,0.6130371066438455,2.9139922978177077,0.038510911424906605,3.25,False,-5.61147111540053,9.820282413350437,False,False,False,4.0,0.8949446812318944,False,False,1.0,-1.0168160105603472,False,2.0,-1.0168160105603472,False,1.098544596212149,-1.0168160105603472,,
DOGEUSDT,high,2023-04-09,2023-04-09 15:15:00,инвалидация,2023-04-11 00:00:00,,,,,,,,,,,,,,,,,,,,,,,,,,,,,,
DOGEUSDT,high,2023-04-18,2023-04-18 15:30:00,сделка,,2023-04-19 09:00:00,0.08683,9.956673960612699,17.5,0.40000000000000563,1.1721664275466273,0.9450134060041304,3.32631578947368,0.2631578947368423,7.5,False,-9.56490471053578,7.3368421052631625,False,False,False,4.0,1.2654157480642836,False,True,1.0,0.9899564854292119,False,2.0,-1.010043514570788,,,,,
DOGEUSDT,high,2023-05-14,2023-05-14 15:00:00,сделка,,2023-05-14 20:00:00,0.07152,1.6535654362416163,5.0,0.37313432835821775,0.7636363636363648,0.7102813221379389,1.1470425649530092,0.38695411829740534,39.0,True,0.9676527508985433,1.5201768933112079,True,False,False,15.0,0.6088125618325224,True,False,1.0,-1.0604753811420307,False,2.0,-1.0604753811420307,True,0.2198489806617416,0.15937359951971092,True,True
DOGEUSDT,high,2023-05-26,2023-05-26 14:15:00,сделка,2023-05-28 00:00:00,2023-05-27 14:00:00,0.07098,1.35512820512821,23.75,0.898497823950585,0.08474576271186425,0.25991038289997537,0.04211708549768672,0.056156113996909125,0.5,False,3.697159168139188,4.141513407272228,False,False,True,9.0,0.18713547568798167,True,False,1.0,-1.073793755912961,False,2.0,-1.073793755912961,False,2.80703213531974,-1.073793755912961,True,False
DOGEUSDT,high,2023-06-18,2023-06-18 14:15:00,нет сигнала,,,,,,,,,,,,,,,,,,,,,,,,,,,,,,,
DOGEUSDT,high,2023-07-13,2023-07-13 15:15:00,инвалидация,2023-07-14 00:00:00,,,,,,,,,,,,,,,,,,,,,,,,,,,,,,
DOGEUSDT,high,2023-07-19,2023-07-19 15:45:00,инвалидация,2023-07-21 00:00:00,,,,,,,,,,,,,,,,,,,,,,,,,,,,,,
DOGEUSDT,high,2023-09-02,2023-09-02 14:30:00,сделка,,2023-09-03 17:00:00,0.06291,3.409616913050411,26.5,1.1202738447176168,0.660194174757284,0.6340355899095061,1.9604792282557917,5.103469737046843,94.5,False,-1.1246633929985559,3.2052279446086707,False,False,True,12.0,0.4335684548645857,False,False,1.0,-1.029328808059711,False,2.0,-1.029328808059711,True,0.32634184774753633,0.2970130396878253,,
DOGEUSDT,high,2023-09-23,2023-09-23 14:30:00,нет сигнала,,,,,,,,,,,,,,,,,,,,,,,,,,,,,,,
DOGEUSDT,high,2023-09-28,2023-09-28 15:45:00,инвалидация,2023-09-29 00:00:00,,,,,,,,,,,,,,,,,,,,,,,,,,,,,,
DOGEUSDT,high,2023-10-30,2023-10-30 14:15:00,сделка,,2023-10-30 18:00:00,0.06877,2.603591682419668,3.75,0.29880478087649665,0.4886731391585759,0.8433445593105757,1.9066590779738106,0.3841775754126245,2.5,False,-4.173547515388066,4.396698918611263,True,False,False,13.0,0.4914855709889411,True,False,1.0,-1.0384084803601248,False,2.0,-1.0384084803601248,False,0.8824400024574239,-1.0384084803601248,False,True
DOGEUSDT,high,2023-11-30,2023-11-30 16:30:00,инвалидация,2023-12-01 00:00:00,,,,,,,,,,,,,,,,,,,,,,,,,,,,,,
DOGEUSDT,high,2024-01-01,2024-01-01 15:00:00,инвалидация,2024-01-02 00:00:00,,,,,,,,,,,,,,,,,,,,,,,,,,,,,,
DOGEUSDT,high,2024-02-04,2024-02-04 16:30:00,сделка,,2024-02-05 21:00:00,0.07821,2.787763713080175,28.5,1.0188679245283083,1.2899999999999983,0.5916589842728771,1.1949685534591277,0.10062893081762342,3.0,True,3.2329440688383615,1.2578616352201268,False,False,False,15.0,0.3027092477675222,True,False,1.0,-1.035871045860451,False,2.0,-1.035871045860451,,,,False,False
DOGEUSDT,high,2024-02-07,2024-02-07 16:30:00,инвалидация,2024-02-08 00:00:00,,,,,,,,,,,,,,,,,,,,,,,,,,,,,,
DOGEUSDT,high,2024-02-26,2024-02-26 16:00:00,инвалидация,2024-02-27 00:00:00,,,,,,,,,,,,,,,,,,,,,,,,,,,,,,
DOGEUSDT,high,2024-03-09,2024-03-09 16:15:00,инвалидация,2024-03-10 00:00:00,,,,,,,,,,,,,,,,,,,,,,,,,,,,,,
DOGEUSDT,high,2024-03-25,2024-03-25 14:15:00,инвалидация,2024-03-27 00:00:00,,,,,,,,,,,,,,,,,,,,,,,,,,,,,,
DOGEUSDT,high,2024-05-02,2024-05-02 15:15:00,инвалидация,2024-05-04 00:00:00,,,,,,,,,,,,,,,,,,,,,,,,,,,,,,
DOGEUSDT,high,2024-08-29,2024-08-29 14:00:00,нет сигнала,,,,,,,,,,,,,,,,,,,,,,,,,,,,,,,
DOGEUSDT,high,2024-09-21,2024-09-21 13:30:00,инвалидация,2024-09-22 00:00:00,,,,,,,,,,,,,,,,,,,,,,,,,,,,,,
DOGEUSDT,high,2024-09-28,2024-09-28 14:15:00,нет сигнала,,,,,,,,,,,,,,,,,,,,,,,,,,,,,,,
DOGEUSDT,high,2024-11-04,2024-11-04 16:00:00,сделка,2024-11-06 00:00:00,2024-11-04 22:00:00,0.15201,5.519531609762511,6.0,0.23143804341025925,0.44406779661016926,0.9368027613036114,4.391067742540813,0.9695377494214021,4.0,True,13.976232444419168,11.071495590167023,True,False,False,16.0,0.03694769160357808,True,False,1.0,-1.0181174793569672,False,2.0,-1.0181174793569672,False,1.1727912431587206,-1.0181174793569672,True,False
DOGEUSDT,high,2025-01-31,2025-01-31 15:30:00,сделка,,2025-02-01 20:00:00,0.315,8.61962222222222,28.5,0.9182167109536468,1.404860699466509,0.8728699854632159,6.418659580749921,0.014762326542661498,95.5,False,6.220461298995331,4.980808975494537,False,False,False,14.0,4.161785162757105,False,True,1.0,0.9883985634843496,True,2.0,1.9883985634843497,,,,,
DOGEUSDT,high,2025-03-14,2025-03-14 15:00:00,инвалидация,2025-03-16 00:00:00,,,,,,,,,,,,,,,,,,,,,,,,,,,,,,
DOGEUSDT,high,2025-03-15,2025-03-15 13:30:00,сделка,,2025-03-16 14:00:00,0.16608,7.1458152697495185,24.5,0.8853073037852596,0.8680377035132809,0.8535723223486805,5.45939504000909,0.6412802905624084,36.75,False,-2.2977558187987395,6.6227796379320205,False,False,False,9.0,0.29491639962688887,True,False,1.0,-1.0139942044714383,False,2.0,-1.0139942044714383,True,0.12976321583583214,0.11576901136439395,False,False
DOGEUSDT,high,2025-03-25,2025-03-25 13:30:00,инвалидация,2025-03-26 00:00:00,,,,,,,,,,,,,,,,,,,,,,,,,,,,,,
DOGEUSDT,high,2025-04-02,2025-04-02 15:30:00,сделка,,2025-04-02 23:00:00,0.16293,10.618087522248809,7.5,2.464147507398134,1.3051020408163294,0.7393042216640997,4.990894605053494,0.42681538811745995,40.25,False,8.655916802353062,5.577054404734792,True,False,False,18.0,1.913289267950094,False,True,1.0,0.9905821081441961,False,2.0,-1.0094178918558039,,,,,
DOGEUSDT,high,2025-06-25,2025-06-25 13:45:00,нет сигнала,,,,,,,,,,,,,,,,,,,,,,,,,,,,,,,
DOGEUSDT,high,2025-08-17,2025-08-17 15:15:00,сделка,,2025-08-18 02:00:00,0.22856,6.196394819740977,10.75,2.6804996824052516,0.689373297002724,0.5359230869169805,1.9944950243489274,0.3133601524454756,12.0,False,-4.076943868817011,4.662290916790172,False,False,False,21.0,1.4912642418559485,False,True,1.0,0.9838615835644604,False,2.0,-1.0161384164355396,True,0.24148313007326483,0.22534471363772526,,
DOGEUSDT,high,2025-08-22,2025-08-22 14:00:00,инвалидация,2025-08-23 00:00:00,,,,,,,,,,,,,,,,,,,,,,,,,,,,,,
DOGEUSDT,high,2025-09-24,2025-09-24 13:30:00,сделка,,2025-09-25 01:00:00,0.23935,4.775654898683933,11.5,2.7436023622047134,0.4567650050864691,0.39280768258339693,1.7224409448818936,1.0908792650918617,2.75,True,14.871758028594014,4.031332020997377,False,False,False,20.0,1.656091187372765,False,True,1.0,0.9790604635130654,False,2.0,-1.0209395364869345,True,0.46716993875174767,0.4462304022648131,,
DOGEUSDT,high,2025-10-06,2025-10-06 14:30:00,инвалидация,2025-10-07 00:00:00,,,,,,,,,,,,,,,,,,,,,,,,,,,,,,
DOGEUSDT,high,2025-10-12,2025-10-12 15:00:00,инвалидация,2025-10-13 00:00:00,,,,,,,,,,,,,,,,,,,,,,,,,,,,,,
DOGEUSDT,high,2025-10-21,2025-10-21 14:45:00,сделка,,2025-10-22 10:00:00,0.19056,7.97940806045339,19.25,1.5562472209870983,1.0962072155411642,0.7793201960335572,5.562966256607885,0.6620226273405503,51.75,False,-1.9376880322268104,5.340645225038295,False,False,False,5.0,0.4005113918856011,True,False,1.0,-1.0125322579372282,False,2.0,-1.0125322579372282,,,,False,False
DOGEUSDT,high,2025-11-07,2025-11-07 15:15:00,инвалидация,2025-11-08 00:00:00,,,,,,,,,,,,,,,,,,,,,,,,,,,,,,
DOGEUSDT,high,2025-12-02,2025-12-02 15:30:00,инвалидация,2025-12-04 00:00:00,,,,,,,,,,,,,,,,,,,,,,,,,,,,,,
DOGEUSDT,high,2025-12-09,2025-12-09 15:30:00,инвалидация,2025-12-10 00:00:00,,,,,,,,,,,,,,,,,,,,,,,,,,,,,,
DOGEUSDT,high,2025-12-17,2025-12-17 14:45:00,нет сигнала,,,,,,,,,,,,,,,,,,,,,,,,,,,,,,,
DOGEUSDT,high,2025-12-19,2025-12-19 15:15:00,инвалидация,2025-12-20 00:00:00,,,,,,,,,,,,,,,,,,,,,,,,,,,,,,
DOGEUSDT,high,2026-01-01,2026-01-01 15:30:00,инвалидация,2026-01-02 00:00:00,,,,,,,,,,,,,,,,,,,,,,,,,,,,,,
DOGEUSDT,high,2026-01-13,2026-01-13 15:45:00,инвалидация,2026-01-14 00:00:00,,,,,,,,,,,,,,,,,,,,,,,,,,,,,,
DOGEUSDT,high,2026-01-14,2026-01-14 16:30:00,сделка,,2026-01-15 02:00:00,0.1446,4.71733748271092,9.5,0.25183908807740174,0.42760027192386063,0.9221156764062995,4.04930744250779,1.5706806282722585,16.5,False,-4.45415462682361,9.748823646364903,False,False,False,20.0,3.7119187482682907,False,True,1.0,0.9788016014613115,True,2.0,1.9788016014613115,True,1.234374244092379,1.2131758455536905,,
DOGEUSDT,high,2026-01-27,2026-01-27 16:00:00,инвалидация,2026-01-28 00:00:00,,,,,,,,,,,,,,,,,,,,,,,,,,,,,,
DOGEUSDT,high,2026-02-03,2026-02-03 15:45:00,сделка,,2026-02-03 18:00:00,0.10419,6.162299644879543,2.25,0.01810282404055587,0.5702629193109693,0.9796744801806704,4.5438088341781295,1.4029688631426465,23.75,False,13.685474189675872,9.983707458363504,True,False,False,12.0,3.7816369441632314,True,True,1.0,0.9837722918775796,True,2.0,1.9837722918775795,True,0.738260260104355,0.7220325519819346,,
DOGEUSDT,high,2026-02-13,2026-02-13 15:00:00,инвалидация,2026-02-14 00:00:00,,,,,,,,,,,,,,,,,,,,,,,,,,,,,,
DOGEUSDT,high,2026-03-28,2026-03-28 13:30:00,сделка,,2026-03-29 11:00:00,0.09058,5.338176197836172,21.5,2.8596093665695475,0.5988538681948437,0.4322361291496751,2.201359663321463,0.15107370238480763,7.25,True,0.03330373001774908,3.7660515808783934,False,False,False,6.0,0.5625274025297183,False,False,1.0,-1.0187329897504198,False,2.0,-1.0187329897504198,True,0.2895361630667665,0.2708031733163467,,
DOGEUSDT,high,2026-05-26,2026-05-26 14:15:00,сделка,,2026-05-28 04:00:00,0.09818,5.85029537584029,37.75,0.05782575173476351,2.559633027522935,0.9714789112472196,3.7586738627602165,0.848111025443323,70.25,True,1.5147129763627611,2.1010023130300706,False,False,False,23.0,0.3098982906845975,False,False,1.0,-1.0170931540333785,False,2.0,-1.0170931540333785,,,,,
DOGEUSDT,high,2026-05-29,2026-05-29 15:30:00,нет сигнала,,,,,,,,,,,,,,,,,,,,,,,,,,,,,,,
DOGEUSDT,high,2026-06-27,2026-06-27 15:00:00,нет сигнала,,,,,,,,,,,,,,,,,,,,,,,,,,,,,,,
DOGEUSDT,high,2026-07-01,2026-07-01 15:15:00,инвалидация,2026-07-03 00:00:00,,,,,,,,,,,,,,,,,,,,,,,,,,,,,,
DOGEUSDT,high,2026-07-04,2026-07-04 15:00:00,сделка,,2026-07-05 01:00:00,0.07715,2.9674141283214572,10.0,1.1341914107302178,0.28947368421052705,0.5765803543348357,1.5929654645087308,1.0449853447177282,3.0,False,-5.945872061235638,5.811138014527838,False,False,False,20.0,2.7081804521787687,False,True,1.0,0.9663006255023239,True,2.0,1.9663006255023239,True,1.4152426879127735,1.3815433134150974,,
DOGEUSDT,high,2026-07-14,2026-07-14 14:30:00,инвалидация,2026-07-15 00:00:00,,,,,,,,,,,,,,,,,,,,,,,,,,,,,,
DOGEUSDT,high,2026-07-25,2026-07-25 13:45:00,инвалидация,2026-07-26 00:00:00,,,,,,,,,,,,,,,,,,,,,,,,,,,,,,
DOGEUSDT,high,2026-08-30,2026-08-30 13:45:00,сделка,,2026-08-30 22:00:00,0.08458,2.30130054386379,8.25,0.910576698575768,0.6967741935483874,0.5548591274326469,0.7004436142890536,0.09339248190520283,0.75,False,5.394006659267484,1.8094793369133735,True,False,False,17.0,2.306775446456106,True,True,1.0,0.9565463101868025,True,2.0,1.9565463101868024,True,0.24146647212346628,0.1980127823102687,True,True
DOGEUSDT,high,2026-09-11,2026-09-11 13:45:00,нет сигнала,,,,,,,,,,,,,,,,,,,,,,,,,,,,,,,
ETHUSDT,low,2020-01-02,2020-01-02 16:45:00,инвалидация,2020-01-03 00:00:00,,,,,,,,,,,,,,,,,,,,,,,,,,,,,,
ETHUSDT,low,2020-01-08,2020-01-08 16:30:00,инвалидация,2020-01-10 00:00:00,,,,,,,,,,,,,,,,,,,,,,,,,,,,,,
ETHUSDT,low,2020-01-09,2020-01-09 16:00:00,сделка,,2020-01-10 20:00:00,143.38,5.785479146324453,28.0,1.4072183740430235,0.5773864689527335,0.7510349333712656,4.228946409041183,0.7582938388625534,37.5,False,4.81048477176261,7.867298578199046,False,False,False,14.0,3.471878985729132,False,True,1.0,0.9827153469106304,True,2.0,1.9827153469106304,True,0.549714172740446,0.5324295196510764,,
ETHUSDT,low,2020-03-09,2020-03-09 15:00:00,нет сигнала,,,,,,,,,,,,,,,,,,,,,,,,,,,,,,,
ETHUSDT,low,2020-03-22,2020-03-22 15:30:00,инвалидация,2020-03-23 00:00:00,,,,,,,,,,,,,,,,,,,,,,,,,,,,,,
ETHUSDT,low,2020-04-01,2020-04-01 13:30:00,сделка,,2020-04-01 21:00:00,131.66,2.6722391007139397,7.5,1.5806030844778656,0.2847965738758004,0.3780267006227477,0.7442645591958864,0.20716642369370844,0.0,True,-4.190448667003817,3.5832118468502934,True,False,False,16.0,10.093028676025508,False,True,1.0,0.9625781989443672,True,2.0,1.9625781989443674,True,0.9493302105864614,0.9119084095308286,,
ETHUSDT,low,2020-04-27,2020-04-27 13:30:00,нет сигнала,,,,,,,,,,,,,,,,,,,,,,,,,,,,,,,
ETHUSDT,low,2020-05-03,2020-05-03 14:30:00,инвалидация,2020-05-04 00:00:00,,,,,,,,,,,,,,,,,,,,,,,,,,,,,,
ETHUSDT,low,2020-05-20,2020-05-20 15:15:00,инвалидация,2020-05-22 00:00:00,,,,,,,,,,,,,,,,,,,,,,,,,,,,,,
ETHUSDT,low,2020-05-24,2020-05-24 13:45:00,инвалидация,2020-05-25 00:00:00,,,,,,,,,,,,,,,,,,,,,,,,,,,,,,
ETHUSDT,low,2020-05-26,2020-05-26 15:45:00,сделка,,2020-05-26 21:00:00,202.03,2.7454734445379305,5.25,0.5259963584867449,0.5428211586901768,0.7770414013427883,1.9219097713938962,0.5310540157798965,0.0,True,-2.7910078110116276,4.015779890754601,True,False,False,16.0,8.260797450006157,False,True,1.0,0.963576409672092,True,2.0,1.963576409672092,True,0.6544455421982173,0.6180219518703093,,
ETHUSDT,low,2020-06-02,2020-06-02 14:45:00,нет сигнала,,,,,,,,,,,,,,,,,,,,,,,,,,,,,,,
ETHUSDT,low,2020-06-27,2020-06-27 15:30:00,инвалидация,2020-06-28 00:00:00,,,,,,,,,,,,,,,,,,,,,,,,,,,,,,
ETHUSDT,low,2020-07-12,2020-07-12 13:30:00,сделка,,2020-07-13 12:00:00,244.72,3.6596927100359546,22.5,0.6775809098943704,1.7009569377990483,0.7938811969629292,2.9249610706620044,1.489836286351581,69.5,False,-0.9849770309978048,1.7591852194772857,False,False,False,7.0,0.09379187137114833,True,False,1.0,-1.0273246985261277,False,1.999999999999997,-1.0273246985261277,,,,False,False
ETHUSDT,low,2020-08-07,2020-08-07 14:15:00,инвалидация,2020-08-08 00:00:00,,,,,,,,,,,,,,,,,,,,,,,,,,,,,,
ETHUSDT,low,2020-08-18,2020-08-18 14:15:00,инвалидация,2020-08-20 00:00:00,,,,,,,,,,,,,,,,,,,,,,,,,,,,,,
ETHUSDT,low,2020-08-25,2020-08-25 14:00:00,инвалидация,2020-08-26 00:00:00,,,,,,,,,,,,,,,,,,,,,,,,,,,,,,
ETHUSDT,low,2020-09-04,2020-09-04 14:45:00,инвалидация,2020-09-06 00:00:00,,,,,,,,,,,,,,,,,,,,,,,,,,,,,,
ETHUSDT,low,2021-01-15,2021-01-15 16:00:00,сделка,,2021-01-16 09:00:00,1218.43,12.269888298876422,17.0,1.625478081788767,0.8088963127938635,0.8745819397993311,10.837746395998812,2.6423212709620483,0.0,True,-3.52354761086285,14.860988526037058,False,False,False,3.0,1.5091638795986615,False,True,1.0,0.991849966555184,False,2.0,-1.0081500334448161,True,0.20662207357859447,0.19847204013377842,,
ETHUSDT,low,2021-01-31,2021-01-31 15:00:00,инвалидация,2021-02-01 00:00:00,,,,,,,,,,,,,,,,,,,,,,,,,,,,,,
ETHUSDT,low,2021-05-29,2021-05-29 15:00:00,инвалидация,2021-05-30 00:00:00,,,,,,,,,,,,,,,,,,,,,,,,,,,,,,
ETHUSDT,low,2021-07-01,2021-07-01 14:30:00,сделка,,2021-07-02 15:00:00,2115.84,4.793672016787657,24.5,3.392055499393931,0.14109582285347996,0.2820763779224028,0.5591142327390883,1.4531220804607028,6.25,True,25.829646017699115,9.714789457798133,False,True,True,10.0,2.9002302457061724,False,True,1.0,0.9791391652057555,True,2.0,1.9791391652057555,True,1.7171066752521988,1.6962458404579543,,
ETHUSDT,low,2021-08-22,2021-08-22 14:45:00,сделка,,2021-08-23 01:00:00,3251.9,4.018400012300508,10.25,2.5808201751103788,0.4193669226446911,0.3426839314678062,1.1000523834468372,1.4966699094514706,2.25,False,2.5285763768617997,3.3294669360672566,False,False,True,20.0,1.00325733397564,True,True,1.0,0.9751144734984334,False,2.0,-1.0248855265015666,True,0.47446189707467373,0.4495763705731071,False,False
ETHUSDT,low,2021-08-24,2021-08-24 14:00:00,инвалидация,2021-08-25 00:00:00,,,,,,,,,,,,,,,,,,,,,,,,,,,,,,
ETHUSDT,low,2021-10-17,2021-10-17 15:30:00,сделка,2021-10-19 00:00:00,2021-10-18 01:00:00,3882.15,6.477449866697578,9.5,4.394719812278698,0.4521890045907515,0.3211986495738241,1.508136518843155,1.0793448694947676,4.25,False,8.190567582060915,4.698819902246024,False,False,False,20.0,2.017980125371266,False,True,1.0000000000000018,0.98456182570951,True,1.9999999999999982,1.9845618257095063,True,0.38912081045931246,0.3736826361688207,,
ETHUSDT,low,2021-10-22,2021-10-22 14:15:00,инвалидация,2021-10-23 00:00:00,,,,,,,,,,,,,,,,,,,,,,,,,,,,,,
ETHUSDT,low,2021-10-30,2021-10-30 14:15:00,сделка,,2021-10-31 22:00:00,4310.05,3.554738344102742,31.75,2.5335194745570524,0.2057565541186546,0.26688684232855514,0.7458141648474207,1.4857723767673334,0.0,True,8.24852311481389,4.655014101134661,False,False,True,17.0,0.12792815137293945,True,False,1.0,-1.0281314657563752,False,2.0,-1.0281314657563752,False,1.0302132353421092,-1.0281314657563752,False,True
ETHUSDT,low,2021-11-18,2021-11-18 15:15:00,инвалидация,2021-11-19 00:00:00,,,,,,,,,,,,,,,,,,,,,,,,,,,,,,
ETHUSDT,low,2021-12-03,2021-12-03 16:00:00,инвалидация,2021-12-04 00:00:00,,,,,,,,,,,,,,,,,,,,,,,,,,,,,,
ETHUSDT,low,2021-12-09,2021-12-09 15:00:00,инвалидация,2021-12-10 00:00:00,,,,,,,,,,,,,,,,,,,,,,,,,,,,,,
ETHUSDT,low,2021-12-15,2021-12-15 15:45:00,нет сигнала,,,,,,,,,,,,,,,,,,,,,,,,,,,,,,,
ETHUSDT,low,2022-02-02,2022-02-02 15:00:00,сделка,,2022-02-04 06:00:00,2768.84,7.178913913407785,39.0,3.740538275318892,0.6857407539371486,0.4841209534672375,2.4915719091075648,0.8104437235511299,20.25,True,15.015623645572335,5.250672563524042,False,False,False,0.0,2.4038016499655064,False,True,1.0,0.9860703163171752,True,2.0,1.9860703163171753,True,0.22186151977455187,0.20793183609172713,,
ETHUSDT,low,2022-02-06,2022-02-06 15:00:00,нет сигнала,,,,,,,,,,,,,,,,,,,,,,,,,,,,,,,
ETHUSDT,low,2022-02-18,2022-02-18 14:30:00,инвалидация,2022-02-19 00:00:00,,,,,,,,,,,,,,,,,,,,,,,,,,,,,,
ETHUSDT,low,2022-04-30,2022-04-30 15:00:00,инвалидация,2022-05-01 00:00:00,,,,,,,,,,,,,,,,,,,,,,,,,,,,,,
ETHUSDT,low,2022-05-05,2022-05-05 15:00:00,инвалидация,2022-05-06 00:00:00,,,,,,,,,,,,,,,,,,,,,,,,,,,,,,
ETHUSDT,low,2022-06-27,2022-06-27 13:30:00,инвалидация,2022-06-28 00:00:00,,,,,,,,,,,,,,,,,,,,,,,,,,,,,,
ETHUSDT,low,2022-08-17,2022-08-17 13:30:00,инвалидация,2022-08-18 00:00:00,,,,,,,,,,,,,,,,,,,,,,,,,,,,,,
ETHUSDT,low,2022-09-01,2022-09-01 14:45:00,нет сигнала,,,,,,,,,,,,,,,,,,,,,,,,,,,,,,,
ETHUSDT,low,2022-09-15,2022-09-15 14:30:00,инвалидация,2022-09-16 00:00:00,,,,,,,,,,,,,,,,,,,,,,,,,,,,,,
ETHUSDT,low,2022-09-25,2022-09-25 13:30:00,инвалидация,2022-09-26 00:00:00,,,,,,,,,,,,,,,,,,,,,,,,,,,,,,
ETHUSDT,low,2022-10-05,2022-10-05 13:30:00,сделка,,2022-10-05 17:00:00,1350.15,2.68083324075104,3.5,0.21167473407887075,0.6178282633808262,0.886579931576695,2.271520264631356,0.895255147717096,1.5,True,1.9426131255618868,3.9406400315615415,True,False,False,12.0,0.9155892468822507,True,False,1.0,-1.0373018352950536,False,2.0,-1.0373018352950536,True,0.5484141988718365,0.5111123635767829,False,False
ETHUSDT,low,2022-12-19,2022-12-19 16:15:00,инвалидация,2022-12-20 00:00:00,,,,,,,,,,,,,,,,,,,,,,,,,,,,,,
ETHUSDT,low,2022-12-22,2022-12-22 14:30:00,сделка,,2022-12-22 21:00:00,1216.8,2.957100591715974,6.5,1.6688018900886767,0.6157059314954042,0.4096492690789845,0.7936375888058802,1.4100793637588656,1.5,False,4.0310409878237,1.9915811190789192,True,False,True,15.0,0.48496470457451113,False,False,1.0,-1.0338169084542272,False,2.0,-1.0338169084542272,True,0.2556833972541841,0.22186648879995696,,
ETHUSDT,low,2022-12-25,2022-12-25 14:30:00,нет сигнала,,,,,,,,,,,,,,,,,,,,,,,,,,,,,,,
ETHUSDT,low,2022-12-27,2022-12-27 14:30:00,инвалидация,2022-12-29 00:00:00,,,,,,,,,,,,,,,,,,,,,,,,,,,,,,
ETHUSDT,low,2023-01-18,2023-01-18 15:45:00,инвалидация,2023-01-19 00:00:00,,,,,,,,,,,,,,,,,,,,,,,,,,,,,,
ETHUSDT,low,2023-01-23,2023-01-23 14:45:00,инвалидация,2023-01-25 00:00:00,,,,,,,,,,,,,,,,,,,,,,,,,,,,,,
ETHUSDT,low,2023-02-10,2023-02-10 15:30:00,инвалидация,2023-02-11 00:00:00,,,,,,,,,,,,,,,,,,,,,,,,,,,,,,
ETHUSDT,low,2023-02-24,2023-02-24 15:00:00,инвалидация,2023-02-25 00:00:00,,,,,,,,,,,,,,,,,,,,,,,,,,,,,,
ETHUSDT,low,2023-03-07,2023-03-07 15:00:00,инвалидация,2023-03-09 00:00:00,,,,,,,,,,,,,,,,,,,,,,,,,,,,,,
ETHUSDT,low,2023-03-27,2023-03-27 14:15:00,инвалидация,2023-03-28 00:00:00,,,,,,,,,,,,,,,,,,,,,,,,,,,,,,
ETHUSDT,low,2023-05-06,2023-05-06 14:00:00,инвалидация,2023-05-08 00:00:00,,,,,,,,,,,,,,,,,,,,,,,,,,,,,,
ETHUSDT,low,2023-05-11,2023-05-11 14:45:00,сделка,,2023-05-12 20:00:00,1789.13,3.1018075824562956,29.25,2.8206793822169027,0.033478174995063205,0.061086177099099984,-0.24527646801886663,0.6714303314032283,1.75,False,-7.663508250692579,5.67047834511183,False,False,True,15.0,1.0608092170571986,False,True,1.0,0.967760733913478,False,2.0,-1.032239266086522,False,1.7635705465158504,-1.032239266086522,,
ETHUSDT,low,2023-06-30,2023-06-30 13:45:00,сделка,,2023-06-30 18:00:00,1931.79,5.881074029785841,4.25,0.384232247047103,1.9782854984894243,0.9221899480679524,4.336022594169743,0.5976946065177213,117.75,True,-1.2424779138747792,2.8987093737342797,True,False,False,13.0,0.4067423642285017,False,False,1.0,-1.017003696857671,False,2.0,-1.017003696857671,,,,,
ETHUSDT,low,2023-07-02,2023-07-02 15:15:00,сделка,,2023-07-02 22:00:00,1921.1,2.052654729061474,6.75,1.3098949464252967,0.34726065301604647,0.3182569157481374,0.5999318854627883,0.1975321579209338,11.25,False,3.548710000322894,1.8935841345524143,True,False,False,17.0,1.4429337455035152,True,True,1.0,0.9512826007295817,False,2.0,-1.0487173992704182,True,0.5982215651393334,0.5495041658689152,True,False
ETHUSDT,low,2023-08-06,2023-08-06 14:00:00,сделка,,2023-08-08 01:00:00,1834.66,1.9872891979985412,35.0,1.461652159632126,0.6677852348993406,0.2183214481623705,0.2813817266108213,0.04598456232550053,0.25,True,-1.0720118142277417,0.6525428368095388,False,False,False,20.0,1.1886999451453613,False,True,1.0,0.9496801974766869,False,2.0,-1.0503198025233131,True,0.10861217772901276,0.05829237520569958,,
ETHUSDT,low,2023-08-07,2023-08-07 15:15:00,сделка,,2023-08-08 01:00:00,1834.66,1.9872891979985412,9.75,1.36986301369863,0.7102941176470696,0.2649478880965461,0.3747945205479407,0.046027397260269484,0.25,False,-2.331491417741109,0.7452054794520498,False,False,False,20.0,1.1886999451453613,False,True,1.0,0.9496801974766869,False,2.0,-1.0503198025233131,True,0.10806363137684649,0.05774382885353332,,
ETHUSDT,low,2023-08-22,2023-08-22 15:45:00,инвалидация,2023-08-23 00:00:00,,,,,,,,,,,,,,,,,,,,,,,,,,,,,,
ETHUSDT,low,2023-08-31,2023-08-31 15:30:00,инвалидация,2023-09-01 00:00:00,,,,,,,,,,,,,,,,,,,,,,,,,,,,,,
ETHUSDT,low,2023-09-01,2023-09-01 14:45:00,инвалидация,2023-09-02 00:00:00,,,,,,,,,,,,,,,,,,,,,,,,,,,,,,
ETHUSDT,low,2023-09-04,2023-09-04 15:00:00,нет сигнала,,,,,,,,,,,,,,,,,,,,,,,,,,,,,,,
ETHUSDT,low,2023-10-05,2023-10-05 15:30:00,инвалидация,2023-10-06 00:00:00,,,,,,,,,,,,,,,,,,,,,,,,,,,,,,
ETHUSDT,low,2023-11-17,2023-11-17 14:30:00,сделка,,2023-11-17 23:00:00,1963.4,3.132006213710918,8.5,1.7844614114733877,0.16170763260025883,0.40654498395854693,0.8563763929013573,0.26000825423029117,0.5,False,-4.496914121059901,7.9756500206355705,True,False,False,17.0,2.1202134003406155,False,True,1.0,0.9680715831398315,True,2.0,1.9680715831398317,True,2.1075291968411056,2.0756007799809373,,
ETHUSDT,low,2023-11-21,2023-11-21 15:00:00,инвалидация,2023-11-22 00:00:00,,,,,,,,,,,,,,,,,,,,,,,,,,,,,,
ETHUSDT,low,2024-01-19,2024-01-19 16:30:00,нет сигнала,,,,,,,,,,,,,,,,,,,,,,,,,,,,,,,
ETHUSDT,low,2024-01-25,2024-01-25 15:15:00,нет сигнала,,,,,,,,,,,,,,,,,,,,,,,,,,,,,,,
ETHUSDT,low,2024-01-29,2024-01-29 14:45:00,сделка,,2024-01-29 17:00:00,2298.85,3.005067751266933,2.25,0.20388453696748332,0.8719204927211635,0.9016820590023461,1.7500089423042473,0.017437493293266118,22.75,False,0.6392555550103238,3.19419107915728,True,True,False,11.0,1.3605570191945862,False,True,1.0,0.966722880055586,False,2.0,-1.033277119944414,True,0.13245128977157736,0.09917416982716341,,
ETHUSDT,low,2024-02-16,2024-02-16 15:00:00,нет сигнала,,,,,,,,,,,,,,,,,,,,,,,,,,,,,,,
ETHUSDT,low,2024-02-17,2024-02-17 14:30:00,нет сигнала,,,,,,,,,,,,,,,,,,,,,,,,,,,,,,,
ETHUSDT,low,2024-02-21,2024-02-21 14:30:00,сделка,,2024-02-22 08:00:00,2995.94,4.370510424107298,17.5,0.19940144766147058,0.7494945782025371,0.9343362619233072,4.068067928730516,1.1114977728285096,6.5,True,6.821287714105663,5.680331291759466,False,False,False,2.0,2.2883372090900793,False,True,1.0,0.9771193773046714,True,2.0,1.9771193773046714,True,0.3122855137325803,0.28940489103725164,,
ETHUSDT,low,2024-02-23,2024-02-23 16:00:00,нет сигнала,,,,,,,,,,,,,,,,,,,,,,,,,,,,,,,
ETHUSDT,low,2024-03-10,2024-03-10 14:30:00,нет сигнала,,,,,,,,,,,,,,,,,,,,,,,,,,,,,,,
ETHUSDT,low,2024-04-17,2024-04-17 14:15:00,нет сигнала,,,,,,,,,,,,,,,,,,,,,,,,,,,,,,,
ETHUSDT,low,2024-05-06,2024-05-06 15:00:00,инвалидация,2024-05-07 00:00:00,,,,,,,,,,,,,,,,,,,,,,,,,,,,,,
ETHUSDT,low,2024-05-10,2024-05-10 14:45:00,инвалидация,2024-05-11 00:00:00,,,,,,,,,,,,,,,,,,,,,,,,,,,,,,
ETHUSDT,low,2024-05-29,2024-05-29 14:15:00,инвалидация,2024-05-30 00:00:00,,,,,,,,,,,,,,,,,,,,,,,,,,,,,,
ETHUSDT,low,2024-06-13,2024-06-13 15:30:00,сделка,,2024-06-14 06:00:00,3521.73,2.8152643729076314,14.5,1.0421450626644577,0.3047833197056415,0.6015370663932912,1.7125493560248277,0.11120450363797327,12.0,True,-3.2439086694457977,5.652077213475092,False,False,False,1.0,0.1219413670807343,True,False,1.0,-1.035520642736909,False,2.0,-1.035520642736909,False,1.3721177483592133,-1.035520642736909,False,False
ETHUSDT,low,2024-06-23,2024-06-23 15:45:00,инвалидация,2024-06-24 00:00:00,,,,,,,,,,,,,,,,,,,,,,,,,,,,,,
ETHUSDT,low,2024-07-02,2024-07-02 14:00:00,инвалидация,2024-07-04 00:00:00,,,,,,,,,,,,,,,,,,,,,,,,,,,,,,
ETHUSDT,low,2024-08-02,2024-08-02 14:45:00,инвалидация,2024-08-03 00:00:00,,,,,,,,,,,,,,,,,,,,,,,,,,,,,,
ETHUSDT,low,2024-08-04,2024-08-04 14:45:00,инвалидация,2024-08-05 00:00:00,,,,,,,,,,,,,,,,,,,,,,,,,,,,,,
ETHUSDT,low,2024-08-07,2024-08-07 14:15:00,инвалидация,2024-08-08 00:00:00,,,,,,,,,,,,,,,,,,,,,,,,,,,,,,
ETHUSDT,low,2024-08-20,2024-08-20 15:00:00,сделка,,2024-08-21 19:00:00,2637.45,4.036986862310179,28.0,1.0695458627826104,0.8860979280009241,0.7189581709103031,2.976297395446905,1.2280838767620685,21.5,True,-0.9275063726116831,3.3734234058338814,False,False,False,14.0,1.7084061566111648,False,True,1.0,0.9752290499298839,False,2.0,-1.024770950070116,True,0.09241735338677351,0.06764640331665743,,
ETHUSDT,low,2024-08-21,2024-08-21 13:30:00,сделка,,2024-08-21 19:00:00,2637.45,4.036986862310179,5.5,0.7439764936336839,0.5963077355047016,0.7978510335575485,3.31518119490695,1.2321253672869663,21.5,False,0.10822468690754575,5.581194906953968,True,False,False,14.0,1.7084061566111648,False,True,1.0,0.9752290499298839,False,2.0,-1.024770950070116,True,0.5401343489098868,0.5153633988397707,,
ETHUSDT,low,2024-10-01,2024-10-01 13:30:00,инвалидация,2024-10-02 00:00:00,,,,,,,,,,,,,,,,,,,,,,,,,,,,,,
ETHUSDT,low,2024-10-08,2024-10-08 15:30:00,инвалидация,2024-10-10 00:00:00,,,,,,,,,,,,,,,,,,,,,,,,,,,,,,
ETHUSDT,low,2024-10-17,2024-10-17 14:00:00,нет сигнала,,,,,,,,,,,,,,,,,,,,,,,,,,,,,,,
ETHUSDT,low,2024-10-31,2024-10-31 13:45:00,инвалидация,2024-11-01 00:00:00,,,,,,,,,,,,,,,,,,,,,,,,,,,,,,
ETHUSDT,low,2024-11-02,2024-11-02 13:30:00,инвалидация,2024-11-04 00:00:00,,,,,,,,,,,,,,,,,,,,,,,,,,,,,,
ETHUSDT,low,2024-11-04,2024-11-04 16:45:00,инвалидация,2024-11-05 00:00:00,,,,,,,,,,,,,,,,,,,,,,,,,,,,,,
ETHUSDT,low,2024-11-14,2024-11-14 14:45:00,инвалидация,2024-11-15 00:00:00,,,,,,,,,,,,,,,,,,,,,,,,,,,,,,
ETHUSDT,low,2024-12-22,2024-12-22 14:45:00,инвалидация,2024-12-23 00:00:00,,,,,,,,,,,,,,,,,,,,,,,,,,,,,,
ETHUSDT,low,2024-12-30,2024-12-30 14:30:00,нет сигнала,,,,,,,,,,,,,,,,,,,,,,,,,,,,,,,
ETHUSDT,low,2025-01-07,2025-01-07 14:30:00,инвалидация,2025-01-08 00:00:00,,,,,,,,,,,,,,,,,,,,,,,,,,,,,,
ETHUSDT,low,2025-02-06,2025-02-06 15:45:00,инвалидация,2025-02-07 00:00:00,,,,,,,,,,,,,,,,,,,,,,,,,,,,,,
ETHUSDT,low,2025-02-12,2025-02-12 14:30:00,сделка,,2025-02-12 23:00:00,2744.0,7.446509110787174,8.5,0.41795932437090944,1.1136880135190272,0.93533956295975,5.371188618344767,0.7955720597912923,22.5,False,-3.13639325947304,6.722211776503387,True,False,False,17.0,0.5126944988262017,False,False,1.0,-1.0134291113476432,False,2.0,-1.0134291113476432,,,,,
ETHUSDT,low,2025-02-15,2025-02-15 14:30:00,инвалидация,2025-02-17 00:00:00,,,,,,,,,,,,,,,,,,,,,,,,,,,,,,
ETHUSDT,low,2025-02-18,2025-02-18 16:30:00,сделка,,2025-02-19 08:00:00,2707.0,3.8945024011821197,15.5,1.0874312996380335,0.3435517480898354,0.7037284994770656,2.78333795450489,0.024308628423635865,9.75,True,0.21409208151574738,8.202262981377324,False,False,False,2.0,1.4598169034845718,False,True,1.0,0.9743227787021914,False,2.0,-1.0256772212978085,True,1.344663055477408,1.3189858341795995,,
ETHUSDT,low,2025-02-21,2025-02-21 15:30:00,инвалидация,2025-02-22 00:00:00,,,,,,,,,,,,,,,,,,,,,,,,,,,,,,
ETHUSDT,low,2025-03-09,2025-03-09 13:45:00,инвалидация,2025-03-10 00:00:00,,,,,,,,,,,,,,,,,,,,,,,,,,,,,,
ETHUSDT,low,2025-03-18,2025-03-18 13:30:00,сделка,,2025-03-19 00:00:00,1930.64,3.17879770438818,10.5,0.4002853097420492,0.7110807113543103,0.8469779117676491,2.257992398837461,0.5961696102541076,9.75,True,0.9505882846416749,3.89107129549785,True,False,False,19.0,2.2657229440417765,False,True,1.0,0.9685415653025184,True,1.9999999999999962,1.9685415653025147,True,0.34413569635499525,0.31267726165751364,,
ETHUSDT,low,2025-03-26,2025-03-26 13:45:00,инвалидация,2025-03-27 00:00:00,,,,,,,,,,,,,,,,,,,,,,,,,,,,,,
ETHUSDT,low,2025-03-30,2025-03-30 13:30:00,сделка,,2025-04-01 09:00:00,1883.41,6.325549933365549,43.5,1.675268493928621,0.7471963016864995,0.732607865764213,4.344340331713181,0.6346979338912044,34.0,False,-12.165390475915801,6.503426812090435,False,False,False,4.0,0.6258391667206656,True,False,1.0,-1.0158089021592458,False,2.0000000000000018,-1.0158089021592458,True,0.2478678995877314,0.23205899742848557,False,False
ETHUSDT,low,2025-04-06,2025-04-06 13:30:00,инвалидация,2025-04-07 00:00:00,,,,,,,,,,,,,,,,,,,,,,,,,,,,,,
ETHUSDT,low,2025-06-17,2025-06-17 15:00:00,инвалидация,2025-06-18 00:00:00,,,,,,,,,,,,,,,,,,,,,,,,,,,,,,
ETHUSDT,low,2025-07-01,2025-07-01 13:30:00,инвалидация,2025-07-02 00:00:00,,,,,,,,,,,,,,,,,,,,,,,,,,,,,,
ETHUSDT,low,2025-07-23,2025-07-23 13:30:00,сделка,,2025-07-24 15:00:00,3733.88,6.223686888705588,25.5,3.0838953361371315,0.6446031310079653,0.504980958323471,2.6398232559939996,0.37356250328354024,23.0,False,7.747688148073579,5.033830771485366,False,True,False,10.0,0.8904619489209701,False,False,1.0,-1.016067646362717,False,2.0,-1.016067646362717,True,0.27841728166619945,0.26234963530348243,,
ETHUSDT,low,2025-08-15,2025-08-15 15:15:00,инвалидация,2025-08-16 00:00:00,,,,,,,,,,,,,,,,,,,,,,,,,,,,,,
ETHUSDT,low,2025-09-05,2025-09-05 14:45:00,нет сигнала,,,,,,,,,,,,,,,,,,,,,,,,,,,,,,,
ETHUSDT,low,2025-09-14,2025-09-14 14:30:00,инвалидация,2025-09-15 00:00:00,,,,,,,,,,,,,,,,,,,,,,,,,,,,,,
ETHUSDT,low,2025-09-16,2025-09-16 13:30:00,сделка,,2025-09-18 00:00:00,4588.3,4.110979665671392,34.5,1.3201882142056929,0.6112195121951228,0.664284220763329,2.7371723056240165,1.008738516692797,54.0,False,3.995326404206237,4.593322876988572,False,False,False,19.0,0.2878741674975965,True,False,1.0,-1.0243251020760444,False,2.0,-1.0243251020760444,False,0.4225335386658989,-1.0243251020760444,True,False
ETHUSDT,low,2025-10-07,2025-10-07 15:30:00,инвалидация,2025-10-08 00:00:00,,,,,,,,,,,,,,,,,,,,,,,,,,,,,,
ETHUSDT,low,2025-10-10,2025-10-10 15:00:00,инвалидация,2025-10-11 00:00:00,,,,,,,,,,,,,,,,,,,,,,,,,,,,,,
ETHUSDT,low,2025-10-16,2025-10-16 15:45:00,инвалидация,2025-10-17 00:00:00,,,,,,,,,,,,,,,,,,,,,,,,,,,,,,
ETHUSDT,low,2025-11-11,2025-11-11 14:45:00,инвалидация,2025-11-12 00:00:00,,,,,,,,,,,,,,,,,,,,,,,,,,,,,,
ETHUSDT,low,2025-11-12,2025-11-12 16:00:00,инвалидация,2025-11-14 00:00:00,,,,,,,,,,,,,,,,,,,,,,,,,,,,,,
ETHUSDT,low,2025-11-13,2025-11-13 15:45:00,инвалидация,2025-11-14 00:00:00,,,,,,,,,,,,,,,,,,,,,,,,,,,,,,
ETHUSDT,low,2025-11-16,2025-11-16 15:45:00,инвалидация,2025-11-17 00:00:00,,,,,,,,,,,,,,,,,,,,,,,,,,,,,,
ETHUSDT,low,2025-11-19,2025-11-19 16:30:00,сделка,2025-11-21 00:00:00,2025-11-20 05:00:00,3052.92,5.987480838017378,12.5,2.3888071592866518,0.4850643890781962,0.5996400299792665,3.671716536824193,2.2369373256639684,3.5,True,-3.34105234480453,7.67741080620119,False,False,False,23.0,0.055144343601778625,True,False,1.0,-1.0167015148282483,False,2.0,-1.0167015148282483,False,0.6365670457840292,-1.0167015148282483,True,False
ETHUSDT,low,2025-11-20,2025-11-20 16:30:00,инвалидация,2025-11-21 00:00:00,,,,,,,,,,,,,,,,,,,,,,,,,,,,,,
ETHUSDT,low,2025-12-05,2025-12-05 16:00:00,инвалидация,2025-12-06 00:00:00,,,,,,,,,,,,,,,,,,,,,,,,,,,,,,
ETHUSDT,low,2025-12-12,2025-12-12 15:30:00,инвалидация,2025-12-13 00:00:00,,,,,,,,,,,,,,,,,,,,,,,,,,,,,,
ETHUSDT,low,2025-12-15,2025-12-15 15:00:00,инвалидация,2025-12-16 00:00:00,,,,,,,,,,,,,,,,,,,,,,,,,,,,,,
ETHUSDT,low,2025-12-17,2025-12-17 16:15:00,инвалидация,2025-12-18 00:00:00,,,,,,,,,,,,,,,,,,,,,,,,,,,,,,
ETHUSDT,low,2025-12-24,2025-12-24 14:30:00,нет сигнала,,,,,,,,,,,,,,,,,,,,,,,,,,,,,,,
ETHUSDT,low,2026-01-07,2026-01-07 14:30:00,инвалидация,2026-01-08 00:00:00,,,,,,,,,,,,,,,,,,,,,,,,,,,,,,
ETHUSDT,low,2026-01-16,2026-01-16 15:30:00,нет сигнала,,,,,,,,,,,,,,,,,,,,,,,,,,,,,,,
ETHUSDT,low,2026-01-23,2026-01-23 14:30:00,сделка,,2026-01-23 18:00:00,2986.02,3.305744770631141,3.5,0.4789763473146785,0.614110061478483,0.8298027964688539,2.477867573886665,0.14565563976571197,22.5,False,-10.809128191799614,4.592801236867737,True,False,False,12.0,0.20757733243373266,True,False,1.0,-1.030250369262751,False,2.0,-1.030250369262751,False,0.5214253440880456,-1.030250369262751,True,True
ETHUSDT,low,2026-02-12,2026-02-12 16:15:00,сделка,,2026-02-13 09:00:00,1958.31,3.39240314352681,16.75,0.3918536518656465,0.439898289412852,0.8593521036063441,2.8913013749066403,0.37817822240456417,0.5,False,-5.937824236136028,6.82614321330514,False,False,False,3.0,2.2384699829619836,False,True,1.0,0.9705223713782914,True,2.0,1.9705223713782913,True,1.0941724366989891,1.0646948080772805,,
ETHUSDT,low,2026-04-16,2026-04-16 13:45:00,нет сигнала,,,,,,,,,,,,,,,,,,,,,,,,,,,,,,,
ETHUSDT,low,2026-04-27,2026-04-27 13:45:00,инвалидация,2026-04-28 00:00:00,,,,,,,,,,,,,,,,,,,,,,,,,,,,,,
ETHUSDT,low,2026-05-06,2026-05-06 14:00:00,инвалидация,2026-05-08 00:00:00,,,,,,,,,,,,,,,,,,,,,,,,,,,,,,
ETHUSDT,low,2026-05-11,2026-05-11 14:30:00,инвалидация,2026-05-13 00:00:00,,,,,,,,,,,,,,,,,,,,,,,,,,,,,,
ETHUSDT,low,2026-05-13,2026-05-13 14:00:00,нет сигнала,,,,,,,,,,,,,,,,,,,,,,,,,,,,,,,
ETHUSDT,low,2026-05-27,2026-05-27 13:30:00,инвалидация,2026-05-28 00:00:00,,,,,,,,,,,,,,,,,,,,,,,,,,,,,,
ETHUSDT,low,2026-06-02,2026-06-02 14:15:00,инвалидация,2026-06-03 00:00:00,,,,,,,,,,,,,,,,,,,,,,,,,,,,,,
ETHUSDT,low,2026-06-09,2026-06-09 14:15:00,инвалидация,2026-06-10 00:00:00,,,,,,,,,,,,,,,,,,,,,,,,,,,,,,
ETHUSDT,low,2026-06-14,2026-06-14 14:30:00,нет сигнала,,,,,,,,,,,,,,,,,,,,,,,,,,,,,,,
ETHUSDT,low,2026-06-24,2026-06-24 15:30:00,инвалидация,2026-06-25 00:00:00,,,,,,,,,,,,,,,,,,,,,,,,,,,,,,
ETHUSDT,low,2026-06-25,2026-06-25 13:45:00,нет сигнала,,,,,,,,,,,,,,,,,,,,,,,,,,,,,,,
ETHUSDT,low,2026-08-11,2026-08-11 15:30:00,сделка,,2026-08-12 12:00:00,1914.87,3.3684908113866667,20.5,0.745924743052508,0.745563035495714,0.7554778734747409,2.544289281618731,1.8101535790455148,23.5,False,-1.867973479388878,3.5024167532982466,False,False,False,7.0,0.15658375789236648,False,False,1.0,-1.0296868851955794,False,2.0,-1.0296868851955794,False,0.2578205835396076,-1.0296868851955794,,
ETHUSDT,low,2026-09-15,2026-09-15 13:30:00,инвалидация,2026-09-16 00:00:00,,,,,,,,,,,,,,,,,,,,,,,,,,,,,,
ETHUSDT,high,2020-01-10,2020-01-10 15:00:00,инвалидация,2020-01-11 00:00:00,,,,,,,,,,,,,,,,,,,,,,,,,,,,,,
ETHUSDT,high,2020-01-30,2020-01-30 16:15:00,инвалидация,2020-01-31 00:00:00,,,,,,,,,,,,,,,,,,,,,,,,,,,,,,
ETHUSDT,high,2020-02-11,2020-02-11 15:30:00,инвалидация,2020-02-12 00:00:00,,,,,,,,,,,,,,,,,,,,,,,,,,,,,,
ETHUSDT,high,2020-04-12,2020-04-12 14:30:00,сделка,,2020-04-13 00:00:00,158.72,3.997542842741933,9.5,2.263565891472872,0.3386880856760377,0.39874544910085313,1.5441860465116335,1.7178294573643473,1.0,False,7.572304995617883,4.632558139534883,True,False,True,19.0,1.6785134517486506,True,True,1.0,0.9749846333275544,False,2.0,-1.0250153666724455,True,0.7785780705763686,0.753562703903923,True,False
ETHUSDT,high,2020-04-14,2020-04-14 14:00:00,сделка,,2020-04-15 01:00:00,157.03,3.159797490925314,11.0,1.7286899673120444,0.21511017838405153,0.4131540177716695,0.6789036962534651,0.5720392255468925,1.0,True,9.711877129164497,5.990696504903194,False,False,False,20.0,1.805785365480069,True,True,1.0,0.9683524022386902,False,2.0,-1.0316475977613098,True,1.507508318503447,1.4758607207421373,True,False
ETHUSDT,high,2020-07-23,2020-07-23 14:15:00,инвалидация,2020-07-24 00:00:00,,,,,,,,,,,,,,,,,,,,,,,,,,,,,,
ETHUSDT,high,2020-07-25,2020-07-25 13:30:00,инвалидация,2020-07-26 00:00:00,,,,,,,,,,,,,,,,,,,,,,,,,,,,,,
ETHUSDT,high,2020-08-14,2020-08-14 15:45:00,инвалидация,2020-08-15 00:00:00,,,,,,,,,,,,,,,,,,,,,,,,,,,,,,
ETHUSDT,high,2020-08-17,2020-08-17 15:45:00,сделка,,2020-08-18 02:00:00,430.3,4.450151057401812,10.25,2.5793333485641226,0.2999999999999988,0.3869653767820757,1.583240044778508,1.1948550410088914,0.0,False,-14.471394674400207,5.64300564300564,False,False,False,21.0,2.6267690218810387,False,True,1.0,0.9775288526816022,True,2.0,1.9775288526816022,True,0.902919212491515,0.8804480651731171,,
ETHUSDT,high,2020-09-24,2020-09-24 15:30:00,инвалидация,2020-09-25 00:00:00,,,,,,,,,,,,,,,,,,,,,,,,,,,,,,
ETHUSDT,high,2020-10-12,2020-10-12 13:30:00,инвалидация,2020-10-13 00:00:00,,,,,,,,,,,,,,,,,,,,,,,,,,,,,,
ETHUSDT,high,2020-11-04,2020-11-04 16:00:00,инвалидация,2020-11-05 00:00:00,,,,,,,,,,,,,,,,,,,,,,,,,,,,,,
ETHUSDT,high,2020-11-16,2020-11-16 16:30:00,инвалидация,2020-11-18 00:00:00,,,,,,,,,,,,,,,,,,,,,,,,,,,,,,
ETHUSDT,high,2020-11-28,2020-11-28 15:45:00,инвалидация,2020-11-29 00:00:00,,,,,,,,,,,,,,,,,,,,,,,,,,,,,,
ETHUSDT,high,2020-12-19,2020-12-19 16:15:00,сделка,,2020-12-21 10:00:00,627.02,7.272806290070509,41.75,0.9161222497559544,1.0861538461538474,0.8514986749470134,5.352556882180669,0.5526770293609596,65.0,False,-10.763060364522522,5.369077119471352,False,False,False,4.0,1.758916011267059,False,True,1.0,0.9862501493905415,False,2.0,-1.0137498506094587,,,,,
ETHUSDT,high,2021-01-16,2021-01-16 15:30:00,нет сигнала,,,,,,,,,,,,,,,,,,,,,,,,,,,,,,,
ETHUSDT,high,2021-02-12,2021-02-12 16:45:00,инвалидация,2021-02-13 00:00:00,,,,,,,,,,,,,,,,,,,,,,,,,,,,,,
ETHUSDT,high,2021-04-05,2021-04-05 14:00:00,инвалидация,2021-04-06 00:00:00,,,,,,,,,,,,,,,,,,,,,,,,,,,,,,
ETHUSDT,high,2021-05-06,2021-05-06 15:15:00,нет сигнала,,,,,,,,,,,,,,,,,,,,,,,,,,,,,,,
ETHUSDT,high,2021-05-08,2021-05-08 13:30:00,инвалидация,2021-05-09 00:00:00,,,,,,,,,,,,,,,,,,,,,,,,,,,,,,
ETHUSDT,high,2021-05-14,2021-05-14 13:45:00,сделка,2021-05-15 00:00:00,2021-05-14 21:00:00,3990.25,4.73466574776017,7.25,3.4324716025220225,0.08478308742567689,0.244541484716156,0.10900667665893636,0.36715430638307694,0.0,True,4.982028218379499,13.49998141931647,True,False,True,16.0,13.706603149397896,False,True,1.0,0.9788791848617177,True,2.0,1.9788791848617175,True,2.639777689559345,2.6186568744210628,,
ETHUSDT,high,2021-06-14,2021-06-14 13:30:00,инвалидация,2021-06-15 00:00:00,,,,,,,,,,,,,,,,,,,,,,,,,,,,,,
ETHUSDT,high,2021-07-22,2021-07-22 15:45:00,сделка,2021-07-24 00:00:00,2021-07-23 17:00:00,2016.86,3.9697762859097825,25.25,2.788518155053971,0.07400665149658706,0.26403603180073065,0.44798822374877867,1.2134445534838085,1.5,False,-6.363733276477805,14.016192345436707,False,False,True,12.0,0.27277894676101744,True,False,1.0,-1.0251903363811552,False,2.0,-1.0251903363811552,False,3.303697765922939,-1.0251903363811552,True,False
ETHUSDT,high,2021-08-04,2021-08-04 14:15:00,инвалидация,2021-08-05 00:00:00,,,,,,,,,,,,,,,,,,,,,,,,,,,,,,
ETHUSDT,high,2021-08-05,2021-08-05 14:00:00,инвалидация,2021-08-06 00:00:00,,,,,,,,,,,,,,,,,,,,,,,,,,,,,,
ETHUSDT,high,2021-10-07,2021-10-07 13:30:00,нет сигнала,,,,,,,,,,,,,,,,,,,,,,,,,,,,,,,
ETHUSDT,high,2021-10-25,2021-10-25 15:45:00,инвалидация,2021-10-26 00:00:00,,,,,,,,,,,,,,,,,,,,,,,,,,,,,,
ETHUSDT,high,2021-11-23,2021-11-23 15:00:00,инвалидация,2021-11-24 00:00:00,,,,,,,,,,,,,,,,,,,,,,,,,,,,,,
ETHUSDT,high,2021-12-08,2021-12-08 14:45:00,инвалидация,2021-12-09 00:00:00,,,,,,,,,,,,,,,,,,,,,,,,,,,,,,
ETHUSDT,high,2021-12-16,2021-12-16 15:45:00,сделка,,2021-12-17 00:00:00,3958.67,4.140746008129006,8.25,0.5485839843750062,0.30075994831475417,0.8377945450564509,2.6337890625000027,0.4008789062500018,15.75,False,-3.1586647672583172,11.147705078125004,True,False,False,18.0,1.6134240394020236,False,True,1.0,0.9758497623849223,False,2.0,-1.0241502376150777,False,1.9477975849823341,-1.0241502376150777,,
ETHUSDT,high,2021-12-27,2021-12-27 15:00:00,сделка,,2021-12-27 22:00:00,4058.35,1.7686005396281814,7.0,0.5154890324592397,0.4520614546868939,0.6477095407935807,0.9518032371541927,0.22022782861207657,1.75,True,-1.192213990703413,2.505335165317044,True,False,False,16.0,6.664483950066846,False,True,1.0,0.9434581197057514,True,2.0,1.9434581197057514,True,0.7850813642443112,0.7285394839500626,,
ETHUSDT,high,2022-01-02,2022-01-02 15:45:00,инвалидация,2022-01-03 00:00:00,,,,,,,,,,,,,,,,,,,,,,,,,,,,,,
ETHUSDT,high,2022-01-11,2022-01-11 16:00:00,инвалидация,2022-01-12 00:00:00,,,,,,,,,,,,,,,,,,,,,,,,,,,,,,
ETHUSDT,high,2022-01-15,2022-01-15 14:30:00,инвалидация,2022-01-17 00:00:00,,,,,,,,,,,,,,,,,,,,,,,,,,,,,,
ETHUSDT,high,2022-01-16,2022-01-16 16:15:00,сделка,,2022-01-18 09:00:00,3155.36,7.690235662491754,40.75,0.6708185053380751,1.8935407744078327,0.8927915734717932,6.357058125741403,1.8739620403321486,116.25,False,-7.877818200700359,3.392941874258596,False,False,False,3.0,3.551549935459712,False,True,1.0,0.9869964973261173,True,2.0,1.9869964973261172,,,,,
ETHUSDT,high,2022-01-31,2022-01-31 16:00:00,инвалидация,2022-02-01 00:00:00,,,,,,,,,,,,,,,,,,,,,,,,,,,,,,
ETHUSDT,high,2022-03-18,2022-03-18 14:15:00,инвалидация,2022-03-19 00:00:00,,,,,,,,,,,,,,,,,,,,,,,,,,,,,,
ETHUSDT,high,2022-04-01,2022-04-01 15:15:00,инвалидация,2022-04-02 00:00:00,,,,,,,,,,,,,,,,,,,,,,,,,,,,,,
ETHUSDT,high,2022-04-13,2022-04-13 13:45:00,инвалидация,2022-04-14 00:00:00,,,,,,,,,,,,,,,,,,,,,,,,,,,,,,
ETHUSDT,high,2022-06-28,2022-06-28 13:30:00,сделка,,2022-06-28 20:00:00,1155.96,7.347975708502025,6.5,0.06215241062563922,1.2423970037453194,0.9763401454632625,6.291922608141162,2.3278902888876263,97.5,True,-13.579188107489992,5.3878875444954755,True,False,False,15.0,1.8949922804023471,False,True,1.0,0.986390809664178,False,2.0,-1.013609190335822,,,,,
ETHUSDT,high,2022-07-07,2022-07-07 14:00:00,инвалидация,2022-07-08 00:00:00,,,,,,,,,,,,,,,,,,,,,,,,,,,,,,
ETHUSDT,high,2022-08-24,2022-08-24 15:45:00,инвалидация,2022-08-26 00:00:00,,,,,,,,,,,,,,,,,,,,,,,,,,,,,,
ETHUSDT,high,2022-08-29,2022-08-29 14:00:00,инвалидация,2022-08-30 00:00:00,,,,,,,,,,,,,,,,,,,,,,,,,,,,,,
ETHUSDT,high,2022-09-26,2022-09-26 14:30:00,сделка,,2022-09-27 17:00:00,1331.47,5.252089795489201,26.5,4.718307752146719,0.07929579514040512,0.07793507793507852,-0.005983903300117227,2.805702659845016,7.5,True,2.1246823187704162,5.14092092271789,False,False,True,12.0,1.1650221650221644,False,True,1.0,0.98095995995996,False,2.0,-1.0190400400400401,True,0.9049049049049037,0.8858648648648637,,
ETHUSDT,high,2022-10-03,2022-10-03 14:15:00,инвалидация,2022-10-04 00:00:00,,,,,,,,,,,,,,,,,,,,,,,,,,,,,,
ETHUSDT,high,2022-10-25,2022-10-25 13:30:00,инвалидация,2022-10-26 00:00:00,,,,,,,,,,,,,,,,,,,,,,,,,,,,,,
ETHUSDT,high,2022-11-10,2022-11-10 15:00:00,нет сигнала,,,,,,,,,,,,,,,,,,,,,,,,,,,,,,,
ETHUSDT,high,2023-01-06,2023-01-06 15:30:00,инвалидация,2023-01-07 00:00:00,,,,,,,,,,,,,,,,,,,,,,,,,,,,,,
ETHUSDT,high,2023-01-08,2023-01-08 15:45:00,инвалидация,2023-01-09 00:00:00,,,,,,,,,,,,,,,,,,,,,,,,,,,,,,
ETHUSDT,high,2023-01-20,2023-01-20 14:30:00,инвалидация,2023-01-21 00:00:00,,,,,,,,,,,,,,,,,,,,,,,,,,,,,,
ETHUSDT,high,2023-02-12,2023-02-12 16:30:00,сделка,,2023-02-12 22:00:00,1510.2,2.5855979340484754,5.5,0.3163039110200872,0.8157039259814924,0.8353885119994219,1.3404026393227881,0.44788115269440726,16.5,False,4.724580209430572,2.5920068446092226,True,False,False,16.0,1.2856070908145665,True,True,1.0,0.9613242265229451,False,2.0,-1.0386757734770549,True,0.18874351114150395,0.15006773766444903,True,False
ETHUSDT,high,2023-02-19,2023-02-19 15:15:00,нет сигнала,,,,,,,,,,,,,,,,,,,,,,,,,,,,,,,
ETHUSDT,high,2023-03-23,2023-03-23 15:00:00,нет сигнала,,,,,,,,,,,,,,,,,,,,,,,,,,,,,,,
ETHUSDT,high,2023-03-31,2023-03-31 13:30:00,нет сигнала,,,,,,,,,,,,,,,,,,,,,,,,,,,,,,,
ETHUSDT,high,2023-04-30,2023-04-30 15:00:00,нет сигнала,,,,,,,,,,,,,,,,,,,,,,,,,,,,,,,
ETHUSDT,high,2023-05-14,2023-05-14 15:00:00,нет сигнала,,,,,,,,,,,,,,,,,,,,,,,,,,,,,,,
ETHUSDT,high,2023-06-16,2023-06-16 15:45:00,инвалидация,2023-06-17 00:00:00,,,,,,,,,,,,,,,,,,,,,,,,,,,,,,
ETHUSDT,high,2023-07-13,2023-07-13 15:30:00,инвалидация,2023-07-14 00:00:00,,,,,,,,,,,,,,,,,,,,,,,,,,,,,,
ETHUSDT,high,2023-08-29,2023-08-29 14:15:00,инвалидация,2023-08-30 00:00:00,,,,,,,,,,,,,,,,,,,,,,,,,,,,,,
ETHUSDT,high,2023-09-05,2023-09-05 15:15:00,нет сигнала,,,,,,,,,,,,,,,,,,,,,,,,,,,,,,,
ETHUSDT,high,2023-09-30,2023-09-30 15:45:00,инвалидация,2023-10-02 00:00:00,,,,,,,,,,,,,,,,,,,,,,,,,,,,,,
ETHUSDT,high,2023-11-19,2023-11-19 16:00:00,инвалидация,2023-11-20 00:00:00,,,,,,,,,,,,,,,,,,,,,,,,,,,,,,
ETHUSDT,high,2023-12-07,2023-12-07 15:15:00,инвалидация,2023-12-08 00:00:00,,,,,,,,,,,,,,,,,,,,,,,,,,,,,,
ETHUSDT,high,2023-12-20,2023-12-20 14:30:00,сделка,,2023-12-20 21:00:00,2185.19,3.9648524842233432,6.5,0.5725326148610356,0.5875339199079024,0.8246810117687551,2.8506983834373196,0.5756345717527047,6.5,True,5.936439690227666,5.3889853942143935,True,False,False,15.0,0.14427589429124513,True,False,1.0,-1.0252216193157029,False,2.0,-1.0252216193157029,False,0.5789503086119068,-1.0252216193157029,False,False
ETHUSDT,high,2024-01-16,2024-01-16 15:15:00,инвалидация,2024-01-17 00:00:00,,,,,,,,,,,,,,,,,,,,,,,,,,,,,,
ETHUSDT,high,2024-02-07,2024-02-07 16:30:00,инвалидация,2024-02-08 00:00:00,,,,,,,,,,,,,,,,,,,,,,,,,,,,,,
ETHUSDT,high,2024-02-08,2024-02-08 15:15:00,инвалидация,2024-02-10 00:00:00,,,,,,,,,,,,,,,,,,,,,,,,,,,,,,
ETHUSDT,high,2024-02-12,2024-02-12 15:30:00,инвалидация,2024-02-13 00:00:00,,,,,,,,,,,,,,,,,,,,,,,,,,,,,,
ETHUSDT,high,2024-03-03,2024-03-03 16:30:00,инвалидация,2024-03-04 00:00:00,,,,,,,,,,,,,,,,,,,,,,,,,,,,,,
ETHUSDT,high,2024-04-23,2024-04-23 14:00:00,сделка,,2024-04-24 15:00:00,3213.11,2.6007008785880363,25.0,1.8046367851622909,0.20294826627109075,0.26195685239156025,0.39814528593508836,0.4058732612055675,8.0,False,-7.220648621469869,3.3341576506955217,False,True,True,10.0,1.7987544304694216,True,True,1.0,0.9615488267707697,False,2.0,-1.0384511732292303,True,1.0287999360485443,0.9903487628193139,False,True
ETHUSDT,high,2024-06-16,2024-06-16 14:00:00,инвалидация,2024-06-17 00:00:00,,,,,,,,,,,,,,,,,,,,,,,,,,,,,,
ETHUSDT,high,2024-08-12,2024-08-12 14:30:00,инвалидация,2024-08-13 00:00:00,,,,,,,,,,,,,,,,,,,,,,,,,,,,,,
ETHUSDT,high,2024-09-13,2024-09-13 15:15:00,инвалидация,2024-09-14 00:00:00,,,,,,,,,,,,,,,,,,,,,,,,,,,,,,
ETHUSDT,high,2024-09-17,2024-09-17 14:15:00,инвалидация,2024-09-18 00:00:00,,,,,,,,,,,,,,,,,,,,,,,,,,,,,,
ETHUSDT,high,2024-10-04,2024-10-04 15:45:00,инвалидация,2024-10-05 00:00:00,,,,,,,,,,,,,,,,,,,,,,,,,,,,,,
ETHUSDT,high,2024-10-12,2024-10-12 14:30:00,инвалидация,2024-10-13 00:00:00,,,,,,,,,,,,,,,,,,,,,,,,,,,,,,
ETHUSDT,high,2024-10-15,2024-10-15 13:45:00,нет сигнала,,,,,,,,,,,,,,,,,,,,,,,,,,,,,,,
ETHUSDT,high,2024-10-20,2024-10-20 14:00:00,инвалидация,2024-10-21 00:00:00,,,,,,,,,,,,,,,,,,,,,,,,,,,,,,
ETHUSDT,high,2024-10-25,2024-10-25 14:30:00,нет сигнала,,,,,,,,,,,,,,,,,,,,,,,,,,,,,,,
ETHUSDT,high,2024-11-11,2024-11-11 15:30:00,инвалидация,2024-11-12 00:00:00,,,,,,,,,,,,,,,,,,,,,,,,,,,,,,
ETHUSDT,high,2024-11-18,2024-11-18 16:00:00,инвалидация,2024-11-19 00:00:00,,,,,,,,,,,,,,,,,,,,,,,,,,,,,,
ETHUSDT,high,2024-12-01,2024-12-01 15:30:00,сделка,,2024-12-02 09:00:00,3606.02,4.54090659508267,17.5,0.6365273717458851,0.7917199674380733,0.8315317626079402,3.6280991293844758,0.8214463227316761,47.0,False,-8.452348899008461,4.595716935048555,False,False,False,3.0,0.6351910886372779,True,False,1.0,-1.0220220341260244,False,2.0,-1.0220220341260244,True,0.21875343519841794,0.1967314010723935,True,False
ETHUSDT,high,2024-12-06,2024-12-06 14:45:00,инвалидация,2024-12-07 00:00:00,,,,,,,,,,,,,,,,,,,,,,,,,,,,,,
ETHUSDT,high,2024-12-11,2024-12-11 15:00:00,инвалидация,2024-12-12 00:00:00,,,,,,,,,,,,,,,,,,,,,,,,,,,,,,
ETHUSDT,high,2024-12-24,2024-12-24 14:30:00,инвалидация,2024-12-25 00:00:00,,,,,,,,,,,,,,,,,,,,,,,,,,,,,,
ETHUSDT,high,2025-03-02,2025-03-02 15:30:00,инвалидация,2025-03-03 00:00:00,,,,,,,,,,,,,,,,,,,,,,,,,,,,,,
ETHUSDT,high,2025-03-14,2025-03-14 14:30:00,инвалидация,2025-03-16 00:00:00,,,,,,,,,,,,,,,,,,,,,,,,,,,,,,
ETHUSDT,high,2025-03-31,2025-03-31 15:00:00,инвалидация,2025-04-02 00:00:00,,,,,,,,,,,,,,,,,,,,,,,,,,,,,,
ETHUSDT,high,2025-04-22,2025-04-22 14:30:00,инвалидация,2025-04-23 00:00:00,,,,,,,,,,,,,,,,,,,,,,,,,,,,,,
ETHUSDT,high,2025-04-25,2025-04-25 14:45:00,инвалидация,2025-04-27 00:00:00,,,,,,,,,,,,,,,,,,,,,,,,,,,,,,
ETHUSDT,high,2025-05-18,2025-05-18 13:45:00,сделка,,2025-05-18 19:00:00,2461.59,5.220914937093499,5.25,1.9660076528099,0.8005895978100648,0.5916703030061585,2.0038382270070856,0.36333113968544667,7.75,True,0.8046797318535983,3.742862434633891,True,False,False,14.0,1.1591415707368178,True,True,1.0,0.9808462690534333,False,2.0,-1.0191537309465666,True,0.1473729029318343,0.1282191719852676,True,False
ETHUSDT,high,2025-06-02,2025-06-02 15:15:00,инвалидация,2025-06-03 00:00:00,,,,,,,,,,,,,,,,,,,,,,,,,,,,,,
ETHUSDT,high,2025-06-04,2025-06-04 15:15:00,сделка,,2025-06-05 17:00:00,2558.35,4.845687259366381,25.75,0.9288205560870461,1.0505544683626886,0.7794650367622288,3.3740367159074616,0.8531137711018574,39.75,True,1.4500247120100493,3.4644328770838206,False,False,False,12.0,1.4417239575754217,True,True,1.0,0.9793630924474734,False,2.0,-1.0206369075525266,,,,False,False
ETHUSDT,high,2025-06-23,2025-06-23 14:00:00,инвалидация,2025-06-24 00:00:00,,,,,,,,,,,,,,,,,,,,,,,,,,,,,,
ETHUSDT,high,2025-07-02,2025-07-02 15:00:00,инвалидация,2025-07-03 00:00:00,,,,,,,,,,,,,,,,,,,,,,,,,,,,,,
ETHUSDT,high,2025-07-03,2025-07-03 13:30:00,сделка,,2025-07-04 16:00:00,2499.61,5.521861410380023,26.5,0.6416622106790995,0.4730921131367929,0.8591921753305533,4.401115270032848,2.487204949965639,17.5,False,-6.082012832052053,9.574134901840946,False,True,False,11.0,0.1922840065205575,True,False,1.0,-1.0181098351747873,False,2.0,-1.0181098351747873,False,0.9569280927368219,-1.0181098351747873,False,False
ETHUSDT,high,2025-07-08,2025-07-08 13:45:00,инвалидация,2025-07-09 00:00:00,,,,,,,,,,,,,,,,,,,,,,,,,,,,,,
ETHUSDT,high,2025-07-24,2025-07-24 15:00:00,нет сигнала,,,,,,,,,,,,,,,,,,,,,,,,,,,,,,,
ETHUSDT,high,2025-09-03,2025-09-03 13:30:00,инвалидация,2025-09-04 00:00:00,,,,,,,,,,,,,,,,,,,,,,,,,,,,,,
ETHUSDT,high,2025-10-06,2025-10-06 13:30:00,инвалидация,2025-10-07 00:00:00,,,,,,,,,,,,,,,,,,,,,,,,,,,,,,
ETHUSDT,high,2025-10-12,2025-10-12 14:45:00,инвалидация,2025-10-13 00:00:00,,,,,,,,,,,,,,,,,,,,,,,,,,,,,,
ETHUSDT,high,2025-12-02,2025-12-02 15:30:00,инвалидация,2025-12-04 00:00:00,,,,,,,,,,,,,,,,,,,,,,,,,,,,,,
ETHUSDT,high,2025-12-09,2025-12-09 15:30:00,инвалидация,2025-12-10 00:00:00,,,,,,,,,,,,,,,,,,,,,,,,,,,,,,
ETHUSDT,high,2025-12-17,2025-12-17 14:45:00,нет сигнала,,,,,,,,,,,,,,,,,,,,,,,,,,,,,,,
ETHUSDT,high,2025-12-19,2025-12-19 15:15:00,нет сигнала,,,,,,,,,,,,,,,,,,,,,,,,,,,,,,,
ETHUSDT,high,2025-12-28,2025-12-28 15:15:00,сделка,,2025-12-29 13:00:00,2929.56,4.420322505768787,21.75,3.2488242607708475,0.6697633266976372,0.23382961635880783,0.18041515757609008,1.571030866533326,0.25,False,2.023606526862302,1.5274474295907898,False,False,True,7.0,0.14255266571940464,True,False,1.0,-1.022622783715327,False,2.0,-1.022622783715327,True,0.11529313646753434,0.09267035275220724,False,False
ETHUSDT,high,2026-01-13,2026-01-13 15:45:00,инвалидация,2026-01-14 00:00:00,,,,,,,,,,,,,,,,,,,,,,,,,,,,,,
ETHUSDT,high,2026-01-14,2026-01-14 16:30:00,нет сигнала,,,,,,,,,,,,,,,,,,,,,,,,,,,,,,,
ETHUSDT,high,2026-01-17,2026-01-17 15:30:00,сделка,,2026-01-17 23:00:00,3300.36,0.9492406888945439,7.5,0.0908177810389308,0.33793290043290036,0.7973606023424156,0.6128696614481559,0.15156344915106315,0.0,True,-5.53395259449071,2.2229305875489445,True,False,False,17.0,0.18641256676060125,True,False,1.0,-1.105347359389384,False,2.0,-1.105347359389384,False,1.5621628454218508,-1.105347359389384,True,True
ETHUSDT,high,2026-02-13,2026-02-13 14:45:00,инвалидация,2026-02-14 00:00:00,,,,,,,,,,,,,,,,,,,,,,,,,,,,,,
ETHUSDT,high,2026-03-02,2026-03-02 15:30:00,сделка,,2026-03-03 09:00:00,1952.11,7.11942462258787,17.5,1.6708279188385446,0.6894326431836527,0.7379532159534904,4.27027211182331,2.313266850637814,0.75,True,-4.725864220540331,7.2400920829135575,False,False,False,3.0,0.18556760373869402,True,False,1.0,-1.014046078904007,False,2.0,-1.014046078904007,False,0.33242432309917186,-1.014046078904007,False,False
ETHUSDT,high,2026-03-12,2026-03-12 14:15:00,сделка,2026-03-14 00:00:00,2026-03-13 18:00:00,2102.02,5.217813817185373,27.75,5.971759920958463,-0.21547799696509837,-0.15536177274347251,-1.6412627459256108,0.004796209076363504,2.25,False,-3.7079174377799875,3.792842137574458,False,False,True,13.0,0.38229572365808634,True,False,1.0,-1.0191651146444973,False,2.0,-1.0191651146444973,False,0.876371689912124,-1.0191651146444973,True,False
ETHUSDT,high,2026-04-10,2026-04-10 14:15:00,инвалидация,2026-04-12 00:00:00,,,,,,,,,,,,,,,,,,,,,,,,,,,,,,
ETHUSDT,high,2026-04-14,2026-04-14 14:30:00,нет сигнала,,,,,,,,,,,,,,,,,,,,,,,,,,,,,,,
ETHUSDT,high,2026-05-10,2026-05-10 15:30:00,инвалидация,2026-05-11 00:00:00,,,,,,,,,,,,,,,,,,,,,,,,,,,,,,
ETHUSDT,high,2026-05-20,2026-05-20 15:15:00,сделка,,2026-05-21 11:00:00,2113.44,2.1631558028616897,19.75,0.46623412312121715,0.6232584060932523,0.7338626769035513,1.3269740427295789,0.21797959003068657,17.25,True,7.495859004583576,2.507231053707746,False,False,False,6.0,2.3282367609423154,False,True,1.0,0.9537712448323382,True,2.0,1.953771244832338,True,0.443598661329487,0.39736990616182516,,
ETHUSDT,high,2026-05-25,2026-05-25 15:00:00,сделка,,2026-05-26 17:00:00,2078.53,3.137390367230669,26.0,0.4927032987658956,0.752720504009163,0.8061449190021408,2.2570503495847176,1.3607995870677114,40.75,True,0.5689246802463391,3.2771807986485704,False,False,False,12.0,1.7335872758834443,False,True,1.0,0.968126376288881,False,2.0,-1.031873623711119,True,0.2648301835869704,0.23295655987585134,,
ETHUSDT,high,2026-05-29,2026-05-29 15:15:00,нет сигнала,,,,,,,,,,,,,,,,,,,,,,,,,,,,,,,
ETHUSDT,high,2026-06-27,2026-06-27 14:00:00,нет сигнала,,,,,,,,,,,,,,,,,,,,,,,,,,,,,,,
ETHUSDT,high,2026-07-01,2026-07-01 14:15:00,инвалидация,2026-07-03 00:00:00,,,,,,,,,,,,,,,,,,,,,,,,,,,,,,
ETHUSDT,high,2026-07-11,2026-07-11 14:30:00,сделка,,2026-07-12 00:00:00,1786.7,2.4989936754911253,9.5,1.009811012405932,0.32873224336638884,0.5493900046405875,0.4549394610292458,0.3704664785808559,1.5,False,-0.613981524534054,4.1198522550973715,True,False,False,19.0,0.18902778798070094,True,False,1.0,-1.0400161076759615,False,2.0,-1.0400161076759615,False,1.121848566345175,-1.0400161076759615,True,False
ETHUSDT,high,2026-07-22,2026-07-22 14:00:00,сделка,,2026-07-23 13:00:00,1903.5,3.0054504859469406,23.0,0.261563031059965,0.9250922509225102,0.8764393558677666,2.399623267336874,0.7237771544399223,34.0,False,-3.5176769167207667,2.7743084703425422,False,False,False,8.0,1.0021194310310908,True,True,1.0,0.9667271177922958,False,2.0,-1.0332728822077042,True,0.07096816483492376,0.03769528262721952,False,True
ETHUSDT,high,2026-07-30,2026-07-30 13:45:00,сделка,,2026-07-31 02:00:00,1909.39,1.5249147633537363,12.25,0.08113695090438948,0.3955823293172675,0.8795678886627092,1.274418604651167,0.09095607235142072,11.5,True,-2.639513697415315,3.3457364341085274,False,False,False,21.0,3.049122887757743,False,True,1.0,0.9344225641962633,True,2.0,1.9344225641962633,True,1.3439082968907474,1.2783308610870108,,
ETHUSDT,high,2026-08-18,2026-08-18 14:15:00,инвалидация,2026-08-20 00:00:00,,,,,,,,,,,,,,,,,,,,,,,,,,,,,,
ETHUSDT,high,2026-08-20,2026-08-20 15:45:00,инвалидация,2026-08-22 00:00:00,,,,,,,,,,,,,,,,,,,,,,,,,,,,,,
ETHUSDT,high,2026-09-03,2026-09-03 13:30:00,инвалидация,2026-09-04 00:00:00,,,,,,,,,,,,,,,,,,,,,,,,,,,,,,
LINKUSDT,low,2020-02-16,2020-02-16 16:45:00,нет сигнала,,,,,,,,,,,,,,,,,,,,,,,,,,,,,,,
LINKUSDT,low,2020-03-07,2020-03-07 15:00:00,инвалидация,2020-03-08 00:00:00,,,,,,,,,,,,,,,,,,,,,,,,,,,,,,
LINKUSDT,low,2020-03-09,2020-03-09 15:00:00,нет сигнала,,,,,,,,,,,,,,,,,,,,,,,,,,,,,,,
LINKUSDT,low,2020-05-21,2020-05-21 14:30:00,инвалидация,2020-05-22 00:00:00,,,,,,,,,,,,,,,,,,,,,,,,,,,,,,
LINKUSDT,low,2020-05-24,2020-05-24 13:45:00,инвалидация,2020-05-25 00:00:00,,,,,,,,,,,,,,,,,,,,,,,,,,,,,,
LINKUSDT,low,2020-06-02,2020-06-02 15:15:00,нет сигнала,,,,,,,,,,,,,,,,,,,,,,,,,,,,,,,
LINKUSDT,low,2020-06-10,2020-06-10 15:45:00,инвалидация,2020-06-12 00:00:00,,,,,,,,,,,,,,,,,,,,,,,,,,,,,,
LINKUSDT,low,2020-07-20,2020-07-20 13:45:00,инвалидация,2020-07-21 00:00:00,,,,,,,,,,,,,,,,,,,,,,,,,,,,,,
LINKUSDT,low,2020-08-17,2020-08-17 14:00:00,инвалидация,2020-08-18 00:00:00,,,,,,,,,,,,,,,,,,,,,,,,,,,,,,
LINKUSDT,low,2020-09-13,2020-09-13 15:45:00,инвалидация,2020-09-14 00:00:00,,,,,,,,,,,,,,,,,,,,,,,,,,,,,,
LINKUSDT,low,2020-09-15,2020-09-15 14:15:00,инвалидация,2020-09-16 00:00:00,,,,,,,,,,,,,,,,,,,,,,,,,,,,,,
LINKUSDT,low,2020-09-18,2020-09-18 15:30:00,инвалидация,2020-09-19 00:00:00,,,,,,,,,,,,,,,,,,,,,,,,,,,,,,
LINKUSDT,low,2021-01-31,2021-01-31 16:00:00,сделка,,2021-02-01 23:00:00,22.906,5.577796210599849,31.0,2.4247340904993706,0.38915989159891545,0.5619692404023006,2.947539210383991,1.0501171804578915,22.0,True,1.420807121153767,8.315305570578703,False,False,False,17.0,3.308417798301566,False,True,1.0,0.9820717723946308,True,2.0,1.9820717723946308,True,0.8820882088208831,0.864159981215514,,
LINKUSDT,low,2021-07-12,2021-07-12 15:45:00,инвалидация,2021-07-13 00:00:00,,,,,,,,,,,,,,,,,,,,,,,,,,,,,,
LINKUSDT,low,2021-08-12,2021-08-12 14:30:00,сделка,,2021-08-13 01:00:00,25.093,3.97369784402024,10.5,1.4464329492522643,0.21567944250871066,0.6207878690629016,2.4801830514014847,0.4944022227670126,0.5,True,8.456420770743549,11.726730407779689,False,False,False,20.0,5.490813543003859,False,True,1.0,0.9748345234274711,True,2.0,1.9748345234274711,True,2.257501604621313,2.232336128048784,,
LINKUSDT,low,2021-08-22,2021-08-22 14:30:00,сделка,,2021-08-23 02:00:00,28.18,4.992193044712564,11.5,3.119690561399702,0.3352788586251622,0.3675007108330959,1.5905722445143378,1.6628709829013517,2.25,False,-0.3361825399663733,5.574232729638861,False,False,True,21.0,0.8437588854137054,True,False,1.0,-1.0200312766562412,False,2.0,-1.0200312766562412,True,0.7286039237986908,0.7085726471424496,True,False
LINKUSDT,low,2021-08-24,2021-08-24 13:30:00,инвалидация,2021-08-25 00:00:00,,,,,,,,,,,,,,,,,,,,,,,,,,,,,,
LINKUSDT,low,2021-09-10,2021-09-10 14:15:00,инвалидация,2021-09-11 00:00:00,,,,,,,,,,,,,,,,,,,,,,,,,,,,,,
LINKUSDT,low,2021-11-04,2021-11-04 15:00:00,сделка,,2021-11-05 04:00:00,31.498,4.166029589180263,13.0,1.1644642156221316,0.409372236958444,0.7056765044779231,2.9667669763182,0.9682062017532362,7.25,False,3.1876109049846733,7.398927122857531,False,False,False,23.0,3.171733921854327,False,True,0.9999999999999973,0.9759963298725183,True,2.0000000000000027,1.9759963298725236,True,1.018125064775923,0.994121394648444,,
LINKUSDT,low,2021-11-14,2021-11-14 15:00:00,сделка,2021-11-16 00:00:00,2021-11-14 23:00:00,33.462,2.906347498655206,8.0,2.036267245014766,0.18617771509168057,0.2714591546515159,0.4277366106392042,0.2831495873245412,1.5,False,-1.4459995943087378,4.271341647087171,True,False,False,17.0,1.1064017060796443,True,True,1.0,0.9655925521479207,False,2.0,-1.0344074478520793,False,1.1866055472266852,-1.0344074478520793,True,False
LINKUSDT,low,2021-12-03,2021-12-03 16:00:00,инвалидация,2021-12-04 00:00:00,,,,,,,,,,,,,,,,,,,,,,,,,,,,,,
LINKUSDT,low,2021-12-09,2021-12-09 14:45:00,инвалидация,2021-12-10 00:00:00,,,,,,,,,,,,,,,,,,,,,,,,,,,,,,
LINKUSDT,low,2021-12-15,2021-12-15 15:45:00,сделка,,2021-12-15 20:00:00,18.872,8.68614879186096,4.25,0.9702049486193265,1.2240943555181112,0.8863809669055964,8.186463057580793,2.4283828003903682,47.75,True,-9.063533593325774,6.814398071071824,True,False,False,14.0,0.9260332469116975,False,False,1.0,-1.0115125819734634,False,2.0,-1.0115125819734634,,,,,
LINKUSDT,low,2022-01-10,2022-01-10 14:30:00,сделка,,2022-01-10 21:00:00,27.617,9.309740377303834,6.5,0.06776147959183458,0.7019150707743551,0.9836367801589299,9.857302295918362,1.9650829081632595,2.5,True,17.55314607700846,14.361447704081623,True,False,False,15.0,0.41655792469363856,True,False,1.0,-1.010741438101087,False,1.9999999999999987,-1.010741438101087,False,0.4177247536143491,-1.010741438101087,False,False
LINKUSDT,low,2022-01-13,2022-01-13 15:15:00,инвалидация,2022-01-14 00:00:00,,,,,,,,,,,,,,,,,,,,,,,,,,,,,,
LINKUSDT,low,2022-02-06,2022-02-06 14:45:00,нет сигнала,,,,,,,,,,,,,,,,,,,,,,,,,,,,,,,
LINKUSDT,low,2022-02-18,2022-02-18 14:30:00,инвалидация,2022-02-19 00:00:00,,,,,,,,,,,,,,,,,,,,,,,,,,,,,,
LINKUSDT,low,2022-03-03,2022-03-03 15:00:00,инвалидация,2022-03-04 00:00:00,,,,,,,,,,,,,,,,,,,,,,,,,,,,,,
LINKUSDT,low,2022-04-04,2022-04-04 15:00:00,сделка,2022-04-06 00:00:00,2022-04-04 21:00:00,17.316,3.0192307692307683,6.0,1.9825072886297368,0.14139693356047695,0.3175149671964967,0.8921282798833952,0.28571428571428276,1.75,True,6.546461610983447,6.8454810495627,True,False,False,16.0,0.6618083051204074,True,False,1.0,-1.0331210191082802,False,2.0,-1.0331210191082802,False,1.9280426923739085,-1.0331210191082802,True,False
LINKUSDT,low,2022-04-14,2022-04-14 15:30:00,инвалидация,2022-04-15 00:00:00,,,,,,,,,,,,,,,,,,,,,,,,,,,,,,
LINKUSDT,low,2022-04-20,2022-04-20 15:15:00,сделка,2022-04-22 00:00:00,2022-04-21 12:00:00,14.258,4.023691962407059,20.75,0.9401214926236549,0.745233968804159,0.74952326833979,2.9649985536592434,2.0610355799826454,2.5,True,4.422117923144628,4.172693086491177,False,False,False,7.0,0.20045389734668853,True,False,1.0,-1.0248527971162529,False,2.0,-1.0248527971162529,False,0.2562323731301149,-1.0248527971162529,True,False
LINKUSDT,low,2022-04-30,2022-04-30 14:15:00,инвалидация,2022-05-01 00:00:00,,,,,,,,,,,,,,,,,,,,,,,,,,,,,,
LINKUSDT,low,2022-05-05,2022-05-05 15:00:00,инвалидация,2022-05-06 00:00:00,,,,,,,,,,,,,,,,,,,,,,,,,,,,,,
LINKUSDT,low,2022-08-28,2022-08-28 14:15:00,инвалидация,2022-08-29 00:00:00,,,,,,,,,,,,,,,,,,,,,,,,,,,,,,
LINKUSDT,low,2022-09-12,2022-09-12 15:45:00,инвалидация,2022-09-14 00:00:00,,,,,,,,,,,,,,,,,,,,,,,,,,,,,,
LINKUSDT,low,2022-09-20,2022-09-20 13:30:00,инвалидация,2022-09-21 00:00:00,,,,,,,,,,,,,,,,,,,,,,,,,,,,,,
LINKUSDT,low,2022-10-18,2022-10-18 14:15:00,инвалидация,2022-10-20 00:00:00,,,,,,,,,,,,,,,,,,,,,,,,,,,,,,
LINKUSDT,low,2022-10-24,2022-10-24 14:15:00,нет сигнала,,,,,,,,,,,,,,,,,,,,,,,,,,,,,,,
LINKUSDT,low,2022-11-01,2022-11-01 13:45:00,инвалидация,2022-11-03 00:00:00,,,,,,,,,,,,,,,,,,,,,,,,,,,,,,
LINKUSDT,low,2022-12-22,2022-12-22 16:00:00,сделка,,2022-12-22 21:00:00,5.962,1.9431734317343075,5.0,0.45926177921413924,0.5092024539877303,0.716431308911375,1.2927368600102147,0.6123490389522108,1.5,False,1.6131771098658474,2.772580370811367,True,False,False,15.0,0.906328764285476,True,False,1.0,-1.0514622104063809,False,2.0,-1.0514622104063809,True,0.6905362013603605,0.6390739909539798,False,False
LINKUSDT,low,2022-12-27,2022-12-27 14:30:00,инвалидация,2022-12-28 00:00:00,,,,,,,,,,,,,,,,,,,,,,,,,,,,,,
LINKUSDT,low,2023-01-18,2023-01-18 15:45:00,инвалидация,2023-01-19 00:00:00,,,,,,,,,,,,,,,,,,,,,,,,,,,,,,
LINKUSDT,low,2023-02-24,2023-02-24 15:00:00,инвалидация,2023-02-25 00:00:00,,,,,,,,,,,,,,,,,,,,,,,,,,,,,,
LINKUSDT,low,2023-03-15,2023-03-15 15:30:00,инвалидация,2023-03-16 00:00:00,,,,,,,,,,,,,,,,,,,,,,,,,,,,,,
LINKUSDT,low,2023-03-27,2023-03-27 14:15:00,инвалидация,2023-03-28 00:00:00,,,,,,,,,,,,,,,,,,,,,,,,,,,,,,
LINKUSDT,low,2023-04-28,2023-04-28 13:30:00,сделка,,2023-04-29 10:00:00,7.136,3.0258828475336412,20.5,0.6739317464869601,0.6352941176470588,0.7502535579154039,1.8640665328362473,0.2150845999426395,1.5,True,-0.04184684056352665,3.656438199024948,False,False,False,5.0,0.7734095319251382,True,False,1.0,-1.0330482061066935,False,2.0,-1.0330482061066935,True,0.4307011165810653,0.39765291047437196,False,False
LINKUSDT,low,2023-05-06,2023-05-06 15:00:00,нет сигнала,,,,,,,,,,,,,,,,,,,,,,,,,,,,,,,
LINKUSDT,low,2023-05-11,2023-05-11 14:45:00,сделка,,2023-05-12 11:00:00,6.42,3.4455607476635426,20.25,0.9418901660280997,0.3636363636363634,0.7052281820031198,2.458492975734354,0.5587484035759921,1.25,True,-8.846739581891185,6.848659003831408,False,False,False,6.0,1.4194977509550004,False,True,1.0,0.970977147894487,False,2.0,-1.0290228521055131,True,1.2341493185054606,1.2051264663999475,,
LINKUSDT,low,2023-06-07,2023-06-07 14:15:00,инвалидация,2023-06-08 00:00:00,,,,,,,,,,,,,,,,,,,,,,,,,,,,,,
LINKUSDT,low,2023-06-16,2023-06-16 14:45:00,нет сигнала,,,,,,,,,,,,,,,,,,,,,,,,,,,,,,,
LINKUSDT,low,2023-06-30,2023-06-30 13:45:00,сделка,,2023-06-30 17:00:00,6.288,9.457681297709929,3.25,1.4525332872211745,1.2688442211055284,0.8491690754482514,8.334774338578582,0.6570983918381353,117.75,True,-3.9321259585576716,6.882241051357421,True,False,False,12.0,0.6776537374369208,False,False,1.0,-1.010573416131522,False,2.0,-1.010573416131522,,,,,
LINKUSDT,low,2023-08-07,2023-08-07 15:15:00,нет сигнала,,,,,,,,,,,,,,,,,,,,,,,,,,,,,,,
LINKUSDT,low,2023-08-17,2023-08-17 15:30:00,инвалидация,2023-08-18 00:00:00,,,,,,,,,,,,,,,,,,,,,,,,,,,,,,
LINKUSDT,low,2023-08-21,2023-08-21 15:15:00,инвалидация,2023-08-23 00:00:00,,,,,,,,,,,,,,,,,,,,,,,,,,,,,,
LINKUSDT,low,2023-10-02,2023-10-02 14:00:00,инвалидация,2023-10-03 00:00:00,,,,,,,,,,,,,,,,,,,,,,,,,,,,,,
LINKUSDT,low,2023-10-24,2023-10-24 15:30:00,нет сигнала,,,,,,,,,,,,,,,,,,,,,,,,,,,,,,,
LINKUSDT,low,2023-11-16,2023-11-16 15:45:00,инвалидация,2023-11-17 00:00:00,,,,,,,,,,,,,,,,,,,,,,,,,,,,,,
LINKUSDT,low,2023-11-26,2023-11-26 16:15:00,сделка,2023-11-28 00:00:00,2023-11-27 01:00:00,15.231,5.98997439432736,8.75,0.27136097968271433,1.4174917491749177,0.9415421781301342,4.835791817422769,1.1689396047870932,0.25,True,1.9188293760353428,4.216532145839131,False,False,False,19.0,0.0811107347865306,True,False,0.999999999999998,-1.0166945621828871,False,2.0000000000000018,-1.0166945621828871,,,,False,True
LINKUSDT,low,2024-01-12,2024-01-12 16:45:00,инвалидация,2024-01-13 00:00:00,,,,,,,,,,,,,,,,,,,,,,,,,,,,,,
LINKUSDT,low,2024-01-16,2024-01-16 14:30:00,нет сигнала,,,,,,,,,,,,,,,,,,,,,,,,,,,,,,,
LINKUSDT,low,2024-02-15,2024-02-15 16:00:00,инвалидация,2024-02-17 00:00:00,,,,,,,,,,,,,,,,,,,,,,,,,,,,,,
LINKUSDT,low,2024-03-05,2024-03-05 16:00:00,инвалидация,2024-03-06 00:00:00,,,,,,,,,,,,,,,,,,,,,,,,,,,,,,
LINKUSDT,low,2024-03-08,2024-03-08 15:30:00,нет сигнала,,,,,,,,,,,,,,,,,,,,,,,,,,,,,,,
LINKUSDT,low,2024-04-17,2024-04-17 15:30:00,сделка,,2024-04-18 22:00:00,13.796,8.007422441287316,30.5,0.8429597252575614,0.9909365558912383,0.8907363420427569,7.5476116141117755,0.11707773961911153,44.0,False,-23.397472389844015,7.750546362784892,False,False,False,17.0,2.0222611667921955,False,True,1.0,0.9875115868142054,True,2.0,1.9875115868142055,True,0.008146978738196255,-0.004341434447598332,,
LINKUSDT,low,2024-05-10,2024-05-10 14:45:00,инвалидация,2024-05-11 00:00:00,,,,,,,,,,,,,,,,,,,,,,,,,,,,,,
LINKUSDT,low,2024-05-23,2024-05-23 13:45:00,нет сигнала,,,,,,,,,,,,,,,,,,,,,,,,,,,,,,,
LINKUSDT,low,2024-06-23,2024-06-23 14:00:00,инвалидация,2024-06-24 00:00:00,,,,,,,,,,,,,,,,,,,,,,,,,,,,,,
LINKUSDT,low,2024-08-02,2024-08-02 14:45:00,инвалидация,2024-08-03 00:00:00,,,,,,,,,,,,,,,,,,,,,,,,,,,,,,
LINKUSDT,low,2024-08-04,2024-08-04 14:15:00,инвалидация,2024-08-05 00:00:00,,,,,,,,,,,,,,,,,,,,,,,,,,,,,,
LINKUSDT,low,2024-08-30,2024-08-30 14:45:00,нет сигнала,,,,,,,,,,,,,,,,,,,,,,,,,,,,,,,
LINKUSDT,low,2024-09-03,2024-09-03 14:30:00,инвалидация,2024-09-04 00:00:00,,,,,,,,,,,,,,,,,,,,,,,,,,,,,,
LINKUSDT,low,2024-10-01,2024-10-01 14:30:00,инвалидация,2024-10-02 00:00:00,,,,,,,,,,,,,,,,,,,,,,,,,,,,,,
LINKUSDT,low,2024-10-02,2024-10-02 13:30:00,инвалидация,2024-10-03 00:00:00,,,,,,,,,,,,,,,,,,,,,,,,,,,,,,
LINKUSDT,low,2024-10-10,2024-10-10 13:45:00,сделка,,2024-10-11 16:00:00,10.855,5.732316904652227,26.25,1.5664039976936408,0.7960992907801415,0.7215830471375337,3.353834326350184,0.10570824524313865,30.25,False,-4.869455235341959,5.419950028829522,False,True,False,11.0,1.3563832779155418,False,True,1.0,0.9825550468225436,False,2.0,-1.0174449531774563,True,0.18481525706195226,0.16737030388449584,,
LINKUSDT,low,2024-10-13,2024-10-13 14:30:00,инвалидация,2024-10-14 00:00:00,,,,,,,,,,,,,,,,,,,,,,,,,,,,,,
LINKUSDT,low,2024-11-14,2024-11-14 14:45:00,инвалидация,2024-11-15 00:00:00,,,,,,,,,,,,,,,,,,,,,,,,,,,,,,
LINKUSDT,low,2025-01-07,2025-01-07 14:45:00,инвалидация,2025-01-08 00:00:00,,,,,,,,,,,,,,,,,,,,,,,,,,,,,,
LINKUSDT,low,2025-02-05,2025-02-05 16:15:00,инвалидация,2025-02-06 00:00:00,,,,,,,,,,,,,,,,,,,,,,,,,,,,,,
LINKUSDT,low,2025-02-06,2025-02-06 15:15:00,инвалидация,2025-02-07 00:00:00,,,,,,,,,,,,,,,,,,,,,,,,,,,,,,
LINKUSDT,low,2025-03-10,2025-03-10 14:00:00,инвалидация,2025-03-11 00:00:00,,,,,,,,,,,,,,,,,,,,,,,,,,,,,,
LINKUSDT,low,2025-04-26,2025-04-26 13:30:00,сделка,2025-04-28 00:00:00,2025-04-27 01:00:00,15.051,2.6686864660155485,11.5,0.25168355894157407,0.5401234567901232,0.8713750796685773,1.6937623290932506,0.17005645874429345,1.75,False,12.314528884537182,4.407863410652334,False,False,False,20.0,0.08713750796685817,True,False,1.0,-1.0374716180688337,False,2.0,-1.0374716180688337,False,0.7419136392606752,-1.0374716180688337,True,False
LINKUSDT,low,2025-05-29,2025-05-29 14:15:00,инвалидация,2025-05-30 00:00:00,,,,,,,,,,,,,,,,,,,,,,,,,,,,,,
LINKUSDT,low,2025-06-17,2025-06-17 14:45:00,инвалидация,2025-06-18 00:00:00,,,,,,,,,,,,,,,,,,,,,,,,,,,,,,
LINKUSDT,low,2025-06-26,2025-06-26 13:45:00,инвалидация,2025-06-27 00:00:00,,,,,,,,,,,,,,,,,,,,,,,,,,,,,,
LINKUSDT,low,2025-07-28,2025-07-28 15:45:00,инвалидация,2025-07-29 00:00:00,,,,,,,,,,,,,,,,,,,,,,,,,,,,,,
LINKUSDT,low,2025-08-05,2025-08-05 15:30:00,нет сигнала,,,,,,,,,,,,,,,,,,,,,,,,,,,,,,,
LINKUSDT,low,2025-08-15,2025-08-15 15:45:00,сделка,,2025-08-16 19:00:00,22.46,5.0104897595725735,27.25,0.40108198862045763,0.3537178596247396,0.904602632411433,3.227310885178622,1.1939184777539418,4.0,False,2.3155111901180505,13.422255386624382,False,False,False,14.0,3.9320890455997928,False,True,1.0,0.9800418711945376,True,2.0,1.9800418711945376,True,1.6528103106927936,1.6328521818873312,,
LINKUSDT,low,2025-09-05,2025-09-05 14:45:00,нет сигнала,,,,,,,,,,,,,,,,,,,,,,,,,,,,,,,
LINKUSDT,low,2025-09-19,2025-09-19 14:45:00,инвалидация,2025-09-20 00:00:00,,,,,,,,,,,,,,,,,,,,,,,,,,,,,,
LINKUSDT,low,2025-10-10,2025-10-10 15:30:00,инвалидация,2025-10-11 00:00:00,,,,,,,,,,,,,,,,,,,,,,,,,,,,,,
LINKUSDT,low,2025-10-15,2025-10-15 15:45:00,инвалидация,2025-10-16 00:00:00,,,,,,,,,,,,,,,,,,,,,,,,,,,,,,
LINKUSDT,low,2025-11-02,2025-11-02 16:15:00,инвалидация,2025-11-04 00:00:00,,,,,,,,,,,,,,,,,,,,,,,,,,,,,,
LINKUSDT,low,2025-11-11,2025-11-11 15:30:00,инвалидация,2025-11-12 00:00:00,,,,,,,,,,,,,,,,,,,,,,,,,,,,,,
LINKUSDT,low,2025-11-16,2025-11-16 15:45:00,инвалидация,2025-11-17 00:00:00,,,,,,,,,,,,,,,,,,,,,,,,,,,,,,
LINKUSDT,low,2025-11-19,2025-11-19 15:45:00,сделка,2025-11-21 00:00:00,2025-11-19 22:00:00,13.375,4.715940186915894,6.25,2.2452107279693565,0.34574468085106325,0.515253893337686,2.084291187739452,1.494252873563207,2.25,True,-5.09045882919447,7.203065134099612,True,False,False,16.0,0.9908728718032446,True,False,1.0,-1.0212046794565894,False,2.0,-1.0212046794565894,True,0.975018905854393,0.9538142263978036,True,False
LINKUSDT,low,2025-12-12,2025-12-12 16:15:00,нет сигнала,,,,,,,,,,,,,,,,,,,,,,,,,,,,,,,
LINKUSDT,low,2025-12-15,2025-12-15 15:00:00,инвалидация,2025-12-16 00:00:00,,,,,,,,,,,,,,,,,,,,,,,,,,,,,,
LINKUSDT,low,2025-12-17,2025-12-17 14:45:00,инвалидация,2025-12-18 00:00:00,,,,,,,,,,,,,,,,,,,,,,,,,,,,,,
LINKUSDT,low,2025-12-24,2025-12-24 14:30:00,сделка,2025-12-26 00:00:00,2025-12-24 23:00:00,12.361,3.0902920475689757,8.5,0.6051061007957593,0.4714285714285718,0.7775052291807916,2.0805702917771836,0.016578249336860838,10.5,False,3.856148880878524,5.2221485411140645,True,False,False,17.0,0.15707176347086332,True,False,1.0,-1.032359401137723,False,2.0,-1.032359401137723,False,0.8717482872633106,-1.032359401137723,False,True
LINKUSDT,low,2025-12-31,2025-12-31 16:30:00,инвалидация,2026-01-01 00:00:00,,,,,,,,,,,,,,,,,,,,,,,,,,,,,,
LINKUSDT,low,2026-01-07,2026-01-07 14:30:00,инвалидация,2026-01-08 00:00:00,,,,,,,,,,,,,,,,,,,,,,,,,,,,,,
LINKUSDT,low,2026-01-16,2026-01-16 15:30:00,нет сигнала,,,,,,,,,,,,,,,,,,,,,,,,,,,,,,,
LINKUSDT,low,2026-01-20,2026-01-20 16:30:00,инвалидация,2026-01-21 00:00:00,,,,,,,,,,,,,,,,,,,,,,,,,,,,,,
LINKUSDT,low,2026-01-21,2026-01-21 16:30:00,нет сигнала,,,,,,,,,,,,,,,,,,,,,,,,,,,,,,,
LINKUSDT,low,2026-01-23,2026-01-23 14:30:00,сделка,,2026-01-23 18:00:00,12.364,2.766370106761565,3.5,0.6685926537350352,0.5413043478260893,0.7279978013881678,2.022286421791162,0.27238959966982645,22.5,False,-10.784242335979027,3.7969459347915726,True,False,False,12.0,0.21635276025190436,True,False,1.0,-1.0361484530777643,False,2.0,-1.0361484530777643,False,0.6168977353128594,-1.0361484530777643,True,False
LINKUSDT,low,2026-02-04,2026-02-04 16:30:00,инвалидация,2026-02-06 00:00:00,,,,,,,,,,,,,,,,,,,,,,,,,,,,,,
LINKUSDT,low,2026-03-03,2026-03-03 14:45:00,сделка,,2026-03-04 08:00:00,8.896,3.9630395683453354,17.25,0.3379559491900701,0.45851528384279583,0.8934852163652462,3.0182962358699497,0.43118517655283806,6.75,True,-3.4642780056119116,8.006059899778595,False,False,False,2.0,2.076289455172562,True,True,1.0,0.9747668429054438,True,2.0,1.974766842905444,True,1.0551634936122862,1.0299303365177301,False,False
LINKUSDT,low,2026-04-28,2026-04-28 14:30:00,инвалидация,2026-04-30 00:00:00,,,,,,,,,,,,,,,,,,,,,,,,,,,,,,
LINKUSDT,low,2026-04-29,2026-04-29 15:00:00,инвалидация,2026-04-30 00:00:00,,,,,,,,,,,,,,,,,,,,,,,,,,,,,,
LINKUSDT,low,2026-05-13,2026-05-13 15:45:00,нет сигнала,,,,,,,,,,,,,,,,,,,,,,,,,,,,,,,
LINKUSDT,low,2026-05-15,2026-05-15 13:45:00,инвалидация,2026-05-16 00:00:00,,,,,,,,,,,,,,,,,,,,,,,,,,,,,,
LINKUSDT,low,2026-06-09,2026-06-09 15:45:00,инвалидация,2026-06-11 00:00:00,,,,,,,,,,,,,,,,,,,,,,,,,,,,,,
LINKUSDT,low,2026-06-14,2026-06-14 14:15:00,сделка,,2026-06-14 22:00:00,8.067,3.666530308664937,7.75,0.9170806266717624,1.0485436893203872,0.7302749688111727,0.33116800407591135,0.06368615462998209,2.25,True,-0.17510944340212925,2.623869570755323,True,False,False,17.0,1.8628773509951664,True,True,0.999999999999997,0.9727262584564798,False,2.0,-1.0272737415435171,,,,False,False
LINKUSDT,low,2026-06-16,2026-06-16 14:30:00,инвалидация,2026-06-18 00:00:00,,,,,,,,,,,,,,,,,,,,,,,,,,,,,,
LINKUSDT,low,2026-06-25,2026-06-25 13:45:00,нет сигнала,,,,,,,,,,,,,,,,,,,,,,,,,,,,,,,
LINKUSDT,low,2026-07-13,2026-07-13 14:15:00,нет сигнала,,,,,,,,,,,,,,,,,,,,,,,,,,,,,,,
LINKUSDT,low,2026-08-26,2026-08-26 15:00:00,сделка,,2026-08-27 16:00:00,11.921,7.3656069121717875,25.0,0.6917617464738115,0.8886389201349828,0.8997168739052498,6.531308956967032,0.17069445692211058,103.0,False,5.6142977449237526,7.986703800197641,False,True,False,11.0,0.14805467545276368,True,False,1.0,-1.0135766137390183,False,2.0,-1.0135766137390183,True,0.11274932976787343,0.09917271602885508,False,False
LINKUSDT,low,2026-09-15,2026-09-15 14:45:00,инвалидация,2026-09-16 00:00:00,,,,,,,,,,,,,,,,,,,,,,,,,,,,,,
LINKUSDT,low,2026-10-05,2026-10-05 14:30:00,инвалидация,2026-10-06 00:00:00,,,,,,,,,,,,,,,,,,,,,,,,,,,,,,
LINKUSDT,high,2020-02-27,2020-02-27 16:00:00,инвалидация,2020-02-28 00:00:00,,,,,,,,,,,,,,,,,,,,,,,,,,,,,,
LINKUSDT,high,2020-03-02,2020-03-02 14:45:00,инвалидация,2020-03-03 00:00:00,,,,,,,,,,,,,,,,,,,,,,,,,,,,,,
LINKUSDT,high,2020-04-25,2020-04-25 15:45:00,сделка,,2020-04-26 06:00:00,3.676,6.553672470076155,14.25,0.4621309370988394,1.4129032258064524,0.9090418532831368,5.263157894736844,2.7471116816431373,47.75,False,-5.351170568561865,3.979460847240046,False,False,False,1.0,0.8924383491135836,True,False,1.0,-1.015258620331821,False,2.0,-1.015258620331821,,,,False,True
LINKUSDT,high,2020-05-30,2020-05-30 13:30:00,инвалидация,2020-05-31 00:00:00,,,,,,,,,,,,,,,,,,,,,,,,,,,,,,
LINKUSDT,high,2020-07-01,2020-07-01 15:00:00,инвалидация,2020-07-02 00:00:00,,,,,,,,,,,,,,,,,,,,,,,,,,,,,,
LINKUSDT,high,2020-09-25,2020-09-25 15:30:00,инвалидация,2020-09-26 00:00:00,,,,,,,,,,,,,,,,,,,,,,,,,,,,,,
LINKUSDT,high,2020-10-08,2020-10-08 14:30:00,инвалидация,2020-10-09 00:00:00,,,,,,,,,,,,,,,,,,,,,,,,,,,,,,
LINKUSDT,high,2020-10-19,2020-10-19 15:30:00,сделка,,2020-10-20 05:00:00,10.699,5.03997569866343,13.5,2.249544626593806,0.7168367346938768,0.5211163387590021,1.1384335154826957,0.5919854280509973,0.25,False,0.5637388616111966,3.5701275045537453,False,False,False,0.0,1.748799670639636,True,True,1.0,0.9801586344897418,False,2.0,-1.0198413655102583,True,0.20585022634252473,0.18600886083226653,True,False
LINKUSDT,high,2020-11-16,2020-11-16 14:30:00,инвалидация,2020-11-18 00:00:00,,,,,,,,,,,,,,,,,,,,,,,,,,,,,,
LINKUSDT,high,2020-12-03,2020-12-03 16:00:00,сделка,,2020-12-04 02:00:00,13.837,3.044330418443302,10.0,0.515136546468142,0.29928315412186357,0.7928896316624091,2.2793028014960033,0.10584997530166391,20.0,False,-11.870503597122298,7.875238162444427,False,False,False,20.0,5.3104613952958415,False,True,1.0,0.9671520543912792,True,2.0,1.967152054391279,True,1.8564062633533072,1.8235583177445862,,
LINKUSDT,high,2020-12-27,2020-12-27 14:45:00,инвалидация,2020-12-28 00:00:00,,,,,,,,,,,,,,,,,,,,,,,,,,,,,,
LINKUSDT,high,2021-01-13,2021-01-13 16:15:00,инвалидация,2021-01-14 00:00:00,,,,,,,,,,,,,,,,,,,,,,,,,,,,,,
LINKUSDT,high,2021-01-22,2021-01-22 16:15:00,инвалидация,2021-01-24 00:00:00,,,,,,,,,,,,,,,,,,,,,,,,,,,,,,
LINKUSDT,high,2021-02-12,2021-02-12 16:00:00,инвалидация,2021-02-13 00:00:00,,,,,,,,,,,,,,,,,,,,,,,,,,,,,,
LINKUSDT,high,2021-04-02,2021-04-02 15:15:00,инвалидация,2021-04-03 00:00:00,,,,,,,,,,,,,,,,,,,,,,,,,,,,,,
LINKUSDT,high,2021-04-05,2021-04-05 14:00:00,инвалидация,2021-04-06 00:00:00,,,,,,,,,,,,,,,,,,,,,,,,,,,,,,
LINKUSDT,high,2021-04-11,2021-04-11 15:30:00,инвалидация,2021-04-12 00:00:00,,,,,,,,,,,,,,,,,,,,,,,,,,,,,,
LINKUSDT,high,2021-04-13,2021-04-13 14:45:00,инвалидация,2021-04-14 00:00:00,,,,,,,,,,,,,,,,,,,,,,,,,,,,,,
LINKUSDT,high,2021-05-09,2021-05-09 15:00:00,инвалидация,2021-05-10 00:00:00,,,,,,,,,,,,,,,,,,,,,,,,,,,,,,
LINKUSDT,high,2021-06-09,2021-06-09 15:45:00,инвалидация,2021-06-10 00:00:00,,,,,,,,,,,,,,,,,,,,,,,,,,,,,,
LINKUSDT,high,2021-06-24,2021-06-24 15:15:00,сделка,,2021-06-25 08:00:00,18.416,6.1279593831450905,16.75,1.7086003021305383,0.2555628272251304,0.6920537870228829,3.9381153305203953,1.0835026306193778,6.0,False,13.437264506405416,15.919154034484562,False,False,False,3.0,2.217939345605991,True,True,1.0,0.9836813539797523,True,2.0,1.9836813539797524,True,2.015905717640285,1.9995870716200375,False,False
LINKUSDT,high,2021-07-22,2021-07-22 15:45:00,инвалидация,2021-07-23 00:00:00,,,,,,,,,,,,,,,,,,,,,,,,,,,,,,
LINKUSDT,high,2021-08-04,2021-08-04 13:30:00,сделка,,2021-08-05 09:00:00,23.296,7.421874999999997,19.5,2.2411254703091696,0.48962304108428717,0.6685945633314071,4.155079339113372,1.8198920333715045,0.75,False,-23.657302210287128,9.655651889416001,False,False,False,4.0,0.4864083285135925,True,False,1.0,-1.0134736842105263,False,2.0,-1.0134736842105263,False,0.6969346443030647,-1.0134736842105263,False,True
LINKUSDT,high,2021-09-05,2021-09-05 15:45:00,инвалидация,2021-09-06 00:00:00,,,,,,,,,,,,,,,,,,,,,,,,,,,,,,
LINKUSDT,high,2021-10-02,2021-10-02 13:30:00,инвалидация,2021-10-03 00:00:00,,,,,,,,,,,,,,,,,,,,,,,,,,,,,,
LINKUSDT,high,2021-10-06,2021-10-06 13:45:00,сделка,,2021-10-07 02:00:00,26.216,7.782377174244733,12.25,2.550316064811457,0.9739776951672862,0.642085100292712,4.639250163481803,3.618397151783776,0.0,False,-13.665735606787019,4.886289326454984,False,False,False,21.0,0.7754035333305893,False,False,1.0,-1.0128495442666212,False,2.0,-1.0128495442666212,True,0.017154945427667965,0.004305401161046775,,
LINKUSDT,high,2021-11-01,2021-11-01 13:30:00,инвалидация,2021-11-02 00:00:00,,,,,,,,,,,,,,,,,,,,,,,,,,,,,,
LINKUSDT,high,2022-01-07,2022-01-07 16:30:00,инвалидация,2022-01-08 00:00:00,,,,,,,,,,,,,,,,,,,,,,,,,,,,,,
LINKUSDT,high,2022-01-16,2022-01-16 16:45:00,сделка,,2022-01-17 03:00:00,25.089,5.095224999003552,10.25,0.5458431941369597,1.007266121707541,0.8675306510547661,3.5651576456218073,0.16413466676845279,9.0,True,10.034317580610562,4.2026108863271965,False,False,False,21.0,6.2495061959211125,False,True,1.0,0.9803737813306466,True,2.0,1.9803737813306466,,,,,
LINKUSDT,high,2022-01-28,2022-01-28 16:00:00,инвалидация,2022-01-29 00:00:00,,,,,,,,,,,,,,,,,,,,,,,,,,,,,,
LINKUSDT,high,2022-02-25,2022-02-25 15:45:00,инвалидация,2022-02-26 00:00:00,,,,,,,,,,,,,,,,,,,,,,,,,,,,,,
LINKUSDT,high,2022-03-18,2022-03-18 14:15:00,инвалидация,2022-03-19 00:00:00,,,,,,,,,,,,,,,,,,,,,,,,,,,,,,
LINKUSDT,high,2022-03-19,2022-03-19 14:45:00,сделка,,2022-03-20 13:00:00,14.677,5.037821080602309,22.25,0.8380802723760893,0.514680483592401,0.8060578765784728,3.758266221436521,1.446997970274341,24.5,False,-18.18683049779459,7.582007464152422,False,False,False,8.0,0.5369211023517683,True,False,1.0,-1.0198498514337957,False,2.0,-1.0198498514337957,False,0.760074709122653,-1.0198498514337957,True,False
LINKUSDT,high,2022-03-23,2022-03-23 15:45:00,инвалидация,2022-03-25 00:00:00,,,,,,,,,,,,,,,,,,,,,,,,,,,,,,
LINKUSDT,high,2022-05-17,2022-05-17 13:30:00,сделка,,2022-05-19 00:00:00,6.798,17.342880258899683,34.5,0.07534848675122727,1.4364981504315661,0.9881515120414529,14.052492779103352,1.594876302900914,65.75,True,-6.949250288350638,10.184603792540498,False,False,False,19.0,0.13655999436796085,False,False,1.0,-1.0057660549174745,False,2.0,-1.0057660549174745,,,,,
LINKUSDT,high,2022-07-30,2022-07-30 15:30:00,нет сигнала,,,,,,,,,,,,,,,,,,,,,,,,,,,,,,,
LINKUSDT,high,2022-08-29,2022-08-29 14:15:00,инвалидация,2022-08-30 00:00:00,,,,,,,,,,,,,,,,,,,,,,,,,,,,,,
LINKUSDT,high,2022-11-08,2022-11-08 16:00:00,нет сигнала,,,,,,,,,,,,,,,,,,,,,,,,,,,,,,,
LINKUSDT,high,2022-12-01,2022-12-01 15:30:00,нет сигнала,,,,,,,,,,,,,,,,,,,,,,,,,,,,,,,
LINKUSDT,high,2022-12-25,2022-12-25 15:00:00,инвалидация,2022-12-26 00:00:00,,,,,,,,,,,,,,,,,,,,,,,,,,,,,,
LINKUSDT,high,2023-01-22,2023-01-22 15:00:00,сделка,,2023-01-22 21:00:00,6.885,5.88646332607118,6.0,2.2606009547879875,0.7314814814814822,0.5847765635370832,2.653748946925022,0.5195169896096591,0.75,True,-2.787769784172661,4.54928390901432,True,False,False,15.0,0.9351490193272328,True,False,1.0,-1.0169881292825014,False,2.0,-1.0169881292825014,True,0.21466481446297916,0.19767668518047782,False,False
LINKUSDT,high,2023-01-26,2023-01-26 14:30:00,инвалидация,2023-01-27 00:00:00,,,,,,,,,,,,,,,,,,,,,,,,,,,,,,
LINKUSDT,high,2023-03-26,2023-03-26 13:30:00,инвалидация,2023-03-27 00:00:00,,,,,,,,,,,,,,,,,,,,,,,,,,,,,,
LINKUSDT,high,2023-04-15,2023-04-15 14:30:00,инвалидация,2023-04-16 00:00:00,,,,,,,,,,,,,,,,,,,,,,,,,,,,,,
LINKUSDT,high,2023-04-29,2023-04-29 13:30:00,сделка,,2023-04-30 21:00:00,7.052,3.662833238797513,31.5,1.6423103688239435,0.5155038759689923,0.5148991688056263,1.2526096033402905,0.37578288100208956,27.25,True,0.6214689265536791,3.590814196242172,False,False,False,16.0,1.0375411822549454,False,True,1.0,0.9726987297863363,False,2.0,-1.0273012702136637,True,0.48392779023085175,0.456626520017188,,
LINKUSDT,high,2023-05-26,2023-05-26 14:15:00,инвалидация,2023-05-28 00:00:00,,,,,,,,,,,,,,,,,,,,,,,,,,,,,,
LINKUSDT,high,2023-08-28,2023-08-28 15:00:00,инвалидация,2023-08-30 00:00:00,,,,,,,,,,,,,,,,,,,,,,,,,,,,,,
LINKUSDT,high,2023-08-29,2023-08-29 14:15:00,инвалидация,2023-08-30 00:00:00,,,,,,,,,,,,,,,,,,,,,,,,,,,,,,
LINKUSDT,high,2023-09-28,2023-09-28 14:45:00,инвалидация,2023-09-30 00:00:00,,,,,,,,,,,,,,,,,,,,,,,,,,,,,,
LINKUSDT,high,2023-10-11,2023-10-11 14:00:00,сделка,,2023-10-12 10:00:00,7.215,3.0828828828828847,20.0,0.5548788740018876,0.7873303167420829,0.7822685788787496,2.1789146027879345,0.1894708350250404,10.25,True,2.7602840680691463,2.9909324671809454,False,False,False,5.0,0.4945376073371369,True,False,1.0,-1.032437171244886,False,2.0,-1.032437171244886,True,0.2113024322258674,0.17886526098098138,True,False
LINKUSDT,high,2023-12-20,2023-12-20 15:15:00,сделка,2023-12-22 00:00:00,2023-12-20 21:00:00,14.142,4.891945976523834,5.75,0.026999662504227716,0.7527964205816554,0.9727977982680432,4.009449881876473,0.7154910563617947,7.25,True,8.302451076002868,6.03442456969288,True,False,False,15.0,0.10407346430207773,True,False,1.0,-1.0204417629466667,False,2.0,-1.0204417629466667,False,0.31944771681610346,-1.0204417629466667,True,False
LINKUSDT,high,2023-12-27,2023-12-27 15:00:00,инвалидация,2023-12-28 00:00:00,,,,,,,,,,,,,,,,,,,,,,,,,,,,,,
LINKUSDT,high,2024-01-26,2024-01-26 16:45:00,инвалидация,2024-01-28 00:00:00,,,,,,,,,,,,,,,,,,,,,,,,,,,,,,
LINKUSDT,high,2024-02-26,2024-02-26 15:30:00,инвалидация,2024-02-27 00:00:00,,,,,,,,,,,,,,,,,,,,,,,,,,,,,,
LINKUSDT,high,2024-03-30,2024-03-30 14:00:00,нет сигнала,,,,,,,,,,,,,,,,,,,,,,,,,,,,,,,
LINKUSDT,high,2024-04-18,2024-04-18 15:00:00,инвалидация,2024-04-19 00:00:00,,,,,,,,,,,,,,,,,,,,,,,,,,,,,,
LINKUSDT,high,2024-05-05,2024-05-05 15:30:00,сделка,2024-05-07 00:00:00,2024-05-07 00:00:00,14.478,4.829133858267725,32.5,4.738878143133462,-0.0038910505836554227,-0.00286056736492957,-0.04835589941972695,1.7200884222160733,1.75,False,-1.7133513436655738,3.550704614534409,False,False,True,19.0,1.7277826884184182,False,True,1.0,0.9792923528452634,False,2.0,-1.0207076471547367,True,0.7380263801522382,0.7173187329975016,,
LINKUSDT,high,2024-05-27,2024-05-27 15:45:00,инвалидация,2024-05-28 00:00:00,,,,,,,,,,,,,,,,,,,,,,,,,,,,,,
LINKUSDT,high,2024-06-24,2024-06-24 14:00:00,инвалидация,2024-06-26 00:00:00,,,,,,,,,,,,,,,,,,,,,,,,,,,,,,
LINKUSDT,high,2024-06-28,2024-06-28 14:00:00,сделка,,2024-06-28 22:00:00,13.893,5.16516231195565,8.0,0.3092570957322516,0.6776519052523166,0.9169504846738287,4.267747921105082,0.63225895127483,22.0,False,-7.081353919239911,6.673080887911484,True,False,False,17.0,0.6312744218195225,True,False,1.0,-1.019360475810902,False,2.0,-1.019360475810902,True,0.4361785740165793,0.4168180982056773,False,True
LINKUSDT,high,2024-08-24,2024-08-24 15:45:00,инвалидация,2024-08-25 00:00:00,,,,,,,,,,,,,,,,,,,,,,,,,,,,,,
LINKUSDT,high,2024-09-17,2024-09-17 15:15:00,сделка,2024-09-19 00:00:00,2024-09-18 01:00:00,10.569,3.348585485854852,9.75,0.7850743511591471,0.6157517899761309,0.7289947783629818,2.3552230534774248,0.02770850651150008,7.25,True,-1.3855479649764275,3.869954742772702,False,False,False,20.0,0.8194127353692485,True,False,1.0,-1.0298633558624744,False,2.0,-1.0298633558624744,True,0.4549153461877576,0.42505199032528324,True,False
LINKUSDT,high,2024-09-23,2024-09-23 15:15:00,инвалидация,2024-09-25 00:00:00,,,,,,,,,,,,,,,,,,,,,,,,,,,,,,
LINKUSDT,high,2024-09-24,2024-09-24 13:30:00,инвалидация,2024-09-25 00:00:00,,,,,,,,,,,,,,,,,,,,,,,,,,,,,,
LINKUSDT,high,2024-09-26,2024-09-26 15:30:00,инвалидация,2024-09-27 00:00:00,,,,,,,,,,,,,,,,,,,,,,,,,,,,,,
LINKUSDT,high,2024-09-28,2024-09-28 15:15:00,инвалидация,2024-09-29 00:00:00,,,,,,,,,,,,,,,,,,,,,,,,,,,,,,
LINKUSDT,high,2024-10-14,2024-10-14 13:45:00,инвалидация,2024-10-15 00:00:00,,,,,,,,,,,,,,,,,,,,,,,,,,,,,,
LINKUSDT,high,2024-11-05,2024-11-05 16:30:00,инвалидация,2024-11-07 00:00:00,,,,,,,,,,,,,,,,,,,,,,,,,,,,,,
LINKUSDT,high,2024-12-04,2024-12-04 14:45:00,нет сигнала,,,,,,,,,,,,,,,,,,,,,,,,,,,,,,,
LINKUSDT,high,2025-01-04,2025-01-04 15:15:00,нет сигнала,,,,,,,,,,,,,,,,,,,,,,,,,,,,,,,
LINKUSDT,high,2025-01-19,2025-01-19 14:45:00,сделка,,2025-01-20 18:00:00,24.672,9.350486381322968,27.25,5.051449953227327,0.4300699300699292,0.4265368330160303,3.3130651699407467,1.8436233239787925,0.25,True,-24.543904077730108,8.917991892734644,False,False,False,12.0,0.4304380845375201,True,False,1.0,-1.0106946308375726,False,2.0,-1.0106946308375726,False,0.5652479982244973,-1.0106946308375726,False,False
LINKUSDT,high,2025-03-02,2025-03-02 15:30:00,инвалидация,2025-03-03 00:00:00,,,,,,,,,,,,,,,,,,,,,,,,,,,,,,
LINKUSDT,high,2025-04-08,2025-04-08 13:30:00,сделка,2025-04-10 00:00:00,2025-04-08 20:00:00,10.906,9.076508344030808,6.5,0.10951057198214051,0.5448898927159793,0.9748617009669819,7.800522281189454,1.1203773902788234,21.5,False,11.214518380642156,14.918709460028648,True,False,False,15.0,0.4737928888637469,True,False,1.0,-1.0110174525499958,False,2.0,-1.0110174525499958,False,0.81423681966776,-1.0110174525499958,True,False
LINKUSDT,high,2025-04-22,2025-04-22 13:45:00,инвалидация,2025-04-23 00:00:00,,,,,,,,,,,,,,,,,,,,,,,,,,,,,,
LINKUSDT,high,2025-06-09,2025-06-09 15:00:00,инвалидация,2025-06-10 00:00:00,,,,,,,,,,,,,,,,,,,,,,,,,,,,,,
LINKUSDT,high,2025-06-11,2025-06-11 14:15:00,сделка,,2025-06-12 07:00:00,14.521,7.8896150402864755,16.75,0.7856268916221256,0.8323699421965308,0.8798490988966098,6.227059050808169,1.5326163951316978,27.75,False,-19.95184840012427,7.79831283405242,False,False,False,2.0,1.5423545215776904,False,True,1.0,0.9873251103521055,False,2.0,-1.0126748896478945,True,0.17719183241667955,0.164516942768785,,
LINKUSDT,high,2025-06-28,2025-06-28 15:45:00,инвалидация,2025-06-29 00:00:00,,,,,,,,,,,,,,,,,,,,,,,,,,,,,,
LINKUSDT,high,2025-08-20,2025-08-20 15:00:00,инвалидация,2025-08-21 00:00:00,,,,,,,,,,,,,,,,,,,,,,,,,,,,,,
LINKUSDT,high,2025-08-22,2025-08-22 14:00:00,инвалидация,2025-08-23 00:00:00,,,,,,,,,,,,,,,,,,,,,,,,,,,,,,
LINKUSDT,high,2025-08-28,2025-08-28 13:45:00,инвалидация,2025-08-29 00:00:00,,,,,,,,,,,,,,,,,,,,,,,,,,,,,,
LINKUSDT,high,2025-10-06,2025-10-06 15:15:00,инвалидация,2025-10-07 00:00:00,,,,,,,,,,,,,,,,,,,,,,,,,,,,,,
LINKUSDT,high,2025-10-12,2025-10-12 15:00:00,инвалидация,2025-10-13 00:00:00,,,,,,,,,,,,,,,,,,,,,,,,,,,,,,
LINKUSDT,high,2025-11-07,2025-11-07 16:15:00,инвалидация,2025-11-08 00:00:00,,,,,,,,,,,,,,,,,,,,,,,,,,,,,,
LINKUSDT,high,2025-12-02,2025-12-02 15:00:00,инвалидация,2025-12-03 00:00:00,,,,,,,,,,,,,,,,,,,,,,,,,,,,,,
LINKUSDT,high,2025-12-09,2025-12-09 15:45:00,инвалидация,2025-12-10 00:00:00,,,,,,,,,,,,,,,,,,,,,,,,,,,,,,
LINKUSDT,high,2025-12-17,2025-12-17 15:00:00,нет сигнала,,,,,,,,,,,,,,,,,,,,,,,,,,,,,,,
LINKUSDT,high,2025-12-28,2025-12-28 15:00:00,сделка,,2025-12-29 13:00:00,12.371,5.472758871554443,22.0,3.872818551278992,0.4517766497461903,0.26291107549831105,0.4223444099131329,1.85672165112757,0.25,False,0.5166931637519834,3.139692405769385,False,False,True,7.0,0.3382395297141226,True,False,1.0,-1.0182723197471326,False,2.0,-1.0182723197471326,True,0.31903815903166166,0.30076583928452894,False,False
LINKUSDT,high,2026-01-13,2026-01-13 15:30:00,инвалидация,2026-01-14 00:00:00,,,,,,,,,,,,,,,,,,,,,,,,,,,,,,
LINKUSDT,high,2026-01-17,2026-01-17 15:45:00,сделка,,2026-01-19 00:00:00,13.3,4.540526315789472,32.25,0.20199105468186748,1.265765765765762,0.9306330623126721,3.9460395325349924,1.5365748088299016,96.0,True,-3.9466707067646314,3.2030010099552793,False,False,False,18.0,2.3447978936561307,False,True,1.0,0.9779761214790773,True,2.0,1.9779761214790772,,,,,
LINKUSDT,high,2026-01-27,2026-01-27 16:00:00,сделка,,2026-01-29 15:00:00,11.22,8.7093137254902,47.0,0.4865578096651909,1.449599999999998,0.9271529955944866,4.882071581725208,1.3607125185551638,36.5,False,3.662767244856788,5.154214085436253,False,False,False,9.0,2.3158357936317064,False,True,1.0,0.9885180390611809,True,2.0,1.9885180390611807,,,,,
LINKUSDT,high,2026-02-13,2026-02-13 14:45:00,инвалидация,2026-02-14 00:00:00,,,,,,,,,,,,,,,,,,,,,,,,,,,,,,
LINKUSDT,high,2026-02-20,2026-02-20 15:00:00,инвалидация,2026-02-21 00:00:00,,,,,,,,,,,,,,,,,,,,,,,,,,,,,,
LINKUSDT,high,2026-03-02,2026-03-02 16:00:00,сделка,,2026-03-03 09:00:00,8.646,7.301272264631047,17.0,0.6734738214208252,0.8308605341246278,0.8871034172490897,4.779491635889633,1.9226591353465088,0.75,True,-5.835673299963371,7.321312187703666,False,False,False,3.0,0.1489066450382423,True,False,1.0,-1.013696243117028,False,2.0,-1.013696243117028,False,0.1805889099399949,-1.013696243117028,False,True
LINKUSDT,high,2026-05-10,2026-05-10 15:45:00,инвалидация,2026-05-11 00:00:00,,,,,,,,,,,,,,,,,,,,,,,,,,,,,,
LINKUSDT,high,2026-05-25,2026-05-25 15:00:00,сделка,,2026-05-25 23:00:00,9.451,2.3983493810178635,8.0,0.22807381297945745,0.4826732673267335,0.860289057123201,1.6276176653535146,0.010366991499061225,8.75,True,0.18002753362278368,4.188264565623055,True,False,False,18.0,0.4279386591843667,True,False,1.0,-1.0416953429685711,False,2.0,-1.0416953429685711,False,0.9220533996858894,-1.0416953429685711,False,True
LINKUSDT,high,2026-05-26,2026-05-26 14:15:00,сделка,,2026-05-26 23:00:00,9.36,3.543611111111119,8.75,0.14480761274308154,1.0065359477124205,0.9286002858159297,3.1443938767066455,0.20686801820438122,66.25,False,1.370574187519465,3.1650806785270915,True,False,False,18.0,1.8541856356389521,False,True,1.0,0.971780199106373,False,2.0,-1.028219800893627,,,,,
LINKUSDT,high,2026-06-08,2026-06-08 14:45:00,сделка,,2026-06-09 16:00:00,7.717,5.366372942853429,25.25,1.0323383084577138,0.48137108792846467,0.7799615090202674,3.2960199004974973,0.4975124378109458,21.5,False,5.459976105137383,8.3457711442786,False,True,False,11.0,0.5819527048727073,False,False,1.0,-1.0186345602634965,False,2.0,-1.0186345602634965,False,0.8403300468701342,-1.0186345602634965,,
LINKUSDT,high,2026-06-12,2026-06-12 15:00:00,инвалидация,2026-06-14 00:00:00,,,,,,,,,,,,,,,,,,,,,,,,,,,,,,
LINKUSDT,high,2026-07-01,2026-07-01 14:15:00,инвалидация,2026-07-03 00:00:00,,,,,,,,,,,,,,,,,,,,,,,,,,,,,,
LINKUSDT,high,2026-07-04,2026-07-04 15:00:00,сделка,2026-07-06 00:00:00,2026-07-05 02:00:00,7.936,3.1019909274193536,11.0,1.7046161503048236,0.31562500000000154,0.41027890841437725,1.1571481896230043,1.3437849944008915,2.0,False,-9.702725020644097,3.9815851685952612,False,False,True,21.0,1.702048144808143,False,True,1.0,0.9677626394338963,False,2.0,-1.0322373605661037,True,0.8896146627994849,0.8573773022333812,,
LINKUSDT,high,2026-07-22,2026-07-22 14:00:00,нет сигнала,,,,,,,,,,,,,,,,,,,,,,,,,,,,,,,
LINKUSDT,high,2026-07-30,2026-07-30 13:45:00,сделка,,2026-07-31 08:00:00,8.294,3.0448275862068903,18.25,0.30545112781954653,0.6158192090395462,0.863236423825327,2.0441729323308415,0.9046052631578942,1.75,True,0.07197696737044418,4.158834586466177,False,False,False,3.0,1.6314376450276855,False,True,1.0,0.9671574178935447,False,2.0,-1.0328425821064553,True,0.5385328148635108,0.5056902327570555,,
LINKUSDT,high,2026-08-06,2026-08-06 15:30:00,нет сигнала,,,,,,,,,,,,,,,,,,,,,,,,,,,,,,,
LINKUSDT,high,2026-09-11,2026-09-11 13:45:00,нет сигнала,,,,,,,,,,,,,,,,,,,,,,,,,,,,,,,
LTCUSDT,low,2020-02-15,2020-02-15 15:45:00,инвалидация,2020-02-16 00:00:00,,,,,,,,,,,,,,,,,,,,,,,,,,,,,,
LTCUSDT,low,2020-02-16,2020-02-16 15:15:00,инвалидация,2020-02-18 00:00:00,,,,,,,,,,,,,,,,,,,,,,,,,,,,,,
LTCUSDT,low,2020-02-24,2020-02-24 15:00:00,инвалидация,2020-02-26 00:00:00,,,,,,,,,,,,,,,,,,,,,,,,,,,,,,
LTCUSDT,low,2020-02-25,2020-02-25 14:30:00,инвалидация,2020-02-26 00:00:00,,,,,,,,,,,,,,,,,,,,,,,,,,,,,,
LTCUSDT,low,2020-03-01,2020-03-01 16:30:00,инвалидация,2020-03-02 00:00:00,,,,,,,,,,,,,,,,,,,,,,,,,,,,,,
LTCUSDT,low,2020-03-04,2020-03-04 15:45:00,нет сигнала,,,,,,,,,,,,,,,,,,,,,,,,,,,,,,,
LTCUSDT,low,2020-03-22,2020-03-22 15:30:00,инвалидация,2020-03-23 00:00:00,,,,,,,,,,,,,,,,,,,,,,,,,,,,,,
LTCUSDT,low,2020-04-19,2020-04-19 14:00:00,инвалидация,2020-04-21 00:00:00,,,,,,,,,,,,,,,,,,,,,,,,,,,,,,
LTCUSDT,low,2020-04-26,2020-04-26 15:00:00,нет сигнала,,,,,,,,,,,,,,,,,,,,,,,,,,,,,,,
LTCUSDT,low,2020-05-03,2020-05-03 15:00:00,сделка,,2020-05-04 16:00:00,47.26,4.5390605162928575,25.0,3.442377592473822,0.16666666666666505,0.22842119002778064,1.0049176822749601,1.3042548642292053,1.5,True,10.532225465977987,6.286080821039122,False,True,True,11.0,0.2470678177851536,True,False,1.0,-1.0220309906953327,False,2.0,-1.0220309906953327,False,1.1421059501389166,-1.0220309906953327,False,False
LTCUSDT,low,2020-05-20,2020-05-20 15:45:00,инвалидация,2020-05-22 00:00:00,,,,,,,,,,,,,,,,,,,,,,,,,,,,,,
LTCUSDT,low,2020-05-21,2020-05-21 14:30:00,инвалидация,2020-05-22 00:00:00,,,,,,,,,,,,,,,,,,,,,,,,,,,,,,
LTCUSDT,low,2020-05-24,2020-05-24 13:45:00,инвалидация,2020-05-25 00:00:00,,,,,,,,,,,,,,,,,,,,,,,,,,,,,,
LTCUSDT,low,2020-06-02,2020-06-02 14:45:00,нет сигнала,,,,,,,,,,,,,,,,,,,,,,,,,,,,,,,
LTCUSDT,low,2020-07-02,2020-07-02 15:00:00,сделка,,2020-07-03 02:00:00,41.34,2.685703918722786,11.0,1.6845703124999944,0.3518518518518548,0.3422590901312317,0.8789062499999987,0.6103515625,0.5,True,-3.153988868274581,2.636718749999996,False,False,False,21.0,2.8821818116314013,False,True,1.0,0.9627658137209868,True,2.0,1.9627658137209867,True,0.630477271294366,0.5932430850153528,,
LTCUSDT,low,2020-07-12,2020-07-12 13:30:00,сделка,,2020-07-13 09:00:00,45.26,3.5653778170570005,19.5,0.273910066194943,1.4077669902912564,0.8985616816117081,2.921707372745951,1.2782469755763577,69.5,True,1.451576321161246,2.3510614015065077,False,False,False,4.0,0.260273038811669,True,False,1.0,-1.0280475184205145,False,2.0,-1.0280475184205145,,,,True,False
LTCUSDT,low,2020-07-27,2020-07-27 15:00:00,нет сигнала,,,,,,,,,,,,,,,,,,,,,,,,,,,,,,,
LTCUSDT,low,2020-08-07,2020-08-07 14:15:00,инвалидация,2020-08-08 00:00:00,,,,,,,,,,,,,,,,,,,,,,,,,,,,,,
LTCUSDT,low,2020-08-09,2020-08-09 14:00:00,нет сигнала,,,,,,,,,,,,,,,,,,,,,,,,,,,,,,,
LTCUSDT,low,2020-08-27,2020-08-27 14:00:00,инвалидация,2020-08-28 00:00:00,,,,,,,,,,,,,,,,,,,,,,,,,,,,,,
LTCUSDT,low,2020-10-06,2020-10-06 15:00:00,нет сигнала,,,,,,,,,,,,,,,,,,,,,,,,,,,,,,,
LTCUSDT,low,2020-10-13,2020-10-13 14:00:00,нет сигнала,,,,,,,,,,,,,,,,,,,,,,,,,,,,,,,
LTCUSDT,low,2020-10-26,2020-10-26 15:30:00,сделка,,2020-10-27 01:00:00,57.33,4.21240188383045,9.5,2.7939876215738257,0.22159090909090923,0.32298537870035743,0.8841732979664014,0.7073386383731186,1.0,False,25.474312513323394,6.224580017683472,False,False,False,20.0,1.3623357640053515,True,True,1.0,0.9762605746655237,False,2.0,-1.0237394253344763,True,1.1345896636397164,1.11085023830524,True,False
LTCUSDT,low,2020-10-28,2020-10-28 13:30:00,инвалидация,2020-10-29 00:00:00,,,,,,,,,,,,,,,,,,,,,,,,,,,,,,
LTCUSDT,low,2020-11-10,2020-11-10 15:15:00,нет сигнала,,,,,,,,,,,,,,,,,,,,,,,,,,,,,,,
LTCUSDT,low,2021-01-15,2021-01-15 15:00:00,инвалидация,2021-01-16 00:00:00,,,,,,,,,,,,,,,,,,,,,,,,,,,,,,
LTCUSDT,low,2021-01-31,2021-01-31 15:00:00,сделка,,2021-02-01 02:00:00,130.35,3.610103567318758,11.0,1.8188914910226375,0.2701080432172865,0.4781364155069201,1.5768930523028963,0.8196721311475499,0.0,False,-2.625054688639343,6.502732240437169,False,False,False,20.0,6.183897640556165,False,True,1.0,0.9722999636616324,True,2.0,1.9722999636616325,True,1.29203084723648,1.2643308108981126,,
LTCUSDT,low,2021-02-04,2021-02-04 15:15:00,нет сигнала,,,,,,,,,,,,,,,,,,,,,,,,,,,,,,,
LTCUSDT,low,2021-04-16,2021-04-16 13:45:00,нет сигнала,,,,,,,,,,,,,,,,,,,,,,,,,,,,,,,
LTCUSDT,low,2021-05-29,2021-05-29 15:00:00,инвалидация,2021-05-30 00:00:00,,,,,,,,,,,,,,,,,,,,,,,,,,,,,,
LTCUSDT,low,2021-06-30,2021-06-30 15:15:00,инвалидация,2021-07-02 00:00:00,,,,,,,,,,,,,,,,,,,,,,,,,,,,,,
LTCUSDT,low,2021-07-18,2021-07-18 14:30:00,инвалидация,2021-07-20 00:00:00,,,,,,,,,,,,,,,,,,,,,,,,,,,,,,
LTCUSDT,low,2021-08-12,2021-08-12 14:15:00,нет сигнала,,,,,,,,,,,,,,,,,,,,,,,,,,,,,,,
LTCUSDT,low,2021-10-22,2021-10-22 14:00:00,инвалидация,2021-10-23 00:00:00,,,,,,,,,,,,,,,,,,,,,,,,,,,,,,
LTCUSDT,low,2021-11-04,2021-11-04 15:15:00,нет сигнала,,,,,,,,,,,,,,,,,,,,,,,,,,,,,,,
LTCUSDT,low,2021-11-12,2021-11-12 16:00:00,сделка,,2021-11-13 15:00:00,260.44,6.463619259714334,23.0,2.821504005101029,0.4051981252662975,0.564933155517008,2.2237277328338516,1.2951819232455266,0.5,True,32.70456154546375,9.353206073406914,False,False,False,9.0,1.262337492611612,True,True,1.0000000000000018,0.9845287916905539,False,2.0,-1.015471208309448,True,0.8292814774992037,0.8138102691897557,True,False
LTCUSDT,low,2021-12-09,2021-12-09 14:30:00,инвалидация,2021-12-10 00:00:00,,,,,,,,,,,,,,,,,,,,,,,,,,,,,,
LTCUSDT,low,2021-12-15,2021-12-15 16:15:00,сделка,,2021-12-15 21:00:00,153.82,7.990943960473287,4.75,0.7635191930512774,1.2127192982456136,0.899796366156917,6.6475203138134,1.4850098066685378,48.5,True,-0.6284731410425963,6.388344073970304,True,False,False,15.0,0.22942366659697103,True,False,1.0,-1.0125141660978532,False,2.0,-1.0125141660978532,,,,False,True
LTCUSDT,low,2022-01-03,2022-01-03 16:15:00,инвалидация,2022-01-05 00:00:00,,,,,,,,,,,,,,,,,,,,,,,,,,,,,,
LTCUSDT,low,2022-02-18,2022-02-18 16:00:00,нет сигнала,,,,,,,,,,,,,,,,,,,,,,,,,,,,,,,
LTCUSDT,low,2022-03-03,2022-03-03 15:45:00,инвалидация,2022-03-05 00:00:00,,,,,,,,,,,,,,,,,,,,,,,,,,,,,,
LTCUSDT,low,2022-03-31,2022-03-31 14:00:00,инвалидация,2022-04-01 00:00:00,,,,,,,,,,,,,,,,,,,,,,,,,,,,,,
LTCUSDT,low,2022-04-04,2022-04-04 15:00:00,сделка,2022-04-06 00:00:00,2022-04-04 23:00:00,124.77,3.078504448184656,8.0,2.039329934450106,0.20100502512562865,0.3124145741398847,0.7526098567613554,0.1780367403091356,1.5,True,-0.6097560975609695,4.831269725661567,True,False,False,18.0,0.6690878796162535,True,False,0.9999999999999963,-1.0324833053461944,False,1.9999999999999962,-1.0324833053461944,False,1.2418479322060378,-1.0324833053461944,True,False
LTCUSDT,low,2022-04-24,2022-04-24 13:30:00,сделка,,2022-04-25 22:00:00,104.5,6.256516746411485,32.5,5.919600882663342,0.09183673469387627,0.041296653747441285,0.04797083373308755,2.2450350187086285,3.0,False,-5.4591240219444135,2.8206850235057064,False,False,True,17.0,0.13153748971407409,True,False,1.0,-1.0159833345059543,False,2.0,-1.0159833345059543,False,0.40837802039137006,-1.0159833345059543,False,False
LTCUSDT,low,2022-05-05,2022-05-05 15:00:00,инвалидация,2022-05-06 00:00:00,,,,,,,,,,,,,,,,,,,,,,,,,,,,,,
LTCUSDT,low,2022-05-18,2022-05-18 15:15:00,инвалидация,2022-05-19 00:00:00,,,,,,,,,,,,,,,,,,,,,,,,,,,,,,
LTCUSDT,low,2022-06-01,2022-06-01 14:30:00,инвалидация,2022-06-02 00:00:00,,,,,,,,,,,,,,,,,,,,,,,,,,,,,,
LTCUSDT,low,2022-08-17,2022-08-17 13:45:00,нет сигнала,,,,,,,,,,,,,,,,,,,,,,,,,,,,,,,
LTCUSDT,low,2022-08-30,2022-08-30 14:45:00,сделка,,2022-09-01 03:00:00,55.09,6.138609548012356,36.25,1.3155386081982932,0.6241134751773055,0.7806585919757745,4.5757864632983765,0.9532888465204956,0.5,True,-1.170005318205986,8.064823641563388,False,False,False,22.0,2.2532645722937117,False,True,1.0,0.983709665972748,True,2.0,1.983709665972748,True,0.47016937925813573,0.4538790452308837,,
LTCUSDT,low,2022-09-15,2022-09-15 15:00:00,инвалидация,2022-09-16 00:00:00,,,,,,,,,,,,,,,,,,,,,,,,,,,,,,
LTCUSDT,low,2022-11-09,2022-11-09 16:15:00,инвалидация,2022-11-10 00:00:00,,,,,,,,,,,,,,,,,,,,,,,,,,,,,,
LTCUSDT,low,2022-12-22,2022-12-22 15:00:00,сделка,,2022-12-23 00:00:00,66.16,3.044452841596139,9.0,0.5575344587269622,0.713004484304933,0.7893913742856996,2.13721542512004,1.0221465076660936,1.5,False,-1.283793988823432,3.453616230447583,True,False,False,18.0,2.899399764671999,False,True,1.0,0.9671533752687158,True,2.0,1.9671533752687158,True,0.31774243996405477,0.28489581523277063,,
LTCUSDT,low,2023-01-18,2023-01-18 15:45:00,инвалидация,2023-01-19 00:00:00,,,,,,,,,,,,,,,,,,,,,,,,,,,,,,
LTCUSDT,low,2023-03-15,2023-03-15 15:30:00,инвалидация,2023-03-16 00:00:00,,,,,,,,,,,,,,,,,,,,,,,,,,,,,,
LTCUSDT,low,2023-03-27,2023-03-27 14:45:00,инвалидация,2023-03-28 00:00:00,,,,,,,,,,,,,,,,,,,,,,,,,,,,,,
LTCUSDT,low,2023-04-05,2023-04-05 15:00:00,инвалидация,2023-04-07 00:00:00,,,,,,,,,,,,,,,,,,,,,,,,,,,,,,
LTCUSDT,low,2023-04-09,2023-04-09 14:15:00,сделка,,2023-04-11 03:00:00,94.83,6.167953179373629,36.75,0.13454423141608313,2.517857142857133,0.9642558560591665,5.6284336809059266,1.5136226034308717,95.0,False,-3.303561820725285,2.5114923197668,False,False,False,22.0,0.7779014441612064,False,False,1.0,-1.0162128338351224,False,2.0,-1.0162128338351224,,,,,
LTCUSDT,low,2023-06-20,2023-06-20 14:15:00,сделка,,2023-06-20 18:00:00,78.2,3.357608695652165,3.75,0.47362189185633397,1.2234636871508422,0.8340791803934277,1.61820813050913,0.026312327325346694,6.25,True,5.937884799562188,2.3549532956189867,True,False,False,13.0,5.952811684725701,False,True,1.0,0.9702168986727095,True,2.0,1.9702168986727095,,,,,
LTCUSDT,low,2023-07-06,2023-07-06 13:45:00,инвалидация,2023-07-07 00:00:00,,,,,,,,,,,,,,,,,,,,,,,,,,,,,,
LTCUSDT,low,2023-07-12,2023-07-12 15:45:00,сделка,,2023-07-13 05:00:00,96.62,2.705547505692411,13.25,1.4143530644316484,0.4090909090909098,0.44757277839409293,0.953378732320583,0.4295442640125684,0.0,True,1.575464762104821,2.996333158721843,False,False,False,0.0,2.983818522627281,True,True,1.0,0.9630389044030452,True,2.0,1.9630389044030452,True,0.6464940132359102,0.6095329176389552,True,False
LTCUSDT,low,2023-07-20,2023-07-20 14:45:00,нет сигнала,,,,,,,,,,,,,,,,,,,,,,,,,,,,,,,
LTCUSDT,low,2023-08-07,2023-08-07 15:30:00,сделка,,2023-08-08 00:00:00,82.46,4.497732233810322,8.5,3.3116644180056456,0.4793814432989658,0.2507529328656192,1.1038881393352211,0.4047589844229271,0.25,False,-12.117985305079326,2.379492211455903,True,False,False,19.0,0.8007916243127939,False,False,1.0,-1.0222334267140851,False,2.0,-1.0222334267140851,True,0.2723230776282567,0.2500896509141716,,
LTCUSDT,low,2023-08-15,2023-08-15 15:15:00,инвалидация,2023-08-16 00:00:00,,,,,,,,,,,,,,,,,,,,,,,,,,,,,,
LTCUSDT,low,2023-08-31,2023-08-31 15:30:00,инвалидация,2023-09-01 00:00:00,,,,,,,,,,,,,,,,,,,,,,,,,,,,,,
LTCUSDT,low,2023-09-01,2023-09-01 13:45:00,инвалидация,2023-09-02 00:00:00,,,,,,,,,,,,,,,,,,,,,,,,,,,,,,
LTCUSDT,low,2023-09-04,2023-09-04 15:00:00,инвалидация,2023-09-06 00:00:00,,,,,,,,,,,,,,,,,,,,,,,,,,,,,,
LTCUSDT,low,2023-10-17,2023-10-17 13:45:00,инвалидация,2023-10-19 00:00:00,,,,,,,,,,,,,,,,,,,,,,,,,,,,,,
LTCUSDT,low,2023-10-26,2023-10-26 14:30:00,инвалидация,2023-10-28 00:00:00,,,,,,,,,,,,,,,,,,,,,,,,,,,,,,
LTCUSDT,low,2023-10-31,2023-10-31 15:15:00,нет сигнала,,,,,,,,,,,,,,,,,,,,,,,,,,,,,,,
LTCUSDT,low,2023-11-09,2023-11-09 16:00:00,нет сигнала,,,,,,,,,,,,,,,,,,,,,,,,,,,,,,,
LTCUSDT,low,2023-11-13,2023-11-13 14:30:00,инвалидация,2023-11-14 00:00:00,,,,,,,,,,,,,,,,,,,,,,,,,,,,,,
LTCUSDT,low,2023-11-21,2023-11-21 15:00:00,инвалидация,2023-11-22 00:00:00,,,,,,,,,,,,,,,,,,,,,,,,,,,,,,
LTCUSDT,low,2023-12-15,2023-12-15 15:30:00,инвалидация,2023-12-16 00:00:00,,,,,,,,,,,,,,,,,,,,,,,,,,,,,,
LTCUSDT,low,2023-12-29,2023-12-29 16:45:00,инвалидация,2023-12-30 00:00:00,,,,,,,,,,,,,,,,,,,,,,,,,,,,,,
LTCUSDT,low,2024-01-15,2024-01-15 15:45:00,инвалидация,2024-01-16 00:00:00,,,,,,,,,,,,,,,,,,,,,,,,,,,,,,
LTCUSDT,low,2024-01-16,2024-01-16 14:30:00,нет сигнала,,,,,,,,,,,,,,,,,,,,,,,,,,,,,,,
LTCUSDT,low,2024-01-25,2024-01-25 15:30:00,нет сигнала,,,,,,,,,,,,,,,,,,,,,,,,,,,,,,,
LTCUSDT,low,2024-02-16,2024-02-16 15:00:00,нет сигнала,,,,,,,,,,,,,,,,,,,,,,,,,,,,,,,
LTCUSDT,low,2024-02-17,2024-02-17 14:30:00,нет сигнала,,,,,,,,,,,,,,,,,,,,,,,,,,,,,,,
LTCUSDT,low,2024-03-08,2024-03-08 15:30:00,нет сигнала,,,,,,,,,,,,,,,,,,,,,,,,,,,,,,,
LTCUSDT,low,2024-03-10,2024-03-10 14:30:00,сделка,,2024-03-11 08:00:00,90.24,8.336436170212771,17.5,4.476234425473015,0.8109339407744873,0.47322805338437635,1.3613290263036368,0.06922011998154391,0.75,True,1.954397394136802,5.064605445316089,False,False,False,3.0,2.0763545488381983,False,True,1.0,0.9880044664220768,True,2.0,1.9880044664220768,True,0.11033125963736878,0.09833572605944568,,
LTCUSDT,low,2024-03-14,2024-03-14 13:30:00,инвалидация,2024-03-16 00:00:00,,,,,,,,,,,,,,,,,,,,,,,,,,,,,,
LTCUSDT,low,2024-03-26,2024-03-26 14:30:00,нет сигнала,,,,,,,,,,,,,,,,,,,,,,,,,,,,,,,
LTCUSDT,low,2024-04-01,2024-04-01 14:30:00,инвалидация,2024-04-02 00:00:00,,,,,,,,,,,,,,,,,,,,,,,,,,,,,,
LTCUSDT,low,2024-05-06,2024-05-06 14:45:00,сделка,,2024-05-08 14:00:00,81.84,3.237133431085046,47.25,1.3318396813542537,1.071428571428578,0.5661937061907617,1.4563106796116525,0.44809559372666097,6.25,False,2.329094800453222,1.742593975603674,False,False,False,9.0,0.611489202686019,True,False,1.0,-1.030891528609768,False,2.0,-1.030891528609768,,,,False,True
LTCUSDT,low,2024-05-10,2024-05-10 14:45:00,инвалидация,2024-05-11 00:00:00,,,,,,,,,,,,,,,,,,,,,,,,,,,,,,
LTCUSDT,low,2024-05-14,2024-05-14 14:15:00,инвалидация,2024-05-15 00:00:00,,,,,,,,,,,,,,,,,,,,,,,,,,,,,,
LTCUSDT,low,2024-08-02,2024-08-02 14:45:00,инвалидация,2024-08-03 00:00:00,,,,,,,,,,,,,,,,,,,,,,,,,,,,,,
LTCUSDT,low,2024-08-07,2024-08-07 14:30:00,сделка,,2024-08-08 03:00:00,58.34,5.630973603016803,12.5,1.5189421015010747,0.719033232628399,0.7244810676050423,3.4131522516082855,1.3938527519656791,8.5,True,-16.27840092033363,5.914939242315944,False,False,False,22.0,1.2937161921518598,False,True,1.0,0.982241081729379,False,2.0,-1.017758918270621,True,0.28309554322381864,0.2653366249531976,,
LTCUSDT,low,2024-08-11,2024-08-11 14:45:00,инвалидация,2024-08-12 00:00:00,,,,,,,,,,,,,,,,,,,,,,,,,,,,,,
LTCUSDT,low,2024-09-06,2024-09-06 14:00:00,инвалидация,2024-09-07 00:00:00,,,,,,,,,,,,,,,,,,,,,,,,,,,,,,
LTCUSDT,low,2024-09-09,2024-09-09 14:30:00,сделка,,2024-09-11 07:00:00,61.73,3.563243155677942,40.5,0.40113655356843536,0.7786885245901618,0.863797344050484,3.158950359351497,0.885843222463649,22.5,False,-5.347427327840817,4.0782216279458545,False,False,False,2.0,2.2776972072068036,False,True,1.0,0.9719356789219809,True,2.000000000000003,1.971935678921984,True,0.2455002977827722,0.217435976704753,,
LTCUSDT,low,2024-09-11,2024-09-11 13:45:00,сделка,,2024-09-11 17:00:00,61.76,2.8336625647668408,3.25,0.38142620232171953,1.0068965517241366,0.8342523441919467,2.3548922056384773,0.878938640132672,70.0,True,-6.847447356461147,2.4046434494195736,True,False,False,12.0,2.8456004616958146,False,True,1.0,0.9647099830292503,True,2.000000000000004,1.9647099830292543,,,,,
LTCUSDT,low,2024-09-20,2024-09-20 15:00:00,сделка,,2024-09-21 09:00:00,65.81,2.4073697006533896,18.0,0.5722239406124194,0.8333333333333316,0.7258772068245136,1.7012063099288721,0.030931023816904164,2.0,True,-0.758955676988464,2.1342406433653105,False,False,False,4.0,2.202879523319597,False,True,1.0,0.9584608878425035,True,2.0,1.9584608878425034,True,0.14517544136490454,0.103636329207408,,
LTCUSDT,low,2024-10-01,2024-10-01 14:30:00,инвалидация,2024-10-02 00:00:00,,,,,,,,,,,,,,,,,,,,,,,,,,,,,,
LTCUSDT,low,2024-10-13,2024-10-13 14:45:00,инвалидация,2024-10-14 00:00:00,,,,,,,,,,,,,,,,,,,,,,,,,,,,,,
LTCUSDT,low,2024-12-17,2024-12-17 15:15:00,сделка,2024-12-19 00:00:00,2024-12-17 18:00:00,129.31,11.70388214368571,2.75,0.9275312066574143,1.5997706422018354,0.9217478983156798,5.695214979195568,0.13869625520111895,76.0,False,0.6224950967852,7.558945908460471,True,False,False,12.0,0.07136112761153543,True,False,1.0,-1.0085441735291183,False,2.0,-1.0085441735291183,,,,True,False
LTCUSDT,low,2024-12-27,2024-12-27 15:15:00,инвалидация,2024-12-28 00:00:00,,,,,,,,,,,,,,,,,,,,,,,,,,,,,,
LTCUSDT,low,2025-02-06,2025-02-06 16:15:00,сделка,,2025-02-07 14:00:00,107.06,7.23838034746872,21.75,0.9663279537756515,0.7405764966740576,0.8620011071810624,5.778043434947213,3.377166766288106,3.0,True,-19.295367549410194,8.985853755728243,False,False,False,8.0,3.2299233102907143,False,True,1.0,0.9861847547103586,True,2.0,1.9861847547103586,True,0.30195847167719864,0.28814322638755724,,
LTCUSDT,low,2025-04-14,2025-04-14 15:45:00,инвалидация,2025-04-16 00:00:00,,,,,,,,,,,,,,,,,,,,,,,,,,,,,,
LTCUSDT,low,2025-04-15,2025-04-15 15:45:00,инвалидация,2025-04-16 00:00:00,,,,,,,,,,,,,,,,,,,,,,,,,,,,,,
LTCUSDT,low,2025-05-14,2025-05-14 14:15:00,сделка,2025-05-16 00:00:00,2025-05-14 21:00:00,101.21,2.7650528603892828,6.75,0.815545710833657,0.33570159857904036,0.675359387674157,1.711639146194123,0.40273862263390203,1.25,False,8.890761613820706,5.668546113572302,True,False,False,16.0,0.23583978617193163,True,False,1.0,-1.0361656738764558,False,2.0,-1.0361656738764558,False,1.3364254549742607,-1.0361656738764558,True,False
LTCUSDT,low,2025-06-22,2025-06-22 13:30:00,сделка,,2025-06-23 01:00:00,80.24,5.241911764705877,11.5,2.834163155878972,0.33217391304347765,0.4541012954963134,2.3873356313034657,1.1745180645984958,4.25,False,-7.433056325023081,7.340737903740585,False,False,False,20.0,1.3480389243267552,False,True,1.0,0.9809229906017674,False,2.0,-1.0190770093982326,True,0.9129575783800251,0.8938805689817926,,
LTCUSDT,low,2025-06-26,2025-06-26 14:00:00,нет сигнала,,,,,,,,,,,,,,,,,,,,,,,,,,,,,,,
LTCUSDT,low,2025-07-01,2025-07-01 14:30:00,инвалидация,2025-07-02 00:00:00,,,,,,,,,,,,,,,,,,,,,,,,,,,,,,
LTCUSDT,low,2025-07-04,2025-07-04 14:15:00,инвалидация,2025-07-05 00:00:00,,,,,,,,,,,,,,,,,,,,,,,,,,,,,,
LTCUSDT,low,2025-07-07,2025-07-07 14:30:00,инвалидация,2025-07-08 00:00:00,,,,,,,,,,,,,,,,,,,,,,,,,,,,,,
LTCUSDT,low,2025-07-19,2025-07-19 14:15:00,сделка,,2025-07-19 17:00:00,101.88,2.3356890459363924,2.75,0.4199160167966424,0.15097402597402584,0.7816439737771064,1.7096580683863307,0.169966006798642,2.5,True,7.537794692885077,12.317536492701468,True,False,False,12.0,8.61069087241555,False,True,1.0,0.9571860816944023,True,2.0,1.9571860816944024,True,4.39569675575728,4.352882837451682,,
LTCUSDT,low,2025-07-23,2025-07-23 13:30:00,инвалидация,2025-07-24 00:00:00,,,,,,,,,,,,,,,,,,,,,,,,,,,,,,
LTCUSDT,low,2025-08-15,2025-08-15 13:45:00,инвалидация,2025-08-16 00:00:00,,,,,,,,,,,,,,,,,,,,,,,,,,,,,,
LTCUSDT,low,2025-08-20,2025-08-20 14:15:00,нет сигнала,,,,,,,,,,,,,,,,,,,,,,,,,,,,,,,
LTCUSDT,low,2025-09-19,2025-09-19 15:00:00,инвалидация,2025-09-20 00:00:00,,,,,,,,,,,,,,,,,,,,,,,,,,,,,,
LTCUSDT,low,2025-10-28,2025-10-28 14:45:00,инвалидация,2025-10-29 00:00:00,,,,,,,,,,,,,,,,,,,,,,,,,,,,,,
LTCUSDT,low,2025-11-16,2025-11-16 16:45:00,инвалидация,2025-11-17 00:00:00,,,,,,,,,,,,,,,,,,,,,,,,,,,,,,
LTCUSDT,low,2025-11-20,2025-11-20 16:00:00,инвалидация,2025-11-21 00:00:00,,,,,,,,,,,,,,,,,,,,,,,,,,,,,,
LTCUSDT,low,2025-12-07,2025-12-07 14:45:00,сделка,,2025-12-07 19:00:00,83.11,4.054650463241492,4.25,0.037570444583595666,1.249042145593872,0.9674107222344223,3.969943644333127,0.07514088916719133,50.75,True,5.382034073309243,3.268628678772698,True,False,False,13.0,1.3086752408140467,False,True,1.0,0.975336961618128,False,2.0,-1.024663038381872,,,,,
LTCUSDT,low,2025-12-15,2025-12-15 15:15:00,инвалидация,2025-12-16 00:00:00,,,,,,,,,,,,,,,,,,,,,,,,,,,,,,
LTCUSDT,low,2025-12-17,2025-12-17 16:15:00,инвалидация,2025-12-18 00:00:00,,,,,,,,,,,,,,,,,,,,,,,,,,,,,,
LTCUSDT,low,2025-12-31,2025-12-31 15:30:00,инвалидация,2026-01-01 00:00:00,,,,,,,,,,,,,,,,,,,,,,,,,,,,,,
LTCUSDT,low,2026-01-07,2026-01-07 16:30:00,нет сигнала,,,,,,,,,,,,,,,,,,,,,,,,,,,,,,,
LTCUSDT,low,2026-01-23,2026-01-23 14:45:00,сделка,,2026-01-25 14:00:00,70.17,4.74121419410004,47.25,0.14923145799135729,1.210727969348658,0.9498303230324832,4.447097448142053,0.14923145799133608,78.75,False,-8.987713675213662,3.894941053574092,False,False,False,8.0,0.03005792161495032,True,False,1.0,-1.021091643597212,False,2.0,-1.021091643597212,,,,True,True
LTCUSDT,low,2026-01-28,2026-01-28 15:00:00,инвалидация,2026-01-30 00:00:00,,,,,,,,,,,,,,,,,,,,,,,,,,,,,,
LTCUSDT,low,2026-02-17,2026-02-17 15:30:00,нет сигнала,,,,,,,,,,,,,,,,,,,,,,,,,,,,,,,
LTCUSDT,low,2026-02-27,2026-02-27 16:00:00,сделка,2026-03-01 00:00:00,2026-02-28 21:00:00,54.72,6.069901315789472,29.0,5.38801029790364,0.12781954887217922,0.10236493097893885,0.18389113644721278,3.861713865391678,2.0,False,1.3121924548933952,4.891504229496132,False,False,True,15.0,0.8731126465850757,False,False,1.0,-1.0164747324210812,False,2.0,-1.0164747324210812,True,0.698490117268061,0.6820153848469799,,
LTCUSDT,low,2026-05-07,2026-05-07 15:15:00,нет сигнала,,,,,,,,,,,,,,,,,,,,,,,,,,,,,,,
LTCUSDT,low,2026-05-13,2026-05-13 14:00:00,инвалидация,2026-05-14 00:00:00,,,,,,,,,,,,,,,,,,,,,,,,,,,,,,
LTCUSDT,low,2026-05-15,2026-05-15 13:45:00,инвалидация,2026-05-17 00:00:00,,,,,,,,,,,,,,,,,,,,,,,,,,,,,,
LTCUSDT,low,2026-05-31,2026-05-31 14:15:00,инвалидация,2026-06-02 00:00:00,,,,,,,,,,,,,,,,,,,,,,,,,,,,,,
LTCUSDT,low,2026-06-09,2026-06-09 15:30:00,инвалидация,2026-06-11 00:00:00,,,,,,,,,,,,,,,,,,,,,,,,,,,,,,
LTCUSDT,low,2026-06-16,2026-06-16 14:15:00,нет сигнала,,,,,,,,,,,,,,,,,,,,,,,,,,,,,,,
LTCUSDT,low,2026-06-25,2026-06-25 13:45:00,сделка,,2026-06-26 08:00:00,41.86,6.328834209268996,18.25,0.10180707559175146,0.8290322580645159,0.9700858733603843,6.286586917790784,1.8325273606515626,21.75,False,-6.497046796910509,7.89004835836091,False,False,False,3.0,0.585071246579219,False,False,1.0,-1.0158006983108427,False,2.0,-1.0158006983108427,True,0.20005661979805633,0.18425592148721365,,
LTCUSDT,low,2026-07-23,2026-07-23 15:00:00,сделка,,2026-07-23 21:00:00,47.38,2.67235120303927,6.0,0.28083819399438875,0.8195488721804547,0.860870664055094,2.2467055519550643,0.3672499459926587,43.25,True,4.40948371371592,2.8731907539425325,True,False,False,16.0,0.11846844000758026,True,False,1.0,-1.0374202312503946,False,2.0,-1.0374202312503946,False,0.18954950401212617,-1.0374202312503946,False,True
LTCUSDT,low,2026-07-27,2026-07-27 14:30:00,инвалидация,2026-07-28 00:00:00,,,,,,,,,,,,,,,,,,,,,,,,,,,,,,
LTCUSDT,low,2026-08-11,2026-08-11 14:15:00,инвалидация,2026-08-13 00:00:00,,,,,,,,,,,,,,,,,,,,,,,,,,,,,,
LTCUSDT,low,2026-08-26,2026-08-26 15:00:00,нет сигнала,,,,,,,,,,,,,,,,,,,,,,,,,,,,,,,
LTCUSDT,low,2026-09-23,2026-09-23 14:00:00,сделка,,2026-09-24 03:00:00,65.79,11.41258549931601,13.0,2.327138791227178,1.4889434889434912,0.8071025020177571,5.709023941068146,0.18416206261510035,2.0,True,16.768688554999084,6.8139963167587485,False,False,False,22.0,1.2253041284757995,False,True,1.0,0.9912377436290845,False,2.0,-1.0087622563709155,,,,,
LTCUSDT,high,2020-02-18,2020-02-18 16:30:00,инвалидация,2020-02-19 00:00:00,,,,,,,,,,,,,,,,,,,,,,,,,,,,,,
LTCUSDT,high,2020-04-12,2020-04-12 15:45:00,сделка,,2020-04-12 23:00:00,42.66,2.30567276136897,7.25,0.9259259259259226,0.3033707865168572,0.549003660024405,0.8333333333333319,0.46296296296295303,1.0,False,5.612244897959187,4.120370370370373,True,False,False,18.0,4.869865799105313,True,True,1.0,0.9566287108580726,True,2.0,1.9566287108580724,True,1.2606750711671324,1.2173037820252048,False,False
LTCUSDT,high,2020-04-23,2020-04-23 14:00:00,инвалидация,2020-04-24 00:00:00,,,,,,,,,,,,,,,,,,,,,,,,,,,,,,
LTCUSDT,high,2020-07-30,2020-07-30 13:45:00,инвалидация,2020-08-01 00:00:00,,,,,,,,,,,,,,,,,,,,,,,,,,,,,,
LTCUSDT,high,2020-08-06,2020-08-06 15:00:00,сделка,,2020-08-07 15:00:00,58.73,4.258760429082244,24.0,2.1543086172344674,0.37459283387622333,0.4597848207039125,1.870407481629934,0.6513026052104217,17.25,False,-1.185159738921329,5.126920507682032,False,True,False,10.0,2.8866490482454186,False,True,1.0,0.9765189891130951,True,2.0,1.976518989113095,True,0.7676407441317437,0.7441597332448388,,
LTCUSDT,high,2020-09-01,2020-09-01 15:45:00,сделка,,2020-09-02 11:00:00,60.72,6.331521739130428,19.25,1.1447389054414252,0.9561128526645767,0.793341136688778,2.9794574251215393,0.2352203230359192,14.25,True,-4.828178694158066,5.002352203230367,False,False,False,6.0,4.073351541162703,False,True,1.0,0.984206008583691,True,2.0,1.984206008583691,True,0.03641565873325548,0.02062166731694645,,
LTCUSDT,high,2020-10-06,2020-10-06 15:15:00,нет сигнала,,,,,,,,,,,,,,,,,,,,,,,,,,,,,,,
LTCUSDT,high,2020-10-08,2020-10-08 14:30:00,инвалидация,2020-10-09 00:00:00,,,,,,,,,,,,,,,,,,,,,,,,,,,,,,
LTCUSDT,high,2020-10-12,2020-10-12 13:45:00,нет сигнала,,,,,,,,,,,,,,,,,,,,,,,,,,,,,,,
LTCUSDT,high,2020-10-25,2020-10-25 14:30:00,сделка,,2020-10-26 16:00:00,56.25,6.897902222222228,25.5,0.5692281935375915,0.7160493827160488,0.8968910354710079,4.3194374686087365,0.6361962163067179,27.0,False,-23.411789210581134,8.13661476644902,False,True,False,11.0,0.32989095557554377,True,False,1.0,-1.0144971611336908,False,2.0,-1.0144971611336908,False,0.35566368647988345,-1.0144971611336908,False,True
LTCUSDT,high,2020-11-21,2020-11-21 14:45:00,инвалидация,2020-11-22 00:00:00,,,,,,,,,,,,,,,,,,,,,,,,,,,,,,
LTCUSDT,high,2020-11-28,2020-11-28 16:00:00,инвалидация,2020-11-30 00:00:00,,,,,,,,,,,,,,,,,,,,,,,,,,,,,,
LTCUSDT,high,2021-01-02,2021-01-02 16:45:00,инвалидация,2021-01-03 00:00:00,,,,,,,,,,,,,,,,,,,,,,,,,,,,,,
LTCUSDT,high,2021-01-08,2021-01-08 16:15:00,сделка,,2021-01-08 21:00:00,165.06,10.676420695504667,4.75,0.20315159501455254,0.8408866995073895,0.9686480351822948,8.900236095096915,0.790644045462047,4.25,False,-23.75984826378756,11.145884807555035,True,False,False,15.0,0.08852319477940145,True,False,1.0,-1.0093664349553129,False,2.0,-1.0093664349553129,False,0.18328840970350344,-1.0093664349553129,False,True
LTCUSDT,high,2021-04-21,2021-04-21 15:00:00,сделка,,2021-04-21 22:00:00,262.9,5.605690376569047,7.0,1.597069597069602,0.2595733744538685,0.6853330582953804,3.2344322344322287,0.4725274725274592,0.0,True,8.818286672957958,14.252747252747252,True,False,False,17.0,0.7918650287432735,True,False,1.0,-1.017839015943154,False,2.0,-1.017839015943154,False,1.9548955850980045,-1.017839015943154,False,True
LTCUSDT,high,2021-07-21,2021-07-21 14:00:00,инвалидация,2021-07-22 00:00:00,,,,,,,,,,,,,,,,,,,,,,,,,,,,,,
LTCUSDT,high,2021-08-04,2021-08-04 15:15:00,сделка,2021-08-06 00:00:00,2021-08-05 10:00:00,137.68,5.102091807088907,18.75,0.9215302987992132,0.7183462532299736,0.7915086496520772,3.7349902261938164,2.904216699246038,6.5,True,2.058137067685124,5.4035185702317845,False,False,False,5.0,0.2291958499891825,True,False,1.0,-1.019599804115845,False,2.0,-1.019599804115845,False,0.3103397223455995,-1.019599804115845,True,False
LTCUSDT,high,2021-08-09,2021-08-09 13:30:00,инвалидация,2021-08-10 00:00:00,,,,,,,,,,,,,,,,,,,,,,,,,,,,,,
LTCUSDT,high,2021-09-13,2021-09-13 13:30:00,нет сигнала,,,,,,,,,,,,,,,,,,,,,,,,,,,,,,,
LTCUSDT,high,2021-10-15,2021-10-15 15:45:00,инвалидация,2021-10-16 00:00:00,,,,,,,,,,,,,,,,,,,,,,,,,,,,,,
LTCUSDT,high,2021-11-01,2021-11-01 15:30:00,инвалидация,2021-11-02 00:00:00,,,,,,,,,,,,,,,,,,,,,,,,,,,,,,
LTCUSDT,high,2021-11-21,2021-11-21 16:30:00,сделка,,2021-11-22 20:00:00,206.63,11.896133184919897,27.5,1.3559173285356987,1.3913612565445046,0.8648963548239332,8.289086840142168,0.008776163938746867,53.0,False,13.830596107055971,6.704989249199163,False,False,False,14.0,0.7098984662124944,False,False,1.0,-1.0084060928408876,False,2.0,-1.0084060928408876,,,,,
LTCUSDT,high,2022-01-02,2022-01-02 15:15:00,инвалидация,2022-01-03 00:00:00,,,,,,,,,,,,,,,,,,,,,,,,,,,,,,
LTCUSDT,high,2022-01-04,2022-01-04 14:45:00,нет сигнала,,,,,,,,,,,,,,,,,,,,,,,,,,,,,,,
LTCUSDT,high,2022-01-11,2022-01-11 16:15:00,инвалидация,2022-01-12 00:00:00,,,,,,,,,,,,,,,,,,,,,,,,,,,,,,
LTCUSDT,high,2022-03-24,2022-03-24 15:30:00,инвалидация,2022-03-25 00:00:00,,,,,,,,,,,,,,,,,,,,,,,,,,,,,,
LTCUSDT,high,2022-04-15,2022-04-15 14:45:00,инвалидация,2022-04-17 00:00:00,,,,,,,,,,,,,,,,,,,,,,,,,,,,,,
LTCUSDT,high,2022-04-21,2022-04-21 13:30:00,сделка,,2022-04-21 20:00:00,109.22,4.93911371543674,6.5,0.30661410424879043,1.392655367231638,0.9138937807025673,3.162505475251861,0.47306176084099166,61.5,True,-0.8660351826793036,3.1011826544021077,True,False,False,15.0,2.068773751042725,False,True,1.0,0.9797534525906015,True,2.0,1.9797534525906015,,,,,
LTCUSDT,high,2022-06-21,2022-06-21 14:45:00,нет сигнала,,,,,,,,,,,,,,,,,,,,,,,,,,,,,,,
LTCUSDT,high,2022-07-07,2022-07-07 14:30:00,инвалидация,2022-07-08 00:00:00,,,,,,,,,,,,,,,,,,,,,,,,,,,,,,
LTCUSDT,high,2022-07-20,2022-07-20 14:15:00,сделка,,2022-07-20 21:00:00,57.04,8.330522440392699,6.75,3.5564502600234817,0.6710182767624024,0.540855646259363,3.707431638986749,0.38584130179500753,22.75,True,-12.829011503216996,6.425096460325445,True,False,False,16.0,0.5471691362935193,False,False,1.0,-1.0120040490516087,False,2.0,-1.0120040490516087,True,0.2651665814345511,0.2531625323829425,,
LTCUSDT,high,2022-08-04,2022-08-04 13:30:00,инвалидация,2022-08-06 00:00:00,,,,,,,,,,,,,,,,,,,,,,,,,,,,,,
LTCUSDT,high,2022-10-03,2022-10-03 14:00:00,инвалидация,2022-10-04 00:00:00,,,,,,,,,,,,,,,,,,,,,,,,,,,,,,
LTCUSDT,high,2022-10-20,2022-10-20 15:00:00,сделка,,2022-10-20 19:00:00,50.94,2.340164899882209,4.0,0.17311021350258954,0.8076923076923084,0.8808133682303259,1.4618195806886038,0.19234468166955457,7.0,True,0.7218103784627341,2.500480861704182,True,False,False,14.0,1.207972619287297,True,True,1.0,0.9572679685927118,False,2.0,-1.042732031407288,True,0.2097174686262672,0.166985437218979,True,False
LTCUSDT,high,2022-11-15,2022-11-15 15:30:00,сделка,,2022-11-16 09:00:00,58.07,3.668228000688819,17.5,1.5192437542201191,0.20034246575342482,0.5492596730731328,1.0465901417960914,0.7427413909520676,2.0,True,-11.848341232227488,9.858203916272794,False,False,False,3.0,0.6619283239599301,True,False,1.0,-1.0272611189874845,False,2.0,-1.0272611189874845,False,2.192344165172246,-1.0272611189874845,True,False
LTCUSDT,high,2022-11-17,2022-11-17 16:00:00,инвалидация,2022-11-18 00:00:00,,,,,,,,,,,,,,,,,,,,,,,,,,,,,,
LTCUSDT,high,2022-12-25,2022-12-25 14:45:00,инвалидация,2022-12-26 00:00:00,,,,,,,,,,,,,,,,,,,,,,,,,,,,,,
LTCUSDT,high,2023-01-08,2023-01-08 16:00:00,инвалидация,2023-01-09 00:00:00,,,,,,,,,,,,,,,,,,,,,,,,,,,,,,
LTCUSDT,high,2023-01-17,2023-01-17 16:15:00,сделка,,2023-01-18 16:00:00,84.94,5.473863903932191,23.75,0.23518871094186777,0.7201986754966894,0.9355844714485441,4.490984432747234,0.7055661328256193,88.25,True,-2.211915804495183,6.764475305185358,False,True,False,10.0,0.7097537369609624,True,False,1.0,-1.0182686310355953,False,2.0,-1.0182686310355953,True,0.36347994408000783,0.3452113130444126,False,False
LTCUSDT,high,2023-02-14,2023-02-14 15:00:00,инвалидация,2023-02-15 00:00:00,,,,,,,,,,,,,,,,,,,,,,,,,,,,,,
LTCUSDT,high,2023-04-10,2023-04-10 14:30:00,инвалидация,2023-04-11 00:00:00,,,,,,,,,,,,,,,,,,,,,,,,,,,,,,
LTCUSDT,high,2023-05-02,2023-05-02 14:15:00,сделка,2023-05-04 00:00:00,2023-05-03 13:00:00,86.18,3.549721513112094,22.75,0.36023865811100686,0.7010582010581986,0.8662536979226221,1.6661037937633727,0.23640661938535176,6.25,True,1.5442261837174969,4.255319148936172,False,False,False,8.0,0.2876616053478937,True,False,1.0,-1.0281712240328196,False,2.0,-1.0281712240328196,False,0.3693836523217262,-1.0281712240328196,False,True
LTCUSDT,high,2023-06-23,2023-06-23 15:30:00,инвалидация,2023-06-24 00:00:00,,,,,,,,,,,,,,,,,,,,,,,,,,,,,,
LTCUSDT,high,2023-07-28,2023-07-28 15:00:00,инвалидация,2023-07-30 00:00:00,,,,,,,,,,,,,,,,,,,,,,,,,,,,,,
LTCUSDT,high,2023-08-27,2023-08-27 14:15:00,нет сигнала,,,,,,,,,,,,,,,,,,,,,,,,,,,,,,,
LTCUSDT,high,2023-08-29,2023-08-29 14:15:00,инвалидация,2023-08-30 00:00:00,,,,,,,,,,,,,,,,,,,,,,,,,,,,,,
LTCUSDT,high,2023-11-24,2023-11-24 15:15:00,инвалидация,2023-11-25 00:00:00,,,,,,,,,,,,,,,,,,,,,,,,,,,,,,
LTCUSDT,high,2024-02-02,2024-02-02 15:15:00,инвалидация,2024-02-04 00:00:00,,,,,,,,,,,,,,,,,,,,,,,,,,,,,,
LTCUSDT,high,2024-02-06,2024-02-06 16:15:00,инвалидация,2024-02-07 00:00:00,,,,,,,,,,,,,,,,,,,,,,,,,,,,,,
LTCUSDT,high,2024-02-15,2024-02-15 14:30:00,нет сигнала,,,,,,,,,,,,,,,,,,,,,,,,,,,,,,,
LTCUSDT,high,2024-02-26,2024-02-26 14:45:00,инвалидация,2024-02-27 00:00:00,,,,,,,,,,,,,,,,,,,,,,,,,,,,,,
LTCUSDT,high,2024-02-28,2024-02-28 16:45:00,инвалидация,2024-03-01 00:00:00,,,,,,,,,,,,,,,,,,,,,,,,,,,,,,
LTCUSDT,high,2024-03-25,2024-03-25 14:15:00,инвалидация,2024-03-27 00:00:00,,,,,,,,,,,,,,,,,,,,,,,,,,,,,,
LTCUSDT,high,2024-05-27,2024-05-27 14:00:00,нет сигнала,,,,,,,,,,,,,,,,,,,,,,,,,,,,,,,
LTCUSDT,high,2024-06-09,2024-06-09 14:45:00,инвалидация,2024-06-10 00:00:00,,,,,,,,,,,,,,,,,,,,,,,,,,,,,,
LTCUSDT,high,2024-06-29,2024-06-29 13:30:00,инвалидация,2024-06-30 00:00:00,,,,,,,,,,,,,,,,,,,,,,,,,,,,,,
LTCUSDT,high,2024-08-08,2024-08-08 15:45:00,инвалидация,2024-08-09 00:00:00,,,,,,,,,,,,,,,,,,,,,,,,,,,,,,
LTCUSDT,high,2024-09-17,2024-09-17 15:15:00,инвалидация,2024-09-18 00:00:00,,,,,,,,,,,,,,,,,,,,,,,,,,,,,,
LTCUSDT,high,2024-09-21,2024-09-21 15:15:00,инвалидация,2024-09-22 00:00:00,,,,,,,,,,,,,,,,,,,,,,,,,,,,,,
LTCUSDT,high,2024-10-14,2024-10-14 13:45:00,инвалидация,2024-10-15 00:00:00,,,,,,,,,,,,,,,,,,,,,,,,,,,,,,
LTCUSDT,high,2024-11-11,2024-11-11 15:00:00,инвалидация,2024-11-12 00:00:00,,,,,,,,,,,,,,,,,,,,,,,,,,,,,,
LTCUSDT,high,2024-12-01,2024-12-01 15:00:00,инвалидация,2024-12-02 00:00:00,,,,,,,,,,,,,,,,,,,,,,,,,,,,,,
LTCUSDT,high,2025-01-02,2025-01-02 14:30:00,инвалидация,2025-01-04 00:00:00,,,,,,,,,,,,,,,,,,,,,,,,,,,,,,
LTCUSDT,high,2025-01-09,2025-01-09 15:45:00,сделка,,2025-01-11 14:00:00,102.86,3.3893058526152,46.25,1.2195121951219523,0.2681992337164744,0.6023681674239287,1.638719512195121,0.12385670731708238,15.5,True,10.086941092973746,7.45998475609756,False,False,False,8.0,3.080682913396671,True,True,1.0,0.970495433475607,True,2.0,1.9704954334756069,True,1.6436045711138683,1.6141000045894751,True,False
LTCUSDT,high,2025-02-05,2025-02-05 14:45:00,сделка,,2025-02-05 18:00:00,103.33,5.980257427658958,3.25,0.6347162174593064,0.5213178294573643,0.8706346894520495,4.783368595345404,1.0302640051513112,2.75,True,22.335844994617865,9.493146904608587,True,False,False,12.0,0.26539793507460274,True,False,1.0,-1.0167216881897918,False,2.0,-1.0167216881897918,False,0.7994303654076442,-1.0167216881897918,True,False
LTCUSDT,high,2025-02-15,2025-02-15 15:00:00,сделка,,2025-02-17 14:00:00,123.54,11.378873239436624,47.0,2.7431048658345287,1.0812236286919827,0.729150216326419,7.653785783690855,0.3662456087899014,54.0,True,-16.511106962852338,7.085731370057545,False,False,False,8.0,0.27103047065401575,True,False,1.0,-1.0087882163634112,False,2.0,-1.0087882163634112,,,,False,True
LTCUSDT,high,2025-03-14,2025-03-14 15:00:00,сделка,2025-03-16 00:00:00,2025-03-16 00:00:00,92.39,2.0610455677021355,33.0,2.681491170699813,-0.11732851985559686,-0.341350698456047,-0.7957270547198648,0.03270111183780373,1.75,True,13.956215793588731,6.038805319380851,False,False,True,19.0,2.1583867240836008,True,True,1.0,0.9514809368763786,True,2.0,1.9514809368763786,False,3.250708959142941,-1.0485190631236214,False,False
LTCUSDT,high,2025-04-02,2025-04-02 15:30:00,нет сигнала,,,,,,,,,,,,,,,,,,,,,,,,,,,,,,,
LTCUSDT,high,2025-04-12,2025-04-12 13:45:00,инвалидация,2025-04-13 00:00:00,,,,,,,,,,,,,,,,,,,,,,,,,,,,,,
LTCUSDT,high,2025-04-22,2025-04-22 15:00:00,инвалидация,2025-04-23 00:00:00,,,,,,,,,,,,,,,,,,,,,,,,,,,,,,
LTCUSDT,high,2025-05-08,2025-05-08 15:30:00,инвалидация,2025-05-09 00:00:00,,,,,,,,,,,,,,,,,,,,,,,,,,,,,,
LTCUSDT,high,2025-05-18,2025-05-18 15:45:00,нет сигнала,,,,,,,,,,,,,,,,,,,,,,,,,,,,,,,
LTCUSDT,high,2025-06-23,2025-06-23 13:30:00,инвалидация,2025-06-24 00:00:00,,,,,,,,,,,,,,,,,,,,,,,,,,,,,,
LTCUSDT,high,2025-07-06,2025-07-06 13:30:00,нет сигнала,,,,,,,,,,,,,,,,,,,,,,,,,,,,,,,
LTCUSDT,high,2025-07-13,2025-07-13 13:45:00,сделка,2025-07-15 00:00:00,2025-07-13 22:00:00,94.72,2.3404138513513564,8.25,1.4668901927912885,0.15126050420168072,0.32478663322567136,0.5553227158424153,0.3352891869237295,3.5,True,-7.838120711710675,4.987426655490351,True,False,False,17.0,0.39696144060915245,True,False,1.0,-1.0427274859710218,False,2.0,-1.0427274859710218,False,1.8224138864329331,-1.0427274859710218,True,False
LTCUSDT,high,2025-08-22,2025-08-22 14:00:00,инвалидация,2025-08-23 00:00:00,,,,,,,,,,,,,,,,,,,,,,,,,,,,,,
LTCUSDT,high,2025-09-02,2025-09-02 13:45:00,инвалидация,2025-09-03 00:00:00,,,,,,,,,,,,,,,,,,,,,,,,,,,,,,
LTCUSDT,high,2025-09-27,2025-09-27 15:45:00,сделка,2025-09-29 00:00:00,2025-09-28 09:00:00,103.61,1.3559598494353837,17.25,0.05722460658083193,0.3163265306122446,0.8826188154401307,1.1254172627563115,0.07629947544110473,20.0,False,8.268960674157306,3.7386742966141995,False,False,False,4.0,0.6406104305613919,True,False,1.0,-1.0737484963449615,False,2.0,-1.0737484963449615,False,1.9075955043383497,-1.0737484963449615,True,False
LTCUSDT,high,2025-10-21,2025-10-21 15:00:00,сделка,,2025-10-22 00:00:00,92.42,4.9739450335425195,9.0,1.2219321148825082,0.9353932584269652,0.7243980752329822,2.882506527415149,1.9530026109660623,1.75,False,1.5299172168081399,3.718015665796347,True,False,False,19.0,0.5634207251812093,True,False,1.0,-1.0201047657997093,False,2.0,-1.0201047657997093,True,0.05003350069176843,0.029928734892059047,False,False
LTCUSDT,high,2025-12-02,2025-12-02 15:30:00,инвалидация,2025-12-03 00:00:00,,,,,,,,,,,,,,,,,,,,,,,,,,,,,,
LTCUSDT,high,2025-12-17,2025-12-17 14:45:00,нет сигнала,,,,,,,,,,,,,,,,,,,,,,,,,,,,,,,
LTCUSDT,high,2025-12-25,2025-12-25 16:15:00,нет сигнала,,,,,,,,,,,,,,,,,,,,,,,,,,,,,,,
LTCUSDT,high,2026-01-01,2026-01-01 15:30:00,инвалидация,2026-01-02 00:00:00,,,,,,,,,,,,,,,,,,,,,,,,,,,,,,
LTCUSDT,high,2026-02-02,2026-02-02 14:30:00,инвалидация,2026-02-03 00:00:00,,,,,,,,,,,,,,,,,,,,,,,,,,,,,,
LTCUSDT,high,2026-02-13,2026-02-13 14:45:00,инвалидация,2026-02-14 00:00:00,,,,,,,,,,,,,,,,,,,,,,,,,,,,,,
LTCUSDT,high,2026-03-02,2026-03-02 16:30:00,сделка,,2026-03-03 09:00:00,53.51,4.196785647542527,16.5,0.3784465669490013,0.6491803278688528,0.8816849979961697,3.063615065777623,0.7028293386195721,0.75,True,-4.068061803246622,5.496485853306909,False,False,False,3.0,0.23155363583737565,True,False,1.0,-1.0238277597185732,False,2.0,-1.0238277597185732,False,0.47646613528075754,-1.0238277597185732,False,False
LTCUSDT,high,2026-03-10,2026-03-10 14:45:00,инвалидация,2026-03-12 00:00:00,,,,,,,,,,,,,,,,,,,,,,,,,,,,,,
LTCUSDT,high,2026-03-11,2026-03-11 13:30:00,сделка,,2026-03-12 15:00:00,54.02,2.397741577193617,25.5,0.5275604875386559,0.5974842767295585,0.7334434785294085,1.7100236492632304,0.8368200836820099,6.0,False,2.886523543207652,2.892486810987805,False,True,False,10.0,0.04632274601238566,True,False,1.0,-1.041705912326483,False,2.0,-1.041705912326483,False,0.4941092907987621,-1.041705912326483,True,False
LTCUSDT,high,2026-04-10,2026-04-10 14:15:00,сделка,,2026-04-12 02:00:00,53.92,3.385923590504441,35.75,0.814627081824757,0.7951807228915647,0.7230143123969591,2.226647356987697,0.6698044895003702,51.5,False,-1.8113912231559404,3.0050687907313605,False,False,False,21.0,0.7120595500879164,True,False,1.0,-1.0295340391851848,False,2.0,-1.0295340391851848,True,0.186230959253764,0.15669692006857913,False,False
LTCUSDT,high,2026-05-08,2026-05-08 15:30:00,инвалидация,2026-05-09 00:00:00,,,,,,,,,,,,,,,,,,,,,,,,,,,,,,
LTCUSDT,high,2026-05-29,2026-05-29 15:30:00,инвалидация,2026-05-31 00:00:00,,,,,,,,,,,,,,,,,,,,,,,,,,,,,,
LTCUSDT,high,2026-06-08,2026-06-08 15:00:00,нет сигнала,,,,,,,,,,,,,,,,,,,,,,,,,,,,,,,
LTCUSDT,high,2026-07-02,2026-07-02 13:30:00,инвалидация,2026-07-04 00:00:00,,,,,,,,,,,,,,,,,,,,,,,,,,,,,,
LTCUSDT,high,2026-07-18,2026-07-18 14:15:00,инвалидация,2026-07-19 00:00:00,,,,,,,,,,,,,,,,,,,,,,,,,,,,,,
LTCUSDT,high,2026-10-04,2026-10-04 13:30:00,сделка,,2026-10-06 02:00:00,69.44,4.150705645161289,36.5,1.3039820527201442,0.6416382252559728,0.6522681932517984,2.271452607964092,0.08412787436904413,14.75,False,-1.488439306358383,4.108244531688156,False,False,False,21.0,0.23939630497007475,False,False,1.0,-1.024092289010322,False,2.0,-1.024092289010322,False,0.3642987249544618,-1.024092289010322,,
SOLUSDT,low,2020-10-13,2020-10-13 14:15:00,инвалидация,2020-10-14 00:00:00,,,,,,,,,,,,,,,,,,,,,,,,,,,,,,
SOLUSDT,low,2020-11-09,2020-11-09 15:00:00,нет сигнала,,,,,,,,,,,,,,,,,,,,,,,,,,,,,,,
SOLUSDT,low,2021-01-15,2021-01-15 15:45:00,сделка,,2021-01-16 02:00:00,3.3708,11.862878248487013,10.25,6.307299707003565,0.500127129417747,0.4919050730742861,4.911628493116156,3.8971677010806185,0.0,False,-2.448484130743723,12.390913959862637,False,False,False,20.0,2.010383773484589,False,True,1.0,0.991570342550489,True,2.0,1.9915703425504891,True,0.4916549942369332,0.48322533678742224,,
SOLUSDT,low,2021-04-27,2021-04-27 14:00:00,инвалидация,2021-04-28 00:00:00,,,,,,,,,,,,,,,,,,,,,,,,,,,,,,
SOLUSDT,low,2021-08-08,2021-08-08 14:45:00,сделка,,2021-08-09 09:00:00,38.545,5.861517706576722,18.25,3.231650459571051,0.3342157511581745,0.4470367658970285,1.9208738510723424,0.8685227121353417,9.25,False,18.964270651322508,8.05115225789265,False,False,False,4.0,2.8468717606432383,False,True,1.0,0.9829395721371278,True,2.0,1.982939572137128,True,0.8905326465196208,0.8734722186567486,,
SOLUSDT,low,2021-09-05,2021-09-05 15:00:00,сделка,,2021-09-06 07:00:00,145.167,7.096654198268196,16.0,0.7630220967670878,0.6028129952456421,0.8861386138613859,6.68563195577706,0.3432864346726745,27.0,False,26.139886509907722,11.13218365456709,False,False,False,2.0,4.887885847408273,True,True,1.0,0.9859088526499709,True,2.0,1.9859088526499709,True,0.5838672102504359,0.5697760629004067,False,True
SOLUSDT,low,2021-09-07,2021-09-07 15:00:00,нет сигнала,,,,,,,,,,,,,,,,,,,,,,,,,,,,,,,
SOLUSDT,low,2021-10-19,2021-10-19 14:15:00,сделка,,2021-10-20 14:00:00,162.231,5.642097379662337,23.75,1.2050290135396517,0.8928258419932397,0.7790691614797001,4.583494519664738,0.19084461637652628,52.75,False,6.201377633711502,5.149580915538359,False,False,False,9.0,5.850393156252691,False,True,1.0,0.9822760946380573,True,2.0,1.9822760946380573,True,0.0935188896685765,0.07579498430663383,,
SOLUSDT,low,2021-11-05,2021-11-05 14:30:00,сделка,,2021-11-06 01:00:00,241.317,4.5324655950471815,10.5,1.3871902982202569,0.4477979119164764,0.682324566335789,2.8419441189802126,0.6555372155276313,3.0,True,26.114373244830237,7.126668776245006,False,False,False,20.0,1.7139941906869969,True,True,1.0,0.9779369533197838,False,2.0,-1.0220630466802163,True,0.8414086806898396,0.8193456340096235,True,False
SOLUSDT,low,2021-11-09,2021-11-09 15:00:00,инвалидация,2021-11-10 00:00:00,,,,,,,,,,,,,,,,,,,,,,,,,,,,,,
SOLUSDT,low,2021-12-03,2021-12-03 16:00:00,инвалидация,2021-12-04 00:00:00,,,,,,,,,,,,,,,,,,,,,,,,,,,,,,
SOLUSDT,low,2021-12-09,2021-12-09 15:30:00,инвалидация,2021-12-10 00:00:00,,,,,,,,,,,,,,,,,,,,,,,,,,,,,,
SOLUSDT,low,2022-02-18,2022-02-18 14:30:00,инвалидация,2022-02-19 00:00:00,,,,,,,,,,,,,,,,,,,,,,,,,,,,,,
SOLUSDT,low,2022-03-03,2022-03-03 15:15:00,инвалидация,2022-03-04 00:00:00,,,,,,,,,,,,,,,,,,,,,,,,,,,,,,
SOLUSDT,low,2022-04-04,2022-04-04 15:00:00,сделка,2022-04-06 00:00:00,2022-04-05 04:00:00,133.34,5.831475926203698,13.0,3.685823754789274,0.26517273576097117,0.3652408982353977,1.9923371647509533,1.2107279693486468,1.5,True,27.968954553955488,8.206896551724144,False,False,False,23.0,0.42954387327684085,True,False,1.0000000000000018,-1.017148317384052,False,2.0,-1.017148317384052,False,1.0121288271523161,-1.017148317384052,True,False
SOLUSDT,low,2022-04-22,2022-04-22 14:15:00,нет сигнала,,,,,,,,,,,,,,,,,,,,,,,,,,,,,,,
SOLUSDT,low,2022-04-30,2022-04-30 14:45:00,инвалидация,2022-05-01 00:00:00,,,,,,,,,,,,,,,,,,,,,,,,,,,,,,
SOLUSDT,low,2022-05-05,2022-05-05 15:00:00,инвалидация,2022-05-06 00:00:00,,,,,,,,,,,,,,,,,,,,,,,,,,,,,,
SOLUSDT,low,2022-05-24,2022-05-24 13:45:00,инвалидация,2022-05-26 00:00:00,,,,,,,,,,,,,,,,,,,,,,,,,,,,,,
SOLUSDT,low,2022-08-09,2022-08-09 14:00:00,инвалидация,2022-08-10 00:00:00,,,,,,,,,,,,,,,,,,,,,,,,,,,,,,
SOLUSDT,low,2022-09-13,2022-09-13 15:15:00,инвалидация,2022-09-14 00:00:00,,,,,,,,,,,,,,,,,,,,,,,,,,,,,,
SOLUSDT,low,2022-09-15,2022-09-15 15:15:00,инвалидация,2022-09-17 00:00:00,,,,,,,,,,,,,,,,,,,,,,,,,,,,,,
SOLUSDT,low,2022-09-21,2022-09-21 15:00:00,инвалидация,2022-09-22 00:00:00,,,,,,,,,,,,,,,,,,,,,,,,,,,,,,
SOLUSDT,low,2022-09-25,2022-09-25 13:45:00,инвалидация,2022-09-26 00:00:00,,,,,,,,,,,,,,,,,,,,,,,,,,,,,,
SOLUSDT,low,2022-10-19,2022-10-19 13:30:00,инвалидация,2022-10-20 00:00:00,,,,,,,,,,,,,,,,,,,,,,,,,,,,,,
SOLUSDT,low,2022-12-22,2022-12-22 14:45:00,инвалидация,2022-12-23 00:00:00,,,,,,,,,,,,,,,,,,,,,,,,,,,,,,
SOLUSDT,low,2022-12-26,2022-12-26 15:30:00,сделка,2022-12-28 00:00:00,2022-12-27 00:00:00,11.325,2.5258278145695163,8.5,1.5502494654312142,0.31464174454828403,0.3530851249781503,0.32965074839628505,0.25837491090520237,0.0,False,-7.136441577529196,2.859942979330005,True,False,False,18.0,0.3845481559168051,True,False,1.0,-1.0395909805977979,False,2.0,-1.0395909805977979,False,0.7690963118336039,-1.0395909805977979,True,False
SOLUSDT,low,2023-01-11,2023-01-11 15:30:00,нет сигнала,,,,,,,,,,,,,,,,,,,,,,,,,,,,,,,
SOLUSDT,low,2023-03-09,2023-03-09 16:30:00,инвалидация,2023-03-10 00:00:00,,,,,,,,,,,,,,,,,,,,,,,,,,,,,,
SOLUSDT,low,2023-03-15,2023-03-15 15:15:00,инвалидация,2023-03-16 00:00:00,,,,,,,,,,,,,,,,,,,,,,,,,,,,,,
SOLUSDT,low,2023-03-27,2023-03-27 14:15:00,инвалидация,2023-03-28 00:00:00,,,,,,,,,,,,,,,,,,,,,,,,,,,,,,
SOLUSDT,low,2023-05-17,2023-05-17 14:30:00,инвалидация,2023-05-19 00:00:00,,,,,,,,,,,,,,,,,,,,,,,,,,,,,,
SOLUSDT,low,2023-05-31,2023-05-31 14:15:00,сделка,,2023-06-02 06:00:00,21.057,3.7435959538395562,39.75,0.8115375213883981,0.6438502673796779,0.7636793105066846,2.375947201173311,0.6893180151552102,40.5,True,10.398586498986653,4.571009533121498,False,False,False,1.0,1.5730271512097838,True,True,1.0,0.9732877155459481,False,2.0,-1.026712284454052,True,0.4224339043168228,0.39572161986277093,True,False
SOLUSDT,low,2023-06-05,2023-06-05 15:15:00,инвалидация,2023-06-06 00:00:00,,,,,,,,,,,,,,,,,,,,,,,,,,,,,,
SOLUSDT,low,2023-06-07,2023-06-07 14:30:00,инвалидация,2023-06-08 00:00:00,,,,,,,,,,,,,,,,,,,,,,,,,,,,,,
SOLUSDT,low,2023-07-09,2023-07-09 15:00:00,инвалидация,2023-07-10 00:00:00,,,,,,,,,,,,,,,,,,,,,,,,,,,,,,
SOLUSDT,low,2023-07-30,2023-07-30 13:45:00,инвалидация,2023-07-31 00:00:00,,,,,,,,,,,,,,,,,,,,,,,,,,,,,,
SOLUSDT,low,2023-08-31,2023-08-31 14:00:00,инвалидация,2023-09-01 00:00:00,,,,,,,,,,,,,,,,,,,,,,,,,,,,,,
SOLUSDT,low,2023-09-01,2023-09-01 14:45:00,инвалидация,2023-09-02 00:00:00,,,,,,,,,,,,,,,,,,,,,,,,,,,,,,
SOLUSDT,low,2023-09-27,2023-09-27 14:45:00,нет сигнала,,,,,,,,,,,,,,,,,,,,,,,,,,,,,,,
SOLUSDT,low,2023-11-09,2023-11-09 16:00:00,нет сигнала,,,,,,,,,,,,,,,,,,,,,,,,,,,,,,,
SOLUSDT,low,2023-11-13,2023-11-13 14:45:00,инвалидация,2023-11-14 00:00:00,,,,,,,,,,,,,,,,,,,,,,,,,,,,,,
SOLUSDT,low,2023-11-17,2023-11-17 14:30:00,нет сигнала,,,,,,,,,,,,,,,,,,,,,,,,,,,,,,,
SOLUSDT,low,2024-01-05,2024-01-05 16:45:00,сделка,2024-01-07 00:00:00,2024-01-05 21:00:00,99.569,4.684188853960571,4.25,1.644096575143904,0.2545252732240444,0.6391509433962281,2.552076862550217,0.1532281442829297,1.0,True,2.945935609143767,12.125729904335946,True,False,False,15.0,0.18653516295025516,True,False,1.0,-1.0213484133790738,False,2.0,-1.0213484133790738,False,1.871998284734132,-1.0213484133790738,True,False
SOLUSDT,low,2024-01-15,2024-01-15 14:45:00,нет сигнала,,,,,,,,,,,,,,,,,,,,,,,,,,,,,,,
SOLUSDT,low,2024-01-18,2024-01-18 16:30:00,инвалидация,2024-01-19 00:00:00,,,,,,,,,,,,,,,,,,,,,,,,,,,,,,
SOLUSDT,low,2024-01-19,2024-01-19 15:15:00,нет сигнала,,,,,,,,,,,,,,,,,,,,,,,,,,,,,,,
SOLUSDT,low,2024-02-03,2024-02-03 15:00:00,инвалидация,2024-02-05 00:00:00,,,,,,,,,,,,,,,,,,,,,,,,,,,,,,
SOLUSDT,low,2024-03-10,2024-03-10 14:30:00,сделка,,2024-03-11 08:00:00,148.237,8.096744402544562,17.5,4.969930942210252,0.8155038759689928,0.3944220687729129,2.262670466819519,0.5240308564977803,12.75,False,8.223304608467604,4.045211598363802,False,False,False,3.0,3.7980828954545798,False,True,1.0,0.9876493569478897,True,2.0,1.9876493569478897,True,0.08923236917105791,0.0768817261189476,,
SOLUSDT,low,2024-04-24,2024-04-24 14:30:00,инвалидация,2024-04-25 00:00:00,,,,,,,,,,,,,,,,,,,,,,,,,,,,,,
SOLUSDT,low,2024-06-23,2024-06-23 14:00:00,инвалидация,2024-06-24 00:00:00,,,,,,,,,,,,,,,,,,,,,,,,,,,,,,
SOLUSDT,low,2024-07-11,2024-07-11 15:45:00,инвалидация,2024-07-12 00:00:00,,,,,,,,,,,,,,,,,,,,,,,,,,,,,,
SOLUSDT,low,2024-08-02,2024-08-02 14:45:00,инвалидация,2024-08-03 00:00:00,,,,,,,,,,,,,,,,,,,,,,,,,,,,,,
SOLUSDT,low,2024-08-04,2024-08-04 14:30:00,инвалидация,2024-08-05 00:00:00,,,,,,,,,,,,,,,,,,,,,,,,,,,,,,
SOLUSDT,low,2024-08-16,2024-08-16 15:15:00,сделка,,2024-08-18 00:00:00,141.83,4.171226115772412,32.75,1.162368325463127,0.41758241758241865,0.7065525139239861,2.9785688339992693,0.22157646204141432,1.25,False,-7.4019697009068794,7.272066836178707,False,False,False,19.0,1.1744322647712517,False,True,1.0,0.9760262337201343,False,2.0,-1.0239737662798658,True,0.9854548220518711,0.9614810557720054,,
SOLUSDT,low,2024-10-13,2024-10-13 15:15:00,нет сигнала,,,,,,,,,,,,,,,,,,,,,,,,,,,,,,,
SOLUSDT,low,2024-10-31,2024-10-31 13:45:00,инвалидация,2024-11-01 00:00:00,,,,,,,,,,,,,,,,,,,,,,,,,,,,,,
SOLUSDT,low,2024-11-02,2024-11-02 14:30:00,инвалидация,2024-11-04 00:00:00,,,,,,,,,,,,,,,,,,,,,,,,,,,,,,
SOLUSDT,low,2024-11-25,2024-11-25 15:00:00,инвалидация,2024-11-26 00:00:00,,,,,,,,,,,,,,,,,,,,,,,,,,,,,,
SOLUSDT,low,2024-12-30,2024-12-30 14:30:00,нет сигнала,,,,,,,,,,,,,,,,,,,,,,,,,,,,,,,
SOLUSDT,low,2025-01-07,2025-01-07 14:45:00,инвалидация,2025-01-08 00:00:00,,,,,,,,,,,,,,,,,,,,,,,,,,,,,,
SOLUSDT,low,2025-02-05,2025-02-05 15:00:00,инвалидация,2025-02-06 00:00:00,,,,,,,,,,,,,,,,,,,,,,,,,,,,,,
SOLUSDT,low,2025-02-06,2025-02-06 15:00:00,инвалидация,2025-02-07 00:00:00,,,,,,,,,,,,,,,,,,,,,,,,,,,,,,
SOLUSDT,low,2025-02-23,2025-02-23 15:30:00,инвалидация,2025-02-24 00:00:00,,,,,,,,,,,,,,,,,,,,,,,,,,,,,,
SOLUSDT,low,2025-03-27,2025-03-27 13:30:00,инвалидация,2025-03-29 00:00:00,,,,,,,,,,,,,,,,,,,,,,,,,,,,,,
SOLUSDT,low,2025-05-28,2025-05-28 14:30:00,инвалидация,2025-05-30 00:00:00,,,,,,,,,,,,,,,,,,,,,,,,,,,,,,
SOLUSDT,low,2025-06-19,2025-06-19 14:45:00,сделка,2025-06-21 00:00:00,2025-06-20 00:00:00,146.96,2.907478225367446,9.25,0.5223568742164646,0.6014234875444857,0.7910448110502867,2.235687421646454,0.07661234155173785,27.75,False,-1.5214756967820056,3.914194177462025,True,False,False,19.0,0.4189260981597659,True,False,1.0,-1.0343940666958433,False,2.0,-1.0343940666958433,False,0.5242427150155707,-1.0343940666958433,True,False
SOLUSDT,low,2025-06-20,2025-06-20 15:45:00,инвалидация,2025-06-21 00:00:00,,,,,,,,,,,,,,,,,,,,,,,,,,,,,,
SOLUSDT,low,2025-06-26,2025-06-26 13:45:00,инвалидация,2025-06-27 00:00:00,,,,,,,,,,,,,,,,,,,,,,,,,,,,,,
SOLUSDT,low,2025-08-15,2025-08-15 15:00:00,инвалидация,2025-08-16 00:00:00,,,,,,,,,,,,,,,,,,,,,,,,,,,,,,
SOLUSDT,low,2025-09-30,2025-09-30 15:15:00,сделка,,2025-09-30 21:00:00,209.77,2.7669209133813353,5.75,0.14183703413871684,0.5195694716242665,0.9148594889536277,2.528611953438319,0.3570380514526018,8.5,True,0.5391345471742799,4.998532720336495,True,False,False,16.0,4.732804173551062,False,True,1.0,0.963858742938267,True,2.0,1.963858742938267,True,0.8459435199175719,0.8098022628558389,,
SOLUSDT,low,2025-10-04,2025-10-04 14:45:00,сделка,,2025-10-05 03:00:00,231.04,3.1440443213296323,12.25,1.3215859030837005,0.4089068825910925,0.5561674008810575,1.5947136563876672,0.08370044052863336,11.25,False,10.460370194589474,4.352422907488985,False,False,False,22.0,0.9223568281938372,True,False,1.0,-1.0318061674008812,False,2.0,-1.0318061674008812,True,0.8039647577092536,0.7721585903083724,True,False
SOLUSDT,low,2025-10-07,2025-10-07 13:30:00,инвалидация,2025-10-08 00:00:00,,,,,,,,,,,,,,,,,,,,,,,,,,,,,,
SOLUSDT,low,2025-10-10,2025-10-10 15:15:00,инвалидация,2025-10-11 00:00:00,,,,,,,,,,,,,,,,,,,,,,,,,,,,,,
SOLUSDT,low,2025-10-28,2025-10-28 14:45:00,инвалидация,2025-10-29 00:00:00,,,,,,,,,,,,,,,,,,,,,,,,,,,,,,
SOLUSDT,low,2025-11-02,2025-11-02 14:45:00,инвалидация,2025-11-04 00:00:00,,,,,,,,,,,,,,,,,,,,,,,,,,,,,,
SOLUSDT,low,2025-11-17,2025-11-17 16:15:00,инвалидация,2025-11-18 00:00:00,,,,,,,,,,,,,,,,,,,,,,,,,,,,,,
SOLUSDT,low,2025-12-15,2025-12-15 15:15:00,сделка,,2025-12-17 15:00:00,132.58,6.919241212852627,47.75,3.2881860173804136,0.8290598290598293,0.5286950606800219,3.3429891176700823,3.7422688483519937,2.5,False,-6.1747206501233425,4.579973381351294,False,False,True,9.0,0.15043282138936628,True,False,0.9999999999999984,-1.0144524517824653,False,2.0,-1.0144524517824653,True,0.10900929086186,0.09455683907939459,False,False
SOLUSDT,low,2025-12-17,2025-12-17 16:30:00,инвалидация,2025-12-18 00:00:00,,,,,,,,,,,,,,,,,,,,,,,,,,,,,,
SOLUSDT,low,2026-01-07,2026-01-07 15:15:00,нет сигнала,,,,,,,,,,,,,,,,,,,,,,,,,,,,,,,
SOLUSDT,low,2026-01-16,2026-01-16 15:30:00,нет сигнала,,,,,,,,,,,,,,,,,,,,,,,,,,,,,,,
SOLUSDT,low,2026-03-07,2026-03-07 15:30:00,инвалидация,2026-03-08 00:00:00,,,,,,,,,,,,,,,,,,,,,,,,,,,,,,
SOLUSDT,low,2026-03-29,2026-03-29 15:15:00,инвалидация,2026-03-30 00:00:00,,,,,,,,,,,,,,,,,,,,,,,,,,,,,,
SOLUSDT,low,2026-05-12,2026-05-12 15:15:00,инвалидация,2026-05-14 00:00:00,,,,,,,,,,,,,,,,,,,,,,,,,,,,,,
SOLUSDT,low,2026-05-15,2026-05-15 13:30:00,инвалидация,2026-05-16 00:00:00,,,,,,,,,,,,,,,,,,,,,,,,,,,,,,
SOLUSDT,low,2026-05-31,2026-05-31 14:15:00,сделка,2026-06-02 00:00:00,2026-05-31 23:00:00,82.49,1.565377621529883,8.75,0.6235481110160228,0.5223880597014883,0.5420977634595041,0.7824917471573548,0.5379630761706956,3.5,True,-2.729090695212337,1.638342095610697,True,False,False,18.0,0.45691097205873493,True,False,1.0,-1.0638823492968217,False,2.0,-1.0638823492968217,False,0.49563224087726937,-1.0638823492968217,True,False
SOLUSDT,low,2026-06-09,2026-06-09 14:15:00,инвалидация,2026-06-11 00:00:00,,,,,,,,,,,,,,,,,,,,,,,,,,,,,,
SOLUSDT,low,2026-06-24,2026-06-24 15:30:00,сделка,2026-06-26 00:00:00,2026-06-25 06:00:00,69.0,6.383565217391314,14.5,5.009548993682969,0.23604060913705685,0.21114001988802888,0.9842808873218771,1.0871162039077347,1.75,False,-0.057397044052219896,5.788159247833131,False,False,True,1.0,0.14530065884767487,True,False,1.0,-1.015665227282015,False,2.0,-1.015665227282015,False,0.6833671611429714,-1.015665227282015,False,True
SOLUSDT,low,2026-06-25,2026-06-25 13:45:00,сделка,,2026-06-26 16:00:00,72.02,11.224659816717573,26.25,1.02072378595731,1.2711571675302231,0.91044037605146,10.176306835756261,1.7939993813795185,53.75,False,-2.324580284115375,8.954531394989186,False,True,False,11.0,0.7125185551707085,False,False,0.9999999999999991,-1.008908955962395,False,2.0,-1.008908955962395,,,,,
SOLUSDT,low,2026-07-31,2026-07-31 14:00:00,инвалидация,2026-08-01 00:00:00,,,,,,,,,,,,,,,,,,,,,,,,,,,,,,
SOLUSDT,low,2026-08-14,2026-08-14 14:15:00,нет сигнала,,,,,,,,,,,,,,,,,,,,,,,,,,,,,,,
SOLUSDT,low,2026-08-26,2026-08-26 15:00:00,сделка,,2026-08-26 23:00:00,99.65,4.942117410938295,8.0,0.4096208381472541,0.5515527950310566,0.901555792902076,4.484823022791735,0.6827013969120951,27.0,False,10.190574004336423,8.454994223295884,True,False,False,18.0,2.2234315162787603,False,True,1.0,0.9797657579363307,True,2.0,1.9797657579363308,True,0.7330217144992084,0.7127874724355391,,
SOLUSDT,low,2026-09-07,2026-09-07 15:45:00,нет сигнала,,,,,,,,,,,,,,,,,,,,,,,,,,,,,,,
SOLUSDT,low,2026-09-15,2026-09-15 14:30:00,инвалидация,2026-09-16 00:00:00,,,,,,,,,,,,,,,,,,,,,,,,,,,,,,
SOLUSDT,low,2026-09-23,2026-09-23 14:00:00,инвалидация,2026-09-24 00:00:00,,,,,,,,,,,,,,,,,,,,,,,,,,,,,,
SOLUSDT,low,2026-10-05,2026-10-05 14:30:00,сделка,,2026-10-05 21:00:00,120.58,1.56643722010283,6.5,0.6106742512966403,0.3809523809523795,0.550611231410251,0.7110590597289562,0.06692320562154784,0.25,True,2.0572676127298704,2.28375439183536,True,False,False,16.0,0.7412074268984236,True,False,1.0,-1.0638391368110083,False,2.0,-1.0638391368110083,False,0.8947432510416636,-1.0638391368110083,,
SOLUSDT,high,2020-10-08,2020-10-08 15:00:00,инвалидация,2020-10-10 00:00:00,,,,,,,,,,,,,,,,,,,,,,,,,,,,,,
SOLUSDT,high,2020-10-21,2020-10-21 15:00:00,нет сигнала,,,,,,,,,,,,,,,,,,,,,,,,,,,,,,,
SOLUSDT,high,2020-11-13,2020-11-13 14:45:00,сделка,,2020-11-14 07:00:00,1.9688,5.8605292563998335,16.25,0.9845765835677663,0.39524011899702427,0.8060175711830501,4.3457173343680235,0.8293723930546181,3.0,True,5.91628457328798,11.412358133669603,False,False,False,1.0,0.8138177412267601,True,False,1.0,-1.017063305313389,False,2.0,-1.017063305313389,False,1.233293552466112,-1.017063305313389,True,False
SOLUSDT,high,2020-12-02,2020-12-02 15:00:00,нет сигнала,,,,,,,,,,,,,,,,,,,,,,,,,,,,,,,
SOLUSDT,high,2020-12-28,2020-12-28 16:00:00,инвалидация,2020-12-29 00:00:00,,,,,,,,,,,,,,,,,,,,,,,,,,,,,,
SOLUSDT,high,2021-01-12,2021-01-12 16:15:00,инвалидация,2021-01-13 00:00:00,,,,,,,,,,,,,,,,,,,,,,,,,,,,,,
SOLUSDT,high,2021-02-03,2021-02-03 15:15:00,инвалидация,2021-02-04 00:00:00,,,,,,,,,,,,,,,,,,,,,,,,,,,,,,
SOLUSDT,high,2021-04-15,2021-04-15 14:30:00,инвалидация,2021-04-16 00:00:00,,,,,,,,,,,,,,,,,,,,,,,,,,,,,,
SOLUSDT,high,2021-05-07,2021-05-07 15:45:00,сделка,2021-05-09 00:00:00,2021-05-07 22:00:00,43.092,7.548729694606891,6.25,2.718916604360481,0.7844076655052266,0.6090260544856814,4.241110551526299,0.5761751465952026,0.5,True,12.352047642520136,5.603342126456794,True,False,False,17.0,0.25918422418700643,True,False,1.0,-1.0132472619958088,False,2.0,-1.0132472619958088,True,0.16738917099967365,0.15414190900386476,False,True
SOLUSDT,high,2021-06-06,2021-06-06 15:45:00,сделка,,2021-06-08 00:00:00,38.247,15.661863675582394,32.25,3.2884588416771754,0.7838024520808148,0.7577385236168522,8.477071939419442,5.1909503108493515,52.0,False,-21.096827384042253,13.534801103164595,False,False,False,19.0,0.7841149692505741,False,False,1.0,-1.0063849361781831,False,2.0,-1.0063849361781831,True,0.20900829071784546,0.2026233545396622,,
SOLUSDT,high,2021-06-14,2021-06-14 15:45:00,инвалидация,2021-06-15 00:00:00,,,,,,,,,,,,,,,,,,,,,,,,,,,,,,
SOLUSDT,high,2021-07-14,2021-07-14 14:15:00,инвалидация,2021-07-15 00:00:00,,,,,,,,,,,,,,,,,,,,,,,,,,,,,,
SOLUSDT,high,2021-07-29,2021-07-29 14:45:00,инвалидация,2021-07-30 00:00:00,,,,,,,,,,,,,,,,,,,,,,,,,,,,,,
SOLUSDT,high,2021-08-06,2021-08-06 14:30:00,инвалидация,2021-08-07 00:00:00,,,,,,,,,,,,,,,,,,,,,,,,,,,,,,
SOLUSDT,high,2021-08-09,2021-08-09 13:30:00,инвалидация,2021-08-11 00:00:00,,,,,,,,,,,,,,,,,,,,,,,,,,,,,,
SOLUSDT,high,2021-09-02,2021-09-02 15:30:00,инвалидация,2021-09-03 00:00:00,,,,,,,,,,,,,,,,,,,,,,,,,,,,,,
SOLUSDT,high,2021-10-02,2021-10-02 13:30:00,инвалидация,2021-10-03 00:00:00,,,,,,,,,,,,,,,,,,,,,,,,,,,,,,
SOLUSDT,high,2021-10-14,2021-10-14 14:15:00,инвалидация,2021-10-16 00:00:00,,,,,,,,,,,,,,,,,,,,,,,,,,,,,,
SOLUSDT,high,2021-10-31,2021-10-31 15:15:00,инвалидация,2021-11-01 00:00:00,,,,,,,,,,,,,,,,,,,,,,,,,,,,,,
SOLUSDT,high,2021-12-24,2021-12-24 15:30:00,сделка,,2021-12-24 23:00:00,190.61,3.7655894234300304,7.5,2.108418169603645,0.16174010039040607,0.40403533776657413,1.074879851170474,0.14469536458064242,0.25,False,-4.067221370702872,9.265671024753232,True,False,False,17.0,0.3357672979370557,True,False,1.0,-1.0265562674936852,False,2.0,-1.0265562674936852,False,2.0940176298729853,-1.0265562674936852,False,True
SOLUSDT,high,2022-01-20,2022-01-20 15:00:00,сделка,,2022-01-20 22:00:00,132.11,8.942381348875921,7.0,0.785083415112859,1.059236947791162,0.8930249251298061,3.1473433338006513,1.051451002383289,0.0,True,7.472798193389439,6.981634655825045,True,False,False,16.0,4.351697763120703,False,True,1.0,0.9888172964114788,True,2.0,1.9888172964114788,,,,,
SOLUSDT,high,2022-01-31,2022-01-31 16:45:00,инвалидация,2022-02-01 00:00:00,,,,,,,,,,,,,,,,,,,,,,,,,,,,,,
SOLUSDT,high,2022-03-23,2022-03-23 14:30:00,инвалидация,2022-03-24 00:00:00,,,,,,,,,,,,,,,,,,,,,,,,,,,,,,
SOLUSDT,high,2022-04-16,2022-04-16 14:30:00,сделка,,2022-04-17 23:00:00,101.95,3.536488474742525,32.5,2.488094081057442,0.27728613569321464,0.2607164154266448,0.40820293517348794,0.1749441150743579,0.5,False,8.74459654178675,3.294780833900282,False,False,False,18.0,2.038580482325368,True,True,1.0,0.971723363241759,True,2.0,1.971723363241759,True,0.6795268274417894,0.6512501906835484,True,True
SOLUSDT,high,2022-05-13,2022-05-13 13:45:00,нет сигнала,,,,,,,,,,,,,,,,,,,,,,,,,,,,,,,
SOLUSDT,high,2022-07-07,2022-07-07 13:45:00,инвалидация,2022-07-08 00:00:00,,,,,,,,,,,,,,,,,,,,,,,,,,,,,,
SOLUSDT,high,2022-07-30,2022-07-30 13:30:00,сделка,,2022-07-31 23:00:00,42.49,9.876771004942327,33.5,4.997748761818998,0.5795795795795798,0.4598917229021317,3.0391715443493954,3.917154434939221,1.75,True,-2.4199462234172624,7.496623142728496,False,False,True,18.0,1.2152579206222138,False,True,1.0,0.9898752335201494,False,2.0,-1.0101247664798505,True,0.3336002135041367,0.32347544702428616,,
SOLUSDT,high,2022-08-29,2022-08-29 14:15:00,инвалидация,2022-08-30 00:00:00,,,,,,,,,,,,,,,,,,,,,,,,,,,,,,
SOLUSDT,high,2022-09-17,2022-09-17 15:30:00,инвалидация,2022-09-18 00:00:00,,,,,,,,,,,,,,,,,,,,,,,,,,,,,,
SOLUSDT,high,2022-10-03,2022-10-03 15:00:00,инвалидация,2022-10-05 00:00:00,,,,,,,,,,,,,,,,,,,,,,,,,,,,,,
SOLUSDT,high,2022-10-25,2022-10-25 15:45:00,инвалидация,2022-10-26 00:00:00,,,,,,,,,,,,,,,,,,,,,,,,,,,,,,
SOLUSDT,high,2022-12-11,2022-12-11 15:15:00,нет сигнала,,,,,,,,,,,,,,,,,,,,,,,,,,,,,,,
SOLUSDT,high,2023-01-20,2023-01-20 16:45:00,инвалидация,2023-01-21 00:00:00,,,,,,,,,,,,,,,,,,,,,,,,,,,,,,
SOLUSDT,high,2023-03-13,2023-03-13 15:00:00,инвалидация,2023-03-15 00:00:00,,,,,,,,,,,,,,,,,,,,,,,,,,,,,,
SOLUSDT,high,2023-03-26,2023-03-26 13:30:00,сделка,,2023-03-27 08:00:00,20.435,3.489733300709567,18.5,0.7679099494419431,0.5952914798206308,0.7446079029401528,2.494514928932556,0.8394543546694571,9.75,True,7.807061163600201,4.25450729752933,False,False,False,3.0,1.5957886884103365,True,True,1.0,0.9713445150723504,False,2.0,-1.0286554849276497,True,0.506221192017687,0.4775657070900374,False,True
SOLUSDT,high,2023-04-30,2023-04-30 15:30:00,сделка,,2023-04-30 20:00:00,23.175,3.663430420711975,4.5,0.41420861051838914,0.6778711484593819,0.8551236749116595,2.941299527216432,0.8828082507008013,7.5,True,-8.431198240771064,4.480984059244389,True,False,False,15.0,2.3027090694935235,False,True,1.0,0.9727031802120142,True,2.0,1.972703180212014,True,0.4063604240282713,0.37906360424028546,,
SOLUSDT,high,2023-05-05,2023-05-05 14:45:00,инвалидация,2023-05-06 00:00:00,,,,,,,,,,,,,,,,,,,,,,,,,,,,,,
SOLUSDT,high,2023-05-12,2023-05-12 14:00:00,сделка,,2023-05-13 14:00:00,20.896,1.9874138591117858,24.0,1.7589140617531716,0.020440251572326856,0.06260685304245196,-0.07647452442404282,0.18640665328363196,6.0,True,7.965126894285196,6.079724691712083,False,False,True,9.0,0.7392424570781936,True,False,1.0,-1.0503166461990419,False,2.0,-1.0503166461990419,False,3.000313034265226,-1.0503166461990419,False,False
SOLUSDT,high,2023-06-16,2023-06-16 15:00:00,инвалидация,2023-06-17 00:00:00,,,,,,,,,,,,,,,,,,,,,,,,,,,,,,
SOLUSDT,high,2023-07-04,2023-07-04 15:00:00,сделка,,2023-07-05 11:00:00,18.614,7.284570753196519,20.0,1.485400345915139,1.292079207920793,0.7699398945388846,3.7847186895920224,0.42221996133888695,55.75,True,-20.567420304377784,4.110285888696712,False,False,False,6.0,0.13569821896087692,True,False,1.0,-1.0137276448246617,False,2.0,-1.0137276448246617,,,,True,True
SOLUSDT,high,2023-07-13,2023-07-13 15:30:00,инвалидация,2023-07-14 00:00:00,,,,,,,,,,,,,,,,,,,,,,,,,,,,,,
SOLUSDT,high,2023-08-04,2023-08-04 13:30:00,сделка,,2023-08-04 21:00:00,22.725,3.7339933993399312,7.5,0.7012742666552702,0.6717479674796738,0.7789759000648143,2.6083981869494544,0.1881467544684875,5.75,True,10.03616995906037,4.207645599931576,True,False,False,16.0,0.6540569206293089,True,False,1.0,-1.0267809793176597,False,2.0,-1.0267809793176597,True,0.38064934299687775,0.3538683636792182,True,True
SOLUSDT,high,2023-08-08,2023-08-08 15:15:00,инвалидация,2023-08-09 00:00:00,,,,,,,,,,,,,,,,,,,,,,,,,,,,,,
SOLUSDT,high,2023-08-29,2023-08-29 14:15:00,инвалидация,2023-08-30 00:00:00,,,,,,,,,,,,,,,,,,,,,,,,,,,,,,
SOLUSDT,high,2023-09-05,2023-09-05 14:00:00,инвалидация,2023-09-06 00:00:00,,,,,,,,,,,,,,,,,,,,,,,,,,,,,,
SOLUSDT,high,2023-09-28,2023-09-28 14:45:00,инвалидация,2023-09-29 00:00:00,,,,,,,,,,,,,,,,,,,,,,,,,,,,,,
SOLUSDT,high,2023-10-19,2023-10-19 14:45:00,инвалидация,2023-10-20 00:00:00,,,,,,,,,,,,,,,,,,,,,,,,,,,,,,
SOLUSDT,high,2023-10-29,2023-10-29 13:30:00,инвалидация,2023-10-30 00:00:00,,,,,,,,,,,,,,,,,,,,,,,,,,,,,,
SOLUSDT,high,2023-12-25,2023-12-25 14:45:00,инвалидация,2023-12-26 00:00:00,,,,,,,,,,,,,,,,,,,,,,,,,,,,,,
SOLUSDT,high,2024-01-29,2024-01-29 15:45:00,инвалидация,2024-01-30 00:00:00,,,,,,,,,,,,,,,,,,,,,,,,,,,,,,
SOLUSDT,high,2024-03-05,2024-03-05 14:30:00,нет сигнала,,,,,,,,,,,,,,,,,,,,,,,,,,,,,,,
SOLUSDT,high,2024-03-13,2024-03-13 14:45:00,инвалидация,2024-03-14 00:00:00,,,,,,,,,,,,,,,,,,,,,,,,,,,,,,
SOLUSDT,high,2024-05-13,2024-05-13 15:45:00,сделка,,2024-05-14 15:00:00,143.434,5.2266408243512705,23.25,2.0473080437210287,0.7775778297642626,0.5763807928203839,2.5041453757909977,0.4703732530201977,4.5,True,3.139631513873963,3.7609556360190775,False,True,False,10.0,0.31133366592056894,True,False,1.0,-1.0191327476596619,False,2.0,-1.0191327476596619,True,0.16487078452348738,0.1457380368638255,True,False
SOLUSDT,high,2024-05-27,2024-05-27 13:30:00,инвалидация,2024-05-28 00:00:00,,,,,,,,,,,,,,,,,,,,,,,,,,,,,,
SOLUSDT,high,2024-06-03,2024-06-03 13:45:00,инвалидация,2024-06-05 00:00:00,,,,,,,,,,,,,,,,,,,,,,,,,,,,,,
SOLUSDT,high,2024-06-04,2024-06-04 14:30:00,инвалидация,2024-06-05 00:00:00,,,,,,,,,,,,,,,,,,,,,,,,,,,,,,
SOLUSDT,high,2024-06-10,2024-06-10 15:45:00,нет сигнала,,,,,,,,,,,,,,,,,,,,,,,,,,,,,,,
SOLUSDT,high,2024-06-30,2024-06-30 15:00:00,инвалидация,2024-07-01 00:00:00,,,,,,,,,,,,,,,,,,,,,,,,,,,,,,
SOLUSDT,high,2024-07-24,2024-07-24 14:45:00,сделка,,2024-07-25 03:00:00,170.784,6.966987539816384,12.25,1.10803324099723,0.9572413793103451,0.8165735176702944,3.2847645429362893,0.8238227146814375,5.75,True,-8.649918942354832,5.623268698060945,False,False,False,22.0,0.4605622557465213,True,False,1.0,-1.014353405891499,False,2.0,-1.014353405891499,True,0.0364751859478083,0.022121780056309385,False,False
SOLUSDT,high,2024-09-05,2024-09-05 14:00:00,нет сигнала,,,,,,,,,,,,,,,,,,,,,,,,,,,,,,,
SOLUSDT,high,2024-09-26,2024-09-26 14:15:00,инвалидация,2024-09-27 00:00:00,,,,,,,,,,,,,,,,,,,,,,,,,,,,,,
SOLUSDT,high,2024-10-06,2024-10-06 14:15:00,инвалидация,2024-10-07 00:00:00,,,,,,,,,,,,,,,,,,,,,,,,,,,,,,
SOLUSDT,high,2024-10-15,2024-10-15 14:00:00,нет сигнала,,,,,,,,,,,,,,,,,,,,,,,,,,,,,,,
SOLUSDT,high,2024-10-19,2024-10-19 14:45:00,инвалидация,2024-10-20 00:00:00,,,,,,,,,,,,,,,,,,,,,,,,,,,,,,
SOLUSDT,high,2024-11-27,2024-11-27 14:45:00,инвалидация,2024-11-28 00:00:00,,,,,,,,,,,,,,,,,,,,,,,,,,,,,,
SOLUSDT,high,2025-01-06,2025-01-06 14:45:00,сделка,,2025-01-07 05:00:00,216.09,3.3657920310981457,14.25,1.8997168691204662,0.3748378728923468,0.3973524502484474,1.2786555849849224,0.497762352726278,0.0,True,-12.725927491808484,3.5208694857977805,False,False,False,23.0,4.70773283616156,False,True,1.0,0.970289311081596,True,2.0,1.970289311081596,True,0.6627123910718072,0.6330017021534033,,
SOLUSDT,high,2025-03-02,2025-03-02 15:15:00,инвалидация,2025-03-03 00:00:00,,,,,,,,,,,,,,,,,,,,,,,,,,,,,,
SOLUSDT,high,2025-03-14,2025-03-14 13:45:00,инвалидация,2025-03-15 00:00:00,,,,,,,,,,,,,,,,,,,,,,,,,,,,,,
SOLUSDT,high,2025-04-02,2025-04-02 15:30:00,сделка,,2025-04-02 22:00:00,125.29,8.816505706760305,6.5,4.455863179691696,0.7566765578635007,0.4616972352483195,2.8299716235907537,1.8329626505100092,4.25,False,8.506179085061797,5.169108060434068,True,False,False,17.0,2.724918976661662,False,True,1.0,0.9886576379207329,True,2.0,1.9886576379207328,True,0.14846734623671515,0.13712498415744806,,
SOLUSDT,high,2025-04-04,2025-04-04 15:15:00,инвалидация,2025-04-05 00:00:00,,,,,,,,,,,,,,,,,,,,,,,,,,,,,,
SOLUSDT,high,2025-04-22,2025-04-22 13:45:00,инвалидация,2025-04-23 00:00:00,,,,,,,,,,,,,,,,,,,,,,,,,,,,,,
SOLUSDT,high,2025-05-12,2025-05-12 13:45:00,сделка,2025-05-14 00:00:00,2025-05-13 04:00:00,166.92,8.80747663551403,14.25,0.6378612235842286,1.1980286738351262,0.9094347220408332,7.365910477563927,0.21631815408509336,74.25,True,-17.89824967649663,6.190027178434743,False,False,False,23.0,0.05441643811762534,True,False,1.0,-1.0113539898132429,False,2.0,-1.0113539898132429,,,,False,True
SOLUSDT,high,2025-05-21,2025-05-21 15:00:00,инвалидация,2025-05-22 00:00:00,,,,,,,,,,,,,,,,,,,,,,,,,,,,,,
SOLUSDT,high,2025-06-15,2025-06-15 14:00:00,инвалидация,2025-06-16 00:00:00,,,,,,,,,,,,,,,,,,,,,,,,,,,,,,
SOLUSDT,high,2025-06-30,2025-06-30 15:15:00,сделка,,2025-07-01 08:00:00,149.98,6.787571676223501,16.75,3.3792078568197903,0.8756855575868412,0.4705304518664064,2.9075402209730568,0.22614201718678964,27.75,False,-5.060687101419457,3.5342766686050258,False,False,False,3.0,0.5216110019646364,False,False,1.0,-1.0147328094302555,False,2.0,-1.0147328094302555,True,0.06679764243614715,0.05206483300589176,,
SOLUSDT,high,2025-07-13,2025-07-13 14:15:00,сделка,,2025-07-13 17:00:00,160.85,2.1349829033260845,2.75,0.15255995606273265,0.48631239935587867,0.8794101545665276,1.8124122780252634,0.04271678769756098,10.25,True,-7.9357613224029055,3.7895893085982837,True,False,False,12.0,0.3785540400451878,True,False,1.0,-1.046838782570207,False,2.0,-1.046838782570207,False,0.9289133751878185,-1.046838782570207,True,True
SOLUSDT,high,2025-08-22,2025-08-22 14:00:00,инвалидация,2025-08-23 00:00:00,,,,,,,,,,,,,,,,,,,,,,,,,,,,,,
SOLUSDT,high,2025-09-02,2025-09-02 14:00:00,инвалидация,2025-09-03 00:00:00,,,,,,,,,,,,,,,,,,,,,,,,,,,,,,
SOLUSDT,high,2025-09-07,2025-09-07 15:30:00,инвалидация,2025-09-08 00:00:00,,,,,,,,,,,,,,,,,,,,,,,,,,,,,,
SOLUSDT,high,2025-09-29,2025-09-29 14:15:00,инвалидация,2025-09-30 00:00:00,,,,,,,,,,,,,,,,,,,,,,,,,,,,,,
SOLUSDT,high,2025-10-12,2025-10-12 15:15:00,инвалидация,2025-10-13 00:00:00,,,,,,,,,,,,,,,,,,,,,,,,,,,,,,
SOLUSDT,high,2025-10-21,2025-10-21 15:15:00,сделка,,2025-10-22 00:00:00,185.54,6.655001616902016,8.75,1.6714667763834603,0.8271375464684028,0.7207825917236346,4.006377288623736,2.7566344373585605,0.25,False,2.116347493934855,5.533840773503389,True,False,False,19.0,0.7037753620312786,True,False,1.0,-1.0150262923672364,False,2.0,-1.0150262923672364,True,0.15063546298943245,0.13560917062219616,False,False
SOLUSDT,high,2025-12-02,2025-12-02 15:00:00,инвалидация,2025-12-03 00:00:00,,,,,,,,,,,,,,,,,,,,,,,,,,,,,,
SOLUSDT,high,2025-12-09,2025-12-09 16:00:00,сделка,,2025-12-11 02:00:00,132.81,9.212333408628876,34.0,4.020100502512559,0.8225602027883393,0.5304497789111479,4.256999282124915,3.618090452261301,1.25,False,7.903471165813862,5.664034458004317,False,False,False,20.0,0.758485970461548,False,False,1.0,-1.010855013118211,False,2.0,-1.010855013118211,True,0.11442676278514777,0.10357174966693676,,
SOLUSDT,high,2025-12-17,2025-12-17 14:45:00,нет сигнала,,,,,,,,,,,,,,,,,,,,,,,,,,,,,,,
SOLUSDT,high,2025-12-25,2025-12-25 16:15:00,сделка,,2025-12-25 23:00:00,121.76,2.286810118265438,6.75,0.1368209255533213,0.6657754010695183,0.8942616415626944,1.3038229376257582,0.072434607645878,0.25,True,2.9551576612264334,3.010060362173034,True,False,False,17.0,0.9373585881440307,True,False,1.0,-1.0437290351311943,False,2.0,-1.0437290351311943,True,0.4489265268889037,0.40519749175770936,True,True
SOLUSDT,high,2026-01-13,2026-01-13 16:30:00,инвалидация,2026-01-14 00:00:00,,,,,,,,,,,,,,,,,,,,,,,,,,,,,,
SOLUSDT,high,2026-01-27,2026-01-27 16:00:00,инвалидация,2026-01-28 00:00:00,,,,,,,,,,,,,,,,,,,,,,,,,,,,,,
SOLUSDT,high,2026-02-13,2026-02-13 15:00:00,инвалидация,2026-02-14 00:00:00,,,,,,,,,,,,,,,,,,,,,,,,,,,,,,
SOLUSDT,high,2026-03-02,2026-03-02 15:30:00,сделка,,2026-03-03 09:00:00,84.2,7.375676959619948,17.5,1.620162016201618,0.646408839779005,0.7535843563616683,5.17551755175517,2.3402340234023384,0.75,True,-5.8801165885185664,8.14581458145814,False,False,False,3.0,0.2898401370621801,True,False,1.0,-1.0135580775225754,False,2.0,-1.0135580775225754,False,0.4122170838217683,-1.0135580775225754,False,False
SOLUSDT,high,2026-04-04,2026-04-04 15:00:00,инвалидация,2026-04-06 00:00:00,,,,,,,,,,,,,,,,,,,,,,,,,,,,,,
SOLUSDT,high,2026-04-14,2026-04-14 13:30:00,сделка,,2026-04-14 19:00:00,84.05,4.375538370017843,5.5,0.967741935483875,0.5045871559633025,0.7477621518147515,2.96082949308755,1.6359447004608316,14.5,False,-4.823073194377125,6.278801843317976,True,False,False,14.0,0.3942745891386879,True,False,1.0,-1.0228543304945563,False,2.0,-1.0228543304945563,False,0.7341664763272113,-1.0228543304945563,False,False
SOLUSDT,high,2026-04-17,2026-04-17 14:30:00,сделка,,2026-04-18 11:00:00,86.92,4.464691670501604,20.5,0.14351954073746462,0.5319767441860463,0.9431263866663582,3.830867741223227,1.7332744535217568,18.5,False,-4.8768995170220295,7.595495694413773,False,False,False,6.0,1.0693919411654085,False,True,1.0,0.9776020367406995,False,2.0,-1.0223979632593005,True,0.8297450724223155,0.807347109163015,,
SOLUSDT,high,2026-05-20,2026-05-20 14:45:00,инвалидация,2026-05-21 00:00:00,,,,,,,,,,,,,,,,,,,,,,,,,,,,,,
SOLUSDT,high,2026-05-29,2026-05-29 15:30:00,сделка,,2026-05-31 15:00:00,81.91,1.8842265901599442,47.5,0.46999276934201084,0.34853420195439894,0.6932880644304349,0.5664015425403698,0.08435767654855769,10.25,True,4.2468790106171985,3.6996866714871137,False,True,False,10.0,11.772938439907394,False,True,1.0,0.9469278267686948,True,2.0,1.946927826768695,True,1.2958655409914581,1.242793367760153,,
SOLUSDT,high,2026-07-27,2026-07-27 13:30:00,сделка,,2026-07-27 23:00:00,74.01,4.793244156195099,9.5,0.5189413596263696,1.162878787878785,0.8654030466697484,3.25635703165543,0.15568240788791457,33.5,False,1.7413572343149801,3.425012973533992,True,False,False,18.0,0.9866158512521583,False,False,1.0,-1.020862696900335,False,2.0,-1.020862696900335,,,,,
SOLUSDT,high,2026-07-30,2026-07-30 13:45:00,сделка,,2026-07-31 03:00:00,74.11,1.680313048171648,13.25,1.0469798657718137,0.17410714285714352,0.31318257741230726,0.26845637583892995,0.10738255033556818,9.0,True,0.3787366427701895,3.006711409395966,False,False,False,22.0,2.89091609919052,False,True,1.0,0.9404872799691639,True,2.0,1.940487279969164,True,1.485609662084015,1.4260969420531788,,
SOLUSDT,high,2026-09-11,2026-09-11 13:45:00,инвалидация,2026-09-12 00:00:00,,,,,,,,,,,,,,,,,,,,,,,,,,,,,,
XRPUSDT,low,2020-01-08,2020-01-08 16:30:00,инвалидация,2020-01-10 00:00:00,,,,,,,,,,,,,,,,,,,,,,,,,,,,,,
XRPUSDT,low,2020-02-15,2020-02-15 16:30:00,инвалидация,2020-02-16 00:00:00,,,,,,,,,,,,,,,,,,,,,,,,,,,,,,
XRPUSDT,low,2020-02-16,2020-02-16 16:15:00,инвалидация,2020-02-18 00:00:00,,,,,,,,,,,,,,,,,,,,,,,,,,,,,,
XRPUSDT,low,2020-03-09,2020-03-09 15:30:00,нет сигнала,,,,,,,,,,,,,,,,,,,,,,,,,,,,,,,
XRPUSDT,low,2020-03-22,2020-03-22 15:30:00,инвалидация,2020-03-23 00:00:00,,,,,,,,,,,,,,,,,,,,,,,,,,,,,,
XRPUSDT,low,2020-04-19,2020-04-19 14:00:00,инвалидация,2020-04-21 00:00:00,,,,,,,,,,,,,,,,,,,,,,,,,,,,,,
XRPUSDT,low,2020-04-26,2020-04-26 15:00:00,нет сигнала,,,,,,,,,,,,,,,,,,,,,,,,,,,,,,,
XRPUSDT,low,2020-05-20,2020-05-20 15:45:00,инвалидация,2020-05-22 00:00:00,,,,,,,,,,,,,,,,,,,,,,,,,,,,,,
XRPUSDT,low,2020-05-21,2020-05-21 14:15:00,инвалидация,2020-05-22 00:00:00,,,,,,,,,,,,,,,,,,,,,,,,,,,,,,
XRPUSDT,low,2020-05-24,2020-05-24 13:45:00,инвалидация,2020-05-25 00:00:00,,,,,,,,,,,,,,,,,,,,,,,,,,,,,,
XRPUSDT,low,2020-06-02,2020-06-02 14:45:00,нет сигнала,,,,,,,,,,,,,,,,,,,,,,,,,,,,,,,
XRPUSDT,low,2020-06-07,2020-06-07 13:45:00,нет сигнала,,,,,,,,,,,,,,,,,,,,,,,,,,,,,,,
XRPUSDT,low,2020-06-17,2020-06-17 15:45:00,инвалидация,2020-06-19 00:00:00,,,,,,,,,,,,,,,,,,,,,,,,,,,,,,
XRPUSDT,low,2020-07-02,2020-07-02 15:00:00,нет сигнала,,,,,,,,,,,,,,,,,,,,,,,,,,,,,,,
XRPUSDT,low,2020-07-12,2020-07-12 13:30:00,сделка,,2020-07-13 12:00:00,0.2031,2.8053175775480046,22.5,0.05058168942842134,0.750000000000001,0.9477674810446537,2.124430955993935,0.40465351542741285,25.5,True,6.677265500794912,3.6418816388467437,False,False,False,7.0,0.6493962370120772,True,False,1.0,-1.0356465880370682,False,2.0,-1.0356465880370682,True,0.31592249368154957,0.2802759056444813,True,False
XRPUSDT,low,2020-07-27,2020-07-27 15:00:00,нет сигнала,,,,,,,,,,,,,,,,,,,,,,,,,,,,,,,
XRPUSDT,low,2020-08-07,2020-08-07 14:15:00,инвалидация,2020-08-08 00:00:00,,,,,,,,,,,,,,,,,,,,,,,,,,,,,,
XRPUSDT,low,2020-08-18,2020-08-18 13:45:00,инвалидация,2020-08-20 00:00:00,,,,,,,,,,,,,,,,,,,,,,,,,,,,,,
XRPUSDT,low,2020-10-06,2020-10-06 15:00:00,инвалидация,2020-10-07 00:00:00,,,,,,,,,,,,,,,,,,,,,,,,,,,,,,
XRPUSDT,low,2020-10-26,2020-10-26 15:15:00,инвалидация,2020-10-27 00:00:00,,,,,,,,,,,,,,,,,,,,,,,,,,,,,,
XRPUSDT,low,2020-11-09,2020-11-09 15:00:00,сделка,,2020-11-10 08:00:00,0.2607,5.9246260069044885,17.0,0.6475111290975275,1.359999999999999,0.8805153604609757,5.34196681505463,1.1736139214892587,47.0,True,6.015037593984973,4.046944556859574,False,False,False,2.0,1.1071185782266681,False,True,1.0,0.9831212974652812,False,2.0,-1.0168787025347188,,,,,
XRPUSDT,low,2020-11-12,2020-11-12 16:30:00,нет сигнала,,,,,,,,,,,,,,,,,,,,,,,,,,,,,,,
XRPUSDT,low,2021-01-02,2021-01-02 16:30:00,нет сигнала,,,,,,,,,,,,,,,,,,,,,,,,,,,,,,,
XRPUSDT,low,2021-01-15,2021-01-15 14:30:00,инвалидация,2021-01-16 00:00:00,,,,,,,,,,,,,,,,,,,,,,,,,,,,,,
XRPUSDT,low,2021-02-01,2021-02-01 16:45:00,инвалидация,2021-02-02 00:00:00,,,,,,,,,,,,,,,,,,,,,,,,,,,,,,
XRPUSDT,low,2021-05-03,2021-05-03 13:45:00,сделка,2021-05-05 00:00:00,2021-05-04 22:00:00,1.4449,8.811606339539077,32.25,13.446646541540892,-0.5792951541850223,-0.6197037517603426,-6.155663472896713,0.603753773461076,0.75,False,11.24723983189687,8.93818086363039,False,False,True,17.0,2.5707102401921444,False,True,1.0,0.9886513314205511,True,2.0,1.9886513314205512,True,1.689458517156523,1.6781098485770742,,
XRPUSDT,low,2021-06-15,2021-06-15 14:30:00,инвалидация,2021-06-17 00:00:00,,,,,,,,,,,,,,,,,,,,,,,,,,,,,,
XRPUSDT,low,2021-06-18,2021-06-18 13:30:00,инвалидация,2021-06-19 00:00:00,,,,,,,,,,,,,,,,,,,,,,,,,,,,,,
XRPUSDT,low,2021-08-16,2021-08-16 14:30:00,инвалидация,2021-08-17 00:00:00,,,,,,,,,,,,,,,,,,,,,,,,,,,,,,
XRPUSDT,low,2021-08-22,2021-08-22 14:45:00,нет сигнала,,,,,,,,,,,,,,,,,,,,,,,,,,,,,,,
XRPUSDT,low,2021-08-24,2021-08-24 13:30:00,инвалидация,2021-08-25 00:00:00,,,,,,,,,,,,,,,,,,,,,,,,,,,,,,
XRPUSDT,low,2021-10-21,2021-10-21 15:15:00,нет сигнала,,,,,,,,,,,,,,,,,,,,,,,,,,,,,,,
XRPUSDT,low,2021-10-22,2021-10-22 14:00:00,нет сигнала,,,,,,,,,,,,,,,,,,,,,,,,,,,,,,,
XRPUSDT,low,2021-11-18,2021-11-18 15:15:00,инвалидация,2021-11-19 00:00:00,,,,,,,,,,,,,,,,,,,,,,,,,,,,,,
XRPUSDT,low,2021-12-03,2021-12-03 16:00:00,инвалидация,2021-12-04 00:00:00,,,,,,,,,,,,,,,,,,,,,,,,,,,,,,
XRPUSDT,low,2021-12-24,2021-12-24 14:45:00,инвалидация,2021-12-25 00:00:00,,,,,,,,,,,,,,,,,,,,,,,,,,,,,,
XRPUSDT,low,2022-02-02,2022-02-02 15:15:00,инвалидация,2022-02-03 00:00:00,,,,,,,,,,,,,,,,,,,,,,,,,,,,,,
XRPUSDT,low,2022-03-03,2022-03-03 15:30:00,инвалидация,2022-03-04 00:00:00,,,,,,,,,,,,,,,,,,,,,,,,,,,,,,
XRPUSDT,low,2022-03-31,2022-03-31 14:00:00,инвалидация,2022-04-01 00:00:00,,,,,,,,,,,,,,,,,,,,,,,,,,,,,,
XRPUSDT,low,2022-04-20,2022-04-20 13:30:00,инвалидация,2022-04-21 00:00:00,,,,,,,,,,,,,,,,,,,,,,,,,,,,,,
XRPUSDT,low,2022-04-22,2022-04-22 14:15:00,инвалидация,2022-04-24 00:00:00,,,,,,,,,,,,,,,,,,,,,,,,,,,,,,
XRPUSDT,low,2022-04-24,2022-04-24 13:30:00,инвалидация,2022-04-25 00:00:00,,,,,,,,,,,,,,,,,,,,,,,,,,,,,,
XRPUSDT,low,2022-04-28,2022-04-28 14:00:00,инвалидация,2022-04-30 00:00:00,,,,,,,,,,,,,,,,,,,,,,,,,,,,,,
XRPUSDT,low,2022-05-05,2022-05-05 15:00:00,инвалидация,2022-05-06 00:00:00,,,,,,,,,,,,,,,,,,,,,,,,,,,,,,
XRPUSDT,low,2022-05-24,2022-05-24 13:45:00,нет сигнала,,,,,,,,,,,,,,,,,,,,,,,,,,,,,,,
XRPUSDT,low,2022-06-27,2022-06-27 13:30:00,инвалидация,2022-06-28 00:00:00,,,,,,,,,,,,,,,,,,,,,,,,,,,,,,
XRPUSDT,low,2022-08-26,2022-08-26 15:00:00,инвалидация,2022-08-27 00:00:00,,,,,,,,,,,,,,,,,,,,,,,,,,,,,,
XRPUSDT,low,2022-09-15,2022-09-15 14:15:00,инвалидация,2022-09-16 00:00:00,,,,,,,,,,,,,,,,,,,,,,,,,,,,,,
XRPUSDT,low,2022-10-24,2022-10-24 14:15:00,сделка,,2022-10-25 17:00:00,0.4631,4.392830922047075,26.75,1.8600531443755577,0.5528846153846163,0.5652994612450355,1.660761736049603,0.11071744906997352,22.75,True,0.6658075601374552,4.605845881310891,False,False,False,12.0,1.0077077352628867,False,True,1.0,0.9772356364780369,False,2.0000000000000027,-1.0227643635219632,True,0.45715521648511404,0.43439085296315094,,
XRPUSDT,low,2022-11-16,2022-11-16 15:45:00,сделка,,2022-11-16 23:00:00,0.3767,4.184045659676129,7.25,1.3380666302566946,0.33227848101265717,0.6661887027085309,2.1845985800109093,0.027307482250133526,0.0,True,-1.42095914742451,8.629164391043135,True,False,False,17.0,1.2689308623019704,True,True,1.0,0.9760996872085425,False,2.0,-1.0239003127914577,False,1.338722059728578,-1.0239003127914577,True,False
XRPUSDT,low,2023-01-18,2023-01-18 15:45:00,нет сигнала,,,,,,,,,,,,,,,,,,,,,,,,,,,,,,,
XRPUSDT,low,2023-05-06,2023-05-06 14:00:00,инвалидация,2023-05-08 00:00:00,,,,,,,,,,,,,,,,,,,,,,,,,,,,,,
XRPUSDT,low,2023-05-21,2023-05-21 15:30:00,инвалидация,2023-05-22 00:00:00,,,,,,,,,,,,,,,,,,,,,,,,,,,,,,
XRPUSDT,low,2023-06-05,2023-06-05 15:15:00,инвалидация,2023-06-06 00:00:00,,,,,,,,,,,,,,,,,,,,,,,,,,,,,,
XRPUSDT,low,2023-06-13,2023-06-13 15:15:00,инвалидация,2023-06-15 00:00:00,,,,,,,,,,,,,,,,,,,,,,,,,,,,,,
XRPUSDT,low,2023-06-24,2023-06-24 15:30:00,нет сигнала,,,,,,,,,,,,,,,,,,,,,,,,,,,,,,,
XRPUSDT,low,2023-06-30,2023-06-30 13:30:00,сделка,,2023-07-02 04:00:00,0.4934,9.211268747466558,38.5,2.712085050987189,2.03125,0.7150966810712814,5.87980039054025,0.3254502061184642,105.75,True,-2.447552447552452,3.4714688652636183,False,False,False,23.0,0.006600892440658471,False,False,1.0,-1.0108562677674022,False,1.9999999999999987,-1.0108562677674022,,,,,
XRPUSDT,low,2023-07-06,2023-07-06 14:00:00,инвалидация,2023-07-07 00:00:00,,,,,,,,,,,,,,,,,,,,,,,,,,,,,,
XRPUSDT,low,2023-07-12,2023-07-12 13:30:00,сделка,,2023-07-13 06:00:00,0.4726,1.9390393567499065,16.5,1.4237144071398298,0.26666666666666666,0.2182476893025883,0.29749256268592367,0.021249468763278576,3.5,False,2.836725855348636,1.5937101572460703,False,False,False,1.0,53.73258110629719,False,True,1.0,0.9484280710177985,True,2.0,1.9484280710177984,True,0.6001811455821179,0.5486092165999163,,
XRPUSDT,low,2023-08-15,2023-08-15 14:00:00,инвалидация,2023-08-16 00:00:00,,,,,,,,,,,,,,,,,,,,,,,,,,,,,,
XRPUSDT,low,2023-08-21,2023-08-21 15:15:00,нет сигнала,,,,,,,,,,,,,,,,,,,,,,,,,,,,,,,
XRPUSDT,low,2023-08-24,2023-08-24 14:30:00,сделка,,2023-08-25 19:00:00,0.5262,3.6312428734321553,28.5,1.4942751795070697,0.5141509433962275,0.5704536414829712,1.3778381525325045,0.8344653599844694,17.0,True,4.74495848161329,4.114108286435085,False,False,False,14.0,1.256044715191862,False,True,1.0,0.9724612196194184,False,2.0,-1.0275387803805816,True,0.5390525236031722,0.5115137432225907,,
XRPUSDT,low,2023-08-31,2023-08-31 14:00:00,инвалидация,2023-09-01 00:00:00,,,,,,,,,,,,,,,,,,,,,,,,,,,,,,
XRPUSDT,low,2023-09-04,2023-09-04 15:00:00,нет сигнала,,,,,,,,,,,,,,,,,,,,,,,,,,,,,,,
XRPUSDT,low,2023-09-06,2023-09-06 14:00:00,сделка,,2023-09-07 00:00:00,0.503,2.542882703777334,10.0,1.6041708441948972,0.43434343434343364,0.3361817570578647,0.8421896932023335,0.16041708441949526,9.0,False,-1.0771641206423932,1.9851614196912122,True,False,False,19.0,0.343999937454554,True,False,0.9999999999999957,-1.0393254473953732,False,2.0,-1.0393254473953732,False,0.43781810221489476,-1.0393254473953732,True,False
XRPUSDT,low,2023-10-05,2023-10-05 15:30:00,сделка,,2023-10-06 22:00:00,0.5268,2.375626423690214,30.5,0.48327856176298994,0.3800000000000022,0.7591012241506079,1.778465107287838,0.21264256717571814,7.5,False,2.149299558625981,4.832785617630007,False,False,False,17.0,0.1678013232332904,True,False,1.0,-1.0420941605139513,False,2.0,-1.0420941605139513,False,1.238533576245717,-1.0420941605139513,True,False
XRPUSDT,low,2023-10-17,2023-10-17 13:45:00,нет сигнала,,,,,,,,,,,,,,,,,,,,,,,,,,,,,,,
XRPUSDT,low,2023-11-13,2023-11-13 14:30:00,инвалидация,2023-11-15 00:00:00,,,,,,,,,,,,,,,,,,,,,,,,,,,,,,
XRPUSDT,low,2023-11-26,2023-11-26 16:15:00,инвалидация,2023-11-28 00:00:00,,,,,,,,,,,,,,,,,,,,,,,,,,,,,,
XRPUSDT,low,2024-01-12,2024-01-12 15:30:00,инвалидация,2024-01-13 00:00:00,,,,,,,,,,,,,,,,,,,,,,,,,,,,,,
XRPUSDT,low,2024-01-15,2024-01-15 14:45:00,нет сигнала,,,,,,,,,,,,,,,,,,,,,,,,,,,,,,,
XRPUSDT,low,2024-01-16,2024-01-16 14:30:00,нет сигнала,,,,,,,,,,,,,,,,,,,,,,,,,,,,,,,
XRPUSDT,low,2024-01-19,2024-01-19 15:00:00,нет сигнала,,,,,,,,,,,,,,,,,,,,,,,,,,,,,,,
XRPUSDT,low,2024-01-29,2024-01-29 14:45:00,инвалидация,2024-01-31 00:00:00,,,,,,,,,,,,,,,,,,,,,,,,,,,,,,
XRPUSDT,low,2024-02-20,2024-02-20 15:15:00,инвалидация,2024-02-22 00:00:00,,,,,,,,,,,,,,,,,,,,,,,,,,,,,,
XRPUSDT,low,2024-03-05,2024-03-05 16:00:00,инвалидация,2024-03-06 00:00:00,,,,,,,,,,,,,,,,,,,,,,,,,,,,,,
XRPUSDT,low,2024-03-08,2024-03-08 15:30:00,нет сигнала,,,,,,,,,,,,,,,,,,,,,,,,,,,,,,,
XRPUSDT,low,2024-03-14,2024-03-14 13:45:00,инвалидация,2024-03-16 00:00:00,,,,,,,,,,,,,,,,,,,,,,,,,,,,,,
XRPUSDT,low,2024-03-26,2024-03-26 14:30:00,инвалидация,2024-03-28 00:00:00,,,,,,,,,,,,,,,,,,,,,,,,,,,,,,
XRPUSDT,low,2024-04-17,2024-04-17 15:30:00,сделка,,2024-04-17 19:00:00,0.4992,5.6833533653846136,3.5,0.7789473684210487,0.9063670411984999,0.8529746610130664,4.252631578947367,0.378947368421046,4.0,False,-18.541632451962556,5.62105263157896,True,False,False,14.0,0.22205538695794605,True,False,1.0,-1.0175952458999058,False,2.0,-1.0175952458999058,True,0.08811721704680642,0.07052197114690052,False,True
XRPUSDT,low,2024-05-10,2024-05-10 14:15:00,инвалидация,2024-05-11 00:00:00,,,,,,,,,,,,,,,,,,,,,,,,,,,,,,
XRPUSDT,low,2024-05-26,2024-05-26 15:45:00,инвалидация,2024-05-27 00:00:00,,,,,,,,,,,,,,,,,,,,,,,,,,,,,,
XRPUSDT,low,2024-06-23,2024-06-23 14:00:00,инвалидация,2024-06-24 00:00:00,,,,,,,,,,,,,,,,,,,,,,,,,,,,,,
XRPUSDT,low,2024-07-07,2024-07-07 14:00:00,инвалидация,2024-07-08 00:00:00,,,,,,,,,,,,,,,,,,,,,,,,,,,,,,
XRPUSDT,low,2024-08-21,2024-08-21 13:30:00,нет сигнала,,,,,,,,,,,,,,,,,,,,,,,,,,,,,,,
XRPUSDT,low,2024-08-23,2024-08-23 14:45:00,сделка,,2024-08-23 20:00:00,0.607,2.848484349258646,5.25,0.23660638837247877,1.085106382978722,0.884889215340393,2.4336657089741367,0.5746155146188877,70.75,False,5.529058470234939,2.3829643400371814,True,False,False,15.0,1.3938451039021902,True,True,1.0,0.9648936108685217,False,2.0,-1.0351063891314785,,,,True,False
XRPUSDT,low,2024-08-30,2024-08-30 14:30:00,сделка,,2024-08-31 11:00:00,0.5701,4.358147693387149,20.5,1.97557471264368,0.6751269035533023,0.535301741139348,2.370689655172412,0.9159482758620678,19.75,False,-8.26662310080052,3.538074712643687,False,False,False,6.0,0.004024825121348012,True,False,1.0,-1.0229455280168076,False,2.0,-1.0229455280168076,False,0.25758880776629955,-1.0229455280168076,False,False
XRPUSDT,low,2024-10-01,2024-10-01 14:45:00,инвалидация,2024-10-02 00:00:00,,,,,,,,,,,,,,,,,,,,,,,,,,,,,,
XRPUSDT,low,2024-10-02,2024-10-02 13:30:00,инвалидация,2024-10-03 00:00:00,,,,,,,,,,,,,,,,,,,,,,,,,,,,,,
XRPUSDT,low,2024-12-10,2024-12-10 16:30:00,сделка,,2024-12-10 21:00:00,2.2917,17.170663699437107,4.5,5.4676616915422835,0.4702838063439068,0.7158829184541506,8.238805970149276,1.3184079601990255,2.0,False,-6.262711864406769,29.800995024875636,True,False,False,15.0,0.6116898064320689,False,False,1.0,-1.0058238867029512,False,2.0,-1.0058238867029512,False,0.8063530352342978,-1.0058238867029512,,
XRPUSDT,low,2024-12-18,2024-12-18 16:15:00,инвалидация,2024-12-19 00:00:00,,,,,,,,,,,,,,,,,,,,,,,,,,,,,,
XRPUSDT,low,2025-01-07,2025-01-07 15:00:00,инвалидация,2025-01-08 00:00:00,,,,,,,,,,,,,,,,,,,,,,,,,,,,,,
XRPUSDT,low,2025-02-06,2025-02-06 15:15:00,инвалидация,2025-02-07 00:00:00,,,,,,,,,,,,,,,,,,,,,,,,,,,,,,
XRPUSDT,low,2025-03-10,2025-03-10 14:15:00,инвалидация,2025-03-11 00:00:00,,,,,,,,,,,,,,,,,,,,,,,,,,,,,,
XRPUSDT,low,2025-03-26,2025-03-26 14:15:00,инвалидация,2025-03-27 00:00:00,,,,,,,,,,,,,,,,,,,,,,,,,,,,,,
XRPUSDT,low,2025-05-04,2025-05-04 13:45:00,инвалидация,2025-05-05 00:00:00,,,,,,,,,,,,,,,,,,,,,,,,,,,,,,
XRPUSDT,low,2025-05-11,2025-05-11 15:45:00,нет сигнала,,,,,,,,,,,,,,,,,,,,,,,,,,,,,,,
XRPUSDT,low,2025-05-28,2025-05-28 15:00:00,сделка,2025-05-30 00:00:00,2025-05-29 01:00:00,2.2945,3.1520767051645167,10.0,1.7664723547076502,0.3366890380313204,0.416180431500297,0.9583112524288822,0.825825825825823,3.75,True,-4.699588477366267,3.9480657127715917,False,False,False,20.0,0.24058270791046862,True,False,1.0,-1.0317251162816423,False,2.0,-1.0317251162816423,False,0.8199169298328094,-1.0317251162816423,True,False
XRPUSDT,low,2025-07-28,2025-07-28 14:15:00,инвалидация,2025-07-29 00:00:00,,,,,,,,,,,,,,,,,,,,,,,,,,,,,,
XRPUSDT,low,2025-08-02,2025-08-02 14:30:00,инвалидация,2025-08-03 00:00:00,,,,,,,,,,,,,,,,,,,,,,,,,,,,,,
XRPUSDT,low,2025-08-19,2025-08-19 14:30:00,инвалидация,2025-08-20 00:00:00,,,,,,,,,,,,,,,,,,,,,,,,,,,,,,
XRPUSDT,low,2025-08-20,2025-08-20 13:45:00,сделка,,2025-08-20 18:00:00,2.9421,4.334230651575402,4.25,1.0535927512818644,0.40783807062876803,0.7426437490099397,2.7252932499824363,0.7023951675212481,18.25,False,-7.0871514915188065,8.154807894921689,True,False,False,13.0,0.35995087729204084,True,False,1.0,-1.023072145448386,False,2.0,-1.023072145448386,False,1.0782842184674428,-1.023072145448386,False,True
XRPUSDT,low,2025-09-04,2025-09-04 14:00:00,инвалидация,2025-09-05 00:00:00,,,,,,,,,,,,,,,,,,,,,,,,,,,,,,
XRPUSDT,low,2025-10-10,2025-10-10 15:15:00,инвалидация,2025-10-11 00:00:00,,,,,,,,,,,,,,,,,,,,,,,,,,,,,,
XRPUSDT,low,2025-11-20,2025-11-20 16:15:00,инвалидация,2025-11-21 00:00:00,,,,,,,,,,,,,,,,,,,,,,,,,,,,,,
XRPUSDT,low,2025-12-12,2025-12-12 15:45:00,нет сигнала,,,,,,,,,,,,,,,,,,,,,,,,,,,,,,,
XRPUSDT,low,2025-12-15,2025-12-15 14:45:00,инвалидация,2025-12-16 00:00:00,,,,,,,,,,,,,,,,,,,,,,,,,,,,,,
XRPUSDT,low,2025-12-31,2025-12-31 16:30:00,инвалидация,2026-01-01 00:00:00,,,,,,,,,,,,,,,,,,,,,,,,,,,,,,
XRPUSDT,low,2026-01-07,2026-01-07 14:30:00,инвалидация,2026-01-08 00:00:00,,,,,,,,,,,,,,,,,,,,,,,,,,,,,,
XRPUSDT,low,2026-01-23,2026-01-23 14:30:00,сделка,,2026-01-23 18:00:00,1.9465,3.1947701001797975,3.5,0.7315404452397138,0.6884272997032628,0.7461462510975133,2.1788326930161626,0.3473501394663407,22.75,False,-6.773990205110795,3.547181727277519,True,False,False,12.0,0.2235222605658503,True,False,1.0,-1.0313011568483041,False,2.0,-1.0313011568483041,False,0.3376955015743077,-1.0313011568483041,True,False
XRPUSDT,low,2026-02-04,2026-02-04 16:30:00,инвалидация,2026-02-05 00:00:00,,,,,,,,,,,,,,,,,,,,,,,,,,,,,,
XRPUSDT,low,2026-02-17,2026-02-17 14:30:00,сделка,2026-02-19 00:00:00,2026-02-17 17:00:00,1.4761,3.483917078788702,2.5,1.4579878385848617,0.42375366568914824,0.561971450294693,1.444168048645655,0.38004422332780957,2.75,True,8.57560262965668,4.71254836926479,True,True,False,11.0,0.33446051713040836,True,False,1.0,-1.0287033237986158,False,2.0,-1.0287033237986158,False,0.7642033908851749,-1.0287033237986158,False,False
XRPUSDT,low,2026-04-29,2026-04-29 15:00:00,сделка,,2026-05-01 14:00:00,1.3977,3.923889246619431,47.0,1.6534972197834323,0.9307228915662658,0.5634141805332205,1.558384547848981,1.3462101258413792,2.0,False,-4.040614785451008,2.429031314018137,False,False,False,9.0,1.0775979957771356,False,True,1.0,0.9745150809019002,False,2.0,-1.0254849190981,True,0.04193697783904182,0.016452058740942015,,
XRPUSDT,low,2026-05-12,2026-05-12 13:45:00,инвалидация,2026-05-13 00:00:00,,,,,,,,,,,,,,,,,,,,,,,,,,,,,,
XRPUSDT,low,2026-05-13,2026-05-13 15:15:00,сделка,,2026-05-14 15:00:00,1.4706,4.189473684210508,23.75,0.507900677200894,0.7981927710843362,0.8602443743264151,2.2361738148984243,0.007054176072233986,3.75,False,3.6366260191933044,4.683972911963884,False,True,False,10.0,1.2692662277797317,True,True,1.0,0.9761306532663315,False,2.0,-1.0238693467336684,True,0.21749574747120837,0.19362640073753992,False,False
XRPUSDT,low,2026-05-19,2026-05-19 14:45:00,инвалидация,2026-05-20 00:00:00,,,,,,,,,,,,,,,,,,,,,,,,,,,,,,
XRPUSDT,low,2026-05-22,2026-05-22 14:15:00,инвалидация,2026-05-23 00:00:00,,,,,,,,,,,,,,,,,,,,,,,,,,,,,,
XRPUSDT,low,2026-05-31,2026-05-31 14:15:00,сделка,2026-06-02 00:00:00,2026-05-31 22:00:00,1.3338,1.2834008097165965,7.75,0.6782215523737677,0.177083333333337,0.39724266853605283,0.4822908816880152,0.09796533534286789,0.25,True,-0.6817844968133894,2.893745290128108,True,False,False,17.0,0.47902792382287657,True,False,1.0,-1.0779179810725554,False,2.0,-1.0779179810725554,False,1.8460100479027872,-1.0779179810725554,True,False
XRPUSDT,low,2026-06-09,2026-06-09 14:45:00,инвалидация,2026-06-11 00:00:00,,,,,,,,,,,,,,,,,,,,,,,,,,,,,,
XRPUSDT,low,2026-06-14,2026-06-14 14:30:00,нет сигнала,,,,,,,,,,,,,,,,,,,,,,,,,,,,,,,
XRPUSDT,low,2026-06-25,2026-06-25 13:45:00,инвалидация,2026-06-26 00:00:00,,,,,,,,,,,,,,,,,,,,,,,,,,,,,,
XRPUSDT,low,2026-07-07,2026-07-07 14:30:00,инвалидация,2026-07-09 00:00:00,,,,,,,,,,,,,,,,,,,,,,,,,,,,,,
XRPUSDT,low,2026-07-27,2026-07-27 14:30:00,инвалидация,2026-07-28 00:00:00,,,,,,,,,,,,,,,,,,,,,,,,,,,,,,
XRPUSDT,low,2026-07-31,2026-07-31 13:45:00,инвалидация,2026-08-01 00:00:00,,,,,,,,,,,,,,,,,,,,,,,,,,,,,,
XRPUSDT,low,2026-08-28,2026-08-28 14:00:00,инвалидация,2026-08-29 00:00:00,,,,,,,,,,,,,,,,,,,,,,,,,,,,,,
XRPUSDT,low,2026-09-16,2026-09-16 14:45:00,нет сигнала,,,,,,,,,,,,,,,,,,,,,,,,,,,,,,,
XRPUSDT,high,2020-01-10,2020-01-10 14:45:00,инвалидация,2020-01-11 00:00:00,,,,,,,,,,,,,,,,,,,,,,,,,,,,,,
XRPUSDT,high,2020-01-18,2020-01-18 15:00:00,сделка,,2020-01-20 12:00:00,0.2296,11.260975609756095,45.0,4.205798285014282,0.8406593406593413,0.5917571707045396,5.798285014291555,0.20416496529195607,35.25,False,-10.889712696941622,7.431604736627192,False,False,False,6.0,0.6226987221139271,False,False,1.0,-1.0088802252544942,False,2.0,-1.0088802252544942,True,0.11216312385902977,0.1032828986045355,,
XRPUSDT,high,2020-02-04,2020-02-04 14:45:00,инвалидация,2020-02-05 00:00:00,,,,,,,,,,,,,,,,,,,,,,,,,,,,,,
XRPUSDT,high,2020-02-11,2020-02-11 16:30:00,инвалидация,2020-02-13 00:00:00,,,,,,,,,,,,,,,,,,,,,,,,,,,,,,
XRPUSDT,high,2020-03-31,2020-03-31 14:45:00,нет сигнала,,,,,,,,,,,,,,,,,,,,,,,,,,,,,,,
XRPUSDT,high,2020-04-25,2020-04-25 15:45:00,сделка,,2020-04-27 15:00:00,0.1949,2.5652642380708035,47.25,1.4220416455053313,0.39215686274509887,0.4000240014400871,0.7618080243778574,0.3555104113763363,1.25,False,-2.223398623610366,2.59014728288471,False,True,False,10.0,0.16000960057603372,True,False,1.0,-1.0389823389403365,False,2.0,-1.0389823389403365,False,0.6200372022321328,-1.0389823389403365,True,False
XRPUSDT,high,2020-05-02,2020-05-02 14:00:00,сделка,,2020-05-03 15:00:00,0.2168,4.763330258302583,25.0,1.024042742653605,0.5909090909090915,0.7553089504110625,2.315227070347276,0.1780943900267069,9.0,False,-11.065782763895971,5.877114870881563,False,True,False,10.0,0.9392944639727301,False,False,1.0,-1.0209937154421946,False,2.0,-1.0209937154421946,True,0.5229061964384266,0.501912480996232,,
XRPUSDT,high,2020-08-06,2020-08-06 15:00:00,нет сигнала,,,,,,,,,,,,,,,,,,,,,,,,,,,,,,,
XRPUSDT,high,2020-10-08,2020-10-08 14:45:00,инвалидация,2020-10-09 00:00:00,,,,,,,,,,,,,,,,,,,,,,,,,,,,,,
XRPUSDT,high,2020-10-18,2020-10-18 14:15:00,инвалидация,2020-10-20 00:00:00,,,,,,,,,,,,,,,,,,,,,,,,,,,,,,
XRPUSDT,high,2020-10-21,2020-10-21 13:30:00,инвалидация,2020-10-22 00:00:00,,,,,,,,,,,,,,,,,,,,,,,,,,,,,,
XRPUSDT,high,2021-01-06,2021-01-06 14:30:00,инвалидация,2021-01-07 00:00:00,,,,,,,,,,,,,,,,,,,,,,,,,,,,,,
XRPUSDT,high,2021-02-03,2021-02-03 16:30:00,инвалидация,2021-02-05 00:00:00,,,,,,,,,,,,,,,,,,,,,,,,,,,,,,
XRPUSDT,high,2021-02-04,2021-02-04 16:15:00,инвалидация,2021-02-05 00:00:00,,,,,,,,,,,,,,,,,,,,,,,,,,,,,,
XRPUSDT,high,2021-03-01,2021-03-01 15:45:00,инвалидация,2021-03-02 00:00:00,,,,,,,,,,,,,,,,,,,,,,,,,,,,,,
XRPUSDT,high,2021-03-13,2021-03-13 14:45:00,сделка,,2021-03-14 14:00:00,0.4461,4.946805648957638,23.25,0.4294610264118535,0.4444444444444443,0.888175931338562,4.187245007515571,0.5153532316942265,2.75,True,5.600858369098715,9.469615632381368,False,False,False,9.0,1.0649048156355214,True,True,1.0,0.9797849345423402,False,2.0,-1.0202150654576598,False,1.1102199141732032,-1.0202150654576598,True,False
XRPUSDT,high,2021-05-15,2021-05-15 14:30:00,инвалидация,2021-05-16 00:00:00,,,,,,,,,,,,,,,,,,,,,,,,,,,,,,
XRPUSDT,high,2021-06-09,2021-06-09 15:15:00,инвалидация,2021-06-10 00:00:00,,,,,,,,,,,,,,,,,,,,,,,,,,,,,,
XRPUSDT,high,2021-06-24,2021-06-24 15:15:00,инвалидация,2021-06-25 00:00:00,,,,,,,,,,,,,,,,,,,,,,,,,,,,,,
XRPUSDT,high,2021-07-21,2021-07-21 15:45:00,инвалидация,2021-07-22 00:00:00,,,,,,,,,,,,,,,,,,,,,,,,,,,,,,
XRPUSDT,high,2021-09-03,2021-09-03 15:00:00,нет сигнала,,,,,,,,,,,,,,,,,,,,,,,,,,,,,,,
XRPUSDT,high,2021-09-05,2021-09-05 15:00:00,инвалидация,2021-09-06 00:00:00,,,,,,,,,,,,,,,,,,,,,,,,,,,,,,
XRPUSDT,high,2021-09-12,2021-09-12 13:30:00,инвалидация,2021-09-13 00:00:00,,,,,,,,,,,,,,,,,,,,,,,,,,,,,,
XRPUSDT,high,2021-09-22,2021-09-22 15:00:00,инвалидация,2021-09-23 00:00:00,,,,,,,,,,,,,,,,,,,,,,,,,,,,,,
XRPUSDT,high,2021-10-06,2021-10-06 14:45:00,нет сигнала,,,,,,,,,,,,,,,,,,,,,,,,,,,,,,,
XRPUSDT,high,2022-01-02,2022-01-02 15:30:00,инвалидация,2022-01-03 00:00:00,,,,,,,,,,,,,,,,,,,,,,,,,,,,,,
XRPUSDT,high,2022-01-11,2022-01-11 16:30:00,инвалидация,2022-01-12 00:00:00,,,,,,,,,,,,,,,,,,,,,,,,,,,,,,
XRPUSDT,high,2022-01-20,2022-01-20 14:30:00,сделка,,2022-01-20 22:00:00,0.7323,4.105093540898557,7.5,1.1420982735723841,0.6877076411960147,0.6885861032014251,0.9030544488711857,0.6507304116865891,0.0,True,4.50368836547173,3.9973439575033223,True,False,False,16.0,6.170662905500678,False,True,1.0,0.9756400191606569,True,2.0,1.975640019160657,True,0.31269127391755336,0.28833129307821026,,
XRPUSDT,high,2022-02-12,2022-02-12 16:30:00,нет сигнала,,,,,,,,,,,,,,,,,,,,,,,,,,,,,,,
XRPUSDT,high,2022-07-04,2022-07-04 15:00:00,инвалидация,2022-07-05 00:00:00,,,,,,,,,,,,,,,,,,,,,,,,,,,,,,
XRPUSDT,high,2022-07-30,2022-07-30 13:45:00,инвалидация,2022-07-31 00:00:00,,,,,,,,,,,,,,,,,,,,,,,,,,,,,,
XRPUSDT,high,2022-10-09,2022-10-09 15:00:00,инвалидация,2022-10-10 00:00:00,,,,,,,,,,,,,,,,,,,,,,,,,,,,,,
XRPUSDT,high,2023-01-20,2023-01-20 16:45:00,инвалидация,2023-01-21 00:00:00,,,,,,,,,,,,,,,,,,,,,,,,,,,,,,
XRPUSDT,high,2023-02-09,2023-02-09 14:30:00,нет сигнала,,,,,,,,,,,,,,,,,,,,,,,,,,,,,,,
XRPUSDT,high,2023-02-12,2023-02-12 16:30:00,нет сигнала,,,,,,,,,,,,,,,,,,,,,,,,,,,,,,,
XRPUSDT,high,2023-02-19,2023-02-19 16:00:00,инвалидация,2023-02-21 00:00:00,,,,,,,,,,,,,,,,,,,,,,,,,,,,,,
XRPUSDT,high,2023-02-28,2023-02-28 16:00:00,сделка,2023-03-02 00:00:00,2023-02-28 22:00:00,0.3761,1.7767614996011787,6.0,0.6315789473684245,0.4148936170212773,0.5836226505447137,0.789473684210527,0.05263157894736262,3.0,False,4.300531242094602,2.473684210526321,True,False,False,16.0,0.5387286005028096,True,False,1.0,-1.0562821740691963,False,2.0,-1.0562821740691963,False,0.8230575841015171,-1.0562821740691963,False,True
XRPUSDT,high,2023-05-14,2023-05-14 15:30:00,сделка,,2023-05-15 01:00:00,0.4224,2.2565104166666594,9.5,0.2555762081784363,0.9638554216867444,0.8393222472853205,1.789033457249067,0.2091078066914397,55.75,True,0.9581677962140669,1.928438661710044,False,False,False,20.0,0.5875255730997232,True,False,1.0,-1.044316214656665,False,2.0,-1.044316214656665,True,0.03147458427320184,-0.012841630383463039,True,False
XRPUSDT,high,2023-05-19,2023-05-19 14:45:00,нет сигнала,,,,,,,,,,,,,,,,,,,,,,,,,,,,,,,
XRPUSDT,high,2023-06-04,2023-06-04 15:15:00,инвалидация,2023-06-05 00:00:00,,,,,,,,,,,,,,,,,,,,,,,,,,,,,,
XRPUSDT,high,2023-06-25,2023-06-25 14:15:00,нет сигнала,,,,,,,,,,,,,,,,,,,,,,,,,,,,,,,
XRPUSDT,high,2023-07-13,2023-07-13 15:15:00,инвалидация,2023-07-14 00:00:00,,,,,,,,,,,,,,,,,,,,,,,,,,,,,,
XRPUSDT,high,2023-07-27,2023-07-27 15:45:00,сделка,,2023-07-28 08:00:00,0.7057,3.929814368711925,16.25,0.2188483107646076,0.6479591836734686,0.9158863002881049,3.4331828751196842,0.6975789905621657,19.75,False,7.173433648981711,5.361783613732733,False,False,False,3.0,0.15144576618937114,True,False,1.0,-1.0254464945713904,False,2.0,-1.0254464945713904,False,0.49760751747936577,-1.0254464945713904,False,True
XRPUSDT,high,2023-08-19,2023-08-19 15:45:00,инвалидация,2023-08-21 00:00:00,,,,,,,,,,,,,,,,,,,,,,,,,,,,,,
XRPUSDT,high,2023-08-29,2023-08-29 14:15:00,инвалидация,2023-08-30 00:00:00,,,,,,,,,,,,,,,,,,,,,,,,,,,,,,
XRPUSDT,high,2023-09-14,2023-09-14 15:00:00,инвалидация,2023-09-16 00:00:00,,,,,,,,,,,,,,,,,,,,,,,,,,,,,,
XRPUSDT,high,2023-10-21,2023-10-21 14:45:00,нет сигнала,,,,,,,,,,,,,,,,,,,,,,,,,,,,,,,
XRPUSDT,high,2024-01-10,2024-01-10 15:45:00,инвалидация,2024-01-11 00:00:00,,,,,,,,,,,,,,,,,,,,,,,,,,,,,,
XRPUSDT,high,2024-02-28,2024-02-28 16:15:00,сделка,,2024-02-29 23:00:00,0.5848,7.306241450068401,30.75,4.885394010373098,0.2606060606060611,0.3019175273656647,1.5225029278902453,0.10038480843231284,8.25,False,-8.424164049510432,8.28174669566672,False,False,False,17.0,0.03276624327999355,True,False,1.0,-1.0136869279072434,False,2.0,-1.0136869279072434,False,0.8566032171769998,-1.0136869279072434,False,True
XRPUSDT,high,2024-03-29,2024-03-29 14:15:00,нет сигнала,,,,,,,,,,,,,,,,,,,,,,,,,,,,,,,
XRPUSDT,high,2024-04-06,2024-04-06 15:00:00,инвалидация,2024-04-08 00:00:00,,,,,,,,,,,,,,,,,,,,,,,,,,,,,,
XRPUSDT,high,2024-05-02,2024-05-02 14:30:00,инвалидация,2024-05-04 00:00:00,,,,,,,,,,,,,,,,,,,,,,,,,,,,,,
XRPUSDT,high,2024-05-14,2024-05-14 15:30:00,инвалидация,2024-05-16 00:00:00,,,,,,,,,,,,,,,,,,,,,,,,,,,,,,
XRPUSDT,high,2024-05-23,2024-05-23 13:45:00,сделка,,2024-05-23 21:00:00,0.5174,6.36834170854272,7.25,2.1173848439821628,1.220930232558141,0.6373331552847058,3.8818722139673163,2.0616641901931647,65.75,True,-0.7837889504874771,3.1946508172362544,True,False,False,16.0,0.10318727276037959,False,False,1.0,-1.0157026749783002,False,2.0,-1.0157026749783002,,,,,
XRPUSDT,high,2024-06-12,2024-06-12 14:00:00,нет сигнала,,,,,,,,,,,,,,,,,,,,,,,,,,,,,,,
XRPUSDT,high,2024-07-27,2024-07-27 13:45:00,нет сигнала,,,,,,,,,,,,,,,,,,,,,,,,,,,,,,,
XRPUSDT,high,2024-09-17,2024-09-17 14:30:00,сделка,,2024-09-18 10:00:00,0.5728,3.6300628491620026,19.5,0.2705444707473681,0.5794392523364502,0.8945318135911174,2.9759891782211803,0.7270882651335764,18.5,False,-9.633370744481855,5.427798444369296,False,False,False,5.0,0.5386428124849716,True,False,1.0,-1.0275477324099458,False,2.0,-1.0275477324099458,False,0.6492569614774197,-1.0275477324099458,False,False
XRPUSDT,high,2024-09-27,2024-09-27 14:30:00,инвалидация,2024-09-29 00:00:00,,,,,,,,,,,,,,,,,,,,,,,,,,,,,,
XRPUSDT,high,2024-10-06,2024-10-06 14:45:00,сделка,,2024-10-07 23:00:00,0.5314,2.8125329318780596,32.25,1.9996262380863261,0.3894736842105275,0.2475611877584361,0.14950476546440344,0.9344047841524957,13.0,True,13.446752821855053,1.775369089889752,False,False,True,18.0,0.7226110345381328,False,False,1.0,-1.035555139236441,False,2.0,-1.035555139236441,True,0.38806888891862756,0.3525137496821866,,
XRPUSDT,high,2024-11-14,2024-11-14 14:30:00,инвалидация,2024-11-15 00:00:00,,,,,,,,,,,,,,,,,,,,,,,,,,,,,,
XRPUSDT,high,2024-12-11,2024-12-11 14:45:00,нет сигнала,,,,,,,,,,,,,,,,,,,,,,,,,,,,,,,
XRPUSDT,high,2024-12-16,2024-12-16 16:15:00,инвалидация,2024-12-17 00:00:00,,,,,,,,,,,,,,,,,,,,,,,,,,,,,,
XRPUSDT,high,2025-01-30,2025-01-30 15:00:00,нет сигнала,,,,,,,,,,,,,,,,,,,,,,,,,,,,,,,
XRPUSDT,high,2025-02-19,2025-02-19 16:15:00,инвалидация,2025-02-20 00:00:00,,,,,,,,,,,,,,,,,,,,,,,,,,,,,,
XRPUSDT,high,2025-03-14,2025-03-14 13:45:00,инвалидация,2025-03-15 00:00:00,,,,,,,,,,,,,,,,,,,,,,,,,,,,,,
XRPUSDT,high,2025-04-22,2025-04-22 14:30:00,инвалидация,2025-04-23 00:00:00,,,,,,,,,,,,,,,,,,,,,,,,,,,,,,
XRPUSDT,high,2025-06-25,2025-06-25 13:30:00,нет сигнала,,,,,,,,,,,,,,,,,,,,,,,,,,,,,,,
XRPUSDT,high,2025-07-13,2025-07-13 14:00:00,инвалидация,2025-07-15 00:00:00,,,,,,,,,,,,,,,,,,,,,,,,,,,,,,
XRPUSDT,high,2025-08-22,2025-08-22 14:00:00,инвалидация,2025-08-23 00:00:00,,,,,,,,,,,,,,,,,,,,,,,,,,,,,,
XRPUSDT,high,2025-09-02,2025-09-02 14:00:00,инвалидация,2025-09-03 00:00:00,,,,,,,,,,,,,,,,,,,,,,,,,,,,,,
XRPUSDT,high,2025-09-24,2025-09-24 14:30:00,инвалидация,2025-09-25 00:00:00,,,,,,,,,,,,,,,,,,,,,,,,,,,,,,
XRPUSDT,high,2025-10-12,2025-10-12 15:15:00,инвалидация,2025-10-13 00:00:00,,,,,,,,,,,,,,,,,,,,,,,,,,,,,,
XRPUSDT,high,2025-12-02,2025-12-02 15:30:00,инвалидация,2025-12-04 00:00:00,,,,,,,,,,,,,,,,,,,,,,,,,,,,,,
XRPUSDT,high,2025-12-09,2025-12-09 16:00:00,сделка,,2025-12-10 11:00:00,2.0686,5.364855457797539,19.0,2.547920689492772,0.5888051668460722,0.49289314761383873,2.5243724391277667,2.1052135826307983,1.0,False,5.709082631459138,4.375264917816595,False,False,False,5.0,1.1047294313977456,False,True,1.0,0.9813601688271666,False,2.0,-1.0186398311728333,True,0.3442142274012531,0.3255743962284197,,
XRPUSDT,high,2025-12-17,2025-12-17 14:45:00,сделка,,2025-12-17 18:00:00,1.8716,6.239923060483013,3.25,1.9660181715517686,0.7846153846153854,0.6550420254413183,2.6384682511164668,0.06673168728503961,27.25,False,5.135268076733882,5.004876546378519,True,False,False,12.0,0.867395518656281,False,False,1.0,-1.0160258386250454,False,2.0,-1.0160258386250454,True,0.1798154579642826,0.16378961933923725,,
XRPUSDT,high,2026-01-13,2026-01-13 16:30:00,инвалидация,2026-01-14 00:00:00,,,,,,,,,,,,,,,,,,,,,,,,,,,,,,
XRPUSDT,high,2026-02-06,2026-02-06 15:30:00,нет сигнала,,,,,,,,,,,,,,,,,,,,,,,,,,,,,,,
XRPUSDT,high,2026-02-13,2026-02-13 15:30:00,инвалидация,2026-02-15 00:00:00,,,,,,,,,,,,,,,,,,,,,,,,,,,,,,
XRPUSDT,high,2026-02-20,2026-02-20 16:15:00,сделка,,2026-02-21 23:00:00,1.4317,2.3303485367046126,30.75,1.7519466073414984,0.11298482293423168,0.20081765756692746,0.25027808676305796,0.027808676307004725,2.5,True,6.782920037130358,4.122636262513899,False,False,False,17.0,3.602728722320136,True,True,1.0,0.9570879641285712,True,2.0,1.9570879641285712,True,1.5765684758239542,1.5336564399525254,False,False
XRPUSDT,high,2026-03-09,2026-03-09 13:30:00,инвалидация,2026-03-11 00:00:00,,,,,,,,,,,,,,,,,,,,,,,,,,,,,,
XRPUSDT,high,2026-04-14,2026-04-14 13:45:00,сделка,2026-04-16 00:00:00,2026-04-14 19:00:00,1.354,3.131093057607087,5.25,0.7875153529369199,0.45954198473282387,0.7099893855407488,2.0952243335019243,0.28177154829853435,14.0,False,-2.4815560026827543,4.732317029116402,True,False,False,14.0,0.13209104847269854,True,False,1.0,-1.03193772850572,False,2.0,-1.03193772850572,False,0.8350041278452679,-1.03193772850572,True,False
XRPUSDT,high,2026-05-10,2026-05-10 14:30:00,инвалидация,2026-05-11 00:00:00,,,,,,,,,,,,,,,,,,,,,,,,,,,,,,
XRPUSDT,high,2026-05-14,2026-05-14 14:45:00,инвалидация,2026-05-15 00:00:00,,,,,,,,,,,,,,,,,,,,,,,,,,,,,,
XRPUSDT,high,2026-06-08,2026-06-08 14:45:00,сделка,,2026-06-10 03:00:00,1.1168,6.311434455587382,36.25,1.2635533168274502,0.6526946107784437,0.7732020923274245,4.046785622812269,0.4610262101938078,35.5,False,4.640792733278285,7.128831213181927,False,False,False,22.0,0.4185222334616347,True,False,1.0,-1.0158442586552525,False,2.0,-1.0158442586552525,True,0.41142863628431653,0.3955843776290639,False,False
XRPUSDT,high,2026-06-13,2026-06-13 15:30:00,сделка,2026-06-15 00:00:00,2026-06-13 18:00:00,1.1436,1.5880202868135784,2.5,0.2938126512271059,0.4250000000000014,0.7488739358831754,1.1320428620808944,0.17283097131005892,3.5,True,1.991686872185671,2.7652955409609428,True,False,False,13.0,0.9746374018479549,True,False,1.0,-1.0629714877261762,False,2.0,-1.0629714877261762,False,1.0131823838419374,-1.0629714877261762,True,False
XRPUSDT,high,2026-07-01,2026-07-01 14:15:00,сделка,2026-07-03 00:00:00,2026-07-02 01:00:00,1.0471,2.623770413523057,10.75,1.4170996693434013,0.3584905660377377,0.41494531093599674,0.9163911195087427,0.5101558809636345,6.25,True,0.3355704697986421,3.0042512990080352,False,False,False,20.0,0.0363987114856095,True,False,1.0,-1.0381130907965859,False,2.0,-1.0381130907965859,False,0.7425337143065145,-1.0381130907965859,True,False
XRPUSDT,high,2026-07-11,2026-07-11 15:00:00,сделка,,2026-07-12 00:00:00,1.0963,2.154410289154423,9.0,0.09841639080254998,0.7328767123287652,0.9060578860907378,1.6551847544063667,0.32209000626286555,39.0,False,4.530912235192391,2.6125078285765317,True,False,False,19.0,1.8502210103815682,True,True,1.0,0.9535835859569495,False,2.0,-1.0464164140430505,True,0.33024539773401057,0.28382898369096,False,True
XRPUSDT,high,2026-07-30,2026-07-30 15:15:00,сделка,,2026-07-31 14:00:00,1.0658,2.8330737474197702,22.75,0.13718675690507195,0.8652037617554861,0.9140616461720332,2.4967989756722044,0.21949881104810298,39.25,False,1.649408961788694,2.91750503018107,False,False,False,9.0,0.6424926063673051,False,False,1.0,-1.0352973515394985,False,2.0,-1.0352973515394985,True,0.14240815501955573,0.10711080348005722,,
XRPUSDT,high,2026-08-08,2026-08-08 14:00:00,сделка,,2026-08-10 14:00:00,1.0255,2.3352901023890658,48.0,0.49846625766872066,0.5673076923076886,0.7390890414390908,1.5145705521472217,0.3834355828220863,12.25,True,6.074551311550857,2.99079754601226,False,False,False,9.0,1.7161898080873983,False,True,1.0,0.9571787676838533,False,2.0,-1.0428212323161465,True,0.5637119807586369,0.5208907484424903,,
XRPUSDT,high,2026-09-08,2026-09-08 15:45:00,сделка,,2026-09-09 20:00:00,1.4009,3.6226854165179505,28.25,1.341719077568126,0.5136518771331062,0.5931011109315832,1.9287211740041978,0.8874912648497508,0.0,True,-3.376277210128838,4.095038434661076,False,False,False,15.0,1.6866928603237066,True,True,1.0,0.9723961678968752,False,2.0,-1.0276038321031247,True,0.5615741415797374,0.5339703094766126,False,False
XRPUSDT,high,2026-09-11,2026-09-11 13:45:00,нет сигнала,,,,,,,,,,,,,,,,,,,,,,,,,,,,,,,
XRPUSDT,high,2026-09-17,2026-09-17 14:15:00,инвалидация,2026-09-19 00:00:00,,,,,,,,,,,,,,,,,,,,,,,,,,,,,,
XRPUSDT,high,2026-09-22,2026-09-22 13:45:00,сделка,,2026-09-23 12:00:00,1.5724,5.56208343932841,22.25,5.31597332486503,0.012209302325581347,0.02401147062253731,-1.0860590663702696,0.22864401397269277,0.25,False,-18.287518287518292,10.924102889806283,False,False,True,7.0,1.384661472566324,False,True,1.0,0.9820211255205343,False,2.0,-1.0179788744794656,False,1.9426423136995739,-1.0179788744794656,,
