n,dir,time,res,entry,risk,risk_pct,sweep_h,depth,tf15,R,win,pos,pw_cat,new_wk_ext,dist_R,took_hi,took_lo,dow,naked_swept,naked_R
1,LONG,2020-01-01 08:55:00,4.0,7187.81,17.398070175439024,0.24,3.8,0.52,False,4.0,True,0.1799631640170614,Свип не касался PWL/PWH,False,12.66979600479954,False,False,2,False,29.173925319403516
2,SHORT,2020-01-07 11:55:00,5.0,7934.74,38.24394736842051,0.48,0.8,0.75,False,5.0,True,1.7047567151740493,Цена уже торгуется за PWL/PWH,False,15.37445897871717,True,False,1,False,inf
3,LONG,2020-01-07 16:05:00,5.0,7778.09,48.95684210526251,0.63,0.7,0.99,False,5.0,True,1.453698955061222,Свип не касался PWL/PWH,False,4.53276785138366,True,False,1,False,inf
4,LONG,2020-01-09 17:40:00,2.0,7820.14,48.02798245614061,0.61,3.1,0.97,False,2.0,True,1.5210910955830508,Свип не касался PWL/PWH,False,13.218544013997608,True,False,3,False,inf
5,LONG,2020-01-10 06:25:00,1.0,7743.1,28.910000000000313,0.37,0.6,0.41,False,1.0,True,1.3976216424129757,Свип не касался PWL/PWH,False,24.624697336561464,True,False,4,False,inf
6,SHORT,2020-01-11 00:00:00,-1.0,8165.44,49.286052631579,0.6,1.0,0.8,False,-1.0,False,2.0744919546124745,Цена уже торгуется за PWL/PWH,False,16.610784517878947,True,False,5,False,inf
7,SHORT,2020-01-13 21:15:00,1.0,8138.85,30.23201754385942,0.37,1.0,0.41,False,1.0,True,0.7147278567819247,Свип не касался PWL/PWH,False,2.7441106065661987,False,False,0,False,26.20036849511837
8,SHORT,2020-01-15 14:05:00,2.0,8858.0,67.65999999999977,0.76,0.4,0.91,True,2.0,True,1.3636396448422725,Цена уже торгуется за PWL/PWH,True,11.855010345846917,True,False,2,False,inf
9,SHORT,2020-01-22 07:30:00,5.0,8764.95,59.460000000000136,0.68,1.0,0.81,False,5.0,True,0.6203011136480949,Свип не касался PWL/PWH,True,4.657753111335353,False,False,2,False,11.924991590985517
10,LONG,2020-01-23 05:45:00,1.0,8560.5,60.75201754386004,0.71,2.3,0.77,False,1.0,True,0.4414438058245633,Свип не касался PWL/PWH,False,4.23854236304329,False,False,3,False,10.509609817304382
11,SHORT,2020-01-23 23:05:00,2.0,8394.001315789475,62.49605263157875,0.74,2.2,0.74,False,2.0,True,0.29578713468709844,Свип не касался PWL/PWH,False,1.401869591763733,False,False,3,False,5.410122744594436
12,LONG,2020-01-24 11:15:00,5.0,8275.73,32.853157894736746,0.4,2.1,0.83,False,5.0,True,0.1923208146340178,Свип не касался PWL/PWH,True,16.505871421476808,False,False,4,False,28.10232133416647
13,SHORT,2020-01-26 06:25:00,1.0,8373.48,29.720000000000496,0.35,3.2,0.49,False,1.0,True,0.2778346411918567,Свип не касался PWL/PWH,False,4.558546433378106,False,False,6,False,10.686069986540845
14,SHORT,2020-01-27 00:40:00,1.0,8657.37,46.98000000000021,0.54,8.8,0.87,False,1.0,True,0.7230517241379324,Свип не касался PWL/PWH,False,0.9148573861217792,False,False,0,False,8.92656449552999
15,SHORT,2020-02-02 12:25:00,4.0,9458.0,36.66394736842055,0.39,4.2,0.98,False,4.0,True,2.103448275862069,Цена уже торгуется за PWL/PWH,False,25.17459428809348,True,False,6,False,inf
16,SHORT,2020-02-05 12:25:00,-1.0,9450.0,59.75201754385969,0.63,1.8,0.77,False,-1.0,False,0.8772770853307766,Свип не касался PWL/PWH,False,5.9745262950821525,True,False,2,False,inf
17,SHORT,2020-02-10 01:35:00,5.0,10157.34,61.32684210526314,0.6,3.2,0.74,False,5.0,True,0.9919290953317367,Свип PWL/PWH — первое снятие за неделю,False,0.28372568034945905,True,False,0,True,17.35504329691644
18,SHORT,2020-02-18 05:15:00,5.0,9788.01,34.89877192982393,0.36,2.2,0.54,False,5.0,True,0.1739105211862435,Свип не касался PWL/PWH,False,4.294993540214113,False,True,1,False,inf
19,SHORT,2020-02-21 04:20:00,1.0,9696.94,47.92999999999954,0.49,2.2,0.77,False,1.0,True,0.06824615955817488,Свип не касался PWL/PWH,False,1.2272063425829391,False,True,4,False,inf
20,SHORT,2020-02-24 01:10:00,5.0,9920.2,84.80000000000015,0.85,2.5,0.96,False,5.0,True,0.3272845407713373,Свип не касался PWL/PWH,False,0.20919811320756568,False,False,0,False,inf
21,SHORT,2020-02-24 12:45:00,5.0,9798.37,54.75394736842157,0.56,2.3,0.74,False,5.0,True,0.18593075602172013,Свип не касался PWL/PWH,False,2.926729627760528,False,True,0,False,inf
22,SHORT,2020-02-25 00:00:00,5.0,9658.71,26.130000000000354,0.27,0.4,0.26,False,5.0,True,0.02388963660834263,Свип не касался PWL/PWH,False,0.7879831611174147,False,True,1,False,inf
23,SHORT,2020-02-25 13:15:00,5.0,9605.998947368424,85.62315789473719,0.89,1.5,0.86,False,5.0,True,-0.037268590327629386,Свип не касался PWL/PWH,False,1.5467655085933762,False,True,1,False,inf
24,LONG,2020-03-03 08:05:00,4.0,8762.07,29.36798245614086,0.34,2.9,0.78,False,4.0,True,0.2223369221025964,Свип не касался PWL/PWH,False,6.93544407771909,False,False,1,False,41.81186098956006
25,SHORT,2020-03-06 07:35:00,1.0,9120.0,30.17166666666757,0.33,3.1,0.63,False,1.0,True,0.4490183660544648,Свип не касался PWL/PWH,False,20.61536761862613,False,False,4,False,23.498867591006313
26,LONG,2020-03-11 08:00:00,-1.0,7870.43,57.08798245614033,0.73,2.6,0.81,False,-1.0,False,-0.3423495883470549,Цена уже торгуется за PWL/PWH,False,5.410595833147669,False,True,2,False,inf
27,LONG,2020-04-09 04:30:00,1.0,7270.0,38.1079824561402,0.52,1.3,0.64,False,1.0,True,1.0537217214827195,Свип не касался PWL/PWH,False,4.977697263777226,True,False,3,False,23.86140491815742
28,LONG,2020-04-11 09:45:00,1.0,6849.0,24.22394736842054,0.35,0.8,0.41,False,1.0,True,0.739598877812929,Свип не касался PWL/PWH,False,14.407230774245017,True,False,5,False,54.917143757266174
29,SHORT,2020-04-14 14:30:00,-1.0,6904.13,45.34192982456182,0.66,0.6,0.84,False,-1.0,False,0.22807797585138534,Свип не касался PWL/PWH,True,3.620269376163168,False,True,1,False,68.85459026732484
30,LONG,2020-04-22 01:15:00,5.0,6833.58,24.41684210526282,0.36,2.8,0.62,False,5.0,True,0.4429020016731123,Свип не касался PWL/PWH,False,15.82596137265068,False,False,2,False,18.81897740989852
31,SHORT,2020-04-25 05:25:00,1.0,7536.76,12.711666666667174,0.17,0.6,0.28,False,1.0,True,1.295437737175835,Цена уже торгуется за PWL/PWH,False,61.81408155237725,True,False,5,False,295.36882129276387
32,SHORT,2020-04-28 23:40:00,1.0,7749.72,21.24315789473649,0.27,1.2,0.32,False,1.0,True,1.5536305330924705,Цена уже торгуется за PWL/PWH,False,6.765472474109434,True,False,1,False,186.77025419949766
33,SHORT,2020-05-01 05:40:00,1.0,8800.0,44.41999999999985,0.5,1.5,0.81,False,1.0,True,2.8269904584086043,Цена уже торгуется за PWL/PWH,False,26.879783881134713,True,False,4,False,inf
34,SHORT,2020-05-01 10:25:00,-1.0,8853.39,37.523157894736364,0.42,0.9,0.53,False,-1.0,False,2.8917205174525047,Цена уже торгуется за PWL/PWH,False,33.243204196707005,True,False,4,False,inf
35,SHORT,2020-05-09 18:00:00,5.0,9767.25,42.551904761905455,0.44,4.6,0.78,False,5.0,True,1.165722761596548,Цена уже торгуется за PWL/PWH,False,29.264259895477316,True,False,5,False,inf
36,SHORT,2020-05-16 05:30:00,5.0,9536.260438596491,53.53201754386024,0.56,0.4,0.55,False,5.0,True,0.7278258659469187,Свип не касался PWL/PWH,False,24.961891964965766,False,False,5,False,26.512365939386697
37,SHORT,2020-05-18 14:35:00,5.0,9710.25,24.613947368421208,0.25,1.3,0.42,False,5.0,True,0.8684588844163312,Свип не касался PWL/PWH,False,9.995146098168515,True,False,0,False,64.7295606898096
38,SHORT,2020-05-21 23:00:00,2.0,9115.54,48.90999999999988,0.54,1.7,0.71,False,2.0,True,0.5264749856239223,Свип не касался PWL/PWH,False,6.1447556736863955,True,False,3,False,20.415865876099023
39,SHORT,2020-05-22 12:55:00,2.0,9174.59,30.009999999999838,0.33,3.5,0.78,False,2.0,True,0.560431282346176,Свип не касался PWL/PWH,False,11.982339220259982,True,False,4,False,35.241252915694965
40,SHORT,2020-05-23 21:35:00,2.0,9212.0,37.951929824561056,0.41,2.9,0.51,False,2.0,True,0.581943645773433,Свип не касался PWL/PWH,False,10.460601129776451,True,False,5,False,28.85228775089475
41,SHORT,2020-05-24 09:50:00,5.0,9264.0,35.088333333334525,0.38,5.2,0.73,False,5.0,True,0.6118458884416331,Свип не касался PWL/PWH,False,12.796276065168424,True,False,6,False,32.68892794375987
42,SHORT,2020-05-25 08:05:00,5.0,8851.47,29.56798245614041,0.33,2.1,0.72,False,5.0,True,0.12117599999999948,Свип не касался PWL/PWH,True,5.122770896684682,False,True,0,False,24.840044500482016
43,SHORT,2020-05-26 21:15:00,1.0,8842.0,39.76798245614037,0.45,2.4,0.7,False,1.0,True,0.1136,Свип не касался PWL/PWH,False,3.570711693926391,False,True,1,False,18.23074632462418
44,LONG,2020-05-31 15:35:00,1.0,9466.29,34.96798245614024,0.37,1.2,0.6,False,1.0,True,0.6130320000000007,Свип не касался PWL/PWH,False,7.827446160021071,False,True,6,False,17.178857852421416
45,SHORT,2020-06-01 04:30:00,1.0,9562.0,57.808070175437926,0.6,8.3,0.99,False,1.0,True,0.8377806940799067,Свип не касался PWL/PWH,True,2.427515735677071,False,False,0,False,15.902277955485074
46,LONG,2020-06-02 03:20:00,4.0,10079.61,27.637982456140296,0.27,0.8,0.36,False,4.0,True,1.3095016768737244,Свип не касался PWL/PWH,False,10.868738355873084,True,False,1,False,inf
47,SHORT,2020-06-03 12:10:00,2.0,9606.07,42.75201754385968,0.45,4.2,1.0,False,2.0,True,0.8779436424613588,Свип не касался PWL/PWH,False,7.9544783974491695,True,False,2,False,inf
48,SHORT,2020-06-06 12:35:00,4.0,9678.26,65.37999999999968,0.68,6.1,0.97,True,4.0,True,0.9437335958005252,Свип не касался PWL/PWH,False,6.305598042214778,True,False,5,False,inf
49,SHORT,2020-06-09 12:20:00,1.0,9725.0,29.87605263157858,0.31,1.8,0.45,False,1.0,True,0.4120287253141831,Свип не касался PWL/PWH,False,5.188101718503706,False,False,1,False,15.36347541156904
50,LONG,2020-06-21 13:20:00,2.0,9340.22,19.181929824561333,0.21,5.7,0.32,False,2.0,True,0.2582867275951434,Свип не касался PWL/PWH,False,12.969497974153388,False,True,6,False,inf
51,LONG,2020-06-23 09:40:00,2.0,9613.0,32.79201754385964,0.34,3.0,0.42,False,2.0,True,1.0353695379854102,Свип не касался PWL/PWH,False,5.09270281331839,True,False,1,False,inf
52,SHORT,2020-06-28 16:40:00,2.0,9143.0,49.59357142857177,0.54,7.2,0.98,True,2.0,True,0.3427160857711289,Свип не касался PWL/PWH,False,4.689115812821315,True,True,6,False,inf
53,LONG,2020-06-30 06:30:00,2.0,9130.68,23.43642857142748,0.26,4.2,0.44,False,2.0,True,0.32455972293861884,Свип не касался PWL/PWH,False,4.579196001341215,False,False,1,False,inf
54,SHORT,2020-07-01 04:35:00,1.0,9150.0,17.462017543860462,0.19,1.0,0.17,False,1.0,True,0.35303220101687355,Свип не касался PWL/PWH,False,7.177292067494525,False,False,2,False,inf
55,SHORT,2020-07-01 08:50:00,1.0,9174.6,30.000000000000473,0.33,1.4,0.41,False,1.0,True,0.3892859774519194,Свип не касался PWL/PWH,False,4.997666666666598,False,False,2,False,inf
56,SHORT,2020-07-01 18:40:00,5.0,9250.0,47.64714285714359,0.52,16.4,0.96,False,5.0,True,0.5004052759560823,Свип не касался PWL/PWH,True,4.7291398075134925,False,False,2,False,inf
57,LONG,2020-07-02 08:50:00,2.0,9195.89,29.47605263157871,0.32,3.3,0.51,False,2.0,True,0.42066170510647555,Свип не касался PWL/PWH,False,3.2606129864564912,False,False,3,False,inf
58,SHORT,2020-07-02 14:10:00,5.0,9236.63,25.998771929824308,0.28,2.0,0.38,False,5.0,True,0.4807014958367089,Свип не касался PWL/PWH,False,8.152692772263244,False,False,3,False,inf
59,SHORT,2020-07-06 13:05:00,-1.0,9247.8,31.917982456140244,0.35,0.6,0.4,False,-1.0,False,0.8892147279244034,Свип не касался PWL/PWH,True,6.011658169925655,False,False,0,False,11.115050911739237
60,SHORT,2020-07-07 00:30:00,2.0,9340.0,44.69000000000115,0.48,2.9,0.89,True,2.0,True,1.1203097977291527,Свип PWL/PWH — повторный (уже снимали на неделе),True,6.356679346609815,True,False,1,False,inf
61,SHORT,2020-07-10 09:00:00,-1.0,9170.0,32.78999999999989,0.36,0.9,0.33,False,-1.0,False,0.6942125974384034,Свип не касался PWL/PWH,False,3.4791094845989723,True,False,4,False,inf
62,LONG,2020-07-12 00:20:00,1.0,9253.999999999996,79.68000000000076,0.86,15.3,0.84,True,1.0,True,0.9047547434644116,Свип не касался PWL/PWH,False,0.4769076305221295,True,False,6,False,inf
63,LONG,2020-07-12 19:50:00,2.0,9213.49,63.06807017543897,0.68,8.3,0.94,True,2.0,True,0.8032182870892539,Свип не касался PWL/PWH,False,1.2448454468577494,True,False,6,False,inf
64,SHORT,2020-07-17 12:35:00,1.0,9160.33,31.263157894736796,0.34,2.5,0.48,False,1.0,True,0.2521493431221017,Свип не касался PWL/PWH,False,3.339713804713805,False,True,4,False,inf
65,SHORT,2020-07-18 19:45:00,4.0,9189.75,19.87192982456112,0.22,1.6,0.31,False,4.0,True,0.3231984157650694,Свип не касался PWL/PWH,False,6.734625231747245,False,True,5,False,inf
66,SHORT,2020-07-20 18:10:00,1.0,9185.0,23.432017543859846,0.26,2.5,0.28,False,1.0,True,0.46447718919648023,Свип не касался PWL/PWH,False,2.3045390734674585,False,False,0,False,5.878708469817452
67,SHORT,2020-07-21 02:15:00,-1.0,9176.001754385965,23.098070175438657,0.25,1.4,0.22,False,-1.0,False,0.4341361377953435,Свип не касался PWL/PWH,False,1.9482906599624725,False,False,1,False,5.574134696450663
68,SHORT,2020-07-21 13:30:00,2.0,9408.31,36.01000000000032,0.38,3.0,0.95,True,2.0,True,1.2174528779040357,Свип PWL/PWH — повторный (уже снимали на неделе),True,7.700916412107666,True,False,1,False,inf
69,SHORT,2020-07-24 21:15:00,2.0,9610.0,44.82394736842117,0.47,1.6,0.62,False,2.0,True,1.897528408132989,Цена уже торгуется за PWL/PWH,False,10.686252062161293,True,False,4,False,inf
70,SHORT,2020-08-05 22:00:00,1.0,11713.47,90.98999999999836,0.78,1.0,0.83,False,1.0,True,0.8141688385269122,Свип не касался PWL/PWH,True,8.54456533685035,False,False,2,False,19.741290251676368
71,SHORT,2020-08-06 09:55:00,4.0,11751.43,20.451929824560366,0.17,2.7,0.62,False,4.0,True,0.8313745042492923,Свип не касался PWL/PWH,False,39.8705651248991,False,False,3,False,89.68444619819292
72,SHORT,2020-08-12 08:35:00,-1.0,11454.1,46.14807017543842,0.4,1.2,0.58,False,-1.0,False,0.5319629545967925,Свип не касался PWL/PWH,False,7.131392466659605,True,False,2,False,33.303451133650796
73,SHORT,2020-08-15 21:55:00,5.0,11955.63,38.36394736842033,0.32,0.6,0.35,False,5.0,True,1.046912540813601,Свип PWL/PWH — повторный (уже снимали на неделе),False,21.65131736896659,True,False,5,False,53.13373987364883
74,SHORT,2020-08-18 21:25:00,5.0,12081.0,25.050000000000537,0.21,0.8,0.33,False,5.0,True,1.0144850639359044,Свип PWL/PWH — повторный (уже снимали на неделе),False,12.42395209580809,True,False,1,False,inf
75,SHORT,2020-08-20 01:15:00,2.0,11793.1,46.78684210526341,0.4,1.3,0.46,False,2.0,True,0.7089722502255001,Свип не касался PWL/PWH,False,4.9607964452443705,True,False,3,False,inf
76,LONG,2020-08-22 01:10:00,5.0,11415.01,35.64186666666625,0.31,6.0,0.92,False,5.0,True,0.30775189685361076,Свип не касался PWL/PWH,True,18.302632858735635,True,False,5,False,inf
77,SHORT,2020-08-23 00:15:00,2.0,11657.16,44.58798245614,0.38,5.1,0.6,False,2.0,True,0.5647158698997184,Свип не касался PWL/PWH,False,6.28756863524321,True,False,6,False,inf
78,LONG,2020-08-24 00:35:00,4.0,11631.32,42.118070175437424,0.36,2.2,0.42,True,4.0,True,0.23324077383407116,Свип не касался PWL/PWH,False,0.45966018669324077,False,False,0,False,19.86510769640957
79,SHORT,2020-08-24 11:40:00,5.0,11800.65,37.22604395604284,0.32,12.6,0.9,False,5.0,True,0.38841998185467236,Свип не касался PWL/PWH,True,5.790569641365505,False,False,0,False,11.385577272204316
80,SHORT,2020-08-25 22:55:00,2.0,11367.71,32.987982456139925,0.29,2.0,0.48,False,2.0,True,-0.008339519240462577,Свип не касался PWL/PWH,False,7.580639414140805,False,True,1,False,inf
81,SHORT,2020-08-30 23:30:00,-1.0,11696.95,28.529999999999315,0.24,0.6,0.23,False,-1.0,False,0.2933861197408344,Свип не касался PWL/PWH,False,11.221170697511704,False,True,6,False,inf
82,SHORT,2020-09-09 19:20:00,2.0,10300.0,51.17197802197662,0.5,1.4,0.56,False,2.0,True,0.21340162185232606,Свип не касался PWL/PWH,False,8.793875425467046,False,False,2,False,9.282424060215215
83,SHORT,2020-09-12 00:10:00,2.0,10371.18,33.979999999999535,0.33,2.4,0.51,False,2.0,True,0.24538041647011263,Свип не касался PWL/PWH,False,15.33784579164236,False,False,5,False,16.07357268981777
84,LONG,2020-09-17 10:50:00,1.0,10820.0,55.38605263157859,0.51,1.2,0.63,False,1.0,True,1.3285669282710815,Свип не касался PWL/PWH,False,4.929038756669724,True,False,3,False,22.223103859512566
85,SHORT,2020-09-18 07:05:00,-1.0,10944.56,40.72000000000023,0.37,0.9,0.41,False,-1.0,False,1.4991713577406125,Цена уже торгуется за PWL/PWH,False,17.981827111984163,True,False,4,False,27.494106090373112
86,SHORT,2020-09-18 10:00:00,4.0,10998.0,42.51807017543971,0.39,1.4,0.5,False,4.0,True,1.5723658078919602,Цена уже торгуется за PWL/PWH,False,18.478261048965276,True,False,4,False,27.588270002846365
87,SHORT,2020-09-19 01:05:00,1.0,10953.96,16.511904761905637,0.15,0.8,0.25,False,1.0,True,1.5120461300351977,Цена уже торгуется за PWL/PWH,False,44.914260994950695,True,False,5,False,68.372487382837
88,SHORT,2020-09-21 04:55:00,5.0,10955.33,30.849999999998182,0.28,8.6,0.77,False,5.0,True,0.7679880097162636,Свип не касался PWL/PWH,True,1.9743922204215054,False,False,0,False,24.08395461912621
89,SHORT,2020-09-25 20:50:00,1.0,10707.18,46.873947368421625,0.44,5.5,0.64,False,1.0,True,0.5114889658380276,Свип не касался PWL/PWH,False,10.55682373218193,False,True,4,False,18.820262630458846
90,SHORT,2020-09-26 03:40:00,1.0,10720.0,28.372017543859485,0.26,1.4,0.41,False,1.0,True,0.5247402966561574,Свип не касался PWL/PWH,False,17.892982027634197,False,True,5,False,31.545165888060136
91,SHORT,2020-09-29 12:00:00,2.0,10754.94,47.458095238095694,0.44,9.6,0.82,False,2.0,True,0.7254588986432564,Свип не касался PWL/PWH,False,2.7169232004173955,False,False,1,False,13.024542955188428
92,LONG,2020-09-29 17:50:00,5.0,10669.0,42.826052631579,0.4,2.1,0.64,True,5.0,True,0.6245950894324207,Свип не касался PWL/PWH,False,6.56142657875493,False,False,1,False,7.46881816896995
93,LONG,2020-10-06 08:10:00,2.0,10710.0,19.857982456140505,0.19,0.8,0.25,False,2.0,True,0.5833333333333334,Свип не касался PWL/PWH,False,4.532182471143745,False,False,1,False,12.085819923049986
94,SHORT,2020-10-07 19:30:00,5.0,10654.62,25.718070175438434,0.24,1.8,0.28,False,5.0,True,0.4871875000000014,Свип не касался PWL/PWH,False,5.040036018090968,False,False,2,False,10.91139413205279
95,SHORT,2020-10-11 11:15:00,1.0,11387.64,31.84684210526317,0.28,1.0,0.35,False,1.0,True,1.7597916666666658,Цена уже торгуется за PWL/PWH,False,27.087144061214005,True,False,6,False,49.067345353583725
96,LONG,2020-10-11 22:20:00,-1.0,11347.11,74.74877192982474,0.66,3.8,0.75,False,-1.0,False,1.6894270833333342,Свип не касался PWL/PWH,False,1.9249814583587472,True,False,6,False,9.414736614812634
97,SHORT,2020-10-14 01:05:00,4.0,11467.81,27.413947368421614,0.24,0.7,0.25,False,4.0,True,0.9759937888198752,Свип не касался PWL/PWH,False,10.790492738041287,True,False,2,False,59.9260652952288
98,SHORT,2020-10-14 14:20:00,2.0,11488.0,67.77394736842078,0.59,0.9,0.88,True,2.0,True,0.9968944099378882,Свип PWL/PWH — повторный (уже снимали на неделе),False,4.662558582905265,True,False,2,False,24.537452289150178
99,LONG,2020-10-17 09:50:00,1.0,11327.0,24.124230769231016,0.21,1.1,0.21,False,1.0,True,0.8302277432712215,Свип не касался PWL/PWH,False,6.798144221417911,True,False,5,False,30.005101796788765
100,SHORT,2020-10-18 01:45:00,-1.0,11380.0,22.69798245614008,0.2,3.3,0.29,False,-1.0,False,0.8850931677018633,Свип не касался PWL/PWH,False,9.163810061177198,True,False,6,False,68.50829156312761
101,SHORT,2020-10-18 08:05:00,-1.0,11432.27,50.98877192982407,0.45,1.8,0.47,False,-1.0,False,0.9392028985507251,Свип не касался PWL/PWH,False,5.104457121622981,True,False,6,False,31.52203787555599
102,SHORT,2020-10-22 08:50:00,5.0,12839.0,23.84798245614015,0.19,0.5,0.22,False,5.0,True,3.0419152935165403,Цена уже торгуется за PWL/PWH,False,60.00675330216667,True,False,3,False,inf
103,LONG,2020-10-23 00:50:00,2.0,12895.0,65.66798245614122,0.51,1.4,0.74,False,2.0,True,3.1441032097954404,Свип не касался PWL/PWH,False,4.913810169446184,True,False,4,False,inf
104,LONG,2020-10-23 17:20:00,5.0,12812.0,93.32230769230891,0.73,2.2,0.86,True,5.0,True,2.9926461195963565,Свип не касался PWL/PWH,False,4.347084957838372,True,False,4,False,inf
105,SHORT,2020-10-26 05:35:00,5.0,13125.51,25.06201754385981,0.19,6.5,0.74,False,5.0,True,0.8844050585981753,Свип не касался PWL/PWH,True,6.16510621020833,False,False,0,False,68.53199256581003
106,SHORT,2020-10-30 02:15:00,2.0,13542.548245614034,129.931929824562,0.96,1.6,0.93,False,2.0,True,1.0991474148905451,Цена уже торгуется за PWL/PWH,False,5.984273816789326,True,False,4,False,inf
107,SHORT,2020-11-01 14:15:00,1.0,13820.0,36.9239473684212,0.27,0.3,0.31,False,1.0,True,1.2420135527589544,Цена уже торгуется за PWL/PWH,False,28.572243088567422,True,False,6,False,inf
108,SHORT,2020-11-04 16:25:00,-1.0,13977.42,73.32201754385854,0.52,0.4,0.63,False,-1.0,False,0.9081797752808989,Свип не касался PWL/PWH,False,10.670328316211645,False,False,2,False,16.535551538455348
109,SHORT,2020-11-11 01:20:00,1.0,15435.51,92.24999999999886,0.6,2.1,0.8,False,1.0,True,0.810307600499105,Свип не касался PWL/PWH,False,6.828943089430972,False,False,2,False,24.286829268292994
110,SHORT,2020-11-13 22:30:00,5.0,16338.65,24.268333333335327,0.15,0.9,0.26,False,5.0,True,1.1369464185609142,Цена уже торгуется за PWL/PWH,False,63.173271066542384,True,False,4,False,inf
111,SHORT,2020-11-13 23:15:00,5.0,16327.3,35.877982456139804,0.22,1.4,0.35,False,5.0,True,1.1328414618709197,Цена уже торгуется за PWL/PWH,False,42.41487106640745,True,False,4,False,inf
112,SHORT,2020-11-16 11:40:00,1.0,16330.06,68.13464912280637,0.42,1.6,0.6,False,1.0,True,0.9104547137584651,Свип не касался PWL/PWH,True,6.840278859585373,False,False,0,False,22.37510605290112
113,SHORT,2020-11-21 02:35:00,5.0,18890.0,105.49192982456063,0.56,1.8,0.82,False,5.0,True,2.439269973603431,Цена уже торгуется за PWL/PWH,True,28.684658675146228,True,False,5,False,inf
114,SHORT,2020-11-27 01:55:00,5.0,17316.89,156.8419230769234,0.91,1.3,0.96,False,5.0,True,0.4683871175731,Свип не касался PWL/PWH,False,7.197629166063804,True,False,4,False,inf
115,SHORT,2020-11-29 22:00:00,1.0,18208.32043859649,143.85201754385864,0.79,1.3,0.82,False,1.0,True,0.7557691861750824,Свип не касался PWL/PWH,False,14.044435893855429,True,False,6,False,inf
116,SHORT,2020-12-07 01:20:00,5.0,19300.0,158.82394736842022,0.82,2.8,0.95,True,5.0,True,0.6883744594250828,Свип не касался PWL/PWH,False,0.07410721238843057,False,False,0,False,8.17811181198651
117,LONG,2020-12-07 19:00:00,4.0,18977.06,77.85395604395839,0.41,2.3,0.61,False,4.0,True,0.517224200797084,Свип не касался PWL/PWH,True,5.701059041230855,False,False,0,False,11.700625713684452
118,LONG,2020-12-10 15:25:00,4.0,18008.0,100.95798245614021,0.56,0.6,0.7,False,4.0,True,0.003646230814890727,Свип PWL/PWH — повторный (уже снимали на неделе),False,13.995030067224441,False,True,3,False,inf
119,SHORT,2020-12-10 19:00:00,-1.0,18250.0,83.87173333333354,0.46,0.9,0.52,False,-1.0,False,0.1319002798270165,Свип не касался PWL/PWH,False,2.967388297686313,False,True,3,False,inf
120,SHORT,2020-12-15 02:50:00,5.0,19528.06,79.73877192982592,0.41,2.8,0.85,False,5.0,True,1.0579634097523514,Свип PWL/PWH — первое снятие за неделю,True,6.6223743759776035,True,False,1,True,24.526713324869604
121,SHORT,2020-12-18 08:40:00,5.0,23241.54,100.12394736842083,0.43,0.4,0.58,False,5.0,True,3.0667918077659637,Цена уже торгуется за PWL/PWH,False,42.362892309795065,True,False,4,False,inf
122,SHORT,2020-12-25 08:30:00,1.0,23801.16,99.66357142857393,0.42,0.7,0.8,False,1.0,True,0.9067346553352219,Свип не касался PWL/PWH,False,19.928645657891405,False,False,4,False,48.173669989750024
123,SHORT,2020-12-26 03:50:00,2.0,24920.0,163.53605263157812,0.66,2.6,0.98,False,2.0,True,1.118035882908404,Цена уже торгуется за PWL/PWH,True,18.98663903179254,True,False,5,False,inf
124,LONG,2020-12-28 20:50:00,-1.0,26845.99868421053,169.3360526315784,0.63,0.7,0.78,False,-1.0,False,1.4817750111823478,Свип не касался PWL/PWH,False,3.862150473132664,True,False,0,False,inf
125,SHORT,2021-01-07 04:00:00,2.0,37500.0,314.31798245613976,0.84,0.8,0.95,False,2.0,True,1.305895296866413,Цена уже торгуется за PWL/PWH,True,29.81057566856678,True,False,3,False,inf
126,SHORT,2021-01-20 23:55:00,5.0,35550.72,188.13999999999714,0.53,0.9,1.0,False,5.0,True,0.5300330578512398,Свип не касался PWL/PWH,False,11.431487190390314,False,False,2,False,27.27075582013436
127,SHORT,2021-02-01 09:20:00,5.0,34537.0,200.3600000000026,0.58,0.6,0.68,False,5.0,True,0.569986803269689,Свип не касался PWL/PWH,True,11.184068676382367,False,False,0,False,26.428828109402726
128,SHORT,2021-02-03 22:20:00,-1.0,37414.3,150.45166666666813,0.4,1.4,0.73,False,-1.0,False,0.8797009315212408,Свип не касался PWL/PWH,True,34.01849985045,False,False,2,False,54.32030220114935
129,LONG,2021-02-10 04:30:00,4.0,46000.0,332.8439473684195,0.72,1.0,0.89,False,4.0,True,1.5825483436978522,Свип не касался PWL/PWH,False,6.436019092240988,True,False,2,False,inf
130,LONG,2021-03-01 07:00:00,5.0,45920.0,272.83394736842143,0.59,0.5,0.64,False,5.0,True,0.20126174572508332,Свип не касался PWL/PWH,False,3.2141894674705784,False,False,0,False,42.474443198050814
131,LONG,2021-03-07 20:15:00,5.0,50000.0,224.90000000000367,0.45,1.7,0.72,False,5.0,True,0.48247678769711755,Свип не касался PWL/PWH,False,11.738550466873974,False,False,6,False,33.38581591818532
132,SHORT,2021-03-09 14:00:00,2.0,54623.0,249.2019780219717,0.46,1.1,0.63,False,2.0,True,0.8011182433433711,Свип не касался PWL/PWH,True,21.461828041864294,False,False,1,False,46.64088179498808
133,LONG,2021-03-12 10:35:00,2.0,56150.001315789465,289.9439473684221,0.52,0.6,0.74,False,2.0,True,0.9063671990078529,Свип не касался PWL/PWH,False,4.6852803672579375,True,False,4,False,inf
134,LONG,2021-03-22 01:45:00,4.0,56688.74,386.9239473684205,0.68,1.7,0.76,False,4.0,True,0.46418883768060426,Свип не касался PWL/PWH,False,1.9660969686005316,False,False,0,False,10.195000921573756
135,SHORT,2021-03-23 16:40:00,-1.0,55600.0,262.9180701754371,0.47,0.5,0.61,False,-1.0,False,0.31630420166012674,Свип не касался PWL/PWH,False,8.856979660797604,False,True,1,False,24.058179020480807
136,SHORT,2021-03-31 07:25:00,5.0,59500.0,449.9599999999999,0.76,1.2,0.79,False,5.0,True,1.1336058086983027,Цена уже торгуется за PWL/PWH,True,10.445350697839805,True,False,2,False,22.72497555338253
137,LONG,2021-04-02 21:40:00,2.0,58850.0,389.21605263157716,0.66,4.3,0.95,False,2.0,True,1.0523879912584635,Свип не касался PWL/PWH,False,3.4685105890991563,True,False,4,False,7.692385706491018
138,SHORT,2021-04-06 00:15:00,5.0,59250.0,405.9931578947352,0.69,1.5,0.74,True,5.0,True,0.824073748284719,Свип не касался PWL/PWH,True,6.089339073642705,False,False,1,False,10.960751218260135
139,SHORT,2021-04-07 06:20:00,5.0,58217.600000000006,531.7600000000017,0.91,0.8,0.9,False,5.0,True,0.63288820905224,Свип не касался PWL/PWH,False,2.7076688731758773,False,False,2,False,6.426940725139147
140,LONG,2021-04-10 13:00:00,1.0,60255.81,262.89190476190237,0.44,1.4,0.79,False,1.0,True,1.010335204324452,Свип не касался PWL/PWH,False,4.7327056385659665,True,False,5,False,6.04122824336643
141,SHORT,2021-04-14 00:10:00,-1.0,63568.69,453.30394736842095,0.71,0.8,0.88,False,-1.0,False,1.3432370997179364,Цена уже торгуется за PWL/PWH,True,9.305235536746302,True,False,2,False,inf
142,SHORT,2021-04-15 20:10:00,-1.0,63399.99956140349,328.8479824561377,0.52,0.6,0.48,False,-1.0,False,1.315247977667744,Цена уже торгуется за PWL/PWH,False,12.3139255140287,True,False,3,False,inf
143,SHORT,2021-04-19 01:35:00,1.0,56860.69,264.82798245614435,0.47,1.2,0.73,False,1.0,True,0.4258793193848895,Свип не касался PWL/PWH,False,4.418226462129106,False,False,0,False,22.38959019741016
144,LONG,2021-04-21 12:10:00,2.0,54675.09,444.33826666666357,0.81,0.8,0.88,False,2.0,True,0.26889827404167255,Свип не касался PWL/PWH,False,6.417903237083387,False,False,2,False,22.908020226032168
145,LONG,2021-04-29 05:15:00,2.0,53865.0,431.72999999999763,0.8,1.6,0.91,False,2.0,True,0.21071343920360258,Свип не касался PWL/PWH,False,5.936580733328733,False,True,3,False,inf
146,SHORT,2021-05-03 08:40:00,5.0,58800.0,286.11809523809865,0.49,1.8,0.97,False,5.0,True,1.0352336977298464,Свип PWL/PWH — первое снятие за неделю,True,7.951262216067863,True,False,0,True,35.11333315580603
147,SHORT,2021-05-06 10:45:00,5.0,58133.62,345.60395604394716,0.59,1.0,0.88,False,5.0,True,0.9665675043767772,Свип не касался PWL/PWH,False,15.14340304407422,True,False,3,False,inf
148,SHORT,2021-05-11 07:05:00,1.0,55677.0,239.82394736842286,0.43,0.7,0.52,False,1.0,True,0.4207575757575758,Свип не касался PWL/PWH,False,9.494464689558388,False,False,1,False,11.579327379404322
149,SHORT,2021-06-04 00:05:00,5.0,39110.0,206.99798245613897,0.53,1.1,0.76,False,5.0,True,0.7680246582685607,Свип не касался PWL/PWH,False,23.943035295284435,False,False,4,False,27.686260184754932
150,SHORT,2021-06-17 23:25:00,5.0,37965.0,234.08999999999708,0.62,0.7,0.73,False,5.0,True,0.831145584725537,Свип не касался PWL/PWH,False,2.563116749967993,True,False,3,False,34.025374855825106
151,LONG,2021-07-11 21:10:00,5.0,33809.17,135.46605263158085,0.4,0.3,0.41,False,5.0,True,0.2845860035888229,Свип не касался PWL/PWH,False,10.959277037750617,False,True,6,False,inf
152,SHORT,2021-07-18 22:10:00,5.0,31810.0,105.7799999999963,0.33,0.5,0.47,False,5.0,True,-0.08300225691530043,Свип не касался PWL/PWH,False,7.468330497258722,False,True,6,False,inf
153,LONG,2021-07-23 16:40:00,5.0,32144.0,189.16605263158075,0.59,2.4,0.71,False,5.0,True,0.3072356174643221,Свип не касался PWL/PWH,False,4.075784155107351,False,True,4,False,inf
154,LONG,2021-08-01 11:30:00,1.0,41520.78,212.67359999999638,0.51,0.9,0.58,False,1.0,True,2.000454248366013,Свип не касался PWL/PWH,False,5.069834713852681,True,False,6,False,inf
155,SHORT,2021-08-08 22:30:00,4.0,44285.278947368424,324.25315789473615,0.73,0.6,0.76,False,4.0,True,1.228084508153203,Цена уже торгуется за PWL/PWH,False,21.44182339659889,True,False,6,False,inf
156,LONG,2021-08-16 08:25:00,2.0,47158.7,162.20999999999987,0.34,0.4,0.4,False,2.0,True,1.2317450766550082,Свип не касался PWL/PWH,False,5.518340422908609,True,False,0,False,inf
157,SHORT,2021-08-17 10:05:00,-1.0,46784.0,214.48807017543422,0.46,1.5,0.71,False,-1.0,False,1.1847742970679302,Цена уже торгуется за PWL/PWH,False,7.201099803530721,True,False,1,False,inf
158,LONG,2021-08-25 00:10:00,2.0,47871.14,294.94000000000244,0.62,0.9,0.83,False,2.0,True,0.6764813855427887,Свип не касался PWL/PWH,True,6.3941818674984265,True,False,2,False,inf
159,SHORT,2021-08-25 06:55:00,4.0,48377.0,284.0579824561409,0.59,2.0,0.65,False,4.0,True,0.7632596486051594,Свип не касался PWL/PWH,False,2.7353570326789542,True,False,2,False,inf
160,LONG,2021-08-25 10:15:00,5.0,47465.02,358.01605263157893,0.75,3.2,0.99,False,5.0,True,0.6068131212109771,Свип не касался PWL/PWH,True,6.40200343854033,True,False,2,False,inf
161,SHORT,2021-08-26 22:45:00,5.0,47291.27,170.9800000000023,0.36,2.1,0.64,False,5.0,True,0.5770070025080022,Свип не касался PWL/PWH,False,6.090010527546982,True,False,3,False,inf
162,SHORT,2021-09-04 05:05:00,1.0,50308.45,217.1000000000021,0.43,4.2,0.6,False,1.0,True,0.9549294117647052,Свип не касался PWL/PWH,False,17.487102717641456,True,False,5,False,inf
163,SHORT,2021-09-08 22:50:00,5.0,46630.95,201.44394736842065,0.43,0.9,0.56,False,5.0,True,0.02207683741648053,Свип не касался PWL/PWH,False,0.5904868404035468,True,True,2,False,inf
164,LONG,2021-09-10 07:45:00,-1.0,46169.0,298.3468421052616,0.65,1.1,0.81,False,-1.0,False,-0.06365998515219005,Свип PWL/PWH — повторный (уже снимали на неделе),False,19.209186058614325,True,True,4,False,inf
165,SHORT,2021-09-11 13:10:00,-1.0,45562.0,260.9000000000029,0.57,3.7,0.71,False,-1.0,False,-0.1763177431328879,Свип не касался PWL/PWH,False,10.421425833652615,True,True,5,False,inf
166,SHORT,2021-09-16 07:20:00,5.0,48350.0,162.24394736842177,0.34,4.3,0.82,False,5.0,True,0.5464897612868972,Свип не касался PWL/PWH,True,30.69451946143464,False,False,3,False,33.94240641529065
167,LONG,2021-09-16 14:25:00,2.0,47500.31,317.82315789473915,0.67,1.0,0.89,False,2.0,True,0.46216960489036824,Свип не касался PWL/PWH,False,3.324773458924509,False,False,3,False,17.052533351880438
168,SHORT,2021-09-18 09:20:00,5.0,48636.88,237.54342105263225,0.49,6.2,0.75,False,5.0,True,0.5749586928584538,Свип не касался PWL/PWH,False,22.172283183683795,False,False,5,False,24.39061445829839
169,SHORT,2021-09-23 05:20:00,-1.0,43963.56,346.57394736842315,0.79,2.1,0.96,False,-1.0,False,0.10844843966966272,Свип не касался PWL/PWH,False,1.712650372328817,False,True,3,False,inf
170,LONG,2021-10-02 03:55:00,5.0,47502.62,97.123571428567,0.2,0.8,0.37,False,5.0,True,1.020054858175482,Свип не касался PWL/PWH,False,10.21770498554904,True,False,5,False,inf
171,SHORT,2021-10-16 04:55:00,-1.0,61787.601754385956,478.33807017543705,0.77,0.9,0.73,False,-1.0,False,1.5404471784654226,Цена уже торгуется за PWL/PWH,False,16.53349847626673,True,False,5,False,inf
172,SHORT,2021-10-22 09:05:00,5.0,63542.43,285.66798245614086,0.45,1.7,0.66,False,5.0,True,1.0673105809586922,Цена уже торгуется за PWL/PWH,False,12.945027889388202,True,False,4,False,inf
173,SHORT,2021-11-02 10:40:00,-1.0,63249.0,475.01605263157734,0.75,2.2,0.99,False,-1.0,False,0.9216331699665405,Свип не касался PWL/PWH,True,8.092358097593404,False,False,1,False,11.429087438042298
174,LONG,2021-11-04 15:25:00,-1.0,61181.38,378.5968421052624,0.62,0.5,0.76,False,-1.0,False,0.5706316641853246,Свип не касался PWL/PWH,False,6.680589267294483,True,False,3,False,inf
175,LONG,2021-11-05 17:30:00,1.0,61059.23,327.6100000000071,0.54,3.4,0.72,False,1.0,True,0.5498953422639012,Свип не касался PWL/PWH,False,8.093159549464108,True,False,4,False,inf
176,SHORT,2021-11-06 06:10:00,5.0,61457.23,219.3419298245627,0.36,0.9,0.42,False,5.0,True,0.6174602716517597,Свип не касался PWL/PWH,False,9.356305024039171,True,False,5,False,inf
177,LONG,2021-11-08 15:00:00,5.0,65471.74,268.8480952380916,0.41,1.9,0.82,False,5.0,True,1.2470174717368958,Свип не касался PWL/PWH,False,3.5382806010121333,True,False,0,False,inf
178,SHORT,2021-11-08 16:15:00,1.0,66262.38,415.0720175438615,0.63,0.8,0.67,False,1.0,True,1.4095334018499495,Цена уже торгуется за PWL/PWH,True,7.200678132160934,True,False,0,False,inf
179,LONG,2021-11-10 06:50:00,1.0,66600.89,334.04,0.5,4.5,0.7,False,1.0,True,1.4791140801644398,Свип не касался PWL/PWH,False,5.7578733085858,True,False,2,False,inf
180,LONG,2021-11-12 01:25:00,2.0,64538.0,465.052017543858,0.72,0.4,0.8,False,2.0,True,1.055087358684481,Свип не касался PWL/PWH,False,9.594625615357531,True,False,4,False,inf
181,SHORT,2021-11-13 16:55:00,2.0,64727.39,378.3868421052611,0.58,4.0,0.9,False,2.0,True,1.094016443987667,Свип PWL/PWH — повторный (уже снимали на неделе),False,6.473243060916528,True,False,5,False,inf
182,LONG,2021-11-25 07:15:00,4.0,57476.4,475.91394736842466,0.83,3.2,0.89,False,4.0,True,0.17371146714164837,Свип не касался PWL/PWH,False,4.134360866874948,False,True,3,False,inf
183,LONG,2021-11-27 21:25:00,4.0,54184.48,186.8020175438634,0.34,1.2,0.88,False,4.0,True,-0.1310445832276409,Цена уже торгуется за PWL/PWH,False,28.15558455499549,False,True,5,False,inf
184,LONG,2021-11-29 10:25:00,2.0,57155.0,468.3580701754403,0.82,0.9,0.88,False,2.0,True,0.6300522355253291,Свип не касался PWL/PWH,True,2.321066015992397,False,False,0,False,4.887286342995164
185,LONG,2021-12-07 20:55:00,1.0,50418.02,284.9300000000039,0.57,0.8,0.95,False,1.0,True,0.49006647963024286,Свип не касался PWL/PWH,False,5.3287123153054585,False,False,1,False,30.740778436808625
186,SHORT,2021-12-14 12:35:00,2.0,47636.24,346.3599999999948,0.73,1.2,0.97,False,2.0,True,0.1707200891746519,Свип не касался PWL/PWH,False,2.555837856565456,False,True,1,False,16.27191361589121
187,SHORT,2021-12-15 08:50:00,5.0,48525.27,262.34201754385646,0.54,1.4,0.69,False,5.0,True,0.3421710865075118,Свип не касался PWL/PWH,False,6.763194156282598,False,True,2,False,24.87199748286298
188,SHORT,2021-12-21 23:10:00,2.0,49145.8,158.83999999999955,0.32,2.4,0.82,False,2.0,True,0.7794303723935728,Свип не касался PWL/PWH,False,22.58215814656267,False,False,1,False,23.22966507177042
189,LONG,2021-12-22 14:00:00,2.0,48611.45,215.6400000000048,0.44,2.4,0.84,False,2.0,True,0.6665547098946543,Свип не касался PWL/PWH,False,4.473567056204688,False,False,2,False,7.320163235021188
190,LONG,2021-12-23 00:40:00,5.0,48251.42,255.43000000000114,0.53,1.9,0.83,False,5.0,True,0.5905022634279469,Свип не касался PWL/PWH,False,5.186195826645238,False,False,3,False,7.5893591199154145
191,SHORT,2021-12-23 13:55:00,-1.0,48640.84,233.58342105262838,0.48,1.8,0.58,False,-1.0,False,0.6727630297614889,Свип не касался PWL/PWH,False,13.194386768167073,False,False,3,False,13.634700552152733
192,SHORT,2021-12-27 17:55:00,5.0,51843.4,316.66684210526176,0.61,1.2,0.87,False,5.0,True,1.0053430168848934,Свип PWL/PWH — первое снятие за неделю,True,4.403365981514716,True,False,0,True,19.845936373442548
193,LONG,2022-01-02 05:55:00,2.0,47059.3,332.6839473684194,0.71,2.9,0.96,False,2.0,True,0.24002783487838303,Свип не касался PWL/PWH,False,14.279919537984192,True,False,6,False,36.424029761137454
194,SHORT,2022-01-06 20:10:00,5.0,43481.73,104.83192307692741,0.24,1.6,0.71,False,5.0,True,-0.34263182527301045,Свип не касался PWL/PWH,False,10.027002931431966,False,True,3,False,14.131477860163857
195,LONG,2022-01-11 14:45:00,5.0,41500.0,265.62813333333077,0.64,0.6,0.74,False,5.0,True,0.14132126184750318,Свип не касался PWL/PWH,False,4.24525815789598,False,True,1,False,inf
196,SHORT,2022-01-13 14:40:00,5.0,44192.83,226.04798245614006,0.51,0.6,0.82,False,5.0,True,0.5222563304569249,Свип не касался PWL/PWH,True,16.332063484425593,False,True,3,False,inf
197,LONG,2022-01-15 13:25:00,2.0,42793.0,283.6260526315792,0.66,1.1,0.76,True,2.0,True,0.3242325647191965,Свип не касался PWL/PWH,False,6.018488020271311,False,True,5,False,inf
198,LONG,2022-01-17 12:20:00,-1.0,42599.999999999985,201.2100000000046,0.47,0.5,0.44,False,-1.0,False,0.6082474226804093,Свип не касался PWL/PWH,False,2.8635753690174526,False,False,0,False,9.442870632672188
199,LONG,2022-01-17 22:20:00,2.0,41693.61,190.6920175438601,0.46,1.2,0.72,False,2.0,True,0.42136288659793825,Свип не касался PWL/PWH,True,7.7746830679947125,False,False,0,False,14.716871928603494
200,LONG,2022-01-19 08:50:00,5.0,41325.41,230.32798245614245,0.56,2.0,0.89,False,5.0,True,0.345445360824743,Свип не касался PWL/PWH,True,8.035367566997243,False,False,2,False,13.782910639633121
201,LONG,2022-01-24 05:50:00,1.0,35066.15,176.84285714285767,0.5,1.2,0.68,False,1.0,True,0.11141939559861024,Свип не касался PWL/PWH,True,6.702843525325119,False,False,0,False,47.719484611034666
202,SHORT,2022-01-30 08:20:00,5.0,38139.5,300.0100000000007,0.79,3.7,1.0,False,5.0,True,0.4350321154048647,Свип не касался PWL/PWH,False,13.771207626412423,False,True,6,False,inf
203,LONG,2022-01-30 20:10:00,4.0,37475.72,159.5580701754399,0.43,2.8,0.98,False,4.0,True,0.36513846477835116,Свип не касался PWL/PWH,False,9.051626147220167,False,True,6,False,inf
204,LONG,2022-02-03 11:25:00,2.0,36365.08,133.20464912280627,0.37,1.6,0.77,False,2.0,True,0.5743826641189711,Свип не касался PWL/PWH,True,19.180261476043114,True,False,3,False,inf
205,LONG,2022-02-10 05:10:00,5.0,43763.0,253.66639999999884,0.58,3.8,0.84,False,5.0,True,1.172806743677802,Свип не касался PWL/PWH,False,6.8160387028002445,True,False,3,False,inf
206,SHORT,2022-02-13 11:45:00,1.0,42529.96,138.6131578947362,0.33,1.3,0.37,False,1.0,True,0.9803246955978768,Свип не касался PWL/PWH,False,6.378254513697754,True,False,6,False,inf
207,SHORT,2022-02-15 22:55:00,-1.0,44185.9995614035,213.08798245614162,0.48,0.7,0.48,False,-1.0,False,0.6083971980416273,Свип не касался PWL/PWH,False,11.920660809327067,False,True,1,False,inf
208,SHORT,2022-02-16 08:40:00,5.0,44227.5,107.75684210526319,0.24,0.8,0.29,False,5.0,True,0.6183370657341654,Свип не касался PWL/PWH,False,23.958107434867983,False,True,2,False,inf
209,LONG,2022-02-27 02:05:00,5.0,38360.6,217.6799999999998,0.57,1.5,0.93,False,5.0,True,0.05341114435524461,Свип не касался PWL/PWH,False,9.131982726938627,False,True,6,False,inf
210,SHORT,2022-03-26 19:05:00,1.0,44399.9,66.12190476190762,0.15,2.3,0.27,False,1.0,True,1.412776057791538,Цена уже торгуется за PWL/PWH,False,59.465316586965216,True,False,5,False,inf
211,SHORT,2022-03-26 20:45:00,1.0,44535.7,271.6917333333377,0.61,0.7,0.69,False,1.0,True,1.4408049535603709,Цена уже торгуется за PWL/PWH,False,14.971968230661156,True,False,5,False,inf
212,LONG,2022-03-29 00:10:00,1.0,47256.800438596496,425.2279824561406,0.9,1.2,0.93,False,1.0,True,1.0394729857935,Свип не касался PWL/PWH,False,2.1942101646608765,True,False,1,False,inf
213,SHORT,2022-03-29 12:40:00,5.0,47908.2,215.8499999999991,0.45,2.1,0.73,False,5.0,True,1.139211705297455,Цена уже торгуется за PWL/PWH,False,5.7662265462126685,True,False,1,False,inf
214,LONG,2022-03-29 16:35:00,1.0,47402.9,314.45605263157853,0.66,2.8,0.88,False,1.0,True,1.0618429473929196,Свип не касался PWL/PWH,False,2.5025436572594324,True,False,1,False,inf
215,LONG,2022-04-04 02:15:00,2.0,45874.2,162.06813333333076,0.35,2.8,0.72,False,2.0,True,0.419615824193451,Свип не касался PWL/PWH,False,3.6215632766795918,False,False,0,False,14.288064855028273
216,LONG,2022-04-04 18:15:00,5.0,45258.2,186.74709677419705,0.41,1.4,0.89,False,5.0,True,0.26522366811701675,Свип не касался PWL/PWH,True,6.441545923760852,False,False,0,False,15.698450206938189
217,SHORT,2022-04-08 08:55:00,5.0,43722.9,267.18394736841566,0.61,1.2,0.66,False,5.0,True,-0.11957872997413405,Свип не касался PWL/PWH,False,3.7260846312269464,False,True,4,False,inf
218,LONG,2022-04-14 09:35:00,-1.0,41105.2,188.96798245613994,0.46,0.5,0.47,False,-1.0,False,-0.14306076519129837,Цена уже торгуется за PWL/PWH,False,6.929798281060356,False,True,3,False,inf
219,LONG,2022-04-16 16:55:00,2.0,40180.0,255.07192307692173,0.63,5.8,0.79,False,2.0,True,-0.31657914478619653,Цена уже торгуется за PWL/PWH,False,8.761097548655249,False,True,5,False,inf
220,LONG,2022-04-17 03:30:00,2.0,40219.7,145.44807017543778,0.36,1.9,0.47,False,2.0,True,-0.30913353338334637,Цена уже торгуется за PWL/PWH,False,15.091365580529231,False,True,6,False,inf
221,LONG,2022-04-20 16:30:00,-1.0,41226.4,238.7042307692287,0.58,2.1,0.93,False,-1.0,False,0.6303523490454822,Свип не касался PWL/PWH,False,4.074498373429652,False,True,2,False,inf
222,LONG,2022-04-23 04:35:00,2.0,39422.0,182.63000000000054,0.46,3.1,0.7,True,2.0,True,0.06905755106992545,Свип не касался PWL/PWH,False,16.386738213874995,True,True,5,False,inf
223,SHORT,2022-04-27 14:00:00,4.0,39280.0,209.73605263157881,0.53,0.6,0.85,False,4.0,True,0.16747193934438376,Свип не касался PWL/PWH,False,3.544884108723112,False,True,2,False,inf
224,SHORT,2022-05-02 06:10:00,5.0,39016.7,157.87807692307572,0.4,5.2,0.89,False,5.0,True,0.47796935146719505,Свип не касался PWL/PWH,True,4.0557879376247294,False,False,0,False,10.326449572820389
225,SHORT,2022-05-08 07:10:00,5.0,34741.7,233.3799999999998,0.67,1.3,0.8,False,5.0,True,-0.7753545220804884,Свип не касался PWL/PWH,False,2.2782586339874777,False,True,6,False,inf
226,LONG,2022-05-25 12:45:00,2.0,29519.001315789475,203.66394736842017,0.69,1.4,0.71,False,2.0,True,0.32325815810826014,Свип не касался PWL/PWH,False,5.653964283268499,False,False,2,False,8.886691570091635
227,LONG,2022-05-27 06:10:00,4.0,28750.0,146.5087719298251,0.51,1.1,0.72,False,4.0,True,0.03571976084623595,Свип PWL/PWH — повторный (уже снимали на неделе),False,13.108498383427076,False,True,4,False,37.49365944198287
228,SHORT,2022-05-29 22:45:00,-1.0,29424.0,185.9980769230774,0.63,1.8,0.83,False,-1.0,False,0.2877360783419266,Свип не касался PWL/PWH,False,4.137300840579393,False,True,6,False,14.645312710015574
229,LONG,2022-05-30 13:50:00,5.0,30420.0,180.12807017543844,0.59,1.8,0.99,False,5.0,True,0.905501801241065,Свип не касался PWL/PWH,False,1.3907327145403292,True,False,0,False,21.224620883776677
230,LONG,2022-05-31 14:10:00,5.0,31347.1,140.71000000000058,0.45,0.6,0.65,False,5.0,True,1.255225485203418,Свип не касался PWL/PWH,False,6.2177528249591205,True,False,1,False,20.58169284343679
231,SHORT,2022-06-04 22:20:00,2.0,29880.0,103.68357142857411,0.35,1.4,0.63,False,2.0,True,0.7018012410645244,Свип не касался PWL/PWH,False,5.764076138250154,True,False,5,False,30.670239809309127
232,LONG,2022-07-12 07:45:00,-1.0,19725.3,116.9100000000002,0.59,1.2,0.82,False,-1.0,False,0.1929661353778444,Свип не касался PWL/PWH,True,9.778290993071579,False,False,1,False,23.96775297237187
233,LONG,2022-08-01 07:40:00,1.0,23204.7,116.24999999999953,0.5,1.3,0.53,False,1.0,True,0.6306197147545124,Свип не касался PWL/PWH,True,2.2524731182795663,False,False,0,False,12.587526881720475
234,LONG,2022-08-03 02:10:00,5.0,22814.4,160.43166666666457,0.7,3.7,0.79,False,5.0,True,0.5320964281206617,Свип не касался PWL/PWH,False,4.333807747847004,False,False,2,False,11.553828732897845
235,LONG,2022-08-05 13:30:00,2.0,22998.2,141.83394736842087,0.62,0.9,0.81,False,2.0,True,0.5784929950776223,Свип не касался PWL/PWH,False,4.579157613888742,False,False,4,False,11.772922004790638
236,SHORT,2022-08-11 02:10:00,1.0,24352.8,140.13999999999993,0.58,1.3,0.98,False,1.0,True,1.565144908951012,Цена уже торгуется за PWL/PWH,True,12.045882688739843,True,False,3,False,26.018981018981027
237,LONG,2022-08-11 20:25:00,1.0,24139.5,126.11192982456046,0.52,3.4,0.84,False,1.0,True,1.3941876122082582,Свип не касался PWL/PWH,False,6.177369588140913,True,False,3,False,21.8562986375235
238,LONG,2022-08-14 18:25:00,5.0,24242.9,116.9700000000017,0.48,4.0,0.71,False,5.0,True,1.4770614260066692,Свип не касался PWL/PWH,False,6.879199794819083,True,False,6,False,22.680516371718902
239,SHORT,2022-08-15 16:10:00,5.0,24191.801199999984,92.53640000000065,0.38,0.9,0.36,False,5.0,True,0.6408705468615506,Свип не касался PWL/PWH,False,3.483398965163785,True,False,0,False,70.99693958269326
240,LONG,2022-08-17 20:10:00,2.0,23258.7,100.28342105263125,0.43,1.2,0.61,False,2.0,True,0.24928342712779186,Свип не касался PWL/PWH,True,17.838043230108415,True,False,2,False,36.26860713189209
241,LONG,2022-08-18 16:50:00,1.0,23319.0,80.62394736842255,0.35,0.5,0.39,False,1.0,True,0.27458904598236605,Свип не касался PWL/PWH,False,21.439783791546468,True,False,3,False,44.364486194841376
242,LONG,2022-08-20 20:10:00,2.0,20995.999670329667,73.26681318681591,0.35,1.5,0.82,False,2.0,True,-0.7002859281749862,Цена уже торгуется за PWL/PWH,False,55.29871101858429,True,True,5,False,80.52541216207814
243,SHORT,2022-08-25 08:15:00,5.0,21734.9,86.90605263157892,0.4,4.7,0.87,False,5.0,True,0.2186801875300602,Свип не касался PWL/PWH,False,9.720381658354633,False,False,3,False,11.195998098369992
244,LONG,2022-09-04 08:35:00,4.0,19671.4,111.1846491228076,0.57,2.4,0.8,True,4.0,True,0.06361344537815188,Свип не касался PWL/PWH,False,8.138263754383557,False,False,6,False,20.044133948189437
245,LONG,2022-09-05 12:25:00,4.0,19717.4,107.01000000000009,0.54,9.9,0.91,True,4.0,True,0.17119420989143685,Свип не касался PWL/PWH,True,3.1760583123072488,False,False,0,False,8.025885431268085
246,LONG,2022-09-17 05:30:00,-1.0,19850.4,52.30394736842199,0.26,0.7,0.26,False,-1.0,False,0.39998148828238167,Свип не касался PWL/PWH,False,38.42157430001689,True,False,5,False,134.70187919800517
247,LONG,2022-09-22 14:05:00,1.0,18938.8,107.22000000000097,0.57,0.6,0.95,False,1.0,True,-0.1095749053604635,Цена уже торгуется за PWL/PWH,False,9.48703600074605,False,True,3,False,74.21227382950876
248,SHORT,2022-09-24 13:15:00,5.0,19148.0,78.60798245614049,0.41,1.2,0.54,True,5.0,True,-0.04944251061371212,Свип не касался PWL/PWH,False,13.001478578466747,False,True,5,False,19.412786746580544
249,SHORT,2022-09-25 04:05:00,2.0,19034.0,35.429999999999275,0.19,2.2,0.39,False,2.0,True,-0.08221064159425531,Свип не касался PWL/PWH,False,25.628563364381005,False,True,6,False,39.85323172452805
250,LONG,2022-09-25 14:40:00,2.0,18910.0,85.41639999999947,0.45,2.0,0.74,False,2.0,True,-0.11785317002923211,Цена уже торгуется за PWL/PWH,False,12.24589188961378,False,True,6,False,93.49305285636072
251,LONG,2022-09-25 22:10:00,5.0,18752.5,140.8100000000008,0.75,0.8,0.94,False,5.0,True,-0.16312492993656152,Цена уже торгуется за PWL/PWH,False,8.546978197571146,False,True,6,False,57.83211419643459
252,SHORT,2022-09-26 09:05:00,4.0,19218.0,103.15605263157688,0.54,0.4,0.6,False,4.0,True,0.5967257188446029,Свип не касался PWL/PWH,True,5.208419538104089,False,False,0,False,10.586097200715535
253,SHORT,2022-09-28 00:30:00,5.0,19187.5,50.41394736842115,0.26,0.4,0.31,False,5.0,True,0.580059234325308,Свип не касался PWL/PWH,False,10.052376900711437,True,False,2,False,31.052914554764964
254,LONG,2022-09-28 02:45:00,5.0,18580.6,129.82999999999996,0.7,0.5,0.86,False,5.0,True,0.2484235144971087,Свип не касался PWL/PWH,True,10.593853500731742,True,False,2,False,64.04713856581687
255,LONG,2022-10-01 07:10:00,2.0,19279.7,34.427692307692745,0.18,3.8,0.43,False,2.0,True,0.6304411973639638,Свип не касался PWL/PWH,False,19.644070068817317,True,False,5,False,221.22133345249517
256,LONG,2022-10-06 23:10:00,1.0,19936.5,103.12201754385981,0.52,3.1,0.67,False,1.0,True,0.7652957828871083,Свип не касался PWL/PWH,False,4.357556326987871,True,False,3,False,67.48646085245623
257,LONG,2022-10-14 09:45:00,2.0,19610.0,99.7599999999979,0.51,2.9,0.97,False,2.0,True,0.4291634770213551,Свип не касался PWL/PWH,False,3.426924619085868,False,True,4,False,73.03368083400314
258,LONG,2022-10-23 01:50:00,2.0,19164.7,19.278266666665694,0.1,1.2,0.11,False,2.0,True,0.5532190229699134,Свип не касался PWL/PWH,False,28.112485908139725,False,False,6,False,40.831990427910426
259,SHORT,2022-10-24 19:45:00,1.0,19352.5,72.40798245614045,0.37,2.4,0.55,False,1.0,True,0.6648306929381259,Свип не касался PWL/PWH,False,2.699978557176619,False,False,0,False,9.701968984228003
260,LONG,2022-10-30 22:55:00,1.0,20560.2,67.45201754385906,0.33,1.7,0.56,False,1.0,True,1.8077716578653502,Свип не касался PWL/PWH,False,7.78034548275388,True,False,6,False,93.92810223771886
261,LONG,2022-10-31 14:40:00,2.0,20313.1,97.8116666666651,0.48,2.0,0.93,True,2.0,True,0.5996369294605801,Свип не касался PWL/PWH,True,5.447407432651268,False,False,0,False,7.891696627873435
262,SHORT,2022-11-01 06:25:00,1.0,20613.6,45.723947368421214,0.22,1.2,0.35,False,1.0,True,0.7554979253112025,Свип не касался PWL/PWH,False,8.215607392187595,False,False,1,False,31.856392193426082
263,LONG,2022-11-01 14:15:00,1.0,20400.1,90.26000000000064,0.44,0.9,0.66,False,1.0,True,0.644761410788381,Свип не касался PWL/PWH,False,4.939286505650305,False,False,1,False,7.588078883226197
264,SHORT,2022-11-05 04:55:00,5.0,21376.1,108.33640000000194,0.51,7.7,0.83,True,5.0,True,1.1509854771784225,Цена уже торгуется за PWL/PWH,True,12.413740903334178,True,False,5,False,34.652249844003784
265,LONG,2022-11-05 11:00:00,-1.0,21327.8,111.61315789473862,0.52,3.0,0.59,False,-1.0,False,1.1259336099585058,Свип не касался PWL/PWH,False,1.3694621931954802,True,False,5,False,49.88694975597026
266,LONG,2022-11-19 02:45:00,-1.0,16610.4,51.88315789473722,0.31,1.1,0.32,False,-1.0,False,0.18650910198713214,Свип не касался PWL/PWH,False,11.171255249649915,False,False,5,False,85.9502424476043
267,SHORT,2022-11-19 22:45:00,5.0,16728.0,94.90807017543817,0.57,4.0,0.82,False,5.0,True,0.207962026863586,Свип не касался PWL/PWH,False,9.61762259323894,False,False,5,False,12.011623436159883
268,SHORT,2022-11-20 07:50:00,5.0,16702.0,39.66684210526333,0.24,1.4,0.26,False,5.0,True,0.2032190332684516,Свип не касался PWL/PWH,False,22.355951543779035,False,False,6,False,28.083909403319634
269,LONG,2022-11-25 06:25:00,2.0,16410.0,86.46605263157959,0.53,3.2,0.72,False,2.0,True,0.432640621476735,Свип не касался PWL/PWH,False,4.656509551968958,False,True,4,False,inf
270,LONG,2022-11-26 07:40:00,2.0,16564.1,49.76201754386003,0.3,4.2,0.42,False,2.0,True,0.5447304679260098,Свип не касался PWL/PWH,False,4.994371455718193,False,True,5,False,inf
271,SHORT,2022-11-29 12:10:00,1.0,16471.7,79.57190476190554,0.48,9.5,0.93,False,1.0,True,0.744933152779752,Свип не касался PWL/PWH,False,5.987414797038862,False,False,1,False,12.513210573246006
272,SHORT,2022-12-02 13:20:00,2.0,17027.5,77.34798245614091,0.45,2.2,0.69,False,2.0,True,1.1607550331804604,Цена уже торгуется за PWL/PWH,False,13.345273751455782,True,False,4,False,inf
273,LONG,2022-12-03 23:45:00,5.0,16900.3,58.62605263157981,0.35,23.0,0.89,True,5.0,True,1.0655903279142307,Свип не касался PWL/PWH,False,7.227162344745147,True,False,5,False,inf
274,LONG,2022-12-04 12:15:00,5.0,16947.0,63.44605263157797,0.37,3.6,0.45,False,5.0,True,1.1005289421904334,Свип не касался PWL/PWH,False,5.942056036002497,True,False,6,False,inf
275,SHORT,2022-12-07 00:45:00,5.0,17071.5,67.06357142857254,0.39,6.3,0.74,False,5.0,True,0.8099689176883189,Свип не касался PWL/PWH,False,3.0493455037330808,True,False,2,False,inf
276,SHORT,2022-12-12 12:15:00,1.0,16975.0,33.40000000000081,0.2,3.1,0.36,False,1.0,True,0.39731963188537867,Свип не касался PWL/PWH,False,3.088323353293382,False,False,0,False,8.86736526946081
277,SHORT,2022-12-13 00:05:00,1.0,17176.5,70.01877192982452,0.41,10.1,0.68,False,1.0,True,0.6676370368382917,Свип не касался PWL/PWH,True,4.350976054040669,False,False,1,False,7.107665362922704
278,SHORT,2022-12-18 18:25:00,1.0,16756.0,42.39576923076907,0.25,0.9,0.37,False,1.0,True,0.10352552923184036,Свип не касался PWL/PWH,False,1.8202287964147024,True,True,6,False,inf
279,LONG,2022-12-19 03:55:00,1.0,16671.8,59.71000000000037,0.36,1.8,0.53,False,1.0,True,0.07765111816965194,Свип не касался PWL/PWH,True,2.414838385530086,False,False,0,False,28.741416848098993
280,LONG,2022-12-22 19:10:00,4.0,16623.3,75.47798245614001,0.45,5.9,0.96,False,4.0,True,0.0515846783078847,Свип не касался PWL/PWH,False,5.802619330140468,False,True,3,False,inf
281,SHORT,2022-12-27 00:35:00,5.0,16891.7,84.78394736842043,0.5,1.2,0.62,True,5.0,True,0.7893461868144162,Свип не касался PWL/PWH,True,1.187724836193562,False,False,1,False,7.494343206726768
282,LONG,2022-12-27 19:40:00,1.0,16653.3,81.59000000000079,0.49,4.3,0.66,False,1.0,True,0.4931860814688739,Свип не касался PWL/PWH,True,3.916288760877551,False,False,1,False,5.000245128079388
283,LONG,2023-01-03 17:55:00,5.0,16624.0,32.00000000000033,0.19,10.5,0.57,False,5.0,True,0.45480830845693265,Свип не касался PWL/PWH,False,5.47593749999993,False,False,1,False,10.900937499999943
284,SHORT,2023-01-05 15:50:00,5.0,16847.2,34.036842105263496,0.2,1.4,0.25,False,5.0,True,0.8036509697888491,Свип не касался PWL/PWH,False,8.769908767589213,True,False,3,False,17.36059996907363
285,SHORT,2023-01-08 16:15:00,-1.0,16953.7,70.40802197802088,0.42,2.2,0.49,False,-1.0,False,0.9701014331931904,Свип PWL/PWH — повторный (уже снимали на неделе),False,5.752185455890636,True,False,6,False,9.90512132577318
286,SHORT,2023-01-10 11:35:00,1.0,17253.9,32.738870967740226,0.19,4.1,0.29,False,1.0,True,1.122411625204921,Цена уже торгуется за PWL/PWH,False,4.558495622743302,True,False,1,False,inf
287,SHORT,2023-01-11 01:15:00,2.0,17461.3,47.449999999998276,0.27,21.3,0.76,False,2.0,True,1.4525139664804425,Цена уже торгуется за PWL/PWH,True,7.516122233930714,True,False,2,False,inf
288,SHORT,2023-01-16 19:20:00,-1.0,21300.0,141.7160526315807,0.67,1.3,0.73,False,-1.0,False,1.010112343318871,Свип PWL/PWH — повторный (уже снимали на неделе),False,4.858447488584417,True,False,0,False,inf
289,SHORT,2023-01-21 15:55:00,1.0,23173.1,126.54394736842085,0.55,0.8,0.93,False,1.0,True,1.4610987783326186,Цена уже торгуется за PWL/PWH,False,21.857623833617208,True,False,5,False,inf
290,LONG,2023-01-22 12:35:00,2.0,22774.7,81.75201754385861,0.36,1.6,0.47,False,2.0,True,1.3651759788507565,Свип не касался PWL/PWH,False,7.3037952816230405,True,False,6,False,inf
291,SHORT,2023-01-23 12:55:00,2.0,22917.4,81.09315789473752,0.35,3.8,0.71,False,2.0,True,0.8467272696608374,Свип не касался PWL/PWH,True,3.9122906079427744,False,False,0,False,30.955139313459895
292,SHORT,2023-01-24 02:30:00,2.0,23103.5,50.06999999999906,0.22,1.2,0.43,False,2.0,True,0.909500278279055,Свип не касался PWL/PWH,False,12.05312562412645,False,False,1,False,53.851607749152166
293,LONG,2023-02-02 07:00:00,-1.0,23803.3,155.13,0.65,2.6,0.74,False,-1.0,False,0.905307911884085,Свип не касался PWL/PWH,False,1.0136014955198969,True,False,3,False,inf
294,SHORT,2023-02-04 13:45:00,5.0,23496.6,106.59605263157842,0.45,1.2,0.54,False,5.0,True,0.7206089585315608,Свип не касался PWL/PWH,False,9.349314307580299,True,False,5,False,inf
295,LONG,2023-02-05 01:15:00,1.0,23306.7,107.30605263157786,0.46,5.0,0.62,False,1.0,True,0.6062485697423731,Свип не касался PWL/PWH,False,6.09322572180415,True,False,6,False,inf
296,SHORT,2023-02-05 11:45:00,5.0,23357.0,90.71798245613921,0.39,7.8,0.39,False,5.0,True,0.6365399207486718,Свип не касался PWL/PWH,False,9.446859120950432,True,False,6,False,inf
297,SHORT,2023-02-07 10:30:00,2.0,23023.5,49.03000000000189,0.21,1.2,0.36,False,2.0,True,0.2982905982905983,Свип не касался PWL/PWH,False,8.063838466244825,False,False,1,False,10.677136447072808
298,SHORT,2023-02-12 00:15:00,1.0,21835.4,67.44642857142915,0.31,4.4,0.56,False,1.0,True,-0.37868945868945786,Свип не касался PWL/PWH,False,5.699338099020359,False,True,6,False,inf
299,LONG,2023-02-12 22:20:00,1.0,21714.0,106.80877192982574,0.49,0.7,0.61,False,1.0,True,-0.4478632478632479,Цена уже торгуется за PWL/PWH,False,16.272071746521725,False,True,6,False,inf
300,SHORT,2023-02-13 23:55:00,1.0,21770.0,80.9200000000027,0.37,2.4,0.7,False,1.0,True,0.15942028985507245,Свип не касался PWL/PWH,False,3.94216510133452,False,True,0,False,inf
301,SHORT,2023-02-25 08:30:00,5.0,23136.1,23.07394736842143,0.1,0.4,0.12,False,5.0,True,0.4578256085644007,Свип не касался PWL/PWH,False,12.781081420147823,False,False,5,False,77.36127553289636
302,SHORT,2023-02-27 15:30:00,4.0,23747.3,152.64421052631207,0.64,2.1,0.9,True,4.0,True,0.4055775316455693,Свип не касался PWL/PWH,True,2.7164476043362447,False,False,0,False,6.716926875017399
303,SHORT,2023-03-02 00:40:00,5.0,23656.1,146.29576923077224,0.62,2.0,0.89,False,5.0,True,0.36950158227848046,Свип не касался PWL/PWH,False,4.347835917227654,False,False,3,False,6.385010345217266
304,SHORT,2023-03-02 20:50:00,5.0,23473.8,97.98000000000064,0.42,6.8,0.78,False,5.0,True,0.2973892405063288,Свип не касался PWL/PWH,False,4.6312512757705395,False,False,3,False,7.672994488671099
305,LONG,2023-03-07 08:15:00,-1.0,22401.599561403506,28.792017543860275,0.13,0.3,0.08,False,-1.0,False,0.2121720767735265,Свип не касался PWL/PWH,False,6.966876784196316,False,False,1,False,55.515402356280646
306,SHORT,2023-03-27 00:05:00,5.0,27953.6,198.77000000000152,0.71,3.2,0.9,False,5.0,True,0.5964920022062876,Свип не касался PWL/PWH,False,0.03290234944909788,False,False,0,False,6.800825074206314
307,LONG,2023-04-04 23:45:00,5.0,28095.0,47.530000000000186,0.17,0.7,0.29,False,5.0,True,0.5928773715319031,Свип не касался PWL/PWH,False,8.541763096991374,False,False,1,False,22.92615190406051
308,SHORT,2023-04-05 02:40:00,4.0,28596.5,217.89999999999932,0.76,2.0,0.88,False,4.0,True,0.7802461386715684,Свип не касался PWL/PWH,True,6.407801743919242,False,False,2,False,9.584029371271258
309,LONG,2023-04-06 01:35:00,1.0,27986.2,145.1280701754409,0.52,3.9,0.92,False,1.0,True,0.5522278762880438,Свип не касался PWL/PWH,False,5.435199400408501,False,False,3,False,8.258085417598357
310,LONG,2023-04-08 19:10:00,2.0,27917.2,76.12807017543702,0.27,6.8,0.41,False,2.0,True,0.5264483250764049,Свип не касался PWL/PWH,False,11.267854262208415,False,False,5,False,16.64931210103046
311,SHORT,2023-04-12 07:35:00,1.0,29994.400438596484,83.63201754386023,0.28,0.3,0.26,False,1.0,True,1.7743404954383428,Цена уже торгуется за PWL/PWH,False,21.814617082981282,True,False,2,False,inf
312,SHORT,2023-04-15 00:35:00,5.0,30439.4,175.79999999999978,0.58,4.8,0.85,True,5.0,True,2.0569229596890977,Цена уже торгуется за PWL/PWH,False,12.908987485779319,True,False,5,False,inf
313,LONG,2023-04-18 01:30:00,4.0,29312.1,248.5400000000016,0.85,1.2,0.99,True,4.0,True,0.4035689045936391,Свип не касался PWL/PWH,True,4.039430272793097,False,False,1,False,6.791260964029896
314,LONG,2023-04-18 18:15:00,2.0,30062.001315789475,149.3639473684225,0.5,0.5,0.52,False,2.0,True,0.6685517016923942,Свип не касался PWL/PWH,False,2.8319999013359767,False,False,1,False,6.279953768876021
315,LONG,2023-04-20 19:40:00,1.0,28140.0,170.9919230769234,0.61,1.2,0.77,False,1.0,True,-0.01060070671378092,Свип PWL/PWH — первое снятие за неделю,True,13.714098056813274,False,True,3,True,16.725936222808514
316,SHORT,2023-04-23 08:15:00,4.0,27688.0,85.88000000000135,0.31,2.1,0.46,False,4.0,True,-0.17031802120141343,Свип не касался PWL/PWH,False,6.555659059152203,False,True,6,False,inf
317,SHORT,2023-04-26 11:10:00,-1.0,28984.2,176.7731578947376,0.61,0.6,0.71,False,-1.0,False,0.5533333333333336,Свип не касался PWL/PWH,True,10.517433880471213,False,True,2,False,inf
318,LONG,2023-05-08 18:15:00,-1.0,27522.901315789477,246.54394736841988,0.9,0.4,0.94,False,-1.0,False,-0.06690447700263526,Свип PWL/PWH — повторный (уже снимали на неделе),True,4.494568599384973,False,True,0,False,10.193309189031135
319,LONG,2023-05-10 08:10:00,5.0,27550.5,106.43000000000093,0.39,5.8,0.62,False,5.0,True,-0.05408606395578401,Свип PWL/PWH — повторный (уже снимали на неделе),False,10.152306680447138,False,True,2,False,23.353377807009096
320,SHORT,2023-05-10 13:10:00,5.0,28140.0,171.14826666666625,0.61,0.6,0.79,False,5.0,True,0.21971157195606206,Свип не касался PWL/PWH,False,2.7639777440535016,False,True,2,False,6.994987581917296
321,SHORT,2023-05-18 04:55:00,4.0,27293.6,220.1499999999993,0.81,10.7,0.96,False,4.0,True,0.525665443067156,Свип не касался PWL/PWH,False,3.401726095843751,False,False,3,False,6.732409720645034
322,SHORT,2023-05-20 18:50:00,-1.0,27042.0,115.9720175438595,0.43,1.4,0.65,False,-1.0,False,0.43643134542746226,Свип не касался PWL/PWH,False,5.870381618070302,False,False,5,False,10.610663038043834
323,LONG,2023-05-21 12:55:00,-1.0,26916.2,179.57605263157802,0.67,3.7,0.75,False,-1.0,False,0.39181429660761535,Свип не касался PWL/PWH,False,4.161969199386292,False,False,6,False,9.549213132099176
324,SHORT,2023-05-23 05:30:00,5.0,27368.0,173.2623076923085,0.63,3.3,0.88,True,5.0,True,0.7730403335406443,Свип не касался PWL/PWH,True,4.7892124435604355,False,False,1,False,5.8108426085836635
325,LONG,2023-05-25 16:15:00,5.0,26252.99868421053,114.67605263157832,0.44,0.9,0.41,False,5.0,True,-0.0830790437499282,Свип PWL/PWH — повторный (уже снимали на неделе),False,10.837758078247907,False,True,3,False,20.736773382227792
326,LONG,2023-06-01 03:15:00,2.0,26772.9,186.1999999999996,0.7,0.8,0.84,False,2.0,True,0.3770815633854107,Свип не касался PWL/PWH,True,7.993662728249203,True,False,3,False,9.979108485499468
327,SHORT,2023-06-01 10:05:00,1.0,26886.2,72.67192982456145,0.27,1.4,0.26,False,1.0,True,0.4244987298225942,Свип не касался PWL/PWH,False,3.8687564879414995,True,False,3,False,14.788928855949607
328,SHORT,2023-06-02 23:25:00,2.0,27228.7,74.94394736841996,0.28,9.3,0.66,False,2.0,True,0.5678383547540632,Свип не касался PWL/PWH,False,9.656550334109504,True,False,4,False,18.91066656834787
329,LONG,2023-06-07 09:40:00,-1.0,26688.4,80.41000000000149,0.3,0.5,0.35,False,-1.0,False,0.09443191530991664,Свип не касался PWL/PWH,False,8.747295112548017,False,True,2,False,inf
330,SHORT,2023-06-13 09:10:00,-1.0,26142.2,155.6420175438586,0.6,0.8,0.61,False,-1.0,False,0.38769079995099853,Свип не касался PWL/PWH,True,3.4700783793669814,False,False,1,False,5.083331689510209
331,SHORT,2023-06-19 13:00:00,2.0,26511.5,71.48423076922947,0.27,1.9,0.38,False,2.0,True,0.838974700856376,Свип не касался PWL/PWH,True,3.565681511253211,False,False,0,False,23.94234338934397
332,SHORT,2023-06-22 03:15:00,4.0,30327.8,175.44394736842222,0.58,1.8,0.81,True,4.0,True,2.7097191652900237,Цена уже торгуется за PWL/PWH,False,23.20507524520486,True,False,3,False,inf
333,LONG,2023-06-22 08:00:00,-1.0,30123.2,138.19999999999956,0.46,4.3,0.6,False,-1.0,False,2.6094245560027236,Свип не касался PWL/PWH,False,4.897250361794511,True,False,3,False,inf
334,SHORT,2023-06-25 04:40:00,5.0,30923.8,144.92684210526093,0.47,2.1,0.83,False,5.0,True,3.001877460183626,Цена уже торгуется за PWL/PWH,False,32.20376523908663,True,False,6,False,inf
335,SHORT,2023-06-26 07:25:00,1.0,30429.9,165.38999999999956,0.54,1.0,0.84,False,1.0,True,0.8063814288171001,Свип не касался PWL/PWH,True,2.8193965777858647,False,False,0,False,25.233024971280077
336,LONG,2023-07-12 19:50:00,5.0,30285.1,114.1916666666669,0.38,4.3,0.65,False,5.0,True,0.32467287018199104,Свип не касался PWL/PWH,False,6.66143180325475,False,False,2,False,10.63913011749251
337,LONG,2023-07-16 20:40:00,-1.0,30272.0,108.0900000000002,0.36,3.6,0.42,False,-1.0,False,0.31739096599183964,Свип не касался PWL/PWH,False,11.360902951244313,True,False,6,False,inf
338,SHORT,2023-07-19 01:05:00,1.0,30014.1,63.83190476190865,0.21,0.9,0.36,False,1.0,True,0.05992017645205257,Свип не касался PWL/PWH,False,1.787507366818969,False,True,2,False,inf
339,SHORT,2023-07-19 04:45:00,2.0,30090.0,103.59000000000121,0.34,8.3,0.81,True,2.0,True,0.09977943493330528,Свип не касался PWL/PWH,False,1.8341538758567215,False,True,2,False,inf
340,SHORT,2023-07-21 19:00:00,2.0,29929.0,142.22802197801826,0.48,1.2,0.51,True,2.0,True,0.015229492700346596,Свип не касался PWL/PWH,False,0.20389793513743748,False,True,4,False,inf
341,SHORT,2023-07-23 05:50:00,1.0,29926.0,63.588070175438375,0.21,1.8,0.3,False,1.0,True,0.013654027938241777,Свип не касался PWL/PWH,False,0.408881727787405,False,True,6,False,inf
342,LONG,2023-07-24 05:25:00,-1.0,29795.0,170.1200000000006,0.57,5.8,0.66,False,-1.0,False,0.3125483179820205,Свип не касался PWL/PWH,True,1.7903832588760915,False,False,0,False,3.6589466259111036
343,SHORT,2023-07-26 03:15:00,1.0,29288.0,141.30813333333575,0.48,0.6,0.57,False,1.0,True,-0.24738806794336604,Свип не касался PWL/PWH,False,3.015396141387412,False,True,2,False,inf
344,SHORT,2023-07-27 10:35:00,5.0,29501.5,71.67999999999938,0.24,1.4,0.25,False,5.0,True,-0.011596315684845284,Свип не касался PWL/PWH,False,8.922991071428628,False,True,3,False,inf
345,SHORT,2023-07-28 15:35:00,5.0,29417.7,132.76798245614188,0.45,3.0,0.74,False,5.0,True,-0.10414595896008588,Свип не касался PWL/PWH,False,4.186250251890363,False,True,4,False,inf
346,LONG,2023-07-30 20:55:00,1.0,29241.10175438596,249.6019298245617,0.85,3.8,0.87,False,1.0,True,-0.2991830071058252,Цена уже торгуется за PWL/PWH,False,3.439389455912631,False,True,6,False,inf
347,SHORT,2023-08-03 15:10:00,4.0,29319.9,134.82000000000113,0.46,0.8,0.57,False,4.0,True,0.370047185055911,Свип не касался PWL/PWH,False,3.3971220887108453,False,True,3,False,inf
348,LONG,2023-08-05 04:55:00,1.0,29042.5,36.50999999999989,0.13,0.9,0.11,False,1.0,True,0.14591816947837769,Свип не касался PWL/PWH,False,27.526705012325472,False,True,5,False,inf
349,SHORT,2023-08-12 16:40:00,5.0,29459.0,25.733947368423355,0.09,0.8,0.07,False,5.0,True,0.5974141469421259,Свип не касался PWL/PWH,False,29.454089928312456,True,False,5,False,inf
350,LONG,2023-08-13 12:25:00,-1.0,29372.2,30.277982456140066,0.1,1.1,0.08,False,-1.0,False,0.5380352989465046,Свип не касался PWL/PWH,False,22.30333546755376,True,False,6,False,inf
351,LONG,2023-08-13 16:20:00,2.0,29344.0,42.45798245614023,0.14,15.8,0.33,False,2.0,True,0.5187440142290325,Свип не касался PWL/PWH,False,16.56932240543287,True,False,6,False,inf
352,LONG,2023-08-16 06:15:00,2.0,29126.6,41.15000000000025,0.14,0.8,0.21,False,2.0,True,0.2758122322533811,Свип не касался PWL/PWH,False,13.82065613608743,False,False,2,False,27.15431348724167
353,SHORT,2023-08-20 21:05:00,5.0,26161.500438596497,136.6420175438595,0.52,1.1,0.52,True,5.0,True,-1.6458709899761501,Свип не касался PWL/PWH,False,7.285463552797439,False,True,6,False,inf
354,LONG,2023-08-23 10:45:00,-1.0,25998.401315789473,41.383947368421225,0.16,0.8,0.11,False,-1.0,False,0.18378063722357293,Свип не касался PWL/PWH,False,6.2830807775707,False,False,2,False,89.33219084440282
355,LONG,2023-08-23 13:15:00,5.0,25830.0,42.90000000000153,0.17,3.0,0.64,False,5.0,True,0.14660037268287515,Свип не касался PWL/PWH,False,9.986480186479788,False,False,2,False,90.10069930069608
356,SHORT,2023-09-02 16:25:00,1.0,25874.8,113.18822580645087,0.44,2.5,0.49,False,1.0,True,0.3783395973066006,Свип не касался PWL/PWH,False,4.780090827867394,True,False,5,False,6.262135438115535
357,SHORT,2023-09-09 16:35:00,4.0,25879.1,74.4699999999977,0.29,3.2,0.32,True,4.0,True,0.19413691217827733,Свип не касался PWL/PWH,False,6.80260507586969,False,False,5,False,7.32308312071996
358,LONG,2023-09-12 18:15:00,2.0,25967.1,112.03395604395881,0.43,1.9,0.59,False,2.0,True,0.5541430954622124,Свип не касался PWL/PWH,False,4.270133956639819,True,True,1,False,inf
359,SHORT,2023-09-14 01:10:00,1.0,26356.2,193.76798245614089,0.74,0.6,0.92,False,1.0,True,0.9167746204531271,Свип PWL/PWH — повторный (уже снимали на неделе),False,5.076638501010657,True,True,3,False,inf
360,SHORT,2023-09-17 11:50:00,4.0,26581.5,46.10807017543729,0.17,2.1,0.2,False,4.0,True,1.1267486183468622,Цена уже торгуется за PWL/PWH,False,26.220789449653765,True,True,6,False,inf
361,LONG,2023-09-22 00:30:00,2.0,26528.398947368423,88.72684210526324,0.33,0.3,0.31,False,2.0,True,0.8190231239901475,Свип не касался PWL/PWH,False,4.0529003861644854,True,False,4,False,inf
362,SHORT,2023-09-24 18:15:00,5.0,26642.2,111.07000000000114,0.42,0.6,0.45,False,5.0,True,0.8762959235027683,Свип не касался PWL/PWH,False,2.3845322769424637,True,False,6,False,inf
363,SHORT,2023-10-01 10:30:00,1.0,27187.0,106.13999999999837,0.39,11.8,0.77,False,1.0,True,0.7821724728055292,Свип не касался PWL/PWH,False,10.033163745995992,False,True,6,False,inf
364,SHORT,2023-10-04 10:45:00,1.0,27514.898684210526,126.51394736842,0.46,5.1,0.46,False,1.0,True,0.7346515429558456,Свип не касался PWL/PWH,False,2.801261770597396,True,False,2,False,inf
365,SHORT,2023-10-04 19:20:00,1.0,27729.9,114.01394736842322,0.41,0.7,0.6,False,1.0,True,0.8382641382135384,Свип не касался PWL/PWH,False,4.994125834096854,True,False,2,False,inf
366,SHORT,2023-10-05 14:35:00,5.0,27976.9,147.15394736842163,0.53,1.8,0.79,False,5.0,True,0.9572974145201335,Свип PWL/PWH — повторный (уже снимали на неделе),False,5.547931364396387,True,False,3,False,inf
367,LONG,2023-10-08 18:40:00,2.0,27831.4,54.29605263158046,0.2,1.0,0.24,False,2.0,True,0.887178622201876,Свип не касался PWL/PWH,False,4.3117314915786435,True,False,6,False,inf
368,SHORT,2023-10-09 18:35:00,5.0,27629.3,124.16999999999976,0.45,1.2,0.63,True,5.0,True,0.33025713279323654,Свип не касался PWL/PWH,False,2.974148345010872,False,False,0,False,3.775469114923091
369,SHORT,2023-10-13 01:15:00,-1.0,26804.998571428576,78.1328571428592,0.29,1.1,0.26,False,-1.0,False,-0.2504413022694077,Свип не касался PWL/PWH,False,3.408790887316444,False,True,4,False,inf
370,SHORT,2023-10-13 06:50:00,-1.0,26824.898846153854,36.124230769232845,0.13,0.3,0.09,False,-1.0,False,-0.23642208795078984,Свип не касался PWL/PWH,False,7.923735400274453,False,True,4,False,inf
371,SHORT,2023-10-15 09:20:00,2.0,26892.0,31.053947368420285,0.12,9.5,0.2,False,2.0,True,-0.18915110954561465,Свип не касался PWL/PWH,False,11.378263632897196,False,True,6,False,inf
372,LONG,2023-10-15 13:10:00,5.0,26823.8,46.796052631579336,0.17,2.2,0.25,False,5.0,True,-0.2371961958436074,Цена уже торгуется за PWL/PWH,False,24.876670884296175,False,True,6,False,inf
373,SHORT,2023-10-20 10:25:00,-1.0,29892.5,158.5179824561399,0.53,0.4,0.66,False,-1.0,False,2.3141581623852003,Цена уже торгуется за PWL/PWH,False,17.536433134765325,True,False,4,False,inf
374,SHORT,2023-10-21 10:35:00,-1.0,29758.5,127.43605263157839,0.43,3.4,0.49,False,-1.0,False,2.2216978202819346,Цена уже торгуется за PWL/PWH,False,20.762099463714605,True,False,5,False,inf
375,SHORT,2023-10-29 09:10:00,-1.0,34230.0,87.14999999999895,0.25,1.8,0.29,False,-1.0,False,2.1783352156041773,Цена уже торгуется за PWL/PWH,False,49.8726333907063,True,False,6,False,inf
376,LONG,2023-10-30 08:35:00,2.0,34287.6,200.65201754386078,0.59,7.0,0.81,False,2.0,True,0.8160996219702021,Свип не касался PWL/PWH,True,1.4099534281441344,False,False,0,False,4.945876010357441
377,SHORT,2023-11-02 10:30:00,5.0,35450.0,54.7431578947359,0.15,1.7,0.36,False,5.0,True,1.0315024831369062,Свип PWL/PWH — повторный (уже снимали на неделе),False,26.03065030958011,True,False,3,False,inf
378,LONG,2023-11-04 05:15:00,5.0,34610.8,56.48605263157936,0.16,0.8,0.14,False,5.0,True,0.8759914016751914,Свип не касался PWL/PWH,False,11.847172334111216,True,False,5,False,inf
379,LONG,2023-11-06 06:00:00,4.0,34830.3,104.47201754385956,0.3,1.1,0.28,False,4.0,True,0.41086944321144686,Свип не касался PWL/PWH,True,2.7606435367146576,False,False,0,False,11.052624685028523
380,SHORT,2023-11-08 11:15:00,-1.0,35380.0,87.6242307692306,0.25,1.2,0.28,False,-1.0,False,0.6913300578064181,Свип не касался PWL/PWH,False,9.77971495415305,False,False,2,False,15.463759146354874
381,SHORT,2023-11-10 03:20:00,2.0,36828.5,130.56999999999888,0.35,1.0,0.39,False,2.0,True,1.4303644406349028,Цена уже торгуется за PWL/PWH,False,17.656735850501814,True,False,4,False,inf
382,LONG,2023-11-13 12:25:00,2.0,36753.0,109.32999999999804,0.3,1.8,0.75,False,2.0,True,0.6465130842693052,Свип не касался PWL/PWH,True,6.082411049117442,False,False,0,False,11.15192536357834
383,LONG,2023-11-19 11:45:00,5.0,36463.0,101.18999999999801,0.28,1.9,0.33,False,5.0,True,0.5624351295090434,Свип не касался PWL/PWH,False,14.91491254076517,True,False,6,False,inf
384,LONG,2023-11-21 08:05:00,1.0,37312.6,80.8260526315782,0.22,1.3,0.23,False,1.0,True,0.7901257861635216,Свип не касался PWL/PWH,False,5.411621448269419,False,False,1,False,8.257238579275276
385,LONG,2023-11-27 03:45:00,1.0,37270.0,114.38807017543873,0.31,1.6,0.35,False,1.0,True,0.5887835685965799,Свип не касался PWL/PWH,True,2.6159196456507186,False,False,0,False,10.001042925590315
386,SHORT,2023-11-28 01:15:00,2.0,37222.1,134.5687719298233,0.36,2.8,0.52,False,2.0,True,0.5715656778061738,Свип не касался PWL/PWH,False,3.8277825725319072,False,False,1,False,11.816188683279488
387,SHORT,2023-11-28 14:55:00,1.0,37388.4,80.32394736842213,0.21,1.8,0.3,False,1.0,True,0.6313430314271441,Свип не касался PWL/PWH,False,8.4831488282644,False,False,1,False,21.866330746221415
388,LONG,2023-11-29 15:35:00,1.0,37780.0,246.9760526315789,0.65,1.2,0.72,False,1.0,True,0.7721055790998528,Свип не касался PWL/PWH,False,2.5670505024459014,True,False,2,False,inf
389,SHORT,2023-11-30 04:20:00,5.0,38042.8,108.2660526315773,0.28,1.8,0.55,False,5.0,True,0.8665703327474228,Свип не касался PWL/PWH,False,12.338124162941897,True,False,3,False,inf
390,SHORT,2023-12-01 06:00:00,-1.0,38079.2995614035,176.41798245613933,0.46,2.0,0.44,False,-1.0,False,0.8796902797650251,Свип не касался PWL/PWH,False,7.778683002140561,True,False,4,False,inf
391,SHORT,2023-12-01 10:05:00,2.0,38658.9,204.52201754385672,0.53,3.2,0.89,False,2.0,True,1.088030510533827,Свип PWL/PWH — повторный (уже снимали на неделе),True,9.543715749730689,True,False,4,False,inf
392,SHORT,2023-12-03 14:15:00,-1.0,39599.4,211.7957692307678,0.53,1.8,0.61,False,-1.0,False,1.4260978651972158,Цена уже торгуется за PWL/PWH,True,13.65655230274458,True,False,6,False,inf
393,SHORT,2023-12-04 20:10:00,-1.0,41873.2,238.94605263157928,0.57,1.8,0.75,False,-1.0,False,1.4581428168219015,Цена уже торгуется за PWL/PWH,False,7.955519578852274,True,False,0,False,inf
394,SHORT,2023-12-04 22:30:00,2.0,42147.0,314.2200000000011,0.75,0.7,0.83,False,2.0,True,1.5354219587919842,Цена уже торгуется за PWL/PWH,True,6.921074406466776,True,False,0,False,inf
395,SHORT,2023-12-10 06:15:00,-1.0,43918.2,109.80315789473437,0.25,3.3,0.26,False,-1.0,False,2.035337284786903,Цена уже торгуется за PWL/PWH,False,35.93648921994459,True,False,6,False,inf
396,SHORT,2023-12-14 07:05:00,-1.0,42876.998947368425,270.7631578947369,0.63,1.0,0.59,False,-1.0,False,0.6144032766963549,Свип не касался PWL/PWH,False,9.8056137622704,False,False,3,False,10.727969676353394
397,SHORT,2023-12-17 17:50:00,5.0,42177.0,320.2379824561401,0.76,1.2,0.93,False,5.0,True,0.4663412116571552,Свип не касался PWL/PWH,False,6.104834863764973,False,False,6,False,6.884692387487045
398,LONG,2023-12-17 22:50:00,-1.0,41763.1,131.6257692307682,0.32,0.5,0.35,False,-1.0,False,0.37879409612203657,Свип не касался PWL/PWH,False,15.509121138893322,False,False,6,False,22.312500182627502
399,LONG,2023-12-18 03:00:00,1.0,40987.1,196.90605263157636,0.48,2.9,0.8,False,1.0,True,0.2135659455687365,Свип не касался PWL/PWH,False,2.452946435850418,False,False,0,False,14.308346352722506
400,LONG,2023-12-19 18:10:00,5.0,42012.5,198.0179824561372,0.47,1.8,0.95,False,5.0,True,0.4997906489881368,Свип не касался PWL/PWH,False,7.496793885014107,False,False,1,False,9.049683153887019
401,SHORT,2023-12-21 08:45:00,2.0,43890.6,111.39000000000061,0.25,2.1,0.53,False,2.0,True,1.0240334961618978,Свип PWL/PWH — повторный (уже снимали на неделе),False,30.053595475356673,True,False,3,False,35.17676631654525
402,LONG,2023-12-23 04:25:00,2.0,43454.999466666646,172.45173333333463,0.4,0.5,0.37,True,2.0,True,0.9024422795999012,Свип не касался PWL/PWH,False,2.026657120678508,True,False,5,False,7.219414437121794
403,LONG,2023-12-24 07:10:00,-1.0,43600.9,168.52789473684723,0.39,1.8,0.39,False,-1.0,False,0.9431681786461972,Свип не касался PWL/PWH,False,1.208108606102958,True,False,6,False,6.521769002788649
404,SHORT,2023-12-27 11:15:00,2.0,43132.7,166.03798245613933,0.38,2.4,0.95,False,2.0,True,0.67173756850905,Свип не касался PWL/PWH,False,9.004566171447818,False,False,2,False,15.59745524301412
405,LONG,2023-12-30 10:40:00,5.0,41780.3,251.0731999999986,0.6,2.5,0.73,True,5.0,True,0.3209504763535163,Свип не касался PWL/PWH,False,8.053507901281412,False,False,5,False,10.427078636827881
406,LONG,2023-12-31 23:30:00,5.0,42250.0,187.9420175438589,0.44,1.2,0.7,False,5.0,True,0.44278181115494625,Свип не касался PWL/PWH,False,8.259568670628664,False,False,6,False,11.430440239360927
407,SHORT,2024-01-06 19:15:00,1.0,43948.4,223.5735714285758,0.51,9.2,0.92,False,1.0,True,1.0583778253780498,Цена уже торгуется за PWL/PWH,False,11.845765056564728,True,True,5,False,inf
408,LONG,2024-01-08 03:40:00,5.0,43465.0,328.4800000000047,0.76,1.2,0.85,False,5.0,True,0.5292779401243367,Свип не касался PWL/PWH,True,1.586093521675574,False,False,0,False,7.350919386263891
409,LONG,2024-01-15 16:15:00,4.0,42353.9,218.97802197802744,0.52,2.5,0.86,False,4.0,True,0.1143185335525366,Свип не касался PWL/PWH,False,2.7588613439051732,False,False,0,False,30.211159733024797
410,LONG,2024-01-18 12:25:00,2.0,42453.3,123.47605263158145,0.29,3.0,0.47,False,2.0,True,0.12762601948194552,Свип не касался PWL/PWH,False,9.108729798447834,False,False,3,False,52.7728240506885
411,SHORT,2024-01-20 21:55:00,5.0,41752.5,151.94178571428571,0.36,3.3,0.42,True,5.0,True,0.03380422733577169,Свип не касался PWL/PWH,False,1.6618206691002428,False,True,5,False,inf
412,LONG,2024-01-21 17:00:00,1.0,41637.6,142.3580219780269,0.34,1.9,0.4,False,1.0,True,0.018421630421394594,Свип не касался PWL/PWH,False,13.63049284500109,False,True,6,False,inf
413,LONG,2024-01-25 13:50:00,1.0,39862.0,161.36000000000283,0.4,1.8,0.57,False,1.0,True,-0.12674309659461303,Цена уже торгуется за PWL/PWH,False,11.32653693604344,False,True,3,False,inf
414,LONG,2024-01-28 18:30:00,-1.0,42010.9,119.05684210526236,0.28,0.4,0.37,False,-1.0,False,0.5248316408986026,Свип не касался PWL/PWH,False,6.986410737020832,False,True,6,False,inf
415,SHORT,2024-02-01 15:35:00,1.0,42749.99956140351,208.06798245613612,0.49,0.8,0.61,False,1.0,True,0.9783844786466123,Свип PWL/PWH — повторный (уже снимали на неделе),False,4.542359426216645,True,False,3,False,inf
416,LONG,2024-02-02 14:45:00,2.0,42816.5,325.05769230768834,0.76,1.8,0.96,True,2.0,True,0.9938941338905888,Свип не касался PWL/PWH,False,0.08053954919245292,True,False,4,False,inf
417,SHORT,2024-02-03 01:50:00,5.0,43195.7,198.18576923076964,0.46,8.8,0.7,True,5.0,True,1.0823335696693777,Цена уже торгуется за PWL/PWH,False,7.017759173114564,True,False,5,False,inf
418,LONG,2024-02-04 20:50:00,-1.0,42747.7,256.95578947368693,0.6,2.6,0.72,False,-1.0,False,0.9778481603104702,Свип не касался PWL/PWH,False,0.3696355711406512,True,False,6,False,inf
419,SHORT,2024-02-05 08:10:00,2.0,43119.19868421053,89.99394736842291,0.21,1.7,0.49,False,2.0,True,0.6326504631623568,Свип не касался PWL/PWH,True,9.56840664723055,False,False,0,False,14.604523111203182
420,SHORT,2024-02-05 13:45:00,5.0,43414.5,187.2899999999996,0.43,0.9,0.48,False,5.0,True,0.7747944625219017,Свип не касался PWL/PWH,True,6.174381974478103,False,False,0,False,8.594265577446773
421,SHORT,2024-02-07 10:35:00,1.0,43058.3,154.49640000000164,0.36,1.3,0.36,False,1.0,True,0.6033367348903497,Свип не касался PWL/PWH,False,5.179408711141463,False,False,2,False,8.112939848436547
422,SHORT,2024-02-10 03:35:00,5.0,47433.4,80.24333333333085,0.17,1.3,0.3,False,5.0,True,2.709301653926871,Цена уже торгуется за PWL/PWH,False,64.49507747268927,True,False,5,False,inf
423,SHORT,2024-02-14 08:05:00,-1.0,49816.99999999998,149.16999999999504,0.3,0.8,0.32,False,-1.0,False,1.1932794069359156,Цена уже торгуется за PWL/PWH,False,14.124756988670955,True,False,2,False,inf
424,LONG,2024-02-17 09:15:00,-1.0,51764.2,119.23640000000202,0.23,1.1,0.27,False,-1.0,False,1.5006725013260576,Свип не касался PWL/PWH,False,8.826331556470908,True,False,5,False,inf
425,SHORT,2024-02-18 10:15:00,2.0,51955.3,178.05315789473846,0.34,2.2,0.51,False,2.0,True,1.5308403425020833,Цена уже торгуется за PWL/PWH,False,23.84282340282745,True,False,6,False,inf
426,SHORT,2024-02-18 22:40:00,2.0,52325.5,150.72357142857567,0.29,0.6,0.39,False,2.0,True,1.589281654921572,Цена уже торгуется за PWL/PWH,False,30.622217588488933,True,False,6,False,inf
427,SHORT,2024-02-19 01:00:00,-1.0,52184.8,331.44394736842116,0.64,3.5,0.92,False,-1.0,False,0.8762740839813498,Свип не касался PWL/PWH,False,0.2502082196957976,False,False,0,False,13.500895205746465
428,SHORT,2024-02-19 07:35:00,5.0,52442.9,116.26684210526007,0.22,2.6,0.52,False,5.0,True,0.9268164202866479,Свип не касался PWL/PWH,True,4.627888659028581,False,False,0,False,40.70713467658444
429,SHORT,2024-02-19 22:25:00,2.0,52000.0,174.67394736841953,0.34,0.5,0.34,False,2.0,True,0.8400856928569046,Свип не касался PWL/PWH,False,1.8491595619507786,False,False,0,False,24.559987706418628
430,SHORT,2024-02-20 13:45:00,5.0,52817.0,300.4460526315793,0.57,0.7,0.89,False,5.0,True,1.0000744133583723,Свип PWL/PWH — первое снятие за неделю,True,5.012547133866745,True,False,1,True,16.998026618317475
431,SHORT,2024-02-25 02:45:00,1.0,51728.09879999998,247.67359999999968,0.48,0.9,0.46,False,1.0,True,0.7868407417053536,Свип не касался PWL/PWH,False,4.873748352670529,True,False,6,False,inf
432,SHORT,2024-02-28 05:25:00,-1.0,57189.1,165.26192982455996,0.29,1.0,0.3,False,-1.0,False,2.706209415584415,Цена уже торгуется за PWL/PWH,False,38.04663304292101,True,False,2,False,inf
433,SHORT,2024-03-03 12:45:00,1.0,62432.9,318.4600000000039,0.51,0.8,0.71,False,1.0,True,4.8343750000000005,Цена уже торгуется за PWL/PWH,False,36.21007347861539,True,False,6,False,inf
434,SHORT,2024-03-03 22:45:00,1.0,63107.801315789475,254.76605263157214,0.4,0.7,0.4,False,1.0,True,5.108279754784689,Цена уже торгуется за PWL/PWH,False,47.91204004499612,True,False,6,False,inf
435,SHORT,2024-03-08 07:50:00,-1.0,67369.0,384.1600000000039,0.57,1.2,0.56,False,-1.0,False,1.2572038453081866,Цена уже торгуется за PWL/PWH,False,21.772178259058506,True,False,4,False,inf
436,SHORT,2024-03-23 02:10:00,2.0,64135.0,315.2087719298224,0.49,1.2,0.82,False,2.0,True,-0.04305495456512332,Свип не касался PWL/PWH,False,10.659601823353018,False,True,5,False,inf
437,LONG,2024-03-27 09:10:00,5.0,69710.9,279.2336000000065,0.4,2.8,0.89,False,5.0,True,1.0922747830338582,Свип не касался PWL/PWH,False,6.625993433454887,True,False,2,False,inf
438,SHORT,2024-03-29 14:30:00,4.0,70427.0,313.1520175438591,0.44,1.4,0.46,True,4.0,True,1.1798068695758466,Цена уже торгуется за PWL/PWH,False,12.907277531539139,True,False,4,False,inf
439,SHORT,2024-04-07 17:00:00,2.0,70030.0,400.19807017543815,0.57,1.0,0.67,False,2.0,True,0.6769344486375667,Свип не касался PWL/PWH,False,9.10784002132279,False,True,6,False,inf
440,SHORT,2024-04-08 01:45:00,1.0,69588.0,344.9487719298264,0.5,0.7,0.58,False,1.0,True,0.7497880844601162,Свип не касался PWL/PWH,False,1.5792489909510863,False,False,0,False,14.770106214601835
441,LONG,2024-04-09 02:10:00,-1.0,71406.3,541.7500000000034,0.76,2.4,0.91,False,-1.0,False,1.0173756026348175,Свип не касался PWL/PWH,False,2.5688786340562872,True,False,1,False,inf
442,SHORT,2024-04-13 05:30:00,5.0,67551.99956140351,457.3879824561406,0.68,1.0,0.71,False,5.0,True,0.45016299268943133,Свип не касался PWL/PWH,False,5.389602822894234,True,False,5,False,inf
443,LONG,2024-04-13 18:20:00,-1.0,66869.0,451.6260526315822,0.68,1.6,0.99,False,-1.0,False,0.3496503393591912,Свип не касался PWL/PWH,False,9.785152947332337,True,False,5,False,inf
444,LONG,2024-04-21 16:45:00,5.0,64485.4,303.308070175442,0.47,1.8,0.79,False,5.0,True,0.31512710279449835,Свип не касался PWL/PWH,False,7.852313321641524,False,True,6,False,inf
445,SHORT,2024-04-22 04:10:00,-1.0,65661.20000000001,472.84999999999684,0.72,0.6,0.68,False,-1.0,False,0.8340635690361722,Свип не касался PWL/PWH,True,2.4557470656656855,False,False,0,False,12.81842021782817
446,SHORT,2024-04-25 01:05:00,5.0,64465.6,280.35684210526506,0.43,0.8,0.45,False,5.0,True,0.6695403643289024,Свип не касался PWL/PWH,False,3.0658784481431383,True,False,3,False,inf
447,SHORT,2024-04-28 03:55:00,5.0,64000.0,382.1739473684199,0.6,1.8,0.7,False,5.0,True,0.6054704378386851,Свип не касался PWL/PWH,False,4.209496777783075,True,False,6,False,inf
448,LONG,2024-04-28 23:55:00,-1.0,63073.4,404.74999999999926,0.64,1.8,0.84,False,-1.0,False,0.47796357811824824,Свип не касался PWL/PWH,False,9.372872143298363,True,False,6,False,inf
449,LONG,2024-05-06 15:10:00,2.0,63159.3,290.7500000000031,0.46,0.6,0.67,False,2.0,True,0.8075216533556288,Свип не касался PWL/PWH,True,5.415993121238109,True,False,0,False,inf
450,SHORT,2024-05-07 10:10:00,5.0,63980.80115384615,443.59576923077043,0.69,2.0,0.69,False,5.0,True,0.9079351821920738,Свип не касался PWL/PWH,False,2.8873159815459,True,False,1,False,inf
451,LONG,2024-05-08 00:35:00,1.0,62372.9,348.92833333332834,0.56,3.1,0.96,False,1.0,True,0.711398600201927,Свип не касался PWL/PWH,True,6.766719049279553,True,False,2,False,inf
452,SHORT,2024-05-10 12:05:00,5.0,63199.99894736843,278.2231578947346,0.44,0.3,0.39,False,5.0,True,0.8124963571720012,Свип не касался PWL/PWH,False,9.237185598837854,True,False,4,False,inf
453,SHORT,2024-05-12 10:40:00,-1.0,61188.8,203.7799999999927,0.33,1.6,0.43,False,-1.0,False,0.5666639775680284,Свип не касался PWL/PWH,False,4.915497104720955,True,False,6,False,inf
454,SHORT,2024-05-15 08:00:00,1.0,62109.2,167.02186666666927,0.27,0.8,0.35,False,1.0,True,0.36177741639186195,Свип не касался PWL/PWH,False,8.142586519609269,False,False,2,False,11.507954247906648
455,SHORT,2024-05-20 06:05:00,2.0,67049.3,254.3339473684191,0.38,2.4,0.78,False,2.0,True,0.9063847418782618,Свип не касался PWL/PWH,True,3.8885489343166193,False,False,0,False,24.770936263863817
456,SHORT,2024-05-23 12:15:00,5.0,69975.7,192.6668421052661,0.28,1.0,0.33,False,5.0,True,1.3274016334833878,Цена уже торгуется за PWL/PWH,False,20.32207492071092,True,False,3,False,inf
457,SHORT,2024-05-25 11:45:00,4.0,69406.6,251.01201754386256,0.36,1.2,0.5,True,4.0,True,1.2455260481182722,Цена уже торгуется за PWL/PWH,False,13.331194389588411,True,False,5,False,inf
458,LONG,2024-05-30 08:25:00,5.0,67386.8,253.383157894741,0.38,0.6,0.5,False,5.0,True,0.2241188506240409,Свип не касался PWL/PWH,False,13.02675374095376,False,False,3,False,18.123540799454645
459,SHORT,2024-05-30 18:10:00,5.0,69195.6,408.0839473684223,0.59,2.3,0.85,False,5.0,True,0.5297270172960582,Свип не касался PWL/PWH,False,5.07481368320116,False,False,3,False,7.682953520270272
460,SHORT,2024-05-31 21:30:00,-1.0,67648.8,444.6299999999997,0.66,3.8,0.83,True,-1.0,False,0.2683854028509695,Свип не касался PWL/PWH,False,2.2013809234644617,False,False,4,False,3.572610934934679
461,SHORT,2024-06-02 12:15:00,-1.0,68095.7,306.383947368423,0.45,0.6,0.45,False,-1.0,False,0.3438919760960616,Свип не касался PWL/PWH,False,4.6533116772126775,False,False,6,False,6.643265802540457
462,LONG,2024-06-02 19:45:00,5.0,67758.0,495.34807692307805,0.73,2.9,0.78,False,5.0,True,0.2868354314890629,Свип не касался PWL/PWH,False,5.914144288592697,False,False,6,False,8.52128068452252
463,SHORT,2024-06-05 16:45:00,2.0,71388.0,472.31201754385717,0.66,3.2,0.84,True,2.0,True,1.1743446270870883,Цена уже торгуется за PWL/PWH,True,7.9936987833459545,True,False,2,False,11.280022108489527
464,SHORT,2024-06-09 13:20:00,-1.0,69563.5,292.5100000000006,0.42,0.8,0.38,False,-1.0,False,0.7202132637720412,Свип не касался PWL/PWH,False,6.669925814502069,True,False,6,False,inf
465,LONG,2024-06-10 00:55:00,2.0,69520.2,104.82576923077089,0.15,1.0,0.22,False,2.0,True,0.4351015157804462,Свип не касался PWL/PWH,False,1.2869927021761514,False,False,0,False,23.627968754012763
466,SHORT,2024-06-10 16:00:00,5.0,70082.6,175.21201754385746,0.25,1.2,0.52,False,5.0,True,0.5633703877715804,Свип не касался PWL/PWH,True,5.195476958492027,False,False,0,False,14.097891426777917
467,SHORT,2024-06-11 20:35:00,1.0,67300.00115384617,325.09576923077,0.48,1.0,0.45,False,1.0,True,-0.07126833057831058,Свип не касался PWL/PWH,False,3.8419483489481006,False,True,1,False,inf
468,LONG,2024-06-17 07:20:00,1.0,66036.5,161.95394736841928,0.25,0.6,0.32,False,1.0,True,0.18728238314634396,Свип не касался PWL/PWH,True,5.416292805784694,False,False,0,False,25.68285656253838
469,LONG,2024-06-17 10:45:00,-1.0,65829.7,350.8560439560494,0.53,1.2,0.6,False,-1.0,False,0.14687550068973,Свип не касался PWL/PWH,True,3.0895577222428954,False,False,0,False,12.44453409087332
470,LONG,2024-06-18 02:15:00,2.0,64944.0,411.2820175438607,0.63,0.8,0.87,False,2.0,True,-0.026182409328753355,Свип PWL/PWH — первое снятие за неделю,True,5.725536005835392,False,True,1,True,12.769680598641576
471,SHORT,2024-06-20 11:40:00,5.0,66221.6,278.63315789473813,0.42,1.5,0.74,False,5.0,True,0.22344927842061557,Свип не касался PWL/PWH,False,4.104321282652348,False,True,3,False,inf
472,LONG,2024-06-20 16:40:00,1.0,64794.3,300.56315789473507,0.46,4.3,0.81,False,1.0,True,-0.05543245915348694,Свип PWL/PWH — повторный (уже снимали на неделе),False,8.332724534645521,False,True,3,False,inf
473,LONG,2024-06-21 00:25:00,1.0,64805.00000000002,237.20000000000434,0.37,0.5,0.32,False,1.0,True,-0.053341774229470854,Свип PWL/PWH — повторный (уже снимали на неделе),False,10.5135328836422,False,True,4,False,inf
474,SHORT,2024-06-22 08:05:00,5.0,64399.8,152.45999999999572,0.24,7.2,0.48,True,5.0,True,-0.13251425378179438,Свип не касался PWL/PWH,False,6.693231011413046,False,True,5,False,inf
475,SHORT,2024-06-23 01:10:00,5.0,64448.0,84.2500000000014,0.13,0.8,0.17,False,5.0,True,-0.1230964020680195,Свип не касался PWL/PWH,False,12.684272997032446,False,True,6,False,inf
476,LONG,2024-06-25 08:00:00,5.0,60700.0,129.79999999999936,0.21,2.3,0.52,False,5.0,True,-0.6014624474273693,Цена уже торгуется за PWL/PWH,False,20.56856702619427,False,True,1,False,inf
477,SHORT,2024-06-27 14:45:00,4.0,61998.9,411.99000000000234,0.66,0.9,0.68,False,4.0,True,-0.28623294802317173,Свип не касался PWL/PWH,False,8.730551712420159,False,True,3,False,inf
478,LONG,2024-06-28 08:20:00,2.0,61350.0,198.69000000000096,0.32,2.2,0.45,False,2.0,True,-0.4437142184546014,Цена уже торгуется за PWL/PWH,False,10.165584578992366,False,True,4,False,inf
479,SHORT,2024-06-28 12:40:00,5.0,61666.4,232.63394736842287,0.38,1.5,0.47,False,5.0,True,-0.3669272343823184,Свип не касался PWL/PWH,False,14.032345824533358,False,True,4,False,inf
480,LONG,2024-06-28 22:00:00,5.0,60380.0,372.01999999999964,0.62,5.2,0.93,True,5.0,True,-0.679123113998578,Цена уже торгуется за PWL/PWH,False,8.036664695446497,False,True,4,False,inf
481,LONG,2024-07-02 08:15:00,2.0,62609.1,253.29315789474128,0.4,2.2,0.6,False,2.0,True,0.846873867708039,Свип не касался PWL/PWH,True,3.003239433400414,True,False,1,False,inf
482,LONG,2024-07-07 05:10:00,1.0,57568.59999999998,216.59000000000017,0.38,0.6,0.55,False,1.0,True,-0.16776037682676895,Цена уже торгуется за PWL/PWH,False,26.784246733459632,True,True,6,False,inf
483,LONG,2024-07-07 16:05:00,1.0,56881.4,354.57807692307654,0.62,3.5,0.85,False,1.0,True,-0.30609122750513257,Цена уже торгуется за PWL/PWH,False,18.2989316663467,True,True,6,False,inf
484,SHORT,2024-07-11 02:05:00,2.0,58076.0,333.1900000000007,0.57,0.6,0.65,False,2.0,True,0.44238099506256356,Свип не касался PWL/PWH,False,11.452444551156963,False,False,3,False,13.776133737507099
485,LONG,2024-07-12 02:05:00,5.0,57000.0,528.1500000000038,0.93,1.2,0.93,True,5.0,True,0.3386784478928432,Свип не касался PWL/PWH,False,5.017513963835995,False,False,4,False,12.99206664773256
486,SHORT,2024-07-13 06:45:00,-1.0,58009.8,214.99999999999744,0.37,3.2,0.4,False,-1.0,False,0.4360007825879956,Свип не касался PWL/PWH,False,17.440186046511833,False,False,5,False,21.04125581395375
487,LONG,2024-07-14 14:35:00,5.0,59676.2,267.91877192982804,0.45,2.4,0.54,False,5.0,True,0.5966048017363426,Свип не касался PWL/PWH,False,2.7015650855162066,False,False,6,False,15.622496213502599
488,LONG,2024-07-18 11:20:00,2.0,64539.9,159.10684210526333,0.25,1.3,0.3,False,2.0,True,1.4356116097551437,Свип не касался PWL/PWH,False,9.985302825311038,True,False,3,False,inf
489,SHORT,2024-07-19 20:00:00,1.0,66955.0,441.4820175438564,0.66,3.8,0.84,False,1.0,True,1.7728911128086886,Цена уже торгуется за PWL/PWH,True,14.321534623710708,True,False,4,True,inf
490,SHORT,2024-07-26 14:05:00,2.0,67698.7,317.69122807017715,0.47,0.9,0.76,False,2.0,True,0.9136373274582504,Свип не касался PWL/PWH,False,13.35258774933173,True,False,4,False,inf
491,SHORT,2024-07-30 08:00:00,5.0,66910.1,89.9831578947371,0.13,1.5,0.26,False,5.0,True,0.581058639238537,Свип не касался PWL/PWH,False,11.647735248701542,True,False,1,False,inf
492,LONG,2024-07-31 04:55:00,2.0,65714.2,287.529999999999,0.44,1.7,0.56,False,2.0,True,0.37984012222186647,Свип не касался PWL/PWH,False,12.818801516363582,True,False,2,False,inf
493,SHORT,2024-07-31 13:50:00,5.0,66607.9,251.81315789473499,0.38,0.4,0.43,False,5.0,True,0.5302113812383364,Свип не касался PWL/PWH,False,5.18332723719552,True,False,2,False,inf
494,SHORT,2024-08-01 13:05:00,5.0,64781.7,177.9631578947374,0.27,1.3,0.38,False,5.0,True,0.2229404925554698,Свип не касался PWL/PWH,False,6.73004465738026,True,False,3,False,inf
495,SHORT,2024-08-02 11:35:00,2.0,64751.0,238.87798245613962,0.37,1.6,0.49,False,2.0,True,0.21777500340720393,Свип не касался PWL/PWH,False,5.418247369188365,True,True,4,False,inf
496,SHORT,2024-08-04 02:40:00,5.0,60949.0,171.0439473684194,0.28,0.7,0.41,False,5.0,True,-0.42193801749535925,Свип не касался PWL/PWH,False,6.425249281886681,True,True,6,False,inf
497,LONG,2024-08-16 23:20:00,5.0,58855.0,172.95605263158117,0.29,0.5,0.34,False,5.0,True,0.7169806928121504,Свип не касался PWL/PWH,False,17.02744688717678,False,False,4,False,22.492072065766337
498,LONG,2024-08-19 00:40:00,-1.0,58530.6,386.4868421052657,0.66,4.0,0.92,False,-1.0,False,0.42857242731750256,Свип не касался PWL/PWH,False,0.46418139107343553,False,False,0,False,8.4592789296292
499,LONG,2024-08-23 12:00:00,5.0,60740.0,118.72604395605009,0.2,1.8,0.53,False,5.0,True,0.8147326032166614,Свип не касался PWL/PWH,False,8.928116904092162,True,False,4,False,16.88879653685977
500,SHORT,2024-08-25 13:40:00,-1.0,64013.5,164.37192982456122,0.26,0.4,0.25,False,-1.0,False,1.3868767762074716,Цена уже торгуется за PWL/PWH,False,37.87873030781713,True,False,6,False,inf
501,LONG,2024-08-31 09:35:00,1.0,58940.0,173.99798245613852,0.3,2.1,0.39,False,1.0,True,0.15981532574486634,Свип не касался PWL/PWH,False,31.84519683380109,False,True,5,False,inf
502,SHORT,2024-09-03 02:35:00,5.0,59516.8,303.09395604395263,0.51,0.9,0.64,False,5.0,True,0.318104395604396,Свип не касался PWL/PWH,True,7.640535067826233,False,True,1,False,inf
503,LONG,2024-09-08 13:15:00,1.0,54155.99929824561,140.5212280701789,0.26,1.0,0.35,False,1.0,True,-0.4182693271640646,Цена уже торгуется за PWL/PWH,False,40.23342792685283,False,True,6,False,inf
504,SHORT,2024-09-08 22:30:00,1.0,54938.0,389.6500000000026,0.71,0.4,0.88,False,1.0,True,-0.31085164835164836,Свип не касался PWL/PWH,False,6.128576928012278,False,True,6,False,inf
505,LONG,2024-09-11 06:30:00,1.0,56430.5,408.5239473684221,0.72,2.9,0.84,False,1.0,True,0.5345299015792772,Свип не касался PWL/PWH,False,4.057289690548312,False,False,2,False,8.271608119346203
506,LONG,2024-09-12 14:00:00,5.0,57658.7,377.3542307692331,0.65,1.7,0.86,False,5.0,True,0.7037116114413224,Свип не касался PWL/PWH,False,2.149995770144559,False,False,3,False,5.700081845154652
507,SHORT,2024-09-13 11:15:00,5.0,58237.0,114.06000000000456,0.2,0.7,0.16,False,5.0,True,0.7833710991576728,Свип не касался PWL/PWH,False,31.957215500612442,False,False,4,False,49.85972295282985
508,LONG,2024-09-13 12:45:00,5.0,57790.0,224.79684210525988,0.39,1.8,0.52,False,5.0,True,0.721797882818042,Свип не касался PWL/PWH,False,3.5498719311472398,False,False,4,False,8.98433439315981
509,SHORT,2024-09-17 00:30:00,2.0,58170.000000000015,257.0999999999995,0.44,1.4,0.43,False,2.0,True,0.5930741384111518,Свип не касался PWL/PWH,False,2.632049786075507,False,False,1,False,13.916919486581182
510,SHORT,2024-09-18 05:00:00,2.0,60340.69868421052,437.37394736842185,0.72,2.4,0.74,False,2.0,True,0.9528759438376868,Свип PWL/PWH — повторный (уже снимали на неделе),False,6.5102155748934205,True,False,2,False,inf
511,LONG,2024-09-20 07:45:00,-1.0,63510.0,177.98201754386088,0.28,0.7,0.32,False,-1.0,False,1.4782000450850648,Свип не касался PWL/PWH,False,3.5021515577909,True,False,4,False,inf
512,LONG,2024-09-20 14:20:00,-1.0,63049.999450549425,546.2680219780268,0.87,1.3,0.86,False,-1.0,False,1.4019531530620424,Свип не касался PWL/PWH,False,1.983130086084648,True,False,4,False,inf
513,SHORT,2024-09-21 00:25:00,2.0,63114.0,199.63999999999723,0.32,4.3,0.45,False,2.0,True,1.412561494702505,Цена уже торгуется за PWL/PWH,False,28.15417751953554,True,False,5,False,inf
514,SHORT,2024-09-21 06:35:00,-1.0,63016.1,82.23315789473409,0.13,0.8,0.13,False,-1.0,False,1.3963341864134828,Цена уже торгуется за PWL/PWH,False,67.16025677950591,True,False,5,False,inf
515,LONG,2024-09-22 03:00:00,1.0,62937.1,167.2999999999995,0.27,1.2,0.35,False,1.0,True,1.3832396271199923,Свип не касался PWL/PWH,False,7.1501494321578285,True,False,6,False,inf
516,SHORT,2024-09-22 21:30:00,5.0,63182.8,148.84999999999675,0.24,1.8,0.3,False,5.0,True,1.4239653640618997,Цена уже торгуется за PWL/PWH,False,38.22304333221447,True,False,6,False,inf
517,LONG,2024-09-22 22:15:00,5.0,62714.8,406.970000000001,0.65,0.5,0.69,True,5.0,True,1.3463925317916015,Свип не касался PWL/PWH,False,3.485564046489897,True,False,6,False,inf
518,SHORT,2024-09-23 03:35:00,5.0,64475.1,282.06201754385813,0.44,1.3,0.93,False,5.0,True,1.051472736527902,Свип PWL/PWH — первое снятие за неделю,True,6.864979612857351,True,False,0,True,24.75271240274096
519,SHORT,2024-09-24 21:25:00,-1.0,64083.7,524.587982456139,0.82,1.9,0.9,False,-1.0,False,0.9925271309423763,Свип PWL/PWH — повторный (уже снимали на неделе),False,2.9450731844189186,True,False,1,False,inf
520,SHORT,2024-09-26 14:25:00,-1.0,64743.7,507.5100000000002,0.78,0.4,0.8,False,-1.0,False,1.0919244219143915,Цена уже торгуется за PWL/PWH,True,4.344643455301366,True,False,3,True,inf
521,SHORT,2024-09-27 15:50:00,5.0,66059.5,423.72394736842386,0.64,2.2,0.73,False,5.0,True,1.2900864756431458,Цена уже торгуется за PWL/PWH,True,8.30906542305654,True,False,4,False,inf
522,LONG,2024-09-28 09:55:00,1.0,65600.0,239.99684210526132,0.37,2.6,0.48,True,1.0,True,1.2208848768527807,Свип не касался PWL/PWH,False,3.7417158997706395,True,False,5,False,inf
523,LONG,2024-09-30 03:35:00,-1.0,64460.8,342.87464912280683,0.53,3.9,0.7,False,-1.0,False,0.48545810443897275,Свип не касался PWL/PWH,True,3.3773275538526066,False,False,0,False,5.9415299591610715
524,LONG,2024-10-05 00:00:00,-1.0,62116.99967032965,213.9668131868178,0.34,1.1,0.32,False,-1.0,False,-0.10652278327217295,Цена уже торгуется за PWL/PWH,False,16.366090972308292,False,True,5,False,inf
525,LONG,2024-10-05 03:10:00,5.0,61801.6,184.42394736842152,0.3,1.9,0.46,True,5.0,True,-0.18618425206794254,Цена уже торгуется за PWL/PWH,False,20.69796278882606,False,True,5,False,inf
526,LONG,2024-10-09 14:05:00,-1.0,61877.3,246.0312280701731,0.4,1.8,0.49,False,-1.0,False,0.35387665373211163,Свип не касался PWL/PWH,True,10.57138161037904,False,False,2,False,15.207419112393522
527,SHORT,2024-10-11 07:20:00,-1.0,60763.1003296703,160.746813186805,0.26,1.1,0.24,False,-1.0,False,0.16146440746617371,Свип не касался PWL/PWH,False,5.816540378836244,False,True,4,False,inf
528,SHORT,2024-10-11 10:25:00,-1.0,61060.8,182.80684210526366,0.3,0.7,0.32,False,-1.0,False,0.2128744588296044,Свип не касался PWL/PWH,False,6.743128352330467,False,True,4,False,inf
529,SHORT,2024-10-12 11:30:00,1.0,63095.0,184.62394736842435,0.29,0.5,0.3,False,1.0,True,0.5641624745928375,Свип не касался PWL/PWH,False,17.694833452351617,False,True,5,False,inf
530,LONG,2024-10-13 11:50:00,2.0,62570.3,115.44315789473728,0.18,0.9,0.21,False,2.0,True,0.473551511132525,Свип не касался PWL/PWH,False,16.526661560485383,False,True,6,False,inf
531,SHORT,2024-10-14 04:05:00,1.0,64182.0,368.4600000000012,0.57,1.9,0.99,False,1.0,True,0.9464606240928092,Свип PWL/PWH — первое снятие за неделю,True,4.679449601042167,True,False,0,True,14.210497747380947
532,SHORT,2024-10-20 08:45:00,1.0,68356.9,175.34999999999954,0.26,6.1,0.28,False,1.0,True,1.7011165560112704,Цена уже торгуется за PWL/PWH,False,33.641802110065655,True,False,6,False,inf
533,SHORT,2024-10-22 06:35:00,5.0,67735.6,83.1919047619092,0.12,0.7,0.14,False,5.0,True,0.7602485670948226,Свип не касался PWL/PWH,False,13.993909663828815,True,False,1,False,inf
534,LONG,2024-10-23 09:35:00,-1.0,66459.1,342.1746491228027,0.51,1.2,0.58,False,-1.0,False,0.5763728736897156,Свип не касался PWL/PWH,True,8.594733734773373,True,False,2,False,inf
535,SHORT,2024-10-24 01:40:00,-1.0,67166.6,482.50807692307734,0.72,8.0,0.85,False,-1.0,False,0.6782859587536507,Свип не касался PWL/PWH,False,3.951436444666937,True,False,3,False,inf
536,SHORT,2024-10-24 21:30:00,5.0,68544.00070175438,332.9212280701724,0.49,0.5,0.49,False,5.0,True,0.8766960716653366,Свип не касался PWL/PWH,False,9.864197368220054,True,False,3,False,inf
537,LONG,2024-10-25 05:35:00,-1.0,67768.5,247.47807017544116,0.37,1.3,0.36,False,-1.0,False,0.764987705608749,Свип не касался PWL/PWH,False,6.592503322995058,True,False,4,False,inf
538,LONG,2024-10-25 07:35:00,5.0,67423.7,234.91122807017578,0.35,1.3,0.49,False,5.0,True,0.7153203816086852,Свип не касался PWL/PWH,False,8.412965256005629,True,False,4,False,inf
539,SHORT,2024-10-28 07:55:00,-1.0,68445.0,255.3319298245617,0.37,1.8,0.53,False,-1.0,False,0.7477368341972798,Свип не касался PWL/PWH,True,3.23892119786284,False,False,0,False,12.473958905916742
540,SHORT,2024-10-28 10:45:00,2.0,68727.8,127.50999999999968,0.19,0.5,0.23,False,2.0,True,0.8141292915633686,Свип не касался PWL/PWH,True,8.703631087757868,False,False,0,False,27.196298329542874
541,LONG,2024-10-30 13:50:00,2.0,71730.1,321.62190476189994,0.45,2.4,0.93,False,2.0,True,1.5189739688979038,Свип не касался PWL/PWH,False,5.876527599695646,True,False,2,False,inf
542,LONG,2024-11-01 02:15:00,5.0,69112.4,276.4357692307652,0.4,0.8,0.88,False,5.0,True,0.904421155435352,Свип не касался PWL/PWH,False,1.472747181498611,True,False,4,False,inf
543,SHORT,2024-11-04 13:25:00,5.0,69075.6,202.82201754385932,0.29,0.6,0.31,False,5.0,True,0.26001768329319747,Свип не касался PWL/PWH,False,4.116860733916339,False,False,0,False,7.873257644006496
544,SHORT,2024-11-05 15:15:00,1.0,69794.0,541.1500000000059,0.78,0.9,0.86,False,1.0,True,0.3769944589091402,Свип не касался PWL/PWH,True,4.278425575163964,False,True,1,False,inf
545,LONG,2024-11-07 00:55:00,2.0,75318.7,305.2257692307682,0.41,1.4,0.63,False,2.0,True,1.2765790806315838,Свип не касался PWL/PWH,False,3.5426235560814594,True,True,3,False,inf
546,LONG,2024-11-09 17:20:00,5.0,75922.0,276.6420175438673,0.36,1.9,0.75,False,5.0,True,1.3748141707333363,Свип не касался PWL/PWH,False,4.619652543552439,True,True,5,False,inf
547,SHORT,2024-11-11 12:20:00,1.0,82122.5,446.7639473684258,0.54,2.3,0.71,False,1.0,True,1.0424480054551652,Свип PWL/PWH — повторный (уже снимали на неделе),True,4.267331800674171,True,False,0,False,inf
548,SHORT,2024-11-14 08:40:00,-1.0,90900.0,635.1439473684158,0.7,1.2,0.91,False,-1.0,False,1.6409819297647459,Цена уже торгуется за PWL/PWH,False,16.821367887180305,True,False,3,False,inf
549,SHORT,2024-11-17 10:40:00,5.0,91125.0,460.36999999999585,0.51,2.2,0.64,False,5.0,True,1.6563245823389021,Цена уже торгуется за PWL/PWH,False,23.696135716923568,True,False,6,False,inf
550,LONG,2024-11-18 14:00:00,5.0,89826.0,448.6112280701795,0.5,1.2,0.73,False,5.0,True,0.7364185804501738,Свип не касался PWL/PWH,True,5.514797323826621,False,False,0,False,7.667306979356102
551,SHORT,2024-11-20 15:05:00,2.0,94324.3,572.1239473684212,0.61,3.2,0.92,False,2.0,True,1.0811256717623414,Цена уже торгуется за PWL/PWH,True,8.64742687796306,True,False,2,False,inf
552,SHORT,2024-11-24 03:25:00,5.0,98366.6,348.7323076923049,0.35,3.5,0.59,False,5.0,True,1.3908892436030758,Цена уже торгуется за PWL/PWH,False,25.778225308369894,True,False,6,False,inf
553,LONG,2024-11-24 16:05:00,5.0,96213.1,438.91122807018064,0.46,0.9,0.65,False,5.0,True,1.2258654076782258,Свип не касался PWL/PWH,False,7.689276974842737,True,False,6,False,inf
554,SHORT,2024-11-26 17:00:00,2.0,93948.1,844.4719298245601,0.9,0.8,0.96,False,2.0,True,0.4476692543709755,Свип не касался PWL/PWH,False,2.9386175103718988,False,False,1,False,5.413086970160966
555,LONG,2024-11-28 03:40:00,1.0,95267.0,436.2400000000028,0.46,1.6,0.93,False,1.0,True,0.5768324893180081,Свип не касался PWL/PWH,False,8.263341280029296,False,False,3,False,9.905121034292975
556,LONG,2024-11-28 10:15:00,5.0,95008.5,355.7500000000011,0.37,0.8,0.46,False,5.0,True,0.5515169261715921,Свип не касался PWL/PWH,False,10.859592410400538,False,False,3,False,12.87283204497535
557,SHORT,2024-11-28 23:35:00,1.0,95816.8,313.9419047619169,0.33,1.6,0.59,False,1.0,True,0.6306758031203276,Свип не касался PWL/PWH,False,16.008375829315685,False,False,3,False,20.513030921704495
558,SHORT,2024-11-29 03:20:00,2.0,96550.0,431.36639999999596,0.45,3.8,0.67,False,2.0,True,0.7024799458628891,Свип не касался PWL/PWH,False,13.350367576148834,False,False,4,False,16.628787035800826
559,SHORT,2024-11-29 12:20:00,2.0,97396.7,220.08394736841893,0.23,0.8,0.33,False,2.0,True,0.7853994325788286,Свип не касался PWL/PWH,False,30.014001834228576,False,False,4,False,36.439731729161124
560,LONG,2024-11-30 02:45:00,1.0,96706.4,354.6000000000051,0.37,4.3,0.52,False,1.0,True,0.7177965960605653,Свип не касался PWL/PWH,False,6.1065989847715105,False,False,5,False,8.126367738296558
561,LONG,2024-11-30 11:25:00,2.0,96420.0,318.0739473684191,0.33,2.3,0.47,False,2.0,True,0.6897487148801654,Свип не касался PWL/PWH,False,7.708270420400476,False,False,5,False,9.959979514859631
562,SHORT,2024-12-01 10:30:00,-1.0,96799.6,499.02394736842336,0.52,2.4,0.52,False,-1.0,False,0.7269239093497192,Свип не касался PWL/PWH,False,12.040504331877278,False,False,6,False,14.874436465711177
563,SHORT,2024-12-01 22:10:00,1.0,97677.8,304.1668421052609,0.31,0.5,0.31,False,1.0,True,0.8129282712653186,Свип не касался PWL/PWH,False,22.64119242036502,False,False,6,False,27.29061439618515
564,LONG,2024-12-02 04:25:00,1.0,96500.0,392.4779824561495,0.41,0.7,0.44,False,1.0,True,0.7064858242478989,Свип не касался PWL/PWH,True,4.153099212851043,False,False,0,False,6.043141541742402
565,LONG,2024-12-02 13:05:00,5.0,95137.3,358.7131578947388,0.38,5.2,0.88,False,5.0,True,0.5378494437363098,Свип не касался PWL/PWH,True,8.34287768411935,False,False,0,False,10.410825245211262
566,LONG,2024-12-03 14:05:00,-1.0,94290.0,626.7560526315809,0.66,0.4,0.73,False,-1.0,False,0.43299466630366124,Свип не касался PWL/PWH,True,6.126785667049991,False,False,1,False,7.310340252419184
567,SHORT,2024-12-04 01:50:00,4.0,96489.9,298.469999999999,0.31,0.4,0.38,False,4.0,True,0.7052359325305965,Свип не касался PWL/PWH,False,9.755519817737145,False,False,2,False,19.093376218715473
568,SHORT,2024-12-07 21:15:00,5.0,100283.0,264.74826666667417,0.26,2.9,0.6,False,5.0,True,1.1746383357877408,Цена уже торгуется за PWL/PWH,False,35.85254823197983,True,True,5,False,inf
569,SHORT,2024-12-08 14:25:00,2.0,100238.3,409.4979824561397,0.41,2.2,0.67,False,2.0,True,1.1691066368012673,Цена уже торгуется за PWL/PWH,False,23.07019913342763,True,True,6,False,inf
570,LONG,2024-12-09 03:55:00,-1.0,99065.0,614.1499999999992,0.62,2.5,0.92,False,-1.0,False,0.6303355902266706,Свип не касался PWL/PWH,True,3.502287714727666,False,False,0,False,8.178783684767575
571,SHORT,2024-12-09 15:05:00,5.0,100195.0,336.5400000000058,0.34,0.4,0.68,False,5.0,True,0.7134972034147777,Свип не касался PWL/PWH,False,6.676739763475267,False,False,0,False,28.807868306887244
572,SHORT,2024-12-10 07:10:00,1.0,97273.3,316.2700000000032,0.33,0.8,0.39,False,1.0,True,0.4984765969973508,Свип не касался PWL/PWH,False,9.875264805387701,False,False,1,False,21.41619502323943
573,LONG,2024-12-12 20:30:00,1.0,99822.39999999997,591.8400000000005,0.59,1.2,0.87,False,1.0,True,0.686075949367086,Свип не касался PWL/PWH,False,4.591781562584537,False,False,3,False,7.207353338740253
574,SHORT,2024-12-13 11:40:00,1.0,100379.00249999999,441.38500000000556,0.44,1.1,0.43,False,1.0,True,0.7270387474241969,Свип не касался PWL/PWH,False,14.112288591592161,False,False,4,False,22.381826523329664
575,SHORT,2024-12-14 01:30:00,4.0,102307.0,382.32,0.37,1.2,0.8,False,4.0,True,0.8689284662937886,Свип не касался PWL/PWH,True,21.33539966520192,False,False,5,False,30.882506800585897
576,SHORT,2024-12-15 02:30:00,-1.0,101844.99849999993,371.48199999999713,0.36,1.9,0.43,False,-1.0,False,0.8349277671474779,Свип не касался PWL/PWH,False,20.71418938198886,False,False,6,False,30.539833693153415
577,LONG,2024-12-16 13:10:00,5.0,103977.996,765.032999999996,0.74,2.9,0.94,False,5.0,True,0.8854045288492289,Свип не касался PWL/PWH,True,1.66267860340666,True,False,0,False,inf
578,LONG,2024-12-17 15:40:00,1.0,106300.29849999993,679.1380000000007,0.64,0.5,0.62,False,1.0,True,1.0946219127113124,Свип не касался PWL/PWH,False,3.0225101525758626,True,False,1,False,inf
579,LONG,2024-12-17 22:55:00,1.0,105824.70249999998,625.3249999999947,0.59,1.2,0.8,False,1.0,True,1.05177523322177,Свип не касался PWL/PWH,False,4.0431735497541865,True,False,1,False,inf
580,LONG,2024-12-22 05:30:00,1.0,96321.50105263157,502.1331578947417,0.52,1.0,0.53,False,1.0,True,0.19562710216096219,Свип не касался PWL/PWH,False,17.781137945166403,True,True,6,False,inf
581,SHORT,2024-12-22 10:45:00,5.0,97115.3,255.4612280701688,0.26,4.6,0.52,False,5.0,True,0.2671408429767702,Свип не касался PWL/PWH,False,11.607436566403416,True,True,6,False,inf
582,SHORT,2024-12-23 04:20:00,5.0,96177.8,359.2435714285728,0.37,0.9,0.73,False,5.0,True,0.24473619239153274,Свип не касался PWL/PWH,True,6.896101133134887,False,False,0,False,10.982131104841308
583,SHORT,2024-12-25 10:50:00,1.0,98623.1,749.862017543855,0.76,0.8,0.8,False,1.0,True,0.396425412178065,Свип не касался PWL/PWH,False,8.138964045666004,False,False,2,False,8.522314573195816
584,LONG,2025-01-01 09:30:00,5.0,93150.0,399.89798245614423,0.43,3.3,0.75,False,5.0,True,0.08463532920456228,Свип не касался PWL/PWH,False,7.7519770941579305,False,True,2,False,inf
585,SHORT,2025-01-01 21:35:00,-1.0,94762.5,446.2799999999996,0.47,4.3,0.71,False,-1.0,False,0.3012614694305253,Свип не касался PWL/PWH,False,5.024872277493955,False,True,2,False,inf
586,SHORT,2025-01-02 04:55:00,1.0,95742.2,337.2160526315853,0.35,0.5,0.53,False,1.0,True,0.4328761234332386,Свип не касался PWL/PWH,False,9.555298375787316,False,True,3,False,inf
587,SHORT,2025-01-02 13:15:00,2.0,96695.6,344.69605263157945,0.36,4.8,0.77,False,2.0,True,0.5609575882961441,Свип не касался PWL/PWH,True,12.113860800323701,False,True,3,False,inf
588,LONG,2025-01-05 14:40:00,5.0,97544.1,365.71230769230993,0.37,7.6,0.79,False,5.0,True,0.6749465991375267,Свип не касался PWL/PWH,False,3.9178610341041202,False,True,6,False,inf
589,LONG,2025-01-08 07:10:00,1.0,95614.5,440.1100000000127,0.46,2.2,0.72,False,1.0,True,0.5484552391337628,Свип не касался PWL/PWH,True,7.639930926359107,True,False,2,False,inf
590,SHORT,2025-01-11 11:50:00,2.0,94595.4,209.8788095238165,0.22,2.6,0.39,False,2.0,True,0.4115982627986982,Свип не касался PWL/PWH,False,14.603427601642625,True,True,5,False,inf
591,LONG,2025-01-12 10:15:00,5.0,93960.0,345.7300000000104,0.37,1.8,0.39,False,5.0,True,0.32626912653797924,Свип не касался PWL/PWH,False,14.511063546697864,True,True,6,False,inf
592,SHORT,2025-01-14 10:05:00,2.0,96849.9,552.676813186804,0.57,1.0,0.76,False,2.0,True,0.49009392650279304,Свип не касался PWL/PWH,True,10.216151402196745,False,True,1,False,inf
593,LONG,2025-01-16 09:35:00,1.0,98939.3,430.7782666666635,0.44,1.2,0.55,False,1.0,True,0.6714542766895444,Свип не касался PWL/PWH,False,4.474134721126479,False,True,3,False,inf
594,SHORT,2025-01-18 12:25:00,1.0,103659.9025,400.4050000000067,0.39,1.1,0.56,False,1.0,True,1.0812035456148095,Цена уже торгуется за PWL/PWH,False,31.109083303155032,True,True,5,False,inf
595,SHORT,2025-01-18 15:55:00,5.0,104704.10000000002,310.48000000000854,0.3,0.4,0.33,False,5.0,True,1.171840103604727,Цена уже торгуется за PWL/PWH,False,43.482446534397226,True,True,5,False,inf
596,SHORT,2025-01-19 02:45:00,1.0,105062.39999999995,429.3200000000028,0.41,0.7,0.45,False,1.0,True,1.2029406173751396,Цена уже торгуется за PWL/PWH,False,32.28065312587315,True,True,6,False,inf
597,SHORT,2025-01-19 07:00:00,4.0,105305.20461538463,377.0153846153931,0.36,1.1,0.36,False,4.0,True,1.2240161079815937,Цена уже торгуется за PWL/PWH,False,37.40307475720152,True,True,6,False,inf
598,SHORT,2025-01-19 21:00:00,5.0,106083.80461538462,419.42538461539743,0.4,1.5,0.63,False,5.0,True,1.2915987482876157,Цена уже торгуется за PWL/PWH,True,35.47742974362254,True,True,6,False,inf
599,LONG,2025-01-22 14:15:00,1.0,104251.00000000003,642.6299999999942,0.62,0.9,0.91,False,1.0,True,0.8735021036087017,Свип не касался PWL/PWH,False,3.378973904112761,True,False,2,False,inf
600,SHORT,2025-01-28 04:50:00,2.0,102976.99849999999,399.9620000000039,0.39,2.1,0.47,False,2.0,True,0.3414025204223936,Свип не касался PWL/PWH,True,8.568310239472634,False,True,1,False,inf
601,LONG,2025-01-28 14:20:00,2.0,102279.20230769225,559.5853846153801,0.55,0.5,0.57,False,2.0,True,0.27188705994144735,Свип не касался PWL/PWH,False,1.9515121772852357,False,True,1,False,inf
602,LONG,2025-01-29 14:55:00,2.0,101907.89799999996,431.8639999999971,0.42,2.2,0.61,False,2.0,True,0.2348971906754291,Свип не касался PWL/PWH,False,4.381245021580996,False,True,2,False,inf
603,SHORT,2025-01-30 05:40:00,1.0,105159.99000000008,457.2800000000094,0.43,10.5,0.77,False,1.0,True,0.5588752739589637,Свип не касался PWL/PWH,True,12.26817267319796,False,True,3,False,inf
604,SHORT,2025-01-31 16:00:00,5.0,105479.99999999996,573.0000000000017,0.54,0.8,0.66,False,5.0,True,0.5907551305040801,Свип не касался PWL/PWH,False,10.34904013961595,False,True,4,False,inf
605,LONG,2025-02-01 09:55:00,2.0,101571.396,278.07299999999327,0.27,3.9,0.7,False,2.0,True,0.2013743773660085,Свип не касался PWL/PWH,False,17.571083852082463,False,True,5,False,inf
606,LONG,2025-02-05 19:20:00,1.0,96875.0,481.1199999999982,0.5,1.7,0.85,False,1.0,True,0.07033754259059474,Свип не касался PWL/PWH,False,11.691490688393781,False,True,2,False,inf
607,SHORT,2025-02-06 11:10:00,1.0,98771.7,311.4176923077025,0.32,2.4,0.65,False,1.0,True,0.2543502557376028,Свип не касался PWL/PWH,False,8.418596838774253,False,True,3,False,inf
608,SHORT,2025-02-07 04:40:00,5.0,97698.4,185.5180952381046,0.19,4.7,0.82,False,5.0,True,0.1502215875134848,Свип не касался PWL/PWH,False,8.346355637236835,False,True,4,False,inf
609,SHORT,2025-02-07 15:00:00,5.0,99617.0,545.4560526315812,0.55,1.0,1.0,False,5.0,True,0.3363589795332303,Свип не касался PWL/PWH,False,6.356149103623064,False,True,4,False,inf
610,LONG,2025-02-09 14:10:00,1.0,96028.4,442.61769230769175,0.46,2.1,0.7,False,1.0,True,-0.01179730369519549,Свип PWL/PWH — повторный (уже снимали на неделе),False,14.621218519889558,False,True,6,False,inf
611,LONG,2025-02-09 22:10:00,5.0,95180.0,577.2260526315764,0.61,0.8,0.95,False,5.0,True,-0.09410678112120952,Свип PWL/PWH — повторный (уже снимали на неделе),False,12.681357618264167,False,True,6,False,inf
612,SHORT,2025-02-11 00:50:00,1.0,97805.6,351.95354838708874,0.36,2.5,0.67,False,1.0,True,0.583423033611649,Свип не касался PWL/PWH,False,7.244137789444537,False,False,1,False,18.68030605211876
613,LONG,2025-02-11 14:05:00,1.0,96850.0,368.9639473684188,0.38,1.0,0.58,False,1.0,True,0.4986241027383952,Свип не касался PWL/PWH,False,4.413493544869261,False,False,1,False,15.313176369392895
614,LONG,2025-02-14 13:30:00,2.0,96684.6,324.6039473684195,0.34,1.6,0.35,False,2.0,True,0.4839466820954111,Свип не касался PWL/PWH,False,5.526180487152363,False,False,4,False,17.91540135955157
615,SHORT,2025-02-14 18:15:00,5.0,98390.0,452.19684210526304,0.46,0.6,0.61,True,5.0,True,0.6352820700309968,Свип не касался PWL/PWH,True,9.513047415308202,False,False,4,False,15.831601049379989
616,SHORT,2025-02-15 03:35:00,5.0,97666.9,323.2699999999953,0.33,3.7,0.46,True,5.0,True,0.5711149426613338,Свип не касался PWL/PWH,False,11.0702199399884,False,False,5,False,19.90874501190982
617,SHORT,2025-02-17 14:20:00,5.0,96650.8,397.69999999999845,0.41,1.4,0.54,False,5.0,True,0.5408810474126023,Свип не касался PWL/PWH,True,2.139300980638688,False,False,0,False,6.443474981141606
618,LONG,2025-02-17 19:35:00,2.0,95440.0,336.97576923076036,0.35,5.0,0.74,False,2.0,True,0.28531777608452985,Свип не касался PWL/PWH,True,4.767672179122787,False,False,0,False,10.048200224394394
619,LONG,2025-02-23 06:15:00,1.0,96233.1,178.95122807016833,0.19,2.1,0.22,False,1.0,True,0.4527172066183052,Свип не касался PWL/PWH,False,14.48942277715633,True,True,6,False,35.0202123091476
620,LONG,2025-03-01 11:40:00,-1.0,84615.09956140349,314.27201754386107,0.37,1.3,0.42,False,-1.0,False,-1.4412880161849773,Цена уже торгуется за PWL/PWH,False,37.81724040046869,False,True,5,False,inf
621,LONG,2025-03-09 09:10:00,-1.0,85725.6,143.41210526316655,0.17,0.3,0.15,False,-1.0,False,0.4093461714729289,Свип не касался PWL/PWH,False,60.60060260639748,False,False,6,False,75.1289438240138
622,LONG,2025-03-16 02:30:00,1.0,83947.3,297.84605263157755,0.35,1.9,0.44,False,1.0,True,0.2738050811364233,Свип не касался PWL/PWH,False,4.574208682514402,False,True,6,False,inf
623,SHORT,2025-03-17 19:55:00,5.0,84505.7,263.7631868131803,0.31,3.1,0.87,False,5.0,True,0.9076244498035885,Свип не касался PWL/PWH,True,7.770985878525081,False,False,0,False,29.949971773715493
624,LONG,2025-03-18 14:25:00,5.0,81556.8,483.85684210525983,0.59,1.1,0.76,False,5.0,True,0.5688149076658114,Свип не касался PWL/PWH,True,6.613588403703618,False,False,1,False,7.756240427790795
625,SHORT,2025-03-20 09:15:00,4.0,86031.0,297.94230769230967,0.35,0.9,0.36,False,4.0,True,1.0828715570716387,Цена уже торгуется за PWL/PWH,False,16.433852707674312,True,False,3,False,inf
626,SHORT,2025-03-21 02:10:00,5.0,84651.0,205.00684210526367,0.24,0.6,0.27,False,5.0,True,0.9243184802802477,Свип не касался PWL/PWH,False,17.152305571315917,True,False,4,False,inf
627,LONG,2025-03-21 08:00:00,1.0,83922.6,314.126428571423,0.37,6.3,0.68,False,1.0,True,0.8406300301825315,Свип не касался PWL/PWH,False,4.415769810608639,True,False,4,False,inf
628,SHORT,2025-03-24 14:25:00,5.0,88334.2,462.17642857143323,0.52,0.6,0.97,True,5.0,True,1.139346195052706,Цена уже торгуется за PWL/PWH,True,6.090985662556138,True,False,0,False,inf
629,LONG,2025-03-26 19:30:00,4.0,86161.0,387.60798245614114,0.45,0.7,0.51,False,4.0,True,0.795431562855574,Свип не касался PWL/PWH,False,3.334993236746014,True,False,2,False,inf
630,SHORT,2025-03-30 10:15:00,5.0,83394.5,137.2439473684198,0.16,12.8,0.88,False,5.0,True,0.3576256407253665,Свип не касался PWL/PWH,False,12.748758932902936,True,False,6,False,inf
631,LONG,2025-03-30 17:15:00,1.0,82357.9,398.8999999999983,0.48,1.7,0.64,False,1.0,True,0.19358095651059132,Свип не касался PWL/PWH,False,12.774555026322453,True,False,6,False,inf
632,LONG,2025-04-05 07:45:00,2.0,83456.7,197.85000000000377,0.24,1.7,0.31,False,2.0,True,0.2627204208637538,Свип не касался PWL/PWH,False,25.490523123577997,False,True,5,False,inf
633,SHORT,2025-04-07 10:50:00,1.0,76997.6,591.7760526315803,0.77,1.4,0.98,False,1.0,True,-0.013769404124915804,Свип не касался PWL/PWH,False,4.206996868036406,False,True,0,False,inf
634,SHORT,2025-04-08 02:25:00,5.0,80434.9,437.6160526315786,0.54,1.2,0.81,False,5.0,True,0.2891786391354962,Свип не касался PWL/PWH,False,7.49759973444637,False,True,1,False,inf
635,SHORT,2025-04-11 21:25:00,2.0,83960.0,382.15000000000174,0.46,4.7,0.89,False,2.0,True,0.5998649764634233,Свип не касался PWL/PWH,True,17.810205416721097,False,True,4,False,inf
636,SHORT,2025-04-12 20:50:00,1.0,85480.0,447.1419230769192,0.52,0.6,0.58,False,1.0,True,0.733830887427211,Свип не касался PWL/PWH,True,18.620866374383095,False,True,5,False,inf
637,LONG,2025-04-13 14:05:00,4.0,83700.0,291.0260526315821,0.35,2.7,0.84,False,4.0,True,0.5769497548511964,Свип не касался PWL/PWH,False,8.246684371719208,False,True,6,False,inf
638,SHORT,2025-04-17 07:40:00,2.0,84763.4,322.52190476190736,0.38,2.5,0.68,False,2.0,True,0.8846963423050375,Свип не касался PWL/PWH,False,5.121388580472882,True,False,3,False,inf
639,LONG,2025-04-17 14:40:00,5.0,83945.0,286.8499999999955,0.34,1.1,0.53,False,5.0,True,0.814095928226363,Свип не касался PWL/PWH,False,7.512637266864333,True,False,3,False,inf
640,LONG,2025-04-18 04:25:00,1.0,84603.1,94.37604395604912,0.11,0.8,0.15,False,1.0,True,0.8708678398895795,Свип не касался PWL/PWH,False,15.861016601809458,True,False,4,False,inf
641,SHORT,2025-04-19 09:25:00,1.0,85305.9,136.79999999999876,0.16,1.5,0.19,False,1.0,True,0.9314958592132501,Свип не касался PWL/PWH,False,16.039912280701863,True,False,5,False,inf
642,LONG,2025-04-20 11:55:00,5.0,84072.2,214.15000000000097,0.25,1.6,0.43,False,5.0,True,0.8250690131124911,Свип не касался PWL/PWH,False,9.46906374036887,True,False,6,False,inf
643,SHORT,2025-04-20 20:50:00,1.0,85050.7,219.31210526314453,0.26,2.4,0.7,False,1.0,True,0.9094806763285022,Свип не касался PWL/PWH,False,8.8415548137363,True,False,6,False,inf
644,LONG,2025-04-21 11:40:00,5.0,86845.4,278.7039560439617,0.32,0.8,0.46,False,5.0,True,1.1031027127316977,Свип не касался PWL/PWH,False,3.4081324624260927,True,False,0,False,inf
645,SHORT,2025-04-21 14:40:00,5.0,88111.0,351.41000000000366,0.4,2.2,0.73,False,5.0,True,1.477011799880643,Цена уже торгуется за PWL/PWH,True,8.440966392532866,True,False,0,False,inf
646,SHORT,2025-04-25 00:05:00,-1.0,93699.9,328.0900000000035,0.35,0.9,0.41,False,-1.0,False,3.1281974013082086,Цена уже торгуется за PWL/PWH,False,26.075589015208962,True,False,4,False,inf
647,SHORT,2025-04-27 01:20:00,2.0,94708.0,620.1399999999974,0.65,3.6,0.98,True,2.0,True,3.426030643055089,Цена уже торгуется за PWL/PWH,False,15.421098461637769,True,False,6,False,inf
648,SHORT,2025-05-02 15:05:00,5.0,97569.5,344.83166666667876,0.35,0.9,0.62,False,5.0,True,1.170678621500611,Цена уже торгуется за PWL/PWH,True,13.831357328937804,True,False,4,False,inf
649,LONG,2025-05-03 12:35:00,1.0,96050.0,293.1017333333261,0.31,2.2,0.3,False,1.0,True,1.02750893220569,Свип не касался PWL/PWH,False,6.297062726343613,True,False,5,False,inf
650,SHORT,2025-05-08 11:00:00,2.0,99700.1,213.13201754386597,0.21,3.9,0.49,False,2.0,True,1.354108488187032,Цена уже торгуется за PWL/PWH,True,29.667527539350633,True,False,3,True,inf
651,LONG,2025-05-10 16:15:00,1.0,103244.89999999994,257.7200000000068,0.25,0.8,0.26,False,1.0,True,2.049757931734187,Свип не касался PWL/PWH,False,4.331832997051209,True,False,5,False,inf
652,LONG,2025-05-12 12:20:00,1.0,103899.99749999997,401.77499999999065,0.39,1.0,0.45,False,1.0,True,0.9065633461611657,Свип не касался PWL/PWH,True,2.699452429842732,True,False,0,False,inf
653,SHORT,2025-05-13 13:00:00,2.0,103587.49500000002,394.56357142857865,0.38,5.0,0.82,False,2.0,True,0.8796410445941759,Свип не касался PWL/PWH,False,7.271641904527366,True,False,1,False,inf
654,LONG,2025-05-15 06:10:00,-1.0,102504.99999999993,278.0400000000052,0.27,1.1,0.25,False,-1.0,False,0.7863833687843297,Свип не касался PWL/PWH,False,8.918033376492712,True,False,3,False,inf
655,LONG,2025-05-16 09:00:00,2.0,103428.89615384609,418.13269230769697,0.4,2.5,0.67,False,2.0,True,0.8659776468154903,Свип не касался PWL/PWH,False,3.7205267006702405,True,False,4,False,inf
656,LONG,2025-05-17 00:50:00,-1.0,103222.00384615372,237.41730769231685,0.23,0.5,0.26,False,-1.0,False,0.8481537346881142,Свип не касался PWL/PWH,False,7.4239160193430465,True,False,5,False,inf
657,LONG,2025-05-20 14:15:00,5.0,104546.10399999998,482.9569999999944,0.46,2.1,0.66,False,5.0,True,0.6442228815998269,Свип не касался PWL/PWH,False,4.376985942848011,True,False,1,False,inf
658,SHORT,2025-05-21 07:10:00,2.0,107586.09666666665,417.8733333333321,0.39,2.8,0.72,False,2.0,True,1.1558657584983665,Цена уже торгуется за PWL/PWH,True,13.36791850800083,True,False,2,False,inf
659,SHORT,2025-05-24 12:10:00,5.0,109055.40000000004,439.52000000000874,0.4,11.9,0.85,False,5.0,True,1.4031553630906057,Цена уже торгуется за PWL/PWH,False,16.05251183108823,True,False,5,False,inf
660,LONG,2025-05-25 10:00:00,1.0,107086.00199999993,486.32599999999763,0.45,1.5,0.46,False,1.0,True,1.0716978337594119,Свип не касался PWL/PWH,False,10.06320451713478,True,False,6,False,inf
661,SHORT,2025-05-27 13:30:00,5.0,110203.20000000007,552.1500000000235,0.5,0.9,0.76,False,5.0,True,0.8219639278557184,Свип не касался PWL/PWH,True,4.865761115638773,False,False,1,False,14.856832382504248
662,LONG,2025-05-30 18:05:00,1.0,104235.90249999995,637.5250000000029,0.61,1.9,0.83,False,1.0,True,0.2240383266533019,Свип не касался PWL/PWH,True,10.167597349123591,False,False,4,False,12.147127563624974
663,SHORT,2025-06-01 18:30:00,-1.0,104669.404,668.2430000000068,0.64,4.6,0.84,False,-1.0,False,0.2674753507014023,Свип не касался PWL/PWH,False,2.3956165646328893,False,False,6,False,3.9946606249522523
664,SHORT,2025-06-03 02:05:00,5.0,106323.40357142854,200.63642857143185,0.19,2.7,0.49,False,5.0,True,0.425501646710357,Свип не касался PWL/PWH,True,13.275373721478763,False,False,1,False,16.2226450829677
665,LONG,2025-06-03 08:45:00,5.0,104945.29285714285,175.3128571428593,0.17,0.9,0.23,False,5.0,True,0.24534350275416494,Свип не касался PWL/PWH,False,8.868186670360679,False,False,1,False,32.92803070429156
666,SHORT,2025-06-05 13:30:00,5.0,105476.69999999998,454.5400000000048,0.43,1.6,0.62,False,5.0,True,0.31481348332232784,Свип не касался PWL/PWH,False,3.9970519646234846,False,False,3,False,5.297993575922811
667,SHORT,2025-06-07 20:35:00,5.0,105788.59999999992,142.63999999999,0.13,20.6,0.56,False,5.0,True,0.3555876566288971,Свип не касался PWL/PWH,False,19.069335389793228,False,True,5,False,inf
668,LONG,2025-06-09 03:30:00,5.0,105480.40538461534,279.8253846153869,0.27,11.5,0.76,False,5.0,True,0.7953627041274759,Свип не касался PWL/PWH,True,1.7365279996042997,False,False,0,False,4.696731203250493
669,SHORT,2025-06-10 19:40:00,5.0,110145.29714285712,277.0828571428609,0.25,0.4,0.47,False,5.0,True,1.521708695467452,Цена уже торгуется за PWL/PWH,False,17.4205188752201,True,False,1,False,inf
670,LONG,2025-06-11 10:05:00,1.0,109250.00199999995,170.76599999999866,0.16,1.2,0.17,False,1.0,True,1.3823069533087968,Свип не касался PWL/PWH,False,7.496621107246518,True,False,2,False,inf
671,SHORT,2025-06-12 15:10:00,2.0,107594.20249999996,228.78499999999914,0.21,1.2,0.35,False,2.0,True,1.1244910399678558,Цена уже торгуется за PWL/PWH,False,9.947472517865982,True,False,3,False,inf
672,SHORT,2025-06-12 18:05:00,5.0,108088.69999999994,363.8999999999936,0.34,1.1,0.41,False,5.0,True,1.2014866693343993,Цена уже торгуется за PWL/PWH,False,7.612888156086815,True,False,3,False,inf
673,SHORT,2025-06-13 16:35:00,1.0,105511.5933333334,453.35333333333597,0.43,2.2,0.62,False,1.0,True,0.8002188171314816,Свип не касался PWL/PWH,False,6.280494978162835,True,False,4,False,inf
674,LONG,2025-06-14 20:25:00,5.0,104554.6015,381.3119999999945,0.36,15.6,0.88,True,5.0,True,0.6512106047418348,Свип не касался PWL/PWH,False,5.874634157855054,True,False,5,False,inf
675,SHORT,2025-06-15 06:10:00,2.0,105781.89999999994,370.5499999999964,0.35,0.9,0.44,False,2.0,True,0.842306859885921,Свип не касался PWL/PWH,False,8.41341249493987,True,False,6,False,inf
676,LONG,2025-06-15 21:15:00,5.0,104611.09999999995,263.4000000000007,0.25,1.5,0.39,False,5.0,True,0.6600076918166157,Свип не касался PWL/PWH,False,8.289939255884756,True,False,6,False,inf
677,SHORT,2025-06-16 22:35:00,5.0,108507.59999999999,446.85000000000923,0.41,3.6,0.46,False,5.0,True,0.7428672770682408,Свип не касался PWL/PWH,True,7.8935436947519815,False,False,0,False,13.076625265748849
678,LONG,2025-06-20 05:00:00,5.0,104256.30149999999,123.09199999999464,0.12,0.9,0.15,False,5.0,True,0.20239255466026462,Свип не касался PWL/PWH,False,38.15096431937268,False,False,4,False,50.968937867613526
679,SHORT,2025-06-20 08:40:00,5.0,106200.50499999999,338.9449999999986,0.32,6.4,0.93,False,5.0,True,0.44956241275588327,Свип не касался PWL/PWH,False,8.347917803773468,False,False,4,False,10.43294634822761
680,SHORT,2025-06-21 10:40:00,5.0,103866.79999999999,125.7700000000041,0.12,1.1,0.14,False,5.0,True,0.1528745744266985,Свип не касался PWL/PWH,False,9.561024091595383,False,True,5,False,inf
681,SHORT,2025-06-23 08:30:00,2.0,101724.29357142853,481.8764285714229,0.47,3.7,0.57,False,2.0,True,0.32776869599368,Свип не касался PWL/PWH,True,2.5526120359842666,False,False,0,False,7.313687415416216
682,SHORT,2025-06-25 19:30:00,1.0,107698.70642857134,218.33357142856016,0.2,1.0,0.35,False,1.0,True,0.8834050162449,Свип не касался PWL/PWH,False,37.03221806737548,False,False,2,False,43.505478183777
683,LONG,2025-06-26 14:00:00,1.0,107048.69999999994,360.8700000000018,0.34,5.5,0.68,False,1.0,True,0.8229526858239696,Свип не касался PWL/PWH,False,3.3911103721563225,False,False,3,False,5.275251475600787
684,LONG,2025-06-27 01:10:00,4.0,106774.1,482.0728571428615,0.45,0.5,0.42,False,4.0,True,0.7974141538896506,Свип не касался PWL/PWH,False,3.1081401447913457,False,False,4,False,4.518570103511282
685,SHORT,2025-06-28 08:00:00,2.0,107399.9999999999,112.1299999999896,0.1,2.8,0.14,False,2.0,True,0.8556245221987964,Свип не касался PWL/PWH,False,69.44323553019369,False,False,5,False,82.04762329439714
686,LONG,2025-06-28 14:10:00,5.0,107125.00000000006,138.71999999998962,0.13,2.2,0.14,False,5.0,True,0.8300487891983035,Свип не касался PWL/PWH,False,8.271698385236625,False,False,5,False,13.173154555940622
687,SHORT,2025-06-29 01:10:00,1.0,107357.50399999996,160.23300000000148,0.15,1.3,0.13,False,1.0,True,0.8516722809275671,Свип не касался PWL/PWH,False,48.330705909518535,False,False,6,False,57.1511736034392
688,SHORT,2025-06-29 10:40:00,-1.0,107976.10500000007,346.8364285714492,0.32,0.8,0.28,False,-1.0,False,0.9092038227815669,Свип не касался PWL/PWH,True,24.11158203434595,False,False,6,False,28.186500017503686
689,SHORT,2025-06-29 12:05:00,2.0,108238.10000000005,315.15000000001095,0.29,7.9,0.89,False,2.0,True,0.9335700561178125,Свип не касался PWL/PWH,True,27.36719022687529,False,False,6,False,31.851816595271142
690,LONG,2025-06-30 15:25:00,4.0,106854.59769230765,221.54461538461788,0.21,0.7,0.33,False,4.0,True,0.8122411229743967,Свип не касался PWL/PWH,True,7.555599150023705,True,False,0,False,9.468893225188284
691,LONG,2025-07-01 07:30:00,-1.0,106874.39000000013,370.2799999999776,0.35,3.2,0.39,False,-1.0,False,0.8144611936732704,Свип не касался PWL/PWH,True,4.467186993626363,True,False,1,False,5.611942313924598
692,SHORT,2025-07-02 17:25:00,2.0,109426.99538461535,318.2446153846181,0.29,7.8,0.83,False,2.0,True,1.100782753959302,Свип PWL/PWH — повторный (уже снимали на неделе),True,13.595847896392968,True,False,2,True,35.277880101904756
693,LONG,2025-07-04 05:05:00,1.0,109002.99599999998,152.85299999999825,0.14,0.5,0.13,False,1.0,True,1.0532234382518768,Свип не касался PWL/PWH,False,9.98465192047278,True,False,4,False,inf
694,SHORT,2025-07-06 18:25:00,-1.0,108656.89999999995,476.7400000000035,0.44,5.3,0.66,False,-1.0,False,1.014402417452494,Цена уже торгуется за PWL/PWH,False,7.460481604228557,True,False,6,False,inf
695,SHORT,2025-07-09 13:50:00,2.0,109357.39999999994,435.9699999999932,0.4,1.9,0.51,False,2.0,True,0.7841624316861775,Свип не касался PWL/PWH,True,4.421932701791314,False,False,2,False,9.764915017088331
696,LONG,2025-07-11 16:20:00,5.0,117125.00249999996,572.2049999999937,0.49,0.8,0.55,True,5.0,True,2.2149262570017587,Свип не касался PWL/PWH,False,3.049567025803788,True,False,4,False,inf
697,LONG,2025-07-16 02:50:00,5.0,117256.31000000001,297.7049999999982,0.25,0.8,0.33,False,5.0,True,0.8149269846903794,Свип не касался PWL/PWH,False,7.496313464671407,True,False,2,False,inf
698,SHORT,2025-07-16 10:30:00,2.0,118999.79999999999,359.75000000000904,0.3,4.5,0.68,False,2.0,True,0.9595138007186663,Свип не касался PWL/PWH,False,9.069854065322886,True,False,2,False,inf
699,LONG,2025-07-17 01:55:00,2.0,118110.99500000004,506.23357142856855,0.43,0.8,0.59,False,2.0,True,0.8858056148271407,Свип не касался PWL/PWH,False,2.720098147805793,True,False,3,False,inf
700,LONG,2025-07-17 12:40:00,5.0,117777.00000000001,422.90714285713915,0.36,0.7,0.34,False,5.0,True,0.8581075645834502,Свип не касался PWL/PWH,False,4.045805394632392,True,False,3,False,inf
701,LONG,2025-07-18 09:10:00,1.0,118800.99599999993,475.59299999999905,0.4,2.3,0.52,False,1.0,True,0.9430270773226636,Свип не касался PWL/PWH,False,1.44452084029848,True,False,4,False,inf
702,SHORT,2025-07-19 11:10:00,5.0,118349.19599999994,166.02700000000095,0.14,0.6,0.13,False,5.0,True,0.9055595131372772,Свип не касался PWL/PWH,False,15.734043258023844,True,False,5,False,inf
703,LONG,2025-07-19 15:05:00,1.0,117826.4039999999,269.90700000000317,0.23,0.9,0.24,False,1.0,True,0.8622046153603655,Свип не касался PWL/PWH,False,6.156179721163539,True,False,5,False,inf
704,SHORT,2025-07-20 16:05:00,5.0,118630.99599999997,285.02700000000647,0.24,3.9,0.5,False,5.0,True,0.9289290562701753,Свип не касался PWL/PWH,False,10.153690702985704,True,False,6,False,inf
705,SHORT,2025-07-21 07:35:00,5.0,119421.79999999999,358.66000000000514,0.3,3.4,0.93,False,5.0,True,0.4925598977687699,Свип не касался PWL/PWH,True,8.104611609881076,False,False,0,False,10.274019963196167
706,SHORT,2025-07-22 07:30:00,2.0,118300.00149999994,314.1779999999977,0.27,0.4,0.3,False,2.0,True,0.34260848700988916,Свип не касался PWL/PWH,False,6.913283234344722,False,False,1,False,8.158055306227554
707,SHORT,2025-07-24 03:35:00,5.0,119021.28999999994,303.7299999999971,0.26,5.7,0.69,False,5.0,True,0.43902350997448714,Свип не касался PWL/PWH,False,9.525861785137995,False,False,3,False,10.81345273762871
708,SHORT,2025-07-24 15:20:00,5.0,118913.90249999994,615.7349999999941,0.52,0.8,0.57,False,5.0,True,0.42466896490880185,Свип не касался PWL/PWH,False,4.524515416534654,False,False,3,False,5.159658781781076
709,LONG,2025-07-26 06:30:00,5.0,117325.59749999993,95.3449999999965,0.08,0.6,0.07,False,5.0,True,0.21235937859238668,Свип не касался PWL/PWH,False,30.648723058368866,False,True,5,False,inf
710,SHORT,2025-07-27 22:50:00,5.0,119541.39849999998,284.48200000000605,0.24,1.2,0.32,False,5.0,True,0.5085466937928724,Свип не касался PWL/PWH,False,13.373354025913422,False,True,6,False,inf
711,SHORT,2025-07-29 08:25:00,5.0,118814.69999999998,503.6300000000091,0.42,7.2,0.7,True,5.0,True,0.7405984824350509,Свип не касался PWL/PWH,False,2.754403033973269,False,False,1,False,8.124099040962424
712,SHORT,2025-07-31 01:30:00,-1.0,118204.09799999991,367.7559999999961,0.31,1.5,0.44,False,-1.0,False,0.630075081815269,Свип не касался PWL/PWH,False,6.547460816410719,False,False,3,False,9.465346588498745
713,SHORT,2025-07-31 07:40:00,5.0,118613.50249999994,355.9549999999961,0.3,1.5,0.27,False,5.0,True,0.7041802723797281,Свип не касался PWL/PWH,False,7.914687249792752,False,False,3,False,10.929309884676385
714,SHORT,2025-08-03 08:20:00,2.0,113726.20249999994,80.37500000000352,0.07,0.3,0.05,False,2.0,True,-0.18045655463524543,Свип не касался PWL/PWH,False,22.4721928460325,False,True,6,False,inf
715,SHORT,2025-08-03 11:35:00,1.0,113913.99999999996,343.09999999997825,0.3,1.0,0.3,False,1.0,True,-0.14646384198790277,Свип не касался PWL/PWH,False,5.811716700670599,False,True,6,False,inf
716,LONG,2025-08-04 06:40:00,4.0,114311.9,279.94,0.24,2.2,0.24,False,4.0,True,0.3035406091370551,Свип не касался PWL/PWH,False,2.4580267200114516,False,False,0,False,19.604558119597076
717,LONG,2025-08-05 08:20:00,1.0,114157.4,564.22,0.49,6.4,0.74,False,1.0,True,0.28393401015228353,Свип не касался PWL/PWH,True,2.7694870795080035,False,False,1,False,10.000708943319992
718,LONG,2025-08-05 14:55:00,5.0,112911.59285714276,385.49285714286316,0.34,3.1,0.62,False,5.0,True,0.1258366569978128,Свип не касался PWL/PWH,True,7.28523782171259,False,False,1,False,17.869091515499598
719,SHORT,2025-08-08 00:50:00,4.0,117343.69749999995,306.8950000000012,0.26,6.6,0.69,True,4.0,True,0.6882864847715674,Свип не касался PWL/PWH,True,15.294147835578727,False,False,4,False,17.67281154792333
720,LONG,2025-08-12 10:15:00,5.0,118250.89849999994,155.67799999999613,0.13,0.5,0.19,False,5.0,True,0.8408356114821609,Свип не касался PWL/PWH,False,6.810284690194436,True,False,1,False,inf
721,SHORT,2025-08-13 12:05:00,1.0,120468.69500000004,302.05357142858855,0.25,2.8,0.37,False,1.0,True,1.1737825977952676,Цена уже торгуется за PWL/PWH,False,8.007139225539126,True,False,2,False,inf
722,SHORT,2025-08-15 07:00:00,5.0,118917.20230769226,326.39269230769224,0.27,11.6,0.58,False,5.0,True,0.9408645567619005,Свип не касался PWL/PWH,False,5.3224301543326,True,False,4,False,inf
723,SHORT,2025-08-17 14:15:00,5.0,118235.8999999999,381.3799999999945,0.32,12.1,0.66,False,5.0,True,0.8385839597304212,Свип не касался PWL/PWH,False,3.7545492684459654,True,False,6,False,inf
724,LONG,2025-08-19 04:15:00,2.0,114739.29357142856,492.65357142857033,0.43,0.5,0.41,False,2.0,True,-0.2691908391998773,Цена уже торгуется за PWL/PWH,True,5.692552721051493,False,True,1,False,inf
725,SHORT,2025-08-26 05:55:00,1.0,110153.79999999999,221.45999999999958,0.2,2.5,0.32,False,1.0,True,-0.07666363139683287,Свип не касался PWL/PWH,False,6.71516300912123,False,True,1,False,inf
726,LONG,2025-08-27 08:55:00,5.0,110672.29769230763,420.5546153846191,0.38,2.1,0.51,False,5.0,True,-0.001122171945709727,Свип PWL/PWH — повторный (уже снимали на неделе),False,7.1215062161505385,False,True,2,False,inf
727,SHORT,2025-08-28 13:25:00,5.0,113099.30249999992,386.41499999999866,0.34,10.9,0.78,False,5.0,True,0.35247532325622555,Свип не касался PWL/PWH,False,6.260891787326906,False,True,3,False,inf
728,SHORT,2025-08-31 02:05:00,5.0,109336.99999999994,157.62000000000668,0.14,3.9,0.51,False,5.0,True,-0.1956656346749311,Свип не касался PWL/PWH,False,12.60563380281596,False,True,6,False,inf
729,LONG,2025-09-01 22:30:00,5.0,108049.99999999994,703.699999999999,0.65,1.4,0.68,False,5.0,True,0.11079310705092094,Свип не касался PWL/PWH,False,2.6465823504335013,False,True,0,False,inf
730,SHORT,2025-09-02 09:25:00,4.0,110275.5,479.85000000000457,0.44,8.6,0.75,False,4.0,True,0.46308637714929723,Свип не касался PWL/PWH,True,6.096488485985134,False,True,1,False,inf
731,SHORT,2025-09-02 15:35:00,1.0,110969.90349999994,828.0720000000098,0.75,2.2,0.94,False,1.0,True,0.5730093965978396,Свип не касался PWL/PWH,True,4.3713632389452775,False,True,1,False,inf
732,LONG,2025-09-04 08:05:00,1.0,110540.20384615382,358.11730769230564,0.32,5.2,0.55,False,1.0,True,0.5049885939855783,Свип не касался PWL/PWH,False,5.6826802562547885,False,True,3,False,inf
733,LONG,2025-09-04 16:00:00,5.0,109603.69500000004,389.2364285714219,0.36,6.3,0.77,False,5.0,True,0.35674066593005627,Свип не касался PWL/PWH,False,7.6343702230191095,False,True,3,False,inf
734,SHORT,2025-09-05 08:10:00,2.0,112749.99642857141,255.47357142856595,0.23,1.8,0.36,False,2.0,True,0.8547954037357506,Свип не касался PWL/PWH,True,21.136810349407476,False,True,4,False,inf
735,LONG,2025-09-07 00:40:00,5.0,110235.99500000005,440.9264285714239,0.4,11.7,0.7,True,5.0,True,0.45683279564616663,Свип не касался PWL/PWH,False,7.140930540728313,False,True,6,False,inf
736,SHORT,2025-09-07 23:45:00,1.0,111253.70000000003,361.580000000002,0.33,18.9,0.82,False,1.0,True,0.6179339515416729,Свип не касался PWL/PWH,False,10.795951103490236,False,True,6,False,inf
737,SHORT,2025-09-08 08:50:00,-1.0,111691.29599999994,241.1369999999969,0.22,0.4,0.2,False,-1.0,False,0.7237473122314184,Свип не касался PWL/PWH,True,4.435304412014576,False,False,0,False,18.39740894180487
738,LONG,2025-09-09 02:35:00,5.0,111312.99749999997,318.52499999999503,0.29,4.0,0.67,False,5.0,True,0.6620308436738284,Свип не касался PWL/PWH,False,5.058857232556477,False,False,1,False,6.503798759909141
739,LONG,2025-09-10 02:00:00,5.0,111083.30399999997,282.9269999999993,0.25,1.8,0.31,False,5.0,True,0.6245581292151843,Свип не касался PWL/PWH,False,7.811152700166561,False,False,2,False,8.133956815715809
740,SHORT,2025-09-14 22:15:00,4.0,115852.19642857138,255.8235714285667,0.22,3.2,0.38,False,4.0,True,1.4025659712300897,Цена уже торгуется за PWL/PWH,False,20.445404617579815,True,False,6,False,inf
741,LONG,2025-09-15 01:25:00,5.0,114923.00399999997,203.3869999999972,0.18,5.2,0.67,False,5.0,True,0.7116695483838892,Свип не касался PWL/PWH,False,1.7379970204587236,False,False,0,False,8.568030405090084
742,SHORT,2025-09-15 06:25:00,4.0,116364.99999999999,453.279999999999,0.39,1.2,0.44,True,4.0,True,0.950258527263248,Свип PWL/PWH — первое снятие за неделю,True,3.3974585245322735,True,False,0,True,12.670358277444404
743,SHORT,2025-09-16 06:20:00,5.0,115831.00249999994,194.98500000000874,0.17,4.4,0.36,False,5.0,True,0.8619046634181755,Свип не касался PWL/PWH,False,7.42109649460153,True,False,1,False,inf
744,LONG,2025-09-16 13:55:00,5.0,114999.99999999996,457.2999999999987,0.4,0.4,0.48,True,5.0,True,0.7244091100871056,Свип не касался PWL/PWH,False,3.642313579707092,True,False,1,False,inf
745,SHORT,2025-09-18 03:55:00,5.0,117549.79000000002,375.03000000000065,0.32,1.6,0.51,True,5.0,True,1.146290857648687,Свип PWL/PWH — повторный (уже снимали на неделе),True,8.44143135215854,True,False,3,True,inf
746,SHORT,2025-09-18 13:40:00,2.0,117416.99999999999,241.8000000000037,0.21,0.6,0.29,False,2.0,True,1.1243197630649304,Цена уже торгуется за PWL/PWH,False,12.543424317617614,True,False,3,False,inf
747,LONG,2025-09-18 23:50:00,-1.0,117024.99749999995,593.544999999995,0.51,1.6,0.55,False,-1.0,False,1.0594600296168748,Свип не касался PWL/PWH,False,1.474197407104859,True,False,3,False,inf
748,SHORT,2025-09-20 08:20:00,-1.0,115784.99799999998,206.36600000000655,0.18,1.7,0.23,False,-1.0,False,0.8542928762295513,Свип не касался PWL/PWH,False,6.788899334192325,True,False,5,False,inf
749,LONG,2025-09-21 09:40:00,1.0,115390.00384615376,170.6373076923096,0.15,0.3,0.13,False,1.0,True,0.7889381513693687,Свип не касался PWL/PWH,False,7.475657997056719,True,False,6,False,inf
750,SHORT,2025-09-21 12:45:00,5.0,115667.30384615375,94.45269230769028,0.08,0.6,0.03,False,5.0,True,0.8348195018330612,Свип не касался PWL/PWH,False,13.586736542916574,True,False,6,False,inf
751,LONG,2025-09-22 17:20:00,1.0,112365.50000000001,221.59999999999044,0.2,1.2,0.29,False,1.0,True,-0.5740898748577888,Цена уже торгуется за PWL/PWH,False,13.59995487364673,False,True,0,False,inf
752,LONG,2025-09-23 20:40:00,1.0,111744.30199999994,386.5059999999998,0.35,8.2,0.87,False,1.0,True,-0.750767349260541,Цена уже торгуется за PWL/PWH,True,9.404635374353992,False,True,1,False,inf
753,SHORT,2025-09-24 15:10:00,5.0,113480.00249999993,426.9249999999993,0.38,1.2,0.38,False,5.0,True,-0.2571096416382453,Свип не касался PWL/PWH,False,5.70906482403216,False,True,2,False,inf
754,SHORT,2025-09-26 18:40:00,2.0,109940.50249999992,364.6249999999951,0.33,1.6,0.46,True,2.0,True,-1.2637933731513324,Свип не касался PWL/PWH,False,3.6213438464173486,False,True,4,False,inf
755,SHORT,2025-09-27 22:40:00,1.0,109593.89799999996,114.12600000000303,0.1,1.3,0.19,False,1.0,True,-1.3623725824801032,Свип не касался PWL/PWH,False,8.532919755357451,False,True,5,False,inf
756,SHORT,2025-09-28 00:35:00,2.0,109605.30249999998,199.47500000000915,0.18,3.2,0.28,False,2.0,True,-1.3591289817975039,Свип не касался PWL/PWH,False,4.939127710238997,False,True,6,False,inf
757,SHORT,2025-09-29 12:35:00,1.0,112198.99500000007,349.4435714285797,0.31,0.4,0.27,False,1.0,True,0.5294910033465694,Свип не касался PWL/PWH,True,1.8267470120867306,False,False,0,False,10.241782343766861
758,SHORT,2025-09-29 15:20:00,1.0,113864.00461538458,381.0953846153843,0.33,2.8,0.53,False,1.0,True,0.7758240815283177,Свип не касался PWL/PWH,True,6.04403702686983,False,False,0,False,13.760163011884659
759,SHORT,2025-09-29 20:55:00,1.0,114204.8959999999,229.4869999999982,0.2,1.5,0.21,False,1.0,True,0.826257918859966,Свип не касался PWL/PWH,True,11.522421749379845,False,False,0,False,24.33613232993565
760,SHORT,2025-10-02 14:35:00,2.0,119379.70199999996,427.37400000000514,0.36,2.6,0.72,False,2.0,True,1.5918546332543246,Цена уже торгуется за PWL/PWH,True,18.29557249622081,True,False,3,False,inf
761,SHORT,2025-10-02 19:50:00,2.0,120615.69999999998,443.8000000000017,0.37,2.8,0.59,False,2.0,True,1.774716755582776,Цена уже торгуется за PWL/PWH,True,20.403447498873263,True,False,3,False,inf
762,LONG,2025-10-07 08:25:00,5.0,123465.99999999997,266.0299999999959,0.22,2.9,0.64,False,5.0,True,0.8415001092044876,Свип не касался PWL/PWH,False,8.429199714318168,True,False,1,False,inf
763,SHORT,2025-10-08 11:15:00,5.0,122968.39749999995,243.17499999999694,0.2,5.2,0.73,False,5.0,True,0.8063283118116813,Свип не касался PWL/PWH,False,9.842531099002677,True,False,2,False,inf
764,SHORT,2025-10-08 18:00:00,5.0,123882.98999999996,349.6799999999863,0.28,2.0,0.7,False,5.0,True,0.8709740121588041,Свип не касался PWL/PWH,False,9.46022077327868,True,False,2,False,inf
765,LONG,2025-10-09 03:15:00,-1.0,121803.50249999999,452.4049999999933,0.37,0.8,0.39,False,-1.0,False,0.7239906006388279,Свип не касался PWL/PWH,False,8.63146406427884,True,False,3,False,inf
766,LONG,2025-10-09 17:20:00,2.0,120243.102,730.0859999999939,0.61,1.0,0.78,False,2.0,True,0.6136975650579563,Свип не касался PWL/PWH,True,7.48585509104413,True,False,3,False,inf
767,LONG,2025-10-15 04:15:00,2.0,112065.00199999996,428.04600000000244,0.38,1.5,0.51,False,2.0,True,0.41591553259285213,Свип не касался PWL/PWH,False,9.108385547347742,False,False,2,False,33.02128275932951
768,SHORT,2025-10-17 01:30:00,1.0,108738.10249999996,366.42500000000643,0.34,1.5,0.55,False,1.0,True,0.27843824471696316,Свип не касался PWL/PWH,False,3.5780923790678623,False,False,4,False,18.388763048372372
769,LONG,2025-10-20 00:55:00,5.0,107907.50399999991,583.9870000000078,0.54,2.2,0.74,False,5.0,True,0.3521567952600455,Свип не касался PWL/PWH,False,1.259045149977792,False,False,0,False,13.795351608854267
770,SHORT,2025-10-24 07:10:00,2.0,111290.79999999996,263.7500000000031,0.24,3.4,0.59,False,2.0,True,0.6242225935581583,Свип не касался PWL/PWH,False,17.532170616113373,False,False,4,False,29.431545023696195
771,LONG,2025-10-26 04:10:00,5.0,111276.10000000005,131.69999999999374,0.12,0.7,0.08,False,5.0,True,0.6230405015286824,Свип не касался PWL/PWH,False,20.682611996963402,False,False,6,False,35.59384965831565
772,SHORT,2025-11-02 12:25:00,5.0,110981.7,289.91,0.26,8.8,0.89,False,5.0,True,0.49033591625559164,Свип не касался PWL/PWH,False,14.883963988824098,True,True,6,False,30.980994101617732
773,LONG,2025-11-02 16:55:00,-1.0,110029.9999999999,423.63000000000153,0.39,1.2,0.41,False,-1.0,False,0.38218954081254614,Свип не касался PWL/PWH,False,12.833840851686814,True,True,6,False,38.169227863937984
774,LONG,2025-11-06 01:30:00,4.0,102904.79769230762,271.4426923076958,0.26,0.6,0.54,False,4.0,True,-0.33673304248482766,Цена уже торгуется за PWL/PWH,False,28.901873323594195,False,True,3,False,inf
775,SHORT,2025-11-07 17:40:00,-1.0,102188.00230769224,551.3446153846184,0.54,0.5,0.65,False,-1.0,False,-0.40773339160666644,Свип не касался PWL/PWH,False,5.883148610111064,False,True,4,False,inf
776,SHORT,2025-11-09 21:10:00,-1.0,104407.99500000004,681.0164285714434,0.65,3.4,0.82,False,-1.0,False,-0.18783764508709255,Свип не касался PWL/PWH,False,8.022765341301696,False,True,6,False,inf
777,SHORT,2025-11-15 03:30:00,5.0,96565.7,282.699999999995,0.29,5.8,0.94,False,5.0,True,-0.20148505290691598,Свип не касался PWL/PWH,False,9.031659002476284,False,True,5,False,inf
778,LONG,2025-11-24 10:35:00,2.0,85840.6,229.32807017543948,0.27,4.2,0.86,False,2.0,True,0.33935116233892415,Свип не касался PWL/PWH,True,9.675396467177132,False,False,0,False,44.488230299042776
779,SHORT,2025-11-25 17:55:00,2.0,87595.6,563.458070175437,0.64,1.8,0.97,False,2.0,True,0.4529948844136506,Свип не касался PWL/PWH,False,4.123820605278642,False,False,1,False,12.415475738632818
780,LONG,2025-11-26 12:35:00,5.0,86508.40000000002,290.6299999999937,0.34,0.6,0.32,False,5.0,True,0.38259405555915454,Свип не касался PWL/PWH,False,9.357602449850448,False,False,2,False,32.806661390772405
781,SHORT,2025-11-27 09:45:00,4.0,91667.4,310.4660526315781,0.34,1.3,0.45,False,4.0,True,0.7166612704785336,Свип не касался PWL/PWH,False,20.599353603368826,False,False,3,False,35.64769773116994
782,LONG,2025-11-27 13:35:00,5.0,90710.0,344.6060526315855,0.38,0.8,0.48,False,5.0,True,0.654665544259535,Свип не касался PWL/PWH,False,3.598311725898994,False,False,3,False,15.475642285660754
783,SHORT,2025-11-29 16:45:00,2.0,90867.2,308.3639473684182,0.34,2.0,0.4,False,2.0,True,0.664844913553066,Свип не касался PWL/PWH,False,18.14479302055089,False,False,5,False,33.29572113608095
784,LONG,2025-12-01 05:25:00,2.0,85855.0,334.082017543862,0.39,1.9,0.58,False,2.0,True,0.07455242966751918,Свип не касался PWL/PWH,True,13.655329411440261,False,False,0,False,21.662345232484256
785,LONG,2025-12-04 19:25:00,2.0,91233.4,456.31000000000205,0.5,0.5,0.89,False,2.0,True,0.7623273657288995,Свип не касался PWL/PWH,False,4.0731081939909215,True,True,3,False,10.540202932217099
786,SHORT,2025-12-06 03:25:00,1.0,89557.5,245.3800000000028,0.27,5.4,0.32,False,1.0,True,0.5480179028132992,Свип не касался PWL/PWH,False,17.464748553264126,True,True,5,False,36.50460510228991
787,LONG,2025-12-06 23:35:00,2.0,89075.1,249.43605263157747,0.28,0.8,0.29,False,2.0,True,0.48632992327365804,Свип не касался PWL/PWH,False,16.10392706916768,True,True,5,False,27.934614609587875
788,SHORT,2025-12-09 17:10:00,5.0,94320.6,281.67833333333726,0.3,0.7,0.55,False,5.0,True,1.0165194185474538,Свип PWL/PWH — первое снятие за неделю,True,17.113847355434764,True,False,1,True,37.268894187814226
789,LONG,2025-12-10 16:10:00,4.0,92065.7,591.4600000000056,0.64,5.8,0.9,False,4.0,True,0.7981745364686013,Свип не касался PWL/PWH,False,3.523991478713663,True,False,2,False,6.724546038616246
790,SHORT,2025-12-15 23:15:00,5.0,86300.0,180.31798245613552,0.21,0.4,0.19,False,5.0,True,-0.18217732538653633,Свип не касался PWL/PWH,False,6.396256126482388,False,True,0,False,31.61082395865089
791,LONG,2025-12-17 02:40:00,1.0,87324.9,218.47394736843157,0.25,0.8,0.25,False,1.0,True,-0.03600589306623513,Свип PWL/PWH — повторный (уже снимали на неделе),False,12.485424614038674,False,True,2,False,39.90452914414512
792,LONG,2025-12-17 19:15:00,5.0,85715.3,496.63000000000864,0.58,1.2,0.92,False,5.0,True,-0.2655673502452349,Цена уже торгуется за PWL/PWH,False,9.364214807804446,False,True,2,False,20.795562088475965
793,SHORT,2025-12-21 10:10:00,4.0,88809.0,285.52394736841734,0.32,4.4,0.7,False,4.0,True,0.1756567303180571,Свип не касался PWL/PWH,False,4.31361366131153,False,True,6,False,28.750653231225332
794,LONG,2025-12-21 14:05:00,5.0,87825.0,320.2739473684111,0.36,1.4,0.53,False,5.0,True,0.03531846375236561,Свип не касался PWL/PWH,False,7.933364611381475,False,True,6,False,25.659283458816073
795,SHORT,2025-12-22 00:20:00,1.0,88940.10000000002,704.7000000000008,0.79,0.3,0.8,False,1.0,True,0.7589944961324203,Свип не касался PWL/PWH,False,0.39909181211865963,False,False,0,False,6.371633319142926
796,LONG,2025-12-25 11:00:00,5.0,87410.2,234.80999999999764,0.27,5.9,0.45,False,5.0,True,0.5003837155839232,Свип не касался PWL/PWH,False,12.587411098334988,True,False,3,False,36.76504407819126
797,SHORT,2025-12-25 16:55:00,2.0,88047.3,590.996842105259,0.67,5.1,0.84,False,2.0,True,0.6080776356358525,Свип не касался PWL/PWH,False,2.7534834098321186,True,False,3,False,12.601251765527383
798,SHORT,2025-12-26 03:35:00,-1.0,88700.0,776.7160526315776,0.88,1.8,0.95,False,-1.0,False,0.718408543841618,Свип не касался PWL/PWH,False,2.9354356618164044,True,False,4,False,10.428521430137225
799,SHORT,2025-12-29 05:25:00,5.0,90056.9,361.6868421052604,0.4,3.8,0.91,False,5.0,True,0.8725286272590519,Свип не касался PWL/PWH,True,6.203515690368994,False,False,0,False,10.055383764669992
800,LONG,2025-12-29 12:20:00,5.0,87001.1,284.4800000000017,0.33,0.4,0.51,False,5.0,True,0.13941169273288814,Свип не касался PWL/PWH,True,11.96913667041611,False,False,0,False,12.609427727783915
801,SHORT,2025-12-31 03:15:00,2.0,88659.0,165.39000000000573,0.19,2.2,0.28,False,2.0,True,0.537158458146504,Свип не касался PWL/PWH,False,11.200798113549403,False,False,2,False,13.537698772597633
802,SHORT,2025-12-31 10:30:00,-1.0,88697.79884615385,196.62423076922803,0.22,0.5,0.18,False,-1.0,False,0.5464666887752956,Свип не касался PWL/PWH,False,9.618849308423277,False,False,2,False,11.584527691438154
803,SHORT,2026-01-02 00:00:00,2.0,88726.3,199.53999999999772,0.22,4.4,0.54,False,2.0,True,0.5533044001890504,Свип не касался PWL/PWH,False,9.621128595770395,False,False,4,False,11.55808359226235
804,SHORT,2026-01-02 11:05:00,2.0,89523.7,421.25000000000153,0.47,1.8,0.61,False,2.0,True,0.7446086228447087,Свип не касался PWL/PWH,False,6.450326409495519,False,False,4,False,7.367833827893142
805,SHORT,2026-01-04 06:35:00,1.0,91450.0,375.5899999999983,0.41,19.1,0.92,False,1.0,True,1.2067472284398906,Цена уже торгуется за PWL/PWH,True,12.363215208072688,True,False,6,False,28.88788306397947
806,SHORT,2026-01-12 03:30:00,5.0,92288.0,246.2439473684182,0.27,1.0,0.53,False,5.0,True,0.5434385770196856,Свип не касался PWL/PWH,True,6.447711779183559,False,False,0,False,12.089637255310718
807,SHORT,2026-01-13 05:30:00,1.0,92033.00000000003,235.11000000000834,0.26,0.3,0.22,False,1.0,True,0.4968894211110514,Свип не касался PWL/PWH,False,8.100718812470586,False,False,1,False,11.577559440261718
808,LONG,2026-01-16 11:30:00,2.0,95336.6,173.70604395605469,0.18,2.0,0.23,False,2.0,True,1.0999474268356804,Свип не касался PWL/PWH,False,14.898099922502992,True,False,4,False,inf
809,LONG,2026-01-18 13:40:00,2.0,94961.0,158.0260526315763,0.17,0.7,0.19,False,2.0,True,1.031383258367895,Свип не касался PWL/PWH,False,18.753173610614187,True,False,6,False,inf
810,LONG,2026-01-20 15:20:00,-1.0,90417.1,643.0100000000023,0.71,0.8,0.89,False,-1.0,False,0.037026442878124614,Свип PWL/PWH — первое снятие за неделю,True,5.063747064586837,False,True,1,True,11.675386074866601
811,LONG,2026-01-21 12:55:00,2.0,88679.1,613.4539473684221,0.69,1.8,0.91,False,2.0,True,-0.18590696570699214,Цена уже торгуется за PWL/PWH,False,8.140855595474264,False,True,2,False,inf
812,SHORT,2026-01-21 15:25:00,5.0,90171.00000000001,473.8000000000033,0.53,0.4,0.57,False,5.0,True,0.005459174838541596,Свип не касался PWL/PWH,False,0.08982693119462205,False,True,2,False,inf
813,LONG,2026-01-23 11:15:00,1.0,89191.9,413.0120175438527,0.46,4.8,0.6,False,1.0,True,-0.1201300658666899,Цена уже торгуется за PWL/PWH,False,10.850144329091336,False,True,4,False,inf
814,LONG,2026-01-25 04:05:00,-1.0,88987.8,232.1999999999955,0.26,1.4,0.25,False,-1.0,False,-0.14630999031560843,Цена уже торгуется за PWL/PWH,False,20.17803617571097,False,True,6,False,inf
815,LONG,2026-01-25 09:20:00,1.0,88360.0,320.04201754385906,0.36,1.8,0.43,False,1.0,True,-0.22683794998749388,Цена уже торгуется за PWL/PWH,False,16.601382658362596,False,True,6,False,inf
816,LONG,2026-01-27 11:30:00,1.0,87951.0,287.7528571428483,0.33,5.9,0.6,False,1.0,True,0.2469302828745975,Свип не касался PWL/PWH,False,3.6802414770612817,False,False,1,False,19.885606199765288
817,SHORT,2026-01-28 04:10:00,-1.0,88917.2,626.5500000000001,0.7,8.1,0.75,False,-1.0,False,0.37408829730391274,Свип не касался PWL/PWH,False,3.842582395658754,False,False,2,False,4.536716941983873
818,SHORT,2026-01-30 20:00:00,5.0,84180.0,461.30000000000825,0.55,1.8,0.98,False,5.0,True,-0.24935710318724177,Свип не касался PWL/PWH,False,6.637762844136018,False,True,4,False,inf
819,LONG,2026-02-01 14:40:00,1.0,77777.7,610.003157894734,0.78,0.4,0.89,False,1.0,True,-1.0919401665083013,Цена уже торгуется за PWL/PWH,False,21.020055116194495,False,True,6,False,inf
820,LONG,2026-02-07 23:30:00,5.0,69091.6,391.3680701754383,0.57,0.8,0.7,False,5.0,True,-0.44351677852348953,Цена уже торгуется за PWL/PWH,False,26.23719404446302,False,True,5,False,inf
821,LONG,2026-02-09 12:00:00,-1.0,68922.0,582.2863999999955,0.84,1.8,0.99,False,-1.0,False,0.46084710743801655,Свип не касался PWL/PWH,True,4.347568481764331,False,False,0,False,17.925886642724404
822,SHORT,2026-02-13 00:15:00,1.0,66280.2,251.45000000000138,0.38,1.8,0.62,False,1.0,True,0.32439049586776847,Свип не касался PWL/PWH,False,4.621992443825773,False,False,4,False,24.975939550606334
823,SHORT,2026-02-13 13:55:00,1.0,67250.0,383.7999999999974,0.57,0.8,0.6,False,1.0,True,0.3744834710743802,Свип не касался PWL/PWH,False,5.5549765502866455,False,False,4,False,18.890046899426913
824,SHORT,2026-02-13 15:40:00,1.0,68888.0,436.1439473684198,0.63,0.3,0.68,False,1.0,True,0.4590909090909091,Свип не касался PWL/PWH,False,8.64393515660875,False,False,4,False,20.378593016429328
825,SHORT,2026-02-14 12:15:00,4.0,70313.3,279.6787719298192,0.4,1.7,0.86,False,4.0,True,0.5327117768595043,Свип не касался PWL/PWH,False,18.575953992331165,False,False,5,False,36.87551947127383
826,SHORT,2026-02-15 08:10:00,5.0,70790.1,183.8700000000001,0.26,1.2,0.54,False,5.0,True,0.5573398760330581,Свип не касался PWL/PWH,False,30.84842551802906,False,False,6,False,58.68330885952032
827,LONG,2026-02-17 15:40:00,4.0,66911.7,356.9935714285649,0.53,1.2,0.98,False,4.0,True,0.2831175923719085,Свип не касался PWL/PWH,True,9.005680374396665,False,False,1,False,12.72244198074819
828,SHORT,2026-02-19 08:05:00,5.0,67080.3,252.7500000000026,0.38,2.0,0.38,False,5.0,True,0.3097294149029368,Свип не касался PWL/PWH,False,4.7885262116715746,False,False,3,False,7.763798219584502
829,SHORT,2026-02-20 10:20:00,5.0,68128.0,189.84201754386336,0.28,1.9,0.42,False,5.0,True,0.47509837377456987,Свип не касался PWL/PWH,False,13.148669784987158,False,False,4,False,15.855288723448874
830,SHORT,2026-02-21 09:50:00,1.0,68126.8,187.33999999999577,0.27,2.5,0.3,False,1.0,True,0.4749089657850256,Свип не касался PWL/PWH,False,13.317871250133754,False,False,5,False,16.06063841144481
831,LONG,2026-02-22 01:00:00,1.0,67935.0,205.1820175438589,0.3,3.2,0.51,False,1.0,True,0.44463525545613397,Свип не касался PWL/PWH,False,10.681589089704294,False,False,6,False,17.148335132477637
832,LONG,2026-02-22 15:25:00,-1.0,67553.3,311.9379824561445,0.46,2.1,0.64,False,-1.0,False,0.3843877307817978,Свип не касался PWL/PWH,False,8.24962058078896,False,False,6,False,12.503222497274217
833,LONG,2026-03-01 13:50:00,2.0,66382.6,315.64999999999833,0.48,5.1,0.98,False,2.0,True,0.1670293047138507,Свип не касался PWL/PWH,False,11.424774275304975,False,True,6,False,41.113258355774
834,LONG,2026-03-01 20:50:00,5.0,65266.8,269.0160439560538,0.41,2.0,0.99,False,5.0,True,-0.08121089960932962,Свип PWL/PWH — повторный (уже снимали на неделе),False,17.552967958934765,False,True,6,False,52.387953494336
835,LONG,2026-03-06 18:00:00,1.0,68007.0,328.55605263157554,0.48,0.7,0.6,False,1.0,True,0.7349980945504141,Свип не касался PWL/PWH,False,6.031938794389874,True,False,4,False,34.554225706901285
836,LONG,2026-03-07 07:20:00,2.0,67650.0,272.7060526315811,0.4,0.8,0.44,False,2.0,True,0.6872615680847222,Свип не касался PWL/PWH,False,8.576377302339164,True,False,5,False,42.94000770059883
837,LONG,2026-03-07 20:00:00,1.0,67133.5,316.82605263158035,0.47,1.5,0.74,False,1.0,True,0.6181973778339384,Свип не касался PWL/PWH,False,9.012295473441727,True,False,5,False,38.59057643285897
838,SHORT,2026-03-08 07:45:00,-1.0,67237.99868421054,225.71394736842274,0.34,1.2,0.31,False,-1.0,False,0.632170498854797,Свип не касался PWL/PWH,False,8.766798451230201,True,False,6,False,32.067130846798236
839,SHORT,2026-03-08 10:35:00,5.0,67947.60109890107,258.08604395603885,0.38,0.6,0.38,False,5.0,True,0.7270555253225649,Свип не касался PWL/PWH,False,10.416646548152743,True,False,6,False,30.794385380461815
840,LONG,2026-03-11 12:10:00,5.0,69098.0,199.56684210526308,0.29,0.5,0.36,False,5.0,True,0.43668316499427245,Свип не касался PWL/PWH,False,13.424073717551439,False,False,2,False,24.813741339796465
841,LONG,2026-03-12 05:30:00,5.0,69302.7,187.27394736842123,0.27,5.3,0.67,False,5.0,True,0.45996889926843865,Свип не касался PWL/PWH,False,13.212195474965611,False,False,3,False,25.34949504033634
842,SHORT,2026-03-12 09:15:00,-1.0,69692.1,422.0399999999984,0.61,1.8,0.63,False,-1.0,False,0.5042652594362971,Свип не касался PWL/PWH,False,9.170054971092833,False,False,3,False,10.503483082172362
843,LONG,2026-03-19 07:30:00,1.0,69907.1,520.7099999999987,0.74,0.5,0.79,False,1.0,True,0.5048499895572912,Свип не касался PWL/PWH,True,7.694570874383072,True,False,3,False,18.153866835666722
844,SHORT,2026-03-20 04:30:00,2.0,70760.8,219.57190476190905,0.31,2.7,0.54,False,2.0,True,0.6103522467890213,Свип не касался PWL/PWH,False,8.960390456754405,True,False,4,False,49.00809150272839
845,LONG,2026-03-22 12:15:00,1.0,68400.0,404.0139473684248,0.59,1.0,0.69,False,1.0,True,0.31859902098057624,Свип не касался PWL/PWH,True,13.64740013535217,True,False,6,False,27.12777633393298
846,SHORT,2026-03-23 06:10:00,4.0,68653.2,253.63605263157731,0.37,1.4,0.46,False,4.0,True,0.14961096565246815,Свип не касался PWL/PWH,True,4.762808707462148,False,False,0,False,5.096042090977859
847,SHORT,2026-03-24 08:15:00,4.0,70957.8,455.38809523810113,0.64,6.1,0.92,False,4.0,True,0.41636745399532843,Свип не касался PWL/PWH,False,7.713464705666988,False,False,1,False,7.899064638743407
848,LONG,2026-03-25 15:20:00,2.0,70851.1,354.96605263158017,0.5,1.4,0.78,False,2.0,True,0.4040169735188109,Свип не касался PWL/PWH,False,3.310147523373213,False,False,2,False,14.50533075438638
849,LONG,2026-03-26 13:40:00,1.0,69480.0,387.363157894739,0.56,4.4,0.85,False,1.0,True,0.24531272064764176,Свип не касался PWL/PWH,False,6.572875990162864,False,False,3,False,16.831750431391637
850,LONG,2026-03-26 15:45:00,-1.0,69050.09894736842,530.9768421052644,0.77,0.8,0.88,False,-1.0,False,0.19555185319346313,Свип не касался PWL/PWH,False,5.604747357402829,False,False,3,False,13.08889673055419
851,SHORT,2026-04-06 09:35:00,1.0,69769.2,518.8268421052629,0.74,2.9,0.96,False,1.0,True,1.127630715866009,Свип PWL/PWH — повторный (уже снимали на неделе),True,1.9131431133599937,True,False,0,False,9.19227690812572
852,LONG,2026-04-07 11:35:00,-1.0,68359.59894736843,360.6168421052617,0.53,0.9,0.54,False,-1.0,False,0.7358441491568458,Свип не касался PWL/PWH,True,2.6354871477526634,True,False,1,False,10.167276245964521
853,LONG,2026-04-08 15:00:00,2.0,70900.9,264.6364285714235,0.37,1.2,0.72,False,2.0,True,1.4421770598241164,Свип не касался PWL/PWH,False,7.391650539419475,True,False,2,False,31.96498700373352
854,LONG,2026-04-11 23:15:00,-1.0,73048.5,223.73000000000383,0.31,0.4,0.4,False,-1.0,False,2.0390841273194202,Свип не касался PWL/PWH,False,3.3142627273945706,True,False,5,False,28.210342823939087
855,LONG,2026-04-12 16:00:00,1.0,70879.3,348.0828571428498,0.49,7.9,0.97,False,1.0,True,1.4361735244088187,Свип не касался PWL/PWH,False,8.362089486083121,True,False,6,False,24.364026627486574
856,SHORT,2026-04-15 01:35:00,4.0,74550.0,226.57000000000107,0.3,2.5,0.54,False,4.0,True,1.1254541522848336,Цена уже торгуется за PWL/PWH,False,17.579600123582008,True,False,2,False,64.21856379926703
857,LONG,2026-04-15 08:10:00,4.0,73810.0,397.7239473684221,0.54,6.6,0.91,True,4.0,True,1.003301425060127,Свип не касался PWL/PWH,False,5.601875408161293,True,False,2,False,13.95440238568006
858,LONG,2026-04-24 05:30:00,1.0,77610.5,247.6999999999976,0.32,2.7,0.64,False,1.0,True,0.9069663829946136,Свип не касался PWL/PWH,False,2.916834880904348,True,False,4,False,inf
859,LONG,2026-04-25 21:00:00,5.0,77455.2,393.75000000000006,0.51,6.8,0.52,True,5.0,True,0.8869689840729018,Свип не касался PWL/PWH,False,2.2293333333333405,True,False,5,False,inf
860,LONG,2026-04-26 04:05:00,5.0,77370.1,128.74000000000228,0.17,0.8,0.15,False,5.0,True,0.8760109760353135,Свип не касался PWL/PWH,False,7.47941587696114,True,False,6,False,inf
861,SHORT,2026-04-26 08:40:00,1.0,78050.5,171.39201754385797,0.22,7.7,0.43,False,1.0,True,0.9636235338352641,Свип не касался PWL/PWH,False,25.241490601468424,True,False,6,False,inf
862,LONG,2026-04-27 19:40:00,2.0,76718.5,356.69999999999635,0.46,8.2,0.91,False,2.0,True,0.5208636672807384,Свип не касался PWL/PWH,True,7.721670871881231,True,False,0,False,inf
863,LONG,2026-04-29 17:20:00,-1.0,76000.0,384.83,0.51,1.8,0.5,False,-1.0,False,0.39587475711097286,Свип не касался PWL/PWH,False,9.024296442585056,True,False,2,False,inf
